candidate_rank	word	hkcancor_count	hkcancor_ppm	hkcancor_top_pos	hkcancor_pos_counts	hkcancor_proper_like_share	hkcancor_jyutping_counts	cantomap_count	cantomap_ppm	cantomap_top_pos	cantomap_pos_counts	cantomap_jyutping_counts	combined_equal_corpus_ppm	attested_both_spoken_corpora	cross_corpus_balance	dominant_corpus	cifu_top2000	cifu_rank	cifu_spoken_adult	cifu_candidate_jyutping	known_invalid_atomic	initial_curation_signal	final_curation_status	curation_note
1	係	5019	40805.541554	v	v:5018|x:1	0.000000	hai6:5019	5847	60374.202342	v	v:5847	hai6:5847	50589.871948	true	0.675877	cantomap	true	1	15318	hai6	false	general_lexicality_review	unreviewed	
2	個	1478	12016.455552	q	q:1475|y:3	0.000000	go3:1478	4840	49976.250955	q	q:4840	go3:4840	30996.353254	true	0.240443	cantomap	true	8	6118	go3	false	general_lexicality_review	unreviewed	
3	嘅	1765	14349.826826	u	u:1578|y:178|y1:6|q:2|e:1	0.000000	ge3:1765	3829	39536.996882	u	u:3810|y:17|q:1|c:1	ge3:3820|ge6:7|ge1:1|ge4:1	26943.411854	true	0.362947	cantomap	true	3	7809	ge3	false	general_lexicality_review	unreviewed	
4	啊	4110	33415.177483	y	y:3596|y1:429|e:83|u:1|c:1	0.000000	aa3:4110	1674	17285.174401	y	y:1528|y1:88|e:58	aa3:1334|a3:314|jaa3:21|jaak3:3|jaa2:1|jat6:1	25350.175942	true	0.517285	hkcancor	true	14	3973	aa3|aa1|aa2	false	general_lexicality_review	unreviewed	
5	呢	2734	22228.003707	y1	y1:2168|y:563|x:1|n1:1|c:1	0.000000	ne1:2734	2405	24833.240402	y1	y1:2363|y:42	le1:1729|ne1:669|le3:5|le6:1|lek6:1	23530.622055	true	0.895091	cantomap	true	2	8009	ne1|ni1|nei1	false	general_lexicality_review	unreviewed	
6	就	1822	14813.248996	d	d:1808|v:8|c:5|u:1	0.000000	zau6:1822	2512	25938.087273	d	d:2512	zau6:2512	20375.668134	true	0.571100	cantomap	true	6	6377	zau6	false	general_lexicality_review	unreviewed	
7	你	2570	20894.648693	r	r:2570	0.000000	nei5:2570	1761	18183.507837	r	r:1761	nei5:1761	19539.078265	true	0.870247	hkcancor	true	5	6947	nei5	false	general_lexicality_review	unreviewed	
8	唔	2007	16317.338493	d	d:2001|l1:2|e:2|r:1|m:1	0.000000	m4:2007	1650	17037.358280	d	d:1650	m6:703|m4:680|m3:150|em6:58|m1:27|m2:21|em3:6|em4:2	16677.348387	true	0.957739	cantomap	true	7	6375	m4	false	general_lexicality_review	unreviewed	
9	我	2755	22398.738191	r	r:2755	0.000000	ngo5:2755	1015	10480.556760	r	r:1015	ngo5:1015	16439.647476	true	0.467908	hkcancor	true	4	7173	ngo5	false	general_lexicality_review	unreviewed	
10	佢	2259	18366.152295	r	r:2259	0.000000	keoi5:2259	902	9313.755860	r	r:902	keoi5:902	13839.954077	true	0.507115	hkcancor	true	9	5918	keoi5	false	general_lexicality_review	unreviewed	
11	喺	468	3804.939918	p	p:441|v:26|r:1	0.000000	hai2:468	2248	23212.109948	p	p:2248	hai2:2247|oi2:1	13508.524933	true	0.163920	cantomap	true	17	3704	hai2	false	general_lexicality_review	unreviewed	
12	好	1856	15089.676255	d	d:1221|a:583|vu:33|g2:13|v:3|Ag:2|Mg:1	0.000000	hou2:1855|hou3:1	1020	10532.185119	d	d:779|a:240|vu:1	hou2:1020	12810.930687	true	0.697973	hkcancor	true	12	4038	hou2|hou3	false	general_lexicality_review	unreviewed	
13	即係	1820	14796.988569	c	c:1692|d:127|v:1	0.000000	zik1hai6:1820	1011	10439.254073	c	c:1011	zik1hai6:1011	12618.121321	true	0.705499	hkcancor	true	19	2930	zik1hai6	false	general_lexicality_review	unreviewed	
14	有	1335	10853.835022	v1	v1:1335	0.000000	jau5:1335	1238	12783.181546	v1	v1:1238	jau5:1238	11818.508284	true	0.849071	cantomap	true	18	3683	jau5	false	general_lexicality_review	unreviewed	
15	咁	460	3739.898210	d	d:453|r:6|u:1	0.000000	gam3:460	1908	19701.381575	d	d:1908	gam3:1908	11720.639892	true	0.189829	cantomap	true	10	5478	gam3|gam2	false	general_lexicality_review	unreviewed	
16	喇	1660	13496.154409	y	y:1547|y1:111|x:1|u:1	0.000000	laa1:1660	902	9313.755860	y	y:902	laa1:799|la1:103	11404.955134	true	0.690104	hkcancor	true	32	1491	laa1	false	general_lexicality_review	unreviewed	
17	噉	2741	22284.915202	c	c:2142|r:577|e:8|u:7|y:5|d:2	0.000000	gam2:2741	0	0.000000				11142.457601	false	0.000000	hkcancor	true	20	2599	gam2	false	single_corpus_review	unreviewed	
18	誒	845	6870.030407	e	e:845	0.000000	e6:845	1403	14486.917374	e	e:1403	e6:1308|e3:39|e4:25|ek3:8|ei2:7|ek6:5|e2:4|ei1:2	10678.473890	true	0.474223	cantomap	true	58	817	aai2|ei6|oi1	false	general_lexicality_review	unreviewed	
19	都	2228	18114.115677	d	d:2228	0.000000	dou1:2228	274	2829.234042	d	d:274	dou1:274	10471.674859	true	0.156189	hkcancor	true	16	3785	dou1	false	general_lexicality_review	unreviewed	
20	嗰	425	3455.340737	r	r:425	0.000000	go2:425	1683	17378.105446	r	r:1683	go2:1674|go3:9	10416.723092	true	0.198833	cantomap	true	11	5413	go2	false	general_lexicality_review	unreviewed	
21	到	857	6967.592969	u	u:573|v:159|p:90|d:35	0.000000	dou2:446|dou3:411	1338	13815.748714	u	u:1155|p:133|v:46|d:4	dou3:1327|dou2:11	10391.670842	true	0.504323	cantomap	true	22	2329	dou3	false	general_lexicality_review	unreviewed	
22	𡃉	1810	14715.686434	y	y:1803|y1:5|u:2	0.000000	gaa3:1810	551	5689.445098	y	y:551	gaa3:422|ga3:129	10202.565766	true	0.386625	hkcancor	false				false	general_lexicality_review	unreviewed	
23	一	1115	9065.188052	m	m:1103|d:11|Dg:1	0.000000	jat1:1115	1037	10707.721537	m	m:1037	jat1:1037	9886.454795	true	0.846603	cantomap	true	40	1195	jat1	false	general_lexicality_review	unreviewed	
24	去	790	6422.868665	v	v:675|vk:64|p:50|t:1	0.000000	heoi3:790	1049	10831.629598	v	v:1040|p:6|vk:3	heoi3:1049	8627.249131	true	0.592973	cantomap	true	21	2380	heoi3	false	general_lexicality_review	unreviewed	
25	跟住	338	2748.012163	c	c:323|v:15	0.000000	gan1zyu6:338	1224	12638.622142	c	c:1224	gan1zyu6:1224	7693.317153	true	0.217430	cantomap	true	30	1653	gan1zyu6	false	general_lexicality_review	unreviewed	
26	囖	1470	11951.413844	y	y:1437|y1:31|e:1|u:1	0.000000	lo1:1470	279	2880.862400	y	y:279	lo1:279	7416.138122	true	0.241048	hkcancor	false				false	general_lexicality_review	unreviewed	
27	嘞	426	3463.470951	y	y:412|y1:14	0.000000	laak3:426	1066	11007.166016	y	y:1066	laak3:1029|laak6:11|lak3:6|laat6:6|laat3:4|lak6:3|laak4:2|laat2:1	7235.318483	true	0.314656	cantomap	true	57	817	laak3|lak3	false	general_lexicality_review	unreviewed	
28	啲	1344	10927.006943	q	q:806|u:379|m:111|r:47|x:1	0.000000	di1:1344	238	2457.509861	q	q:159|u:65|m:14	di1:238	6692.258402	true	0.224902	hkcancor	true	13	4031	di1	false	general_lexicality_review	unreviewed	
29	會	810	6585.472935	vu	vu:800|v:6|n:2|d:2	0.000000	wui5:808|wui2:2	561	5792.701815	vu	vu:561	wui5:561	6189.087375	true	0.879618	hkcancor	true	31	1592	wui5|wui6|wui2	false	general_lexicality_review	unreviewed	
30	咗	835	6788.728272	u	u:834|d:1	0.000000	zo2:835	448	4625.900915	u	u:448	zo2:446|co3:1|jo1:1	5707.314593	true	0.681409	hkcancor	true	23	2220	zo2	false	general_lexicality_review	unreviewed	
31	過	389	3162.653051	u	u:341|v:46|n:1|d:1	0.000000	gwo3:389	788	8136.629288	u	u:753|v:35	gwo3:788	5649.641170	true	0.388693	cantomap	true	111	390	gwo3	false	general_lexicality_review	unreviewed	
32	冇	781	6349.696743	v1	v1:777|v:2|d:2	0.000000	mou5:781	435	4491.667183	v1	v1:435	mou5:435	5420.681963	true	0.707383	hkcancor	true	24	2129	mou5	false	general_lexicality_review	unreviewed	
33	唔係	1081	8788.760793	v	v:1080|x:1	0.000000	m4hai6:1081	177	1827.643888	v	v:177	m4hai6:177	5308.202341	true	0.207952	hkcancor	true	29	1818	m4hai6	false	general_lexicality_review	unreviewed	
34	嚹	663	5390.331550	y	y:649|y1:14	0.000000	laa3:663	485	5007.950767	y	y:485	laa3:308|la3:151|la6:22|laa6:4	5199.141159	true	0.929062	hkcancor	false				false	general_lexicality_review	unreviewed	
35	向	4	32.520854	p	p:4	0.000000	hoeng3:4	988	10201.763625	p	p:366|n:307|v:206|a:80|xv:11|nr:3|d:3|x:3	hoeng3:988	5117.142239	true	0.003188	cantomap	true	49	992	hoeng3	false	domain_concentration_review	unreviewed	
36	喎	931	7569.228768	y	y:911|y1:19|u:1	0.000000	wo3:931	237	2447.184189	y	y:237	wo3:231|wo6:4|wo2:1|wo1:1	5008.206479	true	0.323307	hkcancor	true	41	1182	wo3|wo4|wo5|wo6|wo1	false	general_lexicality_review	unreviewed	
37	中間	10	81.302135	f	f:10	0.000000	zung1gaan1:10	905	9344.732875	f	f:905	zung1gaan1:905	4713.017505	true	0.008700	cantomap	true	52	952	zung1gaan1	false	domain_concentration_review	unreviewed	
38	行	81	658.547293	v	v:72|Ng:3|a:3|n:2|q:1	0.000000	haang4:72|hong4:6|hong2:3	823	8498.027797	v	v:818|n:4|Ng:1	hang4:823	4578.287545	true	0.077494	cantomap	true	145	269	hang4|haang4|hang6|hong4|hong2	false	domain_concentration_review	unreviewed	
39	同埋	281	2284.589993	c	c:281	0.000000	tung4maai4:281	651	6722.012267	c	c:651	tung4maai4:651	4503.301130	true	0.339867	cantomap	true	44	1122	tung4maai4	false	general_lexicality_review	unreviewed	
40	話	910	7398.494284	v	v:886|n:11|y:11|y1:1|Ng:1	0.000000	waa6:892|waa2:16|waa5:2	149	1538.525081	v	v:149	waa6:98|waa2:50|waa1:1	4468.509683	true	0.207951	hkcancor	true	28	1828	waa6|waa2	false	general_lexicality_review	unreviewed	
41	上	79	642.286866	v	v:38|f:37|k:3|p:1	0.000000	soeng5:43|soeng6:36	785	8105.652273	f	f:513|v:263|n:7|d:1|k:1	soeng6:785	4373.969570	true	0.079239	cantomap	true	55	890	soeng6|soeng5	false	domain_concentration_review	unreviewed	
42	又	916	7447.275565	d	d:915|c:1	0.000000	jau6:916	115	1187.452244	d	d:115	jau6:115	4317.363905	true	0.159448	hkcancor	true	34	1356	jau6	false	general_lexicality_review	unreviewed	
43	兜	4	32.520854	v	v:2|q:2	0.000000	dau1:4	830	8570.307499	v	v:677|n:84|a:23|q:13|d:6|vu:6|x:5|Ng:4	dau1:830	4301.414176	true	0.003795	cantomap	true	78	647	dau1	false	domain_concentration_review	unreviewed	
44	下	393	3195.173905	u	u:362|f:16|q:13|y:1|m:1	0.000000	haa5:376|haa6:17	522	5390.000620	u	u:522	haa6:522	4292.587262	true	0.592797	cantomap	true	60	811	haa6	false	general_lexicality_review	unreviewed	
45	要	627	5097.643864	vu	vu:510|v:117	0.000000	jiu3:627	326	3366.168969	vu	vu:310|v:16	jiu3:326	4231.906417	true	0.660338	hkcancor	true	37	1256	jiu3	false	general_lexicality_review	unreviewed	
46	咪	402	3268.345827	d	d:384|c:9|v:2|vu:2|n:2|r:1|y1:1|e:1	0.000000	mai6:398|mai5:2|mai1:2	490	5059.579126	d	d:490	mai1:488|maai6:1|mai4:1	4163.962476	true	0.645972	cantomap	true	77	647	mai1|mi4|mai5	false	general_lexicality_review	unreviewed	
47	但係	783	6365.957170	c	c:783	0.000000	daan6hai6:783	159	1641.781798	c	c:159	daan6hai6:159	4003.869484	true	0.257900	hkcancor	true	33	1423	daan6hai6	false	general_lexicality_review	unreviewed	
48	哦	437	3552.903299	e	e:437	0.000000	o5:298|o3:121|o4:18	429	4429.713153	e	e:429	o6:184|o3:79|o5:68|o4:39|o2:32|o1:16|ngo4:6|ok3:3	3991.308226	true	0.802062	cantomap	true	69	710	ngo4|o4|o6	false	general_lexicality_review	unreviewed	
49	見	177	1439.047789	v	v:177	0.000000	gin3:177	584	6030.192264	v	v:584	gin3:584	3734.620027	true	0.238640	cantomap	true	82	617	gin3	false	general_lexicality_review	unreviewed	
50	下面	0	0.000000			0.000000		723	7465.460628	f	f:361|n:254|Ng:36|x:34|a:17|t:11|q:3|Nsg:2	haa6min6:723	3732.730314	false	0.000000	cantomap	true	65	753	haa6min6	false	single_corpus_review	unreviewed	
51	吖	634	5154.555359	y	y:597|y1:20|e:17	0.000000	aa1:634	216	2230.345084	y	y:216	aa1:148|a1:66|jaa1:1|ja1:1	3692.450221	true	0.432694	hkcancor	true	84	603	aa4	false	general_lexicality_review	unreviewed	
52	講	627	5097.643864	v	v:627	0.000000	gong2:627	204	2106.437024	v	v:204	gong2:204	3602.040444	true	0.413218	hkcancor	true	66	744	gong2	false	general_lexicality_review	unreviewed	
53	嗎	650	5284.638775	y	y:643|y1:7	0.000000	maa3:650	181	1868.946575	y	y:181	maa3:175|maa1:3|maa6:2|ma3:1	3576.792675	true	0.353656	hkcancor	true	79	646	maa3	false	general_lexicality_review	unreviewed	
54	條	83	674.807720	q	q:82|n:1	0.000000	tiu4:83	591	6102.471966	q	q:591	tiu4:591	3388.639843	true	0.110579	cantomap	true	148	261	tiu4	false	general_lexicality_review	unreviewed	
55	嗰啲	806	6552.952081	r	r:804|q:2	0.000000	go2di1:806	0	0.000000				3276.476040	false	0.000000	hkcancor	false				false	single_corpus_review	unreviewed	
56	得	526	4276.492301	u	u:282|v:146|vu:78|a:16|d:3|g2:1	0.000000	dak1:526	194	2003.180307	v	v:113|u:58|vu:21|a:2	dak1:194	3139.836304	true	0.468417	hkcancor	true	53	921	dak1	false	general_lexicality_review	unreviewed	
57	畫	1	8.130213	n	n:1	0.000000	waa2:1	599	6185.077339	n	n:378|v:195|a:16|d:3|q:2|m:2|nr:1|x:1	waak6:598|waa5:1	3096.603776	true	0.001314	cantomap	true	201	170	waak6|waa2	false	domain_concentration_review	unreviewed	
58	人	739	6008.227776	n	n:739	0.000000	jan4:718|jan2:21	17	175.536419	n	n:17	jan4:17	3091.882097	true	0.029216	hkcancor	true	50	975	jan4	false	domain_concentration_review	unreviewed	
59	𠻺	517	4203.320379	d	d:328|y1:152|y:16|e:9|u:7|c:5	0.000000	aa6:517	189	1951.551948	d	d:157|y:17|y1:12|e:2|Vg:1	a6:119|aa6:70	3077.436164	true	0.464288	hkcancor	false				false	general_lexicality_review	unreviewed	
60	兩	220	1788.646970	m	m:220	0.000000	loeng5:220	418	4316.130764	m	m:418	loeng5:418	3052.388867	true	0.414410	cantomap	true	131	307	loeng5	false	general_lexicality_review	unreviewed	
61	再	97	788.630709	d	d:97	0.000000	zoi3:97	510	5266.092559	d	d:510	zoi3:510	3027.361634	true	0.149756	cantomap	true	81	632	zoi3	false	general_lexicality_review	unreviewed	
62	返	347	2821.184084	u	u:196|v:151	0.000000	faan1:347	311	3211.283894	u	u:274|v:37	faan1:311	3016.233989	true	0.878522	cantomap	true	115	373	faan1|faan2	false	general_lexicality_review	unreviewed	
63	之後	101	821.151563	f	f:98|n:2|t:1	0.000000	zi1hau6:101	502	5183.487186	f	f:502	zi1hau6:502	3002.319375	true	0.158417	cantomap	true	35	1279	zi1hau6	false	general_lexicality_review	unreviewed	
64	幾	656	5333.420056	d	d:424|m:207|r:25	0.000000	gei2:656	59	609.214629	d	d:44|m:15	gei2:59	2971.317343	true	0.114226	hkcancor	true	107	409	gei2|gei1	false	general_lexicality_review	unreviewed	
65	做	615	5000.081302	v	v:615	0.000000	zou6:615	81	836.379406	v	v:81	zou6:81	2918.230354	true	0.167273	hkcancor	true	46	1064	zou6	false	general_lexicality_review	unreviewed	
66	度	161	1308.964373	f	f:74|m:57|v:14|q:8|r:3|d:2|n:2|s:1	0.000000	dou6:87|dou2:60|dok6:14	429	4429.713153	q	q:219|f:121|m:81|v:3|d:2|p:2|r:1	dou6:429	2869.338763	true	0.295496	cantomap	true	43	1149	dou6|dok6	false	general_lexicality_review	unreviewed	
67	噉樣	705	5731.800517	c	c:387|r:312|d:4|y:2	0.000000	gam2joeng2:705	0	0.000000				2865.900259	false	0.000000	hkcancor	true	73	681	gam2joeng2	false	single_corpus_review	unreviewed	
68	嘢	587	4772.435324	n	n:582|q:2|y:2|r:1	0.000000	je5:587	92	949.961795	n	n:92	je5:92	2861.198560	true	0.199052	hkcancor	true	26	2016	je5	false	general_lexicality_review	unreviewed	
69	我哋	416	3382.168816	r	r:415|w:1	0.000000	ngo5dei6:416	226	2333.601801	r	r:226	ngo5dei6:226	2857.885308	true	0.689972	hkcancor	false				false	general_lexicality_review	unreviewed	
70	右	3	24.390640	f	f:3	0.000000	jau6:3	548	5658.468083	f	f:232|n:193|v:52|vn:42|x:15|Nsg:3|y1:2|a:2	jau6:547|lau1:1	2841.429362	true	0.004310	cantomap	true	92	472	jau6	false	domain_concentration_review	unreviewed	
71	喀	696	5658.628596	e	e:696	0.000000	haak6:696	0	0.000000				2829.314298	false	0.000000	hkcancor	true	39	1219	kak1	false	single_corpus_review	unreviewed	
72	字	42	341.468967	n	n:39|q:3	0.000000	zi6:42	513	5297.069574	n	n:513	zi6:513	2819.269271	true	0.064464	cantomap	true	100	422	zi6	false	domain_concentration_review	unreviewed	
73	同	281	2284.589993	p	p:248|c:19|v:8|a:3|b:2|Cg:1	0.000000	tung4:281	324	3345.517626	p	p:307|c:8|a:6|v:2|b:1	tung4:324	2815.053810	true	0.682881	cantomap	true	80	640	tung4	false	general_lexicality_review	unreviewed	
74	呀	407	3308.996894	y	y:383|y1:23|e:1	0.000000	aa4:407	217	2240.670756	y	y:217	aa4:181|a4:31|aa3:4|jaa4:1	2774.833825	true	0.677145	hkcancor	true	15	3801	aa3|aa1|aa6	false	general_lexicality_review	unreviewed	
75	而家	390	3170.783265	t	t:390	0.000000	ji4gaa1:390	225	2323.276129	t	t:225	ji4gaa1:225	2747.029697	true	0.732714	hkcancor	true	51	953	ji4gaa1	false	general_lexicality_review	unreviewed	
76	覺得	637	5178.945999	v	v:637	0.000000	gok3dak1:637	13	134.233732	v	v:13	gok3dak1:13	2656.589866	true	0.025919	hkcancor	true	45	1086	gok3dak1	false	domain_concentration_review	unreviewed	
77	上面	9	73.171921	f	f:9	0.000000	soeng6min6:9	505	5214.464201	f	f:486|n:15|v:4	soeng6min6:505	2643.818061	true	0.014032	cantomap	true	85	569	soeng6min6	false	domain_concentration_review	unreviewed	
78	乜嘢	636	5170.815786	r	r:633|n:3	0.000000	mat1je5:636	7	72.279702	r	r:7	mat1je5:7	2621.547744	true	0.013978	hkcancor	false				false	domain_concentration_review	unreviewed	
79	知	584	4748.044684	v	v:583|g1:1	0.000000	zi1:584	43	444.003882	v	v:43	zi1:43	2596.024283	true	0.093513	hkcancor	true	76	662	zi1|zi3	false	domain_concentration_review	unreviewed	
80	先	260	2113.855510	d	d:251|y:7|Tg:1|f:1	0.000000	sin1:260	295	3046.073147	d	d:295	sin1:295	2579.964328	true	0.693961	cantomap	true	86	569	sin1	false	general_lexicality_review	unreviewed	
81	睇	553	4496.008065	v	v:553	0.000000	tai2:553	55	567.911943	v	v:55	tai2:55	2531.960004	true	0.126315	hkcancor	true	54	911	tai2	false	general_lexicality_review	unreviewed	
82	真係	596	4845.607246	d	d:593|c:3	0.000000	zan1hai6:596	20	206.513434	d	d:20	zan1hai6:20	2526.060340	true	0.042619	hkcancor	true	56	872	zan1hai6	false	domain_concentration_review	unreviewed	
83	應該	177	1439.047789	vu	vu:164|v:13	0.000000	jing1goi1:177	342	3531.379716	vu	vu:342	jing1goi1:342	2485.213753	true	0.407503	cantomap	true	75	664	jing1goi1	false	general_lexicality_review	unreviewed	
84	然之後	41	333.338753	c	c:41	0.000000	jin4zi1hau6:41	448	4625.900915	c	c:448	jin4zi1hau6:448	2479.619834	true	0.072059	cantomap	false				false	domain_concentration_review	unreviewed	
85	住	253	2056.944015	u	u:225|v:28	0.000000	zyu6:253	275	2839.559713	u	u:271|v:4	zyu6:275	2448.251864	true	0.724388	cantomap	true	110	398	zyu6	false	general_lexicality_review	unreviewed	
86	可以	333	2707.361095	vu	vu:302|v:31	0.000000	ho2ji5:333	206	2127.088367	vu	vu:206	ho2ji5:206	2417.224731	true	0.785669	hkcancor	true	47	1032	ho2ji5	false	general_lexicality_review	unreviewed	
87	開始	56	455.291956	v	v:56	0.000000	hoi1ci2:56	409	4223.199719	v	v:409	hoi1ci2:409	2339.245838	true	0.107807	cantomap	true	88	539	hoi1ci2	false	general_lexicality_review	unreviewed	
88	經過	10	81.302135	v	v:8|vn:2	0.000000	ging1gwo3:10	439	4532.969870	v	v:391|u:34|d:8|vn:2|a:2|x:2	ging1gwo3:439	2307.136002	true	0.017936	cantomap	true	93	459	ging1gwo3	false	domain_concentration_review	unreviewed	
89	左	7	56.911494	f	f:7	0.000000	zo2:7	437	4512.318526	f	f:300|n:61|v:27|vn:23|x:8|a:6|q:3|Lg:2	zo2:437	2284.615010	true	0.012612	cantomap	true	118	357	zo2	false	domain_concentration_review	unreviewed	
90	其實	459	3731.767996	d	d:442|c:17	0.000000	kei4sat6:459	78	805.402391	d	d:78	kei4sat6:78	2268.585194	true	0.215823	hkcancor	true	48	1015	kei4sat6	false	general_lexicality_review	unreviewed	
91	咩	275	2235.808712	y	y:243|r:32	0.000000	me1:275	220	2271.647771	r	r:173|y:41|a:3|l:1|vn:1|Ng:1	me1:220	2253.728242	true	0.984223	cantomap	true	67	736	me1	false	general_lexicality_review	unreviewed	
92	俾	475	3861.851412	p	p:254|v:218|vu:3	0.000000	bei2:475	24	247.816120	v	v:12|p:12	bei2:24	2054.833766	true	0.064170	hkcancor	true	103	418	bei2	false	domain_concentration_review	unreviewed	
93	點	326	2650.449601	r	r:310|v:7|q:5|n:4	0.000000	dim2:326	130	1342.337319	r	r:130	dim2:130	1996.393460	true	0.506456	hkcancor	true	172	208	dim2	false	general_lexicality_review	unreviewed	
94	來	487	3959.413974	v	v:336|vk:86|y:53|p:11|y1:1	0.000000	lai4:487	1	10.325672	v	v:1	loi4:1	1984.869823	true	0.002608	hkcancor	true	90	491	loi4	false	domain_concentration_review	unreviewed	
95	多	328	2666.710028	a	a:325|d:2|m:1	0.000000	do1:328	114	1177.126572	a	a:114	do1:114	1921.918300	true	0.441415	hkcancor	true	61	811	do1	false	general_lexicality_review	unreviewed	
96	有冇	160	1300.834160	v1	v1:127|v:33	0.000000	jau5mou5:160	242	2498.812548	v1	v1:198|v:43|a:1	jau5mou5:242	1899.823354	true	0.520581	cantomap	false				false	general_lexicality_review	unreviewed	
97	落	52	422.771102	v	v:45|p:4|u:3	0.000000	lok6:52	325	3355.843298	v	v:322|u:3	lok6:325	1889.307200	true	0.125981	cantomap	true	160	238	lok6	false	general_lexicality_review	unreviewed	
98	𠸏	383	3113.871770	y	y:349|u:22|y1:12	0.000000	ge2:383	64	660.842988	y	y:64	ge2:63|ge5:1	1887.357379	true	0.212225	hkcancor	false				false	general_lexicality_review	unreviewed	
99	好似	322	2617.928747	v	v:319|d:3	0.000000	hou2ci5:322	100	1032.567168	v	v:100	hou2ci5:100	1825.247958	true	0.394421	hkcancor	true	83	607	hou2ci5	false	general_lexicality_review	unreviewed	
100	少少	64	520.333664	m	m:60|d:3|a:1	0.000000	siu2siu2:64	299	3087.375834	m	m:299	siu2siu2:299	1803.854749	true	0.168536	cantomap	true	105	412	siu2siu2	false	general_lexicality_review	unreviewed	
101	邊	111	902.453698	r	r:103|f:4|n:3|q:1	0.000000	bin1:109|bin6:2	257	2653.697623	r	r:257	bin1:257	1778.075661	true	0.340074	cantomap	true	97	437	bin1	false	general_lexicality_review	unreviewed	
102	嗯	377	3065.090489	e	e:377	0.000000	m6:377	44	454.329554	e	e:44	ng6:32|hm2:10|hm6:1|hn1:1	1759.710022	true	0.148227	hkcancor	true	116	370	ng2	false	general_lexicality_review	unreviewed	
103	角	0	0.000000			0.000000		336	3469.425686	n	n:321|v:6|x:6|ns:2|m:1	gok3:336	1734.712843	false	0.000000	cantomap	true	147	264	gok3	false	single_corpus_review	unreviewed	
104	如果	330	2682.970455	c	c:330	0.000000	jyu4gwo2:330	76	784.751048	c	c:76	ju4gwo2:76	1733.860751	true	0.292493	hkcancor	true	64	782	jyu4gwo2	false	general_lexicality_review	unreviewed	
105	𠺢	233	1894.339745	y	y:229|y1:4	0.000000	gaa1:233	140	1445.594036	y	y:140	gaa1:120|ga1:20	1669.966891	true	0.763112	hkcancor	false				false	general_lexicality_review	unreviewed	
106	最	191	1552.870778	d	d:191	0.000000	zeoi3:191	167	1724.387171	d	d:167	zeoi3:167	1638.628975	true	0.900535	cantomap	true	129	312	zeoi3	false	general_lexicality_review	unreviewed	
107	穿	2	16.260427	v	v:2	0.000000	cyun1:2	315	3252.586581	v	v:286|n:14|a:12|k:1|t:1|nr:1	cyun1:315	1634.423504	true	0.004999	cantomap	true	581	50	cyun1	false	domain_concentration_review	unreviewed	
108	因為	353	2869.965365	c	c:353	0.000000	jan1wai6:353	36	371.724181	c	c:36	jan1wai6:36	1620.844773	true	0.129522	hkcancor	true	59	814	jan1wai6	false	general_lexicality_review	unreviewed	
109	佢哋	279	2268.329566	r	r:279	0.000000	keoi5dei6:279	94	970.613138	r	r:94	keoi5dei6:94	1619.471352	true	0.427898	hkcancor	false				false	general_lexicality_review	unreviewed	
110	位	33	268.297045	q	q:21|n:11|Ng:1	0.000000	wai2:33	285	2942.816430	n	n:152|q:117|Ng:15|v:1	wai6:285	1605.556738	true	0.091170	cantomap	true	236	149	wai6|wai2	false	domain_concentration_review	unreviewed	
111	諗	344	2796.793444	v	v:344	0.000000	nam2:344	31	320.095822	v	v:31	nam2:31	1558.444633	true	0.114451	hkcancor	true	89	528	nam2	false	general_lexicality_review	unreviewed	
112	戀燕池	0	0.000000			0.000000		301	3108.027177	n	n:246|v:24|x:13|a:5|Ng:4|d:3|ns:3|Nsg:2	lyun2jin3ci4:301	1554.013589	false	0.000000	cantomap	false				false	single_corpus_review	unreviewed	
113	嗰個	380	3089.481130	r	r:378|x:1|q:1	0.000000	go2go3:380	0	0.000000				1544.740565	false	0.000000	hkcancor	false				false	single_corpus_review	unreviewed	
114	哩個	375	3048.830062	r	r:375	0.000000	ni1go3:375	0	0.000000				1524.415031	false	0.000000	hkcancor	true	151	254	*lei5|le1|lei1|li1go3	true	known_nonatomic_or_invalid	unreviewed	
115	線	17	138.213629	n	n:16|q:1	0.000000	sin3:17	268	2767.280012	n	n:268	sin3:268	1452.746821	true	0.049946	cantomap	true	164	230	sin3	false	domain_concentration_review	unreviewed	
116	終點	0	0.000000			0.000000		276	2849.885385	n	n:179|t:56|x:29|r:4|a:2|ns:2|Nsg:1|l:1	zung1dim2:276	1424.942693	false	0.000000	cantomap	true	141	283	zung1dim2	false	single_corpus_review	unreviewed	
117	叫	117	951.234979	v	v:117	0.000000	giu3:117	182	1879.272247	v	v:182	giu3:182	1415.253613	true	0.506172	cantomap	true	119	350	giu3	false	general_lexicality_review	unreviewed	
118	然後	20	162.604270	c	c:20	0.000000	jin4hau6:20	258	2664.023295	c	c:258	jin4hau6:258	1413.313782	true	0.061037	cantomap	true	124	323	jin4hau6	false	domain_concentration_review	unreviewed	
119	擁腰沙漠	0	0.000000			0.000000		265	2736.302997	n	n:127|v:91|x:14|a:10|ns:7|Ng:4|d:3|vn:2	jung2jiu1saa1mok6:265	1368.151498	false	0.000000	cantomap	false				false	single_corpus_review	unreviewed	
120	想	231	1878.079318	vu	vu:188|v:43	0.000000	soeng2:231	76	784.751048	vu	vu:70|v:6	soeng2:76	1331.415183	true	0.417848	hkcancor	true	96	437	soeng2	false	general_lexicality_review	unreviewed	
121	自己	308	2504.105758	r	r:308	0.000000	zi6gei2:308	14	144.559404	r	r:14	zi6gei2:14	1324.332581	true	0.057729	hkcancor	true	71	707	zi6gei2	false	domain_concentration_review	unreviewed	
122	嗰度	134	1089.448609	r	r:134	0.000000	go2dou6:134	149	1538.525081	r	r:149	go2dou6:149	1313.986845	true	0.708112	cantomap	false				false	general_lexicality_review	unreviewed	
123	張	106	861.802631	q	q:89|nr:17	0.160377	zoeng1:106	167	1724.387171	q	q:155|nr:11|ns:1	zoeng1:167	1293.094901	true	0.499773	cantomap	true	196	174	zoeng1	false	general_lexicality_review	unreviewed	
124	買	315	2561.017252	v	v:315	0.000000	maai5:315	0	0.000000				1280.508626	false	0.000000	hkcancor	true	123	328	maai5	false	single_corpus_review	unreviewed	
125	韻𡃁洞	0	0.000000			0.000000		245	2529.789563	n	n:183|v:30|Ng:6|x:5|a:5|vn:3|q:3|nr:2	wan5leng1dung6:245	1264.894781	false	0.000000	cantomap	false				false	single_corpus_review	unreviewed	
126	大	174	1414.657149	a	a:173|d:1	0.000000	daai6:174	105	1084.195527	a	a:105	daai6:105	1249.426338	true	0.766402	hkcancor	true	95	444	daai6	false	general_lexicality_review	unreviewed	
127	咁樣	0	0.000000			0.000000		241	2488.486876	n	n:101|d:28|r:25|l:21|x:13|c:13|Ng:10|q:10	gam2joeng2:241	1244.243438	false	0.000000	cantomap	true	72	703	gam2joeng2	false	single_corpus_review	unreviewed	
128	落去	55	447.161742	v	v:55	0.000000	lok6heoi3:55	195	2013.505979	v	v:195	lok6heoi3:195	1230.333861	true	0.222081	cantomap	true	121	329	lok6heoi3	true	known_nonatomic_or_invalid	unreviewed	
129	晒	239	1943.121026	u	u:234|d:5	0.000000	saai3:239	43	444.003882	u	u:43	saai3:42|sai3:1	1193.562454	true	0.228500	hkcancor	true	132	307	saai3	false	general_lexicality_review	unreviewed	
130	成	158	1284.573733	m	m:106|b:23|u:11|v:10|d:4|a:2|Ag:1|Ng:1	0.000000	seng4:107|sing4:51	105	1084.195527	m	m:86|b:8|u:5|v:5|d:1	sing4:105	1184.384630	true	0.844012	hkcancor	true	247	144	sing4	false	general_lexicality_review	unreviewed	
131	埋	166	1349.615441	u	u:160|a:3|v:3	0.000000	maai4:166	95	980.938810	u	u:95	maai4:95	1165.277125	true	0.726828	hkcancor	true	162	234	maai4	false	general_lexicality_review	unreviewed	
132	上去	18	146.343843	v	v:18	0.000000	soeng5heoi3:18	207	2137.414039	v	v:207	soeng5heoi3:207	1141.878941	true	0.068468	cantomap	true	144	270	soeng5heoi3	true	known_nonatomic_or_invalid	unreviewed	
133	哩	275	2235.808712	r	r:272|y:3	0.000000	ni1:273|le5:2	0	0.000000				1117.904356	false	0.000000	hkcancor	true	120	342	lei5|le1|lei1|li1	false	single_corpus_review	unreviewed	
134	啫	251	2040.683588	y	y:241|c:9|y1:1	0.000000	ze1:251	16	165.210747	y	y:16	ze1:15|zep1:1	1102.947168	true	0.080959	hkcancor	true	130	311	zek1|ze1	false	domain_concentration_review	unreviewed	
135	吓	142	1154.490317	e	e:96|u:35|y:6|m:3|y1:2	0.000000	haa2:79|haa5:44|haa6:19	100	1032.567168	u	u:58|e:33|y:3|Ng:2|q:2|xnz:1|m:1	haa5:54|haa2:22|haa6:11|haa3:4|ha6:2|ha3:2|ha1:2|ha2:1	1093.528743	true	0.894392	hkcancor	true	74	666	haa5	false	general_lexicality_review	unreviewed	
136	隻	215	1747.995902	q	q:215	0.000000	zek3:215	40	413.026867	q	q:40	zek3:40	1080.511385	true	0.236286	hkcancor	true	117	361	zek3	false	general_lexicality_review	unreviewed	
137	所以	230	1869.949105	c	c:230	0.000000	so2ji5:230	27	278.793135	c	c:27	so2ji5:27	1074.371120	true	0.149091	hkcancor	true	104	415	so2ji5	false	general_lexicality_review	unreviewed	
138	未	192	1561.000992	d	d:192	0.000000	mei6:192	56	578.237614	d	d:56	mei6:56	1069.619303	true	0.370427	hkcancor	true	161	235	mei6	false	general_lexicality_review	unreviewed	
139	紙	13	105.692775	n	n:13	0.000000	zi2:13	196	2023.831650	n	n:196	zi2:196	1064.762213	true	0.052224	cantomap	true	226	154	zi2	false	domain_concentration_review	unreviewed	
140	嘩	239	1943.121026	e	e:238|y:1	0.000000	waa3:239	18	185.862090	e	e:18	waa3:15|waa4:2|waak3:1	1064.491558	true	0.095651	hkcancor	true	136	298	waa1|waa4	false	domain_concentration_review	unreviewed	
141	可能	245	1991.902307	vu	vu:208|v:26|vn:7|n:4	0.000000	ho2nang4:245	11	113.582389	vu	vu:11	ho2nang4:11	1052.742348	true	0.057022	hkcancor	true	87	566	ho2nang4	false	domain_concentration_review	unreviewed	
142	遠怨大樹	0	0.000000			0.000000		195	2013.505979	n	n:89|v:63|ns:17|x:11|a:7|nz:3|Ng:3|u:1	jyun5jyun3daai6syu6:195	1006.752989	false	0.000000	cantomap	false				false	single_corpus_review	unreviewed	
143	好多	245	1991.902307	m	m:245	0.000000	hou2do1:245	0	0.000000				995.951154	false	0.000000	hkcancor	false				false	single_corpus_review	unreviewed	
144	間	145	1178.880957	q	q:143|f:2	0.000000	gaan1:145	75	774.425376	q	q:75	gaan1:75	976.653167	true	0.656916	hkcancor	true	152	254	gaan1|gaan3	false	general_lexicality_review	unreviewed	
145	彭銅山	0	0.000000			0.000000		186	1920.574933	n	n:138|x:25|v:13|a:2|Ng:1|jnt:1|c:1|nz:1	paang4tung4saan1:186	960.287467	false	0.000000	cantomap	false				false	single_corpus_review	unreviewed	
146	三	99	804.891136	m	m:98|jm:1	0.000000	saam1:99	108	1115.172542	m	m:108	saam1:108	960.031839	true	0.721764	cantomap	true	195	174	saam1|saam3	false	general_lexicality_review	unreviewed	
147	不過	205	1666.693767	c	c:205	0.000000	bat1gwo3:205	23	237.490449	c	c:23	bat1gwo3:23	952.092108	true	0.142492	hkcancor	true	134	301	bat1gwo3	false	general_lexicality_review	unreviewed	
148	台蛇茅屋	0	0.000000			0.000000		182	1879.272247	n	n:92|ns:35|q:20|vn:12|Ng:10|f:3|x:3|a:3	toi4se4maau4nguk1:182	939.636123	false	0.000000	cantomap	false				false	single_corpus_review	unreviewed	
149	過去	16	130.083416	v	v:13|t:2|f:1	0.000000	gwo3heoi3:16	168	1734.712843	v	v:157|u:8|x:2|t:1	gwo3heoi3:168	932.398130	true	0.074988	cantomap	true	185	185	gwo3heoi3	false	domain_concentration_review	unreviewed	
150	譬如	226	1837.428251	v	v:221|c:5	0.000000	pei3jyu4:226	2	20.651343	v	v:2	pei3ju4:2	929.039797	true	0.011239	hkcancor	true	112	390	pei3jyu4	false	domain_concentration_review	unreviewed	
151	揾	227	1845.558464	v	v:227	0.000000	wan2:227	0	0.000000				922.779232	false	0.000000	hkcancor	true	149	255	*?	false	single_corpus_review	unreviewed	
152	嚟	2	16.260427	v	v:2	0.000000	lei4:2	177	1827.643888	v	v:154|n:8|q:4|a:3|d:2|jns:1|xnz:1|f:1	lai4:122|lei4:55	921.952158	true	0.008897	cantomap	true	68	714	lai4	false	domain_concentration_review	unreviewed	
153	重	225	1829.298037	d	d:216|a:8|q:1	0.000000	zung6:217|cung5:5|cung4:3	1	10.325672	d	d:1	zung6:1	919.811855	true	0.005645	hkcancor	true	493	60	zung6|cung4|cung5	false	domain_concentration_review	unreviewed	
154	善貧大宅	0	0.000000			0.000000		177	1827.643888	n	n:93|v:30|x:9|a:8|Ng:7|nr:7|f:5|ns:4	sin6pan4daai6zaak2:177	913.821944	false	0.000000	cantomap	false				false	single_corpus_review	unreviewed	
155	完	119	967.495406	u	u:78|v:38|d:3	0.000000	jyun4:119	82	846.705078	u	u:44|v:37|q:1	jun4:82	907.100242	true	0.875152	hkcancor	true	240	147	jyun4	false	general_lexicality_review	unreviewed	
156	扮汗塔	0	0.000000			0.000000		171	1765.689858	v	v:76|n:55|Ng:12|x:6|f:3|Nsg:3|nr:3|nz:3	baan6hon6taap3:171	882.844929	false	0.000000	cantomap	false				false	single_corpus_review	unreviewed	
157	次	134	1089.448609	q	q:133|x:1	0.000000	ci3:134	65	671.168660	q	q:65	ci3:65	880.308634	true	0.616063	hkcancor	true	280	121	ci3	false	general_lexicality_review	unreviewed	
158	已經	193	1569.131205	d	d:193	0.000000	ji5ging1:193	18	185.862090	d	d:18	ji5ging1:18	877.496648	true	0.118449	hkcancor	true	114	373	ji5ging1	false	general_lexicality_review	unreviewed	
159	對	104	845.542204	p	p:63|v:33|q:7|a:1	0.000000	deoi3:104	88	908.659108	v	v:41|p:40|q:3|vn:2|a:1|Ng:1	deoi3:88	877.100656	true	0.930538	cantomap	true	122	329	deoi3	false	general_lexicality_review	unreviewed	
160	問	153	1243.922665	v	v:153	0.000000	man6:153	48	495.632241	v	v:48	man6:48	869.777453	true	0.398443	hkcancor	true	294	116	man6	false	general_lexicality_review	unreviewed	
161	右邊	0	0.000000			0.000000		168	1734.712843	f	f:117|n:36|Ng:8|x:3|d:2|Nsg:1|q:1	jau6bin1:168	867.356422	false	0.000000	cantomap	true	189	181	jau6bin1	false	single_corpus_review	unreviewed	
162	聽	176	1430.917576	v	v:176	0.000000	teng1:176	29	299.444479	v	v:29	teng1:29	865.181027	true	0.209267	hkcancor	true	113	378	teng1|ting1|ting3	false	general_lexicality_review	unreviewed	
163	路線	1	8.130213	n	n:1	0.000000	lou6sin3:1	165	1703.735828	n	n:155|v:5|a:3|Ng:2	lou6sin3:165	855.933021	true	0.004772	cantomap	true	779	34	lou6sin3	false	domain_concentration_review	unreviewed	
164	地圖	7	56.911494	n	n:7	0.000000	dei6tou4:7	159	1641.781798	n	n:157|a:2	dei6tou4:159	849.346646	true	0.034664	cantomap	true	209	164	dei6tou4	false	domain_concentration_review	unreviewed	
165	忍依城	0	0.000000			0.000000		161	1662.433141	v	v:77|ns:38|n:30|a:6|q:2|d:2|Ng:2|nt:1	jan2ji1sing4:161	831.216571	false	0.000000	cantomap	false				false	single_corpus_review	unreviewed	
166	蚊	204	1658.563554	q	q:200|n:4	0.000000	man1:204	0	0.000000				829.281777	false	0.000000	hkcancor	true	459	66	man1	false	single_corpus_review	unreviewed	
167	甜項農莊	0	0.000000			0.000000		160	1652.107470	n	n:91|a:28|v:21|x:5|Ng:5|nr:3|ns:2|z:1	tim4hong6nung4zong1:160	826.053735	false	0.000000	cantomap	false				false	single_corpus_review	unreviewed	
168	讀	180	1463.438430	v	v:179|Vg:1	0.000000	duk6:180	18	185.862090	v	v:18	duk6:18	824.650260	true	0.127004	hkcancor	true	208	165	duk6	false	general_lexicality_review	unreviewed	
169	方向	1	8.130213	n	n:1	0.000000	fong1hoeng3:1	157	1621.130455	n	n:73|a:33|Ng:30|v:7|x:5|m:3|q:2|t:2	fong1hoeng3:157	814.630334	true	0.005015	cantomap	true	197	171	fong1hoeng3	false	domain_concentration_review	unreviewed	
170	左邊	0	0.000000			0.000000		157	1621.130455	f	f:154|n:2|vu:1	zo2bin1:157	810.565227	false	0.000000	cantomap	true	203	168	zo2bin1	false	single_corpus_review	unreviewed	
171	或者	186	1512.219711	c	c:186	0.000000	waak6ze2:186	9	92.931045	c	c:9	waak6ze2:9	802.575378	true	0.061453	hkcancor	true	99	428	waak6ze2	false	domain_concentration_review	unreviewed	
172	點解	186	1512.219711	r	r:186	0.000000	dim2gaai2:186	9	92.931045	r	r:9	dim2gaai2:9	802.575378	true	0.061453	hkcancor	true	127	317	dim2gaai2	false	domain_concentration_review	unreviewed	
173	咋	145	1178.880957	y	y:138|v:7	0.000000	zaa3:143|zaa6:2	41	423.352539	y	y:41	zaa3:22|za3:14|zaa1:3|zaa6:1|caa2:1	801.116748	true	0.359114	hkcancor	true	167	220	zaa1|zaa3|zaak3	false	general_lexicality_review	unreviewed	
174	食	190	1544.740565	v	v:190	0.000000	sik6:190	5	51.628358	v	v:5	sik6:5	798.184462	true	0.033422	hkcancor	true	255	141	sik6	false	domain_concentration_review	unreviewed	
175	嗰陣時	195	1585.391632	r	r:171|t:24	0.000000	go2zan6si4:189|go2zan6si2:6	1	10.325672	r	r:1	go2zan6si4:1	797.858652	true	0.006513	hkcancor	false				false	domain_concentration_review	unreviewed	
176	樣	102	829.281777	n	n:66|q:36	0.000000	joeng2:63|joeng6:39	72	743.448361	n	n:52|q:17|a:2|l:1	joeng6:72	786.365069	true	0.896497	hkcancor	true	135	301	joeng6	false	general_lexicality_review	unreviewed	
177	乜	180	1463.438430	r	r:179|v:1	0.000000	mat1:180	9	92.931045	r	r:9	mat1:9	778.184738	true	0.063502	hkcancor	true	62	795	mat1	false	domain_concentration_review	unreviewed	
178	正	52	422.771102	a	a:50|d:2	0.000000	zeng3:50|zing3:2	109	1125.498214	a	a:109	zing1:109	774.134658	true	0.375630	cantomap	true	220	156	zing1|zing3|zeng	false	general_lexicality_review	unreviewed	
179	一路	29	235.776191	d	d:29	0.000000	jat1lou6:29	127	1311.360304	d	d:127	jat1lou6:127	773.568248	true	0.179795	cantomap	true	169	217	jat1lou6	false	general_lexicality_review	unreviewed	
180	一直	4	32.520854	d	d:4	0.000000	jat1zik6:4	146	1507.548066	d	d:138|a:6|m:1|t:1	jat1zik6:146	770.034460	true	0.021572	cantomap	true	191	178	jat1zik6	false	domain_concentration_review	unreviewed	
181	交叉	1	8.130213	n	n:1	0.000000	gaau1caa1:1	148	1528.199409	v	v:86|n:56|Ng:6	gaau1caa1:148	768.164811	true	0.005320	cantomap	true	228	153	gaau1caa1	false	domain_concentration_review	unreviewed	
182	方	1	8.130213	a	a:1	0.000000	fong1:1	145	1497.222394	n	n:129|a:10|x:4|q:1|v:1	fong1:145	752.676304	true	0.005430	cantomap	true	125	322	fong1	false	domain_concentration_review	unreviewed	
183	錢	183	1487.829070	n	n:178|nr:5	0.027322	cin2:178|cin4:5	1	10.325672	n	n:1	cin2:1	749.077371	true	0.006940	hkcancor	true	176	198	cin2|cin4	false	domain_concentration_review	unreviewed	
184	識	171	1390.266508	v	v:169|g1:1|vu:1	0.000000	sik1:171	10	103.256717	v	v:10	sik1:10	746.761613	true	0.074271	hkcancor	true	199	171	sik1	false	domain_concentration_review	unreviewed	
185	年	179	1455.308216	q	q:178|n:1	0.000000	nin4:179	1	10.325672	q	q:1	nin4:1	732.816944	true	0.007095	hkcancor	true	230	152	nin4	false	domain_concentration_review	unreviewed	
186	左面	0	0.000000			0.000000		141	1455.919708	f	f:118|n:23	zo2min6:141	727.959854	false	0.000000	cantomap	true	245	145	zo2min6	false	single_corpus_review	unreviewed	
187	引依湖	0	0.000000			0.000000		139	1435.268364	v	v:67|n:52|ns:6|a:4|f:3|x:2|d:2|nz:1	jan5ji1wu4:139	717.634182	false	0.000000	cantomap	false				false	single_corpus_review	unreviewed	
188	嗱	92	747.979642	e	e:67|y:23|u:1|c:1	0.000000	laa4:90|naa4:2	66	681.494331	e	e:29|y:22|u:9|a:3|Ng:1|nr:1|d:1	laa4:62|la4:2|naa4:2	714.736987	true	0.911113	hkcancor	false				false	general_lexicality_review	unreviewed	
189	定	85	691.068147	c	c:54|v:15|u:9|d:3|a:3|p:1	0.000000	ding6:85	71	733.122690	c	c:63|v:7|u:1	ding6:71	712.095419	true	0.942636	cantomap	true	344	95	ding6	false	general_lexicality_review	unreviewed	
190	阿	151	1227.662238	h	h:151	0.000000	aa3:151	19	196.187762	h	h:19	aa3:19	711.925000	true	0.159806	hkcancor	true	182	187	aa3|o1	false	general_lexicality_review	unreviewed	
191	啱	87	707.328574	a	a:83|vd:4	0.000000	aam1:87	69	712.471346	a	a:69	ngaam1:57|am3:4|aam6:3|am4:2|am6:2|aam3:1	709.899960	true	0.992782	cantomap	true	155	247	ngaam1	false	general_lexicality_review	unreviewed	
192	由	33	268.297045	p	p:32|v:1	0.000000	jau4:33	111	1146.149557	p	p:111	jau4:111	707.223301	true	0.234086	cantomap	true	198	171	jau4	false	general_lexicality_review	unreviewed	
193	時候	111	902.453698	n	n:103|t:8	0.000000	si4hau6:111	49	505.957913	n	n:49	si4hau6:49	704.205805	true	0.560647	hkcancor	true	101	420	si4hau6	false	general_lexicality_review	unreviewed	
194	底	20	162.604270	f	f:18|n:2	0.000000	dai2:20	120	1239.080602	f	f:120	dai2:120	700.842436	true	0.131230	cantomap	true	278	123	dai2	false	general_lexicality_review	unreviewed	
195	寫	61	495.943023	v	v:61	0.000000	se2:61	87	898.333437	v	v:87	se2:87	697.138230	true	0.552070	cantomap	true	269	129	se2	false	general_lexicality_review	unreviewed	
196	萍恨廟	0	0.000000			0.000000		134	1383.640006	n	n:80|v:21|a:7|ns:7|x:6|Ng:5|Vg:2|c:1	ping4han6miu2:134	691.820003	false	0.000000	cantomap	false				false	single_corpus_review	unreviewed	
197	位置	5	40.651067	n	n:5	0.000000	wai6zi3:5	130	1342.337319	n	n:110|Ng:14|q:3|a:2|v:1	wai6zi3:130	691.494193	true	0.030284	cantomap	true	248	144	wai6zi3	false	domain_concentration_review	unreviewed	
198	哩啲	170	1382.136295	r	r:170	0.000000	ni1di1:170	0	0.000000				691.068147	false	0.000000	hkcancor	false				false	single_corpus_review	unreviewed	
199	喂	161	1308.964373	e	e:159|y:1|y1:1	0.000000	wai3:157|wai2:4	7	72.279702	e	e:7	wai3:6|wai6:1	690.622038	true	0.055219	hkcancor	true	133	303	wai3	false	domain_concentration_review	unreviewed	
200	唔好	79	642.286866	vu	vu:78|v:1	0.000000	m4hou2:79	70	722.797018	vu	vu:70	m4hou2:70	682.541942	true	0.888613	cantomap	true	102	419	m4hou2	false	general_lexicality_review	unreviewed	
201	右面	0	0.000000			0.000000		132	1362.988662	f	f:78|n:51|x:2|ns:1	jau6min6:132	681.494331	false	0.000000	cantomap	true	242	146	jau6min6	false	single_corpus_review	unreviewed	
202	返去	21	170.734483	v	v:21	0.000000	faan1heoi3:21	115	1187.452244	v	v:115	faan1heoi3:115	679.093364	true	0.143782	cantomap	true	234	150	faan1heoi3	true	known_nonatomic_or_invalid	unreviewed	
203	唔使	119	967.495406	vu	vu:113|v:6	0.000000	m4sai2:119	37	382.049852	vu	vu:37	m4sai2:37	674.772629	true	0.394885	hkcancor	true	186	184	m4sai2	false	general_lexicality_review	unreviewed	
204	成日	163	1325.224800	d	d:162|t:1	0.000000	seng4jat6:163	2	20.651343	d	d:2	sing4jat6:2	672.938072	true	0.015583	hkcancor	true	170	216	sing4jat6	false	domain_concentration_review	unreviewed	
205	出	112	910.583912	v	v:110|Vg:2	0.000000	ceot1:112	40	413.026867	v	v:40	ceot1:40	661.805390	true	0.453585	hkcancor	true	181	188	ceot1	false	general_lexicality_review	unreviewed	
206	開	118	959.365193	v	v:71|u:45|g2:2	0.000000	hoi1:118	35	361.398509	v	v:25|u:9|a:1	hoi1:35	660.381851	true	0.376706	hkcancor	true	287	119	hoi1	false	general_lexicality_review	unreviewed	
207	轉	35	284.557472	v	v:35	0.000000	zyun3:31|zyun2:4	99	1022.241497	v	v:99	zyun2:99	653.399485	true	0.278366	cantomap	true	746	36	zyun2|zyun3	false	general_lexicality_review	unreviewed	
208	繞	0	0.000000			0.000000		125	1290.708961	v	v:103|a:10|n:9|p:1|f:1|Ng:1	jiu5:123|liu2:2	645.354480	false	0.000000	cantomap	true	520	57	jiu5	false	single_corpus_review	unreviewed	
209	繼續	39	317.078326	v	v:39	0.000000	gai3zuk6:39	91	939.636123	v	v:91	gai3zuk6:91	628.357225	true	0.337448	cantomap	true	206	166	gai3zuk6	false	general_lexicality_review	unreviewed	
210	點樣	106	861.802631	r	r:106	0.000000	dim2joeng2:106	38	392.375524	r	r:38	dim2joeng2:38	627.089077	true	0.455296	hkcancor	true	154	250	dim2joeng2	false	general_lexicality_review	unreviewed	
211	走	70	569.114945	v	v:70	0.000000	zau2:70	66	681.494331	v	v:66	zau2:66	625.304638	true	0.835099	cantomap	true	158	241	zau2	false	general_lexicality_review	unreviewed	
212	鍾意	147	1195.141384	v	v:147	0.000000	zung1ji3:147	3	30.977015	v	v:3	zung1ji3:3	613.059200	true	0.025919	hkcancor	true	202	169	zung1ji3	false	domain_concentration_review	unreviewed	
213	搵𡃁園	0	0.000000			0.000000		118	1218.429259	n	n:93|v:15|x:4|ns:3|nt:1|a:1|Nsg:1	wan2leng1jyun4:118	609.214629	false	0.000000	cantomap	false				false	single_corpus_review	unreviewed	
214	香港	149	1211.401811	ns	ns:149	1.000000	hoeng1gong2:149	0	0.000000				605.700906	false	0.000000	hkcancor	true	175	198	hoeng1gong2	false	proper_name_review	unreviewed	
215	頭先	42	341.468967	t	t:42	0.000000	tau4sin1:42	84	867.356422	t	t:84	tau4sin1:84	604.412694	true	0.393689	cantomap	true	188	183	tau4sin1	false	general_lexicality_review	unreviewed	
216	高	63	512.203450	a	a:63	0.000000	gou1:63	67	691.820003	a	a:67	gou1:67	602.011727	true	0.740371	cantomap	true	262	133	gou1	false	general_lexicality_review	unreviewed	
217	邊個	126	1024.406901	r	r:125|q:1	0.000000	bin1go3:126	16	165.210747	r	r:16	bin1go3:16	594.808824	true	0.161275	hkcancor	true	163	232	bin1go3	false	general_lexicality_review	unreviewed	
218	搵靚機場	0	0.000000			0.000000		115	1187.452244	n	n:106|v:8|ns:1	wan2leng3gei1coeng4:115	593.726122	false	0.000000	cantomap	false				false	single_corpus_review	unreviewed	
219	問題	75	609.766012	n	n:75	0.000000	man6tai4:75	54	557.586271	n	n:54	man6tai4:54	583.676142	true	0.914427	hkcancor	true	138	297	man6tai4	false	general_lexicality_review	unreviewed	
220	用	114	926.844339	v	v:114	0.000000	jung6:114	23	237.490449	v	v:23	jung6:23	582.167394	true	0.256236	hkcancor	true	184	185	jung6	false	general_lexicality_review	unreviewed	
221	日	140	1138.229890	q	q:131|t:6|Nsg:2|n:1	0.000000	jat6:140	2	20.651343	q	q:2	jat6:2	579.440617	true	0.018143	hkcancor	true	235	149	jat6	false	domain_concentration_review	unreviewed	
222	勁盛泳池	0	0.000000			0.000000		111	1146.149557	n	n:70|v:12|nz:8|x:7|a:4|ns:2|Nsg:2|jnt:1	ging6sing6wing6ci4:111	573.074779	false	0.000000	cantomap	false				false	single_corpus_review	unreviewed	
223	步薯樂園	0	0.000000			0.000000		111	1146.149557	n	n:77|v:15|Ng:10|q:2|Nsg:2|i:1|Vg:1|x:1	bou6syu4lok6jyun4:111	573.074779	false	0.000000	cantomap	false				false	single_corpus_review	unreviewed	
224	即	116	943.104766	c	c:114|d:2	0.000000	zik1:116	19	196.187762	c	c:19	zik1:18|zak1:1	569.646264	true	0.208023	hkcancor	true	27	1930	zik1	false	general_lexicality_review	unreviewed	
225	共閒馬戲團	0	0.000000			0.000000		110	1135.823885	n	n:42|v:39|Ng:10|x:10|q:3|ns:2|vn:1|a:1	gung6haan4maa5hei3tyun4:110	567.911943	false	0.000000	cantomap	false				false	single_corpus_review	unreviewed	
226	叫做	49	398.380461	v	v:49	0.000000	giu3zou6:49	71	733.122690	v	v:71	giu3zou6:71	565.751576	true	0.543402	cantomap	true	187	183	giu3zou6	false	general_lexicality_review	unreviewed	
227	愁皮池	0	0.000000			0.000000		109	1125.498214	n	n:63|v:25|Ng:6|a:4|x:3|p:2|d:2|ns:2	sau4pei4ci4:109	562.749107	false	0.000000	cantomap	false				false	single_corpus_review	unreviewed	
228	起點	0	0.000000			0.000000		108	1115.172542	v	v:46|n:30|t:25|r:3|x:2|Vg:1|Ng:1	hei2dim2:108	557.586271	false	0.000000	cantomap	true	299	111	hei2dim2	false	single_corpus_review	unreviewed	
229	領幼湖	0	0.000000			0.000000		108	1115.172542	n	n:71|v:15|Ng:5|x:3|a:3|Nsg:3|ns:3|e:1	ling5jau3wu4:108	557.586271	false	0.000000	cantomap	false				false	single_corpus_review	unreviewed	
230	出來	137	1113.839249	v	v:135|p:2	0.000000	ceot1lai4:137	0	0.000000				556.919625	false	0.000000	hkcancor	true	404	77	ceot1loi4	true	known_nonatomic_or_invalid	unreviewed	
231	隔離	16	130.083416	v	v:10|f:5|a:1	0.000000	gaak3lei4:16	95	980.938810	v	v:61|f:25|n:6|a:2|Ng:1	gaak3lei4:95	555.511113	true	0.132611	cantomap	true	268	129	gaak3lei4	false	general_lexicality_review	unreviewed	
232	玩	129	1048.797541	v	v:129	0.000000	waan2:129	6	61.954030	v	v:6	wun6:6	555.375786	true	0.059071	hkcancor	true	267	131	wun6|waan2	false	domain_concentration_review	unreviewed	
233	下方	0	0.000000			0.000000		107	1104.846870	n	n:94|x:6|a:5|q:1|ns:1	haa6fong1:107	552.423435	false	0.000000	cantomap	true	869	29	haa6fong1	false	single_corpus_review	unreviewed	
234	死	130	1056.927755	v	v:125|d1:3|n:1|d:1	0.000000	sei2:130	4	41.302687	v	v:4	sei2:4	549.115221	true	0.039078	hkcancor	true	229	153	sei2	false	domain_concentration_review	unreviewed	
235	右手邊	0	0.000000			0.000000		106	1094.521199	f	f:77|n:23|x:2|d:1|ns:1|Ng:1|vu:1	jau6sau2bin1:106	547.260599	false	0.000000	cantomap	true	1224	18	jau6sau2bin1	false	single_corpus_review	unreviewed	
236	右手面	0	0.000000			0.000000		106	1094.521199	f	f:60|n:43|a:2|x:1	jau6sau2min6:106	547.260599	false	0.000000	cantomap	true	887	28	jau6sau2min6	false	single_corpus_review	unreviewed	
237	份	91	739.849428	q	q:88|n:3	0.000000	fan6:88|fan2:3	34	351.072837	q	q:34	fan6:34	545.461133	true	0.474519	hkcancor	true	277	123	fan6	false	general_lexicality_review	unreviewed	
238	第二	49	398.380461	m	m:39|r:10	0.000000	dai6ji6:49	67	691.820003	m	m:66|r:1	dai6ji6:67	545.100232	true	0.575844	cantomap	true	661	42	dai6ji6	false	general_lexicality_review	unreviewed	
239	杏堂迷宮	0	0.000000			0.000000		105	1084.195527	n	n:74|nz:15|a:4|x:4|Ng:3|v:3|q:2	hang6tong4mai4gung1:105	542.097763	false	0.000000	cantomap	false				false	single_corpus_review	unreviewed	
240	之間	11	89.432348	f	f:11	0.000000	zi1gaan1:11	96	991.264482	f	f:96	zi1gaan1:96	540.348415	true	0.090220	cantomap	true	254	141	zi1gaan1	false	domain_concentration_review	unreviewed	
241	戀煙葡萄園	0	0.000000			0.000000		104	1073.869855	n	n:87|v:7|x:3|ns:2|nr:2|a:1|Nsg:1|Ng:1	lyun2jin1pou4tou4jyun4:104	536.934928	false	0.000000	cantomap	false				false	single_corpus_review	unreviewed	
242	濫印車站	0	0.000000			0.000000		104	1073.869855	n	n:84|v:15|a:3|d:1|x:1	laam5jan3ce1zaam6:104	536.934928	false	0.000000	cantomap	false				false	single_corpus_review	unreviewed	
243	喺度	128	1040.667328	d	d:49|p:44|v:34|f:1	0.000000	hai2dou6:128	3	30.977015	d	d:2|p:1	hai2dou6:3	535.822171	true	0.029766	hkcancor	false				false	domain_concentration_review	unreviewed	
244	攞	121	983.755833	v	v:121	0.000000	lo2:121	8	82.605373	v	v:8	lo2:8	533.180603	true	0.083969	hkcancor	false				false	domain_concentration_review	unreviewed	
245	打	77	626.026439	v	v:72|Vg:4|q:1	0.000000	daa2:77	42	433.678211	v	v:42	daa2:42	529.852325	true	0.692747	hkcancor	true	264	132	daa2|daa1	false	general_lexicality_review	unreviewed	
246	唧	83	674.807720	y	y:78|v:2|c:2|e:1	0.000000	zek1:81|zit1:2	37	382.049852	y	y:37	zek1:34|ik3:1|it3:1|ik1:1	528.428786	true	0.566161	hkcancor	true	333	99	zik1	false	general_lexicality_review	unreviewed	
247	上方	0	0.000000			0.000000		102	1053.218512	n	n:47|v:40|Ng:8|f:4|ns:2|vn:1	soeng6fong1:102	526.609256	false	0.000000	cantomap	true	802	32	soeng6fong1	false	single_corpus_review	unreviewed	
248	嬋盆礦場	0	0.000000			0.000000		102	1053.218512	n	n:94|v:5|a:1|Nsg:1|t:1	sim4pun4kwong3coeng4:102	526.609256	false	0.000000	cantomap	false				false	single_corpus_review	unreviewed	
249	四	51	414.640888	m	m:51	0.000000	sei3:51	61	629.865973	m	m:61	sei3:61	522.253431	true	0.658300	cantomap	true	422	73	sei3	false	general_lexicality_review	unreviewed	
250	名	30	243.906405	n	n:28|q:2	0.000000	meng2:27|ming4:3	77	795.076720	n	n:77	ming4:77	519.491562	true	0.306771	cantomap	true	365	87	ming4|meng4	false	general_lexicality_review	unreviewed	
251	山	1	8.130213	n	n:1	0.000000	saan1:1	98	1011.915825	n	n:78|nr:8|x:4|Ng:4|v:1|Cg:1|f:1|q:1	saan1:98	510.023019	true	0.008034	cantomap	true	143	271	saan1	false	domain_concentration_review	unreviewed	
252	邊度	51	414.640888	r	r:51	0.000000	bin1dou6:51	58	598.888958	r	r:58	bin1dou6:58	506.764923	true	0.692350	cantomap	true	215	159	bin1dou6	false	general_lexicality_review	unreviewed	
253	丸怨樹	0	0.000000			0.000000		98	1011.915825	v	v:42|n:32|ns:5|x:5|Ng:4|a:4|nr:2|d:2	jyun2jyun3syu6:98	505.957913	false	0.000000	cantomap	false				false	single_corpus_review	unreviewed	
254	咦	93	756.109855	e	e:93	0.000000	ji2:90|ji6:2|ji4:1	24	247.816120	e	e:24	ji2:20|ji1:1|ji4:1|hi2:1|ji5:1	501.962988	true	0.327751	hkcancor	true	339	98	ji4	false	general_lexicality_review	unreviewed	
255	包	17	138.213629	v	v:15|q:2	0.000000	baau1:17	80	826.053735	v	v:78|q:1|n:1	baau1:80	482.133682	true	0.167318	cantomap	true	605	47	baau1	false	general_lexicality_review	unreviewed	
256	差唔多	51	414.640888	d	d:48|a:3	0.000000	caa1m4do1:51	53	547.260599	d	d:53	caa1m4do1:53	480.950744	true	0.757666	cantomap	true	286	119	caa1m4do1	false	general_lexicality_review	unreviewed	
257	養	118	959.365193	v	v:118	0.000000	joeng5:118	0	0.000000				479.682596	false	0.000000	hkcancor	true	564	52	joeng5	false	single_corpus_review	unreviewed	
258	𡁵	118	959.365193	u	u:118	0.000000	gan2:118	0	0.000000				479.682596	false	0.000000	hkcancor	false				false	single_corpus_review	unreviewed	
259	你哋	104	845.542204	r	r:104	0.000000	nei5dei6:104	11	113.582389	r	r:11	nei5dei6:11	479.562296	true	0.134331	hkcancor	false				false	general_lexicality_review	unreviewed	
260	地方	48	390.250248	n	n:48	0.000000	dei6fong1:48	55	567.911943	n	n:55	dei6fong1:55	479.081095	true	0.687167	cantomap	true	207	165	dei6fong1	false	general_lexicality_review	unreviewed	
261	啱啱	40	325.208540	d	d:38|t:2	0.000000	ngaam1ngaam1:28|aam1aam1:12	59	609.214629	d	d:59	ngaam1ngaam1:59	467.211585	true	0.533816	cantomap	true	256	141	ngaam1ngaam1	false	general_lexicality_review	unreviewed	
262	驚	107	869.932844	v	v:106|a:1	0.000000	geng1:107	5	51.628358	v	v:5	ging1:5	460.780601	true	0.059348	hkcancor	true	232	152	ging1|geng1	false	domain_concentration_review	unreviewed	
263	十	89	723.589001	m	m:89	0.000000	sap6:89	19	196.187762	m	m:19	sap6:19	459.888382	true	0.271131	hkcancor	true	304	109	sap6	false	general_lexicality_review	unreviewed	
264	害受山	0	0.000000			0.000000		89	918.984780	n	n:62|x:16|v:5|d:2|Nsg:2|ns:2	hoi6sau6saan1:89	459.492390	false	0.000000	cantomap	false				false	single_corpus_review	unreviewed	
265	誰幣灘	0	0.000000			0.000000		89	918.984780	n	n:78|v:6|Ng:2|ns:1|Vg:1|q:1	seoi4bai6taan1:89	459.492390	false	0.000000	cantomap	false				false	single_corpus_review	unreviewed	
266	陪提碑	0	0.000000			0.000000		88	908.659108	n	n:47|v:22|x:10|Ng:4|Nsg:3|l:1|i:1	pui4tai4bei1:88	454.329554	false	0.000000	cantomap	false				false	single_corpus_review	unreviewed	
267	尚健魚排	0	0.000000			0.000000		86	888.007765	t	t:35|r:12|v:10|Vg:9|n:8|f:2|a:2|vn:1	soeng6gin6jyu4paai4:86	444.003882	false	0.000000	cantomap	false				false	single_corpus_review	unreviewed	
268	第一	53	430.901315	m	m:53	0.000000	dai6jat1:53	44	454.329554	m	m:44	dai6jat1:44	442.615435	true	0.948433	cantomap	true	200	170	dai6jat1	true	known_nonatomic_or_invalid	unreviewed	
269	靚	91	739.849428	a	a:89|g2:1|n:1	0.000000	leng3:90|leng1:1	14	144.559404	a	a:14	leng3:14	442.204416	true	0.195390	hkcancor	true	177	196	leng3	false	general_lexicality_review	unreviewed	
270	大概	3	24.390640	d	d:3	0.000000	daai6koi3:3	83	857.030750	d	d:38|n:17|a:12|m:10|nr:3|ns:2|NTg:1	daai6koi3:83	440.710695	true	0.028459	cantomap	true	320	103	daai6koi3	false	domain_concentration_review	unreviewed	
271	擰憂店	0	0.000000			0.000000		85	877.682093	v	v:48|n:32|x:3|ns:2	ling2jau1dim3:85	438.841047	false	0.000000	cantomap	false				false	single_corpus_review	unreviewed	
272	航常叢林	0	0.000000			0.000000		85	877.682093	ns	ns:30|n:22|v:20|nr:7|a:2|Ng:2|k:1|x:1	hong4soeng4cung4lam4:85	438.841047	false	0.000000	cantomap	false				false	single_corpus_review	unreviewed	
273	搞	103	837.411990	v	v:103	0.000000	gaau2:103	3	30.977015	v	v:3	gaau2:3	434.194503	true	0.036991	hkcancor	true	272	127	gaau2	false	domain_concentration_review	unreviewed	
274	請	71	577.245158	v	v:71	0.000000	ceng2:71	28	289.118807	v	v:28	ceng2:28	433.181983	true	0.500860	hkcancor	true	326	101	ceng2|cing2	false	general_lexicality_review	unreviewed	
275	梗係	106	861.802631	d	d:106	0.000000	gang2hai6:106	0	0.000000				430.901315	false	0.000000	hkcancor	true	258	140	gang2hai6	false	single_corpus_review	unreviewed	
276	左手面	0	0.000000			0.000000		83	857.030750	f	f:65|n:16|a:1|p:1	zo2sau2min6:83	428.515375	false	0.000000	cantomap	true	971	25	zo2sau2min6	false	single_corpus_review	unreviewed	
277	明白	7	56.911494	v	v:5|a:2	0.000000	ming4baak6:7	77	795.076720	v	v:51|a:20|d:4|x:1|n:1	ming4baak6:77	425.994107	true	0.071580	cantomap	true	310	106	ming4baak6	false	domain_concentration_review	unreviewed	
278	唉	97	788.630709	e	e:96|y1:1	0.000000	aai5:97	6	61.954030	e	e:6	aai2:3|aai3:3	425.292370	true	0.078559	hkcancor	true	257	140	aai1|oi1	false	domain_concentration_review	unreviewed	
279	算	81	658.547293	v	v:81	0.000000	syun3:81	17	175.536419	v	v:17	syun3:17	417.041856	true	0.266551	hkcancor	true	325	102	syun3	false	general_lexicality_review	unreviewed	
280	一定	87	707.328574	d	d:87	0.000000	jat1ding6:87	12	123.908060	d	d:12	jat1ding6:12	415.618317	true	0.175178	hkcancor	true	166	223	jat1ding6	false	general_lexicality_review	unreviewed	
281	考	102	829.281777	v	v:102	0.000000	haau2:102	0	0.000000				414.640888	false	0.000000	hkcancor	true	379	83	haau2	false	single_corpus_review	unreviewed	
282	等等	7	56.911494	u	u:4|v:3	0.000000	dang2dang2:7	73	753.774033	v	v:57|u:15|d:1	dang2dang2:73	405.342764	true	0.075502	cantomap	true	311	106	dang2dang2	false	domain_concentration_review	unreviewed	
283	飲	99	804.891136	v	v:99	0.000000	jam2:99	0	0.000000				402.445568	false	0.000000	hkcancor	true	391	81	jam2	false	single_corpus_review	unreviewed	
284	停	18	146.343843	v	v:18	0.000000	ting4:18	63	650.517316	v	v:63	ting4:60|ten3:3	398.430580	true	0.224965	cantomap	true	340	98	ting4	false	general_lexicality_review	unreviewed	
285	另外	71	577.245158	c	c:65|r:5|d:1	0.000000	ling6ngoi6:71	21	216.839105	c	c:21	ling6ngoi6:21	397.042132	true	0.375645	hkcancor	true	290	117	ling6ngoi6	false	general_lexicality_review	unreviewed	
286	面	11	89.432348	n	n:11	0.000000	min6:10|min2:1	68	702.145675	n	n:68	min6:68	395.789012	true	0.127370	cantomap	true	106	412	min6	false	general_lexicality_review	unreviewed	
287	淨係	63	512.203450	d	d:63	0.000000	zing6hai6:63	27	278.793135	d	d:27	zing6hai6:27	395.498293	true	0.544302	hkcancor	true	275	125	zing6hai6	false	general_lexicality_review	unreviewed	
288	同學	92	747.979642	n	n:92	0.000000	tung4hok6:92	4	41.302687	n	n:4	tung4hok6:4	394.641164	true	0.055219	hkcancor	true	322	102	tung4hok6	false	domain_concentration_review	unreviewed	
289	㗎	56	455.291956	y	y:54|y1:2	0.000000	gaa4:56	32	330.421494	y	y:32	gaa4:29|gaa6:2|ga6:1	392.856725	true	0.725735	hkcancor	true	42	1155	*?	false	general_lexicality_review	unreviewed	
290	勇腰帳棚	0	0.000000			0.000000		76	784.751048	n	n:44|v:12|Ng:8|x:4|a:2|Nsg:1|Vg:1|ns:1	jung5jiu1zoeng3paang4:76	392.375524	false	0.000000	cantomap	false				false	single_corpus_review	unreviewed	
291	貴	96	780.500496	a	a:96	0.000000	gwai3:96	0	0.000000				390.250248	false	0.000000	hkcancor	true	421	74	gwai3	false	single_corpus_review	unreviewed	
292	時間	75	609.766012	n	n:75	0.000000	si4gaan3:75	16	165.210747	n	n:16	si4gaan3:16	387.488380	true	0.270941	hkcancor	true	210	164	si4gaan3	false	general_lexicality_review	unreviewed	
293	有啲	94	764.240069	r	r:90|m:2|v:1|d:1	0.000000	jau5di1:94	1	10.325672	r	r:1	jau5di1:1	387.282870	true	0.013511	hkcancor	false				false	domain_concentration_review	unreviewed	
294	直線	0	0.000000			0.000000		75	774.425376	n	n:45|d:15|a:7|v:5|q:3	zik6sin3:75	387.212688	false	0.000000	cantomap	true	580	50	zik6sin3	false	single_corpus_review	unreviewed	
295	座	1	8.130213	q	q:1	0.000000	zo6:1	74	764.099705	q	q:40|n:26|v:4|a:1|d:1|ns:1|m:1	zo6:74	386.114959	true	0.010640	cantomap	true	680	41	zo6	false	domain_concentration_review	unreviewed	
296	直	3	24.390640	d	d:3	0.000000	zik6:3	71	733.122690	d	d:68|a:2|v:1	zik6:71	378.756665	true	0.033270	cantomap	true	461	65	zik6	false	domain_concentration_review	unreviewed	
297	快	83	674.807720	a	a:82|d:1	0.000000	faai3:83	8	82.605373	a	a:8	faai3:8	378.706547	true	0.122413	hkcancor	true	323	102	faai3	false	general_lexicality_review	unreviewed	
298	公司	93	756.109855	n	n:93	0.000000	gung1si1:93	0	0.000000				378.054928	false	0.000000	hkcancor	true	178	195	gung1si1	false	single_corpus_review	unreviewed	
299	路	14	113.822989	n	n:14	0.000000	lou6:12|lou2:2	62	640.191644	n	n:62	lou6:62	377.007317	true	0.177795	cantomap	true	251	143	lou6	false	general_lexicality_review	unreviewed	
300	談痕山路	0	0.000000			0.000000		73	753.774033	n	n:33|v:22|ns:8|Ng:7|a:2|xjnt:1	taam4han4saan1lou6:73	376.887017	false	0.000000	cantomap	false				false	single_corpus_review	unreviewed	
301	幫	90	731.719215	v	v:90	0.000000	bong1:90	2	20.651343	v	v:2	bong1:2	376.185279	true	0.028223	hkcancor	true	271	128	bong1	false	domain_concentration_review	unreviewed	
302	加	27	219.515764	v	v:26|d:1	0.000000	gaa1:27	51	526.609256	v	v:51	gaa1:51	373.062510	true	0.416848	cantomap	true	507	58	gaa1	false	general_lexicality_review	unreviewed	
303	暖煙海	0	0.000000			0.000000		72	743.448361	n	n:53|x:8|ns:6|v:3|d:1|a:1	lyun5jin1hoi2:72	371.724181	false	0.000000	cantomap	false				false	single_corpus_review	unreviewed	
304	領憂風車	0	0.000000			0.000000		72	743.448361	n	n:59|v:8|x:3|p:1|a:1	ling5jau1fung1ce1:72	371.724181	false	0.000000	cantomap	false				false	single_corpus_review	unreviewed	
305	比較	73	593.505585	d	d:62|v:10|vn:1	0.000000	bei2gaau3:73	14	144.559404	d	d:12|v:2	bei2gaau3:14	369.032495	true	0.243569	hkcancor	true	222	155	bei2gaau3	false	general_lexicality_review	unreviewed	
306	成病禮堂	0	0.000000			0.000000		71	733.122690	n	n:55|x:7|Ng:2|a:2|Nsg:2|d:2|u:1	sing4beng6lai5tong4:71	366.561345	false	0.000000	cantomap	false				false	single_corpus_review	unreviewed	
307	盛磅滑雪場	0	0.000000			0.000000		71	733.122690	n	n:71	sing6bong6waat6syut3coeng4:71	366.561345	false	0.000000	cantomap	false				false	single_corpus_review	unreviewed	
308	幾多	89	723.589001	r	r:89	0.000000	gei2do1:89	0	0.000000				361.794501	false	0.000000	hkcancor	true	249	144	*gei2|gei1do1	false	single_corpus_review	unreviewed	
309	虛線	0	0.000000			0.000000		70	722.797018	n	n:62|v:4|x:2|a:1|Ng:1	heoi1sin3:70	361.398509	false	0.000000	cantomap	true	436	70	heoi1sin3	false	single_corpus_review	unreviewed	
310	鼻樹公園	0	0.000000			0.000000		70	722.797018	n	n:56|v:7|x:5|nt:1|a:1	bei6syu6gung1jyun2:70	361.398509	false	0.000000	cantomap	false				false	single_corpus_review	unreviewed	
311	偏	1	8.130213	v	v:1	0.000000	pin1:1	69	712.471346	v	v:44|n:10|d:5|x:2|a:2|jnz:2|vn:1|p:1	pin1:69	360.300780	true	0.011411	cantomap	true	682	41	pin1	false	domain_concentration_review	unreviewed	
312	月	79	642.286866	n	n:78|Tg:1	0.000000	jyut6:79	7	72.279702	n	n:7	jut6:7	357.283284	true	0.112535	hkcancor	true	292	116	jyut6	false	general_lexicality_review	unreviewed	
313	到去	0	0.000000			0.000000		69	712.471346	v	v:63|p:5|u:1	dou3heoi3:69	356.235673	false	0.000000	cantomap	false				false	single_corpus_review	unreviewed	
314	定係	15	121.953202	c	c:15	0.000000	ding6hai6:15	57	588.563286	c	c:57	ding6hai6:57	355.258244	true	0.207205	cantomap	true	313	105	ding6hai6	false	general_lexicality_review	unreviewed	
315	后傻碼頭	0	0.000000			0.000000		68	702.145675	n	n:44|v:7|x:6|t:3|f:3|ns:2|a:2|Nsg:1	hau6so4maa5tau4:68	351.072837	false	0.000000	cantomap	false				false	single_corpus_review	unreviewed	
316	一啲	86	699.198361	m	m:79|r:3|q:3|u:1	0.000000	jat1di1:86	0	0.000000				349.599180	false	0.000000	hkcancor	false				false	single_corpus_review	unreviewed	
317	賣	86	699.198361	v	v:86	0.000000	maai6:86	0	0.000000				349.599180	false	0.000000	hkcancor	true	301	111	maai6	false	single_corpus_review	unreviewed	
318	五	40	325.208540	m	m:40	0.000000	ng5:40	36	371.724181	m	m:36	ng5:36	348.466360	true	0.874865	cantomap	true	400	78	ng5	false	general_lexicality_review	unreviewed	
319	呃	59	479.682596	y	y:47|v:10|e:2	0.000000	aak3:47|aak1:12	21	216.839105	y	y:18|e:2|n:1	aak3:16|ak3:1|aak1:1|aat6:1|ngaak1:1|ang3:1	348.260851	true	0.452047	hkcancor	true	434	70	ngaak1|aak1|ak1	false	general_lexicality_review	unreviewed	
320	啞	4	32.520854	y	y:3|o:1	0.000000	aa5:4	64	660.842988	v	v:17|Ng:16|x:13|Nsg:5|n:3|xx:3|z:2|ns:1	aa2:61|a2:3	346.681921	true	0.049211	cantomap	false				false	domain_concentration_review	unreviewed	
321	樹	0	0.000000			0.000000		67	691.820003	n	n:29|v:22|Ng:7|nz:4|x:2|a:2|q:1	syu6:66|cyut3:1	345.910001	false	0.000000	cantomap	true	168	218	syu6	false	single_corpus_review	unreviewed	
322	人哋	85	691.068147	r	r:85	0.000000	jan4dei6:85	0	0.000000				345.534074	false	0.000000	hkcancor	false				false	single_corpus_review	unreviewed	
323	入	48	390.250248	v	v:48	0.000000	jap6:48	29	299.444479	v	v:29	jap6:29	344.847363	true	0.767314	hkcancor	true	384	82	jap6	false	general_lexicality_review	unreviewed	
324	彎	1	8.130213	v	v:1	0.000000	waan1:1	66	681.494331	v	v:41|n:22|Ng:3	waan1:66	344.812272	true	0.011930	cantomap	true	530	56	waan1	false	domain_concentration_review	unreviewed	
325	引意水塘	0	0.000000			0.000000		66	681.494331	v	v:26|n:17|ns:9|x:8|Ng:3|a:2|l:1	jan5ji3seoi2tong4:66	340.747166	false	0.000000	cantomap	false				false	single_corpus_review	unreviewed	
326	𠻹	71	577.245158	y	y:71	0.000000	tim1:71	10	103.256717	y	y:10	tim1:10	340.250938	true	0.178878	hkcancor	false				false	general_lexicality_review	unreviewed	
327	打橫	0	0.000000			0.000000		65	671.168660	v	v:64|n:1	daa2waang4:65	335.584330	false	0.000000	cantomap	true	446	68	daa2waang4	false	single_corpus_review	unreviewed	
328	本	79	642.286866	q	q:78|b:1	0.000000	bun2:79	2	20.651343	q	q:2	bun2:2	331.469105	true	0.032153	hkcancor	true	426	72	bun2	false	domain_concentration_review	unreviewed	
329	二	14	113.822989	m	m:13|Tg:1	0.000000	ji6:14	53	547.260599	m	m:53	ji6:53	330.541794	true	0.207987	cantomap	true	370	86	ji6	false	general_lexicality_review	unreviewed	
330	唔洗	0	0.000000			0.000000		64	660.842988	d	d:32|v:17|l:11|a:2|Vg:1|g1:1	m4sai2:64	330.421494	false	0.000000	cantomap	false				false	single_corpus_review	unreviewed	
331	暖燕瀑布	0	0.000000			0.000000		64	660.842988	n	n:34|nr:24|v:3|x:2|Ng:1	lyun5jin3buk6bou3:64	330.421494	false	0.000000	cantomap	false				false	single_corpus_review	unreviewed	
332	瑞效果嶺	0	0.000000			0.000000		64	660.842988	ns	ns:54|n:5|v:2|Ng:2|xnr:1	seoi4haau6gwo2leng5:64	330.421494	false	0.000000	cantomap	false				false	single_corpus_review	unreviewed	
333	原來	71	577.245158	d	d:71	0.000000	jyun4loi4:71	8	82.605373	d	d:8	jun4loi4:8	329.925266	true	0.143103	hkcancor	true	316	104	jyun4loi4	false	general_lexicality_review	unreviewed	
334	變	79	642.286866	v	v:79	0.000000	bin3:79	1	10.325672	v	v:1	bin3:1	326.306269	true	0.016076	hkcancor	true	246	145	bin3	false	domain_concentration_review	unreviewed	
335	將	23	186.994910	d	d:10|v:9|p:4	0.000000	zoeng1:23	45	464.655226	v	v:21|d:16|p:4|m:1|l:1|t:1|n:1	zoeng1:45	325.825068	true	0.402438	cantomap	true	368	87	zoeng1|zoeng3	false	general_lexicality_review	unreviewed	
336	北方	0	0.000000			0.000000		63	650.517316	n	n:39|ns:19|x:4|a:1	bak1fong1:63	325.258658	false	0.000000	cantomap	true	371	86	bak1fong1	false	single_corpus_review	unreviewed	
337	左手邊	0	0.000000			0.000000		63	650.517316	f	f:63	zo2sau2bin1:63	325.258658	false	0.000000	cantomap	true	1401	15	zo2sau2bin1	false	single_corpus_review	unreviewed	
338	賀婆墳場	0	0.000000			0.000000		63	650.517316	n	n:60|v:2|x:1	ho6po4fan4coeng4:63	325.258658	false	0.000000	cantomap	false				false	single_corpus_review	unreviewed	
339	返來	80	650.417080	v	v:78|f:1|n:1	0.000000	faan1lei4:43|faan1lai4:37	0	0.000000				325.208540	false	0.000000	hkcancor	true	538	54	*faan1|faan2loi4	false	single_corpus_review	unreviewed	
340	斜	5	40.651067	n	n:5	0.000000	ce3:5	59	609.214629	n	n:50|v:7|a:1|d:1	ce4:59	324.932848	true	0.066727	cantomap	true	495	60	ce4|ce3	false	domain_concentration_review	unreviewed	
341	首先	8	65.041708	d	d:8	0.000000	sau2sin1:8	56	578.237614	d	d:48|l:5|i:1|xnr:1|ad:1	sau2sin1:56	321.639661	true	0.112483	cantomap	true	412	75	sau2sin1	false	general_lexicality_review	unreviewed	
342	屋企	79	642.286866	n	n:79	0.000000	uk1kei2:79	0	0.000000				321.143433	false	0.000000	hkcancor	true	270	128	uk1kei2	false	single_corpus_review	unreviewed	
343	笨純像	0	0.000000			0.000000		62	640.191644	n	n:41|x:11|v:5|a:3|Vg:1|vn:1	ban6seon4zoeng6:62	320.095822	false	0.000000	cantomap	false				false	single_corpus_review	unreviewed	
344	陶排工廠	0	0.000000			0.000000		62	640.191644	n	n:33|v:14|x:6|Ng:3|nr:1|Vg:1|r:1|q:1	tou4paai4gung1cong2:62	320.095822	false	0.000000	cantomap	false				false	single_corpus_review	unreviewed	
345	連	25	203.255337	d	d:10|v:9|q:3|c:2|p:1	0.000000	lin4:25	42	433.678211	v	v:24|d:15|nr:1|q:1|c:1	lin4:41|lin3:1	318.466774	true	0.468678	cantomap	true	742	36	lin4	false	general_lexicality_review	unreviewed	
346	電話	77	626.026439	n	n:77	0.000000	din6waa2:77	1	10.325672	n	n:1	din6waa2:1	318.176056	true	0.016494	hkcancor	true	314	105	din6waa2	false	domain_concentration_review	unreviewed	
347	總之	27	219.515764	d	d:27	0.000000	zung2zi1:27	40	413.026867	d	d:40	zung2zi1:40	316.271316	true	0.531481	cantomap	true	393	81	zung2zi1	false	general_lexicality_review	unreviewed	
348	仔	60	487.812810	n	n:32|k:28	0.000000	zai2:60	14	144.559404	k	k:7|n:7	zai2:14	316.186107	true	0.296342	hkcancor	true	372	85	zai2|zi2	false	general_lexicality_review	unreviewed	
349	工	70	569.114945	n	n:68|Ng:2	0.000000	gung1:70	6	61.954030	n	n:6	gung1:6	315.534488	true	0.108860	hkcancor	true	378	83	gung1	false	general_lexicality_review	unreviewed	
350	射頹餐室	0	0.000000			0.000000		61	629.865973	n	n:46|x:5|nt:4|v:4|Nsg:2	se6teoi4caan1sat1:61	314.932986	false	0.000000	cantomap	false				false	single_corpus_review	unreviewed	
351	夠	76	617.896226	v	v:68|a:5|d:2|g1:1	0.000000	gau3:76	1	10.325672	v	v:1	gau3:1	314.110949	true	0.016711	hkcancor	true	1165	20	gau3	false	domain_concentration_review	unreviewed	
352	棵	2	16.260427	q	q:2	0.000000	po1:2	59	609.214629	q	q:31|n:10|v:9|d:3|a:2|jnt:1|ns:1|f:1	po1:59	312.737528	true	0.026691	cantomap	true	797	33	po1|fo2	false	domain_concentration_review	unreviewed	
353	難	65	528.463877	a	a:63|d:1|Ag:1	0.000000	naan4:65	9	92.931045	a	a:9	naan6:9	310.697461	true	0.175851	hkcancor	true	645	44	naan6|naan4	false	general_lexicality_review	unreviewed	
354	地標	0	0.000000			0.000000		60	619.540301	n	n:60	dei6biu1:60	309.770151	false	0.000000	cantomap	true	484	61	dei6biu1	false	single_corpus_review	unreviewed	
355	頭兆井	0	0.000000			0.000000		60	619.540301	n	n:55|a:2|x:2|q:1	tau4siu6zeng2:60	309.770151	false	0.000000	cantomap	false				false	single_corpus_review	unreviewed	
356	而	45	365.859607	c	c:42|p:2|Tg:1	0.000000	ji4:45	24	247.816120	c	c:24	ji4:24	306.837864	true	0.677353	hkcancor	true	190	179	ji4	false	general_lexicality_review	unreviewed	
357	事	64	520.333664	n	n:64	0.000000	si6:64	9	92.931045	n	n:9	si6:9	306.632355	true	0.178599	hkcancor	true	216	157	si6	false	general_lexicality_review	unreviewed	
358	南方	0	0.000000			0.000000		59	609.214629	n	n:43|ns:6|x:5|Ng:2|v:1|t:1|a:1	naam4fong1:59	304.607315	false	0.000000	cantomap	true	1236	18	naam4fong1	false	single_corpus_review	unreviewed	
359	一樣	38	308.948113	a	a:37|b:1	0.000000	jat1joeng6:38	29	299.444479	a	a:29	jat1joeng6:29	304.196296	true	0.969239	hkcancor	true	192	177	jat1joeng6	false	general_lexicality_review	unreviewed	
360	鬼	72	585.375372	d1	d1:64|n:8	0.000000	gwai2:72	2	20.651343	d1	d1:2	gwai2:2	303.013358	true	0.035279	hkcancor	true	503	59	gwai2	false	domain_concentration_review	unreviewed	
361	太	68	552.854518	d	d:68	0.000000	taai3:68	5	51.628358	d	d:5	taai3:5	302.241438	true	0.093385	hkcancor	true	437	69	taai3	false	domain_concentration_review	unreviewed	
362	湖	0	0.000000			0.000000		58	598.888958	n	n:46|v:6|x:3|a:2|Ng:1	wu4:58	299.444479	false	0.000000	cantomap	true	213	160	wu4	false	single_corpus_review	unreviewed	
363	種	71	577.245158	q	q:68|n:3	0.000000	zung2:71	2	20.651343	q	q:2	zung2:2	298.948251	true	0.035776	hkcancor	true	431	72	zung2|zung3	false	domain_concentration_review	unreviewed	
364	明	43	349.599180	v	v:27|nr:15|a:1	0.348837	ming4:43	24	247.816120	v	v:24	ming4:24	298.707650	true	0.708858	hkcancor	true	502	59	ming4	false	general_lexicality_review	unreviewed	
365	少	62	504.073237	a	a:61|d:1	0.000000	siu2:62	9	92.931045	a	a:9	siu2:9	298.502141	true	0.184360	hkcancor	true	438	69	siu2|siu3	false	general_lexicality_review	unreviewed	
366	舊	21	170.734483	a	a:16|q:5	0.000000	gau6:21	41	423.352539	q	q:21|a:20	gau6:41	297.043511	true	0.403292	cantomap	true	585	50	gau6	false	general_lexicality_review	unreviewed	
367	頂	12	97.562562	v	v:12	0.000000	ding2:12	48	495.632241	v	v:48	ding2:48	296.597401	true	0.196845	cantomap	true	473	63	ding2|deng2	false	general_lexicality_review	unreviewed	
368	等	46	373.989821	v	v:46	0.000000	dang2:46	21	216.839105	v	v:21	dang2:21	295.414463	true	0.579799	hkcancor	true	250	143	dang2	false	general_lexicality_review	unreviewed	
369	魚	67	544.724304	n	n:67	0.000000	jyu2:67	4	41.302687	n	n:4	ju2:4	293.013496	true	0.075823	hkcancor	true	776	34	jyu2	false	domain_concentration_review	unreviewed	
370	哎吔	72	585.375372	e	e:72	0.000000	ai1jaa3:40|aai1jaa3:32	0	0.000000				292.687686	false	0.000000	hkcancor	false				false	single_corpus_review	unreviewed	
371	開心	72	585.375372	a	a:72	0.000000	hoi1sam1:72	0	0.000000				292.687686	false	0.000000	hkcancor	true	237	149	hoi1sam1	false	single_corpus_review	unreviewed	
372	彭	2	16.260427	nr	nr:2	1.000000	paang4:2	55	567.911943	nr	nr:20|n:16|Ng:14|a:1|g2:1|vn:1|u:1|q:1	pang4:55	292.086185	true	0.028632	cantomap	true	361	89	pang4	false	proper_name_review	unreviewed	
373	見到	2	16.260427	n	n:1|v:1	0.000000	gin3dou2:2	55	567.911943	v	v:55	gin3dou2:55	292.086185	true	0.028632	cantomap	false				false	domain_concentration_review	unreviewed	
374	知道	55	447.161742	v	v:55	0.000000	zi1dou3:55	13	134.233732	v	v:13	zi1dou3:13	290.697737	true	0.300191	hkcancor	true	183	186	zi1dou3	false	general_lexicality_review	unreviewed	
375	文字	0	0.000000			0.000000		56	578.237614	n	n:47|v:4|x:4|ns:1	man4zi6:56	289.118807	false	0.000000	cantomap	true	444	68	man4zi6	false	single_corpus_review	unreviewed	
376	枉𤓓纜車	0	0.000000			0.000000		56	578.237614	n	n:38|v:15|x:2|l:1	wong2lo3laam3ce1:56	289.118807	false	0.000000	cantomap	false				false	single_corpus_review	unreviewed	
377	濫欣金字塔	0	0.000000			0.000000		56	578.237614	n	n:20|v:12|a:10|Ng:4|nz:2|x:2|d:2|f:2	laam5jan1gam1zi6taap3:56	289.118807	false	0.000000	cantomap	false				false	single_corpus_review	unreviewed	
378	仲有	1	8.130213	v	v:1	0.000000	zung6jau5:1	55	567.911943	v	v:35|d:7|n:6|a:5|i:2	zung6jau5:55	288.021078	true	0.014316	cantomap	true	332	99	zung6jau5	false	domain_concentration_review	unreviewed	
379	近	20	162.604270	a	a:20	0.000000	gan6:10|kan5:10	40	413.026867	a	a:40	gan6:40	287.815569	true	0.393689	cantomap	true	658	42	gan6|kan5	false	general_lexicality_review	unreviewed	
380	平	63	512.203450	a	a:63	0.000000	peng4:62|ping4:1	6	61.954030	a	a:6	ping4:6	287.078740	true	0.120956	hkcancor	true	569	51	ping4	false	general_lexicality_review	unreviewed	
381	部	64	520.333664	q	q:61|n:3	0.000000	bou6:64	5	51.628358	q	q:5	bou6:5	285.981011	true	0.099222	hkcancor	true	405	77	bou6	false	domain_concentration_review	unreviewed	
382	其他	57	463.422169	r	r:57	0.000000	kei4taa1:57	10	103.256717	r	r:10	kei4taa1:10	283.339443	true	0.222814	hkcancor	true	303	110	kei4taa1	false	general_lexicality_review	unreviewed	
383	大家	62	504.073237	r	r:62	0.000000	daai6gaa1:62	6	61.954030	r	r:6	daai6gaa1:6	283.013634	true	0.122907	hkcancor	true	159	239	daai6gaa1	false	general_lexicality_review	unreviewed	
384	仲	1	8.130213	a	a:1	0.000000	zung6:1	54	557.586271	d	d:21|n:14|a:10|v:5|x:1|xd:1|jnt:1|t:1	zung6:54	282.858242	true	0.014581	cantomap	true	293	116	zung6	false	domain_concentration_review	unreviewed	
385	新	53	430.901315	a	a:53	0.000000	san1:53	13	134.233732	a	a:13	san1:13	282.567524	true	0.311519	hkcancor	true	309	107	san1	false	general_lexicality_review	unreviewed	
386	東	0	0.000000			0.000000		54	557.586271	ns	ns:46|n:5|nt:2|a:1	dung1:54	278.793135	false	0.000000	cantomap	true	374	84	dung1	false	single_corpus_review	unreviewed	
387	圖	1	8.130213	n	n:1	0.000000	tou4:1	53	547.260599	n	n:52|m:1	tou4:53	277.695406	true	0.014856	cantomap	true	469	64	tou4	false	domain_concentration_review	unreviewed	
388	幅	3	24.390640	q	q:3	0.000000	fuk1:3	51	526.609256	q	q:42|n:6|ns:2|v:1	fuk1:51	275.499948	true	0.046316	cantomap	true	718	38	fuk1	false	domain_concentration_review	unreviewed	
389	時效堡	0	0.000000			0.000000		53	547.260599	n	n:53	si4haau6bou2:53	273.630300	false	0.000000	cantomap	false				false	single_corpus_review	unreviewed	
390	錯	43	349.599180	a	a:34|vd:7|d:2	0.000000	co3:43	19	196.187762	a	a:19	co3:19	272.893471	true	0.561179	hkcancor	true	565	52	co3	false	general_lexicality_review	unreviewed	
391	理	26	211.385551	v	v:25|Ag:1	0.000000	lei5:26	32	330.421494	v	v:32	lei5:32	270.903522	true	0.639745	cantomap	true	430	72	lei5	false	general_lexicality_review	unreviewed	
392	意思	27	219.515764	n	n:27	0.000000	ji3si1:27	31	320.095822	n	n:31	ji3si1:31	269.805793	true	0.685781	cantomap	true	331	100	ji3si1	false	general_lexicality_review	unreviewed	
393	機	65	528.463877	n	n:60|Ng:5	0.000000	gei1:65	1	10.325672	n	n:1	gei1:1	269.394775	true	0.019539	hkcancor	true	590	49	gei1	false	domain_concentration_review	unreviewed	
394	南	0	0.000000			0.000000		52	536.934928	ns	ns:45|v:2|Ng:2|u:1|n:1|nr:1	naam4:52	268.467464	false	0.000000	cantomap	true	305	109	naam4	false	single_corpus_review	unreviewed	
395	咸順樹林	0	0.000000			0.000000		52	536.934928	n	n:20|ns:18|v:4|nr:4|Ng:3|a:2|Mg:1	haam4seon6syu6lam4:52	268.467464	false	0.000000	cantomap	false				false	single_corpus_review	unreviewed	
396	忍意球場	0	0.000000			0.000000		52	536.934928	n	n:41|v:11	jan2ji3kau4coeng4:52	268.467464	false	0.000000	cantomap	false				false	single_corpus_review	unreviewed	
397	下邊	3	24.390640	f	f:3	0.000000	haa6bin6:3	49	505.957913	f	f:27|n:8|q:3|Ng:3|vn:2|x:2|t:2|a:1	haa6bin1:49	265.174277	true	0.048207	cantomap	true	1276	17	haa6bin1	false	domain_concentration_review	unreviewed	
398	收	60	487.812810	v	v:60	0.000000	sau1:60	4	41.302687	v	v:4	sau1:4	264.557748	true	0.084669	hkcancor	true	485	61	sau1	false	domain_concentration_review	unreviewed	
399	計	61	495.943023	v	v:57|n:4	0.000000	gai3:57|gai2:4	3	30.977015	v	v:3	gai3:3	263.460019	true	0.062461	hkcancor	true	739	36	gai3	false	domain_concentration_review	unreviewed	
400	起	53	430.901315	v	v:38|u:14|Vg:1	0.000000	hei2:53	9	92.931045	v	v:7|u:2	hei2:9	261.916180	true	0.215667	hkcancor	true	443	69	hei2	false	general_lexicality_review	unreviewed	
401	試	63	512.203450	v	v:55|n:8	0.000000	si3:55|si5:8	1	10.325672	v	v:1	si3:1	261.264561	true	0.020159	hkcancor	true	1062	23	si3	false	domain_concentration_review	unreviewed	
402	緊	3	24.390640	a	a:3	0.000000	gan2:3	48	495.632241	a	a:20|n:10|v:9|m:4|Nsg:3|nr:1|vu:1	gan2:48	260.011441	true	0.049211	cantomap	true	194	175	gan2	false	domain_concentration_review	unreviewed	
403	六	37	300.817899	m	m:37	0.000000	luk6:37	21	216.839105	m	m:21	luk6:21	258.828502	true	0.720832	hkcancor	true	465	64	luk6	false	general_lexicality_review	unreviewed	
404	唔同	56	455.291956	a	a:39|d:13|v:2|r:2	0.000000	m4tung4:56	6	61.954030	a	a:5|d:1	m4tung4:6	258.622993	true	0.136075	hkcancor	true	296	114	m4tung4	false	general_lexicality_review	unreviewed	
405	北	1	8.130213	x	x:1	0.000000	bak1:1	49	505.957913	ns	ns:42|x:3|v:2|q:1|a:1	bak1:49	257.044063	true	0.016069	cantomap	true	669	41	bak1	false	domain_concentration_review	unreviewed	
406	遠	34	276.427259	a	a:34	0.000000	jyun5:34	23	237.490449	a	a:23	jun5:23	256.958854	true	0.859143	hkcancor	true	363	89	jyun5	false	general_lexicality_review	unreviewed	
407	以前	63	512.203450	t	t:50|f:13	0.000000	ji5cin4:63	0	0.000000				256.101725	false	0.000000	hkcancor	true	284	119	ji5cin4	false	single_corpus_review	unreviewed	
408	裏邊	63	512.203450	f	f:63	0.000000	leoi5bin6:63	0	0.000000				256.101725	false	0.000000	hkcancor	true	474	63	*leoi5bin1	false	single_corpus_review	unreviewed	
409	完成	3	24.390640	v	v:3	0.000000	jyun4sing4:3	47	485.306569	v	v:45|u:2	jun4sing4:47	254.848605	true	0.050258	cantomap	true	532	55	jyun4sing4	false	domain_concentration_review	unreviewed	
410	中	28	227.645978	jn	jn:7|f:6|v:6|Nsg:2|jnz:2|j:1|jb:1|ns:1	0.035714	zung1:20|zung3:8	27	278.793135	f	f:7|jn:7|n:6|v:3|x:3|b:1	zung1:27	253.219557	true	0.816541	cantomap	true	312	105	zung1|zung3	false	general_lexicality_review	unreviewed	
411	冇錯	14	113.822989	v	v:12|a:2	0.000000	mou5co3:14	38	392.375524	v	v:36|a:2	mou5co3:38	253.099257	true	0.290087	cantomap	true	315	104	mou5co3	false	general_lexicality_review	unreviewed	
412	往𤓓灣	0	0.000000			0.000000		49	505.957913	ns	ns:31|n:13|a:2|v:2|Ng:1	wong5lo3waan1:49	252.978956	false	0.000000	cantomap	false				false	single_corpus_review	unreviewed	
413	哩樣	62	504.073237	r	r:62	0.000000	ni1joeng6:62	0	0.000000				252.036618	false	0.000000	hkcancor	true	582	50	*lei5|le1|lei1|li1joeng6	false	single_corpus_review	unreviewed	
414	班	62	504.073237	q	q:46|n:14|v:1|k:1	0.000000	baan1:62	0	0.000000				252.036618	false	0.000000	hkcancor	true	550	53	baan1	false	single_corpus_review	unreviewed	
415	車	53	430.901315	n	n:52|v:1	0.000000	ce1:53	7	72.279702	n	n:7	ce1:7	251.590509	true	0.167741	hkcancor	true	754	35	ce1|geoi1	false	general_lexicality_review	unreviewed	
416	不如	41	333.338753	v	v:34|c:4|d:3	0.000000	bat1jyu4:41	16	165.210747	v	v:15|d:1	bat1ju4:16	249.274750	true	0.495624	hkcancor	true	352	91	bat1jyu4	false	general_lexicality_review	unreviewed	
417	枉囉燈塔	0	0.000000			0.000000		48	495.632241	n	n:21|Ng:6|x:5|v:4|d:2|ns:2|l:1|g2:1	wong2lo1dang1taap3:48	247.816120	false	0.000000	cantomap	false				false	single_corpus_review	unreviewed	
418	第	3	24.390640	m	m:3	0.000000	dai6:3	45	464.655226	m	m:31|v:6|r:4|d:2|x:1|ns:1	dai6:45	244.522933	true	0.052492	cantomap	true	649	43	dai6	false	domain_concentration_review	unreviewed	
419	信	60	487.812810	v	v:43|n:16|vn:1	0.000000	seon3:60	0	0.000000				243.906405	false	0.000000	hkcancor	true	407	76	seon3	false	single_corpus_review	unreviewed	
420	帶	60	487.812810	v	v:51|n:9	0.000000	daai3:51|daai2:9	0	0.000000				243.906405	false	0.000000	hkcancor	true	414	75	daai3|daai2	false	single_corpus_review	unreviewed	
421	一齊	51	414.640888	d	d:51	0.000000	jat1cai4:51	7	72.279702	d	d:7	jat1cai4:7	243.460295	true	0.174319	hkcancor	true	335	98	jat1cai4	false	general_lexicality_review	unreviewed	
422	半	40	325.208540	m	m:40	0.000000	bun3:40	15	154.885075	m	m:15	bun3:15	240.046808	true	0.476264	hkcancor	true	373	85	bun3	false	general_lexicality_review	unreviewed	
423	亦都	59	479.682596	d	d:59	0.000000	jik6dou1:59	0	0.000000				239.841298	false	0.000000	hkcancor	false				false	single_corpus_review	unreviewed	
424	整	59	479.682596	v	v:58|a:1	0.000000	zing2:59	0	0.000000				239.841298	false	0.000000	hkcancor	true	911	28	zing2	false	single_corpus_review	unreviewed	
425	哎	36	292.687686	e	e:36	0.000000	aai5:20|ai1:9|ai3:5|ai2:2	18	185.862090	e	e:18	ai1:8|ai2:4|ai3:3|ai6:2|aai1:1	239.274888	true	0.635018	hkcancor	true	259	138	aai1	false	general_lexicality_review	unreviewed	
426	耐	55	447.161742	a	a:55	0.000000	noi6:55	3	30.977015	a	a:3	noi6:3	239.069379	true	0.069275	hkcancor	true	345	95	noi6	false	domain_concentration_review	unreviewed	
427	但	32	260.166832	c	c:32	0.000000	daan6:32	21	216.839105	c	c:21	daan6:21	238.502969	true	0.833462	hkcancor	true	165	227	daan6	false	general_lexicality_review	unreviewed	
428	塔	0	0.000000			0.000000		46	474.980898	n	n:28|Ng:4|a:4|v:2|x:2|i:1|z:1|ns:1	taap3:46	237.490449	false	0.000000	cantomap	true	173	201	taap3	false	single_corpus_review	unreviewed	
429	直上	0	0.000000			0.000000		46	474.980898	d	d:42|f:2|v:1|a:1	zik6soeng5:46	237.490449	false	0.000000	cantomap	true	715	38	zik6soeng5	false	single_corpus_review	unreviewed	
430	剪	58	471.552383	v	v:58	0.000000	zin2:58	0	0.000000				235.776191	false	0.000000	hkcancor	true	691	40	zin2	false	single_corpus_review	unreviewed	
431	掂	46	373.989821	a	a:45|v:1	0.000000	dim6:45|dim3:1	9	92.931045	a	a:9	dim1:9	233.460433	true	0.248485	hkcancor	true	471	63	dim1|dim6	false	general_lexicality_review	unreviewed	
432	七	32	260.166832	m	m:31|t:1	0.000000	cat1:32	20	206.513434	m	m:20	cat1:20	233.340133	true	0.793773	hkcancor	true	567	51	cat1	false	general_lexicality_review	unreviewed	
433	會唔會	0	0.000000			0.000000		45	464.655226	n	n:40|v:3|jnt:2	wui5m4wui5:45	232.327613	false	0.000000	cantomap	false				false	single_corpus_review	unreviewed	
434	細	49	398.380461	a	a:47|u:1|Ng:1	0.000000	sai3:49	6	61.954030	a	a:6	sai3:6	230.167246	true	0.155515	hkcancor	true	692	40	sai3	false	general_lexicality_review	unreviewed	
435	分	46	373.989821	q	q:28|v:13|n:4|b:1	0.000000	fan1:43|fan6:3	8	82.605373	v	v:7|q:1	fan1:8	228.297597	true	0.220876	hkcancor	true	685	40	fan1|fan6	false	general_lexicality_review	unreviewed	
436	入去	23	186.994910	v	v:23	0.000000	jap6heoi3:23	26	268.467464	v	v:26	jap6heoi3:26	227.731187	true	0.696527	cantomap	true	463	64	jap6heoi3	true	known_nonatomic_or_invalid	unreviewed	
437	擁要會堂	0	0.000000			0.000000		44	454.329554	n	n:35|nz:5|v:2|a:1|nr:1	jung2jiu3wui6tong4:44	227.164777	false	0.000000	cantomap	false				false	single_corpus_review	unreviewed	
438	銅	0	0.000000			0.000000		44	454.329554	n	n:37|nr:4|Ng:2|v:1	tung4:44	227.164777	false	0.000000	cantomap	true	475	63	tung4	false	single_corpus_review	unreviewed	
439	跟	33	268.297045	v	v:33	0.000000	gan1:33	18	185.862090	v	v:18	gan1:18	227.079568	true	0.692747	hkcancor	true	535	55	gan1	false	general_lexicality_review	unreviewed	
440	冇得	53	430.901315	vu	vu:46|v:6|v1:1	0.000000	mou5dak1:53	2	20.651343	vu	vu:2	mou5dak1:2	225.776329	true	0.047926	hkcancor	false				false	domain_concentration_review	unreviewed	
441	架	30	243.906405	q	q:30	0.000000	gaa3:30	20	206.513434	q	q:20	gaa3:20	225.209919	true	0.846691	hkcancor	true	773	34	gaa3|gaa2	false	general_lexicality_review	unreviewed	
442	教	49	398.380461	v	v:49	0.000000	gaau3:49	5	51.628358	v	v:5	gaau3:5	225.004410	true	0.129596	hkcancor	true	634	45	gaau3	false	general_lexicality_review	unreviewed	
443	頭	36	292.687686	n	n:27|f:5|q:2|b:1|a:1	0.000000	tau4:36	15	154.885075	n	n:15	tau4:15	223.786381	true	0.529182	hkcancor	true	390	82	tau4	false	general_lexicality_review	unreviewed	
444	辛苦	55	447.161742	a	a:55	0.000000	san1fu2:55	0	0.000000				223.580871	false	0.000000	hkcancor	true	401	78	san1fu2	false	single_corpus_review	unreviewed	
445	長	27	219.515764	a	a:27	0.000000	coeng4:27	22	227.164777	a	a:22	coeng4:22	223.340271	true	0.966328	cantomap	true	514	57	coeng4|zoeng2	false	general_lexicality_review	unreviewed	
446	影	51	414.640888	v	v:50|n:1	0.000000	jing2:51	3	30.977015	v	v:3	jing2:3	222.808952	true	0.074708	hkcancor	true	1027	24	jing2	false	domain_concentration_review	unreviewed	
447	圈	0	0.000000			0.000000		43	444.003882	n	n:38|v:4|q:1	hyun1:43	222.001941	false	0.000000	cantomap	true	902	28	hyun1|gyun6	false	single_corpus_review	unreviewed	
448	圖案	0	0.000000			0.000000		43	444.003882	n	n:41|v:2	tou4on3:43	222.001941	false	0.000000	cantomap	true	651	43	tou4on3	false	single_corpus_review	unreviewed	
449	東方	0	0.000000			0.000000		43	444.003882	n	n:36|x:3|ns:2|a:1|v:1	dung1fong1:43	222.001941	false	0.000000	cantomap	true	594	48	dung1fong1	false	single_corpus_review	unreviewed	
450	直落	0	0.000000			0.000000		43	444.003882	d	d:22|v:20|Ng:1	zik6lok6:43	222.001941	false	0.000000	cantomap	true	704	39	zik6lok6	false	single_corpus_review	unreviewed	
451	有時	53	430.901315	d	d:53	0.000000	jau5si4:53	1	10.325672	d	d:1	jau5si4:1	220.613494	true	0.023963	hkcancor	true	330	100	jau5si4	false	domain_concentration_review	unreviewed	
452	形	7	56.911494	n	n:5|Ng:1|v:1	0.000000	jing4:7	37	382.049852	n	n:35|Ng:2	jing4:37	219.480673	true	0.148964	cantomap	true	548	53	jing4	false	general_lexicality_review	unreviewed	
453	直行	0	0.000000			0.000000		42	433.678211	v	v:24|d:14|a:2|Ng:1|n:1	zik6hong4:42	216.839105	false	0.000000	cantomap	true	677	41	zik6hong4	false	single_corpus_review	unreviewed	
454	西方	0	0.000000			0.000000		42	433.678211	n	n:37|x:2|Ng:1|nz:1|d:1	sai1fong1:42	216.839105	false	0.000000	cantomap	true	642	44	sai1fong1	false	single_corpus_review	unreviewed	
455	套	52	422.771102	q	q:49|Vg:1|n:1|v:1	0.000000	tou3:52	1	10.325672	q	q:1	tou3:1	216.548387	true	0.024424	hkcancor	true	827	31	tou3	false	domain_concentration_review	unreviewed	
456	書	53	430.901315	n	n:53	0.000000	syu1:53	0	0.000000				215.450658	false	0.000000	hkcancor	true	424	73	syu1	false	single_corpus_review	unreviewed	
457	着	53	430.901315	v	v:41|u:12	0.000000	zoek3:38|zoek6:15	0	0.000000				215.450658	false	0.000000	hkcancor	true	597	48	*?	false	single_corpus_review	unreviewed	
458	通常	53	430.901315	d	d:53	0.000000	tung1soeng4:53	0	0.000000				215.450658	false	0.000000	hkcancor	true	447	68	tung1soeng4	false	single_corpus_review	unreviewed	
459	圖片	2	16.260427	n	n:2	0.000000	tou4pin2:2	40	413.026867	n	n:39|v:1	tou4pin3:40	214.643647	true	0.039369	cantomap	true	665	42	tou4pin3	false	domain_concentration_review	unreviewed	
460	低	17	138.213629	a	a:15|u:1|ad:1	0.000000	dai1:17	28	289.118807	a	a:27|v:1	dai1:28	213.666218	true	0.478051	cantomap	true	397	79	dai1	false	general_lexicality_review	unreviewed	
461	學	51	414.640888	v	v:46|Ng:5	0.000000	hok6:51	1	10.325672	v	v:1	hok6:1	212.483280	true	0.024903	hkcancor	true	652	43	hok6	false	domain_concentration_review	unreviewed	
462	停低	0	0.000000			0.000000		41	423.352539	v	v:41	ting4dai1:41	211.676270	false	0.000000	cantomap	true	987	25	ting4dai1	false	single_corpus_review	unreviewed	
463	往囉地盤	0	0.000000			0.000000		41	423.352539	v	v:21|n:19|ns:1	wong5lo1dei6pun4:41	211.676270	false	0.000000	cantomap	false				false	single_corpus_review	unreviewed	
464	轉彎	0	0.000000			0.000000		41	423.352539	v	v:41	zyun3waan1:41	211.676270	false	0.000000	cantomap	true	625	46	zyun3waan1	false	single_corpus_review	unreviewed	
465	唔記得	52	422.771102	v	v:52	0.000000	m4gei3dak1:52	0	0.000000				211.385551	false	0.000000	hkcancor	true	441	69	m4gei3dak1	false	single_corpus_review	unreviewed	
466	科	52	422.771102	q	q:30|n:22	0.000000	fo1:52	0	0.000000				211.385551	false	0.000000	hkcancor	true	899	28	fo1	false	single_corpus_review	unreviewed	
467	之前	49	398.380461	t	t:31|f:17|d:1	0.000000	zi1cin4:49	2	20.651343	t	t:1|f:1	zi1cin4:2	209.515902	true	0.051838	hkcancor	true	327	100	zi1cin4	false	domain_concentration_review	unreviewed	
468	出去	35	284.557472	v	v:35	0.000000	ceot1heoi3:35	13	134.233732	v	v:13	ceot1heoi3:13	209.395602	true	0.471728	hkcancor	true	439	69	ceot1heoi3	true	known_nonatomic_or_invalid	unreviewed	
469	望	31	252.036618	v	v:31	0.000000	mong6:31	16	165.210747	v	v:16	mong6:16	208.623683	true	0.655503	hkcancor	true	496	60	mong6	false	general_lexicality_review	unreviewed	
470	全部	37	300.817899	d	d:27|m:10	0.000000	cyun4bou6:37	11	113.582389	d	d:9|m:2	cyun4bou6:11	207.200144	true	0.377579	hkcancor	true	419	74	cyun4bou6	false	general_lexicality_review	unreviewed	
471	當	37	300.817899	d	d:23|v:14	0.000000	dong1:20|dong3:17	11	113.582389	d	d:10|v:1	dong1:11	207.200144	true	0.377579	hkcancor	true	519	57	dong1|dong3	false	general_lexicality_review	unreviewed	
472	球號貨倉	0	0.000000			0.000000		40	413.026867	n	n:29|v:8|x:2|ns:1	kau4hou6fo3cong1:40	206.513434	false	0.000000	cantomap	false				false	single_corpus_review	unreviewed	
473	直接	5	40.651067	d	d:3|a:2	0.000000	zik6zip3:5	36	371.724181	d	d:34|n:1|a:1	zik6zip3:36	206.187624	true	0.109358	cantomap	true	549	53	zik6zip3	false	general_lexicality_review	unreviewed	
474	今	24	195.125124	t	t:23|Rg:1	0.000000	gam1:24	21	216.839105	t	t:21	gam1:21	205.982115	true	0.899861	cantomap	true	1644	12	gam1	false	general_lexicality_review	unreviewed	
475	呵	29	235.776191	y	y:19|e:10	0.000000	ho2:28|ho1:1	17	175.536419	y	y:14|e:2|Ng:1	ho2:16|ho3:1	205.656305	true	0.744504	hkcancor	true	586	49	ho1	false	general_lexicality_review	unreviewed	
476	幾時	48	390.250248	r	r:47|d:1	0.000000	gei2si4:48	2	20.651343	r	r:2	gei2si4:2	205.450796	true	0.052918	hkcancor	true	554	53	gei2si4	false	domain_concentration_review	unreviewed	
477	差	30	243.906405	a	a:27|v:1|d1:1|Ng:1	0.000000	caa1:29|caai1:1	16	165.210747	a	a:16	caa1:16	204.558576	true	0.677353	hkcancor	true	583	50	caa1|caai1|cī	false	general_lexicality_review	unreviewed	
478	上邊	27	219.515764	f	f:26|s:1	0.000000	soeng6bin6:27	18	185.862090	f	f:18	soeng6bin6:18	202.688927	true	0.846691	hkcancor	true	1337	16	soeng6bin6	false	general_lexicality_review	unreviewed	
479	放	47	382.120034	v	v:44|Vg:3	0.000000	fong3:47	2	20.651343	v	v:2	fong3:2	201.385689	true	0.054044	hkcancor	true	632	45	fong3	false	domain_concentration_review	unreviewed	
480	搵	0	0.000000			0.000000		39	402.701196	v	v:19|n:11|a:2|d:2|ns:1|c:1|Ng:1|vn:1	wan2:39	201.350598	false	0.000000	cantomap	true	98	435	wan2|wan3	false	single_corpus_review	unreviewed	
481	工廠	1	8.130213	n	n:1	0.000000	gung1cong2:1	38	392.375524	n	n:37|a:1	gung1cong2:38	200.252869	true	0.020720	cantomap	true	321	102	gung1cong2	false	domain_concentration_review	unreviewed	
482	八	34	276.427259	m	m:33|v:1	0.000000	baat3:34	12	123.908060	m	m:12	baat3:12	200.167660	true	0.448248	hkcancor	true	491	60	baat3	false	general_lexicality_review	unreviewed	
483	需要	34	276.427259	vu	vu:22|v:10|vn:2	0.000000	seoi1jiu3:34	12	123.908060	vu	vu:11|v:1	seoi1jiu3:12	200.167660	true	0.448248	hkcancor	true	244	146	seoi1jiu3	false	general_lexicality_review	unreviewed	
484	另	11	89.432348	d	d:10|b:1	0.000000	ling6:11	30	309.770151	d	d:30	ling6:30	199.601250	true	0.288706	cantomap	true	349	92	ling6	false	general_lexicality_review	unreviewed	
485	英文	44	357.729394	nz	nz:39|n:5	0.886364	jing1man2:40|jing1man4:4	4	41.302687	nz	nz:4	jing1man4:4	199.516040	true	0.115458	hkcancor	true	526	56	jing1man4	false	proper_name_review	unreviewed	
486	水平	3	24.390640	n	n:3	0.000000	seoi2ping4:3	36	371.724181	n	n:19|q:12|a:2|ns:1|b:1|v:1	seoi2ping4:36	198.057411	true	0.065615	cantomap	true	628	45	seoi2ping4	false	domain_concentration_review	unreviewed	
487	一係	46	373.989821	d	d:31|c:15	0.000000	jat1hai6:46	2	20.651343	d	d:2	jat1hai6:2	197.320582	true	0.055219	hkcancor	true	558	52	jat1hai6	false	domain_concentration_review	unreviewed	
488	是罷公園	0	0.000000			0.000000		38	392.375524	n	n:19|d:12|v:5|nt:1|Nsg:1	si6baa6gung1jyun2:38	196.187762	false	0.000000	cantomap	false				false	single_corpus_review	unreviewed	
489	學校	48	390.250248	n	n:48	0.000000	hok6haau6:48	0	0.000000				195.125124	false	0.000000	hkcancor	true	624	46	hok6haau6	false	single_corpus_review	unreviewed	
490	犀利	48	390.250248	a	a:48	0.000000	sai1lei6:48	0	0.000000				195.125124	false	0.000000	hkcancor	true	541	54	sai1lei6	false	single_corpus_review	unreviewed	
491	嘛	2	16.260427	y	y:2	0.000000	maa5:2	36	371.724181	x	x:21|y:7|v:2|Ng:2|n:2|Nsg:1|d:1	maa5:35|maa2:1	193.992304	true	0.043743	cantomap	true	109	402	maa4	false	domain_concentration_review	unreviewed	
492	等陣	2	16.260427	d	d:1|t:1	0.000000	dang2zan6:2	36	371.724181	v	v:29|t:5|d:2	dang2zan6:36	193.992304	true	0.043743	cantomap	true	694	40	dang2zan6	false	domain_concentration_review	unreviewed	
493	即刻	45	365.859607	d	d:45	0.000000	zik1haak1:45	2	20.651343	d	d:2	zik1hak1:2	193.255475	true	0.056446	hkcancor	true	366	87	zik1hak1	false	domain_concentration_review	unreviewed	
494	至	22	178.864697	p	p:14|d:8	0.000000	zi3:22	20	206.513434	p	p:16|d:3|v:1	zi3:20	192.689065	true	0.866117	cantomap	true	789	33	zi3	false	general_lexicality_review	unreviewed	
495	慘	47	382.120034	a	a:47	0.000000	caam2:47	0	0.000000				191.060017	false	0.000000	hkcancor	true	1021	24	caam2	false	single_corpus_review	unreviewed	
496	排	19	154.474056	v	v:9|Vg:6|q:3|n:1	0.000000	paai4:19	22	227.164777	v	v:7|Vg:5|q:5|Ng:4|f:1	paai4:22	190.819417	true	0.680009	cantomap	true	534	55	paai4	false	general_lexicality_review	unreviewed	
497	件	43	349.599180	q	q:43	0.000000	gin6:43	3	30.977015	q	q:3	gin6:3	190.288098	true	0.088607	hkcancor	true	483	61	gin6	false	domain_concentration_review	unreviewed	
498	使	44	357.729394	v	v:29|vu:14|vn:1	0.000000	sai2:44	2	20.651343	vu	vu:1|v:1	sai2:2	189.190369	true	0.057729	hkcancor	true	560	52	sai2|si2|si3	false	domain_concentration_review	unreviewed	
499	根本	44	357.729394	d	d:44	0.000000	gan1bun2:44	2	20.651343	d	d:2	gan1bun2:2	189.190369	true	0.057729	hkcancor	true	317	104	gan1bun2	false	domain_concentration_review	unreviewed	
500	緊要	36	292.687686	a	a:36	0.000000	gan2jiu3:36	8	82.605373	a	a:8	gan2jiu3:8	187.646530	true	0.282230	hkcancor	true	542	54	gan2jiu3	false	general_lexicality_review	unreviewed	
501	旅行	46	373.989821	v	v:40|vn:4|n:2	0.000000	leoi5hang4:46	0	0.000000				186.994910	false	0.000000	hkcancor	true	610	47	leoi5hang4	false	single_corpus_review	unreviewed	
502	經	0	0.000000			0.000000		36	371.724181	v	v:13|d:7|n:5|a:4|nz:3|q:1|Ng:1|Vg:1	ging1:36	185.862090	false	0.000000	cantomap	true	867	30	ging1	false	single_corpus_review	unreviewed	
503	馬戲團	0	0.000000			0.000000		36	371.724181	n	n:35|Ng:1	maa5hei3tyun4:36	185.862090	false	0.000000	cantomap	false				false	single_corpus_review	unreviewed	
504	往	1	8.130213	v	v:1	0.000000	wong5:1	35	361.398509	v	v:24|t:6|n:3|a:1|nr:1	wong5:35	184.764361	true	0.022497	cantomap	true	274	126	wong5	false	domain_concentration_review	unreviewed	
505	揀	45	365.859607	v	v:45	0.000000	gaan2:45	0	0.000000				182.929804	false	0.000000	hkcancor	true	453	67	gaan2	false	single_corpus_review	unreviewed	
506	打開	3	24.390640	v	v:3	0.000000	daa2hoi1:3	33	340.747166	v	v:33	daa2hoi1:33	182.568903	true	0.071580	cantomap	true	672	41	daa2hoi1	false	domain_concentration_review	unreviewed	
507	呢個	4	32.520854	r	r:4	0.000000	ni1go3:4	32	330.421494	r	r:25|a:4|y1:2|q:1	ni1go3:32	181.471174	true	0.098422	cantomap	false				false	domain_concentration_review	unreviewed	
508	宅	0	0.000000			0.000000		35	361.398509	n	n:30|d:4|vn:1	zaak6:35	180.699254	false	0.000000	cantomap	true	279	122	zaak6	false	single_corpus_review	unreviewed	
509	水平線	0	0.000000			0.000000		35	361.398509	n	n:30|x:3|v:2	seoi2ping4sin3:35	180.699254	false	0.000000	cantomap	true	712	38	seoi2ping4sin3	false	single_corpus_review	unreviewed	
510	沙漠	0	0.000000			0.000000		35	361.398509	n	n:24|ns:4|Ng:2|x:1|l:1|nr:1|v:1|jnt:1	saa1mok6:35	180.699254	false	0.000000	cantomap	true	128	314	saa1mok6	false	single_corpus_review	unreviewed	
511	球場	1	8.130213	n	n:1	0.000000	kau4coeng4:1	34	351.072837	n	n:34	kau4coeng4:34	179.601525	true	0.023158	cantomap	true	355	90	kau4coeng4	false	domain_concentration_review	unreviewed	
512	西	1	8.130213	f	f:1	0.000000	sai1:1	34	351.072837	ns	ns:16|n:12|nz:3|jns:2|x:1	sai1:34	179.601525	true	0.023158	cantomap	true	470	63	sai1	false	domain_concentration_review	unreviewed	
513	橋	8	65.041708	n	n:8	0.000000	kiu2:8	28	289.118807	n	n:25|x:1|v:1|Ng:1	kiu4:28	177.080258	true	0.224965	cantomap	true	1028	24	kiu4	false	general_lexicality_review	unreviewed	
514	號	23	186.994910	q	q:23	0.000000	hou6:23	16	165.210747	q	q:16	hou6:16	176.102829	true	0.883504	hkcancor	true	1257	18	hou6	false	general_lexicality_review	unreviewed	
515	完全	28	227.645978	d	d:28	0.000000	jyun4cyun4:28	12	123.908060	d	d:12	jun4cyun4:12	175.777019	true	0.544302	hkcancor	true	394	80	jyun4cyun4	false	general_lexicality_review	unreviewed	
516	攬印椰樹	0	0.000000			0.000000		34	351.072837	n	n:18|v:12|ns:2|x:1|a:1	laam2jan3je4syu6:34	175.536419	false	0.000000	cantomap	false				false	single_corpus_review	unreviewed	
517	歲	43	349.599180	q	q:43	0.000000	seoi3:43	0	0.000000				174.799590	false	0.000000	hkcancor	true	866	30	seoi3	false	single_corpus_review	unreviewed	
518	特別	43	349.599180	d	d:37|a:6	0.000000	dak6bit6:43	0	0.000000				174.799590	false	0.000000	hkcancor	true	427	72	dak6bit6	false	single_corpus_review	unreviewed	
519	翻版	43	349.599180	n	n:43	0.000000	faan1baan2:43	0	0.000000				174.799590	false	0.000000	hkcancor	true	602	48	faan1baan2	false	single_corpus_review	unreviewed	
520	手	29	235.776191	n	n:29	0.000000	sau2:29	11	113.582389	n	n:11	sau2:11	174.679290	true	0.481738	hkcancor	true	150	254	sau2	false	general_lexicality_review	unreviewed	
521	記得	30	243.906405	v	v:30	0.000000	gei3dak1:30	10	103.256717	v	v:10	gei3dak1:10	173.581561	true	0.423346	hkcancor	true	540	54	gei3dak1	false	general_lexicality_review	unreviewed	
522	塊	17	138.213629	q	q:17	0.000000	faai3:17	20	206.513434	q	q:20	faai3:20	172.363532	true	0.669272	cantomap	true	1061	23	faai3	false	general_lexicality_review	unreviewed	
523	以為	41	333.338753	v	v:41	0.000000	ji5wai4:41	1	10.325672	v	v:1	ji5wai4:1	171.832213	true	0.030977	hkcancor	true	445	68	ji5wai4	false	domain_concentration_review	unreviewed	
524	每	41	333.338753	r	r:34|d:6|m:1	0.000000	mui5:41	1	10.325672	r	r:1	mui5:1	171.832213	true	0.030977	hkcancor	true	579	50	mui5	false	domain_concentration_review	unreviewed	
525	肥	32	260.166832	a	a:31|an:1	0.000000	fei4:31|fei2:1	8	82.605373	a	a:8	fei4:8	171.386103	true	0.317509	hkcancor	true	895	28	fei4	false	general_lexicality_review	unreviewed	
526	戲	37	300.817899	n	n:37	0.000000	hei3:37	4	41.302687	n	n:4	hei3:4	171.060293	true	0.137301	hkcancor	true	1267	18	hei3	false	general_lexicality_review	unreviewed	
527	信心	42	341.468967	n	n:42	0.000000	seon3sam1:42	0	0.000000				170.734483	false	0.000000	hkcancor	true	515	57	seon3sam1	false	single_corpus_review	unreviewed	
528	大陸	42	341.468967	ns	ns:40|s:1|n:1	0.952381	daai6luk6:42	0	0.000000				170.734483	false	0.000000	hkcancor	true	568	51	daai6luk6	false	proper_name_review	unreviewed	
529	日本	42	341.468967	ns	ns:42	1.000000	jat6bun2:42	0	0.000000				170.734483	false	0.000000	hkcancor	true	784	33	jat6bun2	false	proper_name_review	unreviewed	
530	共	0	0.000000			0.000000		33	340.747166	v	v:12|Ng:10|vn:8|n:1|x:1|a:1	gung6:33	170.373583	false	0.000000	cantomap	true	500	59	gung6	false	single_corpus_review	unreviewed	
531	東面	0	0.000000			0.000000		33	340.747166	n	n:21|f:9|i:1|Ng:1|x:1	dung1min6:33	170.373583	false	0.000000	cantomap	true	1781	11	dung1min6	false	single_corpus_review	unreviewed	
532	沿	0	0.000000			0.000000		33	340.747166	v	v:32|n:1	jun4:33	170.373583	false	0.000000	cantomap	false				false	single_corpus_review	unreviewed	
533	鐘	39	317.078326	n	n:38|q:1	0.000000	zung1:39	2	20.651343	n	n:2	zung1:2	168.864835	true	0.065130	hkcancor	true	697	40	zung1	false	domain_concentration_review	unreviewed	
534	洗	26	211.385551	v	v:26	0.000000	sai2:26	12	123.908060	v	v:12	sai2:12	167.646806	true	0.586171	hkcancor	true	342	96	sai2	false	general_lexicality_review	unreviewed	
535	禮拜	41	333.338753	n	n:41	0.000000	lai5baai3:41	0	0.000000				166.669377	false	0.000000	hkcancor	true	455	67	lai5baai3	false	single_corpus_review	unreviewed	
536	嘍	32	260.166832	y	y:32	0.000000	lo3:32	7	72.279702	y	y:7	lo3:6|lo1:1	166.223267	true	0.277821	hkcancor	true	833	31	lau1|lau4	false	general_lexicality_review	unreviewed	
537	似	18	146.343843	v	v:17|a:1	0.000000	ci5:18	18	185.862090	v	v:18	ci5:18	166.102967	true	0.787379	cantomap	true	593	48	ci5	false	general_lexicality_review	unreviewed	
538	畀	0	0.000000			0.000000		32	330.421494	v	v:12|n:9|p:7|d:2|a:1|u:1	bei2:30|pei3:2	165.210747	false	0.000000	cantomap	true	108	407	bei2	false	single_corpus_review	unreviewed	
539	嘅話	40	325.208540	c	c:21|u:18|y:1	0.000000	ge3waa2:28|ge3waa6:12	0	0.000000				162.604270	false	0.000000	hkcancor	false				false	single_corpus_review	unreviewed	
540	衰	40	325.208540	a	a:38|v:2	0.000000	seoi1:40	0	0.000000				162.604270	false	0.000000	hkcancor	true	920	27	seoi1|ceoi1	false	single_corpus_review	unreviewed	
541	魚排	0	0.000000			0.000000		31	320.095822	t	t:12|n:8|v:5|a:2|x:2|r:1|Vg:1	ju4paai4:31	160.047911	false	0.000000	cantomap	true	288	118	jyu4paai4	false	single_corpus_review	unreviewed	
542	感覺	34	276.427259	n	n:23|v:11	0.000000	gam2gok3:34	4	41.302687	n	n:3|v:1	gam2gok3:4	158.864973	true	0.149416	hkcancor	true	341	98	gam2gok3	false	general_lexicality_review	unreviewed	
543	𠺝	34	276.427259	y	y:33|y1:1	0.000000	gaak3:34	4	41.302687	y	y:4	gaak3:4	158.864973	true	0.149416	hkcancor	false				false	general_lexicality_review	unreviewed	
544	嗰邊	39	317.078326	r	r:29|f:10	0.000000	go2bin1:29|go2bin6:10	0	0.000000				158.539163	false	0.000000	hkcancor	false				false	single_corpus_review	unreviewed	
545	坐	39	317.078326	v	v:38|Ng:1	0.000000	co5:38|zo6:1	0	0.000000				158.539163	false	0.000000	hkcancor	true	523	56	co5|zo6	false	single_corpus_review	unreviewed	
546	生	39	317.078326	v	v:36|a:3	0.000000	saang1:39	0	0.000000				158.539163	false	0.000000	hkcancor	true	733	36	saang1|sang1	false	single_corpus_review	unreviewed	
547	直程	39	317.078326	d	d:39	0.000000	zik6cing4:39	0	0.000000				158.539163	false	0.000000	hkcancor	true	716	38	*zik6cing4	false	single_corpus_review	unreviewed	
548	賺	39	317.078326	v	v:39	0.000000	zaan6:39	0	0.000000				158.539163	false	0.000000	hkcancor	true	653	43	zaan6	false	single_corpus_review	unreviewed	
549	原本	19	154.474056	d	d:19	0.000000	jyun4bun2:19	15	154.885075	d	d:15	jun4bun2:15	154.679566	true	0.997346	cantomap	true	741	36	jyun4bun2	false	general_lexicality_review	unreviewed	
550	有得	38	308.948113	vu	vu:35|v:3	0.000000	jau5dak1:38	0	0.000000				154.474056	false	0.000000	hkcancor	false				false	single_corpus_review	unreviewed	
551	碟	38	308.948113	n	n:37|q:1	0.000000	dip2:37|dip6:1	0	0.000000				154.474056	false	0.000000	hkcancor	true	573	51	dip6	false	single_corpus_review	unreviewed	
552	早	34	276.427259	a	a:32|t:1|jn:1	0.000000	zou2:34	3	30.977015	a	a:3	zou2:3	153.702137	true	0.112062	hkcancor	true	647	43	zou2	false	general_lexicality_review	unreviewed	
553	清楚	20	162.604270	a	a:19|v:1	0.000000	cing1co2:20	14	144.559404	a	a:14	cing1co2:14	153.581837	true	0.889026	hkcancor	true	429	72	cing1co2	false	general_lexicality_review	unreviewed	
554	估	27	219.515764	v	v:27	0.000000	gu2:27	8	82.605373	v	v:8	gu2:8	151.060569	true	0.376307	hkcancor	true	1230	18	gu2|gu3	false	general_lexicality_review	unreviewed	
555	儲	37	300.817899	v	v:37	0.000000	cou5:35|cyu5:2	0	0.000000				150.408950	false	0.000000	hkcancor	true	1265	18	cyu5	false	single_corpus_review	unreviewed	
556	好睇	37	300.817899	a	a:37	0.000000	hou2tai2:37	0	0.000000				150.408950	false	0.000000	hkcancor	true	646	43	*hou2|hou3tai2	false	single_corpus_review	unreviewed	
557	返工	37	300.817899	v	v:37	0.000000	faan1gung1:37	0	0.000000				150.408950	false	0.000000	hkcancor	true	595	48	faan1gung1	false	single_corpus_review	unreviewed	
558	飛機	14	113.822989	n	n:14	0.000000	fei1gei1:14	18	185.862090	n	n:18	fei1gei1:18	149.842540	true	0.612406	cantomap	true	812	32	fei1gei1	false	general_lexicality_review	unreviewed	
559	距離	0	0.000000			0.000000		29	299.444479	n	n:14|v:8|Ng:4|a:2|x:1	keoi5lei4:29	149.722239	false	0.000000	cantomap	true	726	37	keoi5lei4	false	single_corpus_review	unreviewed	
560	平時	24	195.125124	t	t:23|d:1	0.000000	ping4si4:24	10	103.256717	t	t:10	ping4si4:10	149.190920	true	0.529182	hkcancor	true	671	41	ping4si4	false	general_lexicality_review	unreviewed	
561	引	1	8.130213	v	v:1	0.000000	jan5:1	28	289.118807	v	v:13|n:7|Ng:6|vn:1|d:1	jan5:28	148.624510	true	0.028121	cantomap	true	386	82	jan5	false	domain_concentration_review	unreviewed	
562	前	25	203.255337	f	f:24|Tg:1	0.000000	cin4:25	9	92.931045	f	f:9	cin4:9	148.093191	true	0.457213	hkcancor	true	389	82	cin4	false	general_lexicality_review	unreviewed	
563	狗	30	243.906405	n	n:30	0.000000	gau2:30	5	51.628358	n	n:5	gau2:5	147.767382	true	0.211673	hkcancor	true	676	41	gau2	false	general_lexicality_review	unreviewed	
564	傾	35	284.557472	v	v:34|Vg:1	0.000000	king1:35	1	10.325672	v	v:1	king1:1	147.441572	true	0.036287	hkcancor	true	555	53	king1	false	domain_concentration_review	unreviewed	
565	圍	7	56.911494	v	v:4|n:2|q:1	0.000000	wai4:7	23	237.490449	v	v:19|n:3|q:1	wai4:23	147.200972	true	0.239637	cantomap	false				false	general_lexicality_review	unreviewed	
566	讀書	36	292.687686	v	v:36	0.000000	duk6syu1:36	0	0.000000				146.343843	false	0.000000	hkcancor	true	480	62	duk6syu1	false	single_corpus_review	unreviewed	
567	版	32	260.166832	q	q:17|n:15	0.000000	baan2:32	3	30.977015	n	n:2|q:1	baan2:3	145.571924	true	0.119066	hkcancor	true	1086	22	baan2	false	general_lexicality_review	unreviewed	
568	零	32	260.166832	m	m:32	0.000000	leng4:28|ling4:4	3	30.977015	m	m:3	ling4:3	145.571924	true	0.119066	hkcancor	true	1209	19	ling4	false	general_lexicality_review	unreviewed	
569	厘米	0	0.000000			0.000000		28	289.118807	q	q:20|n:7|xnz:1	lei4mai5:28	144.559404	false	0.000000	cantomap	true	876	29	lei4mai5	false	single_corpus_review	unreviewed	
570	戀	0	0.000000			0.000000		28	289.118807	n	n:13|d:4|v:3|ns:3|Ng:2|a:1|x:1|vn:1	lyun2:28	144.559404	false	0.000000	cantomap	true	239	149	lyun2|lyun5	false	single_corpus_review	unreviewed	
571	滑雪場	0	0.000000			0.000000		28	289.118807	n	n:25|v:3	waat6syut3coeng4:28	144.559404	false	0.000000	cantomap	false				false	single_corpus_review	unreviewed	
572	爭	33	268.297045	v	v:33	0.000000	zaang1:33	2	20.651343	v	v:2	zang1:2	144.474194	true	0.076972	hkcancor	true	1158	20	zang1|zaang1	false	domain_concentration_review	unreviewed	
573	白	5	40.651067	a	a:2|nr:2|d:1	0.400000	baak6:5	24	247.816120	n	n:8|z:7|d:4|ns:2|nr:1|u:1|a:1	baak6:24	144.233594	true	0.164037	cantomap	true	1563	13	baak6	false	general_lexicality_review	unreviewed	
574	本身	24	195.125124	d	d:15|r:9	0.000000	bun2san1:24	9	92.931045	d	d:7|n:1|r:1	bun2san1:9	144.028085	true	0.476264	hkcancor	true	347	93	bun2san1	false	general_lexicality_review	unreviewed	
575	實	34	276.427259	d	d:28|a:6	0.000000	sat6:34	1	10.325672	a	a:1	sat6:1	143.376465	true	0.037354	hkcancor	true	881	29	sat6	false	domain_concentration_review	unreviewed	
576	最後	25	203.255337	t	t:14|f:11	0.000000	zeoi3hau6:25	8	82.605373	f	f:5|t:3	zeoi3hau6:8	142.930355	true	0.406412	hkcancor	true	504	59	zeoi3hau6	false	general_lexicality_review	unreviewed	
577	嚇	11	89.432348	v	v:11	0.000000	haak3:11	19	196.187762	v	v:19	haak6:11|haak3:6|haak1:1|haak4:1	142.810055	true	0.455851	cantomap	false				false	general_lexicality_review	unreviewed	
578	今日	35	284.557472	t	t:35	0.000000	gam1jat6:35	0	0.000000				142.278736	false	0.000000	hkcancor	true	306	108	gam1jat6	false	single_corpus_review	unreviewed	
579	先至	35	284.557472	d	d:35	0.000000	sin1zi3:35	0	0.000000				142.278736	false	0.000000	hkcancor	true	387	82	*sin1zi3	false	single_corpus_review	unreviewed	
580	字典	35	284.557472	n	n:35	0.000000	zi6din2:35	0	0.000000				142.278736	false	0.000000	hkcancor	true	807	32	zi6din2	false	single_corpus_review	unreviewed	
581	所謂	31	252.036618	d	d:22|n:6|Vg:2|a:1	0.000000	so2wai6:31	3	30.977015	d	d:3	so2wai6:3	141.506817	true	0.122907	hkcancor	true	411	75	so2wai6	false	general_lexicality_review	unreviewed	
582	九	17	138.213629	m	m:16|t:1	0.000000	gau2:17	14	144.559404	m	m:14	gau2:14	141.386517	true	0.956103	cantomap	true	627	45	gau2	false	general_lexicality_review	unreviewed	
583	把	8	65.041708	p	p:5|q:3	0.000000	baa2:8	21	216.839105	n	n:8|p:7|q:4|v:2	baa2:21	140.940407	true	0.299954	cantomap	true	673	41	baa2	false	general_lexicality_review	unreviewed	
584	指	8	65.041708	v	v:8	0.000000	zi2:8	21	216.839105	v	v:21	zi2:21	140.940407	true	0.299954	cantomap	true	1089	22	zi2	false	general_lexicality_review	unreviewed	
585	短	27	219.515764	a	a:27	0.000000	dyun2:27	6	61.954030	a	a:6	dyun2:6	140.734897	true	0.282230	hkcancor	true	815	32	dyun2	false	general_lexicality_review	unreviewed	
586	朋友	32	260.166832	n	n:32	0.000000	pang4jau5:32	2	20.651343	n	n:2	pang4jau5:2	140.409088	true	0.079377	hkcancor	true	224	154	pang4jau5	false	domain_concentration_review	unreviewed	
587	景點	0	0.000000			0.000000		27	278.793135	n	n:27	ging2dim2:27	139.396568	false	0.000000	cantomap	true	923	27	ging2dim2	false	single_corpus_review	unreviewed	
588	西面	0	0.000000			0.000000		27	278.793135	n	n:19|f:5|Vg:1|ns:1|nz:1	sai1min6:27	139.396568	false	0.000000	cantomap	true	1660	12	sai1min6	false	single_corpus_review	unreviewed	
589	凍	33	268.297045	a	a:33	0.000000	dung3:33	1	10.325672	a	a:1	dung3:1	139.311359	true	0.038486	hkcancor	true	1051	23	dung3	false	domain_concentration_review	unreviewed	
590	唔會	1	8.130213	vu	vu:1	0.000000	m4wui5:1	26	268.467464	d	d:18|a:4|l:3|v:1	m4wui5:26	138.298839	true	0.030284	cantomap	false				false	domain_concentration_review	unreviewed	
591	底部	1	8.130213	f	f:1	0.000000	dai2bou6:1	26	268.467464	n	n:5|Ng:5|vn:4|d:4|v:3|a:2|q:1|ns:1	dai2bou6:26	138.298839	true	0.030284	cantomap	false				false	domain_concentration_review	unreviewed	
592	哩度	34	276.427259	r	r:31|n:3	0.000000	ni1dou6:34	0	0.000000				138.213629	false	0.000000	hkcancor	true	1161	20	*lei5|le1|lei1|li1dou6|dok6	false	single_corpus_review	unreviewed	
593	後	16	130.083416	f	f:15|g2:1	0.000000	hau6:16	14	144.559404	f	f:14	hau6:14	137.321410	true	0.899861	cantomap	true	705	39	hau6	false	general_lexicality_review	unreviewed	
594	接近	2	16.260427	v	v:2	0.000000	zip3gan6:2	25	258.141792	v	v:20|n:2|jns:1|a:1|Ng:1	zip3gan6:25	137.201110	true	0.062990	cantomap	true	814	32	zip3gan6	false	domain_concentration_review	unreviewed	
595	一半	13	105.692775	m	m:13	0.000000	jat1bun3:13	16	165.210747	m	m:16	jat1bun3:16	135.451761	true	0.639745	cantomap	true	722	37	jat1bun3	false	general_lexicality_review	unreviewed	
596	丸冤墓	0	0.000000			0.000000		26	268.467464	n	n:15|Ng:3|v:3|x:2|xn:1|nr:1|d:1	jyun2jyun1mou6:26	134.233732	false	0.000000	cantomap	false				false	single_corpus_review	unreviewed	
597	意	0	0.000000			0.000000		26	268.467464	n	n:23|v:3	ji3:26	134.233732	false	0.000000	cantomap	true	518	57	ji3	false	single_corpus_review	unreviewed	
598	個個	33	268.297045	q	q:29|r:3|n:1	0.000000	go3go3:33	0	0.000000				134.148523	false	0.000000	hkcancor	true	717	38	go3go3	false	single_corpus_review	unreviewed	
599	換	33	268.297045	v	v:33	0.000000	wun6:33	0	0.000000				134.148523	false	0.000000	hkcancor	true	1818	11	wun6	false	single_corpus_review	unreviewed	
600	理由	33	268.297045	n	n:32|v:1	0.000000	lei5jau4:33	0	0.000000				134.148523	false	0.000000	hkcancor	true	596	48	lei5jau4	false	single_corpus_review	unreviewed	
601	基本上	29	235.776191	d	d:28|i:1	0.000000	gei1bun2soeng6:29	3	30.977015	d	d:3	gei1bun2soeng6:3	133.376603	true	0.131383	hkcancor	true	572	51	gei1bun2soeng6	false	general_lexicality_review	unreviewed	
602	搭	29	235.776191	v	v:29	0.000000	daap3:29	3	30.977015	v	v:3	daap3:3	133.376603	true	0.131383	hkcancor	true	880	29	daap3	false	general_lexicality_review	unreviewed	
603	改	25	203.255337	v	v:25	0.000000	goi2:25	6	61.954030	v	v:6	goi2:6	132.604684	true	0.304809	hkcancor	true	1003	24	goi2	false	general_lexicality_review	unreviewed	
604	情況	31	252.036618	n	n:31	0.000000	cing4fong3:31	1	10.325672	n	n:1	cing4fong3:1	131.181145	true	0.040969	hkcancor	true	395	80	cing4fong3	false	domain_concentration_review	unreviewed	
605	方面	31	252.036618	n	n:30|f:1	0.000000	fong1min6:31	1	10.325672	n	n:1	fong1min6:1	131.181145	true	0.040969	hkcancor	true	348	92	fong1min6	false	domain_concentration_review	unreviewed	
606	女仔	32	260.166832	n	n:32	0.000000	neoi5zai2:32	0	0.000000				130.083416	false	0.000000	hkcancor	true	385	82	neoi5zai2	false	single_corpus_review	unreviewed	
607	學生	32	260.166832	n	n:32	0.000000	hok6saang1:32	0	0.000000				130.083416	false	0.000000	hkcancor	true	612	47	hok6saang1	false	single_corpus_review	unreviewed	
608	悶	32	260.166832	a	a:31|v:1	0.000000	mun6:32	0	0.000000				130.083416	false	0.000000	hkcancor	true	1974	10	mun6	false	single_corpus_review	unreviewed	
609	更加	32	260.166832	d	d:32	0.000000	gang3gaa1:32	0	0.000000				130.083416	false	0.000000	hkcancor	true	486	61	gang3gaa1	false	single_corpus_review	unreviewed	
610	細個	32	260.166832	a	a:32	0.000000	sai3go3:32	0	0.000000				130.083416	false	0.000000	hkcancor	true	553	53	*sai3go3	false	single_corpus_review	unreviewed	
611	擺	23	186.994910	v	v:23	0.000000	baai2:23	7	72.279702	v	v:7	baai2:7	129.637306	true	0.386533	hkcancor	true	529	56	baai2	false	general_lexicality_review	unreviewed	
612	十五	14	113.822989	m	m:14	0.000000	sap6ng5:14	14	144.559404	m	m:14	sap6ng5:14	129.191196	true	0.787379	cantomap	false				false	general_lexicality_review	unreviewed	
613	橢圓形	0	0.000000			0.000000		25	258.141792	n	n:24|v:1	to5jun4jing4:25	129.070896	false	0.000000	cantomap	false				false	single_corpus_review	unreviewed	
614	泳池	0	0.000000			0.000000		25	258.141792	n	n:22|v:2|x:1	wing6ci4:25	129.070896	false	0.000000	cantomap	true	243	146	wing6ci4	false	single_corpus_review	unreviewed	
615	受	5	40.651067	v	v:4|x:1	0.000000	sau6:5	21	216.839105	x	x:11|v:9|vn:1	sau6:21	128.745086	true	0.187471	cantomap	true	508	58	sau6	false	general_lexicality_review	unreviewed	
616	入面	1	8.130213	f	f:1	0.000000	jap6min6:1	24	247.816120	f	f:22|n:2	jap6min6:24	127.973167	true	0.032807	cantomap	true	667	41	jap6min6	false	domain_concentration_review	unreviewed	
617	海	6	48.781281	n	n:6	0.000000	hoi2:6	20	206.513434	n	n:15|ns:4|Ng:1	hoi2:20	127.647357	true	0.236214	cantomap	true	562	52	hoi2	false	general_lexicality_review	unreviewed	
618	類似	11	89.432348	a	a:11	0.000000	leoi6ci5:11	16	165.210747	a	a:16	leoi6ci5:16	127.321548	true	0.541323	cantomap	true	992	25	leoi6ci5	false	general_lexicality_review	unreviewed	
619	左右	2	16.260427	f	f:2	0.000000	zo2jau2:2	23	237.490449	f	f:23	zo2jau2:23	126.875438	true	0.068468	cantomap	true	723	37	zo2jau2|zo2jau6	false	domain_concentration_review	unreviewed	
620	人工	31	252.036618	n	n:27|a:4	0.000000	jan4gung1:31	0	0.000000				126.018309	false	0.000000	hkcancor	true	684	40	jan4gung1	false	single_corpus_review	unreviewed	
621	嘿	31	252.036618	e	e:31	0.000000	hei3:31	0	0.000000				126.018309	false	0.000000	hkcancor	true	835	31	hei1	false	single_corpus_review	unreviewed	
622	考試	31	252.036618	v	v:14|vn:9|n:8	0.000000	haau2si5:31	0	0.000000				126.018309	false	0.000000	hkcancor	true	735	36	haau2si3	false	single_corpus_review	unreviewed	
623	食飯	31	252.036618	v	v:31	0.000000	sik6faan6:31	0	0.000000				126.018309	false	0.000000	hkcancor	true	725	37	*sik6faan6	false	single_corpus_review	unreviewed	
624	勁	28	227.645978	a	a:26|d:2	0.000000	ging6:28	2	20.651343	a	a:2	ging6:2	124.148661	true	0.090717	hkcancor	true	367	87	ging6|ging3	false	domain_concentration_review	unreviewed	
625	大佬	28	227.645978	n	n:28	0.000000	daai6lou2:28	2	20.651343	n	n:2	daai6lou2:2	124.148661	true	0.090717	hkcancor	true	841	30	daai6lou2	false	domain_concentration_review	unreviewed	
626	袋	28	227.645978	n	n:24|v:3|q:1	0.000000	doi2:24|doi6:4	2	20.651343	n	n:2	doi6:2	124.148661	true	0.090717	hkcancor	true	693	40	doi6|doi2	false	domain_concentration_review	unreviewed	
627	可唔可以	0	0.000000			0.000000		24	247.816120	vu	vu:19|a:3|v:2	ho2m4ho2ji5:24	123.908060	false	0.000000	cantomap	false				false	single_corpus_review	unreviewed	
628	圓形	0	0.000000			0.000000		24	247.816120	n	n:23|v:1	jun4jing4:24	123.908060	false	0.000000	cantomap	true	831	31	jyun4jing4	false	single_corpus_review	unreviewed	
629	韻靚橋	0	0.000000			0.000000		24	247.816120	v	v:8|n:8|x:3|ns:2|l:2|Ng:1	wan5leng3kiu4:24	123.908060	false	0.000000	cantomap	false				false	single_corpus_review	unreviewed	
630	水	25	203.255337	n	n:25	0.000000	seoi2:25	4	41.302687	n	n:4	seoi2:4	122.279012	true	0.203206	hkcancor	true	521	56	seoi2	false	general_lexicality_review	unreviewed	
631	今年	30	243.906405	t	t:30	0.000000	gam1nin2:30	0	0.000000				121.953202	false	0.000000	hkcancor	true	531	55	gam1nin4	false	single_corpus_review	unreviewed	
632	分鐘	30	243.906405	q	q:30	0.000000	fan1zung1:30	0	0.000000				121.953202	false	0.000000	hkcancor	true	668	41	fan1zung1	false	single_corpus_review	unreviewed	
633	李	30	243.906405	nr	nr:30	1.000000	lei5:30	0	0.000000				121.953202	false	0.000000	hkcancor	false				false	proper_name_review	unreviewed	
634	電腦	30	243.906405	n	n:30	0.000000	din6nou5:30	0	0.000000				121.953202	false	0.000000	hkcancor	true	512	58	din6nou5	false	single_corpus_review	unreviewed	
635	鼻	2	16.260427	n	n:2	0.000000	bei6:2	22	227.164777	n	n:11|Ng:6|v:3|x:2	bei6:22	121.712602	true	0.071580	cantomap	true	834	31	bei6	false	domain_concentration_review	unreviewed	
636	煙	3	24.390640	n	n:3	0.000000	jin1:3	21	216.839105	n	n:20|c:1	jin1:21	120.614873	true	0.112483	cantomap	true	362	89	jin1	false	general_lexicality_review	unreviewed	
637	希望	28	227.645978	v	v:16|vu:9|vn:3	0.000000	hei1mong6:28	1	10.325672	v	v:1	hei1mong6:1	118.985825	true	0.045358	hkcancor	true	302	110	hei1mong6	false	domain_concentration_review	unreviewed	
638	搞笑	28	227.645978	a	a:28	0.000000	gaau2siu3:28	1	10.325672	a	a:1	gaau2siu3:1	118.985825	true	0.045358	hkcancor	true	879	29	gaau2siu3	false	domain_concentration_review	unreviewed	
639	炒	28	227.645978	v	v:28	0.000000	caau2:28	1	10.325672	v	v:1	caau2:1	118.985825	true	0.045358	hkcancor	true	675	41	caau2	false	domain_concentration_review	unreviewed	
640	出嚟	0	0.000000			0.000000		23	237.490449	v	v:23	ceot1lai4:23	118.745224	false	0.000000	cantomap	true	233	151	ceot1lai4	true	known_nonatomic_or_invalid	unreviewed	
641	南面	0	0.000000			0.000000		23	237.490449	n	n:12|ns:5|f:4|Ng:1|x:1	naam4min6:23	118.745224	false	0.000000	cantomap	false				false	single_corpus_review	unreviewed	
642	害	0	0.000000			0.000000		23	237.490449	Ng	Ng:9|n:6|v:4|x:2|a:1|vn:1	hoi6:23	118.745224	false	0.000000	cantomap	true	774	34	hoi6	false	single_corpus_review	unreviewed	
643	擰幼湖	0	0.000000			0.000000		23	237.490449	v	v:20|Ng:2|n:1	ling2jau3wu4:23	118.745224	false	0.000000	cantomap	false				false	single_corpus_review	unreviewed	
644	燈塔	0	0.000000			0.000000		23	237.490449	n	n:14|v:5|x:3|nz:1	dang1taap3:23	118.745224	false	0.000000	cantomap	true	416	75	dang1taap3	false	single_corpus_review	unreviewed	
645	笨	0	0.000000			0.000000		23	237.490449	n	n:11|v:7|Ng:3|x:2	ban6:23	118.745224	false	0.000000	cantomap	true	759	35	ban6	false	single_corpus_review	unreviewed	
646	地盤	5	40.651067	n	n:5	0.000000	dei6pun4:5	19	196.187762	n	n:14|v:5	dei6pun4:19	118.419415	true	0.207205	cantomap	true	449	67	dei6pun4	false	general_lexicality_review	unreviewed	
647	介紹	29	235.776191	v	v:28|vn:1	0.000000	gaai3siu6:29	0	0.000000				117.888096	false	0.000000	hkcancor	true	769	34	gaai3siu6	false	single_corpus_review	unreviewed	
648	後尾	29	235.776191	f	f:15|t:14	0.000000	hau6mei1:24|hau1mei1:5	0	0.000000				117.888096	false	0.000000	hkcancor	true	516	57	*hau6mei5	false	single_corpus_review	unreviewed	
649	陳	29	235.776191	nr	nr:29	1.000000	can4:28|can2:1	0	0.000000				117.888096	false	0.000000	hkcancor	true	448	68	can4	false	proper_name_review	unreviewed	
650	四十五	1	8.130213	m	m:1	0.000000	sei3sap6ng5:1	22	227.164777	m	m:20|t:2	sei3sap6m5:22	117.647495	true	0.035790	cantomap	false				false	domain_concentration_review	unreviewed	
651	段	20	162.604270	q	q:20	0.000000	dyun6:20	7	72.279702	q	q:7	dyun6:7	117.441986	true	0.444513	hkcancor	true	644	44	dyun6	false	general_lexicality_review	unreviewed	
652	覺	25	203.255337	v	v:12|g1:11|Ng:2	0.000000	gok3:23|gaau3:2	3	30.977015	v	v:3	gaau3:3	117.116176	true	0.152404	hkcancor	true	425	73	gaau3|gok3	false	general_lexicality_review	unreviewed	
653	跳	25	203.255337	v	v:25	0.000000	tiu3:25	3	30.977015	v	v:3	tiu3:3	117.116176	true	0.152404	hkcancor	true	927	27	tiu3	false	general_lexicality_review	unreviewed	
654	公仔	2	16.260427	n	n:2	0.000000	gung1zai2:2	21	216.839105	n	n:21	gung1zai2:21	116.549766	true	0.074988	cantomap	true	936	26	gung1zai2	false	domain_concentration_review	unreviewed	
655	外圍	2	16.260427	f	f:2	0.000000	ngoi6wai4:2	21	216.839105	n	n:16|f:3|ns:1|x:1	ngoi6wai4:21	116.549766	true	0.074988	cantomap	true	1040	23	ngoi6wai4	false	domain_concentration_review	unreviewed	
656	其中	17	138.213629	r	r:17	0.000000	kei4zung1:17	9	92.931045	r	r:9	kei4zung1:9	115.572337	true	0.672373	hkcancor	true	631	45	kei4zung1	false	general_lexicality_review	unreviewed	
657	地	17	138.213629	k	k:9|u:4|n:3|Ng:1	0.000000	dei6:16|dei2:1	9	92.931045	n	n:8|u:1	dei6:9	115.572337	true	0.672373	hkcancor	true	501	59	dei6	false	general_lexicality_review	unreviewed	
658	數	17	138.213629	n	n:10|v:7	0.000000	sou3:10|sou2:7	9	92.931045	v	v:5|n:4	sou3:9	115.572337	true	0.672373	hkcancor	true	1461	15	sou3|sou2	false	general_lexicality_review	unreviewed	
659	閒	3	24.390640	a	a:3	0.000000	haan4:3	20	206.513434	a	a:20	haan4:20	115.452037	true	0.118107	cantomap	true	695	40	haan4	false	general_lexicality_review	unreviewed	
660	方法	22	178.864697	n	n:22	0.000000	fong1faat3:22	5	51.628358	n	n:5	fong1faat3:5	115.246528	true	0.288645	hkcancor	true	639	44	fong1faat3	false	general_lexicality_review	unreviewed	
661	附近	8	65.041708	f	f:4|n:3|s:1	0.000000	fu6gan6:8	16	165.210747	n	n:12|f:3|x:1	fu6gan6:16	115.126227	true	0.393689	cantomap	true	982	25	fu6gan6	false	general_lexicality_review	unreviewed	
662	小學	27	219.515764	n	n:27	0.000000	siu2hok6:27	1	10.325672	n	n:1	siu2hok6:1	114.920718	true	0.047038	hkcancor	true	843	30	siu2hok6	false	domain_concentration_review	unreviewed	
663	尾	13	105.692775	f	f:9|n:3|a:1	0.000000	mei5:9|mei1:4	12	123.908060	f	f:11|n:1	mei5:12	114.800418	true	0.852994	cantomap	true	656	42	mei5	false	general_lexicality_review	unreviewed	
664	形容	4	32.520854	v	v:4	0.000000	jing4jung4:4	19	196.187762	v	v:15|n:4	jing4jung4:19	114.354308	true	0.165764	cantomap	true	872	29	jing4jung4	false	general_lexicality_review	unreviewed	
665	響	4	32.520854	p	p:2|v:2	0.000000	hoeng2:4	19	196.187762	v	v:14|n:2|p:2|ns:1	hoeng2:19	114.354308	true	0.165764	cantomap	true	1729	12	hoeng2	false	general_lexicality_review	unreviewed	
666	跑	28	227.645978	v	v:27|Vg:1	0.000000	paau2:28	0	0.000000				113.822989	false	0.000000	hkcancor	true	908	28	paau2	false	single_corpus_review	unreviewed	
667	郵票	28	227.645978	n	n:28	0.000000	jau4piu3:28	0	0.000000				113.822989	false	0.000000	hkcancor	true	909	28	jau4piu3	false	single_corpus_review	unreviewed	
668	五點鐘	0	0.000000			0.000000		22	227.164777	t	t:20|m:1|q:1	m5dim2zung1:22	113.582389	false	0.000000	cantomap	false				false	single_corpus_review	unreviewed	
669	圓柱體	0	0.000000			0.000000		22	227.164777	n	n:21|nr:1	jun4cyu5tai2:22	113.582389	false	0.000000	cantomap	false				false	single_corpus_review	unreviewed	
670	平排	0	0.000000			0.000000		22	227.164777	t	t:15|Vg:3|a:2|x:1|Ng:1	ping4paai4:22	113.582389	false	0.000000	cantomap	true	1282	17	ping4paai4	false	single_corpus_review	unreviewed	
671	落嚟	0	0.000000			0.000000		22	227.164777	v	v:19|n:2|u:1	lok6lai4:22	113.582389	false	0.000000	cantomap	false				false	single_corpus_review	unreviewed	
672	啩	24	195.125124	y	y:23|y1:1	0.000000	gwaa3:24	3	30.977015	y	y:3	gwaa3:3	113.051070	true	0.158755	hkcancor	false				false	general_lexicality_review	unreviewed	
673	樹林	1	8.130213	n	n:1	0.000000	syu6lam4:1	21	216.839105	n	n:11|ns:5|nr:3|Ng:1|x:1	syu6lam4:21	112.484659	true	0.037494	cantomap	true	408	76	syu6lam4	false	domain_concentration_review	unreviewed	
674	粒	21	170.734483	q	q:18|n:3	0.000000	lap1:21	5	51.628358	q	q:5	lap1:5	111.181421	true	0.302390	hkcancor	false				false	general_lexicality_review	unreviewed	
675	好玩	26	211.385551	a	a:26	0.000000	hou2waan2:26	1	10.325672	a	a:1	hou2waan2:1	110.855611	true	0.048848	hkcancor	true	806	32	hou2waan2	false	domain_concentration_review	unreviewed	
676	廿	26	211.385551	m	m:26	0.000000	jaa6:26	1	10.325672	m	m:1	jaa6:1	110.855611	true	0.048848	hkcancor	true	1106	21	jaa6|nim6|je6	false	domain_concentration_review	unreviewed	
677	嗰時	27	219.515764	r	r:23|t:4	0.000000	go2si4:25|go2si2:2	0	0.000000				109.757882	false	0.000000	hkcancor	false				false	single_corpus_review	unreviewed	
678	抵	27	219.515764	a	a:22|v:5	0.000000	dai2:27	0	0.000000				109.757882	false	0.000000	hkcancor	true	1157	20	dai2	false	single_corpus_review	unreviewed	
679	未必	27	219.515764	d	d:27	0.000000	mei6bit1:27	0	0.000000				109.757882	false	0.000000	hkcancor	true	606	47	mei6bit1	false	single_corpus_review	unreviewed	
680	貼	4	32.520854	v	v:4	0.000000	tip3:4	18	185.862090	v	v:18	tip1:18	109.191472	true	0.174973	cantomap	true	1525	14	tip1	false	general_lexicality_review	unreviewed	
681	交	23	186.994910	v	v:23	0.000000	gaau1:23	3	30.977015	v	v:3	gaau1:3	108.985963	true	0.165657	hkcancor	true	998	24	gaau1	false	general_lexicality_review	unreviewed	
682	黎	14	113.822989	nr	nr:14	1.000000	lai4:14	10	103.256717	nr	nr:10	lai4:10	108.539853	true	0.907169	hkcancor	false				false	proper_name_review	unreviewed	
683	依	0	0.000000			0.000000		21	216.839105	n	n:7|d:6|v:4|Ng:2|nr:1|a:1	ji1:21	108.419553	false	0.000000	cantomap	true	338	98	ji1	false	single_corpus_review	unreviewed	
684	圖標	0	0.000000			0.000000		21	216.839105	n	n:21	tou4biu1:21	108.419553	false	0.000000	cantomap	true	1988	10	tou4biu1	false	single_corpus_review	unreviewed	
685	手指	0	0.000000			0.000000		21	216.839105	n	n:21	sau2zi2:21	108.419553	false	0.000000	cantomap	true	996	24	sau2zi2	false	single_corpus_review	unreviewed	
686	長方形	0	0.000000			0.000000		21	216.839105	n	n:21	coeng4fong1jing4:21	108.419553	false	0.000000	cantomap	true	1118	21	coeng4fong1jing4	false	single_corpus_review	unreviewed	
687	所有	19	154.474056	b	b:16|r:2|a:1	0.000000	so2jau5:19	6	61.954030	b	b:6	so2jau5:6	108.214043	true	0.401064	hkcancor	true	703	39	so2jau5	false	general_lexicality_review	unreviewed	
688	升	24	195.125124	v	v:24	0.000000	sing1:24	2	20.651343	v	v:2	sing1:2	107.888234	true	0.105836	hkcancor	true	1105	21	sing1	false	general_lexicality_review	unreviewed	
689	任何	10	81.302135	r	r:10	0.000000	jam6ho4:10	13	134.233732	r	r:13	jam6ho4:13	107.767933	true	0.605676	cantomap	true	537	54	jam6ho4	false	general_lexicality_review	unreviewed	
690	遮	1	8.130213	v	v:1	0.000000	ze1:1	20	206.513434	n	n:11|v:7|d:1|a:1	ze1:20	107.321824	true	0.039369	cantomap	true	1327	17	ze1	false	domain_concentration_review	unreviewed	
691	一百	25	203.255337	m	m:25	0.000000	jat1baak3:25	1	10.325672	m	m:1	jat1baak3:1	106.790505	true	0.050801	hkcancor	false				false	domain_concentration_review	unreviewed	
692	工作	25	203.255337	n	n:21|v:3|vn:1	0.000000	gung1zok3:25	1	10.325672	n	n:1	gung1zok3:1	106.790505	true	0.050801	hkcancor	true	498	59	gung1zok3	false	domain_concentration_review	unreviewed	
693	飛	25	203.255337	v	v:15|n:10	0.000000	fei1:25	1	10.325672	v	v:1	fei1:1	106.790505	true	0.050801	hkcancor	true	856	30	fei1	false	domain_concentration_review	unreviewed	
694	夾	11	89.432348	v	v:11	0.000000	gaap3:8|gap3:3	12	123.908060	v	v:12	gaap3:12	106.670204	true	0.721764	cantomap	true	1575	13	gaap3|gaap2	false	general_lexicality_review	unreviewed	
695	支	11	89.432348	q	q:11	0.000000	zi1:11	12	123.908060	q	q:12	zi1:12	106.670204	true	0.721764	cantomap	true	1222	18	zi1	false	general_lexicality_review	unreviewed	
696	形狀	2	16.260427	n	n:2	0.000000	jing4zong6:2	19	196.187762	n	n:17|v:2	jing4zong6:19	106.224095	true	0.082882	cantomap	true	1110	21	jing4zong6	false	domain_concentration_review	unreviewed	
697	分別	21	170.734483	n	n:16|d:5	0.000000	fan1bit6:21	4	41.302687	n	n:2|d:2	fan1bit6:4	106.018585	true	0.241912	hkcancor	true	749	35	fan1bit6	false	general_lexicality_review	unreviewed	
698	叻	21	170.734483	a	a:21	0.000000	lek1:21	4	41.302687	a	a:4	lek1:4	106.018585	true	0.241912	hkcancor	true	821	31	lek1	false	general_lexicality_review	unreviewed	
699	奶茶	26	211.385551	n	n:26	0.000000	naai5caa4:26	0	0.000000				105.692775	false	0.000000	hkcancor	true	970	25	naai5caa4	false	single_corpus_review	unreviewed	
700	老	26	211.385551	a	a:26	0.000000	lou5:26	0	0.000000				105.692775	false	0.000000	hkcancor	true	337	98	lou5	false	single_corpus_review	unreviewed	
701	起碼	26	211.385551	d	d:26	0.000000	hei2maa5:26	0	0.000000				105.692775	false	0.000000	hkcancor	true	681	41	hei2maa5	false	single_corpus_review	unreviewed	
702	笑	22	178.864697	v	v:21|Ng:1	0.000000	siu3:22	3	30.977015	v	v:3	siu3:3	104.920856	true	0.173187	hkcancor	true	775	34	siu3	false	general_lexicality_review	unreviewed	
703	慢慢	8	65.041708	a	a:7|d:1	0.000000	maan6maan2:7|maan6maan1:1	14	144.559404	a	a:14	maan6maan6:14	104.800556	true	0.449931	cantomap	true	696	40	maan6maan6	false	general_lexicality_review	unreviewed	
704	相信	13	105.692775	v	v:13	0.000000	soeng1seon3:13	10	103.256717	v	v:10	soeng1seon3:10	104.474746	true	0.976952	hkcancor	true	452	67	soeng1seon3	false	general_lexicality_review	unreviewed	
705	得意	23	186.994910	a	a:23	0.000000	dak1ji3:23	2	20.651343	a	a:2	dak1ji3:2	103.823127	true	0.110438	hkcancor	true	1012	24	dak1ji3	false	general_lexicality_review	unreviewed	
706	像	0	0.000000			0.000000		20	206.513434	n	n:18|Ng:2	zoeng6:20	103.256717	false	0.000000	cantomap	true	369	87	zoeng6	false	single_corpus_review	unreviewed	
707	圖形	0	0.000000			0.000000		20	206.513434	n	n:20	tou4jing4:20	103.256717	false	0.000000	cantomap	true	1175	20	tou4jing4	false	single_corpus_review	unreviewed	
708	打直	0	0.000000			0.000000		20	206.513434	v	v:18|d:2	daa2zik6:20	103.256717	false	0.000000	cantomap	true	1284	17	daa2zik6	false	single_corpus_review	unreviewed	
709	時	0	0.000000			0.000000		20	206.513434	t	t:10|n:8|d:2	si4:20	103.256717	false	0.000000	cantomap	true	94	448	si4	false	single_corpus_review	unreviewed	
710	正下方	0	0.000000			0.000000		20	206.513434	n	n:15|x:4|Ng:1	zing3haa6fong1:20	103.256717	false	0.000000	cantomap	true	1191	19	zing3haa6fong1	false	single_corpus_review	unreviewed	
711	空白	0	0.000000			0.000000		20	206.513434	n	n:17|a:2|v:1	hung1baak6:20	103.256717	false	0.000000	cantomap	true	1088	22	hung1baak6	false	single_corpus_review	unreviewed	
712	女	24	195.125124	b	b:11|n:11|a:1|Ng:1	0.000000	neoi5:12|neoi2:12	1	10.325672	b	b:1	neoi5:1	102.725398	true	0.052918	hkcancor	true	616	46	neoi5	false	domain_concentration_review	unreviewed	
713	肯定	24	195.125124	a	a:12|d:8|v:4	0.000000	hang2ding6:24	1	10.325672	a	a:1	hang2ding6:1	102.725398	true	0.052918	hkcancor	true	509	58	hang2ding6	false	domain_concentration_review	unreviewed	
714	頭髮	24	195.125124	n	n:24	0.000000	tau4faat3:24	1	10.325672	n	n:1	tau4faat3:1	102.725398	true	0.052918	hkcancor	true	991	25	tau4faat3	false	domain_concentration_review	unreviewed	
715	中文	15	121.953202	nz	nz:15	1.000000	zung1man2:14|zung1man4:1	8	82.605373	nz	nz:8	zung1man4:8	102.279288	true	0.677353	hkcancor	true	844	30	zung1man4	false	proper_name_review	unreviewed	
716	旗	1	8.130213	n	n:1	0.000000	kei4:1	19	196.187762	n	n:19	kei4:19	102.158988	true	0.041441	cantomap	true	960	26	kei4	false	domain_concentration_review	unreviewed	
717	暖	1	8.130213	a	a:1	0.000000	nyun5:1	19	196.187762	n	n:6|Ng:4|a:4|v:3|x:1|nz:1	nyun5:19	102.158988	true	0.041441	cantomap	true	392	81	nyun5	false	domain_concentration_review	unreviewed	
718	唔該	6	48.781281	l1	l1:6	0.000000	m4goi1:6	15	154.885075	l1	l1:9|a:3|d:1|Ng:1|l:1	m4goi1:15	101.833178	true	0.314951	cantomap	true	488	61	m4goi1	false	general_lexicality_review	unreviewed	
719	上次	25	203.255337	t	t:24|f:1	0.000000	soeng6ci3:25	0	0.000000				101.627669	false	0.000000	hkcancor	true	884	28	soeng6ci3	false	single_corpus_review	unreviewed	
720	借	25	203.255337	v	v:25	0.000000	ze3:25	0	0.000000				101.627669	false	0.000000	hkcancor	true	678	41	ze3	false	single_corpus_review	unreviewed	
721	同事	25	203.255337	n	n:25	0.000000	tung4si6:25	0	0.000000				101.627669	false	0.000000	hkcancor	true	917	27	tung4si6	false	single_corpus_review	unreviewed	
722	最近	25	203.255337	t	t:25	0.000000	zeoi3gan6:25	0	0.000000				101.627669	false	0.000000	hkcancor	true	663	42	zeoi3gan6	false	single_corpus_review	unreviewed	
723	無聊	25	203.255337	a	a:25	0.000000	mou4liu4:25	0	0.000000				101.627669	false	0.000000	hkcancor	true	989	25	mou4liu4	false	single_corpus_review	unreviewed	
724	老細	25	203.255337	n	n:25	0.000000	lou5sai3:25	0	0.000000				101.627669	false	0.000000	hkcancor	true	1767	11	*lou5sai3	false	single_corpus_review	unreviewed	
725	講真	25	203.255337	v	v:25	0.000000	gong2zan1:25	0	0.000000				101.627669	false	0.000000	hkcancor	true	868	30	*gong2zan1	false	single_corpus_review	unreviewed	
726	咓	11	89.432348	y	y:11	0.000000	aa5:11	11	113.582389	y	y:11	aa5:11	101.507369	true	0.787379	cantomap	false				false	general_lexicality_review	unreviewed	
727	真	21	170.734483	a	a:21	0.000000	zan1:21	3	30.977015	a	a:3	zan1:3	100.855749	true	0.181434	hkcancor	true	527	56	zan1	false	general_lexicality_review	unreviewed	
728	廠	18	146.343843	n	n:18	0.000000	cong2:18	5	51.628358	n	n:5	cong2:5	98.986101	true	0.352788	hkcancor	true	1261	18	cong2	false	general_lexicality_review	unreviewed	
729	機場	4	32.520854	n	n:4	0.000000	gei1coeng4:4	16	165.210747	n	n:16	gei1coeng4:16	98.865800	true	0.196845	cantomap	true	253	143	gei1coeng4	false	general_lexicality_review	unreviewed	
730	走去	23	186.994910	v	v:22|p:1	0.000000	zau2heoi3:23	1	10.325672	v	v:1	zau2heoi3:1	98.660291	true	0.055219	hkcancor	false				false	domain_concentration_review	unreviewed	
731	電視	23	186.994910	n	n:23	0.000000	din6si6:23	1	10.325672	n	n:1	din6si6:1	98.660291	true	0.055219	hkcancor	true	623	46	din6si6	false	domain_concentration_review	unreviewed	
732	丸	0	0.000000			0.000000		19	196.187762	n	n:10|v:5|x:2|Ng:2	jun2:19	98.093881	false	0.000000	cantomap	true	265	131	jyun2|jyun4	false	single_corpus_review	unreviewed	
733	堡	0	0.000000			0.000000		19	196.187762	n	n:10|Ng:6|x:1|v:1|d:1	bou2:19	98.093881	false	0.000000	cantomap	true	777	34	bou2	false	single_corpus_review	unreviewed	
734	曲線	0	0.000000			0.000000		19	196.187762	n	n:13|v:6	kuk1sin3:19	98.093881	false	0.000000	cantomap	true	1658	12	kuk1sin3	false	single_corpus_review	unreviewed	
735	東南方	0	0.000000			0.000000		19	196.187762	n	n:17|nt:1|ns:1	dung1laam4fong1:19	98.093881	false	0.000000	cantomap	false				false	single_corpus_review	unreviewed	
736	水塘	0	0.000000			0.000000		19	196.187762	n	n:15|v:1|l:1|Dg:1|x:1	seoi2tong4:19	98.093881	false	0.000000	cantomap	true	482	61	seoi2tong4	false	single_corpus_review	unreviewed	
737	礦場	0	0.000000			0.000000		19	196.187762	n	n:19	kwong3coeng4:19	98.093881	false	0.000000	cantomap	true	383	83	kwong3coeng4	false	single_corpus_review	unreviewed	
738	餐室	0	0.000000			0.000000		19	196.187762	n	n:19	caan1sat1:19	98.093881	false	0.000000	cantomap	true	781	34	caan1sat1	false	single_corpus_review	unreviewed	
739	可	19	154.474056	g1	g1:15|vu:1|Vg:1|Ag:1|Vug:1	0.000000	ho2:19	4	41.302687	g1	g1:3|vu:1	ho2:4	97.888372	true	0.267376	hkcancor	true	329	100	ho2	false	general_lexicality_review	unreviewed	
740	衫	19	154.474056	n	n:19	0.000000	saam1:19	4	41.302687	n	n:4	saam1:4	97.888372	true	0.267376	hkcancor	true	1008	24	saam1|sam1	false	general_lexicality_review	unreviewed	
741	做嘢	24	195.125124	v	v:24	0.000000	zou6je5:24	0	0.000000				97.562562	false	0.000000	hkcancor	false				false	single_corpus_review	unreviewed	
742	去到	24	195.125124	v	v:24	0.000000	heoi3dou3:24	0	0.000000				97.562562	false	0.000000	hkcancor	false				false	single_corpus_review	unreviewed	
743	寄	24	195.125124	v	v:24	0.000000	gei3:24	0	0.000000				97.562562	false	0.000000	hkcancor	true	904	28	gei3	false	single_corpus_review	unreviewed	
744	揸	24	195.125124	v	v:24	0.000000	zaa1:24	0	0.000000				97.562562	false	0.000000	hkcancor	true	589	49	zaa1	false	single_corpus_review	unreviewed	
745	艾爾頓	24	195.125124	nr	nr:24	1.000000	aai6ji5deon6:24	0	0.000000				97.562562	false	0.000000	hkcancor	true	1411	15	*ngaai6ji5deon6|duk6	false	proper_name_review	unreviewed	
746	英國	24	195.125124	ns	ns:24	1.000000	jing1gwok3:24	0	0.000000				97.562562	false	0.000000	hkcancor	true	1239	18	jing1gwok3	false	proper_name_review	unreviewed	
747	譯	24	195.125124	v	v:24	0.000000	jik6:24	0	0.000000				97.562562	false	0.000000	hkcancor	false				false	single_corpus_review	unreviewed	
748	起身	24	195.125124	v	v:24	0.000000	hei2san1:24	0	0.000000				97.562562	false	0.000000	hkcancor	true	950	26	hei2san1	false	single_corpus_review	unreviewed	
749	辦法	24	195.125124	n	n:24	0.000000	baan6faat3:24	0	0.000000				97.562562	false	0.000000	hkcancor	true	666	42	baan6faat3	false	single_corpus_review	unreviewed	
750	主要	15	121.953202	a	a:14|d:1	0.000000	zyu2jiu3:15	7	72.279702	a	a:7	zyu2jiu3:7	97.116452	true	0.592684	hkcancor	true	687	40	zyu2jiu3	false	general_lexicality_review	unreviewed	
751	只	15	121.953202	d	d:14|c:1	0.000000	zi2:15	7	72.279702	d	d:7	zi2:7	97.116452	true	0.592684	hkcancor	true	328	100	zi2|zek3	false	general_lexicality_review	unreviewed	
752	從	1	8.130213	p	p:1	0.000000	cung4:1	18	185.862090	d	d:9|p:3|a:2|c:1|n:1|Ng:1|nr:1	cung4:18	96.996152	true	0.043743	cantomap	true	584	50	cung4	false	domain_concentration_review	unreviewed	
753	報	20	162.604270	v	v:19|g1:1	0.000000	bou3:20	3	30.977015	v	v:3	bou3:3	96.790643	true	0.190506	hkcancor	true	1168	20	bou3	false	general_lexicality_review	unreviewed	
754	機會	20	162.604270	n	n:20	0.000000	gei1wui6:20	3	30.977015	n	n:3	gei1wui6:3	96.790643	true	0.190506	hkcancor	true	816	32	gei1wui6	false	general_lexicality_review	unreviewed	
755	好彩	21	170.734483	a	a:21	0.000000	hou2coi2:21	2	20.651343	a	a:2	hou2coi2:2	95.692913	true	0.120956	hkcancor	true	974	25	hou2coi2	false	general_lexicality_review	unreviewed	
756	得閒	21	170.734483	v	v:12|a:8|n:1	0.000000	dak1haan4:21	2	20.651343	a	a:2	dak1haan4:2	95.692913	true	0.120956	hkcancor	true	758	35	dak1haan4	false	general_lexicality_review	unreviewed	
757	白色	7	56.911494	n	n:7	0.000000	baak6sik1:7	13	134.233732	n	n:13	baak6sik1:13	95.572613	true	0.423973	cantomap	true	1108	21	baak6sik1	false	general_lexicality_review	unreviewed	
758	究竟	22	178.864697	d	d:22	0.000000	gau3ging2:22	1	10.325672	d	d:1	gau3ging2:1	94.595184	true	0.057729	hkcancor	true	388	82	gau3ging2	false	domain_concentration_review	unreviewed	
759	係噉	23	186.994910	d	d:23	0.000000	hai6gam2:23	0	0.000000				93.497455	false	0.000000	hkcancor	true	285	119	*hai6gam2	true	known_nonatomic_or_invalid	unreviewed	
760	入邊	23	186.994910	f	f:22|p:1	0.000000	jap6bin6:23	0	0.000000				93.497455	false	0.000000	hkcancor	true	1069	22	*jap6bin1	false	single_corpus_review	unreviewed	
761	反而	23	186.994910	d	d:22|c:1	0.000000	faan2ji4:23	0	0.000000				93.497455	false	0.000000	hkcancor	true	686	40	faan2ji4	false	single_corpus_review	unreviewed	
762	咯	23	186.994910	y	y:19|y1:4	0.000000	lok3:23	0	0.000000				93.497455	false	0.000000	hkcancor	true	1049	23	gaak3|lo1|lok3|gok3	false	single_corpus_review	unreviewed	
763	教書	23	186.994910	v	v:23	0.000000	gaau3syu1:23	0	0.000000				93.497455	false	0.000000	hkcancor	true	921	27	gaau3syu1	false	single_corpus_review	unreviewed	
764	神	23	186.994910	n	n:22|x:1	0.000000	san4:23	0	0.000000				93.497455	false	0.000000	hkcancor	true	757	35	san4	false	single_corpus_review	unreviewed	
765	考慮	23	186.994910	v	v:22|vn:1	0.000000	haau2leoi6:23	0	0.000000				93.497455	false	0.000000	hkcancor	true	617	46	haau2leoi6	false	single_corpus_review	unreviewed	
766	訂	23	186.994910	v	v:23	0.000000	deng6:23	0	0.000000				93.497455	false	0.000000	hkcancor	true	1427	15	ding3|deng6	false	single_corpus_review	unreviewed	
767	一點鐘	0	0.000000			0.000000		18	185.862090	t	t:13|d:5	jat1dim2zung1:18	92.931045	false	0.000000	cantomap	false				false	single_corpus_review	unreviewed	
768	擦膠	0	0.000000			0.000000		18	185.862090	n	n:17|ns:1	caat3gaau1:18	92.931045	false	0.000000	cantomap	true	1268	18	caat3gaau1	false	single_corpus_review	unreviewed	
769	穿過	0	0.000000			0.000000		18	185.862090	v	v:12|u:5|d:1	cyun1gwo3:18	92.931045	false	0.000000	cantomap	true	137	297	cyun1gwo3	false	single_corpus_review	unreviewed	
770	迷宮	0	0.000000			0.000000		18	185.862090	n	n:12|nz:2|Nsg:2|a:1|v:1	mai4gung1:18	92.931045	false	0.000000	cantomap	true	276	124	mai4gung1	false	single_corpus_review	unreviewed	
771	屋	10	81.302135	n	n:10	0.000000	uk1:10	10	103.256717	n	n:10	uk1:10	92.279426	true	0.787379	cantomap	true	898	28	uk1|nguk1	false	general_lexicality_review	unreviewed	
772	所	10	81.302135	u	u:5|r:3|p:1|q:1	0.000000	so2:10	10	103.256717	r	r:6|u:2|vk:1|d:1	so2:10	92.279426	true	0.787379	cantomap	true	410	75	so2	false	general_lexicality_review	unreviewed	
773	拎	15	121.953202	v	v:15	0.000000	ling1:15	6	61.954030	v	v:6	ling1:6	91.953616	true	0.508015	hkcancor	true	851	30	ling1	false	general_lexicality_review	unreviewed	
774	杯	20	162.604270	q	q:14|n:6	0.000000	bui1:20	2	20.651343	n	n:2	bui1:2	91.627807	true	0.127004	hkcancor	true	1780	11	bui1	false	general_lexicality_review	unreviewed	
775	十二	11	89.432348	m	m:11	0.000000	sap6ji6:11	9	92.931045	m	m:9	sap6ji6:9	91.181697	true	0.962352	cantomap	false				false	general_lexicality_review	unreviewed	
776	比	11	89.432348	v	v:8|p:3	0.000000	bei2:11	9	92.931045	v	v:6|p:3	bei2:9	91.181697	true	0.962352	cantomap	true	751	35	bei2	false	general_lexicality_review	unreviewed	
777	普通	16	130.083416	a	a:16	0.000000	pou2tung1:16	5	51.628358	a	a:5	pou2tung1:5	90.855887	true	0.396887	hkcancor	true	719	38	pou2tung1	false	general_lexicality_review	unreviewed	
778	平衡	2	16.260427	v	v:1|a:1	0.000000	ping4hang4:2	16	165.210747	v	v:5|n:5|a:4|f:1|l:1	ping4hang4:16	90.735587	true	0.098422	cantomap	true	889	28	ping4hang4	false	domain_concentration_review	unreviewed	
779	池	2	16.260427	n	n:2	0.000000	ci4:2	16	165.210747	n	n:16	ci4:16	90.735587	true	0.098422	cantomap	true	179	192	ci4	false	domain_concentration_review	unreviewed	
780	純	2	16.260427	a	a:2	0.000000	seon4:2	16	165.210747	a	a:12|Ng:4	seon4:16	90.735587	true	0.098422	cantomap	true	859	30	seon4	false	domain_concentration_review	unreviewed	
781	傻	21	170.734483	a	a:21	0.000000	so4:21	1	10.325672	a	a:1	so4:1	90.530078	true	0.060478	hkcancor	true	324	102	so4	false	domain_concentration_review	unreviewed	
782	拍	21	170.734483	v	v:21	0.000000	paak3:21	1	10.325672	v	v:1	paak3:1	90.530078	true	0.060478	hkcancor	true	607	47	paak3	false	domain_concentration_review	unreviewed	
783	場	12	97.562562	q	q:11|n:1	0.000000	coeng4:12	8	82.605373	q	q:8	coeng4:8	90.083968	true	0.846691	hkcancor	true	211	162	coeng4	false	general_lexicality_review	unreviewed	
784	先生	22	178.864697	n	n:22	0.000000	sin1saang1:22	0	0.000000				89.432348	false	0.000000	hkcancor	true	547	53	sin1saang1	false	single_corpus_review	unreviewed	
785	八月	22	178.864697	t	t:22	0.000000	baat3jyut6:22	0	0.000000				89.432348	false	0.000000	hkcancor	true	1035	23	baat3jyut6	false	single_corpus_review	unreviewed	
786	嗰日	22	178.864697	r	r:21|t:1	0.000000	go2jat6:22	0	0.000000				89.432348	false	0.000000	hkcancor	false				false	single_corpus_review	unreviewed	
787	對於	22	178.864697	p	p:22	0.000000	deoi3jyu1:22	0	0.000000				89.432348	false	0.000000	hkcancor	true	745	36	deoi3jyu1	false	single_corpus_review	unreviewed	
788	社會	22	178.864697	n	n:22	0.000000	se5wui2:22	0	0.000000				89.432348	false	0.000000	hkcancor	true	358	89	se5wui2	false	single_corpus_review	unreviewed	
789	聲	22	178.864697	n	n:16|q:5|k:1	0.000000	seng1:22	0	0.000000				89.432348	false	0.000000	hkcancor	true	817	32	seng1|sing1	false	single_corpus_review	unreviewed	
790	要求	22	178.864697	v	v:17|vn:5	0.000000	jiu1kau4:22	0	0.000000				89.432348	false	0.000000	hkcancor	true	609	47	jiu1kau4	false	single_corpus_review	unreviewed	
791	返學	22	178.864697	v	v:22	0.000000	faan1hok6:22	0	0.000000				89.432348	false	0.000000	hkcancor	true	875	29	faan1hok6	false	single_corpus_review	unreviewed	
792	阿媽	22	178.864697	n	n:22	0.000000	aa3maa1:22	0	0.000000				89.432348	false	0.000000	hkcancor	true	738	36	aa3maa1	false	single_corpus_review	unreviewed	
793	雀	22	178.864697	n	n:22	0.000000	zoek2:18|zoek3:4	0	0.000000				89.432348	false	0.000000	hkcancor	true	1605	13	zoek3	false	single_corpus_review	unreviewed	
794	靠	8	65.041708	v	v:8	0.000000	kaau3:8	11	113.582389	v	v:11	kaau3:11	89.312048	true	0.572639	cantomap	true	799	33	kaau3	false	general_lexicality_review	unreviewed	
795	除咗	18	146.343843	p	p:18	0.000000	ceoi4zo2:18	3	30.977015	p	p:3	ceoi4zo2:3	88.660429	true	0.211673	hkcancor	false				false	general_lexicality_review	unreviewed	
796	部份	9	73.171921	n	n:9	0.000000	bou6fan6:9	10	103.256717	n	n:10	bou6fan6:10	88.214319	true	0.708641	cantomap	false				false	general_lexicality_review	unreviewed	
797	受害山	0	0.000000			0.000000		17	175.536419	n	n:7|x:6|v:3|q:1	sau6hoi6saan1:17	87.768209	false	0.000000	cantomap	false				false	single_corpus_review	unreviewed	
798	城堡	0	0.000000			0.000000		17	175.536419	n	n:12|v:2|jnt:1|nz:1|Ng:1	sing4bou2:17	87.768209	false	0.000000	cantomap	true	1360	16	sing4bou2	false	single_corpus_review	unreviewed	
799	皮	0	0.000000			0.000000		17	175.536419	n	n:17	pei4:17	87.768209	false	0.000000	cantomap	true	499	59	pei4	false	single_corpus_review	unreviewed	
800	金字塔	0	0.000000			0.000000		17	175.536419	n	n:7|nr:4|nz:3|x:3	gam1zi6taap3:17	87.768209	false	0.000000	cantomap	true	375	84	gam1zi6taap3	false	single_corpus_review	unreviewed	
801	韻	0	0.000000			0.000000		17	175.536419	n	n:7|v:6|Ng:3|Nsg:1	wan6:17	87.768209	false	0.000000	cantomap	true	231	152	wan6	false	single_corpus_review	unreviewed	
802	開頭	19	154.474056	t	t:14|f:3|d:2	0.000000	hoi1tau4:19	2	20.651343	q	q:1|f:1	hoi1tau4:2	87.562700	true	0.133688	hkcancor	true	864	30	hoi1tau4	false	general_lexicality_review	unreviewed	
803	扮	10	81.302135	v	v:9|Vg:1	0.000000	baan6:10	9	92.931045	v	v:9	baan6:9	87.116590	true	0.874865	cantomap	true	343	95	baan6|baan3	false	general_lexicality_review	unreviewed	
804	三十	20	162.604270	m	m:20	0.000000	saam1sap6:20	1	10.325672	m	m:1	saam1sap6:1	86.464971	true	0.063502	hkcancor	false				false	domain_concentration_review	unreviewed	
805	跌	20	162.604270	v	v:20	0.000000	dit3:20	1	10.325672	v	v:1	dit3:1	86.464971	true	0.063502	hkcancor	true	878	29	dit3	false	domain_concentration_review	unreviewed	
806	雖然	20	162.604270	c	c:20	0.000000	seoi1jin4:20	1	10.325672	c	c:1	seoi1jin4:1	86.464971	true	0.063502	hkcancor	true	575	51	seoi1jin4	false	domain_concentration_review	unreviewed	
807	十一	11	89.432348	m	m:10|Tg:1	0.000000	sap6jat1:11	8	82.605373	m	m:8	sap6jat1:8	86.018861	true	0.923663	hkcancor	false				false	general_lexicality_review	unreviewed	
808	功課	21	170.734483	n	n:21	0.000000	gung1fo3:21	0	0.000000				85.367242	false	0.000000	hkcancor	true	1072	22	gung1fo3	false	single_corpus_review	unreviewed	
809	周圍	21	170.734483	f	f:21	0.000000	zau1wai4:21	0	0.000000				85.367242	false	0.000000	hkcancor	true	893	28	zau1wai4	false	single_corpus_review	unreviewed	
810	查	21	170.734483	v	v:21	0.000000	caa4:21	0	0.000000				85.367242	false	0.000000	hkcancor	true	1504	14	caa4	false	single_corpus_review	unreviewed	
811	生日	21	170.734483	n	n:21	0.000000	saang1jat6:21	0	0.000000				85.367242	false	0.000000	hkcancor	true	1076	22	saang1jat6	false	single_corpus_review	unreviewed	
812	發覺	21	170.734483	v	v:21	0.000000	faat3gok3:21	0	0.000000				85.367242	false	0.000000	hkcancor	true	599	48	faat3gok3	false	single_corpus_review	unreviewed	
813	覆	21	170.734483	v	v:21	0.000000	fuk1:21	0	0.000000				85.367242	false	0.000000	hkcancor	true	1100	22	fuk1|fau6	false	single_corpus_review	unreviewed	
814	遲	21	170.734483	a	a:21	0.000000	ci4:21	0	0.000000				85.367242	false	0.000000	hkcancor	true	1841	11	ci4	false	single_corpus_review	unreviewed	
815	郭	21	170.734483	nr	nr:21	1.000000	gwok3:21	0	0.000000				85.367242	false	0.000000	hkcancor	false				false	proper_name_review	unreviewed	
816	係唔係	18	146.343843	v	v:18	0.000000	hai6m4hai6:18	2	20.651343	v	v:2	hai6m4hai6:2	83.497593	true	0.141115	hkcancor	false				false	general_lexicality_review	unreviewed	
817	劍	0	0.000000			0.000000		16	165.210747	n	n:15|v:1	gim3:16	82.605373	false	0.000000	cantomap	true	1459	15	gim3	false	single_corpus_review	unreviewed	
818	右手	0	0.000000			0.000000		16	165.210747	n	n:14|v:2	jau6sau2:16	82.605373	false	0.000000	cantomap	true	786	33	jau6sau2	false	single_corpus_review	unreviewed	
819	右方	0	0.000000			0.000000		16	165.210747	n	n:14|v:1|x:1	jau6fong1:16	82.605373	false	0.000000	cantomap	false				false	single_corpus_review	unreviewed	
820	打斜	0	0.000000			0.000000		16	165.210747	v	v:16	daa2ce3:16	82.605373	false	0.000000	cantomap	true	1285	17	daa2ce3	false	single_corpus_review	unreviewed	
821	橫線	0	0.000000			0.000000		16	165.210747	n	n:16	waang4sin3:16	82.605373	false	0.000000	cantomap	true	1721	12	waang4sin3	false	single_corpus_review	unreviewed	
822	波浪	0	0.000000			0.000000		16	165.210747	n	n:16	bo1long6:16	82.605373	false	0.000000	cantomap	true	1300	17	bo1long6	false	single_corpus_review	unreviewed	
823	闊	0	0.000000			0.000000		16	165.210747	v	v:7|a:6|n:3	fut3:16	82.605373	false	0.000000	cantomap	true	1727	12	fut3	false	single_corpus_review	unreviewed	
824	歌	19	154.474056	n	n:19	0.000000	go1:19	1	10.325672	n	n:1	go1:1	82.399864	true	0.066844	hkcancor	true	1212	19	go1	false	domain_concentration_review	unreviewed	
825	隔	5	40.651067	v	v:5	0.000000	gaak3:5	12	123.908060	v	v:8|n:4	gaak3:12	82.279564	true	0.328074	cantomap	true	1452	15	gaak3	false	general_lexicality_review	unreviewed	
826	公園	1	8.130213	n	n:1	0.000000	gung1jyun2:1	15	154.885075	n	n:14|Cg:1	gung1jun2:15	81.507644	true	0.052492	cantomap	true	266	131	gung1jyun2	false	domain_concentration_review	unreviewed	
827	高度	1	8.130213	n	n:1	0.000000	gou1dou6:1	15	154.885075	n	n:13|x:2	gou1dou6:15	81.507644	true	0.052492	cantomap	true	1310	17	gou1dou6	false	domain_concentration_review	unreviewed	
828	外國	20	162.604270	n	n:20	0.000000	ngoi6gwok3:20	0	0.000000				81.302135	false	0.000000	hkcancor	true	670	41	ngoi6gwok3	false	single_corpus_review	unreviewed	
829	生意	20	162.604270	n	n:20	0.000000	saang1ji3:20	0	0.000000				81.302135	false	0.000000	hkcancor	true	805	32	saang1ji3	false	single_corpus_review	unreviewed	
830	當然	20	162.604270	d	d:20	0.000000	dong1jin4:19|dong1jin2:1	0	0.000000				81.302135	false	0.000000	hkcancor	true	380	83	dong1jin4	false	single_corpus_review	unreviewed	
831	老闆	20	162.604270	n	n:20	0.000000	lou5baan2:20	0	0.000000				81.302135	false	0.000000	hkcancor	false				false	single_corpus_review	unreviewed	
832	聖經	20	162.604270	nz	nz:13|n:7	0.650000	sing3ging1:20	0	0.000000				81.302135	false	0.000000	hkcancor	true	1172	20	sing3ging1	false	single_corpus_review	unreviewed	
833	聽講	20	162.604270	v	v:20	0.000000	teng1gong2:20	0	0.000000				81.302135	false	0.000000	hkcancor	true	1068	23	teng1gong2	false	single_corpus_review	unreviewed	
834	腳	20	162.604270	n	n:20	0.000000	goek3:20	0	0.000000				81.302135	false	0.000000	hkcancor	true	959	26	goek3	false	single_corpus_review	unreviewed	
835	興	20	162.604270	v	v:18|a:1|nr:1	0.050000	hing1:20	0	0.000000				81.302135	false	0.000000	hkcancor	true	1724	12	hing1|hing3	false	single_corpus_review	unreviewed	
836	街	20	162.604270	n	n:19|Ng:1	0.000000	gaai1:20	0	0.000000				81.302135	false	0.000000	hkcancor	true	955	26	gaai1	false	single_corpus_review	unreviewed	
837	越	20	162.604270	d	d:20	0.000000	jyut6:20	0	0.000000				81.302135	false	0.000000	hkcancor	true	377	84	jyut6	false	single_corpus_review	unreviewed	
838	電子	20	162.604270	n	n:19|b:1	0.000000	din6zi2:20	0	0.000000				81.302135	false	0.000000	hkcancor	true	1094	22	din6zi2	false	single_corpus_review	unreviewed	
839	麻煩	20	162.604270	a	a:14|v:6	0.000000	maa4faan4:20	0	0.000000				81.302135	false	0.000000	hkcancor	true	1056	23	maa4faan4	false	single_corpus_review	unreviewed	
840	哋	11	89.432348	u	u:11	0.000000	dei2:11	7	72.279702	u	u:7	dei6:7	80.856025	true	0.808205	hkcancor	true	25	2116	dei6	false	general_lexicality_review	unreviewed	
841	企	16	130.083416	v	v:16	0.000000	kei5:16	3	30.977015	v	v:3	kei5:3	80.530216	true	0.238132	hkcancor	true	940	26	kei5	false	general_lexicality_review	unreviewed	
842	瞓	16	130.083416	v	v:16	0.000000	fan3:16	3	30.977015	v	v:3	fan3:3	80.530216	true	0.238132	hkcancor	true	300	111	fan3	false	general_lexicality_review	unreviewed	
843	忍	2	16.260427	v	v:2	0.000000	jan2:2	14	144.559404	v	v:12|n:2	jan2:14	80.409915	true	0.112483	cantomap	true	492	60	jan2	false	general_lexicality_review	unreviewed	
844	錄音	7	56.911494	v	v:7	0.000000	luk6jam1:7	10	103.256717	n	n:5|v:5	luk6jam1:10	80.084106	true	0.551165	cantomap	true	1535	14	luk6jam1	false	general_lexicality_review	unreviewed	
845	三點鐘	3	24.390640	t	t:3	0.000000	saam1dim2zung1:3	13	134.233732	t	t:10|q:2|n:1	saam1dim2zung1:13	79.312186	true	0.181703	cantomap	false				false	general_lexicality_review	unreviewed	
846	全	3	24.390640	d	d:2|m:1	0.000000	cyun4:3	13	134.233732	n	n:11|m:1|d:1	cyun4:13	79.312186	true	0.181703	cantomap	true	941	26	cyun4	false	general_lexicality_review	unreviewed	
847	就算	18	146.343843	c	c:18	0.000000	zau6syun3:18	1	10.325672	c	c:1	zau6syun3:1	78.334757	true	0.070558	hkcancor	true	435	70	zau6syun3	false	domain_concentration_review	unreviewed	
848	留	18	146.343843	v	v:18	0.000000	lau4:18	1	10.325672	v	v:1	lau4:1	78.334757	true	0.070558	hkcancor	true	1246	18	lau4	false	domain_concentration_review	unreviewed	
849	而且	18	146.343843	c	c:18	0.000000	ji4ce2:18	1	10.325672	c	c:1	ji4ce2:1	78.334757	true	0.070558	hkcancor	true	1043	23	ji4ce2	false	domain_concentration_review	unreviewed	
850	馬	9	73.171921	n	n:7|v:1|nr:1	0.111111	maa5:9	8	82.605373	n	n:8	maa5:8	77.888647	true	0.885801	cantomap	true	1052	23	maa5	false	general_lexicality_review	unreviewed	
851	煩	14	113.822989	a	a:14	0.000000	faan4:14	4	41.302687	a	a:4	faan4:4	77.562838	true	0.362868	hkcancor	true	1985	10	faan4	false	general_lexicality_review	unreviewed	
852	北邊	0	0.000000			0.000000		15	154.885075	ns	ns:8|f:3|n:2|x:1|d:1	bak1bin1:15	77.442538	false	0.000000	cantomap	false				false	single_corpus_review	unreviewed	
853	南邊	0	0.000000			0.000000		15	154.885075	n	n:5|f:4|Ng:3|Mg:1|ns:1|nr:1	naam4bin1:15	77.442538	false	0.000000	cantomap	false				false	single_corpus_review	unreviewed	
854	左手	0	0.000000			0.000000		15	154.885075	n	n:10|v:3|f:2	zo2sau2:15	77.442538	false	0.000000	cantomap	true	888	28	zo2sau2	false	single_corpus_review	unreviewed	
855	搵𡃁洞	0	0.000000			0.000000		15	154.885075	n	n:9|v:4|d:1|ns:1	wan2leng1dung6:15	77.442538	false	0.000000	cantomap	false				false	single_corpus_review	unreviewed	
856	擁	0	0.000000			0.000000		15	154.885075	v	v:6|n:5|Ng:3|x:1	jung2:15	77.442538	false	0.000000	cantomap	true	346	95	jung2	false	single_corpus_review	unreviewed	
857	中國	19	154.474056	ns	ns:19	1.000000	zung1gwok3:19	0	0.000000				77.237028	false	0.000000	hkcancor	true	885	28	zung1gwok3	false	proper_name_review	unreviewed	
858	只係	19	154.474056	d	d:14|v:4|n:1	0.000000	zi2hai6:19	0	0.000000				77.237028	false	0.000000	hkcancor	false				false	single_corpus_review	unreviewed	
859	咖啡	19	154.474056	n	n:19	0.000000	gaa3fe1:19	0	0.000000				77.237028	false	0.000000	hkcancor	true	1155	20	gaa3fe1	false	single_corpus_review	unreviewed	
860	富城	19	154.474056	nr	nr:19	1.000000	fu3sing4:19	0	0.000000				77.237028	false	0.000000	hkcancor	false				false	proper_name_review	unreviewed	
861	晚	19	154.474056	q	q:15|t:2|a:1|jn:1	0.000000	maan5:19	0	0.000000				77.237028	false	0.000000	hkcancor	true	829	31	maan5	false	single_corpus_review	unreviewed	
862	辭典	19	154.474056	n	n:19	0.000000	ci4din2:19	0	0.000000				77.237028	false	0.000000	hkcancor	true	1541	14	ci4din2	false	single_corpus_review	unreviewed	
863	關	19	154.474056	v	v:13|nr:5|n:1	0.263158	gwaan1:19	0	0.000000				77.237028	false	0.000000	hkcancor	true	1636	13	gwaan1	false	single_corpus_review	unreviewed	
864	黐線	19	154.474056	a	a:14|l1:5	0.000000	ci1sin3:19	0	0.000000				77.237028	false	0.000000	hkcancor	true	782	34	*ci1sin3	false	single_corpus_review	unreviewed	
865	腰	5	40.651067	n	n:5	0.000000	jiu1:5	11	113.582389	n	n:10|v:1	jiu1:11	77.116728	true	0.357899	cantomap	true	282	121	jiu1	false	general_lexicality_review	unreviewed	
866	門	10	81.302135	n	n:10	0.000000	mun4:10	7	72.279702	n	n:7	mun4:6|mun5:1	76.790918	true	0.889026	hkcancor	true	981	25	mun4	false	general_lexicality_review	unreviewed	
867	以	15	121.953202	p	p:15	0.000000	ji5:15	3	30.977015	p	p:3	ji5:3	76.465109	true	0.254007	hkcancor	true	604	47	ji5	false	general_lexicality_review	unreviewed	
868	九十	1	8.130213	m	m:1	0.000000	gau2sap6:1	14	144.559404	m	m:9|t:4|nt:1	gau2sap6:14	76.344809	true	0.056241	cantomap	false				false	domain_concentration_review	unreviewed	
869	呢度	1	8.130213	r	r:1	0.000000	ni1dou6:1	14	144.559404	r	r:5|y1:4|d:2|q:1|p:1|s:1	ni1dou6:14	76.344809	true	0.056241	cantomap	false				false	domain_concentration_review	unreviewed	
870	地點	1	8.130213	n	n:1	0.000000	dei6dim2:1	14	144.559404	n	n:14	dei6dim2:14	76.344809	true	0.056241	cantomap	true	1403	15	dei6dim2	false	domain_concentration_review	unreviewed	
871	濫	1	8.130213	a	a:1	0.000000	laam5:1	14	144.559404	n	n:8|a:5|v:1	laam6:14	76.344809	true	0.056241	cantomap	true	476	63	laam6	false	domain_concentration_review	unreviewed	
872	眼	11	89.432348	n	n:11	0.000000	ngaan5:11	6	61.954030	n	n:6	ngaan5:6	75.693189	true	0.692747	hkcancor	true	860	30	ngaan5	false	general_lexicality_review	unreviewed	
873	句	16	130.083416	q	q:9|n:7	0.000000	geoi3:16	2	20.651343	q	q:2	geoi3:2	75.367380	true	0.158755	hkcancor	true	848	30	geoi3	false	general_lexicality_review	unreviewed	
874	多謝	16	130.083416	v	v:12|l1:4	0.000000	do1ze6:16	2	20.651343	v	v:1|nr:1	do1ze6:2	75.367380	true	0.158755	hkcancor	true	356	89	do1ze6	false	general_lexicality_review	unreviewed	
875	發現	16	130.083416	v	v:16	0.000000	faat3jin6:16	2	20.651343	v	v:2	faat3jin6:2	75.367380	true	0.158755	hkcancor	true	1058	23	faat3jin6	false	general_lexicality_review	unreviewed	
876	依家	2	16.260427	t	t:2	0.000000	ji1gaa1:2	13	134.233732	t	t:6|n:4|d:2|Ng:1	ji1gaa1:13	75.247079	true	0.121135	cantomap	true	1418	15	ji1gaa1	false	general_lexicality_review	unreviewed	
877	身	12	97.562562	n	n:12	0.000000	san1:12	5	51.628358	n	n:5	san1:5	74.595460	true	0.529182	hkcancor	true	873	29	san1	false	general_lexicality_review	unreviewed	
878	奇怪	17	138.213629	a	a:17	0.000000	kei4gwaai3:17	1	10.325672	a	a:1	kei4gwaai3:1	74.269651	true	0.074708	hkcancor	true	1355	16	kei4gwaai3	false	domain_concentration_review	unreviewed	
879	舒服	17	138.213629	a	a:17	0.000000	syu1fuk6:17	1	10.325672	a	a:1	syu1fuk6:1	74.269651	true	0.074708	hkcancor	true	954	26	syu1fuk6	false	domain_concentration_review	unreviewed	
880	齊	17	138.213629	a	a:17	0.000000	cai4:17	1	10.325672	a	a:1	cai4:1	74.269651	true	0.074708	hkcancor	true	1993	10	cai4	false	domain_concentration_review	unreviewed	
881	今次	18	146.343843	t	t:18	0.000000	gam1ci3:18	0	0.000000				73.171921	false	0.000000	hkcancor	true	353	91	*gam1ci3	false	single_corpus_review	unreviewed	
882	削	18	146.343843	v	v:17|a:1	0.000000	soek3:18	0	0.000000				73.171921	false	0.000000	hkcancor	true	1501	14	soek3	false	single_corpus_review	unreviewed	
883	唓	18	146.343843	e	e:18	0.000000	ce1:16|ce2:2	0	0.000000				73.171921	false	0.000000	hkcancor	false				false	single_corpus_review	unreviewed	
884	嗰樣	18	146.343843	r	r:18	0.000000	go2joeng6:18	0	0.000000				73.171921	false	0.000000	hkcancor	false				false	single_corpus_review	unreviewed	
885	國家	18	146.343843	n	n:18	0.000000	gwok3gaa1:18	0	0.000000				73.171921	false	0.000000	hkcancor	true	551	53	gwok3gaa1	false	single_corpus_review	unreviewed	
886	搬	18	146.343843	v	v:18	0.000000	bun1:18	0	0.000000				73.171921	false	0.000000	hkcancor	true	1017	24	bun1	false	single_corpus_review	unreviewed	
887	敢	18	146.343843	v	v:11|vu:5|a:2	0.000000	gam2:18	0	0.000000				73.171921	false	0.000000	hkcancor	true	708	39	gam2	false	single_corpus_review	unreviewed	
888	有陣時	18	146.343843	d	d:18	0.000000	jau5zan6si4:18	0	0.000000				73.171921	false	0.000000	hkcancor	false				false	single_corpus_review	unreviewed	
889	熱	18	146.343843	a	a:18	0.000000	jit6:18	0	0.000000				73.171921	false	0.000000	hkcancor	true	1630	13	jit6	false	single_corpus_review	unreviewed	
890	租	18	146.343843	v	v:9|Ng:9	0.000000	zou1:18	0	0.000000				73.171921	false	0.000000	hkcancor	true	1308	17	zou1	false	single_corpus_review	unreviewed	
891	能力	18	146.343843	n	n:18	0.000000	nang4lik6:18	0	0.000000				73.171921	false	0.000000	hkcancor	true	796	33	nang4lik6	false	single_corpus_review	unreviewed	
892	興趣	18	146.343843	n	n:18	0.000000	hing3ceoi3:18	0	0.000000				73.171921	false	0.000000	hkcancor	true	780	34	hing3ceoi3	false	single_corpus_review	unreviewed	
893	親	18	146.343843	u	u:14|a:4	0.000000	can1:18	0	0.000000				73.171921	false	0.000000	hkcancor	false				false	single_corpus_review	unreviewed	
894	送	18	146.343843	v	v:18	0.000000	sung3:18	0	0.000000				73.171921	false	0.000000	hkcancor	true	901	28	sung3	false	single_corpus_review	unreviewed	
895	錄	18	146.343843	v	v:17|Vg:1	0.000000	luk6:18	0	0.000000				73.171921	false	0.000000	hkcancor	true	1467	15	luk6	false	single_corpus_review	unreviewed	
896	大約	4	32.520854	m	m:4	0.000000	daai6joek3:4	11	113.582389	m	m:8|d:1|ns:1|n:1	daai6joek3:11	73.051621	true	0.286320	cantomap	true	1103	21	daai6joek3	false	general_lexicality_review	unreviewed	
897	照	14	113.822989	v	v:11|vd:1|n:1|p:1	0.000000	ziu3:14	3	30.977015	v	v:3	ziu3:3	72.400002	true	0.272151	hkcancor	true	1319	17	ziu3	false	general_lexicality_review	unreviewed	
898	三角形	0	0.000000			0.000000		14	144.559404	n	n:13|m:1	saam1gok3jing4:14	72.279702	false	0.000000	cantomap	true	1219	18	saam1gok3jing4	false	single_corpus_review	unreviewed	
899	半圓	0	0.000000			0.000000		14	144.559404	n	n:10|Ng:1|x:1|q:1|v:1	bun3jun4:14	72.279702	false	0.000000	cantomap	false				false	single_corpus_review	unreviewed	
900	擰	0	0.000000			0.000000		14	144.559404	v	v:13|ns:1	ning4:12|ling6:2	72.279702	false	0.000000	cantomap	true	263	133	ning4|ning6	false	single_corpus_review	unreviewed	
901	框	0	0.000000			0.000000		14	144.559404	v	v:11|n:3	kwaang1:14	72.279702	false	0.000000	cantomap	false				false	single_corpus_review	unreviewed	
902	棚	0	0.000000			0.000000		14	144.559404	n	n:11|k:1|v:1|Ng:1	paang4:14	72.279702	false	0.000000	cantomap	true	762	35	paang4	false	single_corpus_review	unreviewed	
903	直到	0	0.000000			0.000000		14	144.559404	d	d:9|v:3|u:2	zik6dou3:14	72.279702	false	0.000000	cantomap	true	1087	22	zik6dou3	false	single_corpus_review	unreviewed	
904	葡萄園	0	0.000000			0.000000		14	144.559404	n	n:14	pou4tou4jun4:14	72.279702	false	0.000000	cantomap	false				false	single_corpus_review	unreviewed	
905	車站	0	0.000000			0.000000		14	144.559404	n	n:14	ce1zaam6:14	72.279702	false	0.000000	cantomap	true	283	120	ce1zaam6	false	single_corpus_review	unreviewed	
906	農莊	0	0.000000			0.000000		14	144.559404	n	n:13|v:1	nung4zong1:14	72.279702	false	0.000000	cantomap	true	398	79	nung4zong1	false	single_corpus_review	unreviewed	
907	邊緣	0	0.000000			0.000000		14	144.559404	n	n:10|xnx:1|d:1|ns:1|r:1	bin1jun4:14	72.279702	false	0.000000	cantomap	true	1542	14	bin1jyun4	false	single_corpus_review	unreviewed	
908	咁上下	11	89.432348	d	d:11	0.000000	gam3soeng6haa2:11	5	51.628358	d	d:5	gam3soeng6haa2:5	70.530353	true	0.577290	hkcancor	true	1299	17	gam3soeng6haa2	false	general_lexicality_review	unreviewed	
909	咬	16	130.083416	v	v:16	0.000000	ngaau5:16	1	10.325672	v	v:1	ngaau5:1	70.204544	true	0.079377	hkcancor	true	1359	16	ngaau5	false	domain_concentration_review	unreviewed	
910	容易	16	130.083416	a	a:16	0.000000	jung4ji6:16	1	10.325672	a	a:1	jung4ji6:1	70.204544	true	0.079377	hkcancor	true	679	41	jung4ji6	false	domain_concentration_review	unreviewed	
911	解釋	16	130.083416	v	v:15|vn:1	0.000000	gaai2sik1:16	1	10.325672	v	v:1	gaai2sik1:1	70.204544	true	0.079377	hkcancor	true	1174	20	gaai2sik1	false	domain_concentration_review	unreviewed	
912	預備	2	16.260427	v	v:2	0.000000	jyu6bei6:2	12	123.908060	v	v:12	ju6bei6:12	70.084244	true	0.131230	cantomap	true	1211	19	jyu6bei6	false	general_lexicality_review	unreviewed	
913	一陣間	7	56.911494	t	t:6|d:1	0.000000	jat1zan6gaan1:7	8	82.605373	t	t:5|d:3	jat1zan6gaan1:8	69.758434	true	0.688956	cantomap	false				false	general_lexicality_review	unreviewed	
914	假	17	138.213629	n	n:7|a:6|Ng:4	0.000000	gaa3:11|gaa2:6	0	0.000000				69.106815	false	0.000000	hkcancor	true	1513	14	gaa2|gaa3	false	single_corpus_review	unreviewed	
915	始終	17	138.213629	d	d:17	0.000000	ci2zung1:17	0	0.000000				69.106815	false	0.000000	hkcancor	true	737	36	ci2zung1	false	single_corpus_review	unreviewed	
916	撳	17	138.213629	v	v:17	0.000000	gam6:17	0	0.000000				69.106815	false	0.000000	hkcancor	true	1323	17	gam6	false	single_corpus_review	unreviewed	
917	放假	17	138.213629	v	v:17	0.000000	fong3gaa3:17	0	0.000000				69.106815	false	0.000000	hkcancor	true	1233	18	fong3gaa3	false	single_corpus_review	unreviewed	
918	政府	17	138.213629	n	n:17	0.000000	zing3fu2:17	0	0.000000				69.106815	false	0.000000	hkcancor	true	171	211	zing3fu2	false	single_corpus_review	unreviewed	
919	暑假	17	138.213629	n	n:17	0.000000	syu2gaa3:17	0	0.000000				69.106815	false	0.000000	hkcancor	true	1057	23	syu2gaa3	false	single_corpus_review	unreviewed	
920	正版	17	138.213629	n	n:17	0.000000	zing3baan2:17	0	0.000000				69.106815	false	0.000000	hkcancor	true	1755	11	*zing1|zing3|zengbaan2	false	single_corpus_review	unreviewed	
921	溫	17	138.213629	v	v:16|Ng:1	0.000000	wan1:17	0	0.000000				69.106815	false	0.000000	hkcancor	false				false	single_corpus_review	unreviewed	
922	百	17	138.213629	m	m:17	0.000000	baak3:17	0	0.000000				69.106815	false	0.000000	hkcancor	true	1080	22	baak3	false	single_corpus_review	unreviewed	
923	靚女	17	138.213629	n	n:16|a:1	0.000000	leng3neoi2:17	0	0.000000				69.106815	false	0.000000	hkcancor	true	1264	18	leng3neoi2	false	single_corpus_review	unreviewed	
924	飯	17	138.213629	n	n:17	0.000000	faan6:17	0	0.000000				69.106815	false	0.000000	hkcancor	false				false	single_corpus_review	unreviewed	
925	黃	17	138.213629	nr	nr:14|a:3	0.823529	wong4:17	0	0.000000				69.106815	false	0.000000	hkcancor	true	1378	16	wong4	false	proper_name_review	unreviewed	
926	城	3	24.390640	n	n:3	0.000000	sing4:3	11	113.582389	n	n:8|jnt:1|nz:1|ns:1	sing4:11	68.986515	true	0.214740	cantomap	true	354	90	sing4	false	general_lexicality_review	unreviewed	
927	選擇	8	65.041708	v	v:5|vn:3	0.000000	syun2zaak6:8	7	72.279702	v	v:7	syun2zaak6:7	68.660705	true	0.899861	cantomap	true	990	25	syun2zaak6	false	general_lexicality_review	unreviewed	
928	之外	13	105.692775	f	f:12|c:1	0.000000	zi1ngoi6:13	3	30.977015	f	f:3	zi1ngoi6:3	68.334895	true	0.293085	hkcancor	true	768	34	zi1ngoi6	false	general_lexicality_review	unreviewed	
929	房	13	105.692775	n	n:13	0.000000	fong2:13	3	30.977015	n	n:3	fong4:3	68.334895	true	0.293085	hkcancor	true	808	32	fong4|fong2	false	general_lexicality_review	unreviewed	
930	正常	13	105.692775	a	a:13	0.000000	zing3soeng4:13	3	30.977015	a	a:3	zing3soeng4:3	68.334895	true	0.293085	hkcancor	true	939	26	zing3soeng4	false	general_lexicality_review	unreviewed	
931	到底	9	73.171921	d	d:9	0.000000	dou3dai2:9	6	61.954030	d	d:2|v:2|p:1|u:1	dou3dai2:6	67.562976	true	0.846691	hkcancor	true	1199	19	dou3dai2	false	general_lexicality_review	unreviewed	
932	葉	9	73.171921	nr	nr:9	1.000000	jip6:9	6	61.954030	n	n:5|nr:1	jip6:6	67.562976	true	0.846691	hkcancor	false				false	proper_name_review	unreviewed	
933	𡃓	9	73.171921	y	y:9	0.000000	bo3:9	6	61.954030	y	y:4|d:1|Ng:1	bo3:6	67.562976	true	0.846691	hkcancor	false				false	general_lexicality_review	unreviewed	
934	團	14	113.822989	n	n:7|q:5|Ng:2	0.000000	tyun4:14	2	20.651343	n	n:1|Ng:1	tyun4:2	67.237166	true	0.181434	hkcancor	true	252	143	tyun4	false	general_lexicality_review	unreviewed	
935	撞	14	113.822989	v	v:14	0.000000	zong6:14	2	20.651343	v	v:2	zong6:2	67.237166	true	0.181434	hkcancor	true	882	29	zong6	false	general_lexicality_review	unreviewed	
936	醒	14	113.822989	a	a:10|v:4	0.000000	sing2:10|seng2:4	2	20.651343	a	a:2	sing2:2	67.237166	true	0.181434	hkcancor	true	1384	16	sing2	false	general_lexicality_review	unreviewed	
937	使唔使	0	0.000000			0.000000		13	134.233732	v	v:10|vu:2|n:1	sai2m4sai2:13	67.116866	false	0.000000	cantomap	false				false	single_corpus_review	unreviewed	
938	嚮	0	0.000000			0.000000		13	134.233732	v	v:10|n:3	hoeng3:13	67.116866	false	0.000000	cantomap	true	1635	13	hoeng3	false	single_corpus_review	unreviewed	
939	垂直	0	0.000000			0.000000		13	134.233732	d	d:7|a:3|v:2|q:1	seoi4zik6:13	67.116866	false	0.000000	cantomap	true	1354	16	seoi4zik6	false	single_corpus_review	unreviewed	
940	宜家	0	0.000000			0.000000		13	134.233732	n	n:10|v:1|d:1|t:1	ji4gaa1:13	67.116866	false	0.000000	cantomap	false				false	single_corpus_review	unreviewed	
941	左方	0	0.000000			0.000000		13	134.233732	n	n:13	zo2fong1:13	67.116866	false	0.000000	cantomap	false				false	single_corpus_review	unreviewed	
942	效	0	0.000000			0.000000		13	134.233732	n	n:9|Ng:3|d:1	haau6:13	67.116866	false	0.000000	cantomap	true	1363	16	haau6	false	single_corpus_review	unreviewed	
943	枉	0	0.000000			0.000000		13	134.233732	n	n:8|v:4|Ng:1	wong2:12|we6:1	67.116866	false	0.000000	cantomap	true	261	136	wong2	false	single_corpus_review	unreviewed	
944	纜車	0	0.000000			0.000000		13	134.233732	n	n:10|v:3	laam6ce1:13	67.116866	false	0.000000	cantomap	true	418	75	laam6ce1	false	single_corpus_review	unreviewed	
945	西南方	0	0.000000			0.000000		13	134.233732	n	n:12|v:1	sai1naam1fong1:13	67.116866	false	0.000000	cantomap	false				false	single_corpus_review	unreviewed	
946	例如	15	121.953202	v	v:13|c:2	0.000000	lai6jyu4:15	1	10.325672	v	v:1	lai6ju4:1	66.139437	true	0.084669	hkcancor	true	713	38	lai6jyu4	false	domain_concentration_review	unreviewed	
947	迫	15	121.953202	v	v:11|a:4	0.000000	bik1:15	1	10.325672	v	v:1	baak1:1	66.139437	true	0.084669	hkcancor	true	1428	15	baak1	false	domain_concentration_review	unreviewed	
948	橫	1	8.130213	a	a:1	0.000000	waang4:1	12	123.908060	a	a:5|q:3|n:2|d:2	waang4:12	66.019137	true	0.065615	cantomap	false				false	domain_concentration_review	unreviewed	
949	七點鐘	6	48.781281	t	t:6	0.000000	cat1dim2zung1:6	8	82.605373	t	t:7|q:1	cat1dim2zung1:8	65.693327	true	0.590534	cantomap	false				false	general_lexicality_review	unreviewed	
950	叉	6	48.781281	Ng	Ng:2|d1:2|v:2	0.000000	caa1:6	8	82.605373	n	n:5|v:2|Ng:1	caa1:8	65.693327	true	0.590534	cantomap	true	1549	13	caa1	false	general_lexicality_review	unreviewed	
951	口	11	89.432348	n	n:11	0.000000	hau2:11	4	41.302687	n	n:4	hau2:4	65.367518	true	0.461832	hkcancor	true	995	24	hau2	false	general_lexicality_review	unreviewed	
952	一般	16	130.083416	a	a:16	0.000000	jat1bun1:16	0	0.000000				65.041708	false	0.000000	hkcancor	true	1033	23	jat1bun1	false	single_corpus_review	unreviewed	
953	價	16	130.083416	n	n:16	0.000000	gaa3:16	0	0.000000				65.041708	false	0.000000	hkcancor	true	1994	10	gaa3	false	single_corpus_review	unreviewed	
954	出現	16	130.083416	v	v:15|vn:1	0.000000	ceot1jin6:16	0	0.000000				65.041708	false	0.000000	hkcancor	true	466	64	ceot1jin6	false	single_corpus_review	unreviewed	
955	出邊	16	130.083416	f	f:16	0.000000	ceot1bin6:16	0	0.000000				65.041708	false	0.000000	hkcancor	true	1886	10	*ceot1bin1	false	single_corpus_review	unreviewed	
956	嗌	16	130.083416	v	v:16	0.000000	aai3:16	0	0.000000				65.041708	false	0.000000	hkcancor	false				false	single_corpus_review	unreviewed	
957	多數	16	130.083416	m	m:14|d:2	0.000000	do1sou3:16	0	0.000000				65.041708	false	0.000000	hkcancor	true	1289	17	do1sou3	false	single_corpus_review	unreviewed	
958	大學	16	130.083416	n	n:16	0.000000	daai6hok6:16	0	0.000000				65.041708	false	0.000000	hkcancor	true	767	34	daai6hok6	false	single_corpus_review	unreviewed	
959	打電話	16	130.083416	v	v:16	0.000000	daa2din6waa2:16	0	0.000000				65.041708	false	0.000000	hkcancor	true	570	51	daa2din6waa2	false	single_corpus_review	unreviewed	
960	方便	16	130.083416	a	a:13|v:2|an:1	0.000000	fong1bin6:16	0	0.000000				65.041708	false	0.000000	hkcancor	true	968	25	fong1bin6	false	single_corpus_review	unreviewed	
961	有錢	16	130.083416	a	a:16	0.000000	jau5cin2:16	0	0.000000				65.041708	false	0.000000	hkcancor	true	788	33	jau5cin2	false	single_corpus_review	unreviewed	
962	服務	16	130.083416	vn	vn:12|v:4	0.000000	fuk6mou6:16	0	0.000000				65.041708	false	0.000000	hkcancor	true	423	73	fuk6mou6	false	single_corpus_review	unreviewed	
963	澳洲	16	130.083416	ns	ns:16	1.000000	ou3zau1:16	0	0.000000				65.041708	false	0.000000	hkcancor	true	1064	23	ou3zau1	false	proper_name_review	unreviewed	
964	環境	16	130.083416	n	n:16	0.000000	waan4ging2:16	0	0.000000				65.041708	false	0.000000	hkcancor	true	728	37	waan4ging2	false	single_corpus_review	unreviewed	
965	老公	16	130.083416	n	n:16	0.000000	lou5gung1:16	0	0.000000				65.041708	false	0.000000	hkcancor	true	1912	10	lou5gung1	false	single_corpus_review	unreviewed	
966	肯	16	130.083416	vu	vu:13|v:3	0.000000	hang2:16	0	0.000000				65.041708	false	0.000000	hkcancor	false				false	single_corpus_review	unreviewed	
967	英	16	130.083416	jnz	jnz:10|jns:3|nz:2|Ng:1	0.125000	jing1:16	0	0.000000				65.041708	false	0.000000	hkcancor	true	984	25	jing1	false	single_corpus_review	unreviewed	
968	鐘頭	16	130.083416	n	n:10|q:6	0.000000	zung1tau4:16	0	0.000000				65.041708	false	0.000000	hkcancor	true	993	25	zung1tau4	false	single_corpus_review	unreviewed	
969	隊	16	130.083416	n	n:8|q:6|v:2	0.000000	deoi2:10|deoi6:6	0	0.000000				65.041708	false	0.000000	hkcancor	false				false	single_corpus_review	unreviewed	
970	靚仔	16	130.083416	n	n:11|a:5	0.000000	leng3zai2:8|leng1zai2:8	0	0.000000				65.041708	false	0.000000	hkcancor	true	1328	17	*leng3zai2|zi2	false	single_corpus_review	unreviewed	
971	出面	2	16.260427	a	a:1|v:1	0.000000	ceot1min6:1|ceot1min2:1	11	113.582389	f	f:8|v:2|a:1	ceot1min2:11	64.921408	true	0.143160	cantomap	true	820	31	ceot1min2	false	general_lexicality_review	unreviewed	
972	對唔住	7	56.911494	l1	l1:6|l:1	0.000000	deoi3m4zyu6:7	7	72.279702	l1	l1:2|u:2|p:2|x:1	deoi3m4zyu6:7	64.595598	true	0.787379	cantomap	true	1177	20	deoi3m4zyu6	false	general_lexicality_review	unreviewed	
973	搞掂	7	56.911494	v	v:7	0.000000	gaau2dim6:7	7	72.279702	v	v:7	gaau2dim6:7	64.595598	true	0.787379	cantomap	true	1527	14	gaau2dim6	false	general_lexicality_review	unreviewed	
974	為	12	97.562562	p	p:6|v:6	0.000000	wai6:9|wai4:3	3	30.977015	p	p:2|v:1	wai6:3	64.269789	true	0.317509	hkcancor	true	281	121	wai6|wai4	false	general_lexicality_review	unreviewed	
975	直頭	12	97.562562	d	d:12	0.000000	zik6tau4:12	3	30.977015	d	d:3	zik6tau4:3	64.269789	true	0.317509	hkcancor	true	1234	18	zik6tau4	false	general_lexicality_review	unreviewed	
976	金	3	24.390640	n	n:2|b:1	0.000000	gam1:3	10	103.256717	n	n:5|nr:5	gam1:10	63.823679	true	0.236214	cantomap	true	1425	15	gam1	false	general_lexicality_review	unreviewed	
977	印	8	65.041708	v	v:4|n:3|Vg:1	0.000000	jan3:8	6	61.954030	v	v:4|n:2	jan3:6	63.497869	true	0.952528	hkcancor	true	460	65	jan3	false	general_lexicality_review	unreviewed	
978	步	8	65.041708	q	q:4|Ng:3|v:1	0.000000	bou6:8	6	61.954030	q	q:4|Ng:1|n:1	bou6:6	63.497869	true	0.952528	hkcancor	true	674	41	bou6	false	general_lexicality_review	unreviewed	
979	影響	13	105.692775	v	v:13	0.000000	jing2hoeng2:13	2	20.651343	v	v:2	jing2hoeng2:2	63.172059	true	0.195390	hkcancor	true	611	47	jing2hoeng2	false	general_lexicality_review	unreviewed	
980	𠿪	13	105.692775	y	y:13	0.000000	gaa2:13	2	20.651343	y	y:2	ga2:2	63.172059	true	0.195390	hkcancor	false				false	general_lexicality_review	unreviewed	
981	十四	4	32.520854	m	m:4	0.000000	sap6sei3:4	9	92.931045	m	m:9	sap6sei3:9	62.725950	true	0.349946	cantomap	false				false	general_lexicality_review	unreviewed	
982	輪	4	32.520854	q	q:4	0.000000	leon4:4	9	92.931045	q	q:4|v:3|n:2	leon4:9	62.725950	true	0.349946	cantomap	true	1326	17	leon4	false	general_lexicality_review	unreviewed	
983	銀	4	32.520854	a	a:2|q:1|b:1	0.000000	ngan4:4	9	92.931045	nr	nr:4|n:3|a:2	ngan4:9	62.725950	true	0.349946	cantomap	false				false	general_lexicality_review	unreviewed	
984	語言	9	73.171921	n	n:9	0.000000	jyu5jin4:9	5	51.628358	n	n:5	ju5jin4:5	62.400140	true	0.705576	hkcancor	true	1382	16	jyu5jin4	false	general_lexicality_review	unreviewed	
985	過程	9	73.171921	n	n:9	0.000000	gwo3cing4:9	5	51.628358	n	n:3|u:2	gwo3cing4:5	62.400140	true	0.705576	hkcancor	true	928	27	gwo3cing4	false	general_lexicality_review	unreviewed	
986	亂	14	113.822989	a	a:13|vd:1	0.000000	lyun6:11|lyun2:3	1	10.325672	a	a:1	lyun6:1	62.074330	true	0.090717	hkcancor	true	957	26	lyun6	false	domain_concentration_review	unreviewed	
987	二十	14	113.822989	m	m:14	0.000000	ji6sap6:14	1	10.325672	m	m:1	ji6sap6:1	62.074330	true	0.090717	hkcancor	false				false	domain_concentration_review	unreviewed	
988	唔通	14	113.822989	d	d:14	0.000000	m4tung1:14	1	10.325672	d	d:1	m4tung1:1	62.074330	true	0.090717	hkcancor	true	985	25	m4tung1	false	domain_concentration_review	unreviewed	
989	減	14	113.822989	v	v:14	0.000000	gaam2:14	1	10.325672	v	v:1	gaam2:1	62.074330	true	0.090717	hkcancor	false				false	domain_concentration_review	unreviewed	
990	答	14	113.822989	v	v:14	0.000000	daap3:14	1	10.325672	v	v:1	daap3:1	62.074330	true	0.090717	hkcancor	true	1016	24	daap3	false	domain_concentration_review	unreviewed	
991	認	14	113.822989	v	v:14	0.000000	jing6:14	1	10.325672	v	v:1	jing6:1	62.074330	true	0.090717	hkcancor	false				false	domain_concentration_review	unreviewed	
992	咸	0	0.000000			0.000000		12	123.908060	nr	nr:7|Ng:2|a:2|n:1	haam4:12	61.954030	false	0.000000	cantomap	true	983	25	haam4	false	single_corpus_review	unreviewed	
993	墳場	0	0.000000			0.000000		12	123.908060	n	n:12	fan4coeng4:12	61.954030	false	0.000000	cantomap	true	403	78	fan4coeng4	false	single_corpus_review	unreviewed	
994	邊邊	0	0.000000			0.000000		12	123.908060	n	n:5|f:4|r:3	bin1bin1:12	61.954030	false	0.000000	cantomap	false				false	single_corpus_review	unreviewed	
995	陶	0	0.000000			0.000000		12	123.908060	n	n:4|v:3|Ng:2|nr:1|q:1|x:1	tou4:12	61.954030	false	0.000000	cantomap	true	1055	23	tou4	false	single_corpus_review	unreviewed	
996	台	5	40.651067	q	q:4|n:1	0.000000	toi4:5	8	82.605373	q	q:7|n:1	toi4:8	61.628220	true	0.492112	cantomap	true	212	161	toi4	false	general_lexicality_review	unreviewed	
997	直情	5	40.651067	d	d:5	0.000000	zik6cing4:5	8	82.605373	d	d:7|n:1	zik6cing4:8	61.628220	true	0.492112	cantomap	true	467	64	zik6cing4	false	general_lexicality_review	unreviewed	
998	接受	10	81.302135	v	v:10	0.000000	zip3sau6:10	4	41.302687	v	v:4	zip3sau6:4	61.302411	true	0.508015	hkcancor	true	660	42	zip3sau6	false	general_lexicality_review	unreviewed	
999	三千	15	121.953202	m	m:15	0.000000	saam1cin1:15	0	0.000000				60.976601	false	0.000000	hkcancor	false				false	single_corpus_review	unreviewed	
1000	上來	15	121.953202	v	v:15	0.000000	soeng5lai4:15	0	0.000000				60.976601	false	0.000000	hkcancor	false				false	single_corpus_review	unreviewed	
1001	亞視	15	121.953202	nt	nt:15	1.000000	aa3si6:15	0	0.000000				60.976601	false	0.000000	hkcancor	true	1417	15	*aa3|ngaa3si6	false	proper_name_review	unreviewed	
1002	夜	15	121.953202	a	a:11|t:2|n:1|q:1	0.000000	je6:15	0	0.000000				60.976601	false	0.000000	hkcancor	false				false	single_corpus_review	unreviewed	
1003	封	15	121.953202	v	v:8|q:7	0.000000	fung1:15	0	0.000000				60.976601	false	0.000000	hkcancor	true	1583	13	fung1	false	single_corpus_review	unreviewed	
1004	將來	15	121.953202	t	t:13|n:2	0.000000	zoeng1loi4:15	0	0.000000				60.976601	false	0.000000	hkcancor	true	494	60	zoeng1loi4	false	single_corpus_review	unreviewed	
1005	得罪	15	121.953202	v	v:15	0.000000	dak1zeoi6:15	0	0.000000				60.976601	false	0.000000	hkcancor	true	1250	18	dak1zeoi6	false	single_corpus_review	unreviewed	
1006	搞錯	15	121.953202	v	v:14|l1:1	0.000000	gaau2co3:15	0	0.000000				60.976601	false	0.000000	hkcancor	true	1379	16	gaau2co3	false	single_corpus_review	unreviewed	
1007	法國	15	121.953202	ns	ns:15	1.000000	faat3gwok3:15	0	0.000000				60.976601	false	0.000000	hkcancor	false				false	proper_name_review	unreviewed	
1008	生活	15	121.953202	v	v:13|vn:2	0.000000	sang1wut6:15	0	0.000000				60.976601	false	0.000000	hkcancor	true	629	45	sang1wut6	false	single_corpus_review	unreviewed	
1009	男仔	15	121.953202	n	n:15	0.000000	naam4zai2:15	0	0.000000				60.976601	false	0.000000	hkcancor	true	533	55	*naam4zai2|zi2	false	single_corpus_review	unreviewed	
1010	結婚	15	121.953202	v	v:15	0.000000	git3fan1:15	0	0.000000				60.976601	false	0.000000	hkcancor	true	1169	20	git3fan1	false	single_corpus_review	unreviewed	
1011	聽日	15	121.953202	t	t:15	0.000000	ting1jat6:15	0	0.000000				60.976601	false	0.000000	hkcancor	true	1067	23	ting1jat6	false	single_corpus_review	unreviewed	
1012	話時話	15	121.953202	l	l:10|v:5	0.000000	waa6si4waa6:15	0	0.000000				60.976601	false	0.000000	hkcancor	false				false	single_corpus_review	unreviewed	
1013	醫生	15	121.953202	n	n:15	0.000000	ji1sang1:15	0	0.000000				60.976601	false	0.000000	hkcancor	true	1101	22	ji1sang1	false	single_corpus_review	unreviewed	
1014	點知	15	121.953202	r	r:15	0.000000	dim2zi1:15	0	0.000000				60.976601	false	0.000000	hkcancor	true	711	39	*dim2zi1|zi3	false	single_corpus_review	unreviewed	
1015	旁邊	1	8.130213	n	n:1	0.000000	pong4bin1:1	11	113.582389	f	f:6|n:4|d:1	pong4bin1:11	60.856301	true	0.071580	cantomap	true	1245	18	pong4bin1	false	domain_concentration_review	unreviewed	
1016	順	1	8.130213	a	a:1	0.000000	seon6:1	11	113.582389	v	v:5|a:3|n:2|Ng:1	seon6:11	60.856301	true	0.071580	cantomap	true	1170	20	seon6	false	domain_concentration_review	unreviewed	
1017	分開	6	48.781281	v	v:6	0.000000	fan1hoi1:6	7	72.279702	v	v:7	fan1hoi1:7	60.530491	true	0.674896	cantomap	true	1104	21	fan1hoi1	false	general_lexicality_review	unreviewed	
1018	準備	11	89.432348	v	v:11	0.000000	zeon2bei6:11	3	30.977015	v	v:3	zeon2bei6:3	60.204682	true	0.346374	hkcancor	true	1127	21	zeon2bei6	false	general_lexicality_review	unreviewed	
1019	亦	2	16.260427	d	d:2	0.000000	jik6:2	10	103.256717	d	d:10	jik6:10	59.758572	true	0.157476	cantomap	true	153	250	jik6	false	general_lexicality_review	unreviewed	
1020	凹	2	16.260427	v	v:2	0.000000	lap1:2	10	103.256717	n	n:6|v:3|c:1	nap1:10	59.758572	true	0.157476	cantomap	true	1884	10	nap1|aau3|waa1	false	general_lexicality_review	unreviewed	
1021	十七	7	56.911494	m	m:7	0.000000	sap6cat1:7	6	61.954030	m	m:6	sap6cat1:6	59.432762	true	0.918608	cantomap	false				false	general_lexicality_review	unreviewed	
1022	唔好意思	7	56.911494	l1	l1:2|v:2|d:2|a:1	0.000000	m4hou2ji3si1:7	6	61.954030	d	d:2|v:2|a:1|u:1	m4hou2ji3si3:6	59.432762	true	0.918608	cantomap	true	1307	17	m4hou2ji3si3	false	general_lexicality_review	unreviewed	
1023	留意	7	56.911494	v	v:7	0.000000	lau4ji3:7	6	61.954030	v	v:5|n:1	lau4ji3:6	59.432762	true	0.918608	cantomap	true	949	26	lau4ji3	false	general_lexicality_review	unreviewed	
1024	法	12	97.562562	n	n:9|u:2|Ng:1	0.000000	faat3:12	2	20.651343	n	n:2	faat3:2	59.106953	true	0.211673	hkcancor	true	633	45	faat3	false	general_lexicality_review	unreviewed	
1025	能夠	12	97.562562	vu	vu:10|v:2	0.000000	nang4gau3:12	2	20.651343	vu	vu:2	nang4gau3:2	59.106953	true	0.211673	hkcancor	true	510	58	nang4gau3	false	general_lexicality_review	unreviewed	
1026	關係	12	97.562562	n	n:12	0.000000	gwaan1hai6:12	2	20.651343	n	n:2	gwaan1hai6:2	59.106953	true	0.211673	hkcancor	true	614	47	gwaan1hai6	false	general_lexicality_review	unreviewed	
1027	九點鐘	3	24.390640	t	t:3	0.000000	gau2dim2zung1:3	9	92.931045	t	t:9	gau2dim2zung1:9	58.660843	true	0.262460	cantomap	false				false	general_lexicality_review	unreviewed	
1028	插	3	24.390640	v	v:3	0.000000	caap3:3	9	92.931045	v	v:8|n:1	caap3:9	58.660843	true	0.262460	cantomap	true	1700	12	caap3	false	general_lexicality_review	unreviewed	
1029	之	8	65.041708	u	u:8	0.000000	zi1:8	5	51.628358	d	d:2|f:1|vn:1|u:1	zi1:5	58.335033	true	0.793773	hkcancor	true	464	64	zi1	false	general_lexicality_review	unreviewed	
1030	地下	8	65.041708	s	s:5|n:2|a:1	0.000000	dei6haa2:8	5	51.628358	s	s:4|n:1	dei6haa6:5	58.335033	true	0.793773	hkcancor	true	1148	20	dei6haa6|dei5haa2	false	general_lexicality_review	unreviewed	
1031	堂	8	65.041708	n	n:5|q:3	0.000000	tong4:8	5	51.628358	n	n:4|q:1	tong4:5	58.335033	true	0.793773	hkcancor	true	432	71	tong4	false	general_lexicality_review	unreviewed	
1032	是但	8	65.041708	d	d:8	0.000000	si6daan6:8	5	51.628358	d	d:5	si6daan6:5	58.335033	true	0.793773	hkcancor	true	1237	18	si6daan6	false	general_lexicality_review	unreviewed	
1033	盡量	8	65.041708	v	v:5|d:3	0.000000	zeon6loeng6:8	5	51.628358	d	d:3|v:2	zeon6loeng6:5	58.335033	true	0.793773	hkcancor	true	1022	24	zeon6loeng6	false	general_lexicality_review	unreviewed	
1034	貓	8	65.041708	n	n:8	0.000000	maau1:8	5	51.628358	n	n:5	maau1:5	58.335033	true	0.793773	hkcancor	false				false	general_lexicality_review	unreviewed	
1035	相	13	105.692775	n	n:9|d:4	0.000000	soeng2:13	1	10.325672	v	v:1	soeng1:1	58.009224	true	0.097695	hkcancor	true	855	30	soeng1	false	domain_concentration_review	unreviewed	
1036	格	4	32.520854	v	v:3|q:1	0.000000	gaak3:4	8	82.605373	q	q:7|n:1	gaak3:8	57.563114	true	0.393689	cantomap	true	351	92	gaak3	false	general_lexicality_review	unreviewed	
1037	郁	9	73.171921	v	v:9	0.000000	juk1:9	4	41.302687	v	v:4	juk1:4	57.237304	true	0.564461	hkcancor	false				false	general_lexicality_review	unreviewed	
1038	不嬲	14	113.822989	d	d:13|c:1	0.000000	bat1nau1:14	0	0.000000				56.911494	false	0.000000	hkcancor	true	1340	16	*bat1nau1	false	single_corpus_review	unreviewed	
1039	千	14	113.822989	m	m:14	0.000000	cin1:14	0	0.000000				56.911494	false	0.000000	hkcancor	true	994	24	cin1	false	single_corpus_review	unreviewed	
1040	嘥	14	113.822989	v	v:14	0.000000	saai1:14	0	0.000000				56.911494	false	0.000000	hkcancor	true	1063	23	saai1	false	single_corpus_review	unreviewed	
1041	報紙	14	113.822989	n	n:14	0.000000	bou3zi2:14	0	0.000000				56.911494	false	0.000000	hkcancor	true	683	41	bou3zi2	false	single_corpus_review	unreviewed	
1042	家姐	14	113.822989	n	n:14	0.000000	gaa1ze1:14	0	0.000000				56.911494	false	0.000000	hkcancor	true	1433	15	*gaa1ze2	false	single_corpus_review	unreviewed	
1043	寧願	14	113.822989	vu	vu:5|d:5|v:4	0.000000	ning4jyun2:14	0	0.000000				56.911494	false	0.000000	hkcancor	true	1454	15	ning4jyun6	false	single_corpus_review	unreviewed	
1044	屯門	14	113.822989	ns	ns:13|n:1	0.928571	tyun4mun4:14	0	0.000000				56.911494	false	0.000000	hkcancor	false				false	proper_name_review	unreviewed	
1045	後來	14	113.822989	t	t:14	0.000000	hau6loi4:14	0	0.000000				56.911494	false	0.000000	hkcancor	true	1006	24	hau6loi4	false	single_corpus_review	unreviewed	
1046	得到	14	113.822989	v	v:14	0.000000	dak1dou2:8|dak1dou3:6	0	0.000000				56.911494	false	0.000000	hkcancor	true	428	72	dak1dou2	false	single_corpus_review	unreviewed	
1047	成績	14	113.822989	n	n:14	0.000000	sing4zik1:14	0	0.000000				56.911494	false	0.000000	hkcancor	true	892	28	sing4zik1	false	single_corpus_review	unreviewed	
1048	揾工	14	113.822989	v	v:14	0.000000	wan2gung1:14	0	0.000000				56.911494	false	0.000000	hkcancor	false				false	single_corpus_review	unreviewed	
1049	新聞	14	113.822989	n	n:14	0.000000	san1man2:10|san1man4:4	0	0.000000				56.911494	false	0.000000	hkcancor	true	1126	21	san1man4	false	single_corpus_review	unreviewed	
1050	永遠	14	113.822989	d	d:14	0.000000	wing5jyun5:14	0	0.000000				56.911494	false	0.000000	hkcancor	true	804	32	wing5jyun5	false	single_corpus_review	unreviewed	
1051	為咗	14	113.822989	p	p:14	0.000000	wai6zo2:14	0	0.000000				56.911494	false	0.000000	hkcancor	false				false	single_corpus_review	unreviewed	
1052	熟	14	113.822989	a	a:14	0.000000	suk6:14	0	0.000000				56.911494	false	0.000000	hkcancor	true	1262	18	suk6	false	single_corpus_review	unreviewed	
1053	牌子	14	113.822989	n	n:14	0.000000	paai4zi2:14	0	0.000000				56.911494	false	0.000000	hkcancor	true	1522	14	paai4zi2	false	single_corpus_review	unreviewed	
1054	美國	14	113.822989	ns	ns:14	1.000000	mei5gwok3:14	0	0.000000				56.911494	false	0.000000	hkcancor	true	900	28	mei5gwok3	false	proper_name_review	unreviewed	
1055	聖誕	14	113.822989	t	t:13|n:1	0.000000	sing3daan3:14	0	0.000000				56.911494	false	0.000000	hkcancor	true	1529	14	sing3daan3	false	single_corpus_review	unreviewed	
1056	舖	14	113.822989	n	n:14	0.000000	pou2:7|pou3:7	0	0.000000				56.911494	false	0.000000	hkcancor	true	1133	21	pou3	false	single_corpus_review	unreviewed	
1057	裏面	14	113.822989	f	f:14	0.000000	leoi5min6:14	0	0.000000				56.911494	false	0.000000	hkcancor	false				false	single_corpus_review	unreviewed	
1058	越來越	14	113.822989	d	d:14	0.000000	jyut6lai4jyut6:14	0	0.000000				56.911494	false	0.000000	hkcancor	false				false	single_corpus_review	unreviewed	
1059	遲啲	14	113.822989	t	t:14	0.000000	ci4di1:14	0	0.000000				56.911494	false	0.000000	hkcancor	true	962	26	ci4di1	false	single_corpus_review	unreviewed	
1060	阿哥	14	113.822989	n	n:14	0.000000	aa3go1:14	0	0.000000				56.911494	false	0.000000	hkcancor	true	1302	17	aa3go1	false	single_corpus_review	unreviewed	
1061	阿婆	14	113.822989	n	n:14	0.000000	aa3po4:14	0	0.000000				56.911494	false	0.000000	hkcancor	true	1357	16	aa3po4	false	single_corpus_review	unreviewed	
1062	集	14	113.822989	n	n:11|q:3	0.000000	zaap6:14	0	0.000000				56.911494	false	0.000000	hkcancor	false				false	single_corpus_review	unreviewed	
1063	叢林	0	0.000000			0.000000		11	113.582389	n	n:4|v:4|ns:3	cung4lam4:11	56.791194	false	0.000000	cantomap	true	566	52	cung4lam4	false	single_corpus_review	unreviewed	
1064	彎彎哋	0	0.000000			0.000000		11	113.582389	v	v:4|a:3|Ng:2|q:1|n:1	waan1waan1dei2:11	56.791194	false	0.000000	cantomap	false				false	single_corpus_review	unreviewed	
1065	擦紙膠	0	0.000000			0.000000		11	113.582389	n	n:10|u:1	caat3zi2gaau1:11	56.791194	false	0.000000	cantomap	true	1844	11	caat3zi2gaau1	false	single_corpus_review	unreviewed	
1066	東南	0	0.000000			0.000000		11	113.582389	ns	ns:5|f:2|vn:1|x:1|a:1|l:1	dung1naam4:11	56.791194	false	0.000000	cantomap	false				false	single_corpus_review	unreviewed	
1067	東邊	0	0.000000			0.000000		11	113.582389	Ng	Ng:4|n:2|f:2|nt:1|d:1|a:1	dung1bin1:11	56.791194	false	0.000000	cantomap	false				false	single_corpus_review	unreviewed	
1068	西北	0	0.000000			0.000000		11	113.582389	n	n:5|nz:3|v:1|d:1|jns:1	sai1bak1:11	56.791194	false	0.000000	cantomap	false				false	single_corpus_review	unreviewed	
1069	西南	0	0.000000			0.000000		11	113.582389	n	n:5|nz:3|vn:1|jnt:1|jns:1	sai1naam4:11	56.791194	false	0.000000	cantomap	false				false	single_corpus_review	unreviewed	
1070	十一點鐘	1	8.130213	t	t:1	0.000000	sap6jat1dim2zung1:1	10	103.256717	t	t:10	sap6jat1dim2zung1:10	55.693465	true	0.078738	cantomap	false				false	domain_concentration_review	unreviewed	
1071	姓	1	8.130213	n	n:1	0.000000	sing3:1	10	103.256717	n	n:10	sing3:10	55.693465	true	0.078738	cantomap	true	1420	15	sing3	false	domain_concentration_review	unreviewed	
1072	溫暖	1	8.130213	a	a:1	0.000000	wan1nyun5:1	10	103.256717	v	v:7|a:3	wan1nyun5:10	55.693465	true	0.078738	cantomap	true	1709	12	wan1nyun5	false	domain_concentration_review	unreviewed	
1073	一陣	6	48.781281	t	t:5|d:1	0.000000	jat1zan6:6	6	61.954030	t	t:6	jat1zan6:6	55.367656	true	0.787379	cantomap	true	839	30	jat1zan6	false	general_lexicality_review	unreviewed	
1074	噏	11	89.432348	v	v:11	0.000000	ap1:11	2	20.651343	v	v:2	ap1:2	55.041846	true	0.230916	hkcancor	true	1215	19	ap1	false	general_lexicality_review	unreviewed	
1075	四十	11	89.432348	m	m:11	0.000000	sei3sap6:11	2	20.651343	m	m:2	sei3sap6:2	55.041846	true	0.230916	hkcancor	false				false	general_lexicality_review	unreviewed	
1076	某	11	89.432348	r	r:11	0.000000	mau5:11	2	20.651343	r	r:2	mau5:2	55.041846	true	0.230916	hkcancor	true	619	46	mau5	false	general_lexicality_review	unreviewed	
1077	簡單	11	89.432348	a	a:10|d:1	0.000000	gaan2daan1:11	2	20.651343	a	a:2	gaan2daan1:2	55.041846	true	0.230916	hkcancor	true	654	43	gaan2daan1	false	general_lexicality_review	unreviewed	
1078	十六	2	16.260427	m	m:2	0.000000	sap6luk6:2	9	92.931045	m	m:9	sap6luk6:9	54.595736	true	0.174973	cantomap	false				false	general_lexicality_review	unreviewed	
1079	窄	2	16.260427	a	a:2	0.000000	zaak3:2	9	92.931045	a	a:5|n:2|v:1|ns:1	zaak3:9	54.595736	true	0.174973	cantomap	true	1793	11	zaak3	false	general_lexicality_review	unreviewed	
1080	排隊	7	56.911494	v	v:7	0.000000	paai4deoi2:7	5	51.628358	v	v:5	paai4deoi2:5	54.269926	true	0.907169	hkcancor	true	1439	15	paai4deoi2	false	general_lexicality_review	unreviewed	
1081	各	12	97.562562	r	r:12	0.000000	gok3:12	1	10.325672	r	r:1	gok3:1	53.944117	true	0.105836	hkcancor	true	1485	14	gok3	false	general_lexicality_review	unreviewed	
1082	唱	12	97.562562	v	v:12	0.000000	coeng3:12	1	10.325672	v	v:1	coeng3:1	53.944117	true	0.105836	hkcancor	true	1692	12	coeng3	false	general_lexicality_review	unreviewed	
1083	憎	12	97.562562	v	v:12	0.000000	zang1:12	1	10.325672	v	v:1	zang1:1	53.944117	true	0.105836	hkcancor	false				false	general_lexicality_review	unreviewed	
1084	貨	12	97.562562	n	n:12	0.000000	fo3:12	1	10.325672	n	n:1	fo3:1	53.944117	true	0.105836	hkcancor	true	1518	14	fo3	false	general_lexicality_review	unreviewed	
1085	倒	3	24.390640	v	v:3	0.000000	dou2:3	8	82.605373	v	v:7|d:1	dou2:8	53.498007	true	0.295267	cantomap	true	1507	14	dou2|dou3	false	general_lexicality_review	unreviewed	
1086	六點鐘	3	24.390640	t	t:3	0.000000	luk6dim2zung1:3	8	82.605373	t	t:8	luk6dim2zung1:8	53.498007	true	0.295267	cantomap	false				false	general_lexicality_review	unreviewed	
1087	吸引	8	65.041708	v	v:6|vn:2	0.000000	kap1jan5:8	4	41.302687	v	v:4	kap1jan5:4	53.172197	true	0.635018	hkcancor	true	1352	16	kap1jan5	false	general_lexicality_review	unreviewed	
1088	純粹	8	65.041708	d	d:8	0.000000	seon4seoi5:8	4	41.302687	d	d:4	seon4seoi6:4	53.172197	true	0.635018	hkcancor	true	1309	17	seon4seoi6	false	general_lexicality_review	unreviewed	
1089	H股	13	105.692775	nz	nz:13	1.000000		0	0.000000				52.846388	false	0.000000	hkcancor	false				false	proper_name_review	unreviewed	
1090	作為	13	105.692775	v	v:13	0.000000	zok3wai4:12|zok1wai4:1	0	0.000000				52.846388	false	0.000000	hkcancor	true	943	26	zok3wai4	false	single_corpus_review	unreviewed	
1091	個八	13	105.692775	m	m:13	0.000000	go3baat3:13	0	0.000000				52.846388	false	0.000000	hkcancor	false				false	single_corpus_review	unreviewed	
1092	倍	13	105.692775	q	q:13	0.000000	pui5:13	0	0.000000				52.846388	false	0.000000	hkcancor	false				false	single_corpus_review	unreviewed	
1093	傾偈	13	105.692775	v	v:13	0.000000	king1gai2:13	0	0.000000				52.846388	false	0.000000	hkcancor	true	1617	13	king1gai2	false	single_corpus_review	unreviewed	
1094	價錢	13	105.692775	n	n:13	0.000000	gaa3cin4:13	0	0.000000				52.846388	false	0.000000	hkcancor	true	1214	19	gaa3cin4	false	single_corpus_review	unreviewed	
1095	原因	13	105.692775	n	n:13	0.000000	jyun4jan1:13	0	0.000000				52.846388	false	0.000000	hkcancor	true	857	30	jyun4jan1	false	single_corpus_review	unreviewed	
1096	城市	13	105.692775	n	n:12|nt:1	0.076923	sing4si5:13	0	0.000000				52.846388	false	0.000000	hkcancor	true	854	30	sing4si5	false	single_corpus_review	unreviewed	
1097	壞	13	105.692775	a	a:11|v:2	0.000000	waai6:12|waai2:1	0	0.000000				52.846388	false	0.000000	hkcancor	true	1539	14	waai6	false	single_corpus_review	unreviewed	
1098	小豬	13	105.692775	nr	nr:13	1.000000	siu2zyu1:13	0	0.000000				52.846388	false	0.000000	hkcancor	false				false	proper_name_review	unreviewed	
1099	廢	13	105.692775	a	a:9|v:3|b:1	0.000000	fai3:12|fai2:1	0	0.000000				52.846388	false	0.000000	hkcancor	false				false	single_corpus_review	unreviewed	
1100	易	13	105.692775	a	a:13	0.000000	ji6:13	0	0.000000				52.846388	false	0.000000	hkcancor	false				false	single_corpus_review	unreviewed	
1101	暫時	13	105.692775	d	d:13	0.000000	zaam6si4:13	0	0.000000				52.846388	false	0.000000	hkcancor	true	1179	20	zaam6si4	false	single_corpus_review	unreviewed	
1102	歐洲	13	105.692775	ns	ns:13	1.000000	au1zau1:13	0	0.000000				52.846388	false	0.000000	hkcancor	false				false	proper_name_review	unreviewed	
1103	毛	13	105.692775	n	n:13	0.000000	mou4:13	0	0.000000				52.846388	false	0.000000	hkcancor	true	1482	14	mou4	false	single_corpus_review	unreviewed	
1104	毫子	13	105.692775	q	q:9|n:4	0.000000	hou4zi2:13	0	0.000000				52.846388	false	0.000000	hkcancor	true	1370	16	*hou4zi2	false	single_corpus_review	unreviewed	
1105	水草	13	105.692775	n	n:13	0.000000	seoi2cou2:13	0	0.000000				52.846388	false	0.000000	hkcancor	true	1646	12	seoi2cou2	false	single_corpus_review	unreviewed	
1106	深	13	105.692775	a	a:13	0.000000	sam1:13	0	0.000000				52.846388	false	0.000000	hkcancor	true	1371	16	sam1	false	single_corpus_review	unreviewed	
1107	爛	13	105.692775	a	a:9|d:2|n:1|d1:1	0.000000	laan6:13	0	0.000000				52.846388	false	0.000000	hkcancor	true	1730	12	laan6	false	single_corpus_review	unreviewed	
1108	牌	13	105.692775	n	n:7|q:4|Ng:2	0.000000	paai4:10|paai2:3	0	0.000000				52.846388	false	0.000000	hkcancor	true	1521	14	paai4	false	single_corpus_review	unreviewed	
1109	牙	13	105.692775	n	n:13	0.000000	ngaa4:13	0	0.000000				52.846388	false	0.000000	hkcancor	true	1647	12	ngaa4	false	single_corpus_review	unreviewed	
1110	琴日	13	105.692775	t	t:13	0.000000	kam4jat6:13	0	0.000000				52.846388	false	0.000000	hkcancor	true	1612	13	kam4jat6	false	single_corpus_review	unreviewed	
1111	男人	13	105.692775	n	n:13	0.000000	naam4jan2:9|naam4jan4:4	0	0.000000				52.846388	false	0.000000	hkcancor	true	618	46	naam4jan2	false	single_corpus_review	unreviewed	
1112	突然間	13	105.692775	d	d:13	0.000000	dat6jin4gaan1:13	0	0.000000				52.846388	false	0.000000	hkcancor	false				false	single_corpus_review	unreviewed	
1113	缸	13	105.692775	q	q:8|n:5	0.000000	gong1:13	0	0.000000				52.846388	false	0.000000	hkcancor	false				false	single_corpus_review	unreviewed	
1114	酒店	13	105.692775	n	n:13	0.000000	zau2dim3:13	0	0.000000				52.846388	false	0.000000	hkcancor	true	1364	16	zau2dim3	false	single_corpus_review	unreviewed	
1115	阿木	13	105.692775	nr	nr:13	1.000000	aa3muk6:13	0	0.000000				52.846388	false	0.000000	hkcancor	false				false	proper_name_review	unreviewed	
1116	骨折	13	105.692775	v	v:13	0.000000	gwat1zit3:13	0	0.000000				52.846388	false	0.000000	hkcancor	true	1598	13	gwat1zit3	false	single_corpus_review	unreviewed	
1117	點算	13	105.692775	r	r:11|v:2	0.000000	dim2syun3:13	0	0.000000				52.846388	false	0.000000	hkcancor	true	1066	23	*dim2syun3	false	single_corpus_review	unreviewed	
1118	型	4	32.520854	a	a:4	0.000000	jing4:4	7	72.279702	n	n:5|a:2	jing4:7	52.400278	true	0.449931	cantomap	true	810	32	jing4	false	general_lexicality_review	unreviewed	
1119	黑色	4	32.520854	n	n:4	0.000000	haak1sik1:4	7	72.279702	n	n:6|a:1	haak1sik1:7	52.400278	true	0.449931	cantomap	true	1615	13	haak1sik1	false	general_lexicality_review	unreviewed	
1120	啄	9	73.171921	v	v:9	0.000000	doek1:9	3	30.977015	n	n:2|a:1	doeng1:3	52.074468	true	0.423346	hkcancor	false				false	general_lexicality_review	unreviewed	
1121	三點共線	0	0.000000			0.000000		10	103.256717	n	n:5|m:3|a:2	saam1dim2gung6sin3:10	51.628358	false	0.000000	cantomap	false				false	single_corpus_review	unreviewed	
1122	大樹	0	0.000000			0.000000		10	103.256717	n	n:7|nz:1|a:1|x:1	daai6syu6:10	51.628358	false	0.000000	cantomap	true	336	98	daai6syu6	true	known_nonatomic_or_invalid	unreviewed	
1123	攬欣金字塔	0	0.000000			0.000000		10	103.256717	n	n:4|v:4|ns:1|nz:1	laam2jan1gam1zi6:10	51.628358	false	0.000000	cantomap	false				false	single_corpus_review	unreviewed	
1124	東北	0	0.000000			0.000000		10	103.256717	ns	ns:5|n:4|nt:1	dung1bak1:10	51.628358	false	0.000000	cantomap	false				false	single_corpus_review	unreviewed	
1125	東南面	0	0.000000			0.000000		10	103.256717	n	n:7|f:3	dung1laam4min6:10	51.628358	false	0.000000	cantomap	false				false	single_corpus_review	unreviewed	
1126	正上方	0	0.000000			0.000000		10	103.256717	n	n:10	zing3soeng6fong1:10	51.628358	false	0.000000	cantomap	true	1754	11	zing3soeng6fong1	true	known_nonatomic_or_invalid	unreviewed	
1127	洞	0	0.000000			0.000000		10	103.256717	v	v:4|n:3|nr:2|a:1	dung6:10	51.628358	false	0.000000	cantomap	true	142	278	dung6	false	single_corpus_review	unreviewed	
1128	煙囪	0	0.000000			0.000000		10	103.256717	n	n:10	jin1cung1:10	51.628358	false	0.000000	cantomap	false				false	single_corpus_review	unreviewed	
1129	直角	0	0.000000			0.000000		10	103.256717	d	d:5|n:5	zik6gok3:10	51.628358	false	0.000000	cantomap	true	1672	12	zik6gok3	false	single_corpus_review	unreviewed	
1130	碑	0	0.000000			0.000000		10	103.256717	n	n:10	bei1:10	51.628358	false	0.000000	cantomap	true	721	38	bei1	false	single_corpus_review	unreviewed	
1131	空	0	0.000000			0.000000		10	103.256717	n	n:5|v:4|a:1	hung1:10	51.628358	false	0.000000	cantomap	true	1673	12	hung1	false	single_corpus_review	unreviewed	
1132	終	0	0.000000			0.000000		10	103.256717	n	n:5|c:2|x:1|a:1|Ng:1	zung1:10	51.628358	false	0.000000	cantomap	true	1810	11	zung1	false	single_corpus_review	unreviewed	
1133	茅屋	0	0.000000			0.000000		10	103.256717	n	n:7|nt:1|f:1|v:1	maau4uk1:10	51.628358	false	0.000000	cantomap	true	180	192	maau4uk1	false	single_corpus_review	unreviewed	
1134	唔緊要	5	40.651067	l	l:2|l1:2|a:1	0.000000	m4gan2jiu3:5	6	61.954030	a	a:4|c:1|vu:1	m4gan2jiu3:6	51.302549	true	0.656149	cantomap	true	794	33	m4gan2jiu3	false	general_lexicality_review	unreviewed	
1135	成為	5	40.651067	v	v:5	0.000000	sing4wai4:5	6	61.954030	v	v:3|n:2|b:1	sing4wai4:6	51.302549	true	0.656149	cantomap	true	891	28	sing4wai4	false	general_lexicality_review	unreviewed	
1136	提	5	40.651067	v	v:5	0.000000	tai4:5	6	61.954030	v	v:6	tai4:6	51.302549	true	0.656149	cantomap	true	563	52	tai4	false	general_lexicality_review	unreviewed	
1137	咁滯	10	81.302135	d	d:9|m:1	0.000000	gam3zai6:10	2	20.651343	d	d:2	gam3zai6:2	50.976739	true	0.254007	hkcancor	true	1579	13	gam3zai6	false	general_lexicality_review	unreviewed	
1138	拉	10	81.302135	v	v:10	0.000000	laai1:10	2	20.651343	v	v:2	laai1:2	50.976739	true	0.254007	hkcancor	true	1046	23	laai1|laa1	false	general_lexicality_review	unreviewed	
1139	核突	10	81.302135	a	a:10	0.000000	wat6dat6:10	2	20.651343	a	a:2	wat6dat6:2	50.976739	true	0.254007	hkcancor	true	1686	12	wat6dat6	false	general_lexicality_review	unreviewed	
1140	研究	10	81.302135	v	v:8|vn:2	0.000000	jin4gau3:10	2	20.651343	v	v:2	jin4gau3:2	50.976739	true	0.254007	hkcancor	true	1007	24	jin4gau3	false	general_lexicality_review	unreviewed	
1141	身體	10	81.302135	n	n:10	0.000000	san1tai2:10	2	20.651343	n	n:2	san1tai2:2	50.976739	true	0.254007	hkcancor	true	1577	13	san1tai2	false	general_lexicality_review	unreviewed	
1142	瘦	6	48.781281	a	a:6	0.000000	sau3:6	5	51.628358	a	a:5	sau3:5	50.204820	true	0.944854	cantomap	true	1837	11	sau3	false	general_lexicality_review	unreviewed	
1143	冷氣	11	89.432348	n	n:11	0.000000	laang5hei3:11	1	10.325672	n	n:1	laang5hei3:1	49.879010	true	0.115458	hkcancor	true	1413	15	laang5hei3	false	general_lexicality_review	unreviewed	
1144	喊	11	89.432348	v	v:11	0.000000	haam3:11	1	10.325672	v	v:1	haam3:1	49.879010	true	0.115458	hkcancor	true	1315	17	haam3	false	general_lexicality_review	unreviewed	
1145	接	11	89.432348	v	v:11	0.000000	zip3:11	1	10.325672	v	v:1	zip3:1	49.879010	true	0.115458	hkcancor	true	1600	13	zip3	false	general_lexicality_review	unreviewed	
1146	十三	2	16.260427	m	m:2	0.000000	sap6saam1:2	8	82.605373	m	m:8	sap6saam1:8	49.432900	true	0.196845	cantomap	false				false	general_lexicality_review	unreviewed	
1147	清晰	2	16.260427	a	a:2	0.000000	cing1sik1:2	8	82.605373	a	a:4|v:2|n:1|z:1	cing1sik1:8	49.432900	true	0.196845	cantomap	true	1965	10	cing1sik1	false	general_lexicality_review	unreviewed	
1148	有趣	7	56.911494	a	a:7	0.000000	jau5ceoi3:7	4	41.302687	a	a:4	jau5ceoi3:4	49.107091	true	0.725735	hkcancor	true	1409	15	jau5ceoi3	false	general_lexicality_review	unreviewed	
1149	一萬	12	97.562562	m	m:12	0.000000	jat1maan6:12	0	0.000000				48.781281	false	0.000000	hkcancor	false				false	single_corpus_review	unreviewed	
1150	上年	12	97.562562	t	t:11|n:1	0.000000	soeng6nin2:12	0	0.000000				48.781281	false	0.000000	hkcancor	true	1395	15	*soeng6|soeng5nin4	false	single_corpus_review	unreviewed	
1151	入來	12	97.562562	v	v:12	0.000000	jap6lai4:12	0	0.000000				48.781281	false	0.000000	hkcancor	false				false	single_corpus_review	unreviewed	
1152	味	12	97.562562	n	n:12	0.000000	mei6:12	0	0.000000				48.781281	false	0.000000	hkcancor	true	1927	10	mei6	false	single_corpus_review	unreviewed	
1153	嘔	12	97.562562	v	v:12	0.000000	au2:12	0	0.000000				48.781281	false	0.000000	hkcancor	true	1833	11	au2	false	single_corpus_review	unreviewed	
1154	噉樣樣	12	97.562562	r	r:8|c:4	0.000000	gam2joeng2joeng2:12	0	0.000000				48.781281	false	0.000000	hkcancor	true	1026	24	*gam2joeng2joeng6	false	single_corpus_review	unreviewed	
1155	失業	12	97.562562	v	v:11|vn:1	0.000000	sat1jip6:12	0	0.000000				48.781281	false	0.000000	hkcancor	true	1190	19	sat1jip6	false	single_corpus_review	unreviewed	
1156	女性	12	97.562562	n	n:9|b:3	0.000000	neoi5sing3:12	0	0.000000				48.781281	false	0.000000	hkcancor	true	1038	23	neoi5sing3	false	single_corpus_review	unreviewed	
1157	小心	12	97.562562	a	a:10|v:2	0.000000	siu2sam1:12	0	0.000000				48.781281	false	0.000000	hkcancor	true	934	26	siu2sam1	false	single_corpus_review	unreviewed	
1158	巴士	12	97.562562	n	n:12	0.000000	baa1si2:12	0	0.000000				48.781281	false	0.000000	hkcancor	true	1743	11	baa1si2	false	single_corpus_review	unreviewed	
1159	播	12	97.562562	v	v:12	0.000000	bo3:12	0	0.000000				48.781281	false	0.000000	hkcancor	false				false	single_corpus_review	unreviewed	
1160	朝頭早	12	97.562562	t	t:12	0.000000	ziu1tau4zou2:12	0	0.000000				48.781281	false	0.000000	hkcancor	true	1375	16	*ziu1|ciu4tau4zou2	false	single_corpus_review	unreviewed	
1161	本來	12	97.562562	d	d:12	0.000000	bun2loi4:12	0	0.000000				48.781281	false	0.000000	hkcancor	true	1075	22	bun2loi4	false	single_corpus_review	unreviewed	
1162	權	12	97.562562	n	n:12	0.000000	kyun4:12	0	0.000000				48.781281	false	0.000000	hkcancor	true	1273	18	kyun4	false	single_corpus_review	unreviewed	
1163	琴晚	12	97.562562	t	t:12	0.000000	kam4maan5:12	0	0.000000				48.781281	false	0.000000	hkcancor	true	1701	12	kam4maan5	false	single_corpus_review	unreviewed	
1164	畢業	12	97.562562	v	v:10|vn:2	0.000000	bat1jip6:12	0	0.000000				48.781281	false	0.000000	hkcancor	true	1251	18	bat1jip6	false	single_corpus_review	unreviewed	
1165	發展	12	97.562562	v	v:8|vn:4	0.000000	faat3zin2:12	0	0.000000				48.781281	false	0.000000	hkcancor	true	650	43	faat3zin2	false	single_corpus_review	unreviewed	
1166	節	12	97.562562	q	q:12	0.000000	zit3:12	0	0.000000				48.781281	false	0.000000	hkcancor	false				false	single_corpus_review	unreviewed	
1167	經濟	12	97.562562	a	a:9|n:3	0.000000	ging1zai3:12	0	0.000000				48.781281	false	0.000000	hkcancor	true	556	53	ging1zai3	false	single_corpus_review	unreviewed	
1168	老奉	12	97.562562	d	d:8|l:4	0.000000	lou5fung2:12	0	0.000000				48.781281	false	0.000000	hkcancor	false				false	single_corpus_review	unreviewed	
1169	老豆	12	97.562562	n	n:12	0.000000	lou5dau6:12	0	0.000000				48.781281	false	0.000000	hkcancor	false				false	single_corpus_review	unreviewed	
1170	舊年	12	97.562562	t	t:12	0.000000	gau6nin2:12	0	0.000000				48.781281	false	0.000000	hkcancor	true	1099	22	gau6nin2	false	single_corpus_review	unreviewed	
1171	講嘢	12	97.562562	v	v:12	0.000000	gong2je5:12	0	0.000000				48.781281	false	0.000000	hkcancor	false				false	single_corpus_review	unreviewed	
1172	適合	12	97.562562	a	a:11|v:1	0.000000	sik1hap6:12	0	0.000000				48.781281	false	0.000000	hkcancor	true	1263	18	sik1hap6	false	single_corpus_review	unreviewed	
1173	還	12	97.562562	v	v:9|d:3	0.000000	waan4:12	0	0.000000				48.781281	false	0.000000	hkcancor	false				false	single_corpus_review	unreviewed	
1174	電芯	12	97.562562	n	n:12	0.000000	din6sam1:12	0	0.000000				48.781281	false	0.000000	hkcancor	true	1715	12	*din6sam1	false	single_corpus_review	unreviewed	
1175	音響	12	97.562562	n	n:12	0.000000	jam1hoeng2:12	0	0.000000				48.781281	false	0.000000	hkcancor	true	1431	15	jam1hoeng2	false	single_corpus_review	unreviewed	
1176	波	8	65.041708	n	n:8	0.000000	bo1:8	3	30.977015	n	n:3	bo1:3	48.009362	true	0.476264	hkcancor	true	1423	15	bo1	false	general_lexicality_review	unreviewed	
1177	一百八十	0	0.000000			0.000000		9	92.931045	m	m:8|d:1	jat1baak3baat3sap6:9	46.465523	false	0.000000	cantomap	false				false	single_corpus_review	unreviewed	
1178	兩點鐘	0	0.000000			0.000000		9	92.931045	t	t:8|n:1	loeng5dim2zung1:9	46.465523	false	0.000000	cantomap	false				false	single_corpus_review	unreviewed	
1179	右上方	0	0.000000			0.000000		9	92.931045	n	n:9	jau6soeng6fong1:9	46.465523	false	0.000000	cantomap	false				false	single_corpus_review	unreviewed	
1180	右下方	0	0.000000			0.000000		9	92.931045	n	n:7|x:1|v:1	jau6haa6fong1:9	46.465523	false	0.000000	cantomap	true	1400	15	jau6haa6fong1	true	known_nonatomic_or_invalid	unreviewed	
1181	四點鐘	0	0.000000			0.000000		9	92.931045	t	t:8|a:1	sei3dim2zung1:9	46.465523	false	0.000000	cantomap	false				false	single_corpus_review	unreviewed	
1182	尖啄	0	0.000000			0.000000		9	92.931045	n	n:6|Ng:3	zim1doeng1:9	46.465523	false	0.000000	cantomap	false				false	single_corpus_review	unreviewed	
1183	東北方	0	0.000000			0.000000		9	92.931045	n	n:8|ns:1	dung1bak1fong1:9	46.465523	false	0.000000	cantomap	false				false	single_corpus_review	unreviewed	
1184	灘	0	0.000000			0.000000		9	92.931045	n	n:7|x:1|v:1	taan1:9	46.465523	false	0.000000	cantomap	true	615	47	taan1|taan5	false	single_corpus_review	unreviewed	
1185	西北方	0	0.000000			0.000000		9	92.931045	n	n:7|x:1|Ng:1	sai1bak1fong1:9	46.465523	false	0.000000	cantomap	false				false	single_corpus_review	unreviewed	
1186	遠怨	0	0.000000			0.000000		9	92.931045	n	n:8|v:1	jyun5jyun3:9	46.465523	false	0.000000	cantomap	false				false	single_corpus_review	unreviewed	
1187	轉頭	5	40.651067	v	v:5	0.000000	zyun3tau4:5	5	51.628358	v	v:5	zyun3tau4:5	46.139713	true	0.787379	cantomap	true	1854	11	zyun3tau4	false	general_lexicality_review	unreviewed	
1188	意大利	10	81.302135	ns	ns:10	1.000000	ji3daai6lei6:10	1	10.325672	ns	ns:1	ji3daai6lei6:1	45.813903	true	0.127004	hkcancor	false				false	proper_name_review	unreviewed	
1189	比起	10	81.302135	v	v:10	0.000000	bei2hei2:10	1	10.325672	v	v:1	bei2hei2:1	45.813903	true	0.127004	hkcancor	false				false	general_lexicality_review	unreviewed	
1190	笪	10	81.302135	q	q:10	0.000000	daat3:10	1	10.325672	q	q:1	taat3:1	45.813903	true	0.127004	hkcancor	true	1805	11	daat3	false	general_lexicality_review	unreviewed	
1191	花	10	81.302135	n	n:4|a:3|v:3	0.000000	faa1:10	1	10.325672	v	v:1	faa1:1	45.813903	true	0.127004	hkcancor	true	1424	15	faa1	false	general_lexicality_review	unreviewed	
1192	餐	10	81.302135	q	q:8|n:2	0.000000	caan1:10	1	10.325672	q	q:1	caan1:1	45.813903	true	0.127004	hkcancor	true	1029	24	caan1	false	general_lexicality_review	unreviewed	
1193	中心	6	48.781281	n	n:6	0.000000	zung1sam1:6	4	41.302687	n	n:3|a:1	zung1sam1:4	45.041984	true	0.846691	hkcancor	true	1550	13	zung1sam1	false	general_lexicality_review	unreviewed	
1194	幾乎	6	48.781281	d	d:6	0.000000	gei1fu4:6	4	41.302687	d	d:3|r:1	gei1fu4:4	45.041984	true	0.846691	hkcancor	false				false	general_lexicality_review	unreviewed	
1195	數學	6	48.781281	n	n:6	0.000000	sou3hok6:6	4	41.302687	n	n:4	sou3hok6:4	45.041984	true	0.846691	hkcancor	true	1997	10	sou3hok6	false	general_lexicality_review	unreviewed	
1196	逐	6	48.781281	r	r:6	0.000000	zuk6:6	4	41.302687	r	r:2|v:1|n:1	zuk6:4	45.041984	true	0.846691	hkcancor	false				false	general_lexicality_review	unreviewed	
1197	七月	11	89.432348	t	t:11	0.000000	cat1jyut6:11	0	0.000000				44.716174	false	0.000000	hkcancor	true	1138	20	cat1jyut6	false	single_corpus_review	unreviewed	
1198	今晚	11	89.432348	t	t:11	0.000000	gam1maan5:9|gam1maan1:2	0	0.000000				44.716174	false	0.000000	hkcancor	true	886	28	gam1maan5	false	single_corpus_review	unreviewed	
1199	係咪	11	89.432348	v	v:11	0.000000	hai6mai6:11	0	0.000000				44.716174	false	0.000000	hkcancor	true	70	709	*hai6mai1|mi4|mai5	true	known_nonatomic_or_invalid	unreviewed	
1200	倫敦	11	89.432348	ns	ns:11	1.000000	leon4deon1:11	0	0.000000				44.716174	false	0.000000	hkcancor	false				false	proper_name_review	unreviewed	
1201	六月	11	89.432348	t	t:11	0.000000	luk6jyut6:11	0	0.000000				44.716174	false	0.000000	hkcancor	false				false	single_corpus_review	unreviewed	
1202	冬天	11	89.432348	t	t:11	0.000000	dung1tin1:11	0	0.000000				44.716174	false	0.000000	hkcancor	true	1747	11	dung1tin1	false	single_corpus_review	unreviewed	
1203	到時	11	89.432348	t	t:9|n:1|d:1	0.000000	dou3si4:11	0	0.000000				44.716174	false	0.000000	hkcancor	true	1045	23	dou3si4	false	single_corpus_review	unreviewed	
1204	剝	11	89.432348	v	v:11	0.000000	mok1:11	0	0.000000				44.716174	false	0.000000	hkcancor	false				false	single_corpus_review	unreviewed	
1205	只要	11	89.432348	d	d:7|c:4	0.000000	zi2jiu3:11	0	0.000000				44.716174	false	0.000000	hkcancor	true	1188	19	zi2jiu3	false	single_corpus_review	unreviewed	
1206	嗰陣	11	89.432348	r	r:11	0.000000	go2zan6:11	0	0.000000				44.716174	false	0.000000	hkcancor	false				false	single_corpus_review	unreviewed	
1207	夜晚	11	89.432348	t	t:8|n:3	0.000000	je6maan5:11	0	0.000000				44.716174	false	0.000000	hkcancor	true	979	25	je6maan5	false	single_corpus_review	unreviewed	
1208	好處	11	89.432348	n	n:11	0.000000	hou2cyu3:11	0	0.000000				44.716174	false	0.000000	hkcancor	true	1407	15	hou2cyu3	false	single_corpus_review	unreviewed	
1209	尤其是	11	89.432348	d	d:11	0.000000	jau4kei4si6:11	0	0.000000				44.716174	false	0.000000	hkcancor	false				false	single_corpus_review	unreviewed	
1210	幾耐	11	89.432348	r	r:11	0.000000	gei2noi6:11	0	0.000000				44.716174	false	0.000000	hkcancor	true	1125	21	*gei2|gei1noi6	false	single_corpus_review	unreviewed	
1211	性格	11	89.432348	n	n:11	0.000000	sing3gaak3:11	0	0.000000				44.716174	false	0.000000	hkcancor	true	1232	18	sing3gaak3	false	single_corpus_review	unreviewed	
1212	愛	11	89.432348	v	v:11	0.000000	oi3:11	0	0.000000				44.716174	false	0.000000	hkcancor	true	958	26	oi3|ngoi3	false	single_corpus_review	unreviewed	
1213	捱	11	89.432348	v	v:11	0.000000	ngaai4:11	0	0.000000				44.716174	false	0.000000	hkcancor	true	1121	21	ngaai4	false	single_corpus_review	unreviewed	
1214	普通話	11	89.432348	n	n:11	0.000000	pou2tung1waa2:11	0	0.000000				44.716174	false	0.000000	hkcancor	true	1819	11	pou2tung1waa2	false	single_corpus_review	unreviewed	
1215	梗	11	89.432348	d	d:11	0.000000	gang2:11	0	0.000000				44.716174	false	0.000000	hkcancor	true	1801	11	gang2	false	single_corpus_review	unreviewed	
1216	決定	11	89.432348	v	v:11	0.000000	kyut3ding6:11	0	0.000000				44.716174	false	0.000000	hkcancor	true	976	25	kyut3ding6	false	single_corpus_review	unreviewed	
1217	漢	11	89.432348	jnz	jnz:10|nz:1	0.090909	hon3:11	0	0.000000				44.716174	false	0.000000	hkcancor	false				false	single_corpus_review	unreviewed	
1218	火車	11	89.432348	n	n:11	0.000000	fo2ce1:11	0	0.000000				44.716174	false	0.000000	hkcancor	false				false	single_corpus_review	unreviewed	
1219	無端端	11	89.432348	d	d:6|z:5	0.000000	mou4dyun1dyun1:11	0	0.000000				44.716174	false	0.000000	hkcancor	true	1376	16	mou4dyun1dyun1	false	single_corpus_review	unreviewed	
1220	牛肉	11	89.432348	n	n:11	0.000000	ngau4juk6:11	0	0.000000				44.716174	false	0.000000	hkcancor	true	1746	11	ngau4juk6	false	single_corpus_review	unreviewed	
1221	甩	11	89.432348	v	v:8|Vg:3	0.000000	lat1:11	0	0.000000				44.716174	false	0.000000	hkcancor	true	1756	11	lat1	false	single_corpus_review	unreviewed	
1222	申請	11	89.432348	v	v:11	0.000000	san1cing2:11	0	0.000000				44.716174	false	0.000000	hkcancor	true	1344	16	san1cing2	false	single_corpus_review	unreviewed	
1223	病	11	89.432348	n	n:4|a:4|v:3	0.000000	beng6:11	0	0.000000				44.716174	false	0.000000	hkcancor	true	858	30	beng6	false	single_corpus_review	unreviewed	
1224	碎	11	89.432348	a	a:11	0.000000	seoi3:11	0	0.000000				44.716174	false	0.000000	hkcancor	false				false	single_corpus_review	unreviewed	
1225	碼頭	11	89.432348	n	n:11	0.000000	maa5tau4:11	0	0.000000				44.716174	false	0.000000	hkcancor	true	382	83	maa5tau4	false	single_corpus_review	unreviewed	
1226	經驗	11	89.432348	n	n:8|v:3	0.000000	ging1jim6:11	0	0.000000				44.716174	false	0.000000	hkcancor	true	1019	24	ging1jim6	false	single_corpus_review	unreviewed	
1227	翻譯	11	89.432348	v	v:7|vn:4	0.000000	faan1jik6:11	0	0.000000				44.716174	false	0.000000	hkcancor	true	1852	11	faan1jik6	false	single_corpus_review	unreviewed	
1228	耶穌	11	89.432348	nr	nr:11	1.000000	je4sou1:11	0	0.000000				44.716174	false	0.000000	hkcancor	true	1942	10	je4sou1	false	proper_name_review	unreviewed	
1229	肉	11	89.432348	n	n:11	0.000000	juk6:11	0	0.000000				44.716174	false	0.000000	hkcancor	true	1348	16	juk6	false	single_corpus_review	unreviewed	
1230	股票	11	89.432348	n	n:11	0.000000	gu2piu3:11	0	0.000000				44.716174	false	0.000000	hkcancor	true	825	31	gu2piu3	false	single_corpus_review	unreviewed	
1231	舖頭	11	89.432348	n	n:11	0.000000	pou3tau2:11	0	0.000000				44.716174	false	0.000000	hkcancor	true	1533	14	*pou3tau4	false	single_corpus_review	unreviewed	
1232	補習	11	89.432348	v	v:9|n:1|vn:1	0.000000	bou2zaap6:11	0	0.000000				44.716174	false	0.000000	hkcancor	true	1173	20	bou2zaap6	false	single_corpus_review	unreviewed	
1233	記	11	89.432348	v	v:8|g1:3	0.000000	gei3:11	0	0.000000				44.716174	false	0.000000	hkcancor	false				false	single_corpus_review	unreviewed	
1234	費事	11	89.432348	v	v:8|d:3	0.000000	fai3si6:11	0	0.000000				44.716174	false	0.000000	hkcancor	true	1524	14	*fai3si6	false	single_corpus_review	unreviewed	
1235	邊啲	11	89.432348	r	r:11	0.000000	bin1di1:11	0	0.000000				44.716174	false	0.000000	hkcancor	false				false	single_corpus_review	unreviewed	
1236	關於	11	89.432348	p	p:11	0.000000	gwaan1jyu1:11	0	0.000000				44.716174	false	0.000000	hkcancor	true	913	28	gwaan1jyu1	false	single_corpus_review	unreviewed	
1237	電影	11	89.432348	n	n:11	0.000000	din6jing2:11	0	0.000000				44.716174	false	0.000000	hkcancor	true	1453	15	din6jing2	false	single_corpus_review	unreviewed	
1238	音	11	89.432348	n	n:9|Ng:2	0.000000	jam1:11	0	0.000000				44.716174	false	0.000000	hkcancor	true	1680	12	jam1	false	single_corpus_review	unreviewed	
1239	底下	2	16.260427	f	f:2	0.000000	dai2haa6:2	7	72.279702	s	s:5|f:1|n:1	dai2haa6:7	44.270064	true	0.224965	cantomap	true	1116	21	dai2haa6	false	general_lexicality_review	unreviewed	
1240	無	2	16.260427	v	v:1|d:1	0.000000	mou5:1|mou4:1	7	72.279702	d	d:3|a:2|v:1|n:1	mou4:7	44.270064	true	0.224965	cantomap	true	906	28	mou4	false	general_lexicality_review	unreviewed	
1241	窗	2	16.260427	n	n:2	0.000000	coeng1:2	7	72.279702	n	n:7	coeng1:7	44.270064	true	0.224965	cantomap	true	1704	12	coeng1	false	general_lexicality_review	unreviewed	
1242	複雜	7	56.911494	a	a:7	0.000000	fuk1zaap6:7	3	30.977015	a	a:2|x:1	fuk1zaap6:3	43.944255	true	0.544302	hkcancor	true	1324	17	fuk1zaap6	false	general_lexicality_review	unreviewed	
1243	首	7	56.911494	q	q:7	0.000000	sau2:7	3	30.977015	q	q:2|d:1	sau2:3	43.944255	true	0.544302	hkcancor	false				false	general_lexicality_review	unreviewed	
1244	噢	3	24.390640	e	e:3	0.000000	ou3:3	6	61.954030	e	e:5|d:1	o1:3|ou5:1|ou2:1|ou6:1	43.172335	true	0.393689	cantomap	false				false	general_lexicality_review	unreviewed	
1245	盛	3	24.390640	r	r:3	0.000000	sing6:3	6	61.954030	r	r:4|n:2	sing6:6	43.172335	true	0.393689	cantomap	true	318	104	sing6|sing4	false	general_lexicality_review	unreviewed	
1246	七點	8	65.041708	t	t:8	0.000000	cat1dim2:8	2	20.651343	t	t:2	cat1dim2:2	42.846526	true	0.317509	hkcancor	false				false	general_lexicality_review	unreviewed	
1247	三點	4	32.520854	t	t:4	0.000000	saam1dim2:4	5	51.628358	t	t:3|m:2	saam1dim2:5	42.074606	true	0.629903	cantomap	true	1275	17	saam1dim2	true	known_nonatomic_or_invalid	unreviewed	
1248	油	4	32.520854	n	n:4	0.000000	jau2:2|jau4:2	5	51.628358	n	n:3|nr:1|a:1	jau4:5	42.074606	true	0.629903	cantomap	false				false	general_lexicality_review	unreviewed	
1249	滴	4	32.520854	q	q:4	0.000000	dik6:4	5	51.628358	q	q:5	dik1:5	42.074606	true	0.629903	cantomap	false				false	general_lexicality_review	unreviewed	
1250	切	9	73.171921	v	v:5|a:4	0.000000	cit3:9	1	10.325672	v	v:1	cit3:1	41.748797	true	0.141115	hkcancor	false				false	general_lexicality_review	unreviewed	
1251	啝	9	73.171921	y	y:9	0.000000	wo4:9	1	10.325672	y	y:1	wo4:1	41.748797	true	0.141115	hkcancor	false				false	general_lexicality_review	unreviewed	
1252	好笑	9	73.171921	a	a:9	0.000000	hou2siu3:9	1	10.325672	a	a:1	hou2siu3:1	41.748797	true	0.141115	hkcancor	true	1567	13	hou2siu3	false	general_lexicality_review	unreviewed	
1253	實在	9	73.171921	a	a:5|d:4	0.000000	sat6zoi6:9	1	10.325672	d	d:1	sat6zoi6:1	41.748797	true	0.141115	hkcancor	true	1176	20	sat6zoi6	false	general_lexicality_review	unreviewed	
1254	心	9	73.171921	n	n:9	0.000000	sam1:9	1	10.325672	n	n:1	sam1:1	41.748797	true	0.141115	hkcancor	true	577	50	sam1	false	general_lexicality_review	unreviewed	
1255	慳	9	73.171921	a	a:5|v:4	0.000000	haan1:9	1	10.325672	v	v:1	haan1:1	41.748797	true	0.141115	hkcancor	true	1835	11	haan1	false	general_lexicality_review	unreviewed	
1256	解	9	73.171921	v	v:9	0.000000	gaai2:9	1	10.325672	v	v:1	gaai2:1	41.748797	true	0.141115	hkcancor	true	1128	21	gaai2|haai6	false	general_lexicality_review	unreviewed	
1257	遊戲	9	73.171921	n	n:9	0.000000	jau4hei3:9	1	10.325672	n	n:1	jau4hei3:1	41.748797	true	0.141115	hkcancor	true	1830	11	jau4hei3	false	general_lexicality_review	unreviewed	
1258	重要	9	73.171921	a	a:9	0.000000	zung6jiu3:9	1	10.325672	a	a:1	zung6jiu3:1	41.748797	true	0.141115	hkcancor	true	517	57	zung6jiu3	false	general_lexicality_review	unreviewed	
1259	仙人掌	0	0.000000			0.000000		8	82.605373	n	n:7|x:1	sin1jan4zoeng2:8	41.302687	false	0.000000	cantomap	true	1882	10	sin1jan4zoeng2	false	single_corpus_review	unreviewed	
1260	勁勝泳池	0	0.000000			0.000000		8	82.605373	n	n:5|nz:2|v:1	ging6sing3wing6ci4:8	41.302687	false	0.000000	cantomap	false				false	single_corpus_review	unreviewed	
1261	受害	0	0.000000			0.000000		8	82.605373	v	v:6|x:2	sau6hoi6:8	41.302687	false	0.000000	cantomap	true	978	25	sau6hoi6	false	single_corpus_review	unreviewed	
1262	啤梨	0	0.000000			0.000000		8	82.605373	n	n:6|a:1|v:1	be1lei2:8	41.302687	false	0.000000	cantomap	false				false	single_corpus_review	unreviewed	
1263	圓	0	0.000000			0.000000		8	82.605373	n	n:5|v:2|f:1	jun4:8	41.302687	false	0.000000	cantomap	true	925	27	jyun4	false	single_corpus_review	unreviewed	
1264	圖畫	0	0.000000			0.000000		8	82.605373	n	n:8	tou4waa2:8	41.302687	false	0.000000	cantomap	false				false	single_corpus_review	unreviewed	
1265	帳	0	0.000000			0.000000		8	82.605373	n	n:7|x:1	zoeng3:8	41.302687	false	0.000000	cantomap	true	1053	23	zoeng3	false	single_corpus_review	unreviewed	
1266	戀燕	0	0.000000			0.000000		8	82.605373	n	n:5|Ng:1|f:1|v:1	lyun2jin3:8	41.302687	false	0.000000	cantomap	false				false	single_corpus_review	unreviewed	
1267	枝	0	0.000000			0.000000		8	82.605373	n	n:7|v:1	zi1:8	41.302687	false	0.000000	cantomap	false				false	single_corpus_review	unreviewed	
1268	移	0	0.000000			0.000000		8	82.605373	v	v:7|a:1	ji4:8	41.302687	false	0.000000	cantomap	false				false	single_corpus_review	unreviewed	
1269	貧善大宅	0	0.000000			0.000000		8	82.605373	n	n:6|q:1|v:1	pan4sin6daai6zaak2:8	41.302687	false	0.000000	cantomap	false				false	single_corpus_review	unreviewed	
1270	遠冤墓	0	0.000000			0.000000		8	82.605373	n	n:4|x:2|v:1|ns:1	jyun5jyun1mou6:8	41.302687	false	0.000000	cantomap	false				false	single_corpus_review	unreviewed	
1271	重複	0	0.000000			0.000000		8	82.605373	v	v:6|n:1|a:1	cung4fuk1:8	41.302687	false	0.000000	cantomap	true	1506	14	cung4fuk1	false	single_corpus_review	unreviewed	
1272	領	0	0.000000			0.000000		8	82.605373	n	n:7|x:1	ling5:8	41.302687	false	0.000000	cantomap	true	513	58	ling5|leng5	false	single_corpus_review	unreviewed	
1273	一模一樣	5	40.651067	i	i:2|l:2|a:1	0.000000	jat1mou4jat1joeng6:5	4	41.302687	l	l:2|r:2	jat1mou4jat1joeng6:4	40.976877	true	0.984223	cantomap	true	1864	10	jat1mou4jat1joeng6	false	general_lexicality_review	unreviewed	
1274	應	5	40.651067	v	v:2|d:2|g1:1	0.000000	jing1:3|jing3:2	4	41.302687	d	d:2|n:1|v:1	jing1:4	40.976877	true	0.984223	cantomap	true	1266	18	jing1|jing3	false	general_lexicality_review	unreviewed	
1275	溝通	5	40.651067	v	v:5	0.000000	kau1tung1:5	4	41.302687	v	v:4	kau1tung1:4	40.976877	true	0.984223	cantomap	true	1207	19	kau1tung1	false	general_lexicality_review	unreviewed	
1276	葡萄	5	40.651067	n	n:5	0.000000	pou4tou4:5	4	41.302687	n	n:2|Ng:1|v:1	pou4tou4:4	40.976877	true	0.984223	cantomap	true	273	127	pou4tou4	false	general_lexicality_review	unreviewed	
1277	一號	10	81.302135	t	t:10	0.000000	jat1hou6:10	0	0.000000				40.651067	false	0.000000	hkcancor	true	1734	11	jat1hou6	false	single_corpus_review	unreviewed	
1278	上堂	10	81.302135	v	v:9|vn:1	0.000000	soeng5tong4:10	0	0.000000				40.651067	false	0.000000	hkcancor	true	1869	10	*soeng6|soeng5tong4	false	single_corpus_review	unreviewed	
1279	下年	10	81.302135	t	t:9|f:1	0.000000	haa6nin2:10	0	0.000000				40.651067	false	0.000000	hkcancor	false				false	single_corpus_review	unreviewed	
1280	乖	10	81.302135	a	a:10	0.000000	gwaai1:10	0	0.000000				40.651067	false	0.000000	hkcancor	false				false	single_corpus_review	unreviewed	
1281	九月	10	81.302135	t	t:10	0.000000	gau2jyut6:10	0	0.000000				40.651067	false	0.000000	hkcancor	true	1735	11	gau2jyut6	false	single_corpus_review	unreviewed	
1282	偈	10	81.302135	Ng	Ng:10	0.000000	gai2:10	0	0.000000				40.651067	false	0.000000	hkcancor	true	1957	10	gai2|gai6|git6	false	single_corpus_review	unreviewed	
1283	初頭	10	81.302135	t	t:8|d:2	0.000000	co1tau4:10	0	0.000000				40.651067	false	0.000000	hkcancor	true	1769	11	*co1tau4	false	single_corpus_review	unreviewed	
1284	創作	10	81.302135	v	v:6|vn:4	0.000000	cong3zok3:10	0	0.000000				40.651067	false	0.000000	hkcancor	true	1373	16	cong3zok3	false	single_corpus_review	unreviewed	
1285	努力	10	81.302135	a	a:9|v:1	0.000000	nou5lik6:10	0	0.000000				40.651067	false	0.000000	hkcancor	true	945	26	nou5lik6	false	single_corpus_review	unreviewed	
1286	唔見	10	81.302135	v	v:10	0.000000	m4gin3:10	0	0.000000				40.651067	false	0.000000	hkcancor	true	217	157	*m4gin3	false	single_corpus_review	unreviewed	
1287	地球	10	81.302135	n	n:10	0.000000	dei6kau4:10	0	0.000000				40.651067	false	0.000000	hkcancor	true	1900	10	dei6kau4	false	single_corpus_review	unreviewed	
1288	女人	10	81.302135	n	n:9|b:1	0.000000	neoi5jan2:10	0	0.000000				40.651067	false	0.000000	hkcancor	true	699	39	neoi5jan2	false	single_corpus_review	unreviewed	
1289	女皇	10	81.302135	nz	nz:10	1.000000	neoi5wong4:10	0	0.000000				40.651067	false	0.000000	hkcancor	true	1477	14	neoi5wong4	false	proper_name_review	unreviewed	
1290	屋企人	10	81.302135	n	n:10	0.000000	uk1kei2jan4:10	0	0.000000				40.651067	false	0.000000	hkcancor	true	1502	14	uk1kei2jan4	false	single_corpus_review	unreviewed	
1291	市場	10	81.302135	n	n:10	0.000000	si5coeng4:10	0	0.000000				40.651067	false	0.000000	hkcancor	true	456	66	si5coeng4	false	single_corpus_review	unreviewed	
1292	年份	10	81.302135	n	n:10	0.000000	nin4fan6:10	0	0.000000				40.651067	false	0.000000	hkcancor	false				false	single_corpus_review	unreviewed	
1293	態度	10	81.302135	n	n:10	0.000000	taai3dou6:10	0	0.000000				40.651067	false	0.000000	hkcancor	true	1020	24	taai3dou6	false	single_corpus_review	unreviewed	
1294	慣	10	81.302135	v	v:8|a:1|d:1	0.000000	gwaan3:10	0	0.000000				40.651067	false	0.000000	hkcancor	false				false	single_corpus_review	unreviewed	
1295	戲院	10	81.302135	n	n:10	0.000000	hei3jyun2:10	0	0.000000				40.651067	false	0.000000	hkcancor	true	1843	11	hei3jyun2	false	single_corpus_review	unreviewed	
1296	文化	10	81.302135	n	n:10	0.000000	man4faa3:10	0	0.000000				40.651067	false	0.000000	hkcancor	true	1481	14	man4faa3	false	single_corpus_review	unreviewed	
1297	日日	10	81.302135	q	q:9|t:1	0.000000	jat6jat6:10	0	0.000000				40.651067	false	0.000000	hkcancor	false				false	single_corpus_review	unreviewed	
1298	款	10	81.302135	q	q:7|n:3	0.000000	fun2:10	0	0.000000				40.651067	false	0.000000	hkcancor	false				false	single_corpus_review	unreviewed	
1299	沙田	10	81.302135	ns	ns:10	1.000000	saa1tin4:10	0	0.000000				40.651067	false	0.000000	hkcancor	false				false	proper_name_review	unreviewed	
1300	焗	10	81.302135	v	v:9|a:1	0.000000	guk6:10	0	0.000000				40.651067	false	0.000000	hkcancor	true	1517	14	guk6	false	single_corpus_review	unreviewed	
1301	熄	10	81.302135	v	v:10	0.000000	sik1:10	0	0.000000				40.651067	false	0.000000	hkcancor	true	1260	18	sik1	false	single_corpus_review	unreviewed	
1302	特登	10	81.302135	d	d:10	0.000000	dak6dang1:10	0	0.000000				40.651067	false	0.000000	hkcancor	true	1512	14	*dak6dang1	false	single_corpus_review	unreviewed	
1303	特色	10	81.302135	n	n:10	0.000000	dak6sik1:10	0	0.000000				40.651067	false	0.000000	hkcancor	true	1952	10	dak6sik1	false	single_corpus_review	unreviewed	
1304	甚至乎	10	81.302135	d	d:10	0.000000	sam6zi3fu4:10	0	0.000000				40.651067	false	0.000000	hkcancor	false				false	single_corpus_review	unreviewed	
1305	痛	10	81.302135	a	a:10	0.000000	tung3:10	0	0.000000				40.651067	false	0.000000	hkcancor	true	1702	12	tung3	false	single_corpus_review	unreviewed	
1306	硬係	10	81.302135	d	d:10	0.000000	ngaang2hai6:10	0	0.000000				40.651067	false	0.000000	hkcancor	true	1978	10	*ngaang6hai6	false	single_corpus_review	unreviewed	
1307	禮拜三	10	81.302135	t	t:10	0.000000	lai5baai3saam1:10	0	0.000000				40.651067	false	0.000000	hkcancor	true	1850	11	*lai5baai3saam1|saam3	false	single_corpus_review	unreviewed	
1308	禮拜六	10	81.302135	t	t:10	0.000000	lai5baai3luk6:10	0	0.000000				40.651067	false	0.000000	hkcancor	true	1851	11	*lai5baai3luk6	false	single_corpus_review	unreviewed	
1309	第時	10	81.302135	t	t:10	0.000000	dai6si4:10	0	0.000000				40.651067	false	0.000000	hkcancor	true	1807	11	*dai6si4	false	single_corpus_review	unreviewed	
1310	紅籌	10	81.302135	n	n:10	0.000000	hung4cau2:10	0	0.000000				40.651067	false	0.000000	hkcancor	true	1941	10	hung4cau4	false	single_corpus_review	unreviewed	
1311	老婆	10	81.302135	n	n:10	0.000000	lou5po4:10	0	0.000000				40.651067	false	0.000000	hkcancor	false				false	single_corpus_review	unreviewed	
1312	舋	10	81.302135	d	d:8|a:2	0.000000	man3:10	0	0.000000				40.651067	false	0.000000	hkcancor	false				false	single_corpus_review	unreviewed	
1313	裙	10	81.302135	n	n:10	0.000000	kwan4:10	0	0.000000				40.651067	false	0.000000	hkcancor	false				false	single_corpus_review	unreviewed	
1314	褸尾	10	81.302135	t	t:10	0.000000	lau1mei1:10	0	0.000000				40.651067	false	0.000000	hkcancor	false				false	single_corpus_review	unreviewed	
1315	諗法	10	81.302135	n	n:10	0.000000	nam2faat3:10	0	0.000000				40.651067	false	0.000000	hkcancor	true	1464	15	*nam2faat3	false	single_corpus_review	unreviewed	
1316	譯本	10	81.302135	n	n:10	0.000000	jik6bun2:10	0	0.000000				40.651067	false	0.000000	hkcancor	false				false	single_corpus_review	unreviewed	
1317	讓	10	81.302135	v	v:10	0.000000	joeng6:10	0	0.000000				40.651067	false	0.000000	hkcancor	true	1544	14	joeng6	false	single_corpus_review	unreviewed	
1318	貨櫃	10	81.302135	n	n:10	0.000000	fo3gwai6:10	0	0.000000				40.651067	false	0.000000	hkcancor	true	1969	10	fo3gwai6	false	single_corpus_review	unreviewed	
1319	錦鯉	10	81.302135	n	n:7|nz:3	0.300000	gam2lei5:10	0	0.000000				40.651067	false	0.000000	hkcancor	false				false	single_corpus_review	unreviewed	
1320	音樂	10	81.302135	n	n:10	0.000000	jam1ngok6:10	0	0.000000				40.651067	false	0.000000	hkcancor	true	1430	15	jam1ngok6	false	single_corpus_review	unreviewed	
1321	飛碟	10	81.302135	n	n:10	0.000000	fei1dip2:10	0	0.000000				40.651067	false	0.000000	hkcancor	true	1945	10	fei1dip2	false	single_corpus_review	unreviewed	
1322	黏	10	81.302135	v	v:10	0.000000	nim4:10	0	0.000000				40.651067	false	0.000000	hkcancor	true	1849	11	nim4|nim1|zim1	false	single_corpus_review	unreviewed	
1323	哈哈	1	8.130213	e	e:1	0.000000	haa1haa1:1	7	72.279702	Ng	Ng:2|x:2|o:1|d:1|f:1	haa1haa1:7	40.204958	true	0.112483	cantomap	true	1935	10	haa1haa1	false	general_lexicality_review	unreviewed	
1324	指示	1	8.130213	n	n:1	0.000000	zi2si6:1	7	72.279702	v	v:5|n:2	zi2si6:7	40.204958	true	0.112483	cantomap	true	1936	10	zi2si6	false	general_lexicality_review	unreviewed	
1325	黐	1	8.130213	v	v:1	0.000000	ci1:1	7	72.279702	v	v:4|a:3	ci1:7	40.204958	true	0.112483	cantomap	true	1862	11	ci1	false	general_lexicality_review	unreviewed	
1326	不	6	48.781281	d	d:6	0.000000	bat1:6	3	30.977015	d	d:3	bat1:3	39.879148	true	0.635018	hkcancor	true	481	61	bat1	false	general_lexicality_review	unreviewed	
1327	二號	6	48.781281	t	t:6	0.000000	ji6hou6:6	3	30.977015	t	t:2|n:1	ji6hou6:3	39.879148	true	0.635018	hkcancor	false				false	general_lexicality_review	unreviewed	
1328	更	6	48.781281	d	d:6	0.000000	gang3:6	3	30.977015	d	d:3	gang3:3	39.879148	true	0.635018	hkcancor	true	1353	16	gang3|gang1	false	general_lexicality_review	unreviewed	
1329	筆	6	48.781281	n	n:3|q:3	0.000000	bat1:6	3	30.977015	n	n:2|q:1	bat1:3	39.879148	true	0.635018	hkcancor	false				false	general_lexicality_review	unreviewed	
1330	證明	6	48.781281	v	v:6	0.000000	zing3ming4:6	3	30.977015	v	v:3	zing3ming4:3	39.879148	true	0.635018	hkcancor	true	1389	16	zing3ming4	false	general_lexicality_review	unreviewed	
1331	斷	2	16.260427	v	v:2	0.000000	tyun5:2	6	61.954030	v	v:6	tyun5:6	39.107229	true	0.262460	cantomap	false				false	general_lexicality_review	unreviewed	
1332	矮	2	16.260427	a	a:2	0.000000	ai2:2	6	61.954030	a	a:3|ns:1|n:1|v:1	ai2:6	39.107229	true	0.262460	cantomap	false				false	general_lexicality_review	unreviewed	
1333	最好	7	56.911494	d	d:7	0.000000	zeoi3hou2:7	2	20.651343	d	d:2	zeoi3hou2:2	38.781419	true	0.362868	hkcancor	true	635	45	zeoi3hou2	false	general_lexicality_review	unreviewed	
1334	調	7	56.911494	v	v:6|Vg:1	0.000000	diu6:7	2	20.651343	v	v:2	diu6:2	38.781419	true	0.362868	hkcancor	false				false	general_lexicality_review	unreviewed	
1335	傷害	3	24.390640	v	v:3	0.000000	soeng1hoi6:3	5	51.628358	v	v:5	soeng1hoi6:5	38.009499	true	0.472427	cantomap	true	1616	13	soeng1hoi6	false	general_lexicality_review	unreviewed	
1336	板	3	24.390640	n	n:3	0.000000	baan2:3	5	51.628358	n	n:5	baan2:5	38.009499	true	0.472427	cantomap	true	1931	10	baan2	false	general_lexicality_review	unreviewed	
1337	出街	8	65.041708	v	v:8	0.000000	ceot1gaai1:8	1	10.325672	v	v:1	ceot1gaai1:1	37.683690	true	0.158755	hkcancor	false				false	general_lexicality_review	unreviewed	
1338	怪	8	65.041708	a	a:8	0.000000	gwaai3:7|gwaai2:1	1	10.325672	a	a:1	gwaai3:1	37.683690	true	0.158755	hkcancor	true	689	40	gwaai3	false	general_lexicality_review	unreviewed	
1339	慢	8	65.041708	a	a:8	0.000000	maan6:8	1	10.325672	a	a:1	maan6:1	37.683690	true	0.158755	hkcancor	false				false	general_lexicality_review	unreviewed	
1340	明顯	8	65.041708	a	a:7|d:1	0.000000	ming4hin2:8	1	10.325672	a	a:1	ming4hin2:1	37.683690	true	0.158755	hkcancor	true	1421	15	ming4hin2	false	general_lexicality_review	unreviewed	
1341	樓下	8	65.041708	s	s:8	0.000000	lau4haa6:8	1	10.325672	s	s:1	lau4haa6:1	37.683690	true	0.158755	hkcancor	true	1836	11	lau4haa6	false	general_lexicality_review	unreviewed	
1342	等於	8	65.041708	v	v:8	0.000000	dang2jyu1:8	1	10.325672	v	v:1	dang2ju1:1	37.683690	true	0.158755	hkcancor	true	1523	14	dang2jyu1	false	general_lexicality_review	unreviewed	
1343	後面	4	32.520854	f	f:4	0.000000	hau6min6:4	4	41.302687	f	f:3|x:1	hau6min6:4	36.911770	true	0.787379	cantomap	true	1304	17	hau6min6	false	general_lexicality_review	unreviewed	
1344	call機	9	73.171921	n	n:6|xn:3	0.000000		0	0.000000				36.585961	false	0.000000	hkcancor	false				false	single_corpus_review	unreviewed	
1345	一次過	9	73.171921	d	d:9	0.000000	jat1ci3gwo3:9	0	0.000000				36.585961	false	0.000000	hkcancor	true	1392	15	*jat1ci3gwo3	false	single_corpus_review	unreviewed	
1346	下下	9	73.171921	q	q:9	0.000000	haa5haa5:9	0	0.000000				36.585961	false	0.000000	hkcancor	true	1338	16	*haa6haa6	false	single_corpus_review	unreviewed	
1347	中學	9	73.171921	n	n:9	0.000000	zung1hok6:9	0	0.000000				36.585961	false	0.000000	hkcancor	true	1642	12	zung1hok6	false	single_corpus_review	unreviewed	
1348	乜鬼	9	73.171921	r	r:9	0.000000	mat1gwai2:9	0	0.000000				36.585961	false	0.000000	hkcancor	true	1394	15	*mat1gwai2	false	single_corpus_review	unreviewed	
1349	乾淨	9	73.171921	a	a:9	0.000000	gon1zeng6:9	0	0.000000				36.585961	false	0.000000	hkcancor	true	1691	12	gon1zeng6	false	single_corpus_review	unreviewed	
1350	二千	9	73.171921	m	m:9	0.000000	ji6cin1:9	0	0.000000				36.585961	false	0.000000	hkcancor	false				false	single_corpus_review	unreviewed	
1351	二百	9	73.171921	m	m:9	0.000000	ji6baak3:9	0	0.000000				36.585961	false	0.000000	hkcancor	false				false	single_corpus_review	unreviewed	
1352	令到	9	73.171921	v	v:9	0.000000	ling6dou3:9	0	0.000000				36.585961	false	0.000000	hkcancor	true	846	30	*ling6dou3	false	single_corpus_review	unreviewed	
1353	值	9	73.171921	v	v:9	0.000000	zik6:9	0	0.000000				36.585961	false	0.000000	hkcancor	true	1010	24	zik6	false	single_corpus_review	unreviewed	
1354	價值	9	73.171921	n	n:9	0.000000	gaa3zik6:9	0	0.000000				36.585961	false	0.000000	hkcancor	true	1025	24	gaa3zik6	false	single_corpus_review	unreviewed	
1355	光碟	9	73.171921	n	n:9	0.000000	gwong1dip2:9	0	0.000000				36.585961	false	0.000000	hkcancor	false				false	single_corpus_review	unreviewed	
1356	出聲	9	73.171921	v	v:9	0.000000	ceot1seng1:9	0	0.000000				36.585961	false	0.000000	hkcancor	true	1559	13	ceot1seng1	false	single_corpus_review	unreviewed	
1357	制度	9	73.171921	n	n:9	0.000000	zai3dou6:9	0	0.000000				36.585961	false	0.000000	hkcancor	true	824	31	zai3dou6	false	single_corpus_review	unreviewed	
1358	剩	9	73.171921	v	v:7|d:1|r:1	0.000000	zing6:9	0	0.000000				36.585961	false	0.000000	hkcancor	true	1252	18	zing6|sing6	false	single_corpus_review	unreviewed	
1359	反應	9	73.171921	n	n:7|vn:2	0.000000	faan2jing3:9	0	0.000000				36.585961	false	0.000000	hkcancor	true	1221	18	faan2jing3	false	single_corpus_review	unreviewed	
1360	口罩	9	73.171921	n	n:9	0.000000	hau2zaau3:9	0	0.000000				36.585961	false	0.000000	hkcancor	false				false	single_corpus_review	unreviewed	
1361	台灣	9	73.171921	ns	ns:9	1.000000	toi4waan1:9	0	0.000000				36.585961	false	0.000000	hkcancor	true	1560	13	toi4waan1	false	proper_name_review	unreviewed	
1362	合格	9	73.171921	v	v:9	0.000000	hap6gaak3:9	0	0.000000				36.585961	false	0.000000	hkcancor	true	1345	16	hap6gaak3	false	single_corpus_review	unreviewed	
1363	回歸	9	73.171921	v	v:5|vn:4	0.000000	wui4gwai1:9	0	0.000000				36.585961	false	0.000000	hkcancor	true	1226	18	wui4gwai1	false	single_corpus_review	unreviewed	
1364	太過	9	73.171921	d	d:9	0.000000	taai3gwo3:9	0	0.000000				36.585961	false	0.000000	hkcancor	true	1278	17	*taai3gwo3	false	single_corpus_review	unreviewed	
1365	好人	9	73.171921	a	a:9	0.000000	hou2jan4:9	0	0.000000				36.585961	false	0.000000	hkcancor	true	1901	10	hou2jan4	false	single_corpus_review	unreviewed	
1366	好景	9	73.171921	nt	nt:6|a:2|n:1	0.666667	hou2ging2:9	0	0.000000				36.585961	false	0.000000	hkcancor	false				false	single_corpus_review	unreviewed	
1367	好聽	9	73.171921	a	a:9	0.000000	hou2teng1:9	0	0.000000				36.585961	false	0.000000	hkcancor	true	1655	12	hou2teng1	false	single_corpus_review	unreviewed	
1368	好食	9	73.171921	a	a:9	0.000000	hou2sik6:9	0	0.000000				36.585961	false	0.000000	hkcancor	true	1653	12	*hou2|hou3sik6	false	single_corpus_review	unreviewed	
1369	孔	9	73.171921	nr	nr:7|Ng:2	0.777778	hung2:9	0	0.000000				36.585961	false	0.000000	hkcancor	false				false	single_corpus_review	unreviewed	
1370	安全	9	73.171921	a	a:8|an:1	0.000000	on1cyun4:9	0	0.000000				36.585961	false	0.000000	hkcancor	true	1904	10	on1cyun4	false	single_corpus_review	unreviewed	
1371	小全章	9	73.171921	n	n:9	0.000000	siu2cyun4zoeng1:9	0	0.000000				36.585961	false	0.000000	hkcancor	false				false	single_corpus_review	unreviewed	
1372	就噉	9	73.171921	d	d:9	0.000000	zau6gam2:9	0	0.000000				36.585961	false	0.000000	hkcancor	false				false	single_corpus_review	unreviewed	
1373	屆	9	73.171921	q	q:9	0.000000	gaai3:9	0	0.000000				36.585961	false	0.000000	hkcancor	false				false	single_corpus_review	unreviewed	
1374	幾十	9	73.171921	m	m:9	0.000000	gei2sap6:9	0	0.000000				36.585961	false	0.000000	hkcancor	false				false	single_corpus_review	unreviewed	
1375	幾百	9	73.171921	m	m:9	0.000000	gei2baak3:9	0	0.000000				36.585961	false	0.000000	hkcancor	false				false	single_corpus_review	unreviewed	
1376	德國	9	73.171921	ns	ns:9	1.000000	dak1gwok3:9	0	0.000000				36.585961	false	0.000000	hkcancor	false				false	proper_name_review	unreviewed	
1377	戴	9	73.171921	v	v:9	0.000000	daai3:9	0	0.000000				36.585961	false	0.000000	hkcancor	false				false	single_corpus_review	unreviewed	
1378	拃	9	73.171921	q	q:9	0.000000	zaa6:9	0	0.000000				36.585961	false	0.000000	hkcancor	true	1779	11	*?	false	single_corpus_review	unreviewed	
1379	拜拜	9	73.171921	l1	l1:8|v:1	0.000000	baai1baai3:9	0	0.000000				36.585961	false	0.000000	hkcancor	true	659	42	baai1baai3	false	single_corpus_review	unreviewed	
1380	掣	9	73.171921	n	n:9	0.000000	zai3:9	0	0.000000				36.585961	false	0.000000	hkcancor	true	1610	13	zai3|cit3	false	single_corpus_review	unreviewed	
1381	控制	9	73.171921	v	v:9	0.000000	hung3zai3:9	0	0.000000				36.585961	false	0.000000	hkcancor	true	1166	20	hung3zai3	false	single_corpus_review	unreviewed	
1382	收埋	9	73.171921	v	v:9	0.000000	sau1maai4:9	0	0.000000				36.585961	false	0.000000	hkcancor	true	1570	13	*sau1maai4	false	single_corpus_review	unreviewed	
1383	日子	9	73.171921	n	n:9	0.000000	jat6zi2:9	0	0.000000				36.585961	false	0.000000	hkcancor	true	969	25	jat6zi2	false	single_corpus_review	unreviewed	
1384	早餐	9	73.171921	n	n:9	0.000000	zou2caan1:9	0	0.000000				36.585961	false	0.000000	hkcancor	true	1657	12	zou2caan1	false	single_corpus_review	unreviewed	
1385	旺角	9	73.171921	ns	ns:9	1.000000	wong6gok3:9	0	0.000000				36.585961	false	0.000000	hkcancor	false				false	proper_name_review	unreviewed	
1386	會考	9	73.171921	n	n:9	0.000000	wui6haau2:9	0	0.000000				36.585961	false	0.000000	hkcancor	true	1018	24	*wui5|wui6|wui2haau2	false	single_corpus_review	unreviewed	
1387	校長	9	73.171921	n	n:9	0.000000	haau6zoeng2:9	0	0.000000				36.585961	false	0.000000	hkcancor	true	1685	12	haau6zoeng2	false	single_corpus_review	unreviewed	
1388	梨	9	73.171921	n	n:9	0.000000	lei2:5|lei4:4	0	0.000000				36.585961	false	0.000000	hkcancor	false				false	single_corpus_review	unreviewed	
1389	業主	9	73.171921	n	n:9	0.000000	jip6zyu2:9	0	0.000000				36.585961	false	0.000000	hkcancor	true	1825	11	jip6zyu2	false	single_corpus_review	unreviewed	
1390	樂趣	9	73.171921	n	n:9	0.000000	lok6ceoi3:9	0	0.000000				36.585961	false	0.000000	hkcancor	false				false	single_corpus_review	unreviewed	
1391	機票	9	73.171921	n	n:9	0.000000	gei1piu3:9	0	0.000000				36.585961	false	0.000000	hkcancor	false				false	single_corpus_review	unreviewed	
1392	泊	9	73.171921	v	v:9	0.000000	paak3:9	0	0.000000				36.585961	false	0.000000	hkcancor	false				false	single_corpus_review	unreviewed	
1393	測驗	9	73.171921	v	v:5|vn:3|n:1	0.000000	caak1jim6:9	0	0.000000				36.585961	false	0.000000	hkcancor	false				false	single_corpus_review	unreviewed	
1394	火星	9	73.171921	n	n:9	0.000000	fo2sing1:9	0	0.000000				36.585961	false	0.000000	hkcancor	true	1881	10	fo2sing1	false	single_corpus_review	unreviewed	
1395	當時	9	73.171921	t	t:9	0.000000	dong1si4:9	0	0.000000				36.585961	false	0.000000	hkcancor	true	778	34	dong1si4	false	single_corpus_review	unreviewed	
1396	發	9	73.171921	v	v:6|a:1|g1:1|Vg:1	0.000000	faat3:9	0	0.000000				36.585961	false	0.000000	hkcancor	true	1318	17	faat3	false	single_corpus_review	unreviewed	
1397	發生	9	73.171921	v	v:9	0.000000	faat3sang1:9	0	0.000000				36.585961	false	0.000000	hkcancor	true	863	30	faat3sang1	false	single_corpus_review	unreviewed	
1398	禮物	9	73.171921	n	n:9	0.000000	lai5mat6:9	0	0.000000				36.585961	false	0.000000	hkcancor	true	1269	18	lai5mat6	false	single_corpus_review	unreviewed	
1399	章	9	73.171921	q	q:9	0.000000	zoeng1:9	0	0.000000				36.585961	false	0.000000	hkcancor	false				false	single_corpus_review	unreviewed	
1400	第日	9	73.171921	t	t:5|d:3|r:1	0.000000	dai6jat6:9	0	0.000000				36.585961	false	0.000000	hkcancor	true	952	26	*dai6jat6	false	single_corpus_review	unreviewed	
1401	紐西蘭	9	73.171921	ns	ns:9	1.000000	nau5sai1laan4:9	0	0.000000				36.585961	false	0.000000	hkcancor	false				false	proper_name_review	unreviewed	
1402	結果	9	73.171921	n	n:7|d:2	0.000000	git3gwo2:9	0	0.000000				36.585961	false	0.000000	hkcancor	true	924	27	git3gwo2	false	single_corpus_review	unreviewed	
1403	艷舞	9	73.171921	n	n:9	0.000000	jim6mou5:9	0	0.000000				36.585961	false	0.000000	hkcancor	false				false	single_corpus_review	unreviewed	
1404	萬	9	73.171921	m	m:9	0.000000	maan6:9	0	0.000000				36.585961	false	0.000000	hkcancor	true	926	27	maan6	false	single_corpus_review	unreviewed	
1405	落來	9	73.171921	v	v:9	0.000000	lok6lai4:9	0	0.000000				36.585961	false	0.000000	hkcancor	false				false	single_corpus_review	unreviewed	
1406	藥	9	73.171921	n	n:9	0.000000	joek6:9	0	0.000000				36.585961	false	0.000000	hkcancor	false				false	single_corpus_review	unreviewed	
1407	資料	9	73.171921	n	n:9	0.000000	zi1liu2:9	0	0.000000				36.585961	false	0.000000	hkcancor	true	1321	17	zi1liu2	false	single_corpus_review	unreviewed	
1408	質素	9	73.171921	n	n:9	0.000000	zat1sou3:9	0	0.000000				36.585961	false	0.000000	hkcancor	true	1465	15	zat1sou3	false	single_corpus_review	unreviewed	
1409	趕	9	73.171921	v	v:9	0.000000	gon2:9	0	0.000000				36.585961	false	0.000000	hkcancor	false				false	single_corpus_review	unreviewed	
1410	輸	9	73.171921	v	v:9	0.000000	syu1:9	0	0.000000				36.585961	false	0.000000	hkcancor	true	1999	10	syu1	false	single_corpus_review	unreviewed	
1411	迪士尼	9	73.171921	nt	nt:3|ns:3|nz:3	1.000000	dik6si6nei4:9	0	0.000000				36.585961	false	0.000000	hkcancor	false				false	proper_name_review	unreviewed	
1412	追	9	73.171921	v	v:9	0.000000	zeoi1:9	0	0.000000				36.585961	false	0.000000	hkcancor	true	1248	18	zeoi1	false	single_corpus_review	unreviewed	
1413	通	9	73.171921	v	v:5|d:2|Vg:1|Dg:1	0.000000	tung1:9	0	0.000000				36.585961	false	0.000000	hkcancor	true	1812	11	tung1	false	single_corpus_review	unreviewed	
1414	郵	9	73.171921	Ng	Ng:8|x:1	0.000000	jau4:9	0	0.000000				36.585961	false	0.000000	hkcancor	false				false	single_corpus_review	unreviewed	
1415	醫	9	73.171921	v	v:6|jn:2|Ng:1	0.000000	ji1:9	0	0.000000				36.585961	false	0.000000	hkcancor	false				false	single_corpus_review	unreviewed	
1416	重有	9	73.171921	v	v:9	0.000000	zung6jau5:9	0	0.000000				36.585961	false	0.000000	hkcancor	true	420	74	zung6jau5	false	single_corpus_review	unreviewed	
1417	銀行	9	73.171921	n	n:9	0.000000	ngan4hong4:9	0	0.000000				36.585961	false	0.000000	hkcancor	true	1213	19	ngan4hong4	false	single_corpus_review	unreviewed	
1418	間唔中	9	73.171921	d	d:9	0.000000	gaan3m4zung1:9	0	0.000000				36.585961	false	0.000000	hkcancor	false				false	single_corpus_review	unreviewed	
1419	阿爸	9	73.171921	n	n:9	0.000000	aa3baa4:9	0	0.000000				36.585961	false	0.000000	hkcancor	false				false	single_corpus_review	unreviewed	
1420	阿琪	9	73.171921	nr	nr:9	1.000000	aa3kei4:9	0	0.000000				36.585961	false	0.000000	hkcancor	false				false	proper_name_review	unreviewed	
1421	預	9	73.171921	v	v:6|a:3	0.000000	jyu6:9	0	0.000000				36.585961	false	0.000000	hkcancor	true	1530	14	jyu6	false	single_corpus_review	unreviewed	
1422	龜	9	73.171921	n	n:9	0.000000	gwai1:9	0	0.000000				36.585961	false	0.000000	hkcancor	true	1725	12	gwai1	false	single_corpus_review	unreviewed	
1423	𠻺吓	9	73.171921	e	e:9	0.000000	aa6haa2:9	0	0.000000				36.585961	false	0.000000	hkcancor	false				false	single_corpus_review	unreviewed	
1424	一開始	0	0.000000			0.000000		7	72.279702	d	d:2|m:2|a:1|c:1|i:1	jat1hoi1ci2:7	36.139851	false	0.000000	cantomap	false				false	single_corpus_review	unreviewed	
1425	半圓形	0	0.000000			0.000000		7	72.279702	n	n:6|Ng:1	bun3jun4jing4:7	36.139851	false	0.000000	cantomap	false				false	single_corpus_review	unreviewed	
1426	塘	0	0.000000			0.000000		7	72.279702	Ng	Ng:3|n:2|v:1|a:1	tong4:7	36.139851	false	0.000000	cantomap	true	865	30	tong4	false	single_corpus_review	unreviewed	
1427	完整	0	0.000000			0.000000		7	72.279702	v	v:6|u:1	jun4zing2:7	36.139851	false	0.000000	cantomap	true	1920	10	jyun4zing2	false	single_corpus_review	unreviewed	
1428	座標	0	0.000000			0.000000		7	72.279702	n	n:6|nr:1	zo6biu1:7	36.139851	false	0.000000	cantomap	false				false	single_corpus_review	unreviewed	
1429	往𤓓灘	0	0.000000			0.000000		7	72.279702	n	n:5|v:1|ns:1	wong5lo3taan1:7	36.139851	false	0.000000	cantomap	false				false	single_corpus_review	unreviewed	
1430	東北面	0	0.000000			0.000000		7	72.279702	n	n:6|f:1	dung1bak1min6:7	36.139851	false	0.000000	cantomap	false				false	single_corpus_review	unreviewed	
1431	枉𤓓	0	0.000000			0.000000		7	72.279702	n	n:5|v:1|b:1	wong2lo3:7	36.139851	false	0.000000	cantomap	false				false	single_corpus_review	unreviewed	
1432	正方形	0	0.000000			0.000000		7	72.279702	n	n:6|a:1	zing3fong1jing4:7	36.139851	false	0.000000	cantomap	false				false	single_corpus_review	unreviewed	
1433	水滴	0	0.000000			0.000000		7	72.279702	n	n:6|q:1	seoi2dik6:7	36.139851	false	0.000000	cantomap	false				false	single_corpus_review	unreviewed	
1434	總共	0	0.000000			0.000000		7	72.279702	d	d:7	zung2gung6:7	36.139851	false	0.000000	cantomap	false				false	single_corpus_review	unreviewed	
1435	西南面	0	0.000000			0.000000		7	72.279702	n	n:5|x:1|f:1	sai1naam4min6:7	36.139851	false	0.000000	cantomap	false				false	single_corpus_review	unreviewed	
1436	西邊	0	0.000000			0.000000		7	72.279702	f	f:3|n:2|Nsg:1|Ng:1	sai1bin1:7	36.139851	false	0.000000	cantomap	false				false	single_corpus_review	unreviewed	
1437	踮	0	0.000000			0.000000		7	72.279702	v	v:5|a:1|n:1	dim3:7	36.139851	false	0.000000	cantomap	false				false	single_corpus_review	unreviewed	
1438	返嚟	0	0.000000			0.000000		7	72.279702	v	v:6|x:1	faan1lai4:7	36.139851	false	0.000000	cantomap	false				false	single_corpus_review	unreviewed	
1439	金字邊	0	0.000000			0.000000		7	72.279702	f	f:4|nr:2|x:1	gam1zi6bin1:7	36.139851	false	0.000000	cantomap	false				false	single_corpus_review	unreviewed	
1440	𡃁	0	0.000000			0.000000		7	72.279702	n	n:5|d:1|v:1	leng1:7	36.139851	false	0.000000	cantomap	false				false	single_corpus_review	unreviewed	
1441	林	5	40.651067	nr	nr:5	1.000000	lam4:4|lam2:1	3	30.977015	nr	nr:2|a:1	lam4:3	35.814041	true	0.762022	hkcancor	true	588	49	lam4	false	proper_name_review	unreviewed	
1442	調轉	5	40.651067	v	v:5	0.000000	diu6zyun3:5	3	30.977015	v	v:3	diu6zyu3:3	35.814041	true	0.762022	hkcancor	false				false	general_lexicality_review	unreviewed	
1443	側面	1	8.130213	n	n:1	0.000000	zak1min6:1	6	61.954030	n	n:4|f:2	zak1min6:6	35.042122	true	0.131230	cantomap	false				false	general_lexicality_review	unreviewed	
1444	幼	1	8.130213	a	a:1	0.000000	jau3:1	6	61.954030	n	n:3|a:3	jau3:6	35.042122	true	0.131230	cantomap	true	700	39	jau3	false	general_lexicality_review	unreviewed	
1445	河	1	8.130213	n	n:1	0.000000	ho4:1	6	61.954030	n	n:6	ho4:6	35.042122	true	0.131230	cantomap	false				false	general_lexicality_review	unreviewed	
1446	令	6	48.781281	v	v:5|p:1	0.000000	ling6:6	2	20.651343	v	v:2	ling6:2	34.716312	true	0.423346	hkcancor	true	785	33	ling6	false	general_lexicality_review	unreviewed	
1447	作	6	48.781281	v	v:6	0.000000	zok3:6	2	20.651343	v	v:2	zok3:2	34.716312	true	0.423346	hkcancor	true	1572	13	zok3	false	general_lexicality_review	unreviewed	
1448	掹	6	48.781281	v	v:6	0.000000	mang1:4|maang1:2	2	20.651343	v	v:2	maang1:2	34.716312	true	0.423346	hkcancor	false				false	general_lexicality_review	unreviewed	
1449	撈	6	48.781281	v	v:6	0.000000	lou1:6	2	20.651343	v	v:2	laau4:2	34.716312	true	0.423346	hkcancor	true	1996	10	laau4|lou4	false	general_lexicality_review	unreviewed	
1450	攰	6	48.781281	a	a:6	0.000000	gui6:6	2	20.651343	a	a:1|x:1	gui6:2	34.716312	true	0.423346	hkcancor	true	1908	10	gui6	false	general_lexicality_review	unreviewed	
1451	是	6	48.781281	v	v:5|Dg:1	0.000000	si6:6	2	20.651343	d	d:1|Dg:1	si6:2	34.716312	true	0.423346	hkcancor	true	525	56	si6	false	general_lexicality_review	unreviewed	
1452	梁	6	48.781281	nr	nr:6	1.000000	loeng4:6	2	20.651343	nr	nr:2	loeng4:2	34.716312	true	0.423346	hkcancor	false				false	proper_name_review	unreviewed	
1453	盡	6	48.781281	d	d:3|v:2|f:1	0.000000	zeon6:6	2	20.651343	a	a:2	zeon6:2	34.716312	true	0.423346	hkcancor	true	1456	15	zeon6	false	general_lexicality_review	unreviewed	
1454	顯示	6	48.781281	vn	vn:5|v:1	0.000000	hin2si6:6	2	20.651343	vn	vn:1|Ng:1	hin2si6:2	34.716312	true	0.423346	hkcancor	true	1863	11	hin2si6	false	general_lexicality_review	unreviewed	
1455	八點鐘	2	16.260427	t	t:2	0.000000	baat3dim2zung1:2	5	51.628358	t	t:5	baat3dim2zung1:5	33.944393	true	0.314951	cantomap	false				false	general_lexicality_review	unreviewed	
1456	陣	2	16.260427	q	q:2	0.000000	zam6:2	5	51.628358	q	q:3|t:2	zan6:5	33.944393	true	0.314951	cantomap	true	126	320	zan6	false	general_lexicality_review	unreviewed	
1457	奇	7	56.911494	nr	nr:5|a:2	0.714286	kei4:7	1	10.325672	a	a:1	kei4:1	33.618583	true	0.181434	hkcancor	false				false	general_lexicality_review	unreviewed	
1458	竟然	7	56.911494	d	d:7	0.000000	ging2jin4:7	1	10.325672	d	d:1	ging2jin4:1	33.618583	true	0.181434	hkcancor	true	1442	15	ging2jin4	false	general_lexicality_review	unreviewed	
1459	色	7	56.911494	n	n:7	0.000000	sik1:7	1	10.325672	n	n:1	sik1:1	33.618583	true	0.181434	hkcancor	true	975	25	sik1	false	general_lexicality_review	unreviewed	
1460	錫	7	56.911494	v	v:7	0.000000	sek3:7	1	10.325672	v	v:1	sek3:1	33.618583	true	0.181434	hkcancor	false				false	general_lexicality_review	unreviewed	
1461	類	7	56.911494	q	q:5|n:2	0.000000	leoi6:7	1	10.325672	n	n:1	leoi6:1	33.618583	true	0.181434	hkcancor	true	1543	14	leoi6	false	general_lexicality_review	unreviewed	
1462	對面	3	24.390640	f	f:3	0.000000	deoi3min6:3	4	41.302687	f	f:3|n:1	deoi3min6:4	32.846664	true	0.590534	cantomap	true	1717	12	deoi3min6	false	general_lexicality_review	unreviewed	
1463	陣間	3	24.390640	t	t:3	0.000000	zan6gaan1:3	4	41.302687	t	t:3|a:1	zan6gaan1:4	32.846664	true	0.590534	cantomap	false				false	general_lexicality_review	unreviewed	
1464	主角	8	65.041708	n	n:8	0.000000	zyu2gok3:8	0	0.000000				32.520854	false	0.000000	hkcancor	true	1557	13	zyu2gok3	false	single_corpus_review	unreviewed	
1465	九點半	8	65.041708	t	t:8	0.000000	gau2dim2bun3:8	0	0.000000				32.520854	false	0.000000	hkcancor	false				false	single_corpus_review	unreviewed	
1466	人士	8	65.041708	n	n:8	0.000000	jan4si6:8	0	0.000000				32.520854	false	0.000000	hkcancor	true	1335	16	jan4si6	false	single_corpus_review	unreviewed	
1467	以後	8	65.041708	t	t:7|f:1	0.000000	ji5hau6:8	0	0.000000				32.520854	false	0.000000	hkcancor	true	1143	20	ji5hau6	false	single_corpus_review	unreviewed	
1468	來到	8	65.041708	v	v:7|p:1	0.000000	lai4dou3:8	0	0.000000				32.520854	false	0.000000	hkcancor	false				false	single_corpus_review	unreviewed	
1469	傻瓜機	8	65.041708	n	n:8	0.000000	so4gwaa1gei1:8	0	0.000000				32.520854	false	0.000000	hkcancor	false				false	single_corpus_review	unreviewed	
1470	出版	8	65.041708	v	v:7|vn:1	0.000000	ceot1baan2:8	0	0.000000				32.520854	false	0.000000	hkcancor	true	1748	11	ceot1baan2	false	single_corpus_review	unreviewed	
1471	創意	8	65.041708	n	n:8	0.000000	cong3ji3:8	0	0.000000				32.520854	false	0.000000	hkcancor	true	1814	11	cong3ji3	false	single_corpus_review	unreviewed	
1472	劇情	8	65.041708	n	n:8	0.000000	kek6cing4:8	0	0.000000				32.520854	false	0.000000	hkcancor	false				false	single_corpus_review	unreviewed	
1473	北京	8	65.041708	ns	ns:8	1.000000	bak1ging1:8	0	0.000000				32.520854	false	0.000000	hkcancor	false				false	proper_name_review	unreviewed	
1474	十幾	8	65.041708	m	m:8	0.000000	sap6gei2:8	0	0.000000				32.520854	false	0.000000	hkcancor	false				false	single_corpus_review	unreviewed	
1475	名牌	8	65.041708	an	an:7|n:1	0.000000	ming4paai4:8	0	0.000000				32.520854	false	0.000000	hkcancor	false				false	single_corpus_review	unreviewed	
1476	咭	8	65.041708	n	n:8	0.000000	kaat1:8	0	0.000000				32.520854	false	0.000000	hkcancor	false				false	single_corpus_review	unreviewed	
1477	唱歌	8	65.041708	v	v:8	0.000000	coeng3go1:8	0	0.000000				32.520854	false	0.000000	hkcancor	false				false	single_corpus_review	unreviewed	
1478	啡色	8	65.041708	n	n:8	0.000000	fe1sik1:8	0	0.000000				32.520854	false	0.000000	hkcancor	false				false	single_corpus_review	unreviewed	
1479	嗰次	8	65.041708	r	r:8	0.000000	go2ci3:8	0	0.000000				32.520854	false	0.000000	hkcancor	false				false	single_corpus_review	unreviewed	
1480	嚿	8	65.041708	q	q:8	0.000000	gau6:8	0	0.000000				32.520854	false	0.000000	hkcancor	false				false	single_corpus_review	unreviewed	
1481	四十五萬	8	65.041708	m	m:8	0.000000	sei3sap6ng5maan6:8	0	0.000000				32.520854	false	0.000000	hkcancor	false				false	single_corpus_review	unreviewed	
1482	妹	8	65.041708	n	n:8	0.000000	mui2:6|mui1:2	0	0.000000				32.520854	false	0.000000	hkcancor	false				false	single_corpus_review	unreviewed	
1483	寵物	8	65.041708	n	n:8	0.000000	cung2mat6:8	0	0.000000				32.520854	false	0.000000	hkcancor	false				false	single_corpus_review	unreviewed	
1484	導遊	8	65.041708	n	n:8	0.000000	dou6jau4:8	0	0.000000				32.520854	false	0.000000	hkcancor	false				false	single_corpus_review	unreviewed	
1485	巴西	8	65.041708	ns	ns:8	1.000000	baa1sai1:8	0	0.000000				32.520854	false	0.000000	hkcancor	false				false	proper_name_review	unreviewed	
1486	年紀	8	65.041708	n	n:8	0.000000	nin4gei2:8	0	0.000000				32.520854	false	0.000000	hkcancor	true	1079	22	nin4gei2	false	single_corpus_review	unreviewed	
1487	年齡	8	65.041708	n	n:8	0.000000	nin4ling4:8	0	0.000000				32.520854	false	0.000000	hkcancor	true	1906	10	nin4ling4	false	single_corpus_review	unreviewed	
1488	廣告	8	65.041708	n	n:8	0.000000	gwong2gou3:8	0	0.000000				32.520854	false	0.000000	hkcancor	true	798	33	gwong2gou3	false	single_corpus_review	unreviewed	
1489	廣東話	8	65.041708	nz	nz:8	1.000000	gwong2dung1waa2:8	0	0.000000				32.520854	false	0.000000	hkcancor	false				false	proper_name_review	unreviewed	
1490	得滯	8	65.041708	d	d:6|u:2	0.000000	dak1zai6:8	0	0.000000				32.520854	false	0.000000	hkcancor	true	1962	10	*dak1zai6	false	single_corpus_review	unreviewed	
1491	從來	8	65.041708	d	d:7|c:1	0.000000	cung4loi4:8	0	0.000000				32.520854	false	0.000000	hkcancor	true	1515	14	cung4loi4	false	single_corpus_review	unreviewed	
1492	惡	8	65.041708	a	a:8	0.000000	ok3:8	0	0.000000				32.520854	false	0.000000	hkcancor	false				false	single_corpus_review	unreviewed	
1493	慶祝	8	65.041708	v	v:8	0.000000	hing3zuk1:8	0	0.000000				32.520854	false	0.000000	hkcancor	false				false	single_corpus_review	unreviewed	
1494	成功	8	65.041708	a	a:6|an:2	0.000000	sing4gung1:8	0	0.000000				32.520854	false	0.000000	hkcancor	true	1227	18	sing4gung1	false	single_corpus_review	unreviewed	
1495	扣	8	65.041708	v	v:8	0.000000	kau3:8	0	0.000000				32.520854	false	0.000000	hkcancor	true	1569	13	kau3	false	single_corpus_review	unreviewed	
1496	抑或	8	65.041708	c	c:8	0.000000	jik1waak6:8	0	0.000000				32.520854	false	0.000000	hkcancor	true	1044	23	*jik1waak6	false	single_corpus_review	unreviewed	
1497	捉	8	65.041708	v	v:8	0.000000	zuk1:8	0	0.000000				32.520854	false	0.000000	hkcancor	true	1435	15	zuk1|zuk3	false	single_corpus_review	unreviewed	
1498	於是乎	8	65.041708	c	c:8	0.000000	jyu1si6fu4:8	0	0.000000				32.520854	false	0.000000	hkcancor	false				false	single_corpus_review	unreviewed	
1499	旅遊	8	65.041708	v	v:7|vn:1	0.000000	leoi5jau4:8	0	0.000000				32.520854	false	0.000000	hkcancor	true	1951	10	leoi5jau4	false	single_corpus_review	unreviewed	
1500	普遍	8	65.041708	a	a:8	0.000000	pou2pin3:8	0	0.000000				32.520854	false	0.000000	hkcancor	true	1820	11	pou2pin3	false	single_corpus_review	unreviewed	
1501	最多	8	65.041708	d	d:8	0.000000	zeoi3do1:8	0	0.000000				32.520854	false	0.000000	hkcancor	true	861	30	zeoi3do1	false	single_corpus_review	unreviewed	
1502	校	8	65.041708	n	n:4|v:2|Ng:2	0.000000	haau6:6|gaau3:2	0	0.000000				32.520854	false	0.000000	hkcancor	true	1792	11	haau6|gaau3	false	single_corpus_review	unreviewed	
1503	桂林	8	65.041708	ns	ns:8	1.000000	gwai3lam4:8	0	0.000000				32.520854	false	0.000000	hkcancor	false				false	proper_name_review	unreviewed	
1504	止	8	65.041708	v	v:7|a:1	0.000000	zi2:8	0	0.000000				32.520854	false	0.000000	hkcancor	true	1880	10	zi2	false	single_corpus_review	unreviewed	
1505	沖	8	65.041708	v	v:7|Vg:1	0.000000	cung1:8	0	0.000000				32.520854	false	0.000000	hkcancor	true	1414	15	cung1	false	single_corpus_review	unreviewed	
1506	消息	8	65.041708	n	n:8	0.000000	siu1sik1:8	0	0.000000				32.520854	false	0.000000	hkcancor	false				false	single_corpus_review	unreviewed	
1507	無謂	8	65.041708	a	a:8	0.000000	mou4wai6:8	0	0.000000				32.520854	false	0.000000	hkcancor	true	1976	10	mou4wai6	false	single_corpus_review	unreviewed	
1508	男	8	65.041708	b	b:8	0.000000	naam4:8	0	0.000000				32.520854	false	0.000000	hkcancor	true	1081	22	naam4	false	single_corpus_review	unreviewed	
1509	的	8	65.041708	u	u:8	0.000000	dik1:8	0	0.000000				32.520854	false	0.000000	hkcancor	true	1201	19	dik1	false	single_corpus_review	unreviewed	
1510	福利	8	65.041708	n	n:8	0.000000	fuk1lei6:8	0	0.000000				32.520854	false	0.000000	hkcancor	true	1457	15	fuk1lei6	false	single_corpus_review	unreviewed	
1511	程	8	65.041708	q	q:7|Ng:1	0.000000	cing4:8	0	0.000000				32.520854	false	0.000000	hkcancor	false				false	single_corpus_review	unreviewed	
1512	節目	8	65.041708	n	n:8	0.000000	zit3muk6:8	0	0.000000				32.520854	false	0.000000	hkcancor	true	709	39	zit3muk6	false	single_corpus_review	unreviewed	
1513	粗口	8	65.041708	n	n:8	0.000000	cou1hau2:8	0	0.000000				32.520854	false	0.000000	hkcancor	true	1808	11	cou1hau2	false	single_corpus_review	unreviewed	
1514	緊張	8	65.041708	a	a:8	0.000000	gan2zoeng1:8	0	0.000000				32.520854	false	0.000000	hkcancor	true	1024	24	gan2zoeng1	false	single_corpus_review	unreviewed	
1515	聯絡	8	65.041708	v	v:8	0.000000	lyun4lok3:8	0	0.000000				32.520854	false	0.000000	hkcancor	true	1846	11	lyun4lok3	false	single_corpus_review	unreviewed	
1516	股	8	65.041708	Ng	Ng:6|q:2	0.000000	gu2:8	0	0.000000				32.520854	false	0.000000	hkcancor	true	402	78	gu2	false	single_corpus_review	unreviewed	
1517	自然	8	65.041708	a	a:7|n:1	0.000000	zi6jin4:8	0	0.000000				32.520854	false	0.000000	hkcancor	true	1229	18	zi6jin4	false	single_corpus_review	unreviewed	
1518	船	8	65.041708	n	n:8	0.000000	syun4:8	0	0.000000				32.520854	false	0.000000	hkcancor	true	1967	10	syun4	false	single_corpus_review	unreviewed	
1519	藍籌	8	65.041708	n	n:8	0.000000	laam4cau2:8	0	0.000000				32.520854	false	0.000000	hkcancor	false				false	single_corpus_review	unreviewed	
1520	血	8	65.041708	n	n:8	0.000000	hyut3:8	0	0.000000				32.520854	false	0.000000	hkcancor	false				false	single_corpus_review	unreviewed	
1521	補	8	65.041708	Vg	Vg:7|v:1	0.000000	bou2:8	0	0.000000				32.520854	false	0.000000	hkcancor	false				false	single_corpus_review	unreviewed	
1522	謝	8	65.041708	nr	nr:8	1.000000	ze6:8	0	0.000000				32.520854	false	0.000000	hkcancor	false				false	proper_name_review	unreviewed	
1523	豬仔	8	65.041708	nr	nr:8	1.000000	zyu1zai2:8	0	0.000000				32.520854	false	0.000000	hkcancor	false				false	proper_name_review	unreviewed	
1524	贏	8	65.041708	v	v:8	0.000000	jeng4:8	0	0.000000				32.520854	false	0.000000	hkcancor	false				false	single_corpus_review	unreviewed	
1525	踢	8	65.041708	v	v:8	0.000000	tek3:8	0	0.000000				32.520854	false	0.000000	hkcancor	false				false	single_corpus_review	unreviewed	
1526	遊客	8	65.041708	n	n:8	0.000000	jau4haak3:8	0	0.000000				32.520854	false	0.000000	hkcancor	false				false	single_corpus_review	unreviewed	
1527	遊戲機	8	65.041708	n	n:8	0.000000	jau4hei3gei1:8	0	0.000000				32.520854	false	0.000000	hkcancor	false				false	single_corpus_review	unreviewed	
1528	達明	8	65.041708	nr	nr:8	1.000000	daat6ming4:8	0	0.000000				32.520854	false	0.000000	hkcancor	false				false	proper_name_review	unreviewed	
1529	鄉下	8	65.041708	n	n:4|s:4	0.000000	hoeng1haa2:8	0	0.000000				32.520854	false	0.000000	hkcancor	false				false	single_corpus_review	unreviewed	
1530	開會	8	65.041708	v	v:8	0.000000	hoi1wui2:8	0	0.000000				32.520854	false	0.000000	hkcancor	true	1980	10	hoi1wui2	false	single_corpus_review	unreviewed	
1531	阿妹	8	65.041708	n	n:8	0.000000	aa3mui2:8	0	0.000000				32.520854	false	0.000000	hkcancor	false				false	single_corpus_review	unreviewed	
1532	震	8	65.041708	v	v:4|nr:4	0.500000	zan3:8	0	0.000000				32.520854	false	0.000000	hkcancor	false				false	single_corpus_review	unreviewed	
1533	非常之	8	65.041708	d	d:7|n:1	0.000000	fei1soeng4zi1:8	0	0.000000				32.520854	false	0.000000	hkcancor	false				false	single_corpus_review	unreviewed	
1534	鮓	8	65.041708	a	a:8	0.000000	zaa2:8	0	0.000000				32.520854	false	0.000000	hkcancor	false				false	single_corpus_review	unreviewed	
1535	鼎沸	8	65.041708	a	a:8	0.000000	ding2fat6:4|ding2fai3:4	0	0.000000				32.520854	false	0.000000	hkcancor	false				false	single_corpus_review	unreviewed	
1536	龍吐珠	8	65.041708	n	n:8	0.000000	lung4tou3zyu1:8	0	0.000000				32.520854	false	0.000000	hkcancor	false				false	single_corpus_review	unreviewed	
1537	前面	4	32.520854	f	f:4	0.000000	cin4min6:4	3	30.977015	f	f:2|n:1	cin4min6:3	31.748935	true	0.952528	hkcancor	false				false	general_lexicality_review	unreviewed	
1538	十二點	4	32.520854	t	t:4	0.000000	sap6ji6dim2:4	3	30.977015	t	t:3	sap6ji6dim2:3	31.748935	true	0.952528	hkcancor	true	1640	12	sap6ji6dim2	true	known_nonatomic_or_invalid	unreviewed	
1539	地名	4	32.520854	n	n:4	0.000000	dei6meng2:4	3	30.977015	n	n:3	dei6meng2:3	31.748935	true	0.952528	hkcancor	false				false	general_lexicality_review	unreviewed	
1540	正話	4	32.520854	d	d:3|t:1	0.000000	zing3waa6:4	3	30.977015	a	a:1|t:1|d:1	zing3waa6:3	31.748935	true	0.952528	hkcancor	true	973	25	zing3waa6	false	general_lexicality_review	unreviewed	
1541	甜	4	32.520854	a	a:4	0.000000	tim4:4	3	30.977015	ns	ns:1|d:1|a:1	tim4:3	31.748935	true	0.952528	hkcancor	true	396	80	tim4	false	general_lexicality_review	unreviewed	
1542	九怨樹	0	0.000000			0.000000		6	61.954030	t	t:3|x:1|v:1|ns:1	gau2jyun3syu6:6	30.977015	false	0.000000	cantomap	false				false	single_corpus_review	unreviewed	
1543	剔	0	0.000000			0.000000		6	61.954030	v	v:4|a:2	tik1:6	30.977015	false	0.000000	cantomap	false				false	single_corpus_review	unreviewed	
1544	勇	0	0.000000			0.000000		6	61.954030	n	n:3|v:1|x:1|nr:1	jung6:6	30.977015	false	0.000000	cantomap	true	756	35	jung6	false	single_corpus_review	unreviewed	
1545	勇要會堂	0	0.000000			0.000000		6	61.954030	n	n:5|nz:1	jung5jiu3wui6tong4:6	30.977015	false	0.000000	cantomap	false				false	single_corpus_review	unreviewed	
1546	北面	0	0.000000			0.000000		6	61.954030	n	n:4|ns:1|f:1	bak1min6:6	30.977015	false	0.000000	cantomap	true	1144	20	bak1min6	false	single_corpus_review	unreviewed	
1547	受傷	0	0.000000			0.000000		6	61.954030	v	v:6	sau6soeng1:6	30.977015	false	0.000000	cantomap	false				false	single_corpus_review	unreviewed	
1548	台蛇	0	0.000000			0.000000		6	61.954030	ns	ns:4|n:2	toi4se4:6	30.977015	false	0.000000	cantomap	false				false	single_corpus_review	unreviewed	
1549	山路	0	0.000000			0.000000		6	61.954030	v	v:2|n:2|nr:1|x:1	saan1lou6:6	30.977015	false	0.000000	cantomap	true	637	44	saan1lou6	false	single_corpus_review	unreviewed	
1550	帳篷	0	0.000000			0.000000		6	61.954030	v	v:3|n:2|NZg:1	zoeng3pung4:6	30.977015	false	0.000000	cantomap	false				false	single_corpus_review	unreviewed	
1551	排煙筒	0	0.000000			0.000000		6	61.954030	v	v:4|n:2	paai4jin1tung2:6	30.977015	false	0.000000	cantomap	false				false	single_corpus_review	unreviewed	
1552	換言之	0	0.000000			0.000000		6	61.954030	d	d:4|c:1|v:1	wun6jin4zi1:6	30.977015	false	0.000000	cantomap	false				false	single_corpus_review	unreviewed	
1553	斜線	0	0.000000			0.000000		6	61.954030	n	n:6	ce4sin3:6	30.977015	false	0.000000	cantomap	false				false	single_corpus_review	unreviewed	
1554	椰	0	0.000000			0.000000		6	61.954030	n	n:5|v:1	je4:6	30.977015	false	0.000000	cantomap	true	1449	15	je4	false	single_corpus_review	unreviewed	
1555	樹葉	0	0.000000			0.000000		6	61.954030	n	n:4|v:2	syu6jip6:6	30.977015	false	0.000000	cantomap	false				false	single_corpus_review	unreviewed	
1556	濫欣	0	0.000000			0.000000		6	61.954030	x	x:2|n:2|a:1|nx:1	laam5jan1:6	30.977015	false	0.000000	cantomap	false				false	single_corpus_review	unreviewed	
1557	盡頭	0	0.000000			0.000000		6	61.954030	n	n:6	zeon6tau4:6	30.977015	false	0.000000	cantomap	false				false	single_corpus_review	unreviewed	
1558	立方體	0	0.000000			0.000000		6	61.954030	n	n:5|x:1	laap6fong1tai2:6	30.977015	false	0.000000	cantomap	false				false	single_corpus_review	unreviewed	
1559	篤	0	0.000000			0.000000		6	61.954030	n	n:2|ns:1|a:1|Nsg:1|v:1	duk1:6	30.977015	false	0.000000	cantomap	false				false	single_corpus_review	unreviewed	
1560	組成	0	0.000000			0.000000		6	61.954030	m	m:3|v:2|Ng:1	zou2sing4:6	30.977015	false	0.000000	cantomap	false				false	single_corpus_review	unreviewed	
1561	網球場	0	0.000000			0.000000		6	61.954030	n	n:6	mong5kau4coeng4:6	30.977015	false	0.000000	cantomap	false				false	single_corpus_review	unreviewed	
1562	西北面	0	0.000000			0.000000		6	61.954030	f	f:4|n:2	sai1bak1min6:6	30.977015	false	0.000000	cantomap	false				false	single_corpus_review	unreviewed	
1563	談	0	0.000000			0.000000		6	61.954030	v	v:2|n:2|x:1|vn:1	taam4:6	30.977015	false	0.000000	cantomap	true	1096	22	taam4	false	single_corpus_review	unreviewed	
1564	釘	0	0.000000			0.000000		6	61.954030	n	n:6	deng1:6	30.977015	false	0.000000	cantomap	false				false	single_corpus_review	unreviewed	
1565	頂部	0	0.000000			0.000000		6	61.954030	d	d:4|a:1|Ng:1	deng2bou6:6	30.977015	false	0.000000	cantomap	false				false	single_corpus_review	unreviewed	
1566	同樣	5	40.651067	c	c:3|a:1|d:1	0.000000	tung4joeng2:3|tung4joeng6:2	2	20.651343	l	l:1|n:1	tung4joeng6:2	30.651205	true	0.508015	hkcancor	true	1899	10	tung4joeng6	false	general_lexicality_review	unreviewed	
1567	喳	5	40.651067	y	y:5	0.000000	zaa4:5	2	20.651343	Ng	Ng:2	zaa4:2	30.651205	true	0.508015	hkcancor	false				false	general_lexicality_review	unreviewed	
1568	片	5	40.651067	n	n:4|q:1	0.000000	pin2:4|pin3:1	2	20.651343	q	q:2	pin3:2	30.651205	true	0.508015	hkcancor	true	1399	15	pin3|pin2	false	general_lexicality_review	unreviewed	
1569	突然	5	40.651067	a	a:4|d:1	0.000000	dat6jin4:5	2	20.651343	a	a:2	dat6jin4:2	30.651205	true	0.508015	hkcancor	true	561	52	dat6jin4	false	general_lexicality_review	unreviewed	
1570	總	5	40.651067	d	d:5	0.000000	zung2:5	2	20.651343	d	d:2	zung2:2	30.651205	true	0.508015	hkcancor	true	1386	16	zung2	false	general_lexicality_review	unreviewed	
1571	休閒	1	8.130213	a	a:1	0.000000	jau1haan4:1	5	51.628358	a	a:5	jau1haan4:5	29.879286	true	0.157476	cantomap	false				false	general_lexicality_review	unreviewed	
1572	公共	1	8.130213	b	b:1	0.000000	gung1gung6:1	5	51.628358	n	n:3|nr:1|a:1	gung1gung6:5	29.879286	true	0.157476	cantomap	true	638	44	gung1gung6	false	general_lexicality_review	unreviewed	
1573	剷	1	8.130213	v	v:1	0.000000	caan2:1	5	51.628358	v	v:3|n:2	caan2:5	29.879286	true	0.157476	cantomap	false				false	general_lexicality_review	unreviewed	
1574	十一點	1	8.130213	t	t:1	0.000000	sap6jat1dim2:1	5	51.628358	t	t:5	sap6jat1dim2:5	29.879286	true	0.157476	cantomap	true	1868	10	sap6jat1dim2	true	known_nonatomic_or_invalid	unreviewed	
1575	十點鐘	1	8.130213	t	t:1	0.000000	sap6dim2zung1:1	5	51.628358	t	t:5	sap6dim2zung1:5	29.879286	true	0.157476	cantomap	false				false	general_lexicality_review	unreviewed	
1576	啱啱好	1	8.130213	d	d:1	0.000000	aam1aam1hou2:1	5	51.628358	d	d:5	aam1aam1hou2:5	29.879286	true	0.157476	cantomap	false				false	general_lexicality_review	unreviewed	
1577	重疊	1	8.130213	v	v:1	0.000000	cung4dip6:1	5	51.628358	v	v:3|a:2	cung4dip6:5	29.879286	true	0.157476	cantomap	false				false	general_lexicality_review	unreviewed	
1578	之類	6	48.781281	r	r:6	0.000000	zi1leoi2:6	1	10.325672	r	r:1	zi1leoi6:1	29.553476	true	0.211673	hkcancor	true	1397	15	zi1leoi6	false	general_lexicality_review	unreviewed	
1579	佔	6	48.781281	v	v:6	0.000000	zim3:6	1	10.325672	v	v:1	zim3:1	29.553476	true	0.211673	hkcancor	true	1661	12	zim3	false	general_lexicality_review	unreviewed	
1580	偷	6	48.781281	v	v:4|d:2	0.000000	tau1:6	1	10.325672	v	v:1	tau1:1	29.553476	true	0.211673	hkcancor	false				false	general_lexicality_review	unreviewed	
1581	六點	6	48.781281	t	t:6	0.000000	luk6dim2:6	1	10.325672	t	t:1	luk6dim2:1	29.553476	true	0.211673	hkcancor	false				false	general_lexicality_review	unreviewed	
1582	形式	6	48.781281	n	n:6	0.000000	jing4sik1:6	1	10.325672	n	n:1	jing4sik1:1	29.553476	true	0.211673	hkcancor	true	1197	19	jing4sik1	false	general_lexicality_review	unreviewed	
1583	恐怖	6	48.781281	a	a:6	0.000000	hung2bou3:6	1	10.325672	a	a:1	hung2bou3:1	29.553476	true	0.211673	hkcancor	true	1434	15	hung2bou3	false	general_lexicality_review	unreviewed	
1584	盤	6	48.781281	v	v:5|q:1	0.000000	pun4:6	1	10.325672	v	v:1	pun4:1	29.553476	true	0.211673	hkcancor	false				false	general_lexicality_review	unreviewed	
1585	終於	6	48.781281	c	c:4|d:2	0.000000	zung1jyu1:6	1	10.325672	Ng	Ng:1	zung1ju1:1	29.553476	true	0.211673	hkcancor	true	1122	21	zung1jyu1	false	general_lexicality_review	unreviewed	
1586	過癮	6	48.781281	a	a:6	0.000000	gwo3jan5:6	1	10.325672	a	a:1	gwo3jan5:1	29.553476	true	0.211673	hkcancor	false				false	general_lexicality_review	unreviewed	
1587	除非	6	48.781281	c	c:6	0.000000	ceoi4fei1:6	1	10.325672	t	t:1	ceoi4fei1:1	29.553476	true	0.211673	hkcancor	true	1437	15	ceoi4fei1	false	general_lexicality_review	unreviewed	
1588	靜	6	48.781281	a	a:5|v:1	0.000000	zing6:6	1	10.325672	a	a:1	zing6:1	29.553476	true	0.211673	hkcancor	false				false	general_lexicality_review	unreviewed	
1589	黑	6	48.781281	a	a:6	0.000000	haak1:6	1	10.325672	n	n:1	haak1:1	29.553476	true	0.211673	hkcancor	true	1448	15	haak1|hak1	false	general_lexicality_review	unreviewed	
1590	一點	2	16.260427	t	t:2	0.000000	jat1dim2:2	4	41.302687	t	t:4	jat1dim2:4	28.781557	true	0.393689	cantomap	true	1334	16	jat1dim2	false	general_lexicality_review	unreviewed	
1591	仔細	2	16.260427	a	a:2	0.000000	zi2sai3:2	4	41.302687	a	a:4	zi2sai3:4	28.781557	true	0.393689	cantomap	false				false	general_lexicality_review	unreviewed	
1592	哈	2	16.260427	o	o:1|e:1	0.000000	haa1:2	4	41.302687	o	o:2|g2:1|k:1	haa1:4	28.781557	true	0.393689	cantomap	false				false	general_lexicality_review	unreviewed	
1593	建築物	2	16.260427	n	n:2	0.000000	gin3zuk1mat6:2	4	41.302687	n	n:4	gin3zuk1mat6:4	28.781557	true	0.393689	cantomap	false				false	general_lexicality_review	unreviewed	
1594	攬	2	16.260427	v	v:2	0.000000	laam2:1|laam6:1	4	41.302687	n	n:2|v:1|vn:1	laam5:4	28.781557	true	0.393689	cantomap	true	626	46	laam5	false	general_lexicality_review	unreviewed	
1595	窿	2	16.260427	Ng	Ng:1|n:1	0.000000	lung1:2	4	41.302687	n	n:4	lung4:4	28.781557	true	0.393689	cantomap	false				false	general_lexicality_review	unreviewed	
1596	肌肉	2	16.260427	n	n:2	0.000000	gei1juk6:2	4	41.302687	n	n:4	gei1juk6:4	28.781557	true	0.393689	cantomap	false				false	general_lexicality_review	unreviewed	
1597	貨倉	2	16.260427	n	n:2	0.000000	fo3cong1:2	4	41.302687	n	n:4	fo3cong1:4	28.781557	true	0.393689	cantomap	true	598	48	fo3cong1	false	general_lexicality_review	unreviewed	
1598	下次	7	56.911494	t	t:7	0.000000	haa6ci3:7	0	0.000000				28.455747	false	0.000000	hkcancor	false				false	single_corpus_review	unreviewed	
1599	五月	7	56.911494	t	t:7	0.000000	ng5jyut6:7	0	0.000000				28.455747	false	0.000000	hkcancor	true	1873	10	ng5jyut6	false	single_corpus_review	unreviewed	
1600	五點	7	56.911494	t	t:7	0.000000	ng5dim2:7	0	0.000000				28.455747	false	0.000000	hkcancor	true	1478	14	*ng5dim2	true	known_nonatomic_or_invalid	unreviewed	
1601	些少	7	56.911494	m	m:7	0.000000	se1siu2:7	0	0.000000				28.455747	false	0.000000	hkcancor	false				false	single_corpus_review	unreviewed	
1602	似乎	7	56.911494	v	v:7	0.000000	ci5fu4:7	0	0.000000				28.455747	false	0.000000	hkcancor	true	1350	16	ci5fu4	false	single_corpus_review	unreviewed	
1603	停車場	7	56.911494	n	n:7	0.000000	ting4ce1coeng4:7	0	0.000000				28.455747	false	0.000000	hkcancor	false				false	single_corpus_review	unreviewed	
1604	兔	7	56.911494	n	n:7	0.000000	tou3:7	0	0.000000				28.455747	false	0.000000	hkcancor	false				false	single_corpus_review	unreviewed	
1605	八千	7	56.911494	m	m:7	0.000000	baat3cin1:7	0	0.000000				28.455747	false	0.000000	hkcancor	false				false	single_corpus_review	unreviewed	
1606	八萬	7	56.911494	m	m:7	0.000000	baat3maan6:7	0	0.000000				28.455747	false	0.000000	hkcancor	false				false	single_corpus_review	unreviewed	
1607	冇事	7	56.911494	v	v:6|z:1	0.000000	mou5si6:7	0	0.000000				28.455747	false	0.000000	hkcancor	true	1071	22	*mou5si6	false	single_corpus_review	unreviewed	
1608	冚唪唥	7	56.911494	m	m:5|a:1|d:1	0.000000	ham6baang6laang6:7	0	0.000000				28.455747	false	0.000000	hkcancor	false				false	single_corpus_review	unreviewed	
1609	刨	7	56.911494	v	v:7	0.000000	paau4:7	0	0.000000				28.455747	false	0.000000	hkcancor	false				false	single_corpus_review	unreviewed	
1610	前嗰排	7	56.911494	t	t:5|r:2	0.000000	cin4go2paai4:7	0	0.000000				28.455747	false	0.000000	hkcancor	false				false	single_corpus_review	unreviewed	
1611	加拿大	7	56.911494	ns	ns:7	1.000000	gaa1naa4daai6:7	0	0.000000				28.455747	false	0.000000	hkcancor	false				false	proper_name_review	unreviewed	
1612	卡啦OK	7	56.911494	n	n:7	0.000000		0	0.000000				28.455747	false	0.000000	hkcancor	false				false	single_corpus_review	unreviewed	
1613	卷	7	56.911494	n	n:7	0.000000	gyun2:7	0	0.000000				28.455747	false	0.000000	hkcancor	false				false	single_corpus_review	unreviewed	
1614	只不過	7	56.911494	d	d:7	0.000000	zi2bat1gwo3:7	0	0.000000				28.455747	false	0.000000	hkcancor	true	803	32	*zi2|zek3bat1gwo3	false	single_corpus_review	unreviewed	
1615	周	7	56.911494	nr	nr:7	1.000000	zau1:7	0	0.000000				28.455747	false	0.000000	hkcancor	false				false	proper_name_review	unreviewed	
1616	商業	7	56.911494	n	n:7	0.000000	soeng1jip6:7	0	0.000000				28.455747	false	0.000000	hkcancor	true	1693	12	soeng1jip6	false	single_corpus_review	unreviewed	
1617	喪失	7	56.911494	v	v:7	0.000000	song3sat1:7	0	0.000000				28.455747	false	0.000000	hkcancor	false				false	single_corpus_review	unreviewed	
1618	壓力	7	56.911494	n	n:7	0.000000	aat3lik6:7	0	0.000000				28.455747	false	0.000000	hkcancor	true	931	27	aat3lik6	false	single_corpus_review	unreviewed	
1619	壯士	7	56.911494	n	n:7	0.000000	zong3si6:7	0	0.000000				28.455747	false	0.000000	hkcancor	false				false	single_corpus_review	unreviewed	
1620	大部份	7	56.911494	m	m:6|a:1	0.000000	daai6bou6fan6:7	0	0.000000				28.455747	false	0.000000	hkcancor	true	1037	23	daai6bou6fan6	false	single_corpus_review	unreviewed	
1621	大隻	7	56.911494	a	a:7	0.000000	daai6zek3:7	0	0.000000				28.455747	false	0.000000	hkcancor	true	1476	14	*daai6zek3	false	single_corpus_review	unreviewed	
1622	好味	7	56.911494	a	a:7	0.000000	hou2mei6:7	0	0.000000				28.455747	false	0.000000	hkcancor	true	1902	10	*hou2|hou3mei6	false	single_corpus_review	unreviewed	
1623	好飲	7	56.911494	a	a:7	0.000000	hou2jam2:7	0	0.000000				28.455747	false	0.000000	hkcancor	false				false	single_corpus_review	unreviewed	
1624	姊妹	7	56.911494	n	n:7	0.000000	zi2mui2:6|zi2mui6:1	0	0.000000				28.455747	false	0.000000	hkcancor	true	1929	10	zi2mui6|zi2mui2	false	single_corpus_review	unreviewed	
1625	家長	7	56.911494	n	n:7	0.000000	gaa1zoeng2:7	0	0.000000				28.455747	false	0.000000	hkcancor	false				false	single_corpus_review	unreviewed	
1626	寸	7	56.911494	a	a:4|q:2|v:1	0.000000	cyun3:7	0	0.000000				28.455747	false	0.000000	hkcancor	false				false	single_corpus_review	unreviewed	
1627	專業	7	56.911494	a	a:4|n:2|an:1	0.000000	zyun1jip6:7	0	0.000000				28.455747	false	0.000000	hkcancor	true	1961	10	zyun1jip6	false	single_corpus_review	unreviewed	
1628	市	7	56.911494	n	n:6|Ng:1	0.000000	si5:7	0	0.000000				28.455747	false	0.000000	hkcancor	true	972	25	si5	false	single_corpus_review	unreviewed	
1629	幫襯	7	56.911494	v	v:7	0.000000	bong1can3:7	0	0.000000				28.455747	false	0.000000	hkcancor	false				false	single_corpus_review	unreviewed	
1630	廿五	7	56.911494	m	m:7	0.000000	jaa6ng5:7	0	0.000000				28.455747	false	0.000000	hkcancor	false				false	single_corpus_review	unreviewed	
1631	徐	7	56.911494	nr	nr:7	1.000000	ceoi4:7	0	0.000000				28.455747	false	0.000000	hkcancor	false				false	proper_name_review	unreviewed	
1632	心理	7	56.911494	n	n:7	0.000000	sam1lei5:7	0	0.000000				28.455747	false	0.000000	hkcancor	true	1480	14	sam1lei5	false	single_corpus_review	unreviewed	
1633	怕	7	56.911494	v	v:7	0.000000	paa3:7	0	0.000000				28.455747	false	0.000000	hkcancor	true	1156	20	paa3	false	single_corpus_review	unreviewed	
1634	意見	7	56.911494	n	n:7	0.000000	ji3gin3:7	0	0.000000				28.455747	false	0.000000	hkcancor	true	664	42	ji3gin3	false	single_corpus_review	unreviewed	
1635	拖	7	56.911494	v	v:7	0.000000	to1:7	0	0.000000				28.455747	false	0.000000	hkcancor	true	1005	24	to1	false	single_corpus_review	unreviewed	
1636	捧	7	56.911494	v	v:7	0.000000	pung2:7	0	0.000000				28.455747	false	0.000000	hkcancor	false				false	single_corpus_review	unreviewed	
1637	搭車	7	56.911494	v	v:6|vn:1	0.000000	daap3ce1:7	0	0.000000				28.455747	false	0.000000	hkcancor	false				false	single_corpus_review	unreviewed	
1638	放棄	7	56.911494	v	v:7	0.000000	fong3hei3:7	0	0.000000				28.455747	false	0.000000	hkcancor	true	755	35	fong3hei3	false	single_corpus_review	unreviewed	
1639	數字	7	56.911494	n	n:7	0.000000	sou3zi6:7	0	0.000000				28.455747	false	0.000000	hkcancor	true	1629	13	sou3zi6	false	single_corpus_review	unreviewed	
1640	新年	7	56.911494	t	t:7	0.000000	san1nin4:7	0	0.000000				28.455747	false	0.000000	hkcancor	false				false	single_corpus_review	unreviewed	
1641	於是	7	56.911494	c	c:7	0.000000	jyu1si6:7	0	0.000000				28.455747	false	0.000000	hkcancor	true	1085	22	jyu1si6	false	single_corpus_review	unreviewed	
1642	日文	7	56.911494	nz	nz:7	1.000000	jat6man2:7	0	0.000000				28.455747	false	0.000000	hkcancor	false				false	proper_name_review	unreviewed	
1643	星期三	7	56.911494	t	t:7	0.000000	sing1kei4saam1:7	0	0.000000				28.455747	false	0.000000	hkcancor	false				false	single_corpus_review	unreviewed	
1644	星期六	7	56.911494	t	t:7	0.000000	sing1kei4luk6:7	0	0.000000				28.455747	false	0.000000	hkcancor	false				false	single_corpus_review	unreviewed	
1645	晏晝	7	56.911494	t	t:6|n:1	0.000000	aan3zau3:7	0	0.000000				28.455747	false	0.000000	hkcancor	true	1791	11	*aan3zau3	false	single_corpus_review	unreviewed	
1646	曬	7	56.911494	v	v:7	0.000000	saai3:7	0	0.000000				28.455747	false	0.000000	hkcancor	true	1472	15	saai3	false	single_corpus_review	unreviewed	
1647	曼聯	7	56.911494	nt	nt:7	1.000000	maan6lyun4:7	0	0.000000				28.455747	false	0.000000	hkcancor	false				false	proper_name_review	unreviewed	
1648	有關	7	56.911494	v	v:7	0.000000	jau5gwaan1:7	0	0.000000				28.455747	false	0.000000	hkcancor	true	1488	14	jau5gwaan1	false	single_corpus_review	unreviewed	
1649	梳打粉	7	56.911494	n	n:7	0.000000	so1daa2fan2:7	0	0.000000				28.455747	false	0.000000	hkcancor	false				false	single_corpus_review	unreviewed	
1650	殺	7	56.911494	v	v:7	0.000000	saat3:7	0	0.000000				28.455747	false	0.000000	hkcancor	true	1369	16	saat3	false	single_corpus_review	unreviewed	
1651	污糟	7	56.911494	a	a:7	0.000000	wu1zou1:7	0	0.000000				28.455747	false	0.000000	hkcancor	false				false	single_corpus_review	unreviewed	
1652	澳門	7	56.911494	ns	ns:7	1.000000	ou3mun2:7	0	0.000000				28.455747	false	0.000000	hkcancor	true	1722	12	ou3mun2	false	proper_name_review	unreviewed	
1653	煲	7	56.911494	v	v:7	0.000000	bou1:7	0	0.000000				28.455747	false	0.000000	hkcancor	false				false	single_corpus_review	unreviewed	
1654	牌費	7	56.911494	n	n:7	0.000000	paai4fai3:7	0	0.000000				28.455747	false	0.000000	hkcancor	false				false	single_corpus_review	unreviewed	
1655	牙醫	7	56.911494	n	n:7	0.000000	ngaa4ji1:7	0	0.000000				28.455747	false	0.000000	hkcancor	false				false	single_corpus_review	unreviewed	
1656	牛油	7	56.911494	n	n:7	0.000000	ngau4jau4:7	0	0.000000				28.455747	false	0.000000	hkcancor	false				false	single_corpus_review	unreviewed	
1657	犯法	7	56.911494	v	v:7	0.000000	faan6faat3:7	0	0.000000				28.455747	false	0.000000	hkcancor	false				false	single_corpus_review	unreviewed	
1658	發達	7	56.911494	v	v:5|a:2	0.000000	faat3daat6:7	0	0.000000				28.455747	false	0.000000	hkcancor	true	1977	10	faat3daat6	false	single_corpus_review	unreviewed	
1659	的確	7	56.911494	d	d:7	0.000000	dik1kok3:7	0	0.000000				28.455747	false	0.000000	hkcancor	false				false	single_corpus_review	unreviewed	
1660	瞓覺	7	56.911494	v	v:7	0.000000	fan3gaau3:7	0	0.000000				28.455747	false	0.000000	hkcancor	false				false	single_corpus_review	unreviewed	
1661	秘書	7	56.911494	n	n:7	0.000000	bei3syu1:7	0	0.000000				28.455747	false	0.000000	hkcancor	true	1594	13	bei3syu1	false	single_corpus_review	unreviewed	
1662	索償	7	56.911494	v	v:7	0.000000	sok3soeng4:7	0	0.000000				28.455747	false	0.000000	hkcancor	false				false	single_corpus_review	unreviewed	
1663	考官	7	56.911494	n	n:7	0.000000	haau2gun1:7	0	0.000000				28.455747	false	0.000000	hkcancor	false				false	single_corpus_review	unreviewed	
1664	肥仔	7	56.911494	n	n:7	0.000000	fei4zai2:7	0	0.000000				28.455747	false	0.000000	hkcancor	false				false	single_corpus_review	unreviewed	
1665	舊時	7	56.911494	t	t:6|a:1	0.000000	gau6si4:7	0	0.000000				28.455747	false	0.000000	hkcancor	false				false	single_corpus_review	unreviewed	
1666	茶	7	56.911494	n	n:7	0.000000	caa4:7	0	0.000000				28.455747	false	0.000000	hkcancor	true	1597	13	caa4	false	single_corpus_review	unreviewed	
1667	荔景	7	56.911494	ns	ns:7	1.000000	lai6ging2:7	0	0.000000				28.455747	false	0.000000	hkcancor	false				false	proper_name_review	unreviewed	
1668	蝕	7	56.911494	v	v:7	0.000000	sit6:7	0	0.000000				28.455747	false	0.000000	hkcancor	false				false	single_corpus_review	unreviewed	
1669	融	7	56.911494	nr	nr:7	1.000000	jung4:7	0	0.000000				28.455747	false	0.000000	hkcancor	false				false	proper_name_review	unreviewed	
1670	表現	7	56.911494	v	v:6|vn:1	0.000000	biu2jin6:7	0	0.000000				28.455747	false	0.000000	hkcancor	true	1784	11	biu2jin6	false	single_corpus_review	unreviewed	
1671	觀眾	7	56.911494	n	n:7	0.000000	gun1zung3:7	0	0.000000				28.455747	false	0.000000	hkcancor	false				false	single_corpus_review	unreviewed	
1672	變態	7	56.911494	a	a:5|v:2	0.000000	bin3taai3:7	0	0.000000				28.455747	false	0.000000	hkcancor	false				false	single_corpus_review	unreviewed	
1673	透過	7	56.911494	v	v:7	0.000000	tau3gwo3:7	0	0.000000				28.455747	false	0.000000	hkcancor	true	922	27	tau3gwo3	false	single_corpus_review	unreviewed	
1674	道	7	56.911494	q	q:6|Ng:1	0.000000	dou6:7	0	0.000000				28.455747	false	0.000000	hkcancor	true	1208	19	dou6	false	single_corpus_review	unreviewed	
1675	邪	7	56.911494	a	a:7	0.000000	ce4:7	0	0.000000				28.455747	false	0.000000	hkcancor	true	1773	11	ce4	false	single_corpus_review	unreviewed	
1676	醫院	7	56.911494	n	n:7	0.000000	ji1jyun2:7	0	0.000000				28.455747	false	0.000000	hkcancor	true	1537	14	ji1jyun2	false	single_corpus_review	unreviewed	
1677	鐘意	7	56.911494	v	v:7	0.000000	zung1ji3:7	0	0.000000				28.455747	false	0.000000	hkcancor	true	1272	18	zung1ji3	false	single_corpus_review	unreviewed	
1678	雞	7	56.911494	n	n:7	0.000000	gai1:7	0	0.000000				28.455747	false	0.000000	hkcancor	true	1270	18	gai1	false	single_corpus_review	unreviewed	
1679	電	7	56.911494	n	n:4|v:2|Ng:1	0.000000	din6:7	0	0.000000				28.455747	false	0.000000	hkcancor	false				false	single_corpus_review	unreviewed	
1680	韓國	7	56.911494	ns	ns:7	1.000000	hon4gwok3:7	0	0.000000				28.455747	false	0.000000	hkcancor	false				false	proper_name_review	unreviewed	
1681	題	7	56.911494	q	q:6|n:1	0.000000	tai4:7	0	0.000000				28.455747	false	0.000000	hkcancor	false				false	single_corpus_review	unreviewed	
1682	類型	7	56.911494	n	n:7	0.000000	leoi6jing4:7	0	0.000000				28.455747	false	0.000000	hkcancor	false				false	single_corpus_review	unreviewed	
1683	風氣	7	56.911494	n	n:7	0.000000	fung1hei3:7	0	0.000000				28.455747	false	0.000000	hkcancor	false				false	single_corpus_review	unreviewed	
1684	飲茶	7	56.911494	v	v:7	0.000000	jam2caa4:7	0	0.000000				28.455747	false	0.000000	hkcancor	false				false	single_corpus_review	unreviewed	
1685	餐廳	7	56.911494	n	n:7	0.000000	caan1teng1:7	0	0.000000				28.455747	false	0.000000	hkcancor	false				false	single_corpus_review	unreviewed	
1686	香港人	7	56.911494	nz	nz:7	1.000000	hoeng1gong2jan4:7	0	0.000000				28.455747	false	0.000000	hkcancor	false				false	proper_name_review	unreviewed	
1687	鬧	7	56.911494	v	v:7	0.000000	naau6:7	0	0.000000				28.455747	false	0.000000	hkcancor	true	1329	17	naau6	false	single_corpus_review	unreviewed	
1688	鴨	7	56.911494	n	n:7	0.000000	aap2:6|ngaap3:1	0	0.000000				28.455747	false	0.000000	hkcancor	false				false	single_corpus_review	unreviewed	
1689	龍珠	7	56.911494	nz	nz:4|nt:3	1.000000	lung4zyu1:7	0	0.000000				28.455747	false	0.000000	hkcancor	false				false	proper_name_review	unreviewed	
1690	出入	3	24.390640	v	v:3	0.000000	ceot1jap6:3	3	30.977015	v	v:3	ceot1jap6:3	27.683828	true	0.787379	cantomap	false				false	general_lexicality_review	unreviewed	
1691	囉	3	24.390640	y	y:3	0.000000	lo1:3	3	30.977015	n	n:1|nr:1|Ng:1	lo1:3	27.683828	true	0.787379	cantomap	true	63	790	lo1|lo3|lo4	false	general_lexicality_review	unreviewed	
1692	瀑布	3	24.390640	n	n:3	0.000000	buk6bou3:3	3	30.977015	n	n:3	buk6bou3:3	27.683828	true	0.787379	cantomap	true	399	79	buk6bou3	false	general_lexicality_review	unreviewed	
1693	目標	3	24.390640	n	n:3	0.000000	muk6biu1:3	3	30.977015	n	n:3	muk6biu1:3	27.683828	true	0.787379	cantomap	false				false	general_lexicality_review	unreviewed	
1694	記住	3	24.390640	v	v:3	0.000000	gei3zyu6:3	3	30.977015	v	v:3	gei3zyu6:3	27.683828	true	0.787379	cantomap	true	1247	18	gei3zyu6	false	general_lexicality_review	unreviewed	
1695	離	3	24.390640	v	v:3	0.000000	lei4:3	3	30.977015	v	v:3	lei4:3	27.683828	true	0.787379	cantomap	false				false	general_lexicality_review	unreviewed	
1696	骨	3	24.390640	n	n:3	0.000000	gwat1:3	3	30.977015	n	n:3	gwat1:3	27.683828	true	0.787379	cantomap	false				false	general_lexicality_review	unreviewed	
1697	不斷	4	32.520854	d	d:4	0.000000	bat1dyun6:4	2	20.651343	d	d:2	bat1tyun5:2	26.586099	true	0.635018	hkcancor	true	1396	15	bat1tyun5	false	general_lexicality_review	unreviewed	
1698	嘴	4	32.520854	n	n:4	0.000000	zeoi2:4	2	20.651343	n	n:2	zeoi2:2	26.586099	true	0.635018	hkcancor	true	1995	10	zeoi2	false	general_lexicality_review	unreviewed	
1699	堆	4	32.520854	v	v:3|q:1	0.000000	deoi1:4	2	20.651343	v	v:2	deoi1:2	26.586099	true	0.635018	hkcancor	false				false	general_lexicality_review	unreviewed	
1700	家	4	32.520854	q	q:2|Ng:1|n:1	0.000000	gaa1:4	2	20.651343	Ng	Ng:1|n:1	gaa1:2	26.586099	true	0.635018	hkcancor	true	706	39	gaa1	false	general_lexicality_review	unreviewed	
1701	射	4	32.520854	v	v:4	0.000000	se6:4	2	20.651343	n	n:1|v:1	se6:2	26.586099	true	0.635018	hkcancor	true	621	46	se6	false	general_lexicality_review	unreviewed	
1702	斬	4	32.520854	v	v:4	0.000000	zaam2:4	2	20.651343	v	v:2	zaam2:2	26.586099	true	0.635018	hkcancor	false				false	general_lexicality_review	unreviewed	
1703	番	4	32.520854	q	q:4	0.000000	faan1:4	2	20.651343	q	q:1|d:1	faan1:2	26.586099	true	0.635018	hkcancor	true	214	159	faan1	false	general_lexicality_review	unreviewed	
1704	相差	4	32.520854	v	v:4	0.000000	soeng1caa1:4	2	20.651343	v	v:1|n:1	soeng1caa1:2	26.586099	true	0.635018	hkcancor	false				false	general_lexicality_review	unreviewed	
1705	門口	4	32.520854	n	n:4	0.000000	mun4hau2:4	2	20.651343	n	n:2	mun4hau2:2	26.586099	true	0.635018	hkcancor	true	1675	12	mun4hau2	false	general_lexicality_review	unreviewed	
1706	三角	0	0.000000			0.000000		5	51.628358	n	n:5	saam1gok3:5	25.814179	false	0.000000	cantomap	false				false	single_corpus_review	unreviewed	
1707	上半	0	0.000000			0.000000		5	51.628358	m	m:2|t:2|ns:1	soeng6bun3:5	25.814179	false	0.000000	cantomap	false				false	single_corpus_review	unreviewed	
1708	不規則	0	0.000000			0.000000		5	51.628358	v	v:2|n:2|d:1	bat1kwai1zak1:5	25.814179	false	0.000000	cantomap	false				false	single_corpus_review	unreviewed	
1709	凸	0	0.000000			0.000000		5	51.628358	a	a:2|n:1|v:1|d:1	dat6:5	25.814179	false	0.000000	cantomap	false				false	single_corpus_review	unreviewed	
1710	右上	0	0.000000			0.000000		5	51.628358	d	d:3|f:2	jau6soeng6:5	25.814179	false	0.000000	cantomap	true	592	48	jau6soeng6	true	known_nonatomic_or_invalid	unreviewed	
1711	向下	0	0.000000			0.000000		5	51.628358	q	q:2|f:1|Nsg:1|x:1	hoeng3haa6:5	25.814179	false	0.000000	cantomap	false				false	single_corpus_review	unreviewed	
1712	善	0	0.000000			0.000000		5	51.628358	x	x:2|Ig:1|n:1|f:1	sin6:5	25.814179	false	0.000000	cantomap	true	204	167	sin6	false	single_corpus_review	unreviewed	
1713	圓拱	0	0.000000			0.000000		5	51.628358	n	n:4|v:1	jun4gung2:5	25.814179	false	0.000000	cantomap	false				false	single_corpus_review	unreviewed	
1714	堡壘	0	0.000000			0.000000		5	51.628358	v	v:4|n:1	bou2leoi5:5	25.814179	false	0.000000	cantomap	false				false	single_corpus_review	unreviewed	
1715	尖尖	0	0.000000			0.000000		5	51.628358	n	n:3|ns:2	zim1zim1:5	25.814179	false	0.000000	cantomap	false				false	single_corpus_review	unreviewed	
1716	尖端	0	0.000000			0.000000		5	51.628358	n	n:3|d:1|Ng:1	zim1dyun1:5	25.814179	false	0.000000	cantomap	false				false	single_corpus_review	unreviewed	
1717	尚	0	0.000000			0.000000		5	51.628358	n	n:2|ns:2|v:1	soeng6:5	25.814179	false	0.000000	cantomap	true	1084	22	soeng6	false	single_corpus_review	unreviewed	
1718	幻想	0	0.000000			0.000000		5	51.628358	v	v:5	waan6soeng2:5	25.814179	false	0.000000	cantomap	false				false	single_corpus_review	unreviewed	
1719	廟	0	0.000000			0.000000		5	51.628358	n	n:4|Ng:1	miu6:5	25.814179	false	0.000000	cantomap	true	238	149	miu6	false	single_corpus_review	unreviewed	
1720	形成	0	0.000000			0.000000		5	51.628358	v	v:5	jing4sing4:5	25.814179	false	0.000000	cantomap	false				false	single_corpus_review	unreviewed	
1721	微微	0	0.000000			0.000000		5	51.628358	n	n:3|a:1|x:1	mei4mei4:5	25.814179	false	0.000000	cantomap	false				false	single_corpus_review	unreviewed	
1722	怨	0	0.000000			0.000000		5	51.628358	n	n:4|Ng:1	jun3:5	25.814179	false	0.000000	cantomap	true	440	69	jyun3	false	single_corpus_review	unreviewed	
1723	描述	0	0.000000			0.000000		5	51.628358	v	v:5	miu4seot6:5	25.814179	false	0.000000	cantomap	false				false	single_corpus_review	unreviewed	
1724	擁腰沙	0	0.000000			0.000000		5	51.628358	n	n:3|d:1|v:1	jung2jiu1saa1:5	25.814179	false	0.000000	cantomap	false				false	single_corpus_review	unreviewed	
1725	擰夏店	0	0.000000			0.000000		5	51.628358	n	n:3|v:2	ning2haa6dim3:5	25.814179	false	0.000000	cantomap	false				false	single_corpus_review	unreviewed	
1726	暖燕	0	0.000000			0.000000		5	51.628358	v	v:2|n:2|d:1	lyun5jin3:5	25.814179	false	0.000000	cantomap	false				false	single_corpus_review	unreviewed	
1727	梯形	0	0.000000			0.000000		5	51.628358	n	n:5	tai1jing4:5	25.814179	false	0.000000	cantomap	false				false	single_corpus_review	unreviewed	
1728	濫印	0	0.000000			0.000000		5	51.628358	v	v:4|n:1	laam5jan3:5	25.814179	false	0.000000	cantomap	false				false	single_corpus_review	unreviewed	
1729	煙火	0	0.000000			0.000000		5	51.628358	v	v:3|n:2	jin1fo2:5	25.814179	false	0.000000	cantomap	false				false	single_corpus_review	unreviewed	
1730	礦	0	0.000000			0.000000		5	51.628358	n	n:5	kwong3:5	25.814179	false	0.000000	cantomap	true	765	35	kwong3|gwong3	false	single_corpus_review	unreviewed	
1731	航	0	0.000000			0.000000		5	51.628358	n	n:2|v:2|a:1	hong4:5	25.814179	false	0.000000	cantomap	true	1119	21	hong4	false	single_corpus_review	unreviewed	
1732	轉角	0	0.000000			0.000000		5	51.628358	n	n:4|v:1	zyun3gok3:5	25.814179	false	0.000000	cantomap	false				false	single_corpus_review	unreviewed	
1733	連接	0	0.000000			0.000000		5	51.628358	v	v:3|n:2	lin4zip3:5	25.814179	false	0.000000	cantomap	false				false	single_corpus_review	unreviewed	
1734	韻𡃁	0	0.000000			0.000000		5	51.628358	n	n:2|q:1|d:1|v:1	wan5leng1:5	25.814179	false	0.000000	cantomap	false				false	single_corpus_review	unreviewed	
1735	頂端	0	0.000000			0.000000		5	51.628358	n	n:2|a:1|Ng:1|d:1	ding2dyun1:5	25.814179	false	0.000000	cantomap	false				false	single_corpus_review	unreviewed	
1736	點鐘	0	0.000000			0.000000		5	51.628358	q	q:3|r:2	dim2zung1:5	25.814179	false	0.000000	cantomap	true	227	154	dim2zung1	false	single_corpus_review	unreviewed	
1737	𤗈	0	0.000000			0.000000		5	51.628358	vu	vu:1|u:1|v:1|n:1|y1:1	sip3:5	25.814179	false	0.000000	cantomap	false				false	single_corpus_review	unreviewed	
1738	事實	5	40.651067	n	n:5	0.000000	si6sat6:5	1	10.325672	n	n:1	si6sat6:1	25.488370	true	0.254007	hkcancor	true	1082	22	si6sat6	false	general_lexicality_review	unreviewed	
1739	何	5	40.651067	nr	nr:5	1.000000	ho4:5	1	10.325672	nr	nr:1	ho4:1	25.488370	true	0.254007	hkcancor	true	1412	15	ho4	false	proper_name_review	unreviewed	
1740	修	5	40.651067	v	v:5	0.000000	sau1:5	1	10.325672	n	n:1	sau1:1	25.488370	true	0.254007	hkcancor	false				false	general_lexicality_review	unreviewed	
1741	傷	5	40.651067	v	v:5	0.000000	soeng1:5	1	10.325672	n	n:1	soeng1:1	25.488370	true	0.254007	hkcancor	false				false	general_lexicality_review	unreviewed	
1742	兩點	5	40.651067	t	t:5	0.000000	loeng5dim2:5	1	10.325672	q	q:1	loeng5dim2:1	25.488370	true	0.254007	hkcancor	true	1775	11	loeng5dim2	true	known_nonatomic_or_invalid	unreviewed	
1743	冇所謂	5	40.651067	v	v:4|l1:1	0.000000	mou5so2wai6:5	1	10.325672	v	v:1	mou5so2wai6:1	25.488370	true	0.254007	hkcancor	true	1342	16	mou5so2wai6	false	general_lexicality_review	unreviewed	
1744	園	5	40.651067	n	n:5	0.000000	jyun4:5	1	10.325672	n	n:1	jun4:1	25.488370	true	0.254007	hkcancor	true	146	265	jyun4	false	general_lexicality_review	unreviewed	
1745	小	5	40.651067	a	a:4|jb:1	0.000000	siu2:5	1	10.325672	a	a:1	siu2:1	25.488370	true	0.254007	hkcancor	true	477	62	siu2	false	general_lexicality_review	unreviewed	
1746	效果	5	40.651067	n	n:5	0.000000	haau6gwo2:5	1	10.325672	n	n:1	haau6gwo2:1	25.488370	true	0.254007	hkcancor	true	442	69	haau6gwo2	false	general_lexicality_review	unreviewed	
1747	方式	5	40.651067	n	n:5	0.000000	fong1sik1:5	1	10.325672	n	n:1	fong1sik1:1	25.488370	true	0.254007	hkcancor	true	967	25	fong1sik1	false	general_lexicality_review	unreviewed	
1748	求	5	40.651067	v	v:5	0.000000	kau4:5	1	10.325672	v	v:1	kau4:1	25.488370	true	0.254007	hkcancor	false				false	general_lexicality_review	unreviewed	
1749	答案	5	40.651067	n	n:5	0.000000	daap3on3:5	1	10.325672	n	n:1	daap3on3:1	25.488370	true	0.254007	hkcancor	true	1445	15	daap3on3	false	general_lexicality_review	unreviewed	
1750	蛋糕	5	40.651067	n	n:5	0.000000	daan6gou1:5	1	10.325672	n	n:1	daan6gou1:1	25.488370	true	0.254007	hkcancor	false				false	general_lexicality_review	unreviewed	
1751	蝦	5	40.651067	n	n:5	0.000000	haa1:5	1	10.325672	n	n:1	haa1:1	25.488370	true	0.254007	hkcancor	false				false	general_lexicality_review	unreviewed	
1752	行為	5	40.651067	n	n:5	0.000000	hang4wai4:5	1	10.325672	n	n:1	hang6wai4:1	25.488370	true	0.254007	hkcancor	true	770	34	hang6wai4	false	general_lexicality_review	unreviewed	
1753	踩	5	40.651067	v	v:5	0.000000	caai2:5	1	10.325672	v	v:1	caai2:1	25.488370	true	0.254007	hkcancor	true	1839	11	caai2	false	general_lexicality_review	unreviewed	
1754	重新	1	8.130213	d	d:1	0.000000	cung4san1:1	4	41.302687	n	n:1|a:1|d:1|v:1	cung4san1:4	24.716450	true	0.196845	cantomap	true	1429	15	cung4san1	false	general_lexicality_review	unreviewed	
1755	三萬	6	48.781281	m	m:6	0.000000	saam1maan6:6	0	0.000000				24.390640	false	0.000000	hkcancor	false				false	single_corpus_review	unreviewed	
1756	不停	6	48.781281	v	v:5|d:1	0.000000	bat1ting4:6	0	0.000000				24.390640	false	0.000000	hkcancor	false				false	single_corpus_review	unreviewed	
1757	世界	6	48.781281	n	n:6	0.000000	sai3gaai3:6	0	0.000000				24.390640	false	0.000000	hkcancor	true	591	48	sai3gaai3	false	single_corpus_review	unreviewed	
1758	中層	6	48.781281	n	n:4|b:2	0.000000	zung1cang4:6	0	0.000000				24.390640	false	0.000000	hkcancor	false				false	single_corpus_review	unreviewed	
1759	九七	6	48.781281	t	t:6	0.000000	gau2cat1:6	0	0.000000				24.390640	false	0.000000	hkcancor	false				false	single_corpus_review	unreviewed	
1760	九龍	6	48.781281	ns	ns:6	1.000000	gau2lung4:6	0	0.000000				24.390640	false	0.000000	hkcancor	false				false	proper_name_review	unreviewed	
1761	五十	6	48.781281	m	m:6	0.000000	ng5sap6:6	0	0.000000				24.390640	false	0.000000	hkcancor	false				false	single_corpus_review	unreviewed	
1762	人手	6	48.781281	n	n:6	0.000000	jan4sau2:6	0	0.000000				24.390640	false	0.000000	hkcancor	false				false	single_corpus_review	unreviewed	
1763	任	6	48.781281	v	v:5|nr:1	0.166667	jam6:6	0	0.000000				24.390640	false	0.000000	hkcancor	true	1287	17	jam6	false	single_corpus_review	unreviewed	
1764	作文	6	48.781281	v	v:6	0.000000	zok3man2:6	0	0.000000				24.390640	false	0.000000	hkcancor	false				false	single_corpus_review	unreviewed	
1765	傳	6	48.781281	v	v:5|Ng:1	0.000000	cyun4:6	0	0.000000				24.390640	false	0.000000	hkcancor	true	1981	10	cyun4|zyun6	false	single_corpus_review	unreviewed	
1766	傳媒	6	48.781281	n	n:6	0.000000	cyun4mui4:6	0	0.000000				24.390640	false	0.000000	hkcancor	true	1982	10	cyun4mui4	false	single_corpus_review	unreviewed	
1767	傷殘	6	48.781281	a	a:6	0.000000	soeng1caan4:6	0	0.000000				24.390640	false	0.000000	hkcancor	false				false	single_corpus_review	unreviewed	
1768	冇用	6	48.781281	a	a:6	0.000000	mou5jung6:6	0	0.000000				24.390640	false	0.000000	hkcancor	true	1398	15	mou5jung6	false	single_corpus_review	unreviewed	
1769	冊	6	48.781281	q	q:6	0.000000	caak3:6	0	0.000000				24.390640	false	0.000000	hkcancor	false				false	single_corpus_review	unreviewed	
1770	出名	6	48.781281	a	a:6	0.000000	ceot1meng2:6	0	0.000000				24.390640	false	0.000000	hkcancor	false				false	single_corpus_review	unreviewed	
1771	副	6	48.781281	b	b:5|q:1	0.000000	fu3:6	0	0.000000				24.390640	false	0.000000	hkcancor	true	1959	10	fu3	false	single_corpus_review	unreviewed	
1772	力	6	48.781281	n	n:6	0.000000	lik6:6	0	0.000000				24.390640	false	0.000000	hkcancor	true	1070	22	lik6	false	single_corpus_review	unreviewed	
1773	區	6	48.781281	n	n:6	0.000000	keoi1:6	0	0.000000				24.390640	false	0.000000	hkcancor	true	1365	16	keoi1|au1	false	single_corpus_review	unreviewed	
1774	千祈	6	48.781281	d	d:6	0.000000	cin1kei4:6	0	0.000000				24.390640	false	0.000000	hkcancor	true	1737	11	*cin1kei4	false	single_corpus_review	unreviewed	
1775	印尼	6	48.781281	ns	ns:6	1.000000	jan3nei4:6	0	0.000000				24.390640	false	0.000000	hkcancor	false				false	proper_name_review	unreviewed	
1776	危機	6	48.781281	n	n:6	0.000000	ngai4gei1:6	0	0.000000				24.390640	false	0.000000	hkcancor	false				false	single_corpus_review	unreviewed	
1777	參加	6	48.781281	v	v:6	0.000000	caam1gaa1:6	0	0.000000				24.390640	false	0.000000	hkcancor	false				false	single_corpus_review	unreviewed	
1778	友	6	48.781281	n	n:6	0.000000	jau2:6	0	0.000000				24.390640	false	0.000000	hkcancor	false				false	single_corpus_review	unreviewed	
1779	可憐	6	48.781281	a	a:6	0.000000	ho2lin4:6	0	0.000000				24.390640	false	0.000000	hkcancor	true	1888	10	ho2lin4	false	single_corpus_review	unreviewed	
1780	唔錯	6	48.781281	a	a:6	0.000000	m4co3:6	0	0.000000				24.390640	false	0.000000	hkcancor	true	1592	13	*m4co3	false	single_corpus_review	unreviewed	
1781	單	6	48.781281	n	n:3|q:2|Ng:1	0.000000	daan1:6	0	0.000000				24.390640	false	0.000000	hkcancor	true	1124	21	daan1	false	single_corpus_review	unreviewed	
1782	單位	6	48.781281	n	n:6	0.000000	daan1wai2:6	0	0.000000				24.390640	false	0.000000	hkcancor	true	1973	10	daan1wai2	false	single_corpus_review	unreviewed	
1783	嘗試	6	48.781281	v	v:5|vn:1	0.000000	soeng4si3:6	0	0.000000				24.390640	false	0.000000	hkcancor	true	1623	13	soeng4si3	false	single_corpus_review	unreviewed	
1784	嚴重	6	48.781281	a	a:6	0.000000	jim4zung6:6	0	0.000000				24.390640	false	0.000000	hkcancor	true	1859	11	jim4zung6	false	single_corpus_review	unreviewed	
1785	四千	6	48.781281	m	m:6	0.000000	sei3cin1:6	0	0.000000				24.390640	false	0.000000	hkcancor	false				false	single_corpus_review	unreviewed	
1786	四萬	6	48.781281	m	m:6	0.000000	sei3maan6:6	0	0.000000				24.390640	false	0.000000	hkcancor	false				false	single_corpus_review	unreviewed	
1787	基督徒	6	48.781281	n	n:6	0.000000	gei1duk1tou4:6	0	0.000000				24.390640	false	0.000000	hkcancor	false				false	single_corpus_review	unreviewed	
1788	夏天	6	48.781281	t	t:6	0.000000	haa6tin1:6	0	0.000000				24.390640	false	0.000000	hkcancor	false				false	single_corpus_review	unreviewed	
1789	大個	6	48.781281	a	a:6	0.000000	daai6go3:6	0	0.000000				24.390640	false	0.000000	hkcancor	true	747	35	*daai6go3	false	single_corpus_review	unreviewed	
1790	大鑊	6	48.781281	a	a:5|n:1	0.000000	daai6wok6:6	0	0.000000				24.390640	false	0.000000	hkcancor	false				false	single_corpus_review	unreviewed	
1791	好揾	6	48.781281	a	a:6	0.000000	hou2wan2:6	0	0.000000				24.390640	false	0.000000	hkcancor	false				false	single_corpus_review	unreviewed	
1792	媽咪	6	48.781281	n	n:6	0.000000	maa1mi4:6	0	0.000000				24.390640	false	0.000000	hkcancor	true	1526	14	maa1mi4	false	single_corpus_review	unreviewed	
1793	子欣	6	48.781281	nr	nr:6	1.000000	zi2jan1:6	0	0.000000				24.390640	false	0.000000	hkcancor	false				false	proper_name_review	unreviewed	
1794	孭	6	48.781281	v	v:6	0.000000	me1:6	0	0.000000				24.390640	false	0.000000	hkcancor	true	1950	10	*?	false	single_corpus_review	unreviewed	
1795	家庭	6	48.781281	n	n:6	0.000000	gaa1ting4:6	0	0.000000				24.390640	false	0.000000	hkcancor	false				false	single_corpus_review	unreviewed	
1796	少華	6	48.781281	nr	nr:6	1.000000	siu3waa4:6	0	0.000000				24.390640	false	0.000000	hkcancor	false				false	proper_name_review	unreviewed	
1797	年年	6	48.781281	q	q:6	0.000000	nin4nin4:6	0	0.000000				24.390640	false	0.000000	hkcancor	false				false	single_corpus_review	unreviewed	
1798	廣州	6	48.781281	ns	ns:6	1.000000	gwong2zau1:6	0	0.000000				24.390640	false	0.000000	hkcancor	false				false	proper_name_review	unreviewed	
1799	廿四	6	48.781281	m	m:6	0.000000	jaa6sei3:6	0	0.000000				24.390640	false	0.000000	hkcancor	false				false	single_corpus_review	unreviewed	
1800	式	6	48.781281	k	k:6	0.000000	sik1:6	0	0.000000				24.390640	false	0.000000	hkcancor	true	1907	10	sik1	false	single_corpus_review	unreviewed	
1801	影相	6	48.781281	v	v:6	0.000000	jing2soeng2:6	0	0.000000				24.390640	false	0.000000	hkcancor	false				false	single_corpus_review	unreviewed	
1802	心機	6	48.781281	n	n:6	0.000000	sam1gei1:6	0	0.000000				24.390640	false	0.000000	hkcancor	false				false	single_corpus_review	unreviewed	
1803	慧君	6	48.781281	nr	nr:6	1.000000	wai6gwan1:6	0	0.000000				24.390640	false	0.000000	hkcancor	false				false	proper_name_review	unreviewed	
1804	懶	6	48.781281	a	a:6	0.000000	laan5:6	0	0.000000				24.390640	false	0.000000	hkcancor	false				false	single_corpus_review	unreviewed	
1805	戇居	6	48.781281	a	a:6	0.000000	ngong6geoi1:6	0	0.000000				24.390640	false	0.000000	hkcancor	false				false	single_corpus_review	unreviewed	
1806	手提	6	48.781281	b	b:5|a:1	0.000000	sau2tai4:6	0	0.000000				24.390640	false	0.000000	hkcancor	false				false	single_corpus_review	unreviewed	
1807	掛住	6	48.781281	v	v:6	0.000000	gwaa3zyu6:6	0	0.000000				24.390640	false	0.000000	hkcancor	true	951	26	*gwaa3zyu6	false	single_corpus_review	unreviewed	
1808	探	6	48.781281	v	v:6	0.000000	taam3:6	0	0.000000				24.390640	false	0.000000	hkcancor	false				false	single_corpus_review	unreviewed	
1809	接觸	6	48.781281	v	v:6	0.000000	zip3zuk1:6	0	0.000000				24.390640	false	0.000000	hkcancor	true	1800	11	zip3zuk1	false	single_corpus_review	unreviewed	
1810	揦	6	48.781281	v	v:6	0.000000	laa2:6	0	0.000000				24.390640	false	0.000000	hkcancor	false				false	single_corpus_review	unreviewed	
1811	搽	6	48.781281	v	v:6	0.000000	caa4:6	0	0.000000				24.390640	false	0.000000	hkcancor	false				false	single_corpus_review	unreviewed	
1812	擺落	6	48.781281	v	v:6	0.000000	baai2lok6:6	0	0.000000				24.390640	false	0.000000	hkcancor	false				false	single_corpus_review	unreviewed	
1813	曳	6	48.781281	a	a:6	0.000000	jai5:6	0	0.000000				24.390640	false	0.000000	hkcancor	false				false	single_corpus_review	unreviewed	
1814	書展	6	48.781281	n	n:6	0.000000	syu1zin2:6	0	0.000000				24.390640	false	0.000000	hkcancor	false				false	single_corpus_review	unreviewed	
1815	最初	6	48.781281	t	t:6	0.000000	zeoi3co1:6	0	0.000000				24.390640	false	0.000000	hkcancor	false				false	single_corpus_review	unreviewed	
1816	朗拿度	6	48.781281	nr	nr:6	1.000000	long5naa4dou6:6	0	0.000000				24.390640	false	0.000000	hkcancor	false				false	proper_name_review	unreviewed	
1817	朝	6	48.781281	t	t:3|Tg:1|q:1|n:1	0.000000	ziu1:6	0	0.000000				24.390640	false	0.000000	hkcancor	false				false	single_corpus_review	unreviewed	
1818	朱	6	48.781281	nr	nr:6	1.000000	zyu1:6	0	0.000000				24.390640	false	0.000000	hkcancor	false				false	proper_name_review	unreviewed	
1819	核	6	48.781281	n	n:6	0.000000	wat6:6	0	0.000000				24.390640	false	0.000000	hkcancor	false				false	single_corpus_review	unreviewed	
1820	橫掂	6	48.781281	d	d:4|c:2	0.000000	waang4dim6:6	0	0.000000				24.390640	false	0.000000	hkcancor	false				false	single_corpus_review	unreviewed	
1821	次次	6	48.781281	q	q:4|r:2	0.000000	ci3ci3:6	0	0.000000				24.390640	false	0.000000	hkcancor	false				false	single_corpus_review	unreviewed	
1822	淡	6	48.781281	a	a:6	0.000000	taam5:4|daam6:2	0	0.000000				24.390640	false	0.000000	hkcancor	false				false	single_corpus_review	unreviewed	
1823	烏蠅	6	48.781281	n	n:6	0.000000	wu1jing1:6	0	0.000000				24.390640	false	0.000000	hkcancor	false				false	single_corpus_review	unreviewed	
1824	照顧	6	48.781281	v	v:6	0.000000	ziu3gu3:6	0	0.000000				24.390640	false	0.000000	hkcancor	true	1621	13	ziu3gu3	false	single_corpus_review	unreviewed	
1825	爭啲	6	48.781281	d	d:5|v:1	0.000000	zaang1di1:6	0	0.000000				24.390640	false	0.000000	hkcancor	false				false	single_corpus_review	unreviewed	
1826	牛柳	6	48.781281	n	n:6	0.000000	ngau4lau5:6	0	0.000000				24.390640	false	0.000000	hkcancor	false				false	single_corpus_review	unreviewed	
1827	男朋友	6	48.781281	n	n:6	0.000000	naam4pang4jau5:6	0	0.000000				24.390640	false	0.000000	hkcancor	true	487	61	naam4pang4jau5	false	single_corpus_review	unreviewed	
1828	發炎	6	48.781281	v	v:6	0.000000	faat3jim4:6	0	0.000000				24.390640	false	0.000000	hkcancor	false				false	single_corpus_review	unreviewed	
1829	睇戲	6	48.781281	v	v:6	0.000000	tai2hei3:6	0	0.000000				24.390640	false	0.000000	hkcancor	false				false	single_corpus_review	unreviewed	
1830	碧咸	6	48.781281	nr	nr:6	1.000000	bik1haam4:6	0	0.000000				24.390640	false	0.000000	hkcancor	false				false	proper_name_review	unreviewed	
1831	科大	6	48.781281	jnt	jnt:3|jnz:3	0.000000	fo1daai6:6	0	0.000000				24.390640	false	0.000000	hkcancor	false				false	single_corpus_review	unreviewed	
1832	秘書台	6	48.781281	n	n:6	0.000000	bei3syu1toi4:6	0	0.000000				24.390640	false	0.000000	hkcancor	false				false	single_corpus_review	unreviewed	
1833	穩定	6	48.781281	a	a:6	0.000000	wan2ding6:6	0	0.000000				24.390640	false	0.000000	hkcancor	true	1857	11	wan2ding6	false	single_corpus_review	unreviewed	
1834	第二啲	6	48.781281	r	r:6	0.000000	dai6ji6di1:6	0	0.000000				24.390640	false	0.000000	hkcancor	false				false	single_corpus_review	unreviewed	
1835	絕對	6	48.781281	d	d:4|a:2	0.000000	zyut6deoi3:6	0	0.000000				24.390640	false	0.000000	hkcancor	true	907	28	zyut6deoi3	false	single_corpus_review	unreviewed	
1836	經典	6	48.781281	a	a:6	0.000000	ging1din2:6	0	0.000000				24.390640	false	0.000000	hkcancor	false				false	single_corpus_review	unreviewed	
1837	總言之	6	48.781281	d	d:6	0.000000	zung2jin4zi1:6	0	0.000000				24.390640	false	0.000000	hkcancor	false				false	single_corpus_review	unreviewed	
1838	缺點	6	48.781281	n	n:6	0.000000	kyut3dim2:6	0	0.000000				24.390640	false	0.000000	hkcancor	false				false	single_corpus_review	unreviewed	
1839	自從	6	48.781281	p	p:6	0.000000	zi6cung4:6	0	0.000000				24.390640	false	0.000000	hkcancor	true	1768	11	zi6cung4	false	single_corpus_review	unreviewed	
1840	至到	6	48.781281	p	p:5|n:1	0.000000	zi3dou3:6	0	0.000000				24.390640	false	0.000000	hkcancor	false				false	single_corpus_review	unreviewed	
1841	薯仔	6	48.781281	n	n:6	0.000000	syu4zai2:6	0	0.000000				24.390640	false	0.000000	hkcancor	false				false	single_corpus_review	unreviewed	
1842	行業	6	48.781281	n	n:6	0.000000	hong4jip6:6	0	0.000000				24.390640	false	0.000000	hkcancor	true	1489	14	hong4jip6	false	single_corpus_review	unreviewed	
1843	行街	6	48.781281	v	v:6	0.000000	haang4gaai1:6	0	0.000000				24.390640	false	0.000000	hkcancor	false				false	single_corpus_review	unreviewed	
1844	裝	6	48.781281	v	v:6	0.000000	zong1:6	0	0.000000				24.390640	false	0.000000	hkcancor	false				false	single_corpus_review	unreviewed	
1845	褸	6	48.781281	n	n:6	0.000000	lau1:6	0	0.000000				24.390640	false	0.000000	hkcancor	false				false	single_corpus_review	unreviewed	
1846	計數	6	48.781281	v	v:6	0.000000	gai3sou3:6	0	0.000000				24.390640	false	0.000000	hkcancor	false				false	single_corpus_review	unreviewed	
1847	記者	6	48.781281	n	n:6	0.000000	gei3ze2:6	0	0.000000				24.390640	false	0.000000	hkcancor	false				false	single_corpus_review	unreviewed	
1848	識得	6	48.781281	v	v:6	0.000000	sik1dak1:6	0	0.000000				24.390640	false	0.000000	hkcancor	false				false	single_corpus_review	unreviewed	
1849	賠	6	48.781281	v	v:6	0.000000	pui4:6	0	0.000000				24.390640	false	0.000000	hkcancor	true	1180	20	pui4	false	single_corpus_review	unreviewed	
1850	賢	6	48.781281	nr	nr:6	1.000000	jin4:6	0	0.000000				24.390640	false	0.000000	hkcancor	false				false	proper_name_review	unreviewed	
1851	贊成	6	48.781281	v	v:6	0.000000	zaan3sing4:6	0	0.000000				24.390640	false	0.000000	hkcancor	true	1471	15	zaan3sing4	false	single_corpus_review	unreviewed	
1852	逼	6	48.781281	v	v:6	0.000000	bik1:6	0	0.000000				24.390640	false	0.000000	hkcancor	false				false	single_corpus_review	unreviewed	
1853	鋼線	6	48.781281	n	n:6	0.000000	gong3sin2:6	0	0.000000				24.390640	false	0.000000	hkcancor	false				false	single_corpus_review	unreviewed	
1854	鍾	6	48.781281	nr	nr:4|Vg:1|g1:1	0.666667	zung1:6	0	0.000000				24.390640	false	0.000000	hkcancor	false				false	single_corpus_review	unreviewed	
1855	雀仔	6	48.781281	n	n:6	0.000000	zoek3zai2:6	0	0.000000				24.390640	false	0.000000	hkcancor	true	1372	16	*zoek3zai2|zi2	false	single_corpus_review	unreviewed	
1856	雀仔街	6	48.781281	ns	ns:6	1.000000	zoek3zai2gaai1:6	0	0.000000				24.390640	false	0.000000	hkcancor	false				false	proper_name_review	unreviewed	
1857	雜誌	6	48.781281	n	n:6	0.000000	zaap6zi3:6	0	0.000000				24.390640	false	0.000000	hkcancor	false				false	single_corpus_review	unreviewed	
1858	電視台	6	48.781281	n	n:6	0.000000	din6si6toi4:6	0	0.000000				24.390640	false	0.000000	hkcancor	false				false	single_corpus_review	unreviewed	
1859	面前	6	48.781281	f	f:4|n:1|s:1	0.000000	min6cin4:6	0	0.000000				24.390640	false	0.000000	hkcancor	true	1589	13	min6cin4	false	single_corpus_review	unreviewed	
1860	面對	6	48.781281	v	v:6	0.000000	min6deoi3:6	0	0.000000				24.390640	false	0.000000	hkcancor	true	826	31	min6deoi3	false	single_corpus_review	unreviewed	
1861	頭痛	6	48.781281	a	a:3|n:3	0.000000	tau4tung3:6	0	0.000000				24.390640	false	0.000000	hkcancor	false				false	single_corpus_review	unreviewed	
1862	題目	6	48.781281	n	n:6	0.000000	tai4muk6:6	0	0.000000				24.390640	false	0.000000	hkcancor	false				false	single_corpus_review	unreviewed	
1863	餅	6	48.781281	q	q:6	0.000000	beng2:6	0	0.000000				24.390640	false	0.000000	hkcancor	false				false	single_corpus_review	unreviewed	
1864	首日封	6	48.781281	n	n:6	0.000000	sau2jat6fung1:6	0	0.000000				24.390640	false	0.000000	hkcancor	false				false	single_corpus_review	unreviewed	
1865	鬼馬	6	48.781281	a	a:6	0.000000	gwai2maa5:6	0	0.000000				24.390640	false	0.000000	hkcancor	false				false	single_corpus_review	unreviewed	
1866	默書	6	48.781281	v	v:4|vn:2	0.000000	mak6syu1:6	0	0.000000				24.390640	false	0.000000	hkcancor	false				false	single_corpus_review	unreviewed	
1867	𡁜	6	48.781281	y	y:6	0.000000	wo5:6	0	0.000000				24.390640	false	0.000000	hkcancor	false				false	single_corpus_review	unreviewed	
1868	三分二	2	16.260427	m	m:2	0.000000	saam1fan6ji6:2	3	30.977015	m	m:3	saam1fan6ji6:3	23.618721	true	0.524919	cantomap	false				false	general_lexicality_review	unreviewed	
1869	其	2	16.260427	Dg	Dg:1|r:1	0.000000	kei4:2	3	30.977015	c	c:1|n:1|a:1	kei4:3	23.618721	true	0.524919	cantomap	true	1004	24	kei4	false	general_lexicality_review	unreviewed	
1870	同時	2	16.260427	d	d:2	0.000000	tung4si4:2	3	30.977015	d	d:2|p:1	tung4si4:3	23.618721	true	0.524919	cantomap	true	1898	10	tung4si4	false	general_lexicality_review	unreviewed	
1871	四點	2	16.260427	t	t:2	0.000000	sei3dim2:2	3	30.977015	t	t:2|n:1	sei3dim2:3	23.618721	true	0.524919	cantomap	false				false	general_lexicality_review	unreviewed	
1872	手頭上	2	16.260427	s	s:2	0.000000	sau2tau4soeng6:2	3	30.977015	n	n:2|d:1	sau2tau4soeng6:3	23.618721	true	0.524919	cantomap	false				false	general_lexicality_review	unreviewed	
1873	物體	2	16.260427	n	n:2	0.000000	mat6tai2:2	3	30.977015	n	n:3	mat6tai2:3	23.618721	true	0.524919	cantomap	false				false	general_lexicality_review	unreviewed	
1874	第三	2	16.260427	m	m:2	0.000000	dai6saam1:2	3	30.977015	m	m:3	dai6saam1:3	23.618721	true	0.524919	cantomap	false				false	general_lexicality_review	unreviewed	
1875	級	2	16.260427	q	q:1|n:1	0.000000	kap1:2	3	30.977015	n	n:3	kap1:3	23.618721	true	0.524919	cantomap	false				false	general_lexicality_review	unreviewed	
1876	者	2	16.260427	n	n:2	0.000000	ze2:2	3	30.977015	n	n:3	ze2:3	23.618721	true	0.524919	cantomap	true	643	44	ze2	false	general_lexicality_review	unreviewed	
1877	肚臍	2	16.260427	n	n:2	0.000000	tou5ci4:2	3	30.977015	n	n:3	tou5ci4:3	23.618721	true	0.524919	cantomap	false				false	general_lexicality_review	unreviewed	
1878	資訊	2	16.260427	n	n:2	0.000000	zi1seon3:2	3	30.977015	n	n:3	zi1seon3:3	23.618721	true	0.524919	cantomap	true	1380	16	zi1seon3	false	general_lexicality_review	unreviewed	
1879	青	2	16.260427	a	a:2	0.000000	ceng1:2	3	30.977015	a	a:2|d:1	cing1:3	23.618721	true	0.524919	cantomap	false				false	general_lexicality_review	unreviewed	
1880	一邊	3	24.390640	d	d:3	0.000000	jat1bin1:3	2	20.651343	d	d:1|r:1	jat1bin1:2	22.520992	true	0.846691	hkcancor	true	1865	10	jat1bin1	false	general_lexicality_review	unreviewed	
1881	哥	3	24.390640	n	n:3	0.000000	go1:3	2	20.651343	n	n:2	go1:2	22.520992	true	0.846691	hkcancor	false				false	general_lexicality_review	unreviewed	
1882	廁所	3	24.390640	n	n:3	0.000000	ci3so2:3	2	20.651343	n	n:2	ci3so2:2	22.520992	true	0.846691	hkcancor	false				false	general_lexicality_review	unreviewed	
1883	清	3	24.390640	a	a:2|v:1	0.000000	cing1:3	2	20.651343	a	a:1|Ng:1	cing1:2	22.520992	true	0.846691	hkcancor	true	1802	11	cing1	false	general_lexicality_review	unreviewed	
1884	疊	3	24.390640	q	q:2|Ag:1	0.000000	daap6:3	2	20.651343	v	v:2	dip6:2	22.520992	true	0.846691	hkcancor	false				false	general_lexicality_review	unreviewed	
1885	盆	3	24.390640	q	q:3	0.000000	pun4:3	2	20.651343	n	n:1|Vg:1	pun4:2	22.520992	true	0.846691	hkcancor	true	811	32	pun4	false	general_lexicality_review	unreviewed	
1886	聚	3	24.390640	v	v:3	0.000000	zeoi6:3	2	20.651343	v	v:2	zeoi6:2	22.520992	true	0.846691	hkcancor	false				false	general_lexicality_review	unreviewed	
1887	除	3	24.390640	v	v:3	0.000000	ceoi4:3	2	20.651343	v	v:2	ceoi4:2	22.520992	true	0.846691	hkcancor	true	690	40	ceoi4	false	general_lexicality_review	unreviewed	
1888	十九	4	32.520854	m	m:4	0.000000	sap6gau2:4	1	10.325672	m	m:1	sap6gau2:1	21.423263	true	0.317509	hkcancor	false				false	general_lexicality_review	unreviewed	
1889	增加	4	32.520854	v	v:4	0.000000	zang1gaa1:4	1	10.325672	v	v:1	zang1gaa1:1	21.423263	true	0.317509	hkcancor	true	1628	13	zang1gaa1	false	general_lexicality_review	unreviewed	
1890	招	4	32.520854	n	n:4	0.000000	ziu1:4	1	10.325672	n	n:1	ziu1:1	21.423263	true	0.317509	hkcancor	false				false	general_lexicality_review	unreviewed	
1891	推	4	32.520854	v	v:4	0.000000	teoi1:4	1	10.325672	v	v:1	teoi1:1	21.423263	true	0.317509	hkcancor	false				false	general_lexicality_review	unreviewed	
1892	游	4	32.520854	v	v:4	0.000000	jau4:4	1	10.325672	v	v:1	jau4:1	21.423263	true	0.317509	hkcancor	false				false	general_lexicality_review	unreviewed	
1893	目的	4	32.520854	n	n:4	0.000000	muk6dik1:4	1	10.325672	n	n:1	muk6dik1:1	21.423263	true	0.317509	hkcancor	true	1564	13	muk6dik1	false	general_lexicality_review	unreviewed	
1894	處理	4	32.520854	v	v:4	0.000000	cyu5lei5:4	1	10.325672	v	v:1	cyu2lei5:1	21.423263	true	0.317509	hkcancor	true	1123	21	cyu2lei5	false	general_lexicality_review	unreviewed	
1895	角度	4	32.520854	n	n:4	0.000000	gok3dou6:4	1	10.325672	n	n:1	gok3dou6:1	21.423263	true	0.317509	hkcancor	true	1494	14	gok3dou6	false	general_lexicality_review	unreviewed	
1896	鎖	4	32.520854	v	v:4	0.000000	so2:4	1	10.325672	v	v:1	so2:1	21.423263	true	0.317509	hkcancor	false				false	general_lexicality_review	unreviewed	
1897	陪	4	32.520854	v	v:4	0.000000	pui4:4	1	10.325672	v	v:1	pui4:1	21.423263	true	0.317509	hkcancor	true	334	99	pui4	false	general_lexicality_review	unreviewed	
1898	陰	4	32.520854	n	n:4	0.000000	jam1:4	1	10.325672	n	n:1	jam1:1	21.423263	true	0.317509	hkcancor	true	1972	10	jam1	false	general_lexicality_review	unreviewed	
1899	刪	0	0.000000			0.000000		4	41.302687	v	v:3|a:1	saan1:4	20.651343	false	0.000000	cantomap	false				false	single_corpus_review	unreviewed	
1900	刪減	0	0.000000			0.000000		4	41.302687	v	v:4	saan1gaam2:4	20.651343	false	0.000000	cantomap	false				false	single_corpus_review	unreviewed	
1901	勇腰	0	0.000000			0.000000		4	41.302687	n	n:2|v:1|d:1	jung5jiu1:4	20.651343	false	0.000000	cantomap	false				false	single_corpus_review	unreviewed	
1902	台蛇茅	0	0.000000			0.000000		4	41.302687	q	q:2|n:1|ns:1	toi4se4maau4:4	20.651343	false	0.000000	cantomap	false				false	single_corpus_review	unreviewed	
1903	咪住	0	0.000000			0.000000		4	41.302687	u	u:2|v:2	mai2zyu6:4	20.651343	false	0.000000	cantomap	false				false	single_corpus_review	unreviewed	
1904	哂	0	0.000000			0.000000		4	41.302687	Ng	Ng:2|a:1|nr:1	saai3:4	20.651343	false	0.000000	cantomap	false				false	single_corpus_review	unreviewed	
1905	哇	0	0.000000			0.000000		4	41.302687	v	v:3|n:1	waa1:4	20.651343	false	0.000000	cantomap	false				false	single_corpus_review	unreviewed	
1906	啦	0	0.000000			0.000000		4	41.302687	v	v:2|a:1|Ng:1	laa1:2|lat1:1|laam1:1	20.651343	false	0.000000	cantomap	true	36	1262	laa1|laa3	false	single_corpus_review	unreviewed	
1907	善貧	0	0.000000			0.000000		4	41.302687	v	v:2|ns:1|n:1	sin6pan4:4	20.651343	false	0.000000	cantomap	false				false	single_corpus_review	unreviewed	
1908	四方	0	0.000000			0.000000		4	41.302687	n	n:3|m:1	sei3fong1:4	20.651343	false	0.000000	cantomap	false				false	single_corpus_review	unreviewed	
1909	四點半	0	0.000000			0.000000		4	41.302687	t	t:4	sei3dim2bun3:4	20.651343	false	0.000000	cantomap	false				false	single_corpus_review	unreviewed	
1910	圓圈	0	0.000000			0.000000		4	41.302687	n	n:4	jun4hyun1:4	20.651343	false	0.000000	cantomap	false				false	single_corpus_review	unreviewed	
1911	土	0	0.000000			0.000000		4	41.302687	d	d:1|q:1|Ng:1|n:1	tou2:4	20.651343	false	0.000000	cantomap	false				false	single_corpus_review	unreviewed	
1912	墓	0	0.000000			0.000000		4	41.302687	n	n:2|nr:1|d:1	mou6:4	20.651343	false	0.000000	cantomap	true	1131	21	mou6	false	single_corpus_review	unreviewed	
1913	好像	0	0.000000			0.000000		4	41.302687	a	a:4	hou2zoeng6:4	20.651343	false	0.000000	cantomap	false				false	single_corpus_review	unreviewed	
1914	害怕	0	0.000000			0.000000		4	41.302687	v	v:4	hoi6paa3:4	20.651343	false	0.000000	cantomap	false				false	single_corpus_review	unreviewed	
1915	對不起	0	0.000000			0.000000		4	41.302687	v	v:1|u:1|q:1|p:1	deoi3bat1hei2:4	20.651343	false	0.000000	cantomap	false				false	single_corpus_review	unreviewed	
1916	對摺	0	0.000000			0.000000		4	41.302687	n	n:3|v:1	deoi3zip3:4	20.651343	false	0.000000	cantomap	false				false	single_corpus_review	unreviewed	
1917	左下	0	0.000000			0.000000		4	41.302687	f	f:3|x:1	zo2haa6:4	20.651343	false	0.000000	cantomap	true	1281	17	zo2haa6	true	known_nonatomic_or_invalid	unreviewed	
1918	彎曲	0	0.000000			0.000000		4	41.302687	v	v:3|n:1	waan1kuk1:4	20.651343	false	0.000000	cantomap	false				false	single_corpus_review	unreviewed	
1919	拋物線	0	0.000000			0.000000		4	41.302687	n	n:2|v:1|u:1	paau1mat6sin3:4	20.651343	false	0.000000	cantomap	false				false	single_corpus_review	unreviewed	
1920	揭開	0	0.000000			0.000000		4	41.302687	v	v:4	kit3hoi1:4	20.651343	false	0.000000	cantomap	false				false	single_corpus_review	unreviewed	
1921	搵𡃁塔	0	0.000000			0.000000		4	41.302687	n	n:2|ns:1|Ng:1	wan2leng1taap3:4	20.651343	false	0.000000	cantomap	false				false	single_corpus_review	unreviewed	
1922	擁腰	0	0.000000			0.000000		4	41.302687	n	n:3|v:1	jung2jiu1:4	20.651343	false	0.000000	cantomap	false				false	single_corpus_review	unreviewed	
1923	擦	0	0.000000			0.000000		4	41.302687	v	v:2|n:1|Ng:1	caat3:4	20.651343	false	0.000000	cantomap	false				false	single_corpus_review	unreviewed	
1924	枉囉	0	0.000000			0.000000		4	41.302687	n	n:2|v:1|a:1	wong2lo1:4	20.651343	false	0.000000	cantomap	false				false	single_corpus_review	unreviewed	
1925	棚帳	0	0.000000			0.000000		4	41.302687	t	t:1|v:1|a:1|n:1	pang4zoeng3:4	20.651343	false	0.000000	cantomap	false				false	single_corpus_review	unreviewed	
1926	椰子	0	0.000000			0.000000		4	41.302687	n	n:2|nr:1|q:1	je4zi2:4	20.651343	false	0.000000	cantomap	false				false	single_corpus_review	unreviewed	
1927	汗	0	0.000000			0.000000		4	41.302687	n	n:2|a:1|Ng:1	hon6:4	20.651343	false	0.000000	cantomap	true	357	89	hon6|hon4|hong6	false	single_corpus_review	unreviewed	
1928	漠	0	0.000000			0.000000		4	41.302687	n	n:2|v:1|d:1	mok6:4	20.651343	false	0.000000	cantomap	false				false	single_corpus_review	unreviewed	
1929	瀡	0	0.000000			0.000000		4	41.302687	v	v:3|a:1	soe4:4	20.651343	false	0.000000	cantomap	false				false	single_corpus_review	unreviewed	
1930	然	0	0.000000			0.000000		4	41.302687	a	a:1|x:1|v:1|d:1	jin4:4	20.651343	false	0.000000	cantomap	true	91	483	jin4	false	single_corpus_review	unreviewed	
1931	盛磅	0	0.000000			0.000000		4	41.302687	n	n:3|ns:1	sing4bong4:4	20.651343	false	0.000000	cantomap	false				false	single_corpus_review	unreviewed	
1932	禮堂	0	0.000000			0.000000		4	41.302687	n	n:2|x:1|nr:1	lai5tong4:4	20.651343	false	0.000000	cantomap	true	409	76	lai5tong4	false	single_corpus_review	unreviewed	
1933	空地	0	0.000000			0.000000		4	41.302687	n	n:4	hung1dei6:4	20.651343	false	0.000000	cantomap	false				false	single_corpus_review	unreviewed	
1934	耳	0	0.000000			0.000000		4	41.302687	n	n:4	ji5:4	20.651343	false	0.000000	cantomap	false				false	single_corpus_review	unreviewed	
1935	萄	0	0.000000			0.000000		4	41.302687	n	n:4	tou4:4	20.651343	false	0.000000	cantomap	false				false	single_corpus_review	unreviewed	
1936	裡面	0	0.000000			0.000000		4	41.302687	f	f:3|a:1	leoi5min6:4	20.651343	false	0.000000	cantomap	false				false	single_corpus_review	unreviewed	
1937	谷歌	0	0.000000			0.000000		4	41.302687	nr	nr:1|n:1|r:1|v:1	guk1go1:4	20.651343	false	0.000000	cantomap	false				false	single_corpus_review	unreviewed	
1938	豉	0	0.000000			0.000000		4	41.302687	xv	xv:1|n:1|nr:1|Ng:1	si6:4	20.651343	false	0.000000	cantomap	false				false	single_corpus_review	unreviewed	
1939	賀受山	0	0.000000			0.000000		4	41.302687	n	n:3|x:1	ho6sau6saan1:4	20.651343	false	0.000000	cantomap	false				false	single_corpus_review	unreviewed	
1940	跨	0	0.000000			0.000000		4	41.302687	v	v:4	kwaa3:4	20.651343	false	0.000000	cantomap	false				false	single_corpus_review	unreviewed	
1941	部分	0	0.000000			0.000000		4	41.302687	n	n:4	bou6fan6:4	20.651343	false	0.000000	cantomap	false				false	single_corpus_review	unreviewed	
1942	錐	0	0.000000			0.000000		4	41.302687	n	n:4	zeoi1:4	20.651343	false	0.000000	cantomap	false				false	single_corpus_review	unreviewed	
1943	開始點	0	0.000000			0.000000		4	41.302687	t	t:4	hoi1ci2dim2:4	20.651343	false	0.000000	cantomap	false				false	single_corpus_review	unreviewed	
1944	間尺	0	0.000000			0.000000		4	41.302687	n	n:3|q:1	gaan3cek2:4	20.651343	false	0.000000	cantomap	false				false	single_corpus_review	unreviewed	
1945	陪提	0	0.000000			0.000000		4	41.302687	v	v:3|a:1	pui4tai4:4	20.651343	false	0.000000	cantomap	false				false	single_corpus_review	unreviewed	
1946	陶排	0	0.000000			0.000000		4	41.302687	t	t:3|x:1	tou4paai4:4	20.651343	false	0.000000	cantomap	false				false	single_corpus_review	unreviewed	
1947	音韻	0	0.000000			0.000000		4	41.302687	v	v:3|n:1	jam1wan6:4	20.651343	false	0.000000	cantomap	false				false	single_corpus_review	unreviewed	
1948	體	0	0.000000			0.000000		4	41.302687	n	n:4	tai2:4	20.651343	false	0.000000	cantomap	true	933	27	tai2	false	single_corpus_review	unreviewed	
1949	鼻子	0	0.000000			0.000000		4	41.302687	nr	nr:3|n:1	bei6zi2:4	20.651343	false	0.000000	cantomap	false				false	single_corpus_review	unreviewed	
1950	㗳	5	40.651067	v	v:5	0.000000	dep1:4|daap1:1	0	0.000000				20.325534	false	0.000000	hkcancor	false				false	single_corpus_review	unreviewed	
1951	一來	5	40.651067	c	c:3|m:1|d:1	0.000000	jat1loi4:5	0	0.000000				20.325534	false	0.000000	hkcancor	false				false	single_corpus_review	unreviewed	
1952	一啲啲	5	40.651067	r	r:5	0.000000	jat1di1di1:5	0	0.000000				20.325534	false	0.000000	hkcancor	false				false	single_corpus_review	unreviewed	
1953	一心	5	40.651067	d	d:5	0.000000	jat1sam1:5	0	0.000000				20.325534	false	0.000000	hkcancor	false				false	single_corpus_review	unreviewed	
1954	一早	5	40.651067	t	t:4|d:1	0.000000	jat1zou2:5	0	0.000000				20.325534	false	0.000000	hkcancor	false				false	single_corpus_review	unreviewed	
1955	七十八	5	40.651067	m	m:5	0.000000	cat1sap6baat3:5	0	0.000000				20.325534	false	0.000000	hkcancor	false				false	single_corpus_review	unreviewed	
1956	上市	5	40.651067	v	v:5	0.000000	soeng5si5:5	0	0.000000				20.325534	false	0.000000	hkcancor	true	964	25	soeng5si5	false	single_corpus_review	unreviewed	
1957	不妨	5	40.651067	d	d:5	0.000000	bat1fong4:5	0	0.000000				20.325534	false	0.000000	hkcancor	false				false	single_corpus_review	unreviewed	
1958	中醫	5	40.651067	n	n:5	0.000000	zung1ji1:5	0	0.000000				20.325534	false	0.000000	hkcancor	true	1551	13	zung1ji1	false	single_corpus_review	unreviewed	
1959	之下	5	40.651067	f	f:5	0.000000	zi1haa6:5	0	0.000000				20.325534	false	0.000000	hkcancor	true	915	27	zi1haa6	false	single_corpus_review	unreviewed	
1960	之中	5	40.651067	f	f:5	0.000000	zi1zung1:5	0	0.000000				20.325534	false	0.000000	hkcancor	true	1552	13	zi1zung1	false	single_corpus_review	unreviewed	
1961	五千幾	5	40.651067	m	m:5	0.000000	ng5cin1gei2:5	0	0.000000				20.325534	false	0.000000	hkcancor	false				false	single_corpus_review	unreviewed	
1962	五百五十八	5	40.651067	m	m:5	0.000000	ng5baak3ng5sap6baat3:5	0	0.000000				20.325534	false	0.000000	hkcancor	false				false	single_corpus_review	unreviewed	
1963	五點半	5	40.651067	t	t:5	0.000000	ng5dim2bun3:5	0	0.000000				20.325534	false	0.000000	hkcancor	false				false	single_corpus_review	unreviewed	
1964	人情	5	40.651067	n	n:5	0.000000	jan4cing4:5	0	0.000000				20.325534	false	0.000000	hkcancor	false				false	single_corpus_review	unreviewed	
1965	今朝	5	40.651067	t	t:5	0.000000	gam1ziu1:5	0	0.000000				20.325534	false	0.000000	hkcancor	false				false	single_corpus_review	unreviewed	
1966	代表	5	40.651067	v	v:5	0.000000	doi6biu2:5	0	0.000000				20.325534	false	0.000000	hkcancor	true	640	44	doi6biu2	false	single_corpus_review	unreviewed	
1967	以來	5	40.651067	f	f:3|d:2	0.000000	ji5lai4:5	0	0.000000				20.325534	false	0.000000	hkcancor	false				false	single_corpus_review	unreviewed	
1968	任天堂	5	40.651067	nz	nz:5	1.000000	jam6tin1tong4:5	0	0.000000				20.325534	false	0.000000	hkcancor	false				false	proper_name_review	unreviewed	
1969	佳	5	40.651067	a	a:5	0.000000	gaai1:5	0	0.000000				20.325534	false	0.000000	hkcancor	false				false	single_corpus_review	unreviewed	
1970	來電	5	40.651067	vn	vn:4|v:1	0.000000	loi4din6:5	0	0.000000				20.325534	false	0.000000	hkcancor	false				false	single_corpus_review	unreviewed	
1971	例子	5	40.651067	n	n:5	0.000000	lai6zi2:5	0	0.000000				20.325534	false	0.000000	hkcancor	true	1154	20	lai6zi2	false	single_corpus_review	unreviewed	
1972	個半	5	40.651067	m	m:5	0.000000	go3bun3:5	0	0.000000				20.325534	false	0.000000	hkcancor	false				false	single_corpus_review	unreviewed	
1973	借書	5	40.651067	v	v:5	0.000000	ze3syu1:5	0	0.000000				20.325534	false	0.000000	hkcancor	false				false	single_corpus_review	unreviewed	
1974	值得	5	40.651067	v	v:5	0.000000	zik6dak1:5	0	0.000000				20.325534	false	0.000000	hkcancor	true	1160	20	zik6dak1	false	single_corpus_review	unreviewed	
1975	假期	5	40.651067	n	n:5	0.000000	gaa3kei4:5	0	0.000000				20.325534	false	0.000000	hkcancor	false				false	single_corpus_review	unreviewed	
1976	健康	5	40.651067	a	a:2|n:2|an:1	0.000000	gin6hong1:5	0	0.000000				20.325534	false	0.000000	hkcancor	true	1796	11	gin6hong1	false	single_corpus_review	unreviewed	
1977	內容	5	40.651067	n	n:5	0.000000	noi6jung4:5	0	0.000000				20.325534	false	0.000000	hkcancor	true	1645	12	noi6jung4	false	single_corpus_review	unreviewed	
1978	全裸	5	40.651067	n	n:5	0.000000	cyun4lo2:5	0	0.000000				20.325534	false	0.000000	hkcancor	false				false	single_corpus_review	unreviewed	
1979	八十	5	40.651067	m	m:5	0.000000	baat3sap6:5	0	0.000000				20.325534	false	0.000000	hkcancor	false				false	single_corpus_review	unreviewed	
1980	八成	5	40.651067	m	m:5	0.000000	baat3sing4:5	0	0.000000				20.325534	false	0.000000	hkcancor	false				false	single_corpus_review	unreviewed	
1981	公平	5	40.651067	a	a:5	0.000000	gung1ping4:5	0	0.000000				20.325534	false	0.000000	hkcancor	true	1341	16	gung1ping4	false	single_corpus_review	unreviewed	
1982	冚	5	40.651067	v	v:5	0.000000	kam2:5	0	0.000000				20.325534	false	0.000000	hkcancor	false				false	single_corpus_review	unreviewed	
1983	冠軍	5	40.651067	b	b:4|n:1	0.000000	gun3gwan1:5	0	0.000000				20.325534	false	0.000000	hkcancor	false				false	single_corpus_review	unreviewed	
1984	冷	5	40.651067	a	a:4|Ng:1	0.000000	laang5:5	0	0.000000				20.325534	false	0.000000	hkcancor	false				false	single_corpus_review	unreviewed	
1985	凱婷	5	40.651067	nr	nr:5	1.000000	hoi2ting4:5	0	0.000000				20.325534	false	0.000000	hkcancor	false				false	proper_name_review	unreviewed	
1986	勤力	5	40.651067	a	a:5	0.000000	kan4lik6:5	0	0.000000				20.325534	false	0.000000	hkcancor	false				false	single_corpus_review	unreviewed	
1987	包括	5	40.651067	v	v:5	0.000000	baau1kut3:5	0	0.000000				20.325534	false	0.000000	hkcancor	true	732	36	baau1kut3	false	single_corpus_review	unreviewed	
1988	化	5	40.651067	k	k:3|Vg:2	0.000000	faa3:5	0	0.000000				20.325534	false	0.000000	hkcancor	true	750	35	faa3	false	single_corpus_review	unreviewed	
1989	受到	5	40.651067	v	v:5	0.000000	sau6dou3:5	0	0.000000				20.325534	false	0.000000	hkcancor	true	1298	17	sau6dou3	false	single_corpus_review	unreviewed	
1990	古仔	5	40.651067	n	n:5	0.000000	gu2zai2:5	0	0.000000				20.325534	false	0.000000	hkcancor	false				false	single_corpus_review	unreviewed	
1991	吔	5	40.651067	e	e:4|y:1	0.000000	jaa3:5	0	0.000000				20.325534	false	0.000000	hkcancor	true	307	108	jaa3	false	single_corpus_review	unreviewed	
1992	和記	5	40.651067	nt	nt:5	1.000000	wo4gei3:5	0	0.000000				20.325534	false	0.000000	hkcancor	false				false	proper_name_review	unreviewed	
1993	哩排	5	40.651067	r	r:4|t:1	0.000000	ni1paai4:4|ni1pai2:1	0	0.000000				20.325534	false	0.000000	hkcancor	false				false	single_corpus_review	unreviewed	
1994	唯一	5	40.651067	a	a:3|b:2	0.000000	wai4jat1:5	0	0.000000				20.325534	false	0.000000	hkcancor	true	1797	11	wai4jat1	false	single_corpus_review	unreviewed	
1995	唱片	5	40.651067	n	n:5	0.000000	coeng3pin2:5	0	0.000000				20.325534	false	0.000000	hkcancor	true	1798	11	coeng3pin2	false	single_corpus_review	unreviewed	
1996	單人	5	40.651067	b	b:4|n:1	0.000000	daan1jan4:5	0	0.000000				20.325534	false	0.000000	hkcancor	false				false	single_corpus_review	unreviewed	
1997	單車	5	40.651067	n	n:5	0.000000	daan1ce1:5	0	0.000000				20.325534	false	0.000000	hkcancor	false				false	single_corpus_review	unreviewed	
1998	嗰頭	5	40.651067	r	r:5	0.000000	go2tau4:5	0	0.000000				20.325534	false	0.000000	hkcancor	false				false	single_corpus_review	unreviewed	
1999	因素	5	40.651067	n	n:5	0.000000	jan1sou3:5	0	0.000000				20.325534	false	0.000000	hkcancor	false				false	single_corpus_review	unreviewed	
2000	在	5	40.651067	p	p:5	0.000000	zoi6:5	0	0.000000				20.325534	false	0.000000	hkcancor	true	1759	11	zoi6	false	single_corpus_review	unreviewed	
2001	型號	5	40.651067	n	n:5	0.000000	jing4hou6:5	0	0.000000				20.325534	false	0.000000	hkcancor	false				false	single_corpus_review	unreviewed	
2002	報告	5	40.651067	vn	vn:5	0.000000	bou3gou3:5	0	0.000000				20.325534	false	0.000000	hkcancor	true	1698	12	bou3gou3	false	single_corpus_review	unreviewed	
2003	多瑪	5	40.651067	nr	nr:5	1.000000	do1maa5:5	0	0.000000				20.325534	false	0.000000	hkcancor	false				false	proper_name_review	unreviewed	
2004	大單	5	40.651067	a	a:5	0.000000	daai6daan1:5	0	0.000000				20.325534	false	0.000000	hkcancor	false				false	single_corpus_review	unreviewed	
2005	太太	5	40.651067	n	n:5	0.000000	taai3taai2:5	0	0.000000				20.325534	false	0.000000	hkcancor	true	1555	13	taai3taai2	false	single_corpus_review	unreviewed	
2006	太嫲	5	40.651067	n	n:5	0.000000	taai3maa4:5	0	0.000000				20.325534	false	0.000000	hkcancor	false				false	single_corpus_review	unreviewed	
2007	失控	5	40.651067	v	v:5	0.000000	sat1hung3:5	0	0.000000				20.325534	false	0.000000	hkcancor	false				false	single_corpus_review	unreviewed	
2008	套摺	5	40.651067	n	n:5	0.000000	tou3zip3:5	0	0.000000				20.325534	false	0.000000	hkcancor	false				false	single_corpus_review	unreviewed	
2009	奧運會	5	40.651067	nz	nz:4|n:1	0.800000	ou3wan6wui2:5	0	0.000000				20.325534	false	0.000000	hkcancor	false				false	proper_name_review	unreviewed	
2010	好嘢	5	40.651067	a	a:4|an:1	0.000000	hou2je5:5	0	0.000000				20.325534	false	0.000000	hkcancor	false				false	single_corpus_review	unreviewed	
2011	威	5	40.651067	a	a:5	0.000000	wai1:5	0	0.000000				20.325534	false	0.000000	hkcancor	false				false	single_corpus_review	unreviewed	
2012	威爾斯	5	40.651067	nt	nt:5	1.000000	wai1ji5si1:5	0	0.000000				20.325534	false	0.000000	hkcancor	false				false	proper_name_review	unreviewed	
2013	嬲	5	40.651067	v	v:5	0.000000	nau1:5	0	0.000000				20.325534	false	0.000000	hkcancor	false				false	single_corpus_review	unreviewed	
2014	子陵	5	40.651067	nr	nr:5	1.000000	zi2ling4:5	0	0.000000				20.325534	false	0.000000	hkcancor	false				false	proper_name_review	unreviewed	
2015	宇宙	5	40.651067	n	n:5	0.000000	jyu5zau6:5	0	0.000000				20.325534	false	0.000000	hkcancor	false				false	single_corpus_review	unreviewed	
2016	官司	5	40.651067	n	n:5	0.000000	gun1si1:5	0	0.000000				20.325534	false	0.000000	hkcancor	false				false	single_corpus_review	unreviewed	
2017	尖沙咀	5	40.651067	ns	ns:5	1.000000	zim1saa1zeoi2:5	0	0.000000				20.325534	false	0.000000	hkcancor	false				false	proper_name_review	unreviewed	
2018	就係	5	40.651067	d	d:5	0.000000	zau6hai6:5	0	0.000000				20.325534	false	0.000000	hkcancor	false				false	single_corpus_review	unreviewed	
2019	展堂	5	40.651067	nr	nr:5	1.000000	zin2tong4:5	0	0.000000				20.325534	false	0.000000	hkcancor	false				false	proper_name_review	unreviewed	
2020	山度士	5	40.651067	nr	nr:5	1.000000	saan1dou6si2:5	0	0.000000				20.325534	false	0.000000	hkcancor	false				false	proper_name_review	unreviewed	
2021	工人	5	40.651067	n	n:5	0.000000	gung1jan4:5	0	0.000000				20.325534	false	0.000000	hkcancor	true	1738	11	gung1jan4	false	single_corpus_review	unreviewed	
2022	市民	5	40.651067	n	n:5	0.000000	si5man4:5	0	0.000000				20.325534	false	0.000000	hkcancor	true	1225	18	si5man4	false	single_corpus_review	unreviewed	
2023	幾廿	5	40.651067	m	m:5	0.000000	gei2jaa6:5	0	0.000000				20.325534	false	0.000000	hkcancor	false				false	single_corpus_review	unreviewed	
2024	幾萬	5	40.651067	m	m:5	0.000000	gei2maan6:5	0	0.000000				20.325534	false	0.000000	hkcancor	false				false	single_corpus_review	unreviewed	
2025	廣東省	5	40.651067	ns	ns:5	1.000000	gwong2dung1saang2:5	0	0.000000				20.325534	false	0.000000	hkcancor	false				false	proper_name_review	unreviewed	
2026	弟婦	5	40.651067	n	n:5	0.000000	dai6fu5:5	0	0.000000				20.325534	false	0.000000	hkcancor	false				false	single_corpus_review	unreviewed	
2027	強	5	40.651067	a	a:5	0.000000	koeng4:5	0	0.000000				20.325534	false	0.000000	hkcancor	false				false	single_corpus_review	unreviewed	
2028	彈	5	40.651067	v	v:5	0.000000	daan6:5	0	0.000000				20.325534	false	0.000000	hkcancor	false				false	single_corpus_review	unreviewed	
2029	得人驚	5	40.651067	a	a:5	0.000000	dak1jan4geng1:5	0	0.000000				20.325534	false	0.000000	hkcancor	false				false	single_corpus_review	unreviewed	
2030	從而	5	40.651067	c	c:5	0.000000	cung4ji4:5	0	0.000000				20.325534	false	0.000000	hkcancor	false				false	single_corpus_review	unreviewed	
2031	復活	5	40.651067	v	v:5	0.000000	fuk6wut6:5	0	0.000000				20.325534	false	0.000000	hkcancor	false				false	single_corpus_review	unreviewed	
2032	心目中	5	40.651067	n	n:5	0.000000	sam1muk6zung1:5	0	0.000000				20.325534	false	0.000000	hkcancor	false				false	single_corpus_review	unreviewed	
2033	忙	5	40.651067	a	a:5	0.000000	mong4:5	0	0.000000				20.325534	false	0.000000	hkcancor	true	1765	11	mong4	false	single_corpus_review	unreviewed	
2034	忽然間	5	40.651067	d	d:5	0.000000	fat1jin4gaan1:5	0	0.000000				20.325534	false	0.000000	hkcancor	false				false	single_corpus_review	unreviewed	
2035	性	5	40.651067	k	k:5	0.000000	sing3:5	0	0.000000				20.325534	false	0.000000	hkcancor	true	587	49	sing3	false	single_corpus_review	unreviewed	
2036	成熟	5	40.651067	a	a:5	0.000000	sing4suk6:5	0	0.000000				20.325534	false	0.000000	hkcancor	true	1656	12	sing4suk6	false	single_corpus_review	unreviewed	
2037	批	5	40.651067	q	q:5	0.000000	pai1:5	0	0.000000				20.325534	false	0.000000	hkcancor	false				false	single_corpus_review	unreviewed	
2038	抽	5	40.651067	v	v:5	0.000000	cau1:5	0	0.000000				20.325534	false	0.000000	hkcancor	false				false	single_corpus_review	unreviewed	
2039	掉	5	40.651067	v	v:4|u:1	0.000000	diu6:5	0	0.000000				20.325534	false	0.000000	hkcancor	false				false	single_corpus_review	unreviewed	
2040	推薦	5	40.651067	v	v:5	0.000000	teoi1zin3:5	0	0.000000				20.325534	false	0.000000	hkcancor	false				false	single_corpus_review	unreviewed	
2041	揩	5	40.651067	v	v:5	0.000000	haai1:5	0	0.000000				20.325534	false	0.000000	hkcancor	false				false	single_corpus_review	unreviewed	
2042	損失	5	40.651067	v	v:4|vn:1	0.000000	syun2sat1:5	0	0.000000				20.325534	false	0.000000	hkcancor	true	1619	13	syun2sat1	false	single_corpus_review	unreviewed	
2043	摺	5	40.651067	v	v:4|a:1	0.000000	zip3:5	0	0.000000				20.325534	false	0.000000	hkcancor	true	1455	15	zip3	false	single_corpus_review	unreviewed	
2044	操	5	40.651067	v	v:5	0.000000	cou1:5	0	0.000000				20.325534	false	0.000000	hkcancor	false				false	single_corpus_review	unreviewed	
2045	攜帶	5	40.651067	v	v:5	0.000000	kwai4daai3:5	0	0.000000				20.325534	false	0.000000	hkcancor	false				false	single_corpus_review	unreviewed	
2046	教育	5	40.651067	v	v:5	0.000000	gaau3juk6:5	0	0.000000				20.325534	false	0.000000	hkcancor	true	1368	16	gaau3juk6	false	single_corpus_review	unreviewed	
2047	數據	5	40.651067	n	n:5	0.000000	sou3geoi3:5	0	0.000000				20.325534	false	0.000000	hkcancor	false				false	single_corpus_review	unreviewed	
2048	文章	5	40.651067	n	n:5	0.000000	man4zoeng1:5	0	0.000000				20.325534	false	0.000000	hkcancor	false				false	single_corpus_review	unreviewed	
2049	早排	5	40.651067	t	t:5	0.000000	zou2paai4:5	0	0.000000				20.325534	false	0.000000	hkcancor	false				false	single_corpus_review	unreviewed	
2050	星期	5	40.651067	n	n:4|q:1	0.000000	sing1kei4:5	0	0.000000				20.325534	false	0.000000	hkcancor	false				false	single_corpus_review	unreviewed	
2051	星期一	5	40.651067	t	t:5	0.000000	sing1kei4jat1:5	0	0.000000				20.325534	false	0.000000	hkcancor	false				false	single_corpus_review	unreviewed	
2052	時代	5	40.651067	n	n:5	0.000000	si4doi6:5	0	0.000000				20.325534	false	0.000000	hkcancor	false				false	single_corpus_review	unreviewed	
2053	晾	5	40.651067	v	v:5	0.000000	long3:5	0	0.000000				20.325534	false	0.000000	hkcancor	false				false	single_corpus_review	unreviewed	
2054	曼撤斯特	5	40.651067	ns	ns:5	1.000000	maan6cit3si1dak6:5	0	0.000000				20.325534	false	0.000000	hkcancor	false				false	proper_name_review	unreviewed	
2055	有型	5	40.651067	a	a:5	0.000000	jau5jing4:5	0	0.000000				20.325534	false	0.000000	hkcancor	false				false	single_corpus_review	unreviewed	
2056	朝早	5	40.651067	t	t:5	0.000000	ziu1zou2:5	0	0.000000				20.325534	false	0.000000	hkcancor	false				false	single_corpus_review	unreviewed	
2057	根據	5	40.651067	p	p:2|n:2|v:1	0.000000	gan1geoi3:5	0	0.000000				20.325534	false	0.000000	hkcancor	true	1511	14	gan1geoi3	false	single_corpus_review	unreviewed	
2058	極	5	40.651067	d	d:3|f:2	0.000000	gik6:5	0	0.000000				20.325534	false	0.000000	hkcancor	false				false	single_corpus_review	unreviewed	
2059	榮	5	40.651067	nr	nr:5	1.000000	wing4:5	0	0.000000				20.325534	false	0.000000	hkcancor	false				false	proper_name_review	unreviewed	
2060	歌手	5	40.651067	n	n:5	0.000000	go1sau2:5	0	0.000000				20.325534	false	0.000000	hkcancor	false				false	single_corpus_review	unreviewed	
2061	歌星	5	40.651067	n	n:5	0.000000	go1sing1:5	0	0.000000				20.325534	false	0.000000	hkcancor	false				false	single_corpus_review	unreviewed	
2062	毓民	5	40.651067	nr	nr:5	1.000000	juk1man4:5	0	0.000000				20.325534	false	0.000000	hkcancor	false				false	proper_name_review	unreviewed	
2063	比賽	5	40.651067	n	n:3|vn:1|v:1	0.000000	bei2coi3:5	0	0.000000				20.325534	false	0.000000	hkcancor	false				false	single_corpus_review	unreviewed	
2064	氣	5	40.651067	n	n:3|Ng:2	0.000000	hei3:5	0	0.000000				20.325534	false	0.000000	hkcancor	false				false	single_corpus_review	unreviewed	
2065	氣氛	5	40.651067	n	n:5	0.000000	hei3fan1:5	0	0.000000				20.325534	false	0.000000	hkcancor	false				false	single_corpus_review	unreviewed	
2066	沖涼	5	40.651067	v	v:5	0.000000	cung1loeng4:5	0	0.000000				20.325534	false	0.000000	hkcancor	false				false	single_corpus_review	unreviewed	
2067	沙律	5	40.651067	n	n:5	0.000000	saa1leot2:5	0	0.000000				20.325534	false	0.000000	hkcancor	false				false	single_corpus_review	unreviewed	
2068	沿途	5	40.651067	b	b:5	0.000000	jyun4tou4:5	0	0.000000				20.325534	false	0.000000	hkcancor	false				false	single_corpus_review	unreviewed	
2069	洋人	5	40.651067	n	n:5	0.000000	joeng4jan4:5	0	0.000000				20.325534	false	0.000000	hkcancor	false				false	single_corpus_review	unreviewed	
2070	流行	5	40.651067	v	v:3|vn:2	0.000000	lau4hang4:5	0	0.000000				20.325534	false	0.000000	hkcancor	false				false	single_corpus_review	unreviewed	
2071	海媚	5	40.651067	nr	nr:5	1.000000	hoi2mei4:5	0	0.000000				20.325534	false	0.000000	hkcancor	false				false	proper_name_review	unreviewed	
2072	浸	5	40.651067	q	q:3|v:2	0.000000	zam3:4|zam6:1	0	0.000000				20.325534	false	0.000000	hkcancor	false				false	single_corpus_review	unreviewed	
2073	淑怡	5	40.651067	nr	nr:5	1.000000	suk6ji4:5	0	0.000000				20.325534	false	0.000000	hkcancor	false				false	proper_name_review	unreviewed	
2074	淺	5	40.651067	a	a:5	0.000000	cin2:5	0	0.000000				20.325534	false	0.000000	hkcancor	false				false	single_corpus_review	unreviewed	
2075	演出	5	40.651067	vn	vn:5	0.000000	jin2ceot1:5	0	0.000000				20.325534	false	0.000000	hkcancor	false				false	single_corpus_review	unreviewed	
2076	熱天	5	40.651067	t	t:4|n:1	0.000000	jit6tin1:5	0	0.000000				20.325534	false	0.000000	hkcancor	false				false	single_corpus_review	unreviewed	
2077	牛	5	40.651067	n	n:3|nr:2	0.400000	ngau4:5	0	0.000000				20.325534	false	0.000000	hkcancor	false				false	single_corpus_review	unreviewed	
2078	猛咁	5	40.651067	d	d:5	0.000000	maang5gam3:5	0	0.000000				20.325534	false	0.000000	hkcancor	false				false	single_corpus_review	unreviewed	
2079	獸醫	5	40.651067	n	n:5	0.000000	sau3ji1:5	0	0.000000				20.325534	false	0.000000	hkcancor	false				false	single_corpus_review	unreviewed	
2080	理論上	5	40.651067	d	d:4|n:1	0.000000	lei5leon6soeng6:5	0	0.000000				20.325534	false	0.000000	hkcancor	false				false	single_corpus_review	unreviewed	
2081	生命	5	40.651067	n	n:5	0.000000	sang1ming6:5	0	0.000000				20.325534	false	0.000000	hkcancor	false				false	single_corpus_review	unreviewed	
2082	生物	5	40.651067	n	n:5	0.000000	sang1mat6:5	0	0.000000				20.325534	false	0.000000	hkcancor	true	1892	10	sang1mat6	false	single_corpus_review	unreviewed	
2083	用途	5	40.651067	n	n:5	0.000000	jung6tou4:5	0	0.000000				20.325534	false	0.000000	hkcancor	false				false	single_corpus_review	unreviewed	
2084	痴線	5	40.651067	a	a:4|l1:1	0.000000	ci1sin3:5	0	0.000000				20.325534	false	0.000000	hkcancor	false				false	single_corpus_review	unreviewed	
2085	相當之	5	40.651067	d	d:5	0.000000	soeng1dong1zi1:5	0	0.000000				20.325534	false	0.000000	hkcancor	false				false	single_corpus_review	unreviewed	
2086	睬	5	40.651067	v	v:5	0.000000	coi2:5	0	0.000000				20.325534	false	0.000000	hkcancor	false				false	single_corpus_review	unreviewed	
2087	硬	5	40.651067	d	d:3|a:1|Dg:1	0.000000	ngaang6:4|ngaang2:1	0	0.000000				20.325534	false	0.000000	hkcancor	false				false	single_corpus_review	unreviewed	
2088	磨	5	40.651067	v	v:5	0.000000	mo4:5	0	0.000000				20.325534	false	0.000000	hkcancor	false				false	single_corpus_review	unreviewed	
2089	禁	5	40.651067	v	v:5	0.000000	gam3:5	0	0.000000				20.325534	false	0.000000	hkcancor	false				false	single_corpus_review	unreviewed	
2090	私校	5	40.651067	n	n:5	0.000000	si1haau6:5	0	0.000000				20.325534	false	0.000000	hkcancor	false				false	single_corpus_review	unreviewed	
2091	私隱權	5	40.651067	n	n:5	0.000000	si1jan2kyun4:5	0	0.000000				20.325534	false	0.000000	hkcancor	false				false	single_corpus_review	unreviewed	
2092	科技	5	40.651067	n	n:5	0.000000	fo1gei6:5	0	0.000000				20.325534	false	0.000000	hkcancor	true	291	117	fo1gei6	false	single_corpus_review	unreviewed	
2093	競爭	5	40.651067	v	v:4|vn:1	0.000000	ging3zang1:5	0	0.000000				20.325534	false	0.000000	hkcancor	true	1186	20	ging6zang1	false	single_corpus_review	unreviewed	
2094	競爭力	5	40.651067	n	n:5	0.000000	ging6zang1lik6:5	0	0.000000				20.325534	false	0.000000	hkcancor	false				false	single_corpus_review	unreviewed	
2095	籠	5	40.651067	n	n:5	0.000000	lung4:5	0	0.000000				20.325534	false	0.000000	hkcancor	false				false	single_corpus_review	unreviewed	
2096	米線	5	40.651067	n	n:5	0.000000	mai5sin3:5	0	0.000000				20.325534	false	0.000000	hkcancor	false				false	single_corpus_review	unreviewed	
2097	粉紅色	5	40.651067	n	n:5	0.000000	fan2hung4sik1:5	0	0.000000				20.325534	false	0.000000	hkcancor	false				false	single_corpus_review	unreviewed	
2098	糯米糍	5	40.651067	n	n:5	0.000000	no6mai5ci4:5	0	0.000000				20.325534	false	0.000000	hkcancor	false				false	single_corpus_review	unreviewed	
2099	系統	5	40.651067	n	n:5	0.000000	hai6tung2:5	0	0.000000				20.325534	false	0.000000	hkcancor	false				false	single_corpus_review	unreviewed	
2100	約	5	40.651067	v	v:4|d:1	0.000000	joek3:5	0	0.000000				20.325534	false	0.000000	hkcancor	true	1426	15	joek3	false	single_corpus_review	unreviewed	
2101	紅籌股	5	40.651067	n	n:5	0.000000	hung4cau4gu2:5	0	0.000000				20.325534	false	0.000000	hkcancor	false				false	single_corpus_review	unreviewed	
2102	細佬	5	40.651067	n	n:5	0.000000	sai3lou2:5	0	0.000000				20.325534	false	0.000000	hkcancor	false				false	single_corpus_review	unreviewed	
2103	經歷	5	40.651067	vn	vn:4|v:1	0.000000	ging1lik6:5	0	0.000000				20.325534	false	0.000000	hkcancor	true	910	28	ging1lik6	false	single_corpus_review	unreviewed	
2104	美	5	40.651067	jns	jns:4|a:1	0.000000	mei5:5	0	0.000000				20.325534	false	0.000000	hkcancor	true	793	33	mei5	false	single_corpus_review	unreviewed	
2105	習慣	5	40.651067	v	v:3|n:2	0.000000	zaap6gwaan3:5	0	0.000000				20.325534	false	0.000000	hkcancor	false				false	single_corpus_review	unreviewed	
2106	老鼠	5	40.651067	n	n:5	0.000000	lou5syu2:5	0	0.000000				20.325534	false	0.000000	hkcancor	false				false	single_corpus_review	unreviewed	
2107	聽聞	5	40.651067	v	v:5	0.000000	teng1man4:3|ting3man4:2	0	0.000000				20.325534	false	0.000000	hkcancor	false				false	single_corpus_review	unreviewed	
2108	舉例	5	40.651067	v	v:5	0.000000	geoi2lai6:5	0	0.000000				20.325534	false	0.000000	hkcancor	false				false	single_corpus_review	unreviewed	
2109	舒靈咸	5	40.651067	nr	nr:5	1.000000	syu1ling4haam4:5	0	0.000000				20.325534	false	0.000000	hkcancor	false				false	proper_name_review	unreviewed	
2110	荃灣	5	40.651067	ns	ns:5	1.000000	cyun4waan1:5	0	0.000000				20.325534	false	0.000000	hkcancor	false				false	proper_name_review	unreviewed	
2111	薯蓉	5	40.651067	n	n:5	0.000000	syu4jung4:5	0	0.000000				20.325534	false	0.000000	hkcancor	false				false	single_corpus_review	unreviewed	
2112	被	5	40.651067	n	n:3|p:1|v:1	0.000000	pei5:3|bei6:2	0	0.000000				20.325534	false	0.000000	hkcancor	true	1167	20	bei6	false	single_corpus_review	unreviewed	
2113	製作	5	40.651067	vn	vn:5	0.000000	zai3zok3:5	0	0.000000				20.325534	false	0.000000	hkcancor	false				false	single_corpus_review	unreviewed	
2114	褪	5	40.651067	v	v:5	0.000000	tan3:5	0	0.000000				20.325534	false	0.000000	hkcancor	false				false	single_corpus_review	unreviewed	
2115	見識	5	40.651067	v	v:5	0.000000	gin3sik1:5	0	0.000000				20.325534	false	0.000000	hkcancor	false				false	single_corpus_review	unreviewed	
2116	親眼	5	40.651067	d	d:5	0.000000	can1ngaan5:5	0	0.000000				20.325534	false	0.000000	hkcancor	false				false	single_corpus_review	unreviewed	
2117	詠琪	5	40.651067	nr	nr:5	1.000000	wing6kei4:5	0	0.000000				20.325534	false	0.000000	hkcancor	false				false	proper_name_review	unreviewed	
2118	試過	5	40.651067	v	v:5	0.000000	si3gwo3:5	0	0.000000				20.325534	false	0.000000	hkcancor	true	744	36	*si3gwo3	true	known_nonatomic_or_invalid	unreviewed	
2119	誇張	5	40.651067	a	a:5	0.000000	kwaa1zoeng1:5	0	0.000000				20.325534	false	0.000000	hkcancor	true	1713	12	kwaa1zoeng1	false	single_corpus_review	unreviewed	
2120	認真	5	40.651067	a	a:5	0.000000	jing6zan1:5	0	0.000000				20.325534	false	0.000000	hkcancor	true	1627	13	jing6zan1	false	single_corpus_review	unreviewed	
2121	說明書	5	40.651067	n	n:5	0.000000	syut3ming4syu1:5	0	0.000000				20.325534	false	0.000000	hkcancor	false				false	single_corpus_review	unreviewed	
2122	說話	5	40.651067	vn	vn:2|v:2|n:1	0.000000	syut3waa6:5	0	0.000000				20.325534	false	0.000000	hkcancor	true	574	51	syut3waa6	false	single_corpus_review	unreviewed	
2123	講笑	5	40.651067	v	v:5	0.000000	gong2siu3:5	0	0.000000				20.325534	false	0.000000	hkcancor	false				false	single_corpus_review	unreviewed	
2124	變成	5	40.651067	v	v:4|n:1	0.000000	bin3sing4:5	0	0.000000				20.325534	false	0.000000	hkcancor	true	1217	19	bin3sing4	false	single_corpus_review	unreviewed	
2125	讕	5	40.651067	v	v:3|a:2	0.000000	laan2:5	0	0.000000				20.325534	false	0.000000	hkcancor	false				false	single_corpus_review	unreviewed	
2126	負責	5	40.651067	v	v:5	0.000000	fu6zaak3:5	0	0.000000				20.325534	false	0.000000	hkcancor	true	1091	22	fu6zaak3	false	single_corpus_review	unreviewed	
2127	責任	5	40.651067	n	n:5	0.000000	zaak3jam6:5	0	0.000000				20.325534	false	0.000000	hkcancor	true	1970	10	zaak3jam6	false	single_corpus_review	unreviewed	
2128	買嘢	5	40.651067	v	v:4|vn:1	0.000000	maai5je5:5	0	0.000000				20.325534	false	0.000000	hkcancor	false				false	single_corpus_review	unreviewed	
2129	足夠	5	40.651067	a	a:5	0.000000	zuk1gau3:5	0	0.000000				20.325534	false	0.000000	hkcancor	true	1772	11	zuk1gau3	false	single_corpus_review	unreviewed	
2130	載	5	40.651067	v	v:5	0.000000	zoi3:5	0	0.000000				20.325534	false	0.000000	hkcancor	false				false	single_corpus_review	unreviewed	
2131	辣	5	40.651067	a	a:5	0.000000	laat6:5	0	0.000000				20.325534	false	0.000000	hkcancor	false				false	single_corpus_review	unreviewed	
2132	近排	5	40.651067	t	t:5	0.000000	gan6paai2:5	0	0.000000				20.325534	false	0.000000	hkcancor	false				false	single_corpus_review	unreviewed	
2133	追求	5	40.651067	v	v:5	0.000000	zeoi1kau4:5	0	0.000000				20.325534	false	0.000000	hkcancor	false				false	single_corpus_review	unreviewed	
2134	退	5	40.651067	v	v:5	0.000000	teoi3:5	0	0.000000				20.325534	false	0.000000	hkcancor	true	1955	10	teoi3	false	single_corpus_review	unreviewed	
2135	退休	5	40.651067	v	v:5	0.000000	teoi3jau1:5	0	0.000000				20.325534	false	0.000000	hkcancor	false				false	single_corpus_review	unreviewed	
2136	逢	5	40.651067	r	r:3|v:2	0.000000	fung4:5	0	0.000000				20.325534	false	0.000000	hkcancor	false				false	single_corpus_review	unreviewed	
2137	運	5	40.651067	v	v:5	0.000000	wan6:5	0	0.000000				20.325534	false	0.000000	hkcancor	true	1622	13	wan6	false	single_corpus_review	unreviewed	
2138	鑽戒	5	40.651067	n	n:5	0.000000	zyun3gaai3:5	0	0.000000				20.325534	false	0.000000	hkcancor	false				false	single_corpus_review	unreviewed	
2139	閂	5	40.651067	v	v:5	0.000000	saan1:5	0	0.000000				20.325534	false	0.000000	hkcancor	true	1588	13	saan1	false	single_corpus_review	unreviewed	
2140	阿威	5	40.651067	nr	nr:5	1.000000	aa3wai1:5	0	0.000000				20.325534	false	0.000000	hkcancor	false				false	proper_name_review	unreviewed	
2141	阿餅	5	40.651067	nr	nr:5	1.000000	aa3beng2:5	0	0.000000				20.325534	false	0.000000	hkcancor	false				false	proper_name_review	unreviewed	
2142	隨時	5	40.651067	d	d:5	0.000000	ceoi4si4:5	0	0.000000				20.325534	false	0.000000	hkcancor	true	2000	10	ceoi4si4	false	single_corpus_review	unreviewed	
2143	電器	5	40.651067	n	n:5	0.000000	din6hei3:5	0	0.000000				20.325534	false	0.000000	hkcancor	false				false	single_corpus_review	unreviewed	
2144	電視機	5	40.651067	n	n:5	0.000000	din6si6gei1:5	0	0.000000				20.325534	false	0.000000	hkcancor	true	1210	19	din6si6gei1	false	single_corpus_review	unreviewed	
2145	非常	5	40.651067	d	d:5	0.000000	fei1soeng4:5	0	0.000000				20.325534	false	0.000000	hkcancor	true	897	28	fei1soeng4	false	single_corpus_review	unreviewed	
2146	風景	5	40.651067	n	n:5	0.000000	fung1ging2:5	0	0.000000				20.325534	false	0.000000	hkcancor	false				false	single_corpus_review	unreviewed	
2147	飽	5	40.651067	a	a:5	0.000000	baau2:5	0	0.000000				20.325534	false	0.000000	hkcancor	false				false	single_corpus_review	unreviewed	
2148	香	5	40.651067	Nsg	Nsg:3|a:2	0.000000	hoeng1:5	0	0.000000				20.325534	false	0.000000	hkcancor	true	193	175	hoeng1	false	single_corpus_review	unreviewed	
2149	驗	5	40.651067	v	v:3|n:1|Ng:1	0.000000	jim6:5	0	0.000000				20.325534	false	0.000000	hkcancor	false				false	single_corpus_review	unreviewed	
2150	高級	5	40.651067	a	a:5	0.000000	gou1kap1:5	0	0.000000				20.325534	false	0.000000	hkcancor	false				false	single_corpus_review	unreviewed	
2151	高解像	5	40.651067	a	a:4|n:1	0.000000	gou1gaai2zoeng6:5	0	0.000000				20.325534	false	0.000000	hkcancor	false				false	single_corpus_review	unreviewed	
2152	鯨魚	5	40.651067	n	n:5	0.000000	king4jyu4:5	0	0.000000				20.325534	false	0.000000	hkcancor	false				false	single_corpus_review	unreviewed	
2153	麻雀	5	40.651067	n	n:5	0.000000	maa4zoek2:5	0	0.000000				20.325534	false	0.000000	hkcancor	false				false	single_corpus_review	unreviewed	
2154	𠝹手	5	40.651067	v	v:5	0.000000	gaai3sau2:5	0	0.000000				20.325534	false	0.000000	hkcancor	false				false	single_corpus_review	unreviewed	
2155	𠮨	5	40.651067	v	v:5	0.000000	naai3:5	0	0.000000				20.325534	false	0.000000	hkcancor	false				false	single_corpus_review	unreviewed	
2156	公	1	8.130213	n	n:1	0.000000	gung1:1	3	30.977015	n	n:3	gung1:3	19.553614	true	0.262460	cantomap	true	1187	19	gung1	false	general_lexicality_review	unreviewed	
2157	吸煙	1	8.130213	v	v:1	0.000000	kap1jin1:1	3	30.977015	v	v:3	kap1jin1:3	19.553614	true	0.262460	cantomap	false				false	general_lexicality_review	unreviewed	
2158	店	1	8.130213	n	n:1	0.000000	dim3:1	3	30.977015	n	n:3	dim3:3	19.553614	true	0.262460	cantomap	true	648	43	dim3	false	general_lexicality_review	unreviewed	
2159	淨	1	8.130213	d	d:1	0.000000	zing6:1	3	30.977015	v	v:3	zing6:3	19.553614	true	0.262460	cantomap	true	1964	10	zing6|zeng6	false	general_lexicality_review	unreviewed	
2160	漏	1	8.130213	d	d:1	0.000000	lau6:1	3	30.977015	n	n:2|v:1	lau6:3	19.553614	true	0.262460	cantomap	false				false	general_lexicality_review	unreviewed	
2161	火	1	8.130213	n	n:1	0.000000	fo2:1	3	30.977015	n	n:3	fo2:3	19.553614	true	0.262460	cantomap	false				false	general_lexicality_review	unreviewed	
2162	為之	1	8.130213	v	v:1	0.000000	wai4zi1:1	3	30.977015	v	v:2|n:1	wai4zi1:3	19.553614	true	0.262460	cantomap	false				false	general_lexicality_review	unreviewed	
2163	理解	1	8.130213	v	v:1	0.000000	lei5gaai2:1	3	30.977015	v	v:2|Ng:1	lei5gaai2:3	19.553614	true	0.262460	cantomap	false				false	general_lexicality_review	unreviewed	
2164	繼	1	8.130213	v	v:1	0.000000	gai3:1	3	30.977015	v	v:2|f:1	gai3:3	19.553614	true	0.262460	cantomap	false				false	general_lexicality_review	unreviewed	
2165	轆	1	8.130213	q	q:1	0.000000	luk1:1	3	30.977015	n	n:3	luk1:3	19.553614	true	0.262460	cantomap	false				false	general_lexicality_review	unreviewed	
2166	鐵	1	8.130213	n	n:1	0.000000	tit3:1	3	30.977015	n	n:3	tit3:3	19.553614	true	0.262460	cantomap	false				false	general_lexicality_review	unreviewed	
2167	順序	1	8.130213	a	a:1	0.000000	seon6zeoi6:1	3	30.977015	v	v:2|d:1	seon6zeoi6:3	19.553614	true	0.262460	cantomap	false				false	general_lexicality_review	unreviewed	
2168	對方	2	16.260427	n	n:2	0.000000	deoi3fong1:2	2	20.651343	n	n:2	deoi3fong1:2	18.455885	true	0.787379	cantomap	true	1381	16	deoi3fong1	false	general_lexicality_review	unreviewed	
2169	恨	2	16.260427	v	v:2	0.000000	han6:2	2	20.651343	ns	ns:1|v:1	han6:2	18.455885	true	0.787379	cantomap	true	225	154	han6	false	general_lexicality_review	unreviewed	
2170	提供	2	16.260427	v	v:2	0.000000	tai4gung1:2	2	20.651343	v	v:2	tai4gung1:2	18.455885	true	0.787379	cantomap	true	1254	18	tai4gung1	false	general_lexicality_review	unreviewed	
2171	杏	2	16.260427	a	a:2	0.000000	hang6:1|hang2:1	2	20.651343	n	n:1|v:1	hang6:2	18.455885	true	0.787379	cantomap	true	736	36	hang6	false	general_lexicality_review	unreviewed	
2172	突	2	16.260427	v	v:2	0.000000	dat6:2	2	20.651343	v	v:2	dat6:2	18.455885	true	0.787379	cantomap	false				false	general_lexicality_review	unreviewed	
2173	蠢	2	16.260427	a	a:2	0.000000	ceon2:2	2	20.651343	a	a:2	ceon2:2	18.455885	true	0.787379	cantomap	false				false	general_lexicality_review	unreviewed	
2174	鋪頭	2	16.260427	n	n:2	0.000000	pou3tau2:2	2	20.651343	n	n:2	pou3tou2:2	18.455885	true	0.787379	cantomap	false				false	general_lexicality_review	unreviewed	
2175	𠻗	2	16.260427	y	y:2	0.000000	le4:2	2	20.651343	y	y:1|v:1	le2:2	18.455885	true	0.787379	cantomap	false				false	general_lexicality_review	unreviewed	
2176	三十三	3	24.390640	m	m:3	0.000000	saam1sap6saam1:3	1	10.325672	m	m:1	saam1sap6saam1:1	17.358156	true	0.423346	hkcancor	false				false	general_lexicality_review	unreviewed	
2177	以下	3	24.390640	f	f:3	0.000000	ji5haa6:3	1	10.325672	s	s:1	ji5haa6:1	17.358156	true	0.423346	hkcancor	false				false	general_lexicality_review	unreviewed	
2178	十八	3	24.390640	m	m:3	0.000000	sap6baat3:3	1	10.325672	m	m:1	sap6baat3:1	17.358156	true	0.423346	hkcancor	false				false	general_lexicality_review	unreviewed	
2179	哥哥	3	24.390640	n	n:3	0.000000	go4go1:3	1	10.325672	n	n:1	go4go1:1	17.358156	true	0.423346	hkcancor	false				false	general_lexicality_review	unreviewed	
2180	基本	3	24.390640	a	a:2|b:1	0.000000	gei1bun2:3	1	10.325672	n	n:1	gei1bun2:1	17.358156	true	0.423346	hkcancor	true	1367	16	gei1bun2	false	general_lexicality_review	unreviewed	
2181	平均	3	24.390640	a	a:2|v:1	0.000000	ping4gwan1:3	1	10.325672	v	v:1	ping4gwan1:1	17.358156	true	0.423346	hkcancor	false				false	general_lexicality_review	unreviewed	
2182	形象	3	24.390640	n	n:3	0.000000	jing4zoeng6:3	1	10.325672	v	v:1	jing4zoeng6:1	17.358156	true	0.423346	hkcancor	true	1664	12	jing4zoeng6	false	general_lexicality_review	unreviewed	
2183	後邊	3	24.390640	f	f:3	0.000000	hau6bin6:3	1	10.325672	f	f:1	hau6bin1:1	17.358156	true	0.423346	hkcancor	false				false	general_lexicality_review	unreviewed	
2184	意識	3	24.390640	n	n:3	0.000000	ji3sik1:3	1	10.325672	n	n:1	ji3sik1:1	17.358156	true	0.423346	hkcancor	false				false	general_lexicality_review	unreviewed	
2185	懷疑	3	24.390640	v	v:3	0.000000	waai4ji4:3	1	10.325672	v	v:1	waai4ji4:1	17.358156	true	0.423346	hkcancor	true	1271	18	waai4ji4	false	general_lexicality_review	unreviewed	
2186	截	3	24.390640	v	v:2|q:1	0.000000	zit6:3	1	10.325672	v	v:1	zit6:1	17.358156	true	0.423346	hkcancor	false				false	general_lexicality_review	unreviewed	
2187	抄	3	24.390640	v	v:3	0.000000	caau1:3	1	10.325672	v	v:1	caau1:1	17.358156	true	0.423346	hkcancor	false				false	general_lexicality_review	unreviewed	
2188	拗	3	24.390640	v	v:3	0.000000	aau3:2|aau2:1	1	10.325672	v	v:1	aau2:1	17.358156	true	0.423346	hkcancor	true	1580	13	aau2|aau3	false	general_lexicality_review	unreviewed	
2189	提醒	3	24.390640	v	v:3	0.000000	tai4seng2:3	1	10.325672	v	v:1	tai4seng2:1	17.358156	true	0.423346	hkcancor	false				false	general_lexicality_review	unreviewed	
2190	放低	3	24.390640	v	v:3	0.000000	fong3dai1:3	1	10.325672	v	v:1	fong3dai1:1	17.358156	true	0.423346	hkcancor	false				false	general_lexicality_review	unreviewed	
2191	救命	3	24.390640	v	v:2|l1:1	0.000000	gau3meng6:3	1	10.325672	v	v:1	gau3meng6:1	17.358156	true	0.423346	hkcancor	false				false	general_lexicality_review	unreviewed	
2192	料	3	24.390640	n	n:3	0.000000	liu2:3	1	10.325672	n	n:1	liu2:1	17.358156	true	0.423346	hkcancor	false				false	general_lexicality_review	unreviewed	
2193	木	3	24.390640	n	n:1|a:1|v:1	0.000000	muk6:2|muk1:1	1	10.325672	n	n:1	muk6:1	17.358156	true	0.423346	hkcancor	false				false	general_lexicality_review	unreviewed	
2194	滿意	3	24.390640	a	a:3	0.000000	mun5ji3:3	1	10.325672	a	a:1	mun5ji3:1	17.358156	true	0.423346	hkcancor	false				false	general_lexicality_review	unreviewed	
2195	煙花	3	24.390640	n	n:3	0.000000	jin1faa1:3	1	10.325672	v	v:1	jin1faa1:1	17.358156	true	0.423346	hkcancor	false				false	general_lexicality_review	unreviewed	
2196	相對	3	24.390640	v	v:3	0.000000	soeng1deoi3:3	1	10.325672	v	v:1	soeng1deoi3:1	17.358156	true	0.423346	hkcancor	true	1679	12	soeng1deoi3	false	general_lexicality_review	unreviewed	
2197	突出	3	24.390640	a	a:2|v:1	0.000000	dat6ceot1:3	1	10.325672	a	a:1	dat6ceot1:1	17.358156	true	0.423346	hkcancor	false				false	general_lexicality_review	unreviewed	
2198	粗	3	24.390640	a	a:2|d:1	0.000000	cou1:3	1	10.325672	a	a:1	cou1:1	17.358156	true	0.423346	hkcancor	false				false	general_lexicality_review	unreviewed	
2199	紅	3	24.390640	a	a:3	0.000000	hung4:3	1	10.325672	n	n:1	hung4:1	17.358156	true	0.423346	hkcancor	false				false	general_lexicality_review	unreviewed	
2200	背	3	24.390640	v	v:3	0.000000	bui6:3	1	10.325672	v	v:1	bui3:1	17.358156	true	0.423346	hkcancor	false				false	general_lexicality_review	unreviewed	
2201	舉	3	24.390640	v	v:3	0.000000	geoi2:3	1	10.325672	v	v:1	geoi2:1	17.358156	true	0.423346	hkcancor	false				false	general_lexicality_review	unreviewed	
2202	詳細	3	24.390640	a	a:3	0.000000	coeng4sai3:3	1	10.325672	a	a:1	coeng4sai3:1	17.358156	true	0.423346	hkcancor	true	1712	12	coeng4sai3	false	general_lexicality_review	unreviewed	
2203	連線	3	24.390640	v	v:3	0.000000	lin4sin3:3	1	10.325672	n	n:1	lin4sin3:1	17.358156	true	0.423346	hkcancor	false				false	general_lexicality_review	unreviewed	
2204	㧬	4	32.520854	v	v:4	0.000000	ung2:4	0	0.000000				16.260427	false	0.000000	hkcancor	false				false	single_corpus_review	unreviewed	
2205	㷫	4	32.520854	v	v:3|a:1	0.000000	hing3:4	0	0.000000				16.260427	false	0.000000	hkcancor	false				false	single_corpus_review	unreviewed	
2206	七十七	4	32.520854	m	m:4	0.000000	cat1sap6cat1:4	0	0.000000				16.260427	false	0.000000	hkcancor	false				false	single_corpus_review	unreviewed	
2207	三十萬	4	32.520854	m	m:4	0.000000	saam1sap6maan6:4	0	0.000000				16.260427	false	0.000000	hkcancor	false				false	single_corpus_review	unreviewed	
2208	三月	4	32.520854	t	t:4	0.000000	saam1jyut6:4	0	0.000000				16.260427	false	0.000000	hkcancor	false				false	single_corpus_review	unreviewed	
2209	三百	4	32.520854	m	m:4	0.000000	saam1baak3:4	0	0.000000				16.260427	false	0.000000	hkcancor	false				false	single_corpus_review	unreviewed	
2210	不足	4	32.520854	a	a:4	0.000000	bat1zuk1:4	0	0.000000				16.260427	false	0.000000	hkcancor	false				false	single_corpus_review	unreviewed	
2211	不過不失	4	32.520854	l	l:3|i:1	0.000000	bat1gwo3bat1sat1:4	0	0.000000				16.260427	false	0.000000	hkcancor	false				false	single_corpus_review	unreviewed	
2212	世紀	4	32.520854	q	q:3|n:1	0.000000	sai3gei2:4	0	0.000000				16.260427	false	0.000000	hkcancor	false				false	single_corpus_review	unreviewed	
2213	主任	4	32.520854	n	n:4	0.000000	zyu2jam6:4	0	0.000000				16.260427	false	0.000000	hkcancor	false				false	single_corpus_review	unreviewed	
2214	主席	4	32.520854	n	n:4	0.000000	zyu2zik6:4	0	0.000000				16.260427	false	0.000000	hkcancor	false				false	single_corpus_review	unreviewed	
2215	主題	4	32.520854	n	n:4	0.000000	zyu2tai4:4	0	0.000000				16.260427	false	0.000000	hkcancor	true	1558	13	zyu2tai4	false	single_corpus_review	unreviewed	
2216	之內	4	32.520854	f	f:4	0.000000	zi1noi6:4	0	0.000000				16.260427	false	0.000000	hkcancor	true	1643	12	zi1noi6	false	single_corpus_review	unreviewed	
2217	九五年	4	32.520854	t	t:4	0.000000	gau2ng5nin4:4	0	0.000000				16.260427	false	0.000000	hkcancor	false				false	single_corpus_review	unreviewed	
2218	九成	4	32.520854	m	m:4	0.000000	gau2sing4:4	0	0.000000				16.260427	false	0.000000	hkcancor	false				false	single_corpus_review	unreviewed	
2219	九點	4	32.520854	t	t:4	0.000000	gau2dim2:4	0	0.000000				16.260427	false	0.000000	hkcancor	true	1102	21	*gau2dim2	false	single_corpus_review	unreviewed	
2220	了哥	4	32.520854	n	n:4	0.000000	liu1go1:4	0	0.000000				16.260427	false	0.000000	hkcancor	false				false	single_corpus_review	unreviewed	
2221	事業	4	32.520854	n	n:4	0.000000	si6jip6:4	0	0.000000				16.260427	false	0.000000	hkcancor	true	1774	11	si6jip6	false	single_corpus_review	unreviewed	
2222	二來	4	32.520854	c	c:4	0.000000	ji6loi4:4	0	0.000000				16.260427	false	0.000000	hkcancor	false				false	single_corpus_review	unreviewed	
2223	二千三	4	32.520854	m	m:4	0.000000	ji6cin1saam1:4	0	0.000000				16.260427	false	0.000000	hkcancor	false				false	single_corpus_review	unreviewed	
2224	二百幾	4	32.520854	m	m:4	0.000000	ji6baak3gei2:4	0	0.000000				16.260427	false	0.000000	hkcancor	false				false	single_corpus_review	unreviewed	
2225	亞洲	4	32.520854	ns	ns:4	1.000000	aa3zau1:4	0	0.000000				16.260427	false	0.000000	hkcancor	false				false	proper_name_review	unreviewed	
2226	交代	4	32.520854	v	v:3|vn:1	0.000000	gaau1doi6:4	0	0.000000				16.260427	false	0.000000	hkcancor	false				false	single_corpus_review	unreviewed	
2227	交惡	4	32.520854	v	v:4	0.000000	gaau1wu3:4	0	0.000000				16.260427	false	0.000000	hkcancor	false				false	single_corpus_review	unreviewed	
2228	仍然	4	32.520854	d	d:4	0.000000	jing4jin4:4	0	0.000000				16.260427	false	0.000000	hkcancor	true	1140	20	jing4jin4	false	single_corpus_review	unreviewed	
2229	企理	4	32.520854	a	a:4	0.000000	kei5lei5:4	0	0.000000				16.260427	false	0.000000	hkcancor	false				false	single_corpus_review	unreviewed	
2230	低能	4	32.520854	a	a:4	0.000000	dai1nang4:4	0	0.000000				16.260427	false	0.000000	hkcancor	false				false	single_corpus_review	unreviewed	
2231	依然	4	32.520854	d	d:4	0.000000	ji1jin4:4	0	0.000000				16.260427	false	0.000000	hkcancor	true	1923	10	ji1jin4	false	single_corpus_review	unreviewed	
2232	保險	4	32.520854	an	an:2|n:2	0.000000	bou2him2:4	0	0.000000				16.260427	false	0.000000	hkcancor	true	1786	11	bou2him2	false	single_corpus_review	unreviewed	
2233	倪	4	32.520854	nr	nr:4	1.000000	ngai4:4	0	0.000000				16.260427	false	0.000000	hkcancor	false				false	proper_name_review	unreviewed	
2234	值錢	4	32.520854	a	a:4	0.000000	zik6cin2:4	0	0.000000				16.260427	false	0.000000	hkcancor	false				false	single_corpus_review	unreviewed	
2235	傾計	4	32.520854	v	v:4	0.000000	king1gai2:4	0	0.000000				16.260427	false	0.000000	hkcancor	true	1983	10	*king1gai3	false	single_corpus_review	unreviewed	
2236	儀器	4	32.520854	n	n:4	0.000000	ji4hei3:4	0	0.000000				16.260427	false	0.000000	hkcancor	false				false	single_corpus_review	unreviewed	
2237	充實	4	32.520854	a	a:4	0.000000	cung1sat6:4	0	0.000000				16.260427	false	0.000000	hkcancor	false				false	single_corpus_review	unreviewed	
2238	全班	4	32.520854	n	n:4	0.000000	cyun4baan1:4	0	0.000000				16.260427	false	0.000000	hkcancor	false				false	single_corpus_review	unreviewed	
2239	兩成	4	32.520854	m	m:4	0.000000	loeng5sing4:4	0	0.000000				16.260427	false	0.000000	hkcancor	false				false	single_corpus_review	unreviewed	
2240	八兩金	4	32.520854	nr	nr:4	1.000000	baat3loeng2gam1:4	0	0.000000				16.260427	false	0.000000	hkcancor	false				false	proper_name_review	unreviewed	
2241	冧巴	4	32.520854	n	n:4	0.000000	lam1baa2:4	0	0.000000				16.260427	false	0.000000	hkcancor	false				false	single_corpus_review	unreviewed	
2242	准	4	32.520854	vu	vu:3|v:1	0.000000	zeon2:4	0	0.000000				16.260427	false	0.000000	hkcancor	false				false	single_corpus_review	unreviewed	
2243	出奇	4	32.520854	a	a:4	0.000000	ceot1kei4:4	0	0.000000				16.260427	false	0.000000	hkcancor	false				false	single_corpus_review	unreviewed	
2244	出糧	4	32.520854	v	v:4	0.000000	ceot1loeng4:4	0	0.000000				16.260427	false	0.000000	hkcancor	false				false	single_corpus_review	unreviewed	
2245	分分鐘	4	32.520854	l	l:2|z:1|d:1	0.000000	fan1fan1zung1:4	0	0.000000				16.260427	false	0.000000	hkcancor	false				false	single_corpus_review	unreviewed	
2246	判	4	32.520854	v	v:4	0.000000	pun3:4	0	0.000000				16.260427	false	0.000000	hkcancor	true	1662	12	pun3	false	single_corpus_review	unreviewed	
2247	制	4	32.520854	v	v:3|vu:1	0.000000	zai3:4	0	0.000000				16.260427	false	0.000000	hkcancor	true	1669	12	zai3	false	single_corpus_review	unreviewed	
2248	前晚	4	32.520854	t	t:4	0.000000	cin4maan5:4	0	0.000000				16.260427	false	0.000000	hkcancor	false				false	single_corpus_review	unreviewed	
2249	前邊	4	32.520854	f	f:3|t:1	0.000000	cin4bin6:4	0	0.000000				16.260427	false	0.000000	hkcancor	false				false	single_corpus_review	unreviewed	
2250	加入	4	32.520854	v	v:4	0.000000	gaa1jap6:4	0	0.000000				16.260427	false	0.000000	hkcancor	false				false	single_corpus_review	unreviewed	
2251	北海	4	32.520854	ns	ns:3|nt:1	1.000000	bak1hoi2:4	0	0.000000				16.260427	false	0.000000	hkcancor	false				false	proper_name_review	unreviewed	
2252	十二月	4	32.520854	t	t:4	0.000000	sap6ji6jyut6:4	0	0.000000				16.260427	false	0.000000	hkcancor	false				false	single_corpus_review	unreviewed	
2253	十點	4	32.520854	t	t:4	0.000000	sap6dim2:4	0	0.000000				16.260427	false	0.000000	hkcancor	false				false	single_corpus_review	unreviewed	
2254	千三	4	32.520854	m	m:4	0.000000	cin1saam1:4	0	0.000000				16.260427	false	0.000000	hkcancor	false				false	single_corpus_review	unreviewed	
2255	千六	4	32.520854	m	m:4	0.000000	cin1luk6:4	0	0.000000				16.260427	false	0.000000	hkcancor	false				false	single_corpus_review	unreviewed	
2256	南華	4	32.520854	nz	nz:3|nt:1	1.000000	naam4waa2:4	0	0.000000				16.260427	false	0.000000	hkcancor	false				false	proper_name_review	unreviewed	
2257	博物館	4	32.520854	n	n:4	0.000000	bok3mat6gun2:4	0	0.000000				16.260427	false	0.000000	hkcancor	false				false	single_corpus_review	unreviewed	
2258	卡路里	4	32.520854	q	q:4	0.000000	kaa1lou6lei5:4	0	0.000000				16.260427	false	0.000000	hkcancor	false				false	single_corpus_review	unreviewed	
2259	參觀	4	32.520854	v	v:4	0.000000	caam1gun1:4	0	0.000000				16.260427	false	0.000000	hkcancor	false				false	single_corpus_review	unreviewed	
2260	友仔	4	32.520854	n	n:4	0.000000	jau2zai2:4	0	0.000000				16.260427	false	0.000000	hkcancor	false				false	single_corpus_review	unreviewed	
2261	台北	4	32.520854	ns	ns:4	1.000000	toi4bak1:4	0	0.000000				16.260427	false	0.000000	hkcancor	false				false	proper_name_review	unreviewed	
2262	合作	4	32.520854	v	v:4	0.000000	hap6zok3:4	0	0.000000				16.260427	false	0.000000	hkcancor	false				false	single_corpus_review	unreviewed	
2263	名詞	4	32.520854	n	n:4	0.000000	ming4ci4:4	0	0.000000				16.260427	false	0.000000	hkcancor	false				false	single_corpus_review	unreviewed	
2264	吹	4	32.520854	v	v:4	0.000000	ceoi1:4	0	0.000000				16.260427	false	0.000000	hkcancor	false				false	single_corpus_review	unreviewed	
2265	周末	4	32.520854	t	t:4	0.000000	zau1mut6:4	0	0.000000				16.260427	false	0.000000	hkcancor	false				false	single_corpus_review	unreviewed	
2266	員工	4	32.520854	n	n:4	0.000000	jyun4gung1:4	0	0.000000				16.260427	false	0.000000	hkcancor	false				false	single_corpus_review	unreviewed	
2267	唔只	4	32.520854	d	d:2|v:1|c:1	0.000000	m4zi2:4	0	0.000000				16.260427	false	0.000000	hkcancor	false				false	single_corpus_review	unreviewed	
2268	喜劇	4	32.520854	n	n:4	0.000000	hei2kek6:4	0	0.000000				16.260427	false	0.000000	hkcancor	false				false	single_corpus_review	unreviewed	
2269	喲	4	32.520854	y	y:4	0.000000	jo3:4	0	0.000000				16.260427	false	0.000000	hkcancor	false				false	single_corpus_review	unreviewed	
2270	噚日	4	32.520854	t	t:4	0.000000	cam4jat6:4	0	0.000000				16.260427	false	0.000000	hkcancor	false				false	single_corpus_review	unreviewed	
2271	困難	4	32.520854	a	a:3|an:1	0.000000	kwan3naan4:4	0	0.000000				16.260427	false	0.000000	hkcancor	true	1491	14	kwan3naan4	false	single_corpus_review	unreviewed	
2272	國語	4	32.520854	n	n:4	0.000000	gwok3jyu5:4	0	0.000000				16.260427	false	0.000000	hkcancor	false				false	single_corpus_review	unreviewed	
2273	地址	4	32.520854	n	n:4	0.000000	dei6zi2:4	0	0.000000				16.260427	false	0.000000	hkcancor	false				false	single_corpus_review	unreviewed	
2274	地產	4	32.520854	n	n:4	0.000000	dei6caan2:4	0	0.000000				16.260427	false	0.000000	hkcancor	true	1149	20	dei6caan2	false	single_corpus_review	unreviewed	
2275	地鐵站	4	32.520854	n	n:4	0.000000	dei6tit3zaam6:4	0	0.000000				16.260427	false	0.000000	hkcancor	false				false	single_corpus_review	unreviewed	
2276	坐監	4	32.520854	v	v:4	0.000000	co5gaam1:4	0	0.000000				16.260427	false	0.000000	hkcancor	false				false	single_corpus_review	unreviewed	
2277	垃圾	4	32.520854	n	n:4	0.000000	laap6saap3:4	0	0.000000				16.260427	false	0.000000	hkcancor	false				false	single_corpus_review	unreviewed	
2278	埋來	4	32.520854	v	v:4	0.000000	maai4lai4:4	0	0.000000				16.260427	false	0.000000	hkcancor	false				false	single_corpus_review	unreviewed	
2279	執	4	32.520854	v	v:4	0.000000	zap1:4	0	0.000000				16.260427	false	0.000000	hkcancor	false				false	single_corpus_review	unreviewed	
2280	基礎	4	32.520854	n	n:4	0.000000	gei1co2:4	0	0.000000				16.260427	false	0.000000	hkcancor	false				false	single_corpus_review	unreviewed	
2281	報導	4	32.520854	v	v:4	0.000000	bou3dou6:4	0	0.000000				16.260427	false	0.000000	hkcancor	false				false	single_corpus_review	unreviewed	
2282	夠膽	4	32.520854	v	v:4	0.000000	gau3daam2:4	0	0.000000				16.260427	false	0.000000	hkcancor	false				false	single_corpus_review	unreviewed	
2283	夠鐘	4	32.520854	v	v:2|a:2	0.000000	gau3zung1:4	0	0.000000				16.260427	false	0.000000	hkcancor	false				false	single_corpus_review	unreviewed	
2284	大力士	4	32.520854	nz	nz:4	1.000000	daai6lik6si6:4	0	0.000000				16.260427	false	0.000000	hkcancor	false				false	proper_name_review	unreviewed	
2285	大學生	4	32.520854	n	n:4	0.000000	daai6hok6saang1:4	0	0.000000				16.260427	false	0.000000	hkcancor	false				false	single_corpus_review	unreviewed	
2286	大把	4	32.520854	m	m:3|q:1	0.000000	daai6baa2:4	0	0.000000				16.260427	false	0.000000	hkcancor	false				false	single_corpus_review	unreviewed	
2287	大瀑布	4	32.520854	nr	nr:4	1.000000	daai6buk6bou3:4	0	0.000000				16.260427	false	0.000000	hkcancor	false				false	proper_name_review	unreviewed	
2288	天氣	4	32.520854	n	n:4	0.000000	tin1hei3:4	0	0.000000				16.260427	false	0.000000	hkcancor	false				false	single_corpus_review	unreviewed	
2289	失業率	4	32.520854	n	n:4	0.000000	sat1jip6leot2:4	0	0.000000				16.260427	false	0.000000	hkcancor	false				false	single_corpus_review	unreviewed	
2290	奶	4	32.520854	n	n:4	0.000000	naai5:4	0	0.000000				16.260427	false	0.000000	hkcancor	false				false	single_corpus_review	unreviewed	
2291	好多時	4	32.520854	d	d:4	0.000000	hou2do1si4:4	0	0.000000				16.260427	false	0.000000	hkcancor	false				false	single_corpus_review	unreviewed	
2292	婚	4	32.520854	Ng	Ng:4	0.000000	fan1:4	0	0.000000				16.260427	false	0.000000	hkcancor	false				false	single_corpus_review	unreviewed	
2293	嫁	4	32.520854	v	v:4	0.000000	gaa3:4	0	0.000000				16.260427	false	0.000000	hkcancor	false				false	single_corpus_review	unreviewed	
2294	嫌	4	32.520854	v	v:4	0.000000	jim4:4	0	0.000000				16.260427	false	0.000000	hkcancor	false				false	single_corpus_review	unreviewed	
2295	字幕	4	32.520854	n	n:4	0.000000	zi6mok6:4	0	0.000000				16.260427	false	0.000000	hkcancor	false				false	single_corpus_review	unreviewed	
2296	學費	4	32.520854	n	n:4	0.000000	hok6fai3:4	0	0.000000				16.260427	false	0.000000	hkcancor	false				false	single_corpus_review	unreviewed	
2297	客	4	32.520854	n	n:4	0.000000	haak3:4	0	0.000000				16.260427	false	0.000000	hkcancor	false				false	single_corpus_review	unreviewed	
2298	宣傳	4	32.520854	v	v:4	0.000000	syun1cyun4:4	0	0.000000				16.260427	false	0.000000	hkcancor	false				false	single_corpus_review	unreviewed	
2299	家樂	4	32.520854	nr	nr:4	1.000000	gaa1lok6:4	0	0.000000				16.260427	false	0.000000	hkcancor	false				false	proper_name_review	unreviewed	
2300	容納	4	32.520854	v	v:4	0.000000	jung4naap6:4	0	0.000000				16.260427	false	0.000000	hkcancor	false				false	single_corpus_review	unreviewed	
2301	實質上	4	32.520854	d	d:4	0.000000	sat6zat1soeng6:4	0	0.000000				16.260427	false	0.000000	hkcancor	false				false	single_corpus_review	unreviewed	
2302	小倩	4	32.520854	nz	nz:4	1.000000	siu2sin6:4	0	0.000000				16.260427	false	0.000000	hkcancor	false				false	proper_name_review	unreviewed	
2303	小巴	4	32.520854	n	n:4	0.000000	siu2baa1:4	0	0.000000				16.260427	false	0.000000	hkcancor	false				false	single_corpus_review	unreviewed	
2304	小息	4	32.520854	n	n:4	0.000000	siu2sik1:4	0	0.000000				16.260427	false	0.000000	hkcancor	false				false	single_corpus_review	unreviewed	
2305	小芙蓉	4	32.520854	nr	nr:4	1.000000	siu2fu4jung4:4	0	0.000000				16.260427	false	0.000000	hkcancor	false				false	proper_name_review	unreviewed	
2306	就來	4	32.520854	d	d:4	0.000000	zau6lai4:4	0	0.000000				16.260427	false	0.000000	hkcancor	false				false	single_corpus_review	unreviewed	
2307	屋村	4	32.520854	n	n:4	0.000000	uk1cyun1:4	0	0.000000				16.260427	false	0.000000	hkcancor	false				false	single_corpus_review	unreviewed	
2308	峰	4	32.520854	nr	nr:4	1.000000	fung1:4	0	0.000000				16.260427	false	0.000000	hkcancor	false				false	proper_name_review	unreviewed	
2309	巴閉	4	32.520854	a	a:4	0.000000	baa1bai3:4	0	0.000000				16.260427	false	0.000000	hkcancor	false				false	single_corpus_review	unreviewed	
2310	市長	4	32.520854	n	n:4	0.000000	si5zoeng2:4	0	0.000000				16.260427	false	0.000000	hkcancor	false				false	single_corpus_review	unreviewed	
2311	帕斯	4	32.520854	ns	ns:4	1.000000	paak3si1:4	0	0.000000				16.260427	false	0.000000	hkcancor	false				false	proper_name_review	unreviewed	
2312	幫忙	4	32.520854	v	v:4	0.000000	bong1mong4:4	0	0.000000				16.260427	false	0.000000	hkcancor	false				false	single_corpus_review	unreviewed	
2313	干擾	4	32.520854	v	v:2|vn:2	0.000000	gon1jiu2:4	0	0.000000				16.260427	false	0.000000	hkcancor	false				false	single_corpus_review	unreviewed	
2314	年代	4	32.520854	n	n:4	0.000000	nin4doi6:4	0	0.000000				16.260427	false	0.000000	hkcancor	true	1150	20	nin4doi6	false	single_corpus_review	unreviewed	
2315	年薪	4	32.520854	n	n:4	0.000000	nin4san1:4	0	0.000000				16.260427	false	0.000000	hkcancor	false				false	single_corpus_review	unreviewed	
2316	年青人	4	32.520854	n	n:4	0.000000	nin4cing1jan4:4	0	0.000000				16.260427	false	0.000000	hkcancor	false				false	single_corpus_review	unreviewed	
2317	幾千	4	32.520854	m	m:4	0.000000	gei2cin1:4	0	0.000000				16.260427	false	0.000000	hkcancor	false				false	single_corpus_review	unreviewed	
2318	幾點	4	32.520854	r	r:4	0.000000	gei2dim2:4	0	0.000000				16.260427	false	0.000000	hkcancor	true	1609	13	gei2dim2	false	single_corpus_review	unreviewed	
2319	度度	4	32.520854	r	r:2|q:2	0.000000	dou6dou6:4	0	0.000000				16.260427	false	0.000000	hkcancor	false				false	single_corpus_review	unreviewed	
2320	度橋	4	32.520854	v	v:4	0.000000	dok6kiu2:4	0	0.000000				16.260427	false	0.000000	hkcancor	false				false	single_corpus_review	unreviewed	
2321	廿一	4	32.520854	m	m:4	0.000000	jaa6jat1:4	0	0.000000				16.260427	false	0.000000	hkcancor	false				false	single_corpus_review	unreviewed	
2322	弊	4	32.520854	a	a:2|v:2	0.000000	bai6:4	0	0.000000				16.260427	false	0.000000	hkcancor	false				false	single_corpus_review	unreviewed	
2323	彼此	4	32.520854	r	r:4	0.000000	bei2ci2:4	0	0.000000				16.260427	false	0.000000	hkcancor	false				false	single_corpus_review	unreviewed	
2324	後果	4	32.520854	n	n:4	0.000000	hau6gwo2:4	0	0.000000				16.260427	false	0.000000	hkcancor	false				false	single_corpus_review	unreviewed	
2325	後生	4	32.520854	a	a:4	0.000000	hau6saang1:4	0	0.000000				16.260427	false	0.000000	hkcancor	true	1303	17	*hau6saang1|sang1	false	single_corpus_review	unreviewed	
2326	心願	4	32.520854	n	n:4	0.000000	sam1jyun6:4	0	0.000000				16.260427	false	0.000000	hkcancor	false				false	single_corpus_review	unreviewed	
2327	忠直	4	32.520854	a	a:4	0.000000	zung1zik6:4	0	0.000000				16.260427	false	0.000000	hkcancor	false				false	single_corpus_review	unreviewed	
2328	忽然	4	32.520854	d	d:4	0.000000	fat1jin4:4	0	0.000000				16.260427	false	0.000000	hkcancor	true	1778	11	fat1jin4	false	single_corpus_review	unreviewed	
2329	恩斯	4	32.520854	nr	nr:4	1.000000	jan1si1:4	0	0.000000				16.260427	false	0.000000	hkcancor	false				false	proper_name_review	unreviewed	
2330	惡劣	4	32.520854	a	a:4	0.000000	ok3lyut6:4	0	0.000000				16.260427	false	0.000000	hkcancor	false				false	single_corpus_review	unreviewed	
2331	意外	4	32.520854	an	an:2|a:1|n:1	0.000000	ji3ngoi6:4	0	0.000000				16.260427	false	0.000000	hkcancor	false				false	single_corpus_review	unreviewed	
2332	感情	4	32.520854	n	n:4	0.000000	gam2cing4:4	0	0.000000				16.260427	false	0.000000	hkcancor	true	1256	18	gam2cing4	false	single_corpus_review	unreviewed	
2333	慧嫻	4	32.520854	nr	nr:4	1.000000	wai6haan4:4	0	0.000000				16.260427	false	0.000000	hkcancor	false				false	proper_name_review	unreviewed	
2334	應承	4	32.520854	v	v:4	0.000000	jing1sing4:4	0	0.000000				16.260427	false	0.000000	hkcancor	false				false	single_corpus_review	unreviewed	
2335	成本	4	32.520854	n	n:4	0.000000	sing4bun2:4	0	0.000000				16.260427	false	0.000000	hkcancor	false				false	single_corpus_review	unreviewed	
2336	成藥	4	32.520854	n	n:4	0.000000	sing4joek6:4	0	0.000000				16.260427	false	0.000000	hkcancor	false				false	single_corpus_review	unreviewed	
2337	手術	4	32.520854	n	n:4	0.000000	sau2seot6:4	0	0.000000				16.260427	false	0.000000	hkcancor	false				false	single_corpus_review	unreviewed	
2338	打機	4	32.520854	v	v:4	0.000000	daa2gei1:4	0	0.000000				16.260427	false	0.000000	hkcancor	false				false	single_corpus_review	unreviewed	
2339	打算	4	32.520854	vn	vn:2|v:2	0.000000	daa2syun3:4	0	0.000000				16.260427	false	0.000000	hkcancor	false				false	single_corpus_review	unreviewed	
2340	打邊爐	4	32.520854	v	v:4	0.000000	daa2bin1lou4:4	0	0.000000				16.260427	false	0.000000	hkcancor	false				false	single_corpus_review	unreviewed	
2341	投	4	32.520854	v	v:4	0.000000	tau4:4	0	0.000000				16.260427	false	0.000000	hkcancor	false				false	single_corpus_review	unreviewed	
2342	招呼	4	32.520854	v	v:4	0.000000	ziu1fu1:4	0	0.000000				16.260427	false	0.000000	hkcancor	false				false	single_corpus_review	unreviewed	
2343	捐血	4	32.520854	v	v:2|vn:1|n:1	0.000000	gyun1hyut3:4	0	0.000000				16.260427	false	0.000000	hkcancor	false				false	single_corpus_review	unreviewed	
2344	捨得	4	32.520854	v	v:4	0.000000	se2dak1:4	0	0.000000				16.260427	false	0.000000	hkcancor	false				false	single_corpus_review	unreviewed	
2345	捷克	4	32.520854	ns	ns:4	1.000000	zit3haak1:4	0	0.000000				16.260427	false	0.000000	hkcancor	false				false	proper_name_review	unreviewed	
2346	掌上壓	4	32.520854	n	n:4	0.000000	zoeng2soeng6aat3:4	0	0.000000				16.260427	false	0.000000	hkcancor	false				false	single_corpus_review	unreviewed	
2347	掛	4	32.520854	v	v:4	0.000000	gwaa3:4	0	0.000000				16.260427	false	0.000000	hkcancor	false				false	single_corpus_review	unreviewed	
2348	推出	4	32.520854	v	v:4	0.000000	teoi1ceot1:4	0	0.000000				16.260427	false	0.000000	hkcancor	false				false	single_corpus_review	unreviewed	
2349	揾笨	4	32.520854	v	v:4	0.000000	wan2ban6:4	0	0.000000				16.260427	false	0.000000	hkcancor	false				false	single_corpus_review	unreviewed	
2350	揾錢	4	32.520854	v	v:4	0.000000	wan2cin2:4	0	0.000000				16.260427	false	0.000000	hkcancor	false				false	single_corpus_review	unreviewed	
2351	揾食	4	32.520854	v	v:4	0.000000	wan2sik6:4	0	0.000000				16.260427	false	0.000000	hkcancor	false				false	single_corpus_review	unreviewed	
2352	搦	4	32.520854	v	v:4	0.000000	nik1:4	0	0.000000				16.260427	false	0.000000	hkcancor	false				false	single_corpus_review	unreviewed	
2353	摸	4	32.520854	v	v:4	0.000000	mo2:4	0	0.000000				16.260427	false	0.000000	hkcancor	false				false	single_corpus_review	unreviewed	
2354	撩	4	32.520854	v	v:4	0.000000	liu2:3|liu1:1	0	0.000000				16.260427	false	0.000000	hkcancor	false				false	single_corpus_review	unreviewed	
2355	操作	4	32.520854	v	v:4	0.000000	cou1zok3:4	0	0.000000				16.260427	false	0.000000	hkcancor	false				false	single_corpus_review	unreviewed	
2356	擰頭	4	32.520854	v	v:4	0.000000	ling6tau2:4	0	0.000000				16.260427	false	0.000000	hkcancor	false				false	single_corpus_review	unreviewed	
2357	支持	4	32.520854	v	v:2|vn:2	0.000000	zi1ci4:4	0	0.000000				16.260427	false	0.000000	hkcancor	true	966	25	zi1ci4	false	single_corpus_review	unreviewed	
2358	收工	4	32.520854	v	v:4	0.000000	sau1gung1:4	0	0.000000				16.260427	false	0.000000	hkcancor	false				false	single_corpus_review	unreviewed	
2359	收購	4	32.520854	v	v:4	0.000000	sau1kau3:4	0	0.000000				16.260427	false	0.000000	hkcancor	false				false	single_corpus_review	unreviewed	
2360	救	4	32.520854	v	v:4	0.000000	gau3:4	0	0.000000				16.260427	false	0.000000	hkcancor	false				false	single_corpus_review	unreviewed	
2361	散	4	32.520854	v	v:2|a:1|n:1	0.000000	saan2:4	0	0.000000				16.260427	false	0.000000	hkcancor	false				false	single_corpus_review	unreviewed	
2362	日後	4	32.520854	t	t:4	0.000000	jat6hau6:4	0	0.000000				16.260427	false	0.000000	hkcancor	true	1556	13	jat6hau6	false	single_corpus_review	unreviewed	
2363	明知	4	32.520854	v	v:4	0.000000	ming4zi1:4	0	0.000000				16.260427	false	0.000000	hkcancor	false				false	single_corpus_review	unreviewed	
2364	星期二	4	32.520854	t	t:4	0.000000	sing1kei4ji6:4	0	0.000000				16.260427	false	0.000000	hkcancor	false				false	single_corpus_review	unreviewed	
2365	暢	4	32.520854	v	v:4	0.000000	coeng3:4	0	0.000000				16.260427	false	0.000000	hkcancor	false				false	single_corpus_review	unreviewed	
2366	曾經	4	32.520854	d	d:4	0.000000	cang4ging1:4	0	0.000000				16.260427	false	0.000000	hkcancor	true	1015	24	cang4ging1	false	single_corpus_review	unreviewed	
2367	有錢佬	4	32.520854	n	n:4	0.000000	jau5cin2lou2:4	0	0.000000				16.260427	false	0.000000	hkcancor	false				false	single_corpus_review	unreviewed	
2368	本地	4	32.520854	r	r:4	0.000000	bun2dei6:4	0	0.000000				16.260427	false	0.000000	hkcancor	true	1753	11	bun2dei6	false	single_corpus_review	unreviewed	
2369	李生	4	32.520854	nr	nr:4	1.000000	lei5saang1:4	0	0.000000				16.260427	false	0.000000	hkcancor	false				false	proper_name_review	unreviewed	
2370	架構	4	32.520854	vn	vn:2|v:1|n:1	0.000000	gaa3kau3:4	0	0.000000				16.260427	false	0.000000	hkcancor	true	1503	14	gaa3kau3	false	single_corpus_review	unreviewed	
2371	校園	4	32.520854	n	n:4	0.000000	haau6jyun4:4	0	0.000000				16.260427	false	0.000000	hkcancor	false				false	single_corpus_review	unreviewed	
2372	桂味	4	32.520854	nz	nz:4	1.000000	gwai3mei6:4	0	0.000000				16.260427	false	0.000000	hkcancor	false				false	proper_name_review	unreviewed	
2373	樂隊	4	32.520854	n	n:4	0.000000	ngok6deoi2:4	0	0.000000				16.260427	false	0.000000	hkcancor	false				false	single_corpus_review	unreviewed	
2374	樣樣	4	32.520854	q	q:4	0.000000	joeng6joeng6:4	0	0.000000				16.260427	false	0.000000	hkcancor	false				false	single_corpus_review	unreviewed	
2375	機倉	4	32.520854	n	n:4	0.000000	gei1cong1:4	0	0.000000				16.260427	false	0.000000	hkcancor	false				false	single_corpus_review	unreviewed	
2376	欣賞	4	32.520854	v	v:4	0.000000	jan1soeng2:4	0	0.000000				16.260427	false	0.000000	hkcancor	true	1782	11	jan1soeng2	false	single_corpus_review	unreviewed	
2377	殘	4	32.520854	a	a:4	0.000000	caan4:4	0	0.000000				16.260427	false	0.000000	hkcancor	false				false	single_corpus_review	unreviewed	
2378	殺氣	4	32.520854	n	n:4	0.000000	saat3hei3:4	0	0.000000				16.260427	false	0.000000	hkcancor	false				false	single_corpus_review	unreviewed	
2379	每個	4	32.520854	r	r:4	0.000000	mui5go3:4	0	0.000000				16.260427	false	0.000000	hkcancor	true	1492	14	mui5go3	true	known_nonatomic_or_invalid	unreviewed	
2380	每次	4	32.520854	r	r:4	0.000000	mui5ci3:4	0	0.000000				16.260427	false	0.000000	hkcancor	false				false	single_corpus_review	unreviewed	
2381	比例	4	32.520854	n	n:4	0.000000	bei2lai6:4	0	0.000000				16.260427	false	0.000000	hkcancor	true	1745	11	bei2lai6	false	single_corpus_review	unreviewed	
2382	氧氣	4	32.520854	n	n:4	0.000000	joeng5hei3:4	0	0.000000				16.260427	false	0.000000	hkcancor	false				false	single_corpus_review	unreviewed	
2383	求其	4	32.520854	a	a:3|d:1	0.000000	kau4kei4:4	0	0.000000				16.260427	false	0.000000	hkcancor	false				false	single_corpus_review	unreviewed	
2384	江	4	32.520854	nr	nr:3|n:1	0.750000	gong1:4	0	0.000000				16.260427	false	0.000000	hkcancor	false				false	single_corpus_review	unreviewed	
2385	活動	4	32.520854	vn	vn:3|v:1	0.000000	wut6dung6:4	0	0.000000				16.260427	false	0.000000	hkcancor	true	1787	11	wut6dung6	false	single_corpus_review	unreviewed	
2386	淘古井	4	32.520854	l	l:4	0.000000	tou4gu2zeng2:4	0	0.000000				16.260427	false	0.000000	hkcancor	false				false	single_corpus_review	unreviewed	
2387	淡季	4	32.520854	an	an:4	0.000000	daam6gwai3:4	0	0.000000				16.260427	false	0.000000	hkcancor	false				false	single_corpus_review	unreviewed	
2388	深圳	4	32.520854	ns	ns:4	1.000000	sam1zan3:4	0	0.000000				16.260427	false	0.000000	hkcancor	false				false	proper_name_review	unreviewed	
2389	測	4	32.520854	v	v:4	0.000000	caak1:4	0	0.000000				16.260427	false	0.000000	hkcancor	false				false	single_corpus_review	unreviewed	
2390	溶	4	32.520854	v	v:3|a:1	0.000000	jung4:4	0	0.000000				16.260427	false	0.000000	hkcancor	false				false	single_corpus_review	unreviewed	
2391	演員	4	32.520854	n	n:4	0.000000	jin2jyun4:4	0	0.000000				16.260427	false	0.000000	hkcancor	false				false	single_corpus_review	unreviewed	
2392	火車站	4	32.520854	n	n:4	0.000000	fo2ce1zaam6:4	0	0.000000				16.260427	false	0.000000	hkcancor	false				false	single_corpus_review	unreviewed	
2393	灰	4	32.520854	a	a:4	0.000000	fui1:4	0	0.000000				16.260427	false	0.000000	hkcancor	false				false	single_corpus_review	unreviewed	
2394	炸彈	4	32.520854	n	n:4	0.000000	zaa3daan2:4	0	0.000000				16.260427	false	0.000000	hkcancor	false				false	single_corpus_review	unreviewed	
2395	無喇喇	4	32.520854	d	d:3|z:1	0.000000	mou4laa1laa1:4	0	0.000000				16.260427	false	0.000000	hkcancor	false				false	single_corpus_review	unreviewed	
2396	無字頭八九十	4	32.520854	nz	nz:4	1.000000	mou4zi6tau4baat3gau2sap6:4	0	0.000000				16.260427	false	0.000000	hkcancor	false				false	proper_name_review	unreviewed	
2397	燕梳	4	32.520854	n	n:4	0.000000	jin3so1:4	0	0.000000				16.260427	false	0.000000	hkcancor	true	1840	11	*jin3|jin1so1	false	single_corpus_review	unreviewed	
2398	爸爸	4	32.520854	n	n:4	0.000000	baa4baa1:4	0	0.000000				16.260427	false	0.000000	hkcancor	true	714	38	baa4baa1	false	single_corpus_review	unreviewed	
2399	王	4	32.520854	nr	nr:4	1.000000	wong4:4	0	0.000000				16.260427	false	0.000000	hkcancor	false				false	proper_name_review	unreviewed	
2400	生意額	4	32.520854	n	n:4	0.000000	saang1ji3ngaak2:4	0	0.000000				16.260427	false	0.000000	hkcancor	false				false	single_corpus_review	unreviewed	
2401	甩皮甩骨	4	32.520854	l	l:4	0.000000	lat1pei4lat1gwat1:4	0	0.000000				16.260427	false	0.000000	hkcancor	false				false	single_corpus_review	unreviewed	
2402	男性	4	32.520854	n	n:3|b:1	0.000000	naam4sing3:4	0	0.000000				16.260427	false	0.000000	hkcancor	true	1231	18	naam4sing3	false	single_corpus_review	unreviewed	
2403	留低	4	32.520854	v	v:4	0.000000	lau4dai1:4	0	0.000000				16.260427	false	0.000000	hkcancor	false				false	single_corpus_review	unreviewed	
2404	當日	4	32.520854	t	t:4	0.000000	dong1jat6:4	0	0.000000				16.260427	false	0.000000	hkcancor	false				false	single_corpus_review	unreviewed	
2405	登記	4	32.520854	v	v:4	0.000000	dang1gei3:4	0	0.000000				16.260427	false	0.000000	hkcancor	false				false	single_corpus_review	unreviewed	
2406	發音	4	32.520854	v	v:2|vn:2	0.000000	faat3jam1:4	0	0.000000				16.260427	false	0.000000	hkcancor	false				false	single_corpus_review	unreviewed	
2407	監考	4	32.520854	v	v:4	0.000000	gaam1haau2:4	0	0.000000				16.260427	false	0.000000	hkcancor	false				false	single_corpus_review	unreviewed	
2408	監製	4	32.520854	vn	vn:3|n:1	0.000000	gaam1zai3:4	0	0.000000				16.260427	false	0.000000	hkcancor	false				false	single_corpus_review	unreviewed	
2409	相機	4	32.520854	n	n:4	0.000000	soeng2gei1:4	0	0.000000				16.260427	false	0.000000	hkcancor	false				false	single_corpus_review	unreviewed	
2410	相當	4	32.520854	d	d:4	0.000000	soeng1dong1:4	0	0.000000				16.260427	false	0.000000	hkcancor	true	1238	18	soeng1dong1	false	single_corpus_review	unreviewed	
2411	眨	4	32.520854	v	v:4	0.000000	zaam2:4	0	0.000000				16.260427	false	0.000000	hkcancor	false				false	single_corpus_review	unreviewed	
2412	睇真Ｄ	4	32.520854	nz	nz:4	1.000000	tai2zan1di1:4	0	0.000000				16.260427	false	0.000000	hkcancor	false				false	proper_name_review	unreviewed	
2413	知識	4	32.520854	n	n:4	0.000000	zi3sik1:4	0	0.000000				16.260427	false	0.000000	hkcancor	false				false	single_corpus_review	unreviewed	
2414	石	4	32.520854	n	n:4	0.000000	sek6:4	0	0.000000				16.260427	false	0.000000	hkcancor	false				false	single_corpus_review	unreviewed	
2415	碌	4	32.520854	v	v:3|q:1	0.000000	luk1:4	0	0.000000				16.260427	false	0.000000	hkcancor	false				false	single_corpus_review	unreviewed	
2416	祈禱	4	32.520854	v	v:4	0.000000	kei4tou2:4	0	0.000000				16.260427	false	0.000000	hkcancor	false				false	single_corpus_review	unreviewed	
2417	禮拜日	4	32.520854	t	t:4	0.000000	lai5baai3jat6:4	0	0.000000				16.260427	false	0.000000	hkcancor	false				false	single_corpus_review	unreviewed	
2418	禽流感	4	32.520854	n	n:4	0.000000	kam4lau4gam2:4	0	0.000000				16.260427	false	0.000000	hkcancor	false				false	single_corpus_review	unreviewed	
2419	科學	4	32.520854	n	n:4	0.000000	fo1hok6:4	0	0.000000				16.260427	false	0.000000	hkcancor	false				false	single_corpus_review	unreviewed	
2420	秘密	4	32.520854	n	n:4	0.000000	bei3mat6:4	0	0.000000				16.260427	false	0.000000	hkcancor	false				false	single_corpus_review	unreviewed	
2421	程度	4	32.520854	n	n:4	0.000000	cing4dou6:4	0	0.000000				16.260427	false	0.000000	hkcancor	true	1060	23	cing4dou6	false	single_corpus_review	unreviewed	
2422	空難	4	32.520854	n	n:4	0.000000	hung1naan6:4	0	0.000000				16.260427	false	0.000000	hkcancor	false				false	single_corpus_review	unreviewed	
2423	竇	4	32.520854	q	q:3|n:1	0.000000	dau3:4	0	0.000000				16.260427	false	0.000000	hkcancor	false				false	single_corpus_review	unreviewed	
2424	笑話	4	32.520854	n	n:3|v:1	0.000000	siu3waa2:4	0	0.000000				16.260427	false	0.000000	hkcancor	false				false	single_corpus_review	unreviewed	
2425	笠	4	32.520854	v	v:3|Ng:1	0.000000	lap1:4	0	0.000000				16.260427	false	0.000000	hkcancor	false				false	single_corpus_review	unreviewed	
2426	等如	4	32.520854	v	v:4	0.000000	dang2jyu4:4	0	0.000000				16.260427	false	0.000000	hkcancor	true	953	26	*dang2jyu4	false	single_corpus_review	unreviewed	
2427	糧	4	32.520854	n	n:4	0.000000	loeng4:4	0	0.000000				16.260427	false	0.000000	hkcancor	false				false	single_corpus_review	unreviewed	
2428	系列	4	32.520854	n	n:4	0.000000	hai6lit6:4	0	0.000000				16.260427	false	0.000000	hkcancor	false				false	single_corpus_review	unreviewed	
2429	細路女	4	32.520854	n	n:4	0.000000	sai3lou6neoi2:4	0	0.000000				16.260427	false	0.000000	hkcancor	false				false	single_corpus_review	unreviewed	
2430	結	4	32.520854	v	v:4	0.000000	git3:4	0	0.000000				16.260427	false	0.000000	hkcancor	true	1705	12	git3	false	single_corpus_review	unreviewed	
2431	維也納	4	32.520854	ns	ns:4	1.000000	wai4jaa5naap6:4	0	0.000000				16.260427	false	0.000000	hkcancor	false				false	proper_name_review	unreviewed	
2432	罐頭	4	32.520854	n	n:4	0.000000	gun3tau2:4	0	0.000000				16.260427	false	0.000000	hkcancor	false				false	single_corpus_review	unreviewed	
2433	老師	4	32.520854	n	n:4	0.000000	lou5si1:4	0	0.000000				16.260427	false	0.000000	hkcancor	false				false	single_corpus_review	unreviewed	
2434	老爺	4	32.520854	n	n:4	0.000000	lou5je4:4	0	0.000000				16.260427	false	0.000000	hkcancor	false				false	single_corpus_review	unreviewed	
2435	聯想	4	32.520854	v	v:2|vn:2	0.000000	lyun4soeng2:4	0	0.000000				16.260427	false	0.000000	hkcancor	false				false	single_corpus_review	unreviewed	
2436	職位	4	32.520854	n	n:4	0.000000	zik1wai6:4	0	0.000000				16.260427	false	0.000000	hkcancor	false				false	single_corpus_review	unreviewed	
2437	聽眾	4	32.520854	n	n:4	0.000000	ting3zung3:4	0	0.000000				16.260427	false	0.000000	hkcancor	true	1136	21	ting1zung3	false	single_corpus_review	unreviewed	
2438	聽道	4	32.520854	vn	vn:3|v:1	0.000000	teng1dou6:4	0	0.000000				16.260427	false	0.000000	hkcancor	false				false	single_corpus_review	unreviewed	
2439	肉酸	4	32.520854	a	a:4	0.000000	juk6syun1:4	0	0.000000				16.260427	false	0.000000	hkcancor	false				false	single_corpus_review	unreviewed	
2440	肥豪	4	32.520854	nr	nr:4	1.000000	fei4hou4:4	0	0.000000				16.260427	false	0.000000	hkcancor	false				false	proper_name_review	unreviewed	
2441	腦	4	32.520854	n	n:4	0.000000	nou5:4	0	0.000000				16.260427	false	0.000000	hkcancor	false				false	single_corpus_review	unreviewed	
2442	臨時	4	32.520854	a	a:4	0.000000	lam4si4:4	0	0.000000				16.260427	false	0.000000	hkcancor	false				false	single_corpus_review	unreviewed	
2443	自殺	4	32.520854	v	v:4	0.000000	zi6saat3:4	0	0.000000				16.260427	false	0.000000	hkcancor	false				false	single_corpus_review	unreviewed	
2444	英航	4	32.520854	jnt	jnt:2|nt:2	0.500000	jing1hong4:4	0	0.000000				16.260427	false	0.000000	hkcancor	false				false	single_corpus_review	unreviewed	
2445	荒謬	4	32.520854	a	a:4	0.000000	fong1mau6:4	0	0.000000				16.260427	false	0.000000	hkcancor	false				false	single_corpus_review	unreviewed	
2446	菲律賓	4	32.520854	ns	ns:4	1.000000	fei1leot6ban1:4	0	0.000000				16.260427	false	0.000000	hkcancor	false				false	proper_name_review	unreviewed	
2447	蒜蓉	4	32.520854	n	n:4	0.000000	syun3jung4:4	0	0.000000				16.260427	false	0.000000	hkcancor	false				false	single_corpus_review	unreviewed	
2448	蓋	4	32.520854	n	n:4	0.000000	goi3:4	0	0.000000				16.260427	false	0.000000	hkcancor	false				false	single_corpus_review	unreviewed	
2449	藝術家	4	32.520854	n	n:4	0.000000	ngai6seot6gaa1:4	0	0.000000				16.260427	false	0.000000	hkcancor	false				false	single_corpus_review	unreviewed	
2450	表	4	32.520854	n	n:3|Ng:1	0.000000	biu2:4	0	0.000000				16.260427	false	0.000000	hkcancor	false				false	single_corpus_review	unreviewed	
2451	製造業	4	32.520854	n	n:4	0.000000	zai3zou6jip6:4	0	0.000000				16.260427	false	0.000000	hkcancor	false				false	single_corpus_review	unreviewed	
2452	西施	4	32.520854	nz	nz:4	1.000000	sai1si1:4	0	0.000000				16.260427	false	0.000000	hkcancor	false				false	proper_name_review	unreviewed	
2453	西裝	4	32.520854	n	n:4	0.000000	sai1zong1:4	0	0.000000				16.260427	false	0.000000	hkcancor	false				false	single_corpus_review	unreviewed	
2454	西隧	4	32.520854	jns	jns:4	0.000000	sai1seoi6:4	0	0.000000				16.260427	false	0.000000	hkcancor	false				false	single_corpus_review	unreviewed	
2455	見工	4	32.520854	v	v:4	0.000000	gin3gung1:4	0	0.000000				16.260427	false	0.000000	hkcancor	false				false	single_corpus_review	unreviewed	
2456	規模	4	32.520854	n	n:4	0.000000	kwai1mou4:4	0	0.000000				16.260427	false	0.000000	hkcancor	false				false	single_corpus_review	unreviewed	
2457	註冊	4	32.520854	v	v:4	0.000000	zyu3caak3:4	0	0.000000				16.260427	false	0.000000	hkcancor	false				false	single_corpus_review	unreviewed	
2458	話題	4	32.520854	n	n:4	0.000000	waa6tai4:4	0	0.000000				16.260427	false	0.000000	hkcancor	false				false	single_corpus_review	unreviewed	
2459	認得	4	32.520854	v	v:4	0.000000	jing6dak1:4	0	0.000000				16.260427	false	0.000000	hkcancor	false				false	single_corpus_review	unreviewed	
2460	講法	4	32.520854	n	n:4	0.000000	gong2faat3:4	0	0.000000				16.260427	false	0.000000	hkcancor	true	1847	11	*gong2faat3	false	single_corpus_review	unreviewed	
2461	證書	4	32.520854	n	n:4	0.000000	zing3syu1:4	0	0.000000				16.260427	false	0.000000	hkcancor	false				false	single_corpus_review	unreviewed	
2462	警察	4	32.520854	n	n:4	0.000000	ging2caat3:4	0	0.000000				16.260427	false	0.000000	hkcancor	false				false	single_corpus_review	unreviewed	
2463	谷	4	32.520854	nr	nr:4	1.000000	guk1:4	0	0.000000				16.260427	false	0.000000	hkcancor	false				false	proper_name_review	unreviewed	
2464	跌打	4	32.520854	n	n:4	0.000000	tit3daa2:4	0	0.000000				16.260427	false	0.000000	hkcancor	false				false	single_corpus_review	unreviewed	
2465	跑出	4	32.520854	v	v:4	0.000000	paau2ceot1:4	0	0.000000				16.260427	false	0.000000	hkcancor	false				false	single_corpus_review	unreviewed	
2466	跑步	4	32.520854	v	v:4	0.000000	paau2bou6:4	0	0.000000				16.260427	false	0.000000	hkcancor	false				false	single_corpus_review	unreviewed	
2467	跑馬	4	32.520854	v	v:3|vn:1	0.000000	paau2maa5:4	0	0.000000				16.260427	false	0.000000	hkcancor	false				false	single_corpus_review	unreviewed	
2468	踎	4	32.520854	v	v:4	0.000000	mau1:4	0	0.000000				16.260427	false	0.000000	hkcancor	false				false	single_corpus_review	unreviewed	
2469	踢波	4	32.520854	v	v:4	0.000000	tek3bo1:4	0	0.000000				16.260427	false	0.000000	hkcancor	false				false	single_corpus_review	unreviewed	
2470	躉	4	32.520854	v	v:2|q:2	0.000000	dan2:4	0	0.000000				16.260427	false	0.000000	hkcancor	false				false	single_corpus_review	unreviewed	
2471	身邊	4	32.520854	f	f:4	0.000000	san1bin1:4	0	0.000000				16.260427	false	0.000000	hkcancor	true	1153	20	san1bin1	false	single_corpus_review	unreviewed	
2472	速度	4	32.520854	n	n:4	0.000000	cuk1dou6:4	0	0.000000				16.260427	false	0.000000	hkcancor	true	1603	13	cuk1dou6	false	single_corpus_review	unreviewed	
2473	連續	4	32.520854	a	a:4	0.000000	lin4zuk6:4	0	0.000000				16.260427	false	0.000000	hkcancor	false				false	single_corpus_review	unreviewed	
2474	運動會	4	32.520854	n	n:4	0.000000	wan6dung6wui2:4	0	0.000000				16.260427	false	0.000000	hkcancor	false				false	single_corpus_review	unreviewed	
2475	運程	4	32.520854	n	n:4	0.000000	wan6cing4:4	0	0.000000				16.260427	false	0.000000	hkcancor	false				false	single_corpus_review	unreviewed	
2476	道歉	4	32.520854	vn	vn:4	0.000000	dou6hip3:4	0	0.000000				16.260427	false	0.000000	hkcancor	false				false	single_corpus_review	unreviewed	
2477	適應	4	32.520854	vn	vn:3|v:1	0.000000	sik1jing3:4	0	0.000000				16.260427	false	0.000000	hkcancor	false				false	single_corpus_review	unreviewed	
2478	釀	4	32.520854	v	v:4	0.000000	joeng6:4	0	0.000000				16.260427	false	0.000000	hkcancor	false				false	single_corpus_review	unreviewed	
2479	金錢	4	32.520854	n	n:4	0.000000	gam1cin4:4	0	0.000000				16.260427	false	0.000000	hkcancor	false				false	single_corpus_review	unreviewed	
2480	金魚缸	4	32.520854	n	n:4	0.000000	gam1jyu4gong1:4	0	0.000000				16.260427	false	0.000000	hkcancor	false				false	single_corpus_review	unreviewed	
2481	鎔基	4	32.520854	nr	nr:4	1.000000	jung4gei1:4	0	0.000000				16.260427	false	0.000000	hkcancor	false				false	proper_name_review	unreviewed	
2482	鏡頭	4	32.520854	n	n:4	0.000000	geng3tau4:4	0	0.000000				16.260427	false	0.000000	hkcancor	false				false	single_corpus_review	unreviewed	
2483	開叉	4	32.520854	v	v:4	0.000000	hoi1caa1:4	0	0.000000				16.260427	false	0.000000	hkcancor	false				false	single_corpus_review	unreviewed	
2484	阿伯	4	32.520854	n	n:4	0.000000	aa3baak3:4	0	0.000000				16.260427	false	0.000000	hkcancor	false				false	single_corpus_review	unreviewed	
2485	阿叔	4	32.520854	n	n:4	0.000000	aa3suk1:4	0	0.000000				16.260427	false	0.000000	hkcancor	false				false	single_corpus_review	unreviewed	
2486	阿張	4	32.520854	nr	nr:4	1.000000	aa3zoeng1:4	0	0.000000				16.260427	false	0.000000	hkcancor	false				false	proper_name_review	unreviewed	
2487	阿慧	4	32.520854	nr	nr:4	1.000000	aa3wai6:4	0	0.000000				16.260427	false	0.000000	hkcancor	false				false	proper_name_review	unreviewed	
2488	阿表姐	4	32.520854	n	n:4	0.000000	aa3biu2ze2:4	0	0.000000				16.260427	false	0.000000	hkcancor	false				false	single_corpus_review	unreviewed	
2489	阿諾	4	32.520854	nr	nr:4	1.000000	aa3nok6:4	0	0.000000				16.260427	false	0.000000	hkcancor	false				false	proper_name_review	unreviewed	
2490	限量	4	32.520854	v	v:4	0.000000	haan6loeng6:4	0	0.000000				16.260427	false	0.000000	hkcancor	false				false	single_corpus_review	unreviewed	
2491	陰公	4	32.520854	a	a:4	0.000000	jam1gung1:4	0	0.000000				16.260427	false	0.000000	hkcancor	false				false	single_corpus_review	unreviewed	
2492	離譜	4	32.520854	a	a:4	0.000000	lei4pou2:4	0	0.000000				16.260427	false	0.000000	hkcancor	false				false	single_corpus_review	unreviewed	
2493	離開	4	32.520854	v	v:4	0.000000	lei4hoi1:4	0	0.000000				16.260427	false	0.000000	hkcancor	true	1135	21	lei4hoi1	false	single_corpus_review	unreviewed	
2494	難得	4	32.520854	a	a:4	0.000000	naan4dak1:4	0	0.000000				16.260427	false	0.000000	hkcancor	false				false	single_corpus_review	unreviewed	
2495	難忘	4	32.520854	a	a:3|v:1	0.000000	naan4mong4:4	0	0.000000				16.260427	false	0.000000	hkcancor	false				false	single_corpus_review	unreviewed	
2496	難頂	4	32.520854	a	a:4	0.000000	naan4ding2:4	0	0.000000				16.260427	false	0.000000	hkcancor	false				false	single_corpus_review	unreviewed	
2497	難食	4	32.520854	a	a:4	0.000000	naan4sik6:4	0	0.000000				16.260427	false	0.000000	hkcancor	false				false	single_corpus_review	unreviewed	
2498	雪	4	32.520854	n	n:2|v:2	0.000000	syut3:4	0	0.000000				16.260427	false	0.000000	hkcancor	false				false	single_corpus_review	unreviewed	
2499	雪碧	4	32.520854	nr	nr:4	1.000000	syut3bik1:4	0	0.000000				16.260427	false	0.000000	hkcancor	false				false	proper_name_review	unreviewed	
2500	頭腦	4	32.520854	n	n:4	0.000000	tau4nou5:4	0	0.000000				16.260427	false	0.000000	hkcancor	false				false	single_corpus_review	unreviewed	
2501	頻密	4	32.520854	a	a:4	0.000000	pan4mat6:4	0	0.000000				16.260427	false	0.000000	hkcancor	false				false	single_corpus_review	unreviewed	
2502	飛去	4	32.520854	v	v:4	0.000000	fei1heoi3:4	0	0.000000				16.260427	false	0.000000	hkcancor	false				false	single_corpus_review	unreviewed	
2503	香港區	4	32.520854	ns	ns:4	1.000000	hoeng1gong2keoi1:4	0	0.000000				16.260427	false	0.000000	hkcancor	false				false	proper_name_review	unreviewed	
2504	騷擾	4	32.520854	v	v:4	0.000000	sou1jiu2:4	0	0.000000				16.260427	false	0.000000	hkcancor	false				false	single_corpus_review	unreviewed	
2505	高興	4	32.520854	a	a:4	0.000000	gou1hing3:4	0	0.000000				16.260427	false	0.000000	hkcancor	false				false	single_corpus_review	unreviewed	
2506	鬼佬	4	32.520854	n	n:4	0.000000	gwai2lou2:4	0	0.000000				16.260427	false	0.000000	hkcancor	false				false	single_corpus_review	unreviewed	
2507	麥皮蟲	4	32.520854	nz	nz:4	1.000000	mak6pei4cung4:4	0	0.000000				16.260427	false	0.000000	hkcancor	false				false	proper_name_review	unreviewed	
2508	三十一	0	0.000000			0.000000		3	30.977015	m	m:3	saam1sap6jat1:3	15.488508	false	0.000000	cantomap	false				false	single_corpus_review	unreviewed	
2509	下低	0	0.000000			0.000000		3	30.977015	t	t:2|x:1	haa6dai1:3	15.488508	false	0.000000	cantomap	false				false	single_corpus_review	unreviewed	
2510	下半	0	0.000000			0.000000		3	30.977015	t	t:2|m:1	haa6bun3:3	15.488508	false	0.000000	cantomap	false				false	single_corpus_review	unreviewed	
2511	並排	0	0.000000			0.000000		3	30.977015	r	r:1|t:1|Vg:1	bing6paai4:3	15.488508	false	0.000000	cantomap	false				false	single_corpus_review	unreviewed	
2512	井	0	0.000000			0.000000		3	30.977015	n	n:2|i:1	zeng2:3	15.488508	false	0.000000	cantomap	true	845	30	zeng2|zing2	false	single_corpus_review	unreviewed	
2513	企人	0	0.000000			0.000000		3	30.977015	n	n:3	kei5jan4:3	15.488508	false	0.000000	cantomap	false				false	single_corpus_review	unreviewed	
2514	入嚟	0	0.000000			0.000000		3	30.977015	v	v:2|Nsg:1	jap6lai4:3	15.488508	false	0.000000	cantomap	false				false	single_corpus_review	unreviewed	
2515	兩者	0	0.000000			0.000000		3	30.977015	n	n:3	loeng5ze2:3	15.488508	false	0.000000	cantomap	false				false	single_corpus_review	unreviewed	
2516	共同	0	0.000000			0.000000		3	30.977015	v	v:2|x:1	gung6tung4:3	15.488508	false	0.000000	cantomap	false				false	single_corpus_review	unreviewed	
2517	冇問題	0	0.000000			0.000000		3	30.977015	v	v:1|a:1|xx:1	mou5man6tai4:3	15.488508	false	0.000000	cantomap	true	478	62	mou5man6tai4	false	single_corpus_review	unreviewed	
2518	再次	0	0.000000			0.000000		3	30.977015	r	r:2|t:1	zoi3ci3:3	15.488508	false	0.000000	cantomap	false				false	single_corpus_review	unreviewed	
2519	冤枉	0	0.000000			0.000000		3	30.977015	v	v:2|nr:1	jun1wong2:3	15.488508	false	0.000000	cantomap	false				false	single_corpus_review	unreviewed	
2520	勁盛	0	0.000000			0.000000		3	30.977015	d	d:2|nr:1	ging6sing6:3	15.488508	false	0.000000	cantomap	false				false	single_corpus_review	unreviewed	
2521	勇士	0	0.000000			0.000000		3	30.977015	n	n:3	jung5si6:3	15.488508	false	0.000000	cantomap	false				false	single_corpus_review	unreviewed	
2522	勇腰帳	0	0.000000			0.000000		3	30.977015	xjnt	xjnt:1|nz:1|n:1	jung5jiu1zoeng3:3	15.488508	false	0.000000	cantomap	false				false	single_corpus_review	unreviewed	
2523	勇腰沙漠	0	0.000000			0.000000		3	30.977015	v	v:2|ns:1	jung5jiu1saa1mok6:3	15.488508	false	0.000000	cantomap	false				false	single_corpus_review	unreviewed	
2524	右下	0	0.000000			0.000000		3	30.977015	f	f:2|s:1	jau6haa6:3	15.488508	false	0.000000	cantomap	true	1223	18	jau6haa6	false	single_corpus_review	unreviewed	
2525	右手方	0	0.000000			0.000000		3	30.977015	n	n:3	jau6sau2fong1:3	15.488508	false	0.000000	cantomap	false				false	single_corpus_review	unreviewed	
2526	唔得	0	0.000000			0.000000		3	30.977015	l	l:2|v:1	m4dak1:3	15.488508	false	0.000000	cantomap	false				false	single_corpus_review	unreviewed	
2527	善貧大廈	0	0.000000			0.000000		3	30.977015	n	n:2|v:1	sin6pan4daai6haa6:3	15.488508	false	0.000000	cantomap	false				false	single_corpus_review	unreviewed	
2528	噼噼	0	0.000000			0.000000		3	30.977015	a	a:1|n:1|v:1	pat1pat1:3	15.488508	false	0.000000	cantomap	false				false	single_corpus_review	unreviewed	
2529	四分三	0	0.000000			0.000000		3	30.977015	m	m:3	sei3fan6saam1:3	15.488508	false	0.000000	cantomap	false				false	single_corpus_review	unreviewed	
2530	垂	0	0.000000			0.000000		3	30.977015	v	v:2|n:1	seoi4:3	15.488508	false	0.000000	cantomap	false				false	single_corpus_review	unreviewed	
2531	大小	0	0.000000			0.000000		3	30.977015	a	a:3	daai6siu2:3	15.488508	false	0.000000	cantomap	false				false	single_corpus_review	unreviewed	
2532	始	0	0.000000			0.000000		3	30.977015	n	n:2|q:1	ci2:3	15.488508	false	0.000000	cantomap	false				false	single_corpus_review	unreviewed	
2533	姓氏	0	0.000000			0.000000		3	30.977015	v	v:1|e:1|a:1	sing3si1:3	15.488508	false	0.000000	cantomap	false				false	single_corpus_review	unreviewed	
2534	實驗	0	0.000000			0.000000		3	30.977015	d	d:1|Ng:1|n:1	sat6jim6:3	15.488508	false	0.000000	cantomap	false				false	single_corpus_review	unreviewed	
2535	屋頂	0	0.000000			0.000000		3	30.977015	n	n:3	uk1deng2:3	15.488508	false	0.000000	cantomap	false				false	single_corpus_review	unreviewed	
2536	延伸	0	0.000000			0.000000		3	30.977015	v	v:3	jin4san1:3	15.488508	false	0.000000	cantomap	false				false	single_corpus_review	unreviewed	
2537	彭洞山	0	0.000000			0.000000		3	30.977015	n	n:1|nr:1|a:1	paang4dung6saan1:3	15.488508	false	0.000000	cantomap	false				false	single_corpus_review	unreviewed	
2538	得唔得	0	0.000000			0.000000		3	30.977015	u	u:2|v:1	dak1m4dak1:3	15.488508	false	0.000000	cantomap	false				false	single_corpus_review	unreviewed	
2539	忍者	0	0.000000			0.000000		3	30.977015	n	n:3	jan2ze2:3	15.488508	false	0.000000	cantomap	false				false	single_corpus_review	unreviewed	
2540	怨恨	0	0.000000			0.000000		3	30.977015	v	v:2|a:1	jun3han6:3	15.488508	false	0.000000	cantomap	false				false	single_corpus_review	unreviewed	
2541	戀燕瀑布	0	0.000000			0.000000		3	30.977015	x	x:1|n:1|nr:1	lyun2jin3buk6bou3:3	15.488508	false	0.000000	cantomap	false				false	single_corpus_review	unreviewed	
2542	打側	0	0.000000			0.000000		3	30.977015	v	v:3	daa2zak1:3	15.488508	false	0.000000	cantomap	false				false	single_corpus_review	unreviewed	
2543	打平	0	0.000000			0.000000		3	30.977015	v	v:3	daa2ping4:3	15.488508	false	0.000000	cantomap	false				false	single_corpus_review	unreviewed	
2544	拱形	0	0.000000			0.000000		3	30.977015	n	n:3	gung2jing4:3	15.488508	false	0.000000	cantomap	false				false	single_corpus_review	unreviewed	
2545	指引	0	0.000000			0.000000		3	30.977015	v	v:3	zi2jan5:3	15.488508	false	0.000000	cantomap	false				false	single_corpus_review	unreviewed	
2546	排氣筒	0	0.000000			0.000000		3	30.977015	n	n:3	paai4hei3tung2:3	15.488508	false	0.000000	cantomap	false				false	single_corpus_review	unreviewed	
2547	提供者	0	0.000000			0.000000		3	30.977015	n	n:2|v:1	tai4gung1ze2:3	15.488508	false	0.000000	cantomap	false				false	single_corpus_review	unreviewed	
2548	擁抱	0	0.000000			0.000000		3	30.977015	v	v:2|n:1	jung2pou5:3	15.488508	false	0.000000	cantomap	false				false	single_corpus_review	unreviewed	
2549	擰憂	0	0.000000			0.000000		3	30.977015	v	v:3	ning2jau1:3	15.488508	false	0.000000	cantomap	false				false	single_corpus_review	unreviewed	
2550	效率	0	0.000000			0.000000		3	30.977015	n	n:3	haau6leot2:3	15.488508	false	0.000000	cantomap	true	1510	14	haau6leot2	false	single_corpus_review	unreviewed	
2551	方位	0	0.000000			0.000000		3	30.977015	n	n:3	fong1wai6:3	15.488508	false	0.000000	cantomap	false				false	single_corpus_review	unreviewed	
2552	時效	0	0.000000			0.000000		3	30.977015	n	n:3	si4haau6:3	15.488508	false	0.000000	cantomap	true	1684	12	si4haau6	false	single_corpus_review	unreviewed	
2553	時效城堡	0	0.000000			0.000000		3	30.977015	n	n:3	si4haau6sing4bou2:3	15.488508	false	0.000000	cantomap	false				false	single_corpus_review	unreviewed	
2554	火箭	0	0.000000			0.000000		3	30.977015	n	n:2|x:1	fo2zin3:3	15.488508	false	0.000000	cantomap	false				false	single_corpus_review	unreviewed	
2555	無視	0	0.000000			0.000000		3	30.977015	a	a:3	mou4si6:3	15.488508	false	0.000000	cantomap	false				false	single_corpus_review	unreviewed	
2556	球號	0	0.000000			0.000000		3	30.977015	t	t:2|n:1	kau4hou6:3	15.488508	false	0.000000	cantomap	false				false	single_corpus_review	unreviewed	
2557	痛苦	0	0.000000			0.000000		3	30.977015	a	a:3	tung3fu2:3	15.488508	false	0.000000	cantomap	false				false	single_corpus_review	unreviewed	
2558	盾牌	0	0.000000			0.000000		3	30.977015	n	n:3	teon5paai4:3	15.488508	false	0.000000	cantomap	false				false	single_corpus_review	unreviewed	
2559	眼淚	0	0.000000			0.000000		3	30.977015	n	n:2|x:1	ngaan5leoi6:3	15.488508	false	0.000000	cantomap	false				false	single_corpus_review	unreviewed	
2560	確定	0	0.000000			0.000000		3	30.977015	v	v:2|a:1	kok3ding6:3	15.488508	false	0.000000	cantomap	false				false	single_corpus_review	unreviewed	
2561	確認	0	0.000000			0.000000		3	30.977015	v	v:3	kok3jing6:3	15.488508	false	0.000000	cantomap	false				false	single_corpus_review	unreviewed	
2562	礦工	0	0.000000			0.000000		3	30.977015	a	a:2|v:1	kwong3gung1:3	15.488508	false	0.000000	cantomap	false				false	single_corpus_review	unreviewed	
2563	空隙	0	0.000000			0.000000		3	30.977015	n	n:3	hung1kwik1:3	15.488508	false	0.000000	cantomap	false				false	single_corpus_review	unreviewed	
2564	端	0	0.000000			0.000000		3	30.977015	d	d:2|Ng:1	dyun1:2|dong1:1	15.488508	false	0.000000	cantomap	true	1991	10	dyun1	false	single_corpus_review	unreviewed	
2565	等邊	0	0.000000			0.000000		3	30.977015	f	f:2|v:1	dang2bin1:3	15.488508	false	0.000000	cantomap	false				false	single_corpus_review	unreviewed	
2566	範圍	0	0.000000			0.000000		3	30.977015	n	n:2|v:1	faan6wai4:3	15.488508	false	0.000000	cantomap	false				false	single_corpus_review	unreviewed	
2567	精準	0	0.000000			0.000000		3	30.977015	a	a:3	zing1zeon2:3	15.488508	false	0.000000	cantomap	false				false	single_corpus_review	unreviewed	
2568	純潔	0	0.000000			0.000000		3	30.977015	a	a:3	seon4git3:3	15.488508	false	0.000000	cantomap	false				false	single_corpus_review	unreviewed	
2569	萍	0	0.000000			0.000000		3	30.977015	n	n:2|d:1	ping4:3	15.488508	false	0.000000	cantomap	true	295	115	ping4	false	single_corpus_review	unreviewed	
2570	萍恨	0	0.000000			0.000000		3	30.977015	Ng	Ng:1|x:1|n:1	ping4han6:3	15.488508	false	0.000000	cantomap	false				false	single_corpus_review	unreviewed	
2571	著	0	0.000000			0.000000		3	30.977015	v	v:2|n:1	zyu3:3	15.488508	false	0.000000	cantomap	true	1446	15	zyu3	false	single_corpus_review	unreviewed	
2572	蕩失路	0	0.000000			0.000000		3	30.977015	e	e:1|n:1|Ng:1	dong6sat1lou6:3	15.488508	false	0.000000	cantomap	false				false	single_corpus_review	unreviewed	
2573	表達	0	0.000000			0.000000		3	30.977015	v	v:3	biu2daat6:3	15.488508	false	0.000000	cantomap	true	791	33	biu2daat6	false	single_corpus_review	unreviewed	
2574	角落	0	0.000000			0.000000		3	30.977015	v	v:3	gok3lok1:3	15.488508	false	0.000000	cantomap	false				false	single_corpus_review	unreviewed	
2575	角落頭	0	0.000000			0.000000		3	30.977015	a	a:2|n:1	gok3lok1tau2:3	15.488508	false	0.000000	cantomap	false				false	single_corpus_review	unreviewed	
2576	貧	0	0.000000			0.000000		3	30.977015	n	n:2|v:1	pan4:3	15.488508	false	0.000000	cantomap	true	528	56	pan4	false	single_corpus_review	unreviewed	
2577	貧善大廈	0	0.000000			0.000000		3	30.977015	v	v:2|n:1	pan4sin6daai6haa6:3	15.488508	false	0.000000	cantomap	false				false	single_corpus_review	unreviewed	
2578	賀	0	0.000000			0.000000		3	30.977015	Nsg	Nsg:1|n:1|v:1	ho6:3	15.488508	false	0.000000	cantomap	true	1447	15	ho6	false	single_corpus_review	unreviewed	
2579	達	0	0.000000			0.000000		3	30.977015	v	v:3	daat6:3	15.488508	false	0.000000	cantomap	false				false	single_corpus_review	unreviewed	
2580	遠怨墓	0	0.000000			0.000000		3	30.977015	v	v:2|n:1	jyun5jyun3mou6:3	15.488508	false	0.000000	cantomap	false				false	single_corpus_review	unreviewed	
2581	還是	0	0.000000			0.000000		3	30.977015	v	v:2|n:1	waan4si6:3	15.488508	false	0.000000	cantomap	false				false	single_corpus_review	unreviewed	
2582	重覆	0	0.000000			0.000000		3	30.977015	v	v:2|a:1	cung4fuk1:3	15.488508	false	0.000000	cantomap	false				false	single_corpus_review	unreviewed	
2583	野	0	0.000000			0.000000		3	30.977015	n	n:3	je5:3	15.488508	false	0.000000	cantomap	false				false	single_corpus_review	unreviewed	
2584	長度	0	0.000000			0.000000		3	30.977015	n	n:3	coeng4dou6:3	15.488508	false	0.000000	cantomap	false				false	single_corpus_review	unreviewed	
2585	陪提杯	0	0.000000			0.000000		3	30.977015	n	n:2|v:1	pui4tai4bui1:3	15.488508	false	0.000000	cantomap	false				false	single_corpus_review	unreviewed	
2586	陶排工場	0	0.000000			0.000000		3	30.977015	n	n:3	tou4paai4gung1coeng4:3	15.488508	false	0.000000	cantomap	false				false	single_corpus_review	unreviewed	
2587	陶瓷	0	0.000000			0.000000		3	30.977015	v	v:3	tou4ci4:3	15.488508	false	0.000000	cantomap	false				false	single_corpus_review	unreviewed	
2588	雞髀	0	0.000000			0.000000		3	30.977015	n	n:3	gai1bei2:3	15.488508	false	0.000000	cantomap	false				false	single_corpus_review	unreviewed	
2589	零點二	0	0.000000			0.000000		3	30.977015	m	m:2|n:1	ling4dim2ji6:3	15.488508	false	0.000000	cantomap	false				false	single_corpus_review	unreviewed	
2590	韻靚洞	0	0.000000			0.000000		3	30.977015	v	v:1|n:1|Ng:1	wan5leng3dung6:3	15.488508	false	0.000000	cantomap	false				false	single_corpus_review	unreviewed	
2591	順利	0	0.000000			0.000000		3	30.977015	v	v:1|a:1|ns:1	seon6lei6:3	15.488508	false	0.000000	cantomap	false				false	single_corpus_review	unreviewed	
2592	領憂	0	0.000000			0.000000		3	30.977015	n	n:1|Vg:1|x:1	ling5jau1:3	15.488508	false	0.000000	cantomap	false				false	single_corpus_review	unreviewed	
2593	風車	0	0.000000			0.000000		3	30.977015	n	n:3	fung1ce1:3	15.488508	false	0.000000	cantomap	true	376	84	fung1ce1	false	single_corpus_review	unreviewed	
2594	飯碗	0	0.000000			0.000000		3	30.977015	n	n:1|x:1|nr:1	faan6wun2:3	15.488508	false	0.000000	cantomap	false				false	single_corpus_review	unreviewed	
2595	駱駝	0	0.000000			0.000000		3	30.977015	n	n:2|v:1	lok3to4:3	15.488508	false	0.000000	cantomap	false				false	single_corpus_review	unreviewed	
2596	默契	0	0.000000			0.000000		3	30.977015	v	v:2|vn:1	mak6kai3:3	15.488508	false	0.000000	cantomap	false				false	single_corpus_review	unreviewed	
2597	鼻樹	0	0.000000			0.000000		3	30.977015	n	n:1|x:1|v:1	bei6syu6:3	15.488508	false	0.000000	cantomap	false				false	single_corpus_review	unreviewed	
2598	七七八八	1	8.130213	i	i:1	0.000000	cat1cat1baat3baat3:1	2	20.651343	m	m:2	cat1cat1baat3baat3:2	14.390778	true	0.393689	cantomap	false				false	general_lexicality_review	unreviewed	
2599	到達	1	8.130213	v	v:1	0.000000	dou3daat6:1	2	20.651343	v	v:2	dou3daat6:2	14.390778	true	0.393689	cantomap	false				false	general_lexicality_review	unreviewed	
2600	即時	1	8.130213	d	d:1	0.000000	zik1si4:1	2	20.651343	t	t:1|d:1	zik1si4:2	14.390778	true	0.393689	cantomap	false				false	general_lexicality_review	unreviewed	
2601	因	1	8.130213	c	c:1	0.000000	jan1:1	2	20.651343	d	d:2	jan1:2	14.390778	true	0.393689	cantomap	true	734	36	jan1	false	general_lexicality_review	unreviewed	
2602	外	1	8.130213	x	x:1	0.000000	ngoi6:1	2	20.651343	n	n:1|x:1	ngoi6:2	14.390778	true	0.393689	cantomap	true	787	33	ngoi6|oi6	false	general_lexicality_review	unreviewed	
2603	實際上	1	8.130213	d	d:1	0.000000	sat6zai3soeng6:1	2	20.651343	d	d:2	sat6zai3soeng6:2	14.390778	true	0.393689	cantomap	true	1834	11	sat6zai3soeng6	false	general_lexicality_review	unreviewed	
2604	寫字	1	8.130213	v	v:1	0.000000	se2zi6:1	2	20.651343	v	v:2	se2zi6:2	14.390778	true	0.393689	cantomap	false				false	general_lexicality_review	unreviewed	
2605	尖	1	8.130213	a	a:1	0.000000	zim1:1	2	20.651343	ns	ns:2	zim1:2	14.390778	true	0.393689	cantomap	true	1078	22	zim1	false	general_lexicality_review	unreviewed	
2606	想像	1	8.130213	v	v:1	0.000000	soeng2zoeng6:1	2	20.651343	v	v:2	soeng2zoeng6:2	14.390778	true	0.393689	cantomap	false				false	general_lexicality_review	unreviewed	
2607	撇	1	8.130213	v	v:1	0.000000	pit3:1	2	20.651343	q	q:2	pit3:2	14.390778	true	0.393689	cantomap	false				false	general_lexicality_review	unreviewed	
2608	既然	1	8.130213	c	c:1	0.000000	gei3jin4:1	2	20.651343	c	c:2	gei3jin4:2	14.390778	true	0.393689	cantomap	true	1676	12	gei3jin4	false	general_lexicality_review	unreviewed	
2609	曲	1	8.130213	Ng	Ng:1	0.000000	kuk1:1	2	20.651343	v	v:2	kuk1:2	14.390778	true	0.393689	cantomap	true	1909	10	kuk1	false	general_lexicality_review	unreviewed	
2610	沉	1	8.130213	v	v:1	0.000000	cam4:1	2	20.651343	Ng	Ng:1|n:1	cam4:2	14.390778	true	0.393689	cantomap	false				false	general_lexicality_review	unreviewed	
2611	沙	1	8.130213	n	n:1	0.000000	saa1:1	2	20.651343	ns	ns:1|x:1	saa1:2	14.390778	true	0.393689	cantomap	true	1493	14	saa1	false	general_lexicality_review	unreviewed	
2612	球	1	8.130213	q	q:1	0.000000	kau4:1	2	20.651343	n	n:2	kau4:2	14.390778	true	0.393689	cantomap	false				false	general_lexicality_review	unreviewed	
2613	環繞	1	8.130213	v	v:1	0.000000	waan4jiu2:1	2	20.651343	v	v:1|n:1	waan4jiu5:2	14.390778	true	0.393689	cantomap	false				false	general_lexicality_review	unreviewed	
2614	直至	1	8.130213	d	d:1	0.000000	zik6zi3:1	2	20.651343	d	d:1|a:1	zik6zi3:2	14.390778	true	0.393689	cantomap	false				false	general_lexicality_review	unreviewed	
2615	第五	1	8.130213	m	m:1	0.000000	dai6ng5:1	2	20.651343	m	m:2	dai6ng5:2	14.390778	true	0.393689	cantomap	false				false	general_lexicality_review	unreviewed	
2616	聰明	1	8.130213	a	a:1	0.000000	cung1ming4:1	2	20.651343	v	v:1|nr:1	cung1ming4:2	14.390778	true	0.393689	cantomap	false				false	general_lexicality_review	unreviewed	
2617	草	1	8.130213	n	n:1	0.000000	cou2:1	2	20.651343	n	n:2	cou2:2	14.390778	true	0.393689	cantomap	false				false	general_lexicality_review	unreviewed	
2618	請問	1	8.130213	v	v:1	0.000000	cing2man6:1	2	20.651343	v	v:2	ceng2man6:2	14.390778	true	0.393689	cantomap	false				false	general_lexicality_review	unreviewed	
2619	鉛筆	1	8.130213	n	n:1	0.000000	jyun4bat1:1	2	20.651343	n	n:2	jun4bat1:2	14.390778	true	0.393689	cantomap	false				false	general_lexicality_review	unreviewed	
2620	陰影	1	8.130213	n	n:1	0.000000	jam1jing2:1	2	20.651343	n	n:2	jam1jing2:2	14.390778	true	0.393689	cantomap	false				false	general_lexicality_review	unreviewed	
2621	難度	1	8.130213	n	n:1	0.000000	naan4dou6:1	2	20.651343	xx	xx:1|n:1	naan4dou6:2	14.390778	true	0.393689	cantomap	false				false	general_lexicality_review	unreviewed	
2622	靠近	1	8.130213	v	v:1	0.000000	kaau3gan6:1	2	20.651343	v	v:2	kaau3gan6:2	14.390778	true	0.393689	cantomap	false				false	general_lexicality_review	unreviewed	
2623	三十二	2	16.260427	m	m:2	0.000000	saam1sap6ji6:2	1	10.325672	m	m:1	saam1sap6ji6:1	13.293049	true	0.635018	hkcancor	false				false	general_lexicality_review	unreviewed	
2624	享受	2	16.260427	v	v:2	0.000000	hoeng2sau6:2	1	10.325672	v	v:1	hoeng2sau6:1	13.293049	true	0.635018	hkcancor	false				false	general_lexicality_review	unreviewed	
2625	假設	2	16.260427	v	v:2	0.000000	gaa2cit3:2	1	10.325672	v	v:1	gaa2cit3:1	13.293049	true	0.635018	hkcancor	false				false	general_lexicality_review	unreviewed	
2626	分享	2	16.260427	v	v:2	0.000000	fan1hoeng2:2	1	10.325672	n	n:1	fan1hoeng2:1	13.293049	true	0.635018	hkcancor	false				false	general_lexicality_review	unreviewed	
2627	刺激	2	16.260427	a	a:2	0.000000	ci3gik1:2	1	10.325672	a	a:1	ci3gik1:1	13.293049	true	0.635018	hkcancor	false				false	general_lexicality_review	unreviewed	
2628	劃	2	16.260427	v	v:2	0.000000	waak6:2	1	10.325672	q	q:1	waak6:1	13.293049	true	0.635018	hkcancor	false				false	general_lexicality_review	unreviewed	
2629	十二點鐘	2	16.260427	t	t:2	0.000000	sap6ji6dim2zung1:2	1	10.325672	t	t:1	sap6ji6dim2zung1:1	13.293049	true	0.635018	hkcancor	false				false	general_lexicality_review	unreviewed	
2630	唔覺意	2	16.260427	v	v:2	0.000000	m4gok3ji3:2	1	10.325672	n	n:1	m4gok3ji3:1	13.293049	true	0.635018	hkcancor	false				false	general_lexicality_review	unreviewed	
2631	四成	2	16.260427	m	m:2	0.000000	sei3sing4:2	1	10.325672	m	m:1	sei3sing4:1	13.293049	true	0.635018	hkcancor	false				false	general_lexicality_review	unreviewed	
2632	如何	2	16.260427	r	r:2	0.000000	jyu4ho4:2	1	10.325672	a	a:1	ju4ho4:1	13.293049	true	0.635018	hkcancor	false				false	general_lexicality_review	unreviewed	
2633	姐	2	16.260427	n	n:2	0.000000	ze1:2	1	10.325672	n	n:1	ze2:1	13.293049	true	0.635018	hkcancor	false				false	general_lexicality_review	unreviewed	
2634	實際	2	16.260427	a	a:2	0.000000	sat6zai3:2	1	10.325672	n	n:1	sat6zai3:1	13.293049	true	0.635018	hkcancor	true	1989	10	sat6zai3	false	general_lexicality_review	unreviewed	
2635	小時	2	16.260427	n	n:2	0.000000	siu2si4:2	1	10.325672	n	n:1	siu2si4:1	13.293049	true	0.635018	hkcancor	false				false	general_lexicality_review	unreviewed	
2636	幾點鐘	2	16.260427	r	r:2	0.000000	gei2dim2zung1:2	1	10.325672	d	d:1	gei2dim2zung1:1	13.293049	true	0.635018	hkcancor	false				false	general_lexicality_review	unreviewed	
2637	廢話	2	16.260427	n	n:2	0.000000	fai3waa2:2	1	10.325672	n	n:1	fai3waa2:1	13.293049	true	0.635018	hkcancor	false				false	general_lexicality_review	unreviewed	
2638	心急	2	16.260427	a	a:2	0.000000	sam1gap1:2	1	10.325672	n	n:1	sam1gap1:1	13.293049	true	0.635018	hkcancor	false				false	general_lexicality_review	unreviewed	
2639	心情	2	16.260427	n	n:2	0.000000	sam1cing4:2	1	10.325672	n	n:1	sam1cing4:1	13.293049	true	0.635018	hkcancor	false				false	general_lexicality_review	unreviewed	
2640	感受	2	16.260427	v	v:1|vn:1	0.000000	gam2sau6:2	1	10.325672	v	v:1	gam2sau6:1	13.293049	true	0.635018	hkcancor	true	832	31	gam2sau6	false	general_lexicality_review	unreviewed	
2641	扮嘢	2	16.260427	v	v:2	0.000000	baan6je5:2	1	10.325672	v	v:1	baan6je5:1	13.293049	true	0.635018	hkcancor	false				false	general_lexicality_review	unreviewed	
2642	排位	2	16.260427	v	v:1|n:1	0.000000	paai4wai2:2	1	10.325672	n	n:1	paai4wai2:1	13.293049	true	0.635018	hkcancor	false				false	general_lexicality_review	unreviewed	
2643	期間	2	16.260427	t	t:2	0.000000	kei4gaan1:2	1	10.325672	n	n:1	kei4gaan1:1	13.293049	true	0.635018	hkcancor	true	1975	10	kei4gaan1	false	general_lexicality_review	unreviewed	
2644	果然	2	16.260427	d	d:2	0.000000	gwo2jin4:2	1	10.325672	d	d:1	gwo2jin4:1	13.293049	true	0.635018	hkcancor	false				false	general_lexicality_review	unreviewed	
2645	根	2	16.260427	nr	nr:2	1.000000	gan1:2	1	10.325672	n	n:1	gan1:1	13.293049	true	0.635018	hkcancor	false				false	proper_name_review	unreviewed	
2646	流	2	16.260427	v	v:2	0.000000	lau4:2	1	10.325672	v	v:1	lau4:1	13.293049	true	0.635018	hkcancor	false				false	general_lexicality_review	unreviewed	
2647	物	2	16.260427	r	r:2	0.000000	mat6:2	1	10.325672	n	n:1	mat6:1	13.293049	true	0.635018	hkcancor	false				false	general_lexicality_review	unreviewed	
2648	稍為	2	16.260427	d	d:2	0.000000	saau2wai4:2	1	10.325672	d	d:1	saau2wai4:1	13.293049	true	0.635018	hkcancor	false				false	general_lexicality_review	unreviewed	
2649	細心	2	16.260427	a	a:2	0.000000	sai3sam1:2	1	10.325672	n	n:1	sai3sam1:1	13.293049	true	0.635018	hkcancor	false				false	general_lexicality_review	unreviewed	
2650	舉手	2	16.260427	v	v:2	0.000000	geoi2sau2:2	1	10.325672	v	v:1	geoi2sau2:1	13.293049	true	0.635018	hkcancor	false				false	general_lexicality_review	unreviewed	
2651	落筆	2	16.260427	v	v:2	0.000000	lok6bat1:2	1	10.325672	v	v:1	lok6bat1:1	13.293049	true	0.635018	hkcancor	false				false	general_lexicality_review	unreviewed	
2652	進行	2	16.260427	v	v:2	0.000000	zeon3hang4:2	1	10.325672	v	v:1	zeon3hang4:1	13.293049	true	0.635018	hkcancor	false				false	general_lexicality_review	unreviewed	
2653	過渡	2	16.260427	v	v:2	0.000000	gwo3dou6:2	1	10.325672	n	n:1	gwo3dou6:1	13.293049	true	0.635018	hkcancor	false				false	general_lexicality_review	unreviewed	
2654	過頭	2	16.260427	u	u:2	0.000000	gwo3tau4:2	1	10.325672	u	u:1	gwo3tau4:1	13.293049	true	0.635018	hkcancor	false				false	general_lexicality_review	unreviewed	
2655	頗	2	16.260427	d	d:2	0.000000	po2:2	1	10.325672	d	d:1	po2:1	13.293049	true	0.635018	hkcancor	false				false	general_lexicality_review	unreviewed	
2656	香蕉	2	16.260427	nr	nr:1|n:1	0.500000	hoeng1ziu1:2	1	10.325672	n	n:1	hoeng1ziu1:1	13.293049	true	0.635018	hkcancor	false				false	general_lexicality_review	unreviewed	
2657	一五五零	3	24.390640	m	m:3	0.000000	jat1ng5ng5ling4:3	0	0.000000				12.195320	false	0.000000	hkcancor	false				false	single_corpus_review	unreviewed	
2658	一六八	3	24.390640	m	m:3	0.000000	jat1luk6baat3:3	0	0.000000				12.195320	false	0.000000	hkcancor	false				false	single_corpus_review	unreviewed	
2659	一千	3	24.390640	m	m:3	0.000000	jat1cin1:3	0	0.000000				12.195320	false	0.000000	hkcancor	false				false	single_corpus_review	unreviewed	
2660	一時時	3	24.390640	d	d:3	0.000000	jat1si2si4:2|jat1si4si4:1	0	0.000000				12.195320	false	0.000000	hkcancor	false				false	single_corpus_review	unreviewed	
2661	一月	3	24.390640	t	t:3	0.000000	jat1jyut6:3	0	0.000000				12.195320	false	0.000000	hkcancor	false				false	single_corpus_review	unreviewed	
2662	七彩神仙	3	24.390640	n	n:3	0.000000	cat1coi2san4sin1:3	0	0.000000				12.195320	false	0.000000	hkcancor	false				false	single_corpus_review	unreviewed	
2663	七百	3	24.390640	m	m:3	0.000000	cat1baak3:3	0	0.000000				12.195320	false	0.000000	hkcancor	false				false	single_corpus_review	unreviewed	
2664	三保	3	24.390640	jn	jn:3	0.000000	saam1bou2:3	0	0.000000				12.195320	false	0.000000	hkcancor	false				false	single_corpus_review	unreviewed	
2665	三分一	3	24.390640	m	m:3	0.000000	saam1fan6jat1:3	0	0.000000				12.195320	false	0.000000	hkcancor	false				false	single_corpus_review	unreviewed	
2666	三千零	3	24.390640	m	m:3	0.000000	saam1cin1leng4:3	0	0.000000				12.195320	false	0.000000	hkcancor	false				false	single_corpus_review	unreviewed	
2667	三流	3	24.390640	b	b:3	0.000000	saam1lau4:3	0	0.000000				12.195320	false	0.000000	hkcancor	false				false	single_corpus_review	unreviewed	
2668	三百五十萬	3	24.390640	m	m:3	0.000000	saam1baak3ng5sap6maan6:3	0	0.000000				12.195320	false	0.000000	hkcancor	false				false	single_corpus_review	unreviewed	
2669	不知所謂	3	24.390640	i	i:3	0.000000	bat1zi1so2wai6:3	0	0.000000				12.195320	false	0.000000	hkcancor	false				false	single_corpus_review	unreviewed	
2670	丙	3	24.390640	v	v:3	0.000000	bing2:3	0	0.000000				12.195320	false	0.000000	hkcancor	false				false	single_corpus_review	unreviewed	
2671	中五	3	24.390640	jb	jb:3	0.000000	zung1ng5:3	0	0.000000				12.195320	false	0.000000	hkcancor	false				false	single_corpus_review	unreviewed	
2672	中年	3	24.390640	n	n:3	0.000000	zung1nin4:3	0	0.000000				12.195320	false	0.000000	hkcancor	false				false	single_corpus_review	unreviewed	
2673	中途	3	24.390640	f	f:2|b:1	0.000000	zung1tou4:3	0	0.000000				12.195320	false	0.000000	hkcancor	false				false	single_corpus_review	unreviewed	
2674	主人zaa1	3	24.390640	n	n:3	0.000000	zyu2jan4zaa1:3	0	0.000000				12.195320	false	0.000000	hkcancor	false				false	single_corpus_review	unreviewed	
2675	主人家	3	24.390640	n	n:3	0.000000	zyu2jan4gaa1:3	0	0.000000				12.195320	false	0.000000	hkcancor	false				false	single_corpus_review	unreviewed	
2676	之上	3	24.390640	f	f:3	0.000000	zi1soeng6:3	0	0.000000				12.195320	false	0.000000	hkcancor	false				false	single_corpus_review	unreviewed	
2677	乜野	3	24.390640	r	r:3	0.000000	mat1je5:3	0	0.000000				12.195320	false	0.000000	hkcancor	false				false	single_corpus_review	unreviewed	
2678	九十幾	3	24.390640	m	m:3	0.000000	gau2sap6gei2:3	0	0.000000				12.195320	false	0.000000	hkcancor	false				false	single_corpus_review	unreviewed	
2679	事件	3	24.390640	n	n:3	0.000000	si6gin2:3	0	0.000000				12.195320	false	0.000000	hkcancor	false				false	single_corpus_review	unreviewed	
2680	事關	3	24.390640	v	v:3	0.000000	si6gwaan1:3	0	0.000000				12.195320	false	0.000000	hkcancor	false				false	single_corpus_review	unreviewed	
2681	二月	3	24.390640	t	t:3	0.000000	ji6jyut6:3	0	0.000000				12.195320	false	0.000000	hkcancor	false				false	single_corpus_review	unreviewed	
2682	五號	3	24.390640	t	t:3	0.000000	ng5hou6:3	0	0.000000				12.195320	false	0.000000	hkcancor	false				false	single_corpus_review	unreviewed	
2683	人名	3	24.390640	n	n:3	0.000000	jan4meng2:3	0	0.000000				12.195320	false	0.000000	hkcancor	false				false	single_corpus_review	unreviewed	
2684	人心惶惶	3	24.390640	i	i:3	0.000000	jan4sam1wong4wong4:3	0	0.000000				12.195320	false	0.000000	hkcancor	false				false	single_corpus_review	unreviewed	
2685	人生	3	24.390640	n	n:3	0.000000	jan4sang1:3	0	0.000000				12.195320	false	0.000000	hkcancor	true	1867	10	jan4sang1	false	single_corpus_review	unreviewed	
2686	代	3	24.390640	q	q:3	0.000000	doi6:3	0	0.000000				12.195320	false	0.000000	hkcancor	false				false	single_corpus_review	unreviewed	
2687	以內	3	24.390640	f	f:3	0.000000	ji5noi6:3	0	0.000000				12.195320	false	0.000000	hkcancor	false				false	single_corpus_review	unreviewed	
2688	以至	3	24.390640	c	c:3	0.000000	ji5zi3:3	0	0.000000				12.195320	false	0.000000	hkcancor	false				false	single_corpus_review	unreviewed	
2689	仲係	3	24.390640	d	d:3	0.000000	zung6hai6:3	0	0.000000				12.195320	false	0.000000	hkcancor	false				false	single_corpus_review	unreviewed	
2690	伸	3	24.390640	v	v:3	0.000000	san1:3	0	0.000000				12.195320	false	0.000000	hkcancor	false				false	single_corpus_review	unreviewed	
2691	余	3	24.390640	nr	nr:3	1.000000	jyu4:3	0	0.000000				12.195320	false	0.000000	hkcancor	false				false	proper_name_review	unreviewed	
2692	佛教	3	24.390640	n	n:3	0.000000	fat6gaau3:3	0	0.000000				12.195320	false	0.000000	hkcancor	false				false	single_corpus_review	unreviewed	
2693	作弊	3	24.390640	v	v:3	0.000000	zok3bai6:3	0	0.000000				12.195320	false	0.000000	hkcancor	false				false	single_corpus_review	unreviewed	
2694	來回	3	24.390640	n	n:3	0.000000	loi4wui4:3	0	0.000000				12.195320	false	0.000000	hkcancor	false				false	single_corpus_review	unreviewed	
2695	來自	3	24.390640	p	p:2|v:1	0.000000	lai4zi6:3	0	0.000000				12.195320	false	0.000000	hkcancor	false				false	single_corpus_review	unreviewed	
2696	供	3	24.390640	v	v:3	0.000000	gung1:3	0	0.000000				12.195320	false	0.000000	hkcancor	false				false	single_corpus_review	unreviewed	
2697	侵犯	3	24.390640	v	v:3	0.000000	cam1faan6:3	0	0.000000				12.195320	false	0.000000	hkcancor	false				false	single_corpus_review	unreviewed	
2698	俊興	3	24.390640	nr	nr:3	1.000000	zeon3hing1:3	0	0.000000				12.195320	false	0.000000	hkcancor	false				false	proper_name_review	unreviewed	
2699	信差	3	24.390640	n	n:3	0.000000	seon3caai1:3	0	0.000000				12.195320	false	0.000000	hkcancor	false				false	single_corpus_review	unreviewed	
2700	個人	3	24.390640	n	n:3	0.000000	go3jan4:3	0	0.000000				12.195320	false	0.000000	hkcancor	true	140	284	go3jan4	false	single_corpus_review	unreviewed	
2701	個案	3	24.390640	n	n:3	0.000000	go3on3:3	0	0.000000				12.195320	false	0.000000	hkcancor	true	1946	10	go3on3	false	single_corpus_review	unreviewed	
2702	倒閉	3	24.390640	v	v:3	0.000000	dou2bai3:3	0	0.000000				12.195320	false	0.000000	hkcancor	false				false	single_corpus_review	unreviewed	
2703	做成	3	24.390640	v	v:3	0.000000	zou6sing4:3	0	0.000000				12.195320	false	0.000000	hkcancor	false				false	single_corpus_review	unreviewed	
2704	偷雞	3	24.390640	v	v:3	0.000000	tau1gai1:3	0	0.000000				12.195320	false	0.000000	hkcancor	false				false	single_corpus_review	unreviewed	
2705	催	3	24.390640	v	v:3	0.000000	ceoi1:3	0	0.000000				12.195320	false	0.000000	hkcancor	false				false	single_corpus_review	unreviewed	
2706	光	3	24.390640	a	a:3	0.000000	gwong1:3	0	0.000000				12.195320	false	0.000000	hkcancor	true	1757	11	gwong1	false	single_corpus_review	unreviewed	
2707	光豬	3	24.390640	n	n:3	0.000000	gwong1zyu1:3	0	0.000000				12.195320	false	0.000000	hkcancor	false				false	single_corpus_review	unreviewed	
2708	兔仔	3	24.390640	n	n:3	0.000000	tou3zai2:3	0	0.000000				12.195320	false	0.000000	hkcancor	true	1924	10	*tou3zai2|zi2	false	single_corpus_review	unreviewed	
2709	入口	3	24.390640	v	v:3	0.000000	jap6hau2:3	0	0.000000				12.195320	false	0.000000	hkcancor	false				false	single_corpus_review	unreviewed	
2710	內地	3	24.390640	s	s:3	0.000000	noi6dei6:3	0	0.000000				12.195320	false	0.000000	hkcancor	false				false	single_corpus_review	unreviewed	
2711	八六年	3	24.390640	t	t:3	0.000000	baat3luk6nin4:3	0	0.000000				12.195320	false	0.000000	hkcancor	false				false	single_corpus_review	unreviewed	
2712	八號	3	24.390640	t	t:3	0.000000	baat3hou6:3	0	0.000000				12.195320	false	0.000000	hkcancor	false				false	single_corpus_review	unreviewed	
2713	六幾	3	24.390640	t	t:3	0.000000	luk6gei2:3	0	0.000000				12.195320	false	0.000000	hkcancor	false				false	single_corpus_review	unreviewed	
2714	冇得頂	3	24.390640	a	a:3	0.000000	mou5dak1ding2:3	0	0.000000				12.195320	false	0.000000	hkcancor	false				false	single_corpus_review	unreviewed	
2715	冒牌	3	24.390640	a	a:3	0.000000	mou6paai4:3	0	0.000000				12.195320	false	0.000000	hkcancor	false				false	single_corpus_review	unreviewed	
2716	冷氣被	3	24.390640	n	n:3	0.000000	laang5hei3pei5:3	0	0.000000				12.195320	false	0.000000	hkcancor	false				false	single_corpus_review	unreviewed	
2717	凱悅	3	24.390640	ns	ns:2|nz:1	1.000000	hoi2jyut6:3	0	0.000000				12.195320	false	0.000000	hkcancor	false				false	proper_name_review	unreviewed	
2718	出發	3	24.390640	v	v:3	0.000000	ceot1faat3:3	0	0.000000				12.195320	false	0.000000	hkcancor	false				false	single_corpus_review	unreviewed	
2719	刀	3	24.390640	n	n:2|q:1	0.000000	dou1:3	0	0.000000				12.195320	false	0.000000	hkcancor	false				false	single_corpus_review	unreviewed	
2720	分擔	3	24.390640	v	v:3	0.000000	fan1daam1:3	0	0.000000				12.195320	false	0.000000	hkcancor	false				false	single_corpus_review	unreviewed	
2721	刑事	3	24.390640	n	n:3	0.000000	jing4si6:3	0	0.000000				12.195320	false	0.000000	hkcancor	true	1042	23	jing4si6	false	single_corpus_review	unreviewed	
2722	初	3	24.390640	t	t:2|f:1	0.000000	co1:3	0	0.000000				12.195320	false	0.000000	hkcancor	false				false	single_corpus_review	unreviewed	
2723	利用	3	24.390640	v	v:3	0.000000	lei6jung6:3	0	0.000000				12.195320	false	0.000000	hkcancor	false				false	single_corpus_review	unreviewed	
2724	前途	3	24.390640	n	n:3	0.000000	cin4tou4:3	0	0.000000				12.195320	false	0.000000	hkcancor	false				false	single_corpus_review	unreviewed	
2725	功能	3	24.390640	n	n:3	0.000000	gung1nang4:3	0	0.000000				12.195320	false	0.000000	hkcancor	false				false	single_corpus_review	unreviewed	
2726	劫	3	24.390640	n	n:2|v:1	0.000000	gip3:3	0	0.000000				12.195320	false	0.000000	hkcancor	false				false	single_corpus_review	unreviewed	
2727	勝任	3	24.390640	v	v:2|n:1	0.000000	sing1jam6:3	0	0.000000				12.195320	false	0.000000	hkcancor	false				false	single_corpus_review	unreviewed	
2728	匯豐	3	24.390640	nt	nt:3	1.000000	wui6fung1:3	0	0.000000				12.195320	false	0.000000	hkcancor	false				false	proper_name_review	unreviewed	
2729	千二	3	24.390640	m	m:3	0.000000	cin1ji6:3	0	0.000000				12.195320	false	0.000000	hkcancor	false				false	single_corpus_review	unreviewed	
2730	卒之	3	24.390640	c	c:2|d:1	0.000000	zeot1zi1:3	0	0.000000				12.195320	false	0.000000	hkcancor	false				false	single_corpus_review	unreviewed	
2731	南洋	3	24.390640	ns	ns:3	1.000000	naam4joeng2:3	0	0.000000				12.195320	false	0.000000	hkcancor	false				false	proper_name_review	unreviewed	
2732	危險	3	24.390640	a	a:2|n:1	0.000000	ngai4him2:3	0	0.000000				12.195320	false	0.000000	hkcancor	false				false	single_corpus_review	unreviewed	
2733	卵	3	24.390640	n	n:3	0.000000	leon2:3	0	0.000000				12.195320	false	0.000000	hkcancor	false				false	single_corpus_review	unreviewed	
2734	厚	3	24.390640	a	a:3	0.000000	hau5:3	0	0.000000				12.195320	false	0.000000	hkcancor	false				false	single_corpus_review	unreviewed	
2735	原	3	24.390640	Ag	Ag:3	0.000000	jyun4:3	0	0.000000				12.195320	false	0.000000	hkcancor	true	1947	10	jyun4	false	single_corpus_review	unreviewed	
2736	厭	3	24.390640	v	v:3	0.000000	jim3:3	0	0.000000				12.195320	false	0.000000	hkcancor	false				false	single_corpus_review	unreviewed	
2737	去邊	3	24.390640	r	r:3	0.000000	heoi3bin1:3	0	0.000000				12.195320	false	0.000000	hkcancor	true	847	30	*heoi3bin1	true	known_nonatomic_or_invalid	unreviewed	
2738	參考	3	24.390640	v	v:3	0.000000	caam1haau2:3	0	0.000000				12.195320	false	0.000000	hkcancor	true	1599	13	caam1haau2	false	single_corpus_review	unreviewed	
2739	取消	3	24.390640	v	v:3	0.000000	ceoi2siu1:3	0	0.000000				12.195320	false	0.000000	hkcancor	false				false	single_corpus_review	unreviewed	
2740	口味	3	24.390640	n	n:3	0.000000	hau2mei6:3	0	0.000000				12.195320	false	0.000000	hkcancor	false				false	single_corpus_review	unreviewed	
2741	另一個	3	24.390640	r	r:3	0.000000	ling6jat1go3:3	0	0.000000				12.195320	false	0.000000	hkcancor	false				false	single_corpus_review	unreviewed	
2742	合眼緣	3	24.390640	l	l:3	0.000000	hap6ngaan5jyun4:3	0	0.000000				12.195320	false	0.000000	hkcancor	false				false	single_corpus_review	unreviewed	
2743	同步	3	24.390640	d	d:2|a:1	0.000000	tung4bou6:3	0	0.000000				12.195320	false	0.000000	hkcancor	false				false	single_corpus_review	unreviewed	
2744	吧	3	24.390640	n	n:3	0.000000	baa1:3	0	0.000000				12.195320	false	0.000000	hkcancor	false				false	single_corpus_review	unreviewed	
2745	吸納	3	24.390640	v	v:3	0.000000	kap1naap6:3	0	0.000000				12.195320	false	0.000000	hkcancor	false				false	single_corpus_review	unreviewed	
2746	告	3	24.390640	v	v:3	0.000000	gou3:3	0	0.000000				12.195320	false	0.000000	hkcancor	true	1294	17	gou3	false	single_corpus_review	unreviewed	
2747	哼	3	24.390640	e	e:3	0.000000	hng1:3	0	0.000000				12.195320	false	0.000000	hkcancor	false				false	single_corpus_review	unreviewed	
2748	唏噓	3	24.390640	v	v:3	0.000000	hei1heoi1:3	0	0.000000				12.195320	false	0.000000	hkcancor	false				false	single_corpus_review	unreviewed	
2749	唔單止	3	24.390640	d	d:2|c:1	0.000000	m4daan1zi2:3	0	0.000000				12.195320	false	0.000000	hkcancor	false				false	single_corpus_review	unreviewed	
2750	唔止	3	24.390640	d	d:2|v:1	0.000000	m4zi2:3	0	0.000000				12.195320	false	0.000000	hkcancor	false				false	single_corpus_review	unreviewed	
2751	唯有	3	24.390640	d	d:3	0.000000	wai4jau5:3	0	0.000000				12.195320	false	0.000000	hkcancor	true	1960	10	*wai4|wai2jau5	false	single_corpus_review	unreviewed	
2752	商務	3	24.390640	nz	nz:2|nt:1	1.000000	soeng1mou6:3	0	0.000000				12.195320	false	0.000000	hkcancor	false				false	proper_name_review	unreviewed	
2753	商台	3	24.390640	jnt	jnt:2|nz:1	0.333333	soeng1toi4:3	0	0.000000				12.195320	false	0.000000	hkcancor	false				false	single_corpus_review	unreviewed	
2754	商場	3	24.390640	n	n:3	0.000000	soeng1coeng4:3	0	0.000000				12.195320	false	0.000000	hkcancor	false				false	single_corpus_review	unreviewed	
2755	啪	3	24.390640	o	o:3	0.000000	paak1:3	0	0.000000				12.195320	false	0.000000	hkcancor	false				false	single_corpus_review	unreviewed	
2756	喬	3	24.390640	nr	nr:3	1.000000	kiu4:3	0	0.000000				12.195320	false	0.000000	hkcancor	false				false	proper_name_review	unreviewed	
2757	嗜好	3	24.390640	n	n:3	0.000000	si3hou3:3	0	0.000000				12.195320	false	0.000000	hkcancor	false				false	single_corpus_review	unreviewed	
2758	嗰輪	3	24.390640	r	r:3	0.000000	go2leon4:3	0	0.000000				12.195320	false	0.000000	hkcancor	false				false	single_corpus_review	unreviewed	
2759	嘉樂仔	3	24.390640	nr	nr:3	1.000000	gaa1lok6zai2:3	0	0.000000				12.195320	false	0.000000	hkcancor	false				false	proper_name_review	unreviewed	
2760	四十幾	3	24.390640	m	m:3	0.000000	sei3sap6gei2:3	0	0.000000				12.195320	false	0.000000	hkcancor	false				false	single_corpus_review	unreviewed	
2761	四百	3	24.390640	m	m:3	0.000000	sei3baak3:3	0	0.000000				12.195320	false	0.000000	hkcancor	false				false	single_corpus_review	unreviewed	
2762	回魂	3	24.390640	v	v:3	0.000000	wui4wan4:3	0	0.000000				12.195320	false	0.000000	hkcancor	false				false	single_corpus_review	unreviewed	
2763	困境	3	24.390640	n	n:3	0.000000	kwan3ging2:3	0	0.000000				12.195320	false	0.000000	hkcancor	false				false	single_corpus_review	unreviewed	
2764	國腳	3	24.390640	n	n:3	0.000000	gwok3goek3:3	0	0.000000				12.195320	false	0.000000	hkcancor	false				false	single_corpus_review	unreviewed	
2765	團友	3	24.390640	n	n:3	0.000000	tyun4jau5:3	0	0.000000				12.195320	false	0.000000	hkcancor	false				false	single_corpus_review	unreviewed	
2766	地道	3	24.390640	a	a:3	0.000000	dei6dou6:3	0	0.000000				12.195320	false	0.000000	hkcancor	false				false	single_corpus_review	unreviewed	
2767	地鐵	3	24.390640	n	n:3	0.000000	dei6tit3:3	0	0.000000				12.195320	false	0.000000	hkcancor	true	1194	19	dei6tit3	false	single_corpus_review	unreviewed	
2768	城巴	3	24.390640	jnt	jnt:3	0.000000	sing4baa1:3	0	0.000000				12.195320	false	0.000000	hkcancor	false				false	single_corpus_review	unreviewed	
2769	壯觀	3	24.390640	a	a:3	0.000000	zong3gun1:3	0	0.000000				12.195320	false	0.000000	hkcancor	false				false	single_corpus_review	unreviewed	
2770	夢想	3	24.390640	n	n:3	0.000000	mung6soeng2:3	0	0.000000				12.195320	false	0.000000	hkcancor	false				false	single_corpus_review	unreviewed	
2771	大三巴	3	24.390640	ns	ns:3	1.000000	daai6saam1baa1:3	0	0.000000				12.195320	false	0.000000	hkcancor	false				false	proper_name_review	unreviewed	
2772	大人	3	24.390640	n	n:3	0.000000	daai6jan4:3	0	0.000000				12.195320	false	0.000000	hkcancor	false				false	single_corpus_review	unreviewed	
2773	大力	3	24.390640	a	a:3	0.000000	daai6lik6:3	0	0.000000				12.195320	false	0.000000	hkcancor	false				false	single_corpus_review	unreviewed	
2774	大埔	3	24.390640	ns	ns:3	1.000000	daai6bou3:3	0	0.000000				12.195320	false	0.000000	hkcancor	false				false	proper_name_review	unreviewed	
2775	大班	3	24.390640	nr	nr:3	1.000000	daai6baan1:3	0	0.000000				12.195320	false	0.000000	hkcancor	false				false	proper_name_review	unreviewed	
2776	奇妙	3	24.390640	a	a:3	0.000000	kei4miu6:3	0	0.000000				12.195320	false	0.000000	hkcancor	false				false	single_corpus_review	unreviewed	
2777	奇特	3	24.390640	a	a:3	0.000000	kei4dak6:3	0	0.000000				12.195320	false	0.000000	hkcancor	false				false	single_corpus_review	unreviewed	
2778	好味道	3	24.390640	a	a:3	0.000000	hou2mei6dou6:3	0	0.000000				12.195320	false	0.000000	hkcancor	false				false	single_corpus_review	unreviewed	
2779	好在	3	24.390640	v	v:2|a:1	0.000000	hou2zoi6:3	0	0.000000				12.195320	false	0.000000	hkcancor	false				false	single_corpus_review	unreviewed	
2780	好波	3	24.390640	a	a:3	0.000000	hou2bo1:3	0	0.000000				12.195320	false	0.000000	hkcancor	false				false	single_corpus_review	unreviewed	
2781	子由	3	24.390640	nr	nr:3	1.000000	zi2jau4:3	0	0.000000				12.195320	false	0.000000	hkcancor	false				false	proper_name_review	unreviewed	
2782	學位	3	24.390640	n	n:3	0.000000	hok6wai2:3	0	0.000000				12.195320	false	0.000000	hkcancor	false				false	single_corpus_review	unreviewed	
2783	學期	3	24.390640	n	n:3	0.000000	hok6kei4:3	0	0.000000				12.195320	false	0.000000	hkcancor	false				false	single_corpus_review	unreviewed	
2784	學能	3	24.390640	n	n:3	0.000000	hok6nang4:3	0	0.000000				12.195320	false	0.000000	hkcancor	false				false	single_corpus_review	unreviewed	
2785	安全感	3	24.390640	n	n:3	0.000000	on1cyun4gam2:3	0	0.000000				12.195320	false	0.000000	hkcancor	false				false	single_corpus_review	unreviewed	
2786	安排	3	24.390640	v	v:3	0.000000	on1paai4:3	0	0.000000				12.195320	false	0.000000	hkcancor	true	1346	16	on1paai4	false	single_corpus_review	unreviewed	
2787	家碧	3	24.390640	nr	nr:3	1.000000	gaa1bik1:3	0	0.000000				12.195320	false	0.000000	hkcancor	false				false	proper_name_review	unreviewed	
2788	宿舍	3	24.390640	n	n:3	0.000000	suk1se5:3	0	0.000000				12.195320	false	0.000000	hkcancor	false				false	single_corpus_review	unreviewed	
2789	實質	3	24.390640	n	n:2|d:1	0.000000	sat6zat1:3	0	0.000000				12.195320	false	0.000000	hkcancor	false				false	single_corpus_review	unreviewed	
2790	將會	3	24.390640	d	d:2|vu:1	0.000000	zoeng1wui5:3	0	0.000000				12.195320	false	0.000000	hkcancor	false				false	single_corpus_review	unreviewed	
2791	專家	3	24.390640	n	n:3	0.000000	zyun1gaa1:3	0	0.000000				12.195320	false	0.000000	hkcancor	false				false	single_corpus_review	unreviewed	
2792	專心	3	24.390640	a	a:3	0.000000	zyun1sam1:3	0	0.000000				12.195320	false	0.000000	hkcancor	false				false	single_corpus_review	unreviewed	
2793	專注	3	24.390640	v	v:3	0.000000	zyun1zyu3:3	0	0.000000				12.195320	false	0.000000	hkcancor	false				false	single_corpus_review	unreviewed	
2794	專登	3	24.390640	v	v:2|d:1	0.000000	zyun1dang1:3	0	0.000000				12.195320	false	0.000000	hkcancor	false				false	single_corpus_review	unreviewed	
2795	專科	3	24.390640	n	n:3	0.000000	zyun1fo1:3	0	0.000000				12.195320	false	0.000000	hkcancor	false				false	single_corpus_review	unreviewed	
2796	尊嚴	3	24.390640	n	n:3	0.000000	zyun1jim4:3	0	0.000000				12.195320	false	0.000000	hkcancor	true	1317	17	zyun1jim4	false	single_corpus_review	unreviewed	
2797	對上	3	24.390640	f	f:2|a:1	0.000000	deoi3soeng6:2|deoi3soeng5:1	0	0.000000				12.195320	false	0.000000	hkcancor	false				false	single_corpus_review	unreviewed	
2798	導	3	24.390640	v	v:2|Ng:1	0.000000	dou6:3	0	0.000000				12.195320	false	0.000000	hkcancor	false				false	single_corpus_review	unreviewed	
2799	導演	3	24.390640	n	n:3	0.000000	dou6jin2:3	0	0.000000				12.195320	false	0.000000	hkcancor	false				false	single_corpus_review	unreviewed	
2800	小一	3	24.390640	jb	jb:3	0.000000	siu2jat1:3	0	0.000000				12.195320	false	0.000000	hkcancor	false				false	single_corpus_review	unreviewed	
2801	小人物	3	24.390640	n	n:3	0.000000	siu2jan4mat2:3	0	0.000000				12.195320	false	0.000000	hkcancor	false				false	single_corpus_review	unreviewed	
2802	小朋友	3	24.390640	n	n:3	0.000000	siu2pang4jau5:3	0	0.000000				12.195320	false	0.000000	hkcancor	false				false	single_corpus_review	unreviewed	
2803	少娟	3	24.390640	nr	nr:3	1.000000	siu3gyun1:3	0	0.000000				12.195320	false	0.000000	hkcancor	false				false	proper_name_review	unreviewed	
2804	尖沙嘴	3	24.390640	ns	ns:3	1.000000	zim1saa1zeoi2:3	0	0.000000				12.195320	false	0.000000	hkcancor	false				false	proper_name_review	unreviewed	
2805	尺	3	24.390640	q	q:2|n:1	0.000000	cek3:2|cek2:1	0	0.000000				12.195320	false	0.000000	hkcancor	false				false	single_corpus_review	unreviewed	
2806	屈	3	24.390640	v	v:3	0.000000	wat1:3	0	0.000000				12.195320	false	0.000000	hkcancor	false				false	single_corpus_review	unreviewed	
2807	層	3	24.390640	q	q:3	0.000000	cang4:3	0	0.000000				12.195320	false	0.000000	hkcancor	true	1460	15	cang4	false	single_corpus_review	unreviewed	
2808	工具書	3	24.390640	n	n:3	0.000000	gung1geoi6syu1:3	0	0.000000				12.195320	false	0.000000	hkcancor	false				false	single_corpus_review	unreviewed	
2809	工業	3	24.390640	n	n:3	0.000000	gung1jip6:3	0	0.000000				12.195320	false	0.000000	hkcancor	true	1739	11	gung1jip6	false	single_corpus_review	unreviewed	
2810	差人	3	24.390640	n	n:3	0.000000	caai1jan4:3	0	0.000000				12.195320	false	0.000000	hkcancor	false				false	single_corpus_review	unreviewed	
2811	巴黎	3	24.390640	ns	ns:3	1.000000	baa1lai4:3	0	0.000000				12.195320	false	0.000000	hkcancor	false				false	proper_name_review	unreviewed	
2812	希伯來書	3	24.390640	nz	nz:3	1.000000	hei1baak3loi4syu1:3	0	0.000000				12.195320	false	0.000000	hkcancor	false				false	proper_name_review	unreviewed	
2813	師奶	3	24.390640	n	n:3	0.000000	si1naai1:3	0	0.000000				12.195320	false	0.000000	hkcancor	false				false	single_corpus_review	unreviewed	
2814	幫助	3	24.390640	vn	vn:2|v:1	0.000000	bong1zo6:3	0	0.000000				12.195320	false	0.000000	hkcancor	false				false	single_corpus_review	unreviewed	
2815	幫手	3	24.390640	v	v:3	0.000000	bong1sau2:3	0	0.000000				12.195320	false	0.000000	hkcancor	false				false	single_corpus_review	unreviewed	
2816	年資	3	24.390640	n	n:3	0.000000	nin4zi1:3	0	0.000000				12.195320	false	0.000000	hkcancor	false				false	single_corpus_review	unreviewed	
2817	幼稚	3	24.390640	a	a:3	0.000000	jau3zi6:3	0	0.000000				12.195320	false	0.000000	hkcancor	false				false	single_corpus_review	unreviewed	
2818	幾可	3	24.390640	r	r:3	0.000000	gei2ho2:3	0	0.000000				12.195320	false	0.000000	hkcancor	false				false	single_corpus_review	unreviewed	
2819	廚師	3	24.390640	n	n:3	0.000000	cyu4si1:3	0	0.000000				12.195320	false	0.000000	hkcancor	false				false	single_corpus_review	unreviewed	
2820	建議	3	24.390640	v	v:3	0.000000	gin3ji5:3	0	0.000000				12.195320	false	0.000000	hkcancor	false				false	single_corpus_review	unreviewed	
2821	廿三	3	24.390640	m	m:3	0.000000	jaa6saam1:3	0	0.000000				12.195320	false	0.000000	hkcancor	false				false	single_corpus_review	unreviewed	
2822	廿九	3	24.390640	m	m:3	0.000000	jaa6gau2:3	0	0.000000				12.195320	false	0.000000	hkcancor	false				false	single_corpus_review	unreviewed	
2823	廿八號	3	24.390640	t	t:3	0.000000	jaa6baat3hou6:3	0	0.000000				12.195320	false	0.000000	hkcancor	false				false	single_corpus_review	unreviewed	
2824	廿四號	3	24.390640	t	t:3	0.000000	jaa6sei3hou6:3	0	0.000000				12.195320	false	0.000000	hkcancor	false				false	single_corpus_review	unreviewed	
2825	弊傢伙	3	24.390640	l1	l1:2|e:1	0.000000	bai6gaa1fo2:3	0	0.000000				12.195320	false	0.000000	hkcancor	false				false	single_corpus_review	unreviewed	
2826	弱	3	24.390640	a	a:3	0.000000	joek6:3	0	0.000000				12.195320	false	0.000000	hkcancor	false				false	single_corpus_review	unreviewed	
2827	彌敦道	3	24.390640	ns	ns:3	1.000000	lei4deon1dou6:3	0	0.000000				12.195320	false	0.000000	hkcancor	false				false	proper_name_review	unreviewed	
2828	影印	3	24.390640	v	v:3	0.000000	jing2jan3:3	0	0.000000				12.195320	false	0.000000	hkcancor	false				false	single_corpus_review	unreviewed	
2829	影片	3	24.390640	n	n:3	0.000000	jing2pin2:3	0	0.000000				12.195320	false	0.000000	hkcancor	false				false	single_corpus_review	unreviewed	
2830	後生仔	3	24.390640	n	n:3	0.000000	hau6saang1zai2:3	0	0.000000				12.195320	false	0.000000	hkcancor	false				false	single_corpus_review	unreviewed	
2831	德仔	3	24.390640	nr	nr:3	1.000000	dak1zai2:3	0	0.000000				12.195320	false	0.000000	hkcancor	false				false	proper_name_review	unreviewed	
2832	心癮	3	24.390640	n	n:3	0.000000	sam1jan5:3	0	0.000000				12.195320	false	0.000000	hkcancor	false				false	single_corpus_review	unreviewed	
2833	心諗	3	24.390640	v	v:3	0.000000	sam1nam2:3	0	0.000000				12.195320	false	0.000000	hkcancor	false				false	single_corpus_review	unreviewed	
2834	情形	3	24.390640	n	n:3	0.000000	cing4jing4:3	0	0.000000				12.195320	false	0.000000	hkcancor	false				false	single_corpus_review	unreviewed	
2835	愛來	3	24.390640	v	v:3	0.000000	oi3lai4:3	0	0.000000				12.195320	false	0.000000	hkcancor	false				false	single_corpus_review	unreviewed	
2836	慧琪	3	24.390640	nr	nr:3	1.000000	wai6kei4:3	0	0.000000				12.195320	false	0.000000	hkcancor	false				false	proper_name_review	unreviewed	
2837	成世	3	24.390640	d	d:3	0.000000	seng4sai3:3	0	0.000000				12.195320	false	0.000000	hkcancor	false				false	single_corpus_review	unreviewed	
2838	成個	3	24.390640	b	b:3	0.000000	seng4go3:3	0	0.000000				12.195320	false	0.000000	hkcancor	true	571	51	*sing4go3	false	single_corpus_review	unreviewed	
2839	成就	3	24.390640	n	n:3	0.000000	sing4zau6:3	0	0.000000				12.195320	false	0.000000	hkcancor	false				false	single_corpus_review	unreviewed	
2840	戥	3	24.390640	v	v:3	0.000000	dang6:3	0	0.000000				12.195320	false	0.000000	hkcancor	false				false	single_corpus_review	unreviewed	
2841	手下	3	24.390640	n	n:3	0.000000	sau2haa6:3	0	0.000000				12.195320	false	0.000000	hkcancor	false				false	single_corpus_review	unreviewed	
2842	打游擊	3	24.390640	v	v:3	0.000000	daa2jau4gik1:3	0	0.000000				12.195320	false	0.000000	hkcancor	false				false	single_corpus_review	unreviewed	
2843	扯	3	24.390640	v	v:3	0.000000	ce2:3	0	0.000000				12.195320	false	0.000000	hkcancor	false				false	single_corpus_review	unreviewed	
2844	找	3	24.390640	v	v:3	0.000000	zaau2:3	0	0.000000				12.195320	false	0.000000	hkcancor	false				false	single_corpus_review	unreviewed	
2845	抌	3	24.390640	v	v:3	0.000000	dam2:3	0	0.000000				12.195320	false	0.000000	hkcancor	false				false	single_corpus_review	unreviewed	
2846	投資	3	24.390640	v	v:3	0.000000	tau4zi1:3	0	0.000000				12.195320	false	0.000000	hkcancor	true	772	34	tau4zi1	false	single_corpus_review	unreviewed	
2847	折	3	24.390640	v	v:2|q:1	0.000000	zit3:3	0	0.000000				12.195320	false	0.000000	hkcancor	false				false	single_corpus_review	unreviewed	
2848	抵死	3	24.390640	a	a:3	0.000000	dai2sei2:3	0	0.000000				12.195320	false	0.000000	hkcancor	false				false	single_corpus_review	unreviewed	
2849	抹	3	24.390640	v	v:3	0.000000	mut3:2|maat3:1	0	0.000000				12.195320	false	0.000000	hkcancor	true	1200	19	maat3|mut3	false	single_corpus_review	unreviewed	
2850	拉薩	3	24.390640	nz	nz:3	1.000000	laai1saat3:3	0	0.000000				12.195320	false	0.000000	hkcancor	false				false	proper_name_review	unreviewed	
2851	拚pe5	3	24.390640	v	v:3	0.000000	pun2pe5:3	0	0.000000				12.195320	false	0.000000	hkcancor	false				false	single_corpus_review	unreviewed	
2852	振奮	3	24.390640	vn	vn:2|a:1	0.000000	zan3fan5:3	0	0.000000				12.195320	false	0.000000	hkcancor	false				false	single_corpus_review	unreviewed	
2853	掌握	3	24.390640	v	v:3	0.000000	zoeng2aak1:3	0	0.000000				12.195320	false	0.000000	hkcancor	false				false	single_corpus_review	unreviewed	
2854	掯	3	24.390640	a	a:3	0.000000	kang3:3	0	0.000000				12.195320	false	0.000000	hkcancor	false				false	single_corpus_review	unreviewed	
2855	提出	3	24.390640	v	v:3	0.000000	tai4ceot1:3	0	0.000000				12.195320	false	0.000000	hkcancor	true	1444	15	tai4ceot1	false	single_corpus_review	unreviewed	
2856	提議	3	24.390640	v	v:2|vn:1	0.000000	tai4ji5:2|tai4ji3:1	0	0.000000				12.195320	false	0.000000	hkcancor	false				false	single_corpus_review	unreviewed	
2857	揭	3	24.390640	v	v:3	0.000000	kit3:3	0	0.000000				12.195320	false	0.000000	hkcancor	false				false	single_corpus_review	unreviewed	
2858	搏	3	24.390640	v	v:3	0.000000	bok3:3	0	0.000000				12.195320	false	0.000000	hkcancor	false				false	single_corpus_review	unreviewed	
2859	摷	3	24.390640	v	v:3	0.000000	caau3:3	0	0.000000				12.195320	false	0.000000	hkcancor	false				false	single_corpus_review	unreviewed	
2860	擁有	3	24.390640	v	v:3	0.000000	jung2jau5:3	0	0.000000				12.195320	false	0.000000	hkcancor	true	1998	10	jung2jau5	false	single_corpus_review	unreviewed	
2861	操場	3	24.390640	n	n:3	0.000000	cou1coeng4:3	0	0.000000				12.195320	false	0.000000	hkcancor	false				false	single_corpus_review	unreviewed	
2862	擘大	3	24.390640	v	v:3	0.000000	maak3daai6:3	0	0.000000				12.195320	false	0.000000	hkcancor	false				false	single_corpus_review	unreviewed	
2863	放工	3	24.390640	v	v:3	0.000000	fong3gung1:3	0	0.000000				12.195320	false	0.000000	hkcancor	false				false	single_corpus_review	unreviewed	
2864	放榜	3	24.390640	v	v:3	0.000000	fong3bong2:3	0	0.000000				12.195320	false	0.000000	hkcancor	false				false	single_corpus_review	unreviewed	
2865	文科	3	24.390640	n	n:3	0.000000	man4fo1:3	0	0.000000				12.195320	false	0.000000	hkcancor	false				false	single_corpus_review	unreviewed	
2866	新紮	3	24.390640	a	a:3	0.000000	san1zaat3:3	0	0.000000				12.195320	false	0.000000	hkcancor	false				false	single_corpus_review	unreviewed	
2867	日本人	3	24.390640	nz	nz:2|n:1	0.666667	jat6bun2jan4:3	0	0.000000				12.195320	false	0.000000	hkcancor	false				false	single_corpus_review	unreviewed	
2868	早熟	3	24.390640	v	v:3	0.000000	zou2suk6:3	0	0.000000				12.195320	false	0.000000	hkcancor	false				false	single_corpus_review	unreviewed	
2869	星仔	3	24.390640	nr	nr:3	1.000000	sing1zai2:3	0	0.000000				12.195320	false	0.000000	hkcancor	false				false	proper_name_review	unreviewed	
2870	星期日	3	24.390640	t	t:3	0.000000	sing1kei4jat6:3	0	0.000000				12.195320	false	0.000000	hkcancor	false				false	single_corpus_review	unreviewed	
2871	時勢	3	24.390640	n	n:3	0.000000	si4sai3:3	0	0.000000				12.195320	false	0.000000	hkcancor	false				false	single_corpus_review	unreviewed	
2872	時期	3	24.390640	n	n:2|t:1	0.000000	si4kei4:3	0	0.000000				12.195320	false	0.000000	hkcancor	false				false	single_corpus_review	unreviewed	
2873	晨早	3	24.390640	t	t:2|d:1	0.000000	san4zou2:3	0	0.000000				12.195320	false	0.000000	hkcancor	false				false	single_corpus_review	unreviewed	
2874	景	3	24.390640	n	n:3	0.000000	ging2:3	0	0.000000				12.195320	false	0.000000	hkcancor	false				false	single_corpus_review	unreviewed	
2875	暑期工	3	24.390640	n	n:3	0.000000	syu2kei4gung1:3	0	0.000000				12.195320	false	0.000000	hkcancor	false				false	single_corpus_review	unreviewed	
2876	曲架狗	3	24.390640	nz	nz:3	1.000000	kuk1gaa2gau2:3	0	0.000000				12.195320	false	0.000000	hkcancor	false				false	proper_name_review	unreviewed	
2877	書局	3	24.390640	n	n:3	0.000000	syu1guk2:3	0	0.000000				12.195320	false	0.000000	hkcancor	false				false	single_corpus_review	unreviewed	
2878	最尾	3	24.390640	f	f:3	0.000000	zeoi3mei1:3	0	0.000000				12.195320	false	0.000000	hkcancor	false				false	single_corpus_review	unreviewed	
2879	月入	3	24.390640	n	n:3	0.000000	jyut6jap6:3	0	0.000000				12.195320	false	0.000000	hkcancor	false				false	single_corpus_review	unreviewed	
2880	有排	3	24.390640	d	d:3	0.000000	jau5paai4:3	0	0.000000				12.195320	false	0.000000	hkcancor	false				false	single_corpus_review	unreviewed	
2881	朝朝	3	24.390640	t	t:3	0.000000	ziu1ziu1:3	0	0.000000				12.195320	false	0.000000	hkcancor	false				false	single_corpus_review	unreviewed	
2882	期	3	24.390640	n	n:2|q:1	0.000000	kei4:3	0	0.000000				12.195320	false	0.000000	hkcancor	true	1611	13	kei4	false	single_corpus_review	unreviewed	
2883	根本上	3	24.390640	d	d:3	0.000000	gan1bun2soeng6:3	0	0.000000				12.195320	false	0.000000	hkcancor	false				false	single_corpus_review	unreviewed	
2884	梳打	3	24.390640	n	n:3	0.000000	so1daa2:3	0	0.000000				12.195320	false	0.000000	hkcancor	true	1963	10	*so1daa2|daa1	false	single_corpus_review	unreviewed	
2885	梵爾賽宮	3	24.390640	nz	nz:3	1.000000	faan4ji5coi3gung1:3	0	0.000000				12.195320	false	0.000000	hkcancor	false				false	proper_name_review	unreviewed	
2886	棍	3	24.390640	n	n:3	0.000000	gwan3:3	0	0.000000				12.195320	false	0.000000	hkcancor	false				false	single_corpus_review	unreviewed	
2887	棱	3	24.390640	v	v:3	0.000000	lang3:3	0	0.000000				12.195320	false	0.000000	hkcancor	false				false	single_corpus_review	unreviewed	
2888	楚紅	3	24.390640	nr	nr:3	1.000000	co2hung4:3	0	0.000000				12.195320	false	0.000000	hkcancor	false				false	proper_name_review	unreviewed	
2889	業	3	24.390640	Ng	Ng:3	0.000000	jip6:3	0	0.000000				12.195320	false	0.000000	hkcancor	true	1824	11	jip6	false	single_corpus_review	unreviewed	
2890	榜	3	24.390640	n	n:2|Ng:1	0.000000	bong2:3	0	0.000000				12.195320	false	0.000000	hkcancor	false				false	single_corpus_review	unreviewed	
2891	標	3	24.390640	v	v:3	0.000000	biu1:3	0	0.000000				12.195320	false	0.000000	hkcancor	true	1095	22	biu1	false	single_corpus_review	unreviewed	
2892	檯	3	24.390640	n	n:3	0.000000	toi2:3	0	0.000000				12.195320	false	0.000000	hkcancor	false				false	single_corpus_review	unreviewed	
2893	檸檬茶	3	24.390640	n	n:3	0.000000	ling4mung1caa4:3	0	0.000000				12.195320	false	0.000000	hkcancor	false				false	single_corpus_review	unreviewed	
2894	檸茶	3	24.390640	n	n:3	0.000000	ling2caa4:3	0	0.000000				12.195320	false	0.000000	hkcancor	false				false	single_corpus_review	unreviewed	
2895	櫻花	3	24.390640	n	n:3	0.000000	jing1faa1:3	0	0.000000				12.195320	false	0.000000	hkcancor	false				false	single_corpus_review	unreviewed	
2896	歡迎	3	24.390640	v	v:2|a:1	0.000000	fun1jing4:3	0	0.000000				12.195320	false	0.000000	hkcancor	false				false	single_corpus_review	unreviewed	
2897	死仔	3	24.390640	n	n:3	0.000000	sei2zai2:3	0	0.000000				12.195320	false	0.000000	hkcancor	false				false	single_corpus_review	unreviewed	
2898	每年	3	24.390640	r	r:3	0.000000	mui5nin4:3	0	0.000000				12.195320	false	0.000000	hkcancor	false				false	single_corpus_review	unreviewed	
2899	每日	3	24.390640	r	r:2|t:1	0.000000	mui5jat6:3	0	0.000000				12.195320	false	0.000000	hkcancor	false				false	single_corpus_review	unreviewed	
2900	比較上	3	24.390640	d	d:3	0.000000	bei2gaau3soeng6:3	0	0.000000				12.195320	false	0.000000	hkcancor	false				false	single_corpus_review	unreviewed	
2901	氈	3	24.390640	n	n:3	0.000000	zin1:3	0	0.000000				12.195320	false	0.000000	hkcancor	false				false	single_corpus_review	unreviewed	
2902	永姍	3	24.390640	nr	nr:3	1.000000	wing6saan1:3	0	0.000000				12.195320	false	0.000000	hkcancor	false				false	proper_name_review	unreviewed	
2903	沙官	3	24.390640	jnt	jnt:3	0.000000	saa1gun1:3	0	0.000000				12.195320	false	0.000000	hkcancor	false				false	single_corpus_review	unreviewed	
2904	泄露	3	24.390640	v	v:3	0.000000	sit3lou6:3	0	0.000000				12.195320	false	0.000000	hkcancor	false				false	single_corpus_review	unreviewed	
2905	法律	3	24.390640	n	n:3	0.000000	faat3leot6:3	0	0.000000				12.195320	false	0.000000	hkcancor	true	608	47	faat3leot6	false	single_corpus_review	unreviewed	
2906	波衫	3	24.390640	n	n:3	0.000000	bo1saam1:3	0	0.000000				12.195320	false	0.000000	hkcancor	false				false	single_corpus_review	unreviewed	
2907	洗頭	3	24.390640	v	v:3	0.000000	sai2tau4:3	0	0.000000				12.195320	false	0.000000	hkcancor	false				false	single_corpus_review	unreviewed	
2908	派	3	24.390640	v	v:3	0.000000	paai3:3	0	0.000000				12.195320	false	0.000000	hkcancor	false				false	single_corpus_review	unreviewed	
2909	流動	3	24.390640	b	b:2|a:1	0.000000	lau4dung6:3	0	0.000000				12.195320	false	0.000000	hkcancor	false				false	single_corpus_review	unreviewed	
2910	浩賢	3	24.390640	nr	nr:3	1.000000	hou6jin4:3	0	0.000000				12.195320	false	0.000000	hkcancor	false				false	proper_name_review	unreviewed	
2911	淺色	3	24.390640	a	a:3	0.000000	cin2sik1:3	0	0.000000				12.195320	false	0.000000	hkcancor	false				false	single_corpus_review	unreviewed	
2912	清潔	3	24.390640	a	a:2|n:1	0.000000	cing1git3:3	0	0.000000				12.195320	false	0.000000	hkcancor	false				false	single_corpus_review	unreviewed	
2913	渡過	3	24.390640	v	v:3	0.000000	dou6gwo3:3	0	0.000000				12.195320	false	0.000000	hkcancor	false				false	single_corpus_review	unreviewed	
2914	測試	3	24.390640	vn	vn:2|v:1	0.000000	caak1si3:3	0	0.000000				12.195320	false	0.000000	hkcancor	false				false	single_corpus_review	unreviewed	
2915	港姐	3	24.390640	jn	jn:3	0.000000	gong2ze2:3	0	0.000000				12.195320	false	0.000000	hkcancor	false				false	single_corpus_review	unreviewed	
2916	港產片	3	24.390640	n	n:3	0.000000	gong2caan2pin2:3	0	0.000000				12.195320	false	0.000000	hkcancor	false				false	single_corpus_review	unreviewed	
2917	游水	3	24.390640	v	v:3	0.000000	jau4seoi2:3	0	0.000000				12.195320	false	0.000000	hkcancor	false				false	single_corpus_review	unreviewed	
2918	渺茫	3	24.390640	a	a:3	0.000000	miu5mong4:3	0	0.000000				12.195320	false	0.000000	hkcancor	false				false	single_corpus_review	unreviewed	
2919	滑落	3	24.390640	v	v:3	0.000000	waat6lok6:3	0	0.000000				12.195320	false	0.000000	hkcancor	false				false	single_corpus_review	unreviewed	
2920	漁村	3	24.390640	n	n:3	0.000000	jyu4cyun1:3	0	0.000000				12.195320	false	0.000000	hkcancor	false				false	single_corpus_review	unreviewed	
2921	漚	3	24.390640	v	v:3	0.000000	au3:3	0	0.000000				12.195320	false	0.000000	hkcancor	false				false	single_corpus_review	unreviewed	
2922	漫畫	3	24.390640	n	n:3	0.000000	maan6waa2:3	0	0.000000				12.195320	false	0.000000	hkcancor	false				false	single_corpus_review	unreviewed	
2923	潔白	3	24.390640	a	a:3	0.000000	git3baak6:3	0	0.000000				12.195320	false	0.000000	hkcancor	false				false	single_corpus_review	unreviewed	
2924	激	3	24.390640	v	v:3	0.000000	gik1:3	0	0.000000				12.195320	false	0.000000	hkcancor	false				false	single_corpus_review	unreviewed	
2925	炒股票	3	24.390640	v	v:3	0.000000	caau2gu2piu3:3	0	0.000000				12.195320	false	0.000000	hkcancor	false				false	single_corpus_review	unreviewed	
2926	無中生有	3	24.390640	i	i:3	0.000000	mou4zung1sang1jau5:3	0	0.000000				12.195320	false	0.000000	hkcancor	false				false	single_corpus_review	unreviewed	
2927	無敵	3	24.390640	v	v:3	0.000000	mou4dik6:3	0	0.000000				12.195320	false	0.000000	hkcancor	false				false	single_corpus_review	unreviewed	
2928	無線	3	24.390640	b	b:2|nt:1	0.333333	mou4sin3:3	0	0.000000				12.195320	false	0.000000	hkcancor	false				false	single_corpus_review	unreviewed	
2929	照計	3	24.390640	v	v:3	0.000000	ziu3gai3:3	0	0.000000				12.195320	false	0.000000	hkcancor	false				false	single_corpus_review	unreviewed	
2930	煮	3	24.390640	v	v:3	0.000000	zyu2:3	0	0.000000				12.195320	false	0.000000	hkcancor	false				false	single_corpus_review	unreviewed	
2931	熠	3	24.390640	v	v:3	0.000000	saap6:3	0	0.000000				12.195320	false	0.000000	hkcancor	false				false	single_corpus_review	unreviewed	
2932	熱門	3	24.390640	a	a:3	0.000000	jit6mun2:3	0	0.000000				12.195320	false	0.000000	hkcancor	false				false	single_corpus_review	unreviewed	
2933	熱鬧	3	24.390640	a	a:3	0.000000	jit6naau6:3	0	0.000000				12.195320	false	0.000000	hkcancor	false				false	single_corpus_review	unreviewed	
2934	燶	3	24.390640	a	a:3	0.000000	nung6:3	0	0.000000				12.195320	false	0.000000	hkcancor	false				false	single_corpus_review	unreviewed	
2935	爛地	3	24.390640	n	n:3	0.000000	laan6dei6:3	0	0.000000				12.195320	false	0.000000	hkcancor	false				false	single_corpus_review	unreviewed	
2936	爬	3	24.390640	v	v:3	0.000000	paa4:3	0	0.000000				12.195320	false	0.000000	hkcancor	false				false	single_corpus_review	unreviewed	
2937	牙肉	3	24.390640	n	n:3	0.000000	ngaa4juk6:3	0	0.000000				12.195320	false	0.000000	hkcancor	false				false	single_corpus_review	unreviewed	
2938	牛扒	3	24.390640	n	n:3	0.000000	ngau4paa2:3	0	0.000000				12.195320	false	0.000000	hkcancor	false				false	single_corpus_review	unreviewed	
2939	特區	3	24.390640	ns	ns:2|n:1	0.666667	dak6keoi1:3	0	0.000000				12.195320	false	0.000000	hkcancor	false				false	single_corpus_review	unreviewed	
2940	狀元	3	24.390640	n	n:3	0.000000	zong6jyun4:3	0	0.000000				12.195320	false	0.000000	hkcancor	false				false	single_corpus_review	unreviewed	
2941	狗毛	3	24.390640	n	n:3	0.000000	gau2mou4:3	0	0.000000				12.195320	false	0.000000	hkcancor	false				false	single_corpus_review	unreviewed	
2942	獎	3	24.390640	v	v:2|n:1	0.000000	zoeng2:3	0	0.000000				12.195320	false	0.000000	hkcancor	false				false	single_corpus_review	unreviewed	
2943	獎勵	3	24.390640	v	v:2|vn:1	0.000000	zoeng2lai6:3	0	0.000000				12.195320	false	0.000000	hkcancor	false				false	single_corpus_review	unreviewed	
2944	獎項	3	24.390640	n	n:3	0.000000	zoeng2hong6:3	0	0.000000				12.195320	false	0.000000	hkcancor	false				false	single_corpus_review	unreviewed	
2945	玩嘢	3	24.390640	v	v:3	0.000000	waan2je5:3	0	0.000000				12.195320	false	0.000000	hkcancor	false				false	single_corpus_review	unreviewed	
2946	玲玲	3	24.390640	nr	nr:3	1.000000	ling4ling2:3	0	0.000000				12.195320	false	0.000000	hkcancor	false				false	proper_name_review	unreviewed	
2947	現代	3	24.390640	nt	nt:3	1.000000	jin6doi6:3	0	0.000000				12.195320	false	0.000000	hkcancor	false				false	proper_name_review	unreviewed	
2948	現實	3	24.390640	a	a:3	0.000000	jin6sat6:3	0	0.000000				12.195320	false	0.000000	hkcancor	true	1966	10	jin6sat6	false	single_corpus_review	unreviewed	
2949	理想	3	24.390640	n	n:3	0.000000	lei5soeng2:3	0	0.000000				12.195320	false	0.000000	hkcancor	false				false	single_corpus_review	unreviewed	
2950	理論	3	24.390640	n	n:3	0.000000	lei5leon6:3	0	0.000000				12.195320	false	0.000000	hkcancor	true	1313	17	lei5leon6	false	single_corpus_review	unreviewed	
2951	瑞典	3	24.390640	ns	ns:3	1.000000	seoi6din2:3	0	0.000000				12.195320	false	0.000000	hkcancor	false				false	proper_name_review	unreviewed	
2952	甘	3	24.390640	a	a:2|v:1	0.000000	gam1:3	0	0.000000				12.195320	false	0.000000	hkcancor	false				false	single_corpus_review	unreviewed	
2953	甚至	3	24.390640	d	d:3	0.000000	sam6zi3:3	0	0.000000				12.195320	false	0.000000	hkcancor	true	792	33	sam6zi3	false	single_corpus_review	unreviewed	
2954	生仔	3	24.390640	v	v:3	0.000000	saang1zai2:3	0	0.000000				12.195320	false	0.000000	hkcancor	false				false	single_corpus_review	unreviewed	
2955	產品	3	24.390640	n	n:3	0.000000	caan2ban2:3	0	0.000000				12.195320	false	0.000000	hkcancor	false				false	single_corpus_review	unreviewed	
2956	疤痕	3	24.390640	n	n:3	0.000000	baa1han4:3	0	0.000000				12.195320	false	0.000000	hkcancor	false				false	single_corpus_review	unreviewed	
2957	癲	3	24.390640	a	a:3	0.000000	din1:3	0	0.000000				12.195320	false	0.000000	hkcancor	false				false	single_corpus_review	unreviewed	
2958	發揮	3	24.390640	v	v:3	0.000000	faat3fai1:3	0	0.000000				12.195320	false	0.000000	hkcancor	false				false	single_corpus_review	unreviewed	
2959	白黐	3	24.390640	a	a:3	0.000000	baak6ci1:3	0	0.000000				12.195320	false	0.000000	hkcancor	false				false	single_corpus_review	unreviewed	
2960	百老匯	3	24.390640	nz	nz:2|nt:1	1.000000	baak3lou5wui6:3	0	0.000000				12.195320	false	0.000000	hkcancor	false				false	proper_name_review	unreviewed	
2961	目前	3	24.390640	t	t:3	0.000000	muk6cin4:3	0	0.000000				12.195320	false	0.000000	hkcancor	false				false	single_corpus_review	unreviewed	
2962	盯	3	24.390640	v	v:3	0.000000	deng1:3	0	0.000000				12.195320	false	0.000000	hkcancor	false				false	single_corpus_review	unreviewed	
2963	知足	3	24.390640	v	v:3	0.000000	zi1zuk1:3	0	0.000000				12.195320	false	0.000000	hkcancor	false				false	single_corpus_review	unreviewed	
2964	砌	3	24.390640	v	v:3	0.000000	cai3:3	0	0.000000				12.195320	false	0.000000	hkcancor	false				false	single_corpus_review	unreviewed	
2965	神話	3	24.390640	n	n:3	0.000000	san4waa2:3	0	0.000000				12.195320	false	0.000000	hkcancor	false				false	single_corpus_review	unreviewed	
2966	福音	3	24.390640	n	n:3	0.000000	fuk1jam1:3	0	0.000000				12.195320	false	0.000000	hkcancor	false				false	single_corpus_review	unreviewed	
2967	禮拜四	3	24.390640	t	t:3	0.000000	lai5baai3sei3:3	0	0.000000				12.195320	false	0.000000	hkcancor	false				false	single_corpus_review	unreviewed	
2968	禮貌	3	24.390640	n	n:3	0.000000	lai5maau6:3	0	0.000000				12.195320	false	0.000000	hkcancor	false				false	single_corpus_review	unreviewed	
2969	私家	3	24.390640	a	a:2|b:1	0.000000	si1gaa1:3	0	0.000000				12.195320	false	0.000000	hkcancor	true	1666	12	si1gaa1	false	single_corpus_review	unreviewed	
2970	租戶	3	24.390640	n	n:3	0.000000	zou1wu6:3	0	0.000000				12.195320	false	0.000000	hkcancor	false				false	single_corpus_review	unreviewed	
2971	租金	3	24.390640	n	n:3	0.000000	zou1gam1:3	0	0.000000				12.195320	false	0.000000	hkcancor	false				false	single_corpus_review	unreviewed	
2972	移民	3	24.390640	v	v:3	0.000000	ji4man4:3	0	0.000000				12.195320	false	0.000000	hkcancor	false				false	single_corpus_review	unreviewed	
2973	空氣	3	24.390640	n	n:3	0.000000	hung1hei3:3	0	0.000000				12.195320	false	0.000000	hkcancor	false				false	single_corpus_review	unreviewed	
2974	突破	3	24.390640	v	v:2|vn:1	0.000000	dak6po3:3	0	0.000000				12.195320	false	0.000000	hkcancor	false				false	single_corpus_review	unreviewed	
2975	窮	3	24.390640	a	a:3	0.000000	kung4:3	0	0.000000				12.195320	false	0.000000	hkcancor	false				false	single_corpus_review	unreviewed	
2976	第十	3	24.390640	m	m:3	0.000000	dai6sap6:3	0	0.000000				12.195320	false	0.000000	hkcancor	false				false	single_corpus_review	unreviewed	
2977	管	3	24.390640	v	v:3	0.000000	gun2:3	0	0.000000				12.195320	false	0.000000	hkcancor	false				false	single_corpus_review	unreviewed	
2978	篇	3	24.390640	q	q:3	0.000000	pin1:3	0	0.000000				12.195320	false	0.000000	hkcancor	false				false	single_corpus_review	unreviewed	
2979	簽	3	24.390640	v	v:3	0.000000	cim1:3	0	0.000000				12.195320	false	0.000000	hkcancor	false				false	single_corpus_review	unreviewed	
2980	精神	3	24.390640	a	a:2|n:1	0.000000	zing1san4:3	0	0.000000				12.195320	false	0.000000	hkcancor	true	1178	20	zing1san4	false	single_corpus_review	unreviewed	
2981	紅色	3	24.390640	n	n:3	0.000000	hung4sik1:3	0	0.000000				12.195320	false	0.000000	hkcancor	false				false	single_corpus_review	unreviewed	
2982	累積	3	24.390640	v	v:2|vn:1	0.000000	leoi6zik1:3	0	0.000000				12.195320	false	0.000000	hkcancor	false				false	single_corpus_review	unreviewed	
2983	細聲	3	24.390640	a	a:3	0.000000	sai3seng1:3	0	0.000000				12.195320	false	0.000000	hkcancor	false				false	single_corpus_review	unreviewed	
2984	細路仔	3	24.390640	n	n:3	0.000000	sai3lou6zai2:3	0	0.000000				12.195320	false	0.000000	hkcancor	true	1602	13	*sai3lou6zai2|zi2	false	single_corpus_review	unreviewed	
2985	細龜	3	24.390640	nr	nr:3	1.000000	sai3gwai1:3	0	0.000000				12.195320	false	0.000000	hkcancor	false				false	proper_name_review	unreviewed	
2986	結束	3	24.390640	v	v:3	0.000000	git3cuk1:3	0	0.000000				12.195320	false	0.000000	hkcancor	false				false	single_corpus_review	unreviewed	
2987	維他	3	24.390640	nt	nt:3	1.000000	wai4taa1:3	0	0.000000				12.195320	false	0.000000	hkcancor	false				false	proper_name_review	unreviewed	
2988	維持	3	24.390640	v	v:3	0.000000	wai4ci4:3	0	0.000000				12.195320	false	0.000000	hkcancor	true	1132	21	wai4ci4	false	single_corpus_review	unreviewed	
2989	編	3	24.390640	v	v:2|n:1	0.000000	pin1:3	0	0.000000				12.195320	false	0.000000	hkcancor	false				false	single_corpus_review	unreviewed	
2990	練	3	24.390640	v	v:3	0.000000	lin6:3	0	0.000000				12.195320	false	0.000000	hkcancor	false				false	single_corpus_review	unreviewed	
2991	繼歡	3	24.390640	nr	nr:3	1.000000	gai3fun1:3	0	0.000000				12.195320	false	0.000000	hkcancor	false				false	proper_name_review	unreviewed	
2992	罪	3	24.390640	n	n:3	0.000000	zeoi6:3	0	0.000000				12.195320	false	0.000000	hkcancor	true	1710	12	zeoi6	false	single_corpus_review	unreviewed	
2993	羅浮宮	3	24.390640	nz	nz:3	1.000000	lo4fau4gung1:3	0	0.000000				12.195320	false	0.000000	hkcancor	false				false	proper_name_review	unreviewed	
2994	美鳳	3	24.390640	nr	nr:3	1.000000	mei5fung2:3	0	0.000000				12.195320	false	0.000000	hkcancor	false				false	proper_name_review	unreviewed	
2995	翁	3	24.390640	nr	nr:3	1.000000	jung1:3	0	0.000000				12.195320	false	0.000000	hkcancor	false				false	proper_name_review	unreviewed	
2996	老人家	3	24.390640	n	n:3	0.000000	lou5jan4gaa1:3	0	0.000000				12.195320	false	0.000000	hkcancor	false				false	single_corpus_review	unreviewed	
2997	聖誕節	3	24.390640	t	t:3	0.000000	sing3daan3zit3:3	0	0.000000				12.195320	false	0.000000	hkcancor	false				false	single_corpus_review	unreviewed	
2998	聖鬥士	3	24.390640	nz	nz:3	1.000000	sing3dau3si6:3	0	0.000000				12.195320	false	0.000000	hkcancor	false				false	proper_name_review	unreviewed	
2999	聚集	3	24.390640	v	v:3	0.000000	zeoi6zaap6:3	0	0.000000				12.195320	false	0.000000	hkcancor	false				false	single_corpus_review	unreviewed	
3000	聲稱	3	24.390640	v	v:3	0.000000	sing1cing1:3	0	0.000000				12.195320	false	0.000000	hkcancor	false				false	single_corpus_review	unreviewed	
3001	肝炎	3	24.390640	n	n:3	0.000000	gon1jim4:3	0	0.000000				12.195320	false	0.000000	hkcancor	false				false	single_corpus_review	unreviewed	
3002	股市	3	24.390640	n	n:3	0.000000	gu2si5:3	0	0.000000				12.195320	false	0.000000	hkcancor	false				false	single_corpus_review	unreviewed	
3003	胃	3	24.390640	n	n:3	0.000000	wai6:3	0	0.000000				12.195320	false	0.000000	hkcancor	false				false	single_corpus_review	unreviewed	
3004	背囊	3	24.390640	n	n:3	0.000000	bui3nong4:3	0	0.000000				12.195320	false	0.000000	hkcancor	false				false	single_corpus_review	unreviewed	
3005	背後	3	24.390640	f	f:3	0.000000	bui3hau6:3	0	0.000000				12.195320	false	0.000000	hkcancor	true	1943	10	bui3hau6	false	single_corpus_review	unreviewed	
3006	腳法	3	24.390640	n	n:3	0.000000	goek3faat3:3	0	0.000000				12.195320	false	0.000000	hkcancor	false				false	single_corpus_review	unreviewed	
3007	臨	3	24.390640	v	v:2|p:1	0.000000	lam4:3	0	0.000000				12.195320	false	0.000000	hkcancor	false				false	single_corpus_review	unreviewed	
3008	臨尾	3	24.390640	t	t:2|f:1	0.000000	lam4mei1:3	0	0.000000				12.195320	false	0.000000	hkcancor	false				false	single_corpus_review	unreviewed	
3009	自助餐	3	24.390640	n	n:3	0.000000	zi6zo6caan1:3	0	0.000000				12.195320	false	0.000000	hkcancor	false				false	single_corpus_review	unreviewed	
3010	舊陣時	3	24.390640	t	t:2|r:1	0.000000	gau6zan6si4:3	0	0.000000				12.195320	false	0.000000	hkcancor	false				false	single_corpus_review	unreviewed	
3011	舞	3	24.390640	n	n:3	0.000000	mou5:3	0	0.000000				12.195320	false	0.000000	hkcancor	false				false	single_corpus_review	unreviewed	
3012	航空	3	24.390640	v	v:2|n:1	0.000000	hong4hung1:3	0	0.000000				12.195320	false	0.000000	hkcancor	false				false	single_corpus_review	unreviewed	
3013	英女皇	3	24.390640	nz	nz:3	1.000000	jing1neoi5wong4:3	0	0.000000				12.195320	false	0.000000	hkcancor	false				false	proper_name_review	unreviewed	
3014	英格蘭	3	24.390640	nt	nt:3	1.000000	jing1gaak3laan4:3	0	0.000000				12.195320	false	0.000000	hkcancor	false				false	proper_name_review	unreviewed	
3015	茶餐廳	3	24.390640	n	n:3	0.000000	caa4caan1teng1:3	0	0.000000				12.195320	false	0.000000	hkcancor	false				false	single_corpus_review	unreviewed	
3016	菜	3	24.390640	n	n:3	0.000000	coi3:3	0	0.000000				12.195320	false	0.000000	hkcancor	false				false	single_corpus_review	unreviewed	
3017	菲	3	24.390640	nr	nr:3	1.000000	fei1:3	0	0.000000				12.195320	false	0.000000	hkcancor	false				false	proper_name_review	unreviewed	
3018	萬七	3	24.390640	m	m:3	0.000000	maan6cat1:3	0	0.000000				12.195320	false	0.000000	hkcancor	false				false	single_corpus_review	unreviewed	
3019	萬四	3	24.390640	m	m:3	0.000000	maan6sei3:3	0	0.000000				12.195320	false	0.000000	hkcancor	false				false	single_corpus_review	unreviewed	
3020	蕎英	3	24.390640	nr	nr:3	1.000000	kiu4jing1:3	0	0.000000				12.195320	false	0.000000	hkcancor	false				false	proper_name_review	unreviewed	
3021	處	3	24.390640	n	n:3	0.000000	cyu3:3	0	0.000000				12.195320	false	0.000000	hkcancor	true	1314	17	cyu2|cyu3|syu3	false	single_corpus_review	unreviewed	
3022	蚚蜴	3	24.390640	n	n:3	0.000000	sik1jik6:3	0	0.000000				12.195320	false	0.000000	hkcancor	false				false	single_corpus_review	unreviewed	
3023	蚱蜢	3	24.390640	n	n:3	0.000000	zaa3maang2:3	0	0.000000				12.195320	false	0.000000	hkcancor	false				false	single_corpus_review	unreviewed	
3024	蝙蝠女	3	24.390640	nz	nz:3	1.000000	pin1fuk1neoi2:3	0	0.000000				12.195320	false	0.000000	hkcancor	false				false	proper_name_review	unreviewed	
3025	蟲	3	24.390640	n	n:3	0.000000	cung4:3	0	0.000000				12.195320	false	0.000000	hkcancor	false				false	single_corpus_review	unreviewed	
3026	衝	3	24.390640	v	v:3	0.000000	cung1:3	0	0.000000				12.195320	false	0.000000	hkcancor	false				false	single_corpus_review	unreviewed	
3027	補習社	3	24.390640	n	n:3	0.000000	bou2zaap6se5:3	0	0.000000				12.195320	false	0.000000	hkcancor	false				false	single_corpus_review	unreviewed	
3028	製造	3	24.390640	v	v:3	0.000000	zai3zou6:3	0	0.000000				12.195320	false	0.000000	hkcancor	true	1718	12	zai3zou6	false	single_corpus_review	unreviewed	
3029	西片	3	24.390640	n	n:3	0.000000	sai1pin2:3	0	0.000000				12.195320	false	0.000000	hkcancor	false				false	single_corpus_review	unreviewed	
3030	規律	3	24.390640	n	n:3	0.000000	kwai1leot6:3	0	0.000000				12.195320	false	0.000000	hkcancor	false				false	single_corpus_review	unreviewed	
3031	親戚	3	24.390640	n	n:3	0.000000	can1cik1:3	0	0.000000				12.195320	false	0.000000	hkcancor	false				false	single_corpus_review	unreviewed	
3032	觀點	3	24.390640	n	n:3	0.000000	gun1dim2:3	0	0.000000				12.195320	false	0.000000	hkcancor	false				false	single_corpus_review	unreviewed	
3033	訓練	3	24.390640	vn	vn:2|v:1	0.000000	fan3lin6:3	0	0.000000				12.195320	false	0.000000	hkcancor	false				false	single_corpus_review	unreviewed	
3034	訪問	3	24.390640	v	v:2|vn:1	0.000000	fong2man6:3	0	0.000000				12.195320	false	0.000000	hkcancor	false				false	single_corpus_review	unreviewed	
3035	設計	3	24.390640	v	v:2|vn:1	0.000000	cit3gai3:3	0	0.000000				12.195320	false	0.000000	hkcancor	false				false	single_corpus_review	unreviewed	
3036	証	3	24.390640	n	n:3	0.000000	zing3:3	0	0.000000				12.195320	false	0.000000	hkcancor	false				false	single_corpus_review	unreviewed	
3037	評	3	24.390640	vn	vn:2|Vg:1	0.000000	ping4:3	0	0.000000				12.195320	false	0.000000	hkcancor	false				false	single_corpus_review	unreviewed	
3038	評論	3	24.390640	vn	vn:3	0.000000	ping4leon6:3	0	0.000000				12.195320	false	0.000000	hkcancor	false				false	single_corpus_review	unreviewed	
3039	調查	3	24.390640	vn	vn:2|v:1	0.000000	tiu4caa4:2|diu6caa4:1	0	0.000000				12.195320	false	0.000000	hkcancor	false				false	single_corpus_review	unreviewed	
3040	論文	3	24.390640	n	n:3	0.000000	leon6man2:3	0	0.000000				12.195320	false	0.000000	hkcancor	false				false	single_corpus_review	unreviewed	
3041	證實	3	24.390640	v	v:3	0.000000	zing3sat6:3	0	0.000000				12.195320	false	0.000000	hkcancor	false				false	single_corpus_review	unreviewed	
3042	譚	3	24.390640	nr	nr:3	1.000000	taam4:3	0	0.000000				12.195320	false	0.000000	hkcancor	false				false	proper_name_review	unreviewed	
3043	豬	3	24.390640	n	n:3	0.000000	zyu1:3	0	0.000000				12.195320	false	0.000000	hkcancor	false				false	single_corpus_review	unreviewed	
3044	貿貿然	3	24.390640	z	z:3	0.000000	mau6mau6jin4:3	0	0.000000				12.195320	false	0.000000	hkcancor	false				false	single_corpus_review	unreviewed	
3045	賊	3	24.390640	n	n:3	0.000000	caak2:3	0	0.000000				12.195320	false	0.000000	hkcancor	false				false	single_corpus_review	unreviewed	
3046	賊佬	3	24.390640	n	n:3	0.000000	caak3lou2:3	0	0.000000				12.195320	false	0.000000	hkcancor	false				false	single_corpus_review	unreviewed	
3047	賺錢	3	24.390640	v	v:3	0.000000	zaan6cin2:3	0	0.000000				12.195320	false	0.000000	hkcancor	false				false	single_corpus_review	unreviewed	
3048	走開	3	24.390640	v	v:3	0.000000	zau2hoi1:3	0	0.000000				12.195320	false	0.000000	hkcancor	false				false	single_corpus_review	unreviewed	
3049	超人	3	24.390640	nr	nr:3	1.000000	ciu1jan4:3	0	0.000000				12.195320	false	0.000000	hkcancor	false				false	proper_name_review	unreviewed	
3050	越秀投資	3	24.390640	nt	nt:3	1.000000	jyut6sau3tau4zi1:3	0	0.000000				12.195320	false	0.000000	hkcancor	false				false	proper_name_review	unreviewed	
3051	足球	3	24.390640	n	n:3	0.000000	zuk1kau4:3	0	0.000000				12.195320	false	0.000000	hkcancor	false				false	single_corpus_review	unreviewed	
3052	趷	3	24.390640	v	v:3	0.000000	gat6:3	0	0.000000				12.195320	false	0.000000	hkcancor	false				false	single_corpus_review	unreviewed	
3053	跟團	3	24.390640	v	v:3	0.000000	gan1tyun4:3	0	0.000000				12.195320	false	0.000000	hkcancor	false				false	single_corpus_review	unreviewed	
3054	跳樓	3	24.390640	v	v:3	0.000000	tiu3lau2:3	0	0.000000				12.195320	false	0.000000	hkcancor	false				false	single_corpus_review	unreviewed	
3055	跳舞	3	24.390640	v	v:3	0.000000	tiu3mou5:3	0	0.000000				12.195320	false	0.000000	hkcancor	false				false	single_corpus_review	unreviewed	
3056	身上	3	24.390640	f	f:2|n:1	0.000000	san1soeng6:3	0	0.000000				12.195320	false	0.000000	hkcancor	false				false	single_corpus_review	unreviewed	
3057	車位	3	24.390640	n	n:3	0.000000	ce1wai2:3	0	0.000000				12.195320	false	0.000000	hkcancor	false				false	single_corpus_review	unreviewed	
3058	輝虹	3	24.390640	nr	nr:3	1.000000	fai1hung4:3	0	0.000000				12.195320	false	0.000000	hkcancor	false				false	proper_name_review	unreviewed	
3059	近來	3	24.390640	t	t:3	0.000000	gan6loi4:3	0	0.000000				12.195320	false	0.000000	hkcancor	false				false	single_corpus_review	unreviewed	
3060	退學	3	24.390640	v	v:3	0.000000	teoi3hok6:3	0	0.000000				12.195320	false	0.000000	hkcancor	false				false	single_corpus_review	unreviewed	
3061	透明	3	24.390640	a	a:3	0.000000	tau3ming4:3	0	0.000000				12.195320	false	0.000000	hkcancor	false				false	single_corpus_review	unreviewed	
3062	逛	3	24.390640	v	v:3	0.000000	kwaang3:3	0	0.000000				12.195320	false	0.000000	hkcancor	false				false	single_corpus_review	unreviewed	
3063	造	3	24.390640	v	v:3	0.000000	zou6:3	0	0.000000				12.195320	false	0.000000	hkcancor	false				false	single_corpus_review	unreviewed	
3064	週年	3	24.390640	q	q:3	0.000000	zau1nin4:3	0	0.000000				12.195320	false	0.000000	hkcancor	false				false	single_corpus_review	unreviewed	
3065	進步	3	24.390640	v	v:3	0.000000	zeon3bou6:3	0	0.000000				12.195320	false	0.000000	hkcancor	false				false	single_corpus_review	unreviewed	
3066	遇	3	24.390640	v	v:3	0.000000	jyu6:3	0	0.000000				12.195320	false	0.000000	hkcancor	false				false	single_corpus_review	unreviewed	
3067	運作	3	24.390640	v	v:2|vn:1	0.000000	wan6zok3:3	0	0.000000				12.195320	false	0.000000	hkcancor	false				false	single_corpus_review	unreviewed	
3068	過來	3	24.390640	v	v:3	0.000000	gwo3lai4:3	0	0.000000				12.195320	false	0.000000	hkcancor	false				false	single_corpus_review	unreviewed	
3069	過往	3	24.390640	t	t:3	0.000000	gwo3wong5:3	0	0.000000				12.195320	false	0.000000	hkcancor	false				false	single_corpus_review	unreviewed	
3070	遲到	3	24.390640	v	v:3	0.000000	ci4dou3:3	0	0.000000				12.195320	false	0.000000	hkcancor	false				false	single_corpus_review	unreviewed	
3071	避	3	24.390640	v	v:3	0.000000	bei6:3	0	0.000000				12.195320	false	0.000000	hkcancor	false				false	single_corpus_review	unreviewed	
3072	邊樣	3	24.390640	r	r:3	0.000000	bin1joeng6:3	0	0.000000				12.195320	false	0.000000	hkcancor	false				false	single_corpus_review	unreviewed	
3073	郵局	3	24.390640	n	n:3	0.000000	jau4guk2:3	0	0.000000				12.195320	false	0.000000	hkcancor	false				false	single_corpus_review	unreviewed	
3074	鄭	3	24.390640	nr	nr:3	1.000000	zeng6:3	0	0.000000				12.195320	false	0.000000	hkcancor	false				false	proper_name_review	unreviewed	
3075	酒	3	24.390640	n	n:3	0.000000	zau2:3	0	0.000000				12.195320	false	0.000000	hkcancor	false				false	single_corpus_review	unreviewed	
3076	酸辣	3	24.390640	a	a:3	0.000000	syun1laat6:3	0	0.000000				12.195320	false	0.000000	hkcancor	false				false	single_corpus_review	unreviewed	
3077	酸辣湯	3	24.390640	n	n:3	0.000000	syun1laat6tong1:3	0	0.000000				12.195320	false	0.000000	hkcancor	false				false	single_corpus_review	unreviewed	
3078	銅鑼灣	3	24.390640	ns	ns:3	1.000000	tung4lo4waan1:3	0	0.000000				12.195320	false	0.000000	hkcancor	false				false	proper_name_review	unreviewed	
3079	錄影機	3	24.390640	n	n:3	0.000000	luk6jing2gei1:3	0	0.000000				12.195320	false	0.000000	hkcancor	false				false	single_corpus_review	unreviewed	
3080	錶	3	24.390640	n	n:3	0.000000	biu1:3	0	0.000000				12.195320	false	0.000000	hkcancor	false				false	single_corpus_review	unreviewed	
3081	鐵板	3	24.390640	n	n:3	0.000000	tit3baan2:3	0	0.000000				12.195320	false	0.000000	hkcancor	false				false	single_corpus_review	unreviewed	
3082	長途電話	3	24.390640	n	n:3	0.000000	coeng4tou4din6waa2:3	0	0.000000				12.195320	false	0.000000	hkcancor	false				false	single_corpus_review	unreviewed	
3083	閃	3	24.390640	v	v:3	0.000000	sim2:3	0	0.000000				12.195320	false	0.000000	hkcancor	false				false	single_corpus_review	unreviewed	
3084	開學	3	24.390640	v	v:3	0.000000	hoi1hok6:3	0	0.000000				12.195320	false	0.000000	hkcancor	false				false	single_corpus_review	unreviewed	
3085	阿嫲	3	24.390640	n	n:3	0.000000	aa3maa4:3	0	0.000000				12.195320	false	0.000000	hkcancor	false				false	single_corpus_review	unreviewed	
3086	阿榮	3	24.390640	nr	nr:3	1.000000	aa3wing4:3	0	0.000000				12.195320	false	0.000000	hkcancor	false				false	proper_name_review	unreviewed	
3087	阿浩	3	24.390640	nr	nr:3	1.000000	aa3hou6:3	0	0.000000				12.195320	false	0.000000	hkcancor	false				false	proper_name_review	unreviewed	
3088	阿澤鉅	3	24.390640	nr	nr:3	1.000000	aa3zaak6geoi6:3	0	0.000000				12.195320	false	0.000000	hkcancor	false				false	proper_name_review	unreviewed	
3089	阿牛	3	24.390640	nr	nr:3	1.000000	aa3ngau4:3	0	0.000000				12.195320	false	0.000000	hkcancor	false				false	proper_name_review	unreviewed	
3090	阿珊	3	24.390640	nr	nr:3	1.000000	aa3saan1:3	0	0.000000				12.195320	false	0.000000	hkcancor	false				false	proper_name_review	unreviewed	
3091	陷於	3	24.390640	v	v:3	0.000000	ham6jyu1:3	0	0.000000				12.195320	false	0.000000	hkcancor	false				false	single_corpus_review	unreviewed	
3092	階段	3	24.390640	n	n:3	0.000000	gaai1dyun6:3	0	0.000000				12.195320	false	0.000000	hkcancor	false				false	single_corpus_review	unreviewed	
3093	障礙	3	24.390640	n	n:3	0.000000	zoeng3ngoi6:3	0	0.000000				12.195320	false	0.000000	hkcancor	false				false	single_corpus_review	unreviewed	
3094	隸屬	3	24.390640	v	v:3	0.000000	dai6suk6:3	0	0.000000				12.195320	false	0.000000	hkcancor	false				false	single_corpus_review	unreviewed	
3095	雙	3	24.390640	m	m:3	0.000000	soeng1:3	0	0.000000				12.195320	false	0.000000	hkcancor	false				false	single_corpus_review	unreviewed	
3096	雞販	3	24.390640	n	n:3	0.000000	gai1faan2:3	0	0.000000				12.195320	false	0.000000	hkcancor	false				false	single_corpus_review	unreviewed	
3097	難講	3	24.390640	a	a:2|v:1	0.000000	naan4gong2:3	0	0.000000				12.195320	false	0.000000	hkcancor	false				false	single_corpus_review	unreviewed	
3098	霖把	3	24.390640	n	n:3	0.000000	lam1baa2:3	0	0.000000				12.195320	false	0.000000	hkcancor	false				false	single_corpus_review	unreviewed	
3099	靈感	3	24.390640	n	n:3	0.000000	ling4gam2:3	0	0.000000				12.195320	false	0.000000	hkcancor	false				false	single_corpus_review	unreviewed	
3100	靈活	3	24.390640	a	a:3	0.000000	ling4wut6:3	0	0.000000				12.195320	false	0.000000	hkcancor	false				false	single_corpus_review	unreviewed	
3101	青梅竹馬	3	24.390640	i	i:3	0.000000	cing1mui4zuk1maa5:3	0	0.000000				12.195320	false	0.000000	hkcancor	false				false	single_corpus_review	unreviewed	
3102	鞋	3	24.390640	n	n:3	0.000000	haai4:3	0	0.000000				12.195320	false	0.000000	hkcancor	false				false	single_corpus_review	unreviewed	
3103	頁	3	24.390640	q	q:3	0.000000	jip6:3	0	0.000000				12.195320	false	0.000000	hkcancor	false				false	single_corpus_review	unreviewed	
3104	預早	3	24.390640	d	d:2|t:1	0.000000	jyu6zou2:3	0	0.000000				12.195320	false	0.000000	hkcancor	false				false	single_corpus_review	unreviewed	
3105	預測	3	24.390640	v	v:3	0.000000	jyu6caak1:3	0	0.000000				12.195320	false	0.000000	hkcancor	false				false	single_corpus_review	unreviewed	
3106	願	3	24.390640	vu	vu:2|Vg:1	0.000000	jyun6:3	0	0.000000				12.195320	false	0.000000	hkcancor	false				false	single_corpus_review	unreviewed	
3107	飛線	3	24.390640	v	v:3	0.000000	fei1sin3:3	0	0.000000				12.195320	false	0.000000	hkcancor	false				false	single_corpus_review	unreviewed	
3108	食品	3	24.390640	n	n:3	0.000000	sik6ban2:3	0	0.000000				12.195320	false	0.000000	hkcancor	false				false	single_corpus_review	unreviewed	
3109	食嘢	3	24.390640	v	v:2|n:1	0.000000	sik6je5:3	0	0.000000				12.195320	false	0.000000	hkcancor	false				false	single_corpus_review	unreviewed	
3110	餐館	3	24.390640	n	n:3	0.000000	caan1gun2:3	0	0.000000				12.195320	false	0.000000	hkcancor	false				false	single_corpus_review	unreviewed	
3111	餵	3	24.390640	v	v:3	0.000000	wai3:3	0	0.000000				12.195320	false	0.000000	hkcancor	false				false	single_corpus_review	unreviewed	
3112	餸	3	24.390640	n	n:3	0.000000	sung3:3	0	0.000000				12.195320	false	0.000000	hkcancor	false				false	single_corpus_review	unreviewed	
3113	馬主	3	24.390640	n	n:3	0.000000	maa5zyu2:3	0	0.000000				12.195320	false	0.000000	hkcancor	false				false	single_corpus_review	unreviewed	
3114	馬會	3	24.390640	jnt	jnt:3	0.000000	maa5wui2:3	0	0.000000				12.195320	false	0.000000	hkcancor	false				false	single_corpus_review	unreviewed	
3115	駁	3	24.390640	v	v:3	0.000000	bok3:3	0	0.000000				12.195320	false	0.000000	hkcancor	false				false	single_corpus_review	unreviewed	
3116	高層	3	24.390640	b	b:3	0.000000	gou1cang4:3	0	0.000000				12.195320	false	0.000000	hkcancor	false				false	single_corpus_review	unreviewed	
3117	髮型師	3	24.390640	n	n:3	0.000000	faat3jing4si1:3	0	0.000000				12.195320	false	0.000000	hkcancor	false				false	single_corpus_review	unreviewed	
3118	鬥	3	24.390640	v	v:3	0.000000	dau3:3	0	0.000000				12.195320	false	0.000000	hkcancor	false				false	single_corpus_review	unreviewed	
3119	魚缸	3	24.390640	n	n:3	0.000000	jyu4gong1:3	0	0.000000				12.195320	false	0.000000	hkcancor	false				false	single_corpus_review	unreviewed	
3120	鴛鴦	3	24.390640	n	n:3	0.000000	jyun1joeng1:3	0	0.000000				12.195320	false	0.000000	hkcancor	false				false	single_corpus_review	unreviewed	
3121	麥當勞	3	24.390640	nt	nt:3	1.000000	mak6dong1lou4:3	0	0.000000				12.195320	false	0.000000	hkcancor	false				false	proper_name_review	unreviewed	
3122	黑衣人	3	24.390640	n	n:3	0.000000	hak1ji1jan4:3	0	0.000000				12.195320	false	0.000000	hkcancor	false				false	single_corpus_review	unreviewed	
3123	默	3	24.390640	v	v:3	0.000000	mak6:3	0	0.000000				12.195320	false	0.000000	hkcancor	false				false	single_corpus_review	unreviewed	
3124	龍船	3	24.390640	n	n:3	0.000000	lung4syun4:3	0	0.000000				12.195320	false	0.000000	hkcancor	false				false	single_corpus_review	unreviewed	
3125	龜波氣功	3	24.390640	nz	nz:3	1.000000	gwai1bo1hei3gung1:3	0	0.000000				12.195320	false	0.000000	hkcancor	false				false	proper_name_review	unreviewed	
3126	𦧲	3	24.390640	v	v:3	0.000000	loe2:3	0	0.000000				12.195320	false	0.000000	hkcancor	false				false	single_corpus_review	unreviewed	
3127	一共	0	0.000000			0.000000		2	20.651343	x	x:1|m:1	jat1gung6:2	10.325672	false	0.000000	cantomap	false				false	single_corpus_review	unreviewed	
3128	一次	0	0.000000			0.000000		2	20.651343	t	t:1|l:1	jat1ci3:2	10.325672	false	0.000000	cantomap	true	506	58	jat1ci3	true	known_nonatomic_or_invalid	unreviewed	
3129	一點五	0	0.000000			0.000000		2	20.651343	d	d:1|m:1	jat1dim2m5:2	10.325672	false	0.000000	cantomap	false				false	single_corpus_review	unreviewed	
3130	三分	0	0.000000			0.000000		2	20.651343	m	m:1|t:1	saam1fan1:2	10.325672	false	0.000000	cantomap	false				false	single_corpus_review	unreviewed	
3131	三點水	0	0.000000			0.000000		2	20.651343	n	n:2	saam1dim2seoi2:2	10.325672	false	0.000000	cantomap	false				false	single_corpus_review	unreviewed	
3132	上行	0	0.000000			0.000000		2	20.651343	v	v:2	soeng6hang4:2	10.325672	false	0.000000	cantomap	true	576	50	soeng6hang4	false	single_corpus_review	unreviewed	
3133	下巴	0	0.000000			0.000000		2	20.651343	q	q:1|n:1	haa6paa4:2	10.325672	false	0.000000	cantomap	false				false	single_corpus_review	unreviewed	
3134	下底	0	0.000000			0.000000		2	20.651343	e	e:1|d:1	haa6dai2:2	10.325672	false	0.000000	cantomap	false				false	single_corpus_review	unreviewed	
3135	中間點	0	0.000000			0.000000		2	20.651343	n	n:2	zung1gaan1dim2:2	10.325672	false	0.000000	cantomap	false				false	single_corpus_review	unreviewed	
3136	丸怨	0	0.000000			0.000000		2	20.651343	ns	ns:1|n:1	jyun2jyun3:2	10.325672	false	0.000000	cantomap	false				false	single_corpus_review	unreviewed	
3137	丸怨墓	0	0.000000			0.000000		2	20.651343	v	v:1|jns:1	jyun2jyun3mou4:2	10.325672	false	0.000000	cantomap	false				false	single_corpus_review	unreviewed	
3138	丸怨大樹	0	0.000000			0.000000		2	20.651343	n	n:2	jyun2jyun3daai6syu6:2	10.325672	false	0.000000	cantomap	false				false	single_corpus_review	unreviewed	
3139	九點五	0	0.000000			0.000000		2	20.651343	t	t:2	gau2dim2m5:2	10.325672	false	0.000000	cantomap	false				false	single_corpus_review	unreviewed	
3140	二十七	0	0.000000			0.000000		2	20.651343	m	m:2	ji6sap6cat1:2	10.325672	false	0.000000	cantomap	false				false	single_corpus_review	unreviewed	
3141	五指山	0	0.000000			0.000000		2	20.651343	q	q:1|b:1	m5zi2saan1:2	10.325672	false	0.000000	cantomap	false				false	single_corpus_review	unreviewed	
3142	交點	0	0.000000			0.000000		2	20.651343	n	n:2	gaau1dim2:2	10.325672	false	0.000000	cantomap	false				false	single_corpus_review	unreviewed	
3143	健	0	0.000000			0.000000		2	20.651343	q	q:1|v:1	gin6:2	10.325672	false	0.000000	cantomap	true	1164	20	gin6	false	single_corpus_review	unreviewed	
3144	共產黨	0	0.000000			0.000000		2	20.651343	v	v:2	gung6caan2dong2:2	10.325672	false	0.000000	cantomap	false				false	single_corpus_review	unreviewed	
3145	共閒	0	0.000000			0.000000		2	20.651343	v	v:2	gung6haan4:2	10.325672	false	0.000000	cantomap	false				false	single_corpus_review	unreviewed	
3146	冒煙	0	0.000000			0.000000		2	20.651343	v	v:1|a:1	mou6jin1:2	10.325672	false	0.000000	cantomap	false				false	single_corpus_review	unreviewed	
3147	冤	0	0.000000			0.000000		2	20.651343	n	n:2	jun1:2	10.325672	false	0.000000	cantomap	true	1362	16	jyun1	false	single_corpus_review	unreviewed	
3148	刪除	0	0.000000			0.000000		2	20.651343	v	v:2	saan1ceoi4:2	10.325672	false	0.000000	cantomap	false				false	single_corpus_review	unreviewed	
3149	包住	0	0.000000			0.000000		2	20.651343	v	v:2	baau1zyu6:2	10.325672	false	0.000000	cantomap	true	870	29	baau1zyu6	true	known_nonatomic_or_invalid	unreviewed	
3150	北上	0	0.000000			0.000000		2	20.651343	v	v:1|ns:1	bak1soeng5:2	10.325672	false	0.000000	cantomap	false				false	single_corpus_review	unreviewed	
3151	十一點半	0	0.000000			0.000000		2	20.651343	t	t:2	sap6jat1dim2bun3:2	10.325672	false	0.000000	cantomap	false				false	single_corpus_review	unreviewed	
3152	十點半	0	0.000000			0.000000		2	20.651343	t	t:2	sap6dim2bun3:2	10.325672	false	0.000000	cantomap	false				false	single_corpus_review	unreviewed	
3153	名稱	0	0.000000			0.000000		2	20.651343	n	n:1|v:1	ming4cing1:2	10.325672	false	0.000000	cantomap	false				false	single_corpus_review	unreviewed	
3154	后	0	0.000000			0.000000		2	20.651343	n	n:1|a:1	hau6:2	10.325672	false	0.000000	cantomap	true	433	70	hau6	false	single_corpus_review	unreviewed	
3155	向右	0	0.000000			0.000000		2	20.651343	x	x:1|f:1	hoeng3jau6:2	10.325672	false	0.000000	cantomap	false				false	single_corpus_review	unreviewed	
3156	咸瑞樹林	0	0.000000			0.000000		2	20.651343	ns	ns:2	haam4seoi6syu6lam4:2	10.325672	false	0.000000	cantomap	false				false	single_corpus_review	unreviewed	
3157	唔似	0	0.000000			0.000000		2	20.651343	l	l:1|d:1	m4ci5:2	10.325672	false	0.000000	cantomap	false				false	single_corpus_review	unreviewed	
3158	唔可以	0	0.000000			0.000000		2	20.651343	d	d:1|a:1	m4ho2ji5:2	10.325672	false	0.000000	cantomap	false				false	single_corpus_review	unreviewed	
3159	善富大宅	0	0.000000			0.000000		2	20.651343	v	v:1|n:1	sin6fu3daai6zaak2:2	10.325672	false	0.000000	cantomap	false				false	single_corpus_review	unreviewed	
3160	嚴格	0	0.000000			0.000000		2	20.651343	a	a:1|v:1	jim4gaak3:2	10.325672	false	0.000000	cantomap	false				false	single_corpus_review	unreviewed	
3161	四角柱體	0	0.000000			0.000000		2	20.651343	n	n:1|x:1	sei3gok3cyu5tai2:2	10.325672	false	0.000000	cantomap	false				false	single_corpus_review	unreviewed	
3162	四點五	0	0.000000			0.000000		2	20.651343	m	m:2	sei3dim2m5:2	10.325672	false	0.000000	cantomap	false				false	single_corpus_review	unreviewed	
3163	圍繞	0	0.000000			0.000000		2	20.651343	n	n:1|v:1	wai4jiu5:2	10.325672	false	0.000000	cantomap	false				false	single_corpus_review	unreviewed	
3164	圓錐體	0	0.000000			0.000000		2	20.651343	n	n:2	jun4zeoi1tai2:2	10.325672	false	0.000000	cantomap	false				false	single_corpus_review	unreviewed	
3165	圖像	0	0.000000			0.000000		2	20.651343	n	n:2	tou4zoeng6:2	10.325672	false	0.000000	cantomap	false				false	single_corpus_review	unreviewed	
3166	土字邊	0	0.000000			0.000000		2	20.651343	f	f:2	tou2zi6bin1:2	10.325672	false	0.000000	cantomap	false				false	single_corpus_review	unreviewed	
3167	垂直線	0	0.000000			0.000000		2	20.651343	n	n:1|v:1	seoi4zik6sin3:2	10.325672	false	0.000000	cantomap	false				false	single_corpus_review	unreviewed	
3168	基本步	0	0.000000			0.000000		2	20.651343	nr	nr:1|v:1	gei1bun2bou6:2	10.325672	false	0.000000	cantomap	false				false	single_corpus_review	unreviewed	
3169	大槪	0	0.000000			0.000000		2	20.651343	x	x:1|n:1	daai6koi3:2	10.325672	false	0.000000	cantomap	false				false	single_corpus_review	unreviewed	
3170	如	0	0.000000			0.000000		2	20.651343	v	v:2	ju4:2	10.325672	false	0.000000	cantomap	true	1001	24	jyu4	false	single_corpus_review	unreviewed	
3171	嬋	0	0.000000			0.000000		2	20.651343	n	n:1|v:1	sim4:2	10.325672	false	0.000000	cantomap	true	836	31	sim4|sin4	false	single_corpus_review	unreviewed	
3172	嬋盆	0	0.000000			0.000000		2	20.651343	x	x:1|nr:1	sim4pun4:2	10.325672	false	0.000000	cantomap	false				false	single_corpus_review	unreviewed	
3173	嬋盆廣場	0	0.000000			0.000000		2	20.651343	n	n:2	sim4pun4:2	10.325672	false	0.000000	cantomap	false				false	single_corpus_review	unreviewed	
3174	實習	0	0.000000			0.000000		2	20.651343	v	v:1|d:1	sat6zaap6:2	10.325672	false	0.000000	cantomap	false				false	single_corpus_review	unreviewed	
3175	射頹	0	0.000000			0.000000		2	20.651343	v	v:2	se6teoi4:2	10.325672	false	0.000000	cantomap	false				false	single_corpus_review	unreviewed	
3176	射頹餐	0	0.000000			0.000000		2	20.651343	n	n:1|q:1	se6teoi4caan1:2	10.325672	false	0.000000	cantomap	false				false	single_corpus_review	unreviewed	
3177	射頹餐廳	0	0.000000			0.000000		2	20.651343	n	n:2	se6tui4caan1teng1:2	10.325672	false	0.000000	cantomap	false				false	single_corpus_review	unreviewed	
3178	對角	0	0.000000			0.000000		2	20.651343	n	n:2	deoi3gok3:2	10.325672	false	0.000000	cantomap	false				false	single_corpus_review	unreviewed	
3179	對開	0	0.000000			0.000000		2	20.651343	v	v:2	deoi3hoi1:2	10.325672	false	0.000000	cantomap	false				false	single_corpus_review	unreviewed	
3180	就咁	0	0.000000			0.000000		2	20.651343	d	d:2	zau6gam2:2	10.325672	false	0.000000	cantomap	false				false	single_corpus_review	unreviewed	
3181	工場	0	0.000000			0.000000		2	20.651343	n	n:2	gung1coeng4:2	10.325672	false	0.000000	cantomap	false				false	single_corpus_review	unreviewed	
3182	左上	0	0.000000			0.000000		2	20.651343	f	f:2	zo2soeng6:2	10.325672	false	0.000000	cantomap	true	546	53	zo2soeng6	false	single_corpus_review	unreviewed	
3183	帳幕	0	0.000000			0.000000		2	20.651343	n	n:2	zoeng3mok6:2	10.325672	false	0.000000	cantomap	false				false	single_corpus_review	unreviewed	
3184	幅度	0	0.000000			0.000000		2	20.651343	n	n:2	fuk1dou6:2	10.325672	false	0.000000	cantomap	false				false	single_corpus_review	unreviewed	
3185	弧線	0	0.000000			0.000000		2	20.651343	n	n:2	wu4sin3:2	10.325672	false	0.000000	cantomap	false				false	single_corpus_review	unreviewed	
3186	彎彎曲曲	0	0.000000			0.000000		2	20.651343	n	n:1|l:1	waan1waan1kuk1kuk1:2	10.325672	false	0.000000	cantomap	false				false	single_corpus_review	unreviewed	
3187	彭定康	0	0.000000			0.000000		2	20.651343	nr	nr:1|v:1	paang4ding6hong1:2	10.325672	false	0.000000	cantomap	false				false	single_corpus_review	unreviewed	
3188	忍依湖	0	0.000000			0.000000		2	20.651343	n	n:2	jan2ji1wu4:2	10.325672	false	0.000000	cantomap	false				false	single_corpus_review	unreviewed	
3189	忍意	0	0.000000			0.000000		2	20.651343	v	v:2	jan2ji3:2	10.325672	false	0.000000	cantomap	false				false	single_corpus_review	unreviewed	
3190	怨樹	0	0.000000			0.000000		2	20.651343	v	v:2	jyun3syu6:2	10.325672	false	0.000000	cantomap	false				false	single_corpus_review	unreviewed	
3191	恨萍廟	0	0.000000			0.000000		2	20.651343	v	v:1|a:1	han6ping4miu2:2	10.325672	false	0.000000	cantomap	false				false	single_corpus_review	unreviewed	
3192	愁	0	0.000000			0.000000		2	20.651343	v	v:2	sau4:2	10.325672	false	0.000000	cantomap	true	489	61	sau4	false	single_corpus_review	unreviewed	
3193	戀意	0	0.000000			0.000000		2	20.651343	n	n:2	lyun2ji3:2	10.325672	false	0.000000	cantomap	false				false	single_corpus_review	unreviewed	
3194	戀愛	0	0.000000			0.000000		2	20.651343	v	v:1|nr:1	lyun2oi3:2	10.325672	false	0.000000	cantomap	false				false	single_corpus_review	unreviewed	
3195	戀煙葡萄	0	0.000000			0.000000		2	20.651343	n	n:2	lyun2jin1pou4tou4:2	10.325672	false	0.000000	cantomap	false				false	single_corpus_review	unreviewed	
3196	戀燕葡萄園	0	0.000000			0.000000		2	20.651343	n	n:2	lyun2jin3pou4tou4jyun4:2	10.325672	false	0.000000	cantomap	false				false	single_corpus_review	unreviewed	
3197	扁	0	0.000000			0.000000		2	20.651343	a	a:2	bin1:2	10.325672	false	0.000000	cantomap	false				false	single_corpus_review	unreviewed	
3198	扠	0	0.000000			0.000000		2	20.651343	v	v:2	caa5:2	10.325672	false	0.000000	cantomap	false				false	single_corpus_review	unreviewed	
3199	指公	0	0.000000			0.000000		2	20.651343	n	n:1|v:1	zi2gung1:2	10.325672	false	0.000000	cantomap	false				false	single_corpus_review	unreviewed	
3200	搵靚橋	0	0.000000			0.000000		2	20.651343	v	v:1|a:1	wan2leng3kiu4:2	10.325672	false	0.000000	cantomap	false				false	single_corpus_review	unreviewed	
3201	搵靚球場	0	0.000000			0.000000		2	20.651343	v	v:1|n:1	wan2leng3kau4coeng4:2	10.325672	false	0.000000	cantomap	false				false	single_corpus_review	unreviewed	
3202	搵𡃁	0	0.000000			0.000000		2	20.651343	n	n:2	wan2leng1:2	10.325672	false	0.000000	cantomap	false				false	single_corpus_review	unreviewed	
3203	撻	0	0.000000			0.000000		2	20.651343	q	q:2	taat3:2	10.325672	false	0.000000	cantomap	false				false	single_corpus_review	unreviewed	
3204	效能	0	0.000000			0.000000		2	20.651343	v	v:2	haau6nang4:2	10.325672	false	0.000000	cantomap	false				false	single_corpus_review	unreviewed	
3205	斜斜哋	0	0.000000			0.000000		2	20.651343	n	n:2	ce3ce2dei2:2	10.325672	false	0.000000	cantomap	false				false	single_corpus_review	unreviewed	
3206	是罷	0	0.000000			0.000000		2	20.651343	d	d:1|v:1	si6baa6:2	10.325672	false	0.000000	cantomap	false				false	single_corpus_review	unreviewed	
3207	暖煙河	0	0.000000			0.000000		2	20.651343	n	n:1|v:1	lyun5jin1ho4:2	10.325672	false	0.000000	cantomap	false				false	single_corpus_review	unreviewed	
3208	暖燕海	0	0.000000			0.000000		2	20.651343	n	n:1|a:1	lyun5jin3hoi2:2	10.325672	false	0.000000	cantomap	false				false	single_corpus_review	unreviewed	
3209	會堂	0	0.000000			0.000000		2	20.651343	n	n:2	wui6tong4:2	10.325672	false	0.000000	cantomap	true	763	35	wui6tong4	false	single_corpus_review	unreviewed	
3210	有效	0	0.000000			0.000000		2	20.651343	v	v:2	jau5haau6:2	10.325672	false	0.000000	cantomap	false				false	single_corpus_review	unreviewed	
3211	末端	0	0.000000			0.000000		2	20.651343	n	n:2	mut6dyun1:2	10.325672	false	0.000000	cantomap	false				false	single_corpus_review	unreviewed	
3212	東西	0	0.000000			0.000000		2	20.651343	ns	ns:2	dung1sai1:2	10.325672	false	0.000000	cantomap	false				false	single_corpus_review	unreviewed	
3213	枉𤓓攬車	0	0.000000			0.000000		2	20.651343	x	x:1|v:1	wong2lo3laam2ce1:2	10.325672	false	0.000000	cantomap	false				false	single_corpus_review	unreviewed	
3214	枉𤓓燈塔	0	0.000000			0.000000		2	20.651343	Ng	Ng:2	wong2lo3dang1taap3:2	10.325672	false	0.000000	cantomap	false				false	single_corpus_review	unreviewed	
3215	果嶺	0	0.000000			0.000000		2	20.651343	a	a:1|ns:1	gwo2leng5:2	10.325672	false	0.000000	cantomap	false				false	single_corpus_review	unreviewed	
3216	椰樹	0	0.000000			0.000000		2	20.651343	a	a:1|v:1	je4syu6:2	10.325672	false	0.000000	cantomap	false				false	single_corpus_review	unreviewed	
3217	概	0	0.000000			0.000000		2	20.651343	u	u:2	koi3:2	10.325672	false	0.000000	cantomap	false				false	single_corpus_review	unreviewed	
3218	標誌	0	0.000000			0.000000		2	20.651343	n	n:2	biu1zi3:2	10.325672	false	0.000000	cantomap	false				false	single_corpus_review	unreviewed	
3219	樹木	0	0.000000			0.000000		2	20.651343	n	n:1|v:1	syu6muk6:2	10.325672	false	0.000000	cantomap	false				false	single_corpus_review	unreviewed	
3220	橢圓	0	0.000000			0.000000		2	20.651343	x	x:1|Ng:1	to5jun4:2	10.325672	false	0.000000	cantomap	true	930	27	to5jyun4	false	single_corpus_review	unreviewed	
3221	橫跨	0	0.000000			0.000000		2	20.651343	a	a:1|v:1	waang4kwaa3:2	10.325672	false	0.000000	cantomap	false				false	single_corpus_review	unreviewed	
3222	欠	0	0.000000			0.000000		2	20.651343	d	d:1|v:1	him3:2	10.325672	false	0.000000	cantomap	false				false	single_corpus_review	unreviewed	
3223	步薯	0	0.000000			0.000000		2	20.651343	ns	ns:1|n:1	bou6syu4:2	10.325672	false	0.000000	cantomap	false				false	single_corpus_review	unreviewed	
3224	歪	0	0.000000			0.000000		2	20.651343	v	v:2	me2:2	10.325672	false	0.000000	cantomap	false				false	single_corpus_review	unreviewed	
3225	比如	0	0.000000			0.000000		2	20.651343	v	v:2	bei2ju4:2	10.325672	false	0.000000	cantomap	false				false	single_corpus_review	unreviewed	
3226	波動	0	0.000000			0.000000		2	20.651343	v	v:2	bo1dung6:2	10.325672	false	0.000000	cantomap	false				false	single_corpus_review	unreviewed	
3227	泳	0	0.000000			0.000000		2	20.651343	v	v:1|n:1	wing6:2	10.325672	false	0.000000	cantomap	false				false	single_corpus_review	unreviewed	
3228	海洋	0	0.000000			0.000000		2	20.651343	v	v:1|n:1	hoi2joeng4:2	10.325672	false	0.000000	cantomap	false				false	single_corpus_review	unreviewed	
3229	添	0	0.000000			0.000000		2	20.651343	n	n:1|v:1	tim1:2	10.325672	false	0.000000	cantomap	true	1014	24	tim1	false	single_corpus_review	unreviewed	
3230	游泳池	0	0.000000			0.000000		2	20.651343	v	v:1|n:1	jau4wing6ci4:2	10.325672	false	0.000000	cantomap	false				false	single_corpus_review	unreviewed	
3231	湖邊	0	0.000000			0.000000		2	20.651343	f	f:1|ns:1	wu4bin1:2	10.325672	false	0.000000	cantomap	false				false	single_corpus_review	unreviewed	
3232	滯	0	0.000000			0.000000		2	20.651343	v	v:1|d:1	zai6:2	10.325672	false	0.000000	cantomap	false				false	single_corpus_review	unreviewed	
3233	甜項農	0	0.000000			0.000000		2	20.651343	n	n:1|vn:1	tim4hong3nung4:2	10.325672	false	0.000000	cantomap	false				false	single_corpus_review	unreviewed	
3234	痕	0	0.000000			0.000000		2	20.651343	n	n:2	han4:2	10.325672	false	0.000000	cantomap	true	1601	13	han4	false	single_corpus_review	unreviewed	
3235	瘦削	0	0.000000			0.000000		2	20.651343	a	a:2	sau3soek3:2	10.325672	false	0.000000	cantomap	false				false	single_corpus_review	unreviewed	
3236	盆嬋	0	0.000000			0.000000		2	20.651343	n	n:2	pun4sim4:2	10.325672	false	0.000000	cantomap	false				false	single_corpus_review	unreviewed	
3237	盛磅滑雪	0	0.000000			0.000000		2	20.651343	v	v:1|ns:1	sing6bong6waat6syut3:2	10.325672	false	0.000000	cantomap	false				false	single_corpus_review	unreviewed	
3238	直角三角形	0	0.000000			0.000000		2	20.651343	d	d:1|n:1	zik6gok3saam1gok3jing4:2	10.325672	false	0.000000	cantomap	false				false	single_corpus_review	unreviewed	
3239	睇吓	0	0.000000			0.000000		2	20.651343	e	e:1|m:1	tai2haa5:2	10.325672	false	0.000000	cantomap	false				false	single_corpus_review	unreviewed	
3240	睡房	0	0.000000			0.000000		2	20.651343	a	a:1|v:1	seoi6fong2:2	10.325672	false	0.000000	cantomap	false				false	single_corpus_review	unreviewed	
3241	確保	0	0.000000			0.000000		2	20.651343	v	v:1|jn:1	kok3bou2:2	10.325672	false	0.000000	cantomap	false				false	single_corpus_review	unreviewed	
3242	空位	0	0.000000			0.000000		2	20.651343	n	n:2	hung1wai2:2	10.325672	false	0.000000	cantomap	false				false	single_corpus_review	unreviewed	
3243	笨重	0	0.000000			0.000000		2	20.651343	v	v:2	ban6zung6:2	10.325672	false	0.000000	cantomap	false				false	single_corpus_review	unreviewed	
3244	等邊三角形	0	0.000000			0.000000		2	20.651343	n	n:1|v:1	dang2bin1saam1gok3jing4:2	10.325672	false	0.000000	cantomap	false				false	single_corpus_review	unreviewed	
3245	純真	0	0.000000			0.000000		2	20.651343	a	a:2	seon4zan1:2	10.325672	false	0.000000	cantomap	false				false	single_corpus_review	unreviewed	
3246	細細塊	0	0.000000			0.000000		2	20.651343	n	n:2	sai3sai3faai3:2	10.325672	false	0.000000	cantomap	false				false	single_corpus_review	unreviewed	
3247	線路	0	0.000000			0.000000		2	20.651343	n	n:2	sin3lou6:2	10.325672	false	0.000000	cantomap	false				false	single_corpus_review	unreviewed	
3248	老少咸宜	0	0.000000			0.000000		2	20.651343	l	l:1|n:1	lou5siu3haam4ji4:2	10.325672	false	0.000000	cantomap	false				false	single_corpus_review	unreviewed	
3249	聲氣	0	0.000000			0.000000		2	20.651343	n	n:2	seng1hei3:2	10.325672	false	0.000000	cantomap	false				false	single_corpus_review	unreviewed	
3250	肥肥哋	0	0.000000			0.000000		2	20.651343	nr	nr:1|l:1	fei4fei2dei2:2	10.325672	false	0.000000	cantomap	false				false	single_corpus_review	unreviewed	
3251	腰部	0	0.000000			0.000000		2	20.651343	m	m:2	jiu1bou6:2	10.325672	false	0.000000	cantomap	false				false	single_corpus_review	unreviewed	
3252	航常叢	0	0.000000			0.000000		2	20.651343	x	x:1|v:1	hong4soeng4:2	10.325672	false	0.000000	cantomap	false				false	single_corpus_review	unreviewed	
3253	莊	0	0.000000			0.000000		2	20.651343	n	n:2	zong1:2	10.325672	false	0.000000	cantomap	true	359	89	zong1	false	single_corpus_review	unreviewed	
3254	莖	0	0.000000			0.000000		2	20.651343	n	n:2	kwaang2:2	10.325672	false	0.000000	cantomap	false				false	single_corpus_review	unreviewed	
3255	萍根廟	0	0.000000			0.000000		2	20.651343	n	n:2	ping4gan1miu2:2	10.325672	false	0.000000	cantomap	false				false	single_corpus_review	unreviewed	
3256	表情	0	0.000000			0.000000		2	20.651343	n	n:2	biu2cing4:2	10.325672	false	0.000000	cantomap	false				false	single_corpus_review	unreviewed	
3257	複製	0	0.000000			0.000000		2	20.651343	n	n:2	fuk1zai3:2	10.325672	false	0.000000	cantomap	false				false	single_corpus_review	unreviewed	
3258	覆蓋	0	0.000000			0.000000		2	20.651343	v	v:2	fuk1goi3:2	10.325672	false	0.000000	cantomap	false				false	single_corpus_review	unreviewed	
3259	規則	0	0.000000			0.000000		2	20.651343	n	n:2	kwai1zak1:2	10.325672	false	0.000000	cantomap	true	1811	11	kwai1zak1	false	single_corpus_review	unreviewed	
3260	誰	0	0.000000			0.000000		2	20.651343	n	n:2	seoi4:2	10.325672	false	0.000000	cantomap	true	838	31	seoi4	false	single_corpus_review	unreviewed	
3261	談含	0	0.000000			0.000000		2	20.651343	v	v:1|n:1	taam4ham4:2	10.325672	false	0.000000	cantomap	false				false	single_corpus_review	unreviewed	
3262	談痕	0	0.000000			0.000000		2	20.651343	n	n:2	taam4han4:2	10.325672	false	0.000000	cantomap	false				false	single_corpus_review	unreviewed	
3263	講吓	0	0.000000			0.000000		2	20.651343	v	v:2	gong2haa5:2	10.325672	false	0.000000	cantomap	false				false	single_corpus_review	unreviewed	
3264	貧富大宅	0	0.000000			0.000000		2	20.651343	n	n:2	pan4fu3daai6zaak2:2	10.325672	false	0.000000	cantomap	false				false	single_corpus_review	unreviewed	
3265	賀婆	0	0.000000			0.000000		2	20.651343	n	n:2	ho3po4:2	10.325672	false	0.000000	cantomap	false				false	single_corpus_review	unreviewed	
3266	跟隨	0	0.000000			0.000000		2	20.651343	v	v:2	gan1ceoi4:2	10.325672	false	0.000000	cantomap	false				false	single_corpus_review	unreviewed	
3267	跨過	0	0.000000			0.000000		2	20.651343	u	u:1|v:1	kwaa3gwo3:2	10.325672	false	0.000000	cantomap	false				false	single_corpus_review	unreviewed	
3268	路癡	0	0.000000			0.000000		2	20.651343	Ng	Ng:1|v:1	lou6ci1:2	10.325672	false	0.000000	cantomap	false				false	single_corpus_review	unreviewed	
3269	跳水	0	0.000000			0.000000		2	20.651343	v	v:2	tiu3seoi2:2	10.325672	false	0.000000	cantomap	false				false	single_corpus_review	unreviewed	
3270	途經	0	0.000000			0.000000		2	20.651343	n	n:1|v:1	tou4ging1:2	10.325672	false	0.000000	cantomap	false				false	single_corpus_review	unreviewed	
3271	過完	0	0.000000			0.000000		2	20.651343	u	u:1|v:1	gwo3jun4:2	10.325672	false	0.000000	cantomap	false				false	single_corpus_review	unreviewed	
3272	遠怨大	0	0.000000			0.000000		2	20.651343	q	q:1|ns:1	jyun5jyun3daai6:2	10.325672	false	0.000000	cantomap	false				false	single_corpus_review	unreviewed	
3273	部首	0	0.000000			0.000000		2	20.651343	n	n:2	bou6sau2:2	10.325672	false	0.000000	cantomap	false				false	single_corpus_review	unreviewed	
3274	銅牌	0	0.000000			0.000000		2	20.651343	f	f:1|n:1	tung4paai4:2	10.325672	false	0.000000	cantomap	false				false	single_corpus_review	unreviewed	
3275	銅齡山	0	0.000000			0.000000		2	20.651343	n	n:2	tung4ling4saan1:2	10.325672	false	0.000000	cantomap	false				false	single_corpus_review	unreviewed	
3276	長方體	0	0.000000			0.000000		2	20.651343	n	n:2	coeng4fong1tai2:2	10.325672	false	0.000000	cantomap	false				false	single_corpus_review	unreviewed	
3277	需	0	0.000000			0.000000		2	20.651343	v	v:2	seoi1:2	10.325672	false	0.000000	cantomap	false				false	single_corpus_review	unreviewed	
3278	韻樂	0	0.000000			0.000000		2	20.651343	v	v:2	wan5ngok6:2	10.325672	false	0.000000	cantomap	false				false	single_corpus_review	unreviewed	
3279	韻𡃁同	0	0.000000			0.000000		2	20.651343	n	n:1|p:1	wan5leng1tung4:2	10.325672	false	0.000000	cantomap	false				false	single_corpus_review	unreviewed	
3280	領幼	0	0.000000			0.000000		2	20.651343	n	n:1|q:1	ling5jau3:2	10.325672	false	0.000000	cantomap	false				false	single_corpus_review	unreviewed	
3281	頭頂	0	0.000000			0.000000		2	20.651343	n	n:2	tau4deng2:2	10.325672	false	0.000000	cantomap	false				false	single_corpus_review	unreviewed	
3282	馬戲	0	0.000000			0.000000		2	20.651343	n	n:2	maa5hei3:2	10.325672	false	0.000000	cantomap	true	218	157	maa5hei3	false	single_corpus_review	unreviewed	
3283	騎士	0	0.000000			0.000000		2	20.651343	n	n:2	ke4si6:2	10.325672	false	0.000000	cantomap	false				false	single_corpus_review	unreviewed	
3284	高低	0	0.000000			0.000000		2	20.651343	a	a:2	gou1dai1:2	10.325672	false	0.000000	cantomap	false				false	single_corpus_review	unreviewed	
3285	黑白	0	0.000000			0.000000		2	20.651343	a	a:2	hak1baak6:2	10.325672	false	0.000000	cantomap	false				false	single_corpus_review	unreviewed	
3286	鼓	0	0.000000			0.000000		2	20.651343	v	v:1|n:1	gu2:2	10.325672	false	0.000000	cantomap	false				false	single_corpus_review	unreviewed	
3287	𡃁洞	0	0.000000			0.000000		2	20.651343	v	v:1|n:1	leng1dung6:2	10.325672	false	0.000000	cantomap	false				false	single_corpus_review	unreviewed	
3288	𤓓	0	0.000000			0.000000		2	20.651343	n	n:2	lo3:2	10.325672	false	0.000000	cantomap	false				false	single_corpus_review	unreviewed	
3289	三十九	1	8.130213	m	m:1	0.000000	saam1sap6gau2:1	1	10.325672	m	m:1	saam1sap6gau2:1	9.227943	true	0.787379	cantomap	false				false	general_lexicality_review	unreviewed	
3290	二十一	1	8.130213	m	m:1	0.000000	ji6sap6jat1:1	1	10.325672	m	m:1	ji6sap6jat1:1	9.227943	true	0.787379	cantomap	false				false	general_lexicality_review	unreviewed	
3291	二十四	1	8.130213	t	t:1	0.000000	ji6sap6sei3:1	1	10.325672	m	m:1	ji6sap6sei3:1	9.227943	true	0.787379	cantomap	false				false	general_lexicality_review	unreviewed	
3292	任務	1	8.130213	n	n:1	0.000000	jam6mou6:1	1	10.325672	n	n:1	jam6mou6:1	9.227943	true	0.787379	cantomap	false				false	general_lexicality_review	unreviewed	
3293	伏	1	8.130213	v	v:1	0.000000	buk6:1	1	10.325672	a	a:1	fuk6:1	9.227943	true	0.787379	cantomap	false				false	general_lexicality_review	unreviewed	
3294	估計	1	8.130213	v	v:1	0.000000	gu2gai3:1	1	10.325672	v	v:1	gu2gai3:1	9.227943	true	0.787379	cantomap	false				false	general_lexicality_review	unreviewed	
3295	作準	1	8.130213	v	v:1	0.000000	zok3zeon2:1	1	10.325672	v	v:1	zok3zeon2:1	9.227943	true	0.787379	cantomap	false				false	general_lexicality_review	unreviewed	
3296	八點	1	8.130213	t	t:1	0.000000	baat3dim2:1	1	10.325672	t	t:1	baat3dim2:1	9.227943	true	0.787379	cantomap	false				false	general_lexicality_review	unreviewed	
3297	剩低	1	8.130213	v	v:1	0.000000	zing1dai1:1	1	10.325672	v	v:1	zing6dai1:1	9.227943	true	0.787379	cantomap	false				false	general_lexicality_review	unreviewed	
3298	反正	1	8.130213	d	d:1	0.000000	faan2zing3:1	1	10.325672	v	v:1	faan2zing3:1	9.227943	true	0.787379	cantomap	false				false	general_lexicality_review	unreviewed	
3299	呆	1	8.130213	a	a:1	0.000000	ngoi4:1	1	10.325672	n	n:1	ngoi4:1	9.227943	true	0.787379	cantomap	false				false	general_lexicality_review	unreviewed	
3300	字母	1	8.130213	n	n:1	0.000000	zi6mou5:1	1	10.325672	n	n:1	zi6mou5:1	9.227943	true	0.787379	cantomap	false				false	general_lexicality_review	unreviewed	
3301	字眼	1	8.130213	n	n:1	0.000000	zi6ngaan5:1	1	10.325672	n	n:1	zi6ngaan5:1	9.227943	true	0.787379	cantomap	false				false	general_lexicality_review	unreviewed	
3302	實情	1	8.130213	d	d:1	0.000000	sat6cing2:1	1	10.325672	d	d:1	sat6cing4:1	9.227943	true	0.787379	cantomap	false				false	general_lexicality_review	unreviewed	
3303	小學生	1	8.130213	n	n:1	0.000000	siu2hok6saang1:1	1	10.325672	n	n:1	siu2hok6saang1:1	9.227943	true	0.787379	cantomap	false				false	general_lexicality_review	unreviewed	
3304	延長	1	8.130213	v	v:1	0.000000	jin4coeng4:1	1	10.325672	n	n:1	jin4coeng4:1	9.227943	true	0.787379	cantomap	false				false	general_lexicality_review	unreviewed	
3305	忍受	1	8.130213	v	v:1	0.000000	jan2sau6:1	1	10.325672	v	v:1	jan2sau6:1	9.227943	true	0.787379	cantomap	false				false	general_lexicality_review	unreviewed	
3306	思考	1	8.130213	v	v:1	0.000000	si1haau2:1	1	10.325672	v	v:1	si1haau2:1	9.227943	true	0.787379	cantomap	false				false	general_lexicality_review	unreviewed	
3307	恆生	1	8.130213	nt	nt:1	1.000000	hang4sang1:1	1	10.325672	n	n:1	hang4sang1:1	9.227943	true	0.787379	cantomap	false				false	general_lexicality_review	unreviewed	
3308	或	1	8.130213	c	c:1	0.000000	waak6:1	1	10.325672	v	v:1	waak6:1	9.227943	true	0.787379	cantomap	true	1497	14	waak6	false	general_lexicality_review	unreviewed	
3309	拋	1	8.130213	v	v:1	0.000000	paau1:1	1	10.325672	v	v:1	paau1:1	9.227943	true	0.787379	cantomap	false				false	general_lexicality_review	unreviewed	
3310	指數	1	8.130213	n	n:1	0.000000	zi2sou3:1	1	10.325672	n	n:1	zi2sou3:1	9.227943	true	0.787379	cantomap	false				false	general_lexicality_review	unreviewed	
3311	掃	1	8.130213	v	v:1	0.000000	sou3:1	1	10.325672	q	q:1	sou3:1	9.227943	true	0.787379	cantomap	false				false	general_lexicality_review	unreviewed	
3312	搶	1	8.130213	v	v:1	0.000000	coeng2:1	1	10.325672	v	v:1	coeng2:1	9.227943	true	0.787379	cantomap	false				false	general_lexicality_review	unreviewed	
3313	旺	1	8.130213	a	a:1	0.000000	wong6:1	1	10.325672	a	a:1	wong6:1	9.227943	true	0.787379	cantomap	false				false	general_lexicality_review	unreviewed	
3314	柄	1	8.130213	v	v:1	0.000000	beng3:1	1	10.325672	n	n:1	beng3:1	9.227943	true	0.787379	cantomap	false				false	general_lexicality_review	unreviewed	
3315	檢查	1	8.130213	v	v:1	0.000000	gim2caa4:1	1	10.325672	v	v:1	gim2caa4:1	9.227943	true	0.787379	cantomap	false				false	general_lexicality_review	unreviewed	
3316	正確	1	8.130213	a	a:1	0.000000	zing3kok3:1	1	10.325672	d	d:1	zing3kok3:1	9.227943	true	0.787379	cantomap	false				false	general_lexicality_review	unreviewed	
3317	毫	1	8.130213	q	q:1	0.000000	hou4:1	1	10.325672	q	q:1	hou4:1	9.227943	true	0.787379	cantomap	false				false	general_lexicality_review	unreviewed	
3318	燈	1	8.130213	n	n:1	0.000000	dang1:1	1	10.325672	n	n:1	dang1:1	9.227943	true	0.787379	cantomap	true	1632	13	dang1	false	general_lexicality_review	unreviewed	
3319	田	1	8.130213	nr	nr:1	1.000000	tin4:1	1	10.325672	n	n:1	tin4:1	9.227943	true	0.787379	cantomap	false				false	general_lexicality_review	unreviewed	
3320	盔甲	1	8.130213	n	n:1	0.000000	kwai1gaap3:1	1	10.325672	n	n:1	kwai1gaap3:1	9.227943	true	0.787379	cantomap	false				false	general_lexicality_review	unreviewed	
3321	祝	1	8.130213	v	v:1	0.000000	zuk1:1	1	10.325672	v	v:1	zuk1:1	9.227943	true	0.787379	cantomap	false				false	general_lexicality_review	unreviewed	
3322	空間	1	8.130213	n	n:1	0.000000	hung1gaan1:1	1	10.325672	n	n:1	hung1gaan1:1	9.227943	true	0.787379	cantomap	true	1356	16	hung1gaan1	false	general_lexicality_review	unreviewed	
3323	站	1	8.130213	v	v:1	0.000000	zaam6:1	1	10.325672	n	n:1	zaam6:1	9.227943	true	0.787379	cantomap	true	1595	13	zaam6	false	general_lexicality_review	unreviewed	
3324	纜	1	8.130213	Ng	Ng:1	0.000000	laam2:1	1	10.325672	d	d:1	laam6:1	9.227943	true	0.787379	cantomap	false				false	general_lexicality_review	unreviewed	
3325	耳仔	1	8.130213	n	n:1	0.000000	ji5zai2:1	1	10.325672	n	n:1	ji5zai2:1	9.227943	true	0.787379	cantomap	false				false	general_lexicality_review	unreviewed	
3326	讀音	1	8.130213	n	n:1	0.000000	duk6jam1:1	1	10.325672	n	n:1	duk6jam1:1	9.227943	true	0.787379	cantomap	false				false	general_lexicality_review	unreviewed	
3327	賽事	1	8.130213	n	n:1	0.000000	coi3si6:1	1	10.325672	n	n:1	coi3si6:1	9.227943	true	0.787379	cantomap	false				false	general_lexicality_review	unreviewed	
3328	超過	1	8.130213	v	v:1	0.000000	ciu1gwo3:1	1	10.325672	v	v:1	ciu1gwo3:1	9.227943	true	0.787379	cantomap	false				false	general_lexicality_review	unreviewed	
3329	趴	1	8.130213	v	v:1	0.000000	paa1:1	1	10.325672	v	v:1	paa1:1	9.227943	true	0.787379	cantomap	false				false	general_lexicality_review	unreviewed	
3330	途中	1	8.130213	s	s:1	0.000000	tou4zung1:1	1	10.325672	v	v:1	tou4zung1:1	9.227943	true	0.787379	cantomap	false				false	general_lexicality_review	unreviewed	
3331	遠近	1	8.130213	n	n:1	0.000000	jyun5kan5:1	1	10.325672	n	n:1	jun5gan6:1	9.227943	true	0.787379	cantomap	false				false	general_lexicality_review	unreviewed	
3332	配	1	8.130213	v	v:1	0.000000	pui3:1	1	10.325672	v	v:1	pui3:1	9.227943	true	0.787379	cantomap	false				false	general_lexicality_review	unreviewed	
3333	配合	1	8.130213	v	v:1	0.000000	pui3hap6:1	1	10.325672	v	v:1	pui4hap6:1	9.227943	true	0.787379	cantomap	false				false	general_lexicality_review	unreviewed	
3334	長線	1	8.130213	a	a:1	0.000000	coeng4sin3:1	1	10.325672	n	n:1	coeng4sin3:1	9.227943	true	0.787379	cantomap	false				false	general_lexicality_review	unreviewed	
3335	順德	1	8.130213	ns	ns:1	1.000000	seon6dak1:1	1	10.325672	a	a:1	seon6dak1:1	9.227943	true	0.787379	cantomap	false				false	general_lexicality_review	unreviewed	
3336	顏色	1	8.130213	n	n:1	0.000000	ngaan4sik1:1	1	10.325672	n	n:1	ngaan4sik1:1	9.227943	true	0.787379	cantomap	false				false	general_lexicality_review	unreviewed	
3337	願意	1	8.130213	vu	vu:1	0.000000	jyun6ji3:1	1	10.325672	v	v:1	jun6ji3:1	9.227943	true	0.787379	cantomap	false				false	general_lexicality_review	unreviewed	
3338	麥	1	8.130213	nr	nr:1	1.000000	mak6:1	1	10.325672	ns	ns:1	mak6:1	9.227943	true	0.787379	cantomap	false				false	general_lexicality_review	unreviewed	
3339	B加	2	16.260427	b	b:2	0.000000		0	0.000000				8.130213	false	0.000000	hkcancor	false				false	single_corpus_review	unreviewed	
3340	○頭	2	16.260427	v	v:2	0.000000	fing6tau4:2	0	0.000000				8.130213	false	0.000000	hkcancor	false				false	single_corpus_review	unreviewed	
3341	一代	2	16.260427	b	b:2	0.000000	jat1doi6:2	0	0.000000				8.130213	false	0.000000	hkcancor	false				false	single_corpus_review	unreviewed	
3342	一剎那	2	16.260427	n	n:2	0.000000	jat1saat3naa5:2	0	0.000000				8.130213	false	0.000000	hkcancor	false				false	single_corpus_review	unreviewed	
3343	一千三百	2	16.260427	m	m:2	0.000000	jat1cin1saam1baak3:2	0	0.000000				8.130213	false	0.000000	hkcancor	false				false	single_corpus_review	unreviewed	
3344	一味	2	16.260427	d	d:2	0.000000	jat1mei2:2	0	0.000000				8.130213	false	0.000000	hkcancor	false				false	single_corpus_review	unreviewed	
3345	一四八	2	16.260427	m	m:2	0.000000	jat1sei3baat3:2	0	0.000000				8.130213	false	0.000000	hkcancor	false				false	single_corpus_review	unreviewed	
3346	一層層	2	16.260427	z	z:2	0.000000	jat1cang4cang4:2	0	0.000000				8.130213	false	0.000000	hkcancor	false				false	single_corpus_review	unreviewed	
3347	一排	2	16.260427	t	t:2	0.000000	jat1paai4:2	0	0.000000				8.130213	false	0.000000	hkcancor	false				false	single_corpus_review	unreviewed	
3348	一本便利	2	16.260427	nz	nz:2	1.000000	jat1bun2bin6lei6:2	0	0.000000				8.130213	false	0.000000	hkcancor	false				false	proper_name_review	unreviewed	
3349	一條條	2	16.260427	q	q:2	0.000000	jat1tiu4tiu4:2	0	0.000000				8.130213	false	0.000000	hkcancor	false				false	single_corpus_review	unreviewed	
3350	一萬九千幾	2	16.260427	m	m:2	0.000000	jat1maan6gau2cin1gei2:2	0	0.000000				8.130213	false	0.000000	hkcancor	false				false	single_corpus_review	unreviewed	
3351	一視同仁	2	16.260427	i	i:2	0.000000	jat1si6tung4jan4:2	0	0.000000				8.130213	false	0.000000	hkcancor	false				false	single_corpus_review	unreviewed	
3352	一零八	2	16.260427	m	m:2	0.000000	jat1ling4baat3:2	0	0.000000				8.130213	false	0.000000	hkcancor	false				false	single_corpus_review	unreviewed	
3353	七八九	2	16.260427	nz	nz:2	1.000000	cat1baat3gau2:2	0	0.000000				8.130213	false	0.000000	hkcancor	false				false	proper_name_review	unreviewed	
3354	三十幾萬	2	16.260427	m	m:2	0.000000	saam1sap6gei2maan6:2	0	0.000000				8.130213	false	0.000000	hkcancor	false				false	single_corpus_review	unreviewed	
3355	三十號	2	16.260427	t	t:2	0.000000	saam1sap6hou6:2	0	0.000000				8.130213	false	0.000000	hkcancor	false				false	single_corpus_review	unreviewed	
3356	三百九十	2	16.260427	m	m:2	0.000000	saam1baak3gau2sap6:2	0	0.000000				8.130213	false	0.000000	hkcancor	false				false	single_corpus_review	unreviewed	
3357	三百幾	2	16.260427	m	m:2	0.000000	saam1baak3gei2:2	0	0.000000				8.130213	false	0.000000	hkcancor	false				false	single_corpus_review	unreviewed	
3358	三級片	2	16.260427	n	n:2	0.000000	saam1kap1pin2:2	0	0.000000				8.130213	false	0.000000	hkcancor	false				false	single_corpus_review	unreviewed	
3359	三角洲	2	16.260427	n	n:2	0.000000	saam1gok3zau1:2	0	0.000000				8.130213	false	0.000000	hkcancor	false				false	single_corpus_review	unreviewed	
3360	上帝	2	16.260427	nz	nz:2	1.000000	soeng6dai3:2	0	0.000000				8.130213	false	0.000000	hkcancor	false				false	proper_name_review	unreviewed	
3361	上庭	2	16.260427	v	v:2	0.000000	soeng5ting4:2	0	0.000000				8.130213	false	0.000000	hkcancor	false				false	single_corpus_review	unreviewed	
3362	上海	2	16.260427	ns	ns:2	1.000000	soeng6hoi2:2	0	0.000000				8.130213	false	0.000000	hkcancor	false				false	proper_name_review	unreviewed	
3363	上集	2	16.260427	n	n:2	0.000000	soeng6zaap6:2	0	0.000000				8.130213	false	0.000000	hkcancor	false				false	single_corpus_review	unreviewed	
3364	不以為意	2	16.260427	i	i:2	0.000000	bat1ji5wai4ji3:2	0	0.000000				8.130213	false	0.000000	hkcancor	false				false	single_corpus_review	unreviewed	
3365	不同	2	16.260427	a	a:2	0.000000	bat1tung4:2	0	0.000000				8.130213	false	0.000000	hkcancor	false				false	single_corpus_review	unreviewed	
3366	不特止	2	16.260427	d	d:2	0.000000	bat1dak6zi2:2	0	0.000000				8.130213	false	0.000000	hkcancor	false				false	single_corpus_review	unreviewed	
3367	世	2	16.260427	q	q:2	0.000000	sai3:2	0	0.000000				8.130213	false	0.000000	hkcancor	false				false	single_corpus_review	unreviewed	
3368	世傑	2	16.260427	nr	nr:2	1.000000	sai3git6:2	0	0.000000				8.130213	false	0.000000	hkcancor	false				false	proper_name_review	unreviewed	
3369	世界杯	2	16.260427	n	n:2	0.000000	sai3gaai3bui1:2	0	0.000000				8.130213	false	0.000000	hkcancor	false				false	single_corpus_review	unreviewed	
3370	中下	2	16.260427	b	b:1|f:1	0.000000	zung1haa6:2	0	0.000000				8.130213	false	0.000000	hkcancor	false				false	single_corpus_review	unreviewed	
3371	中信泰富	2	16.260427	nt	nt:2	1.000000	zung1seon3taai3fu3:2	0	0.000000				8.130213	false	0.000000	hkcancor	false				false	proper_name_review	unreviewed	
3372	中國人	2	16.260427	nz	nz:2	1.000000	zung1gwok3jan4:2	0	0.000000				8.130213	false	0.000000	hkcancor	true	1872	10	zung1gwok3jan4	false	proper_name_review	unreviewed	
3373	中央	2	16.260427	nt	nt:1|n:1	0.500000	zung1joeng1:2	0	0.000000				8.130213	false	0.000000	hkcancor	false				false	single_corpus_review	unreviewed	
3374	中招	2	16.260427	v	v:2	0.000000	zung3ziu1:2	0	0.000000				8.130213	false	0.000000	hkcancor	false				false	single_corpus_review	unreviewed	
3375	中文版	2	16.260427	nz	nz:2	1.000000	zung1man4baan2:2	0	0.000000				8.130213	false	0.000000	hkcancor	false				false	proper_name_review	unreviewed	
3376	串	2	16.260427	q	q:1|a:1	0.000000	cyun3:2	0	0.000000				8.130213	false	0.000000	hkcancor	false				false	single_corpus_review	unreviewed	
3377	丹尼遜	2	16.260427	nr	nr:2	1.000000	daan1nei4seon3:2	0	0.000000				8.130213	false	0.000000	hkcancor	false				false	proper_name_review	unreviewed	
3378	丹麥	2	16.260427	ns	ns:2	1.000000	daan1mak6:2	0	0.000000				8.130213	false	0.000000	hkcancor	false				false	proper_name_review	unreviewed	
3379	主動	2	16.260427	a	a:2	0.000000	zyu2dung6:2	0	0.000000				8.130213	false	0.000000	hkcancor	false				false	single_corpus_review	unreviewed	
3380	主婦	2	16.260427	n	n:2	0.000000	zyu2fu5:2	0	0.000000				8.130213	false	0.000000	hkcancor	false				false	single_corpus_review	unreviewed	
3381	主導	2	16.260427	v	v:2	0.000000	zyu2dou6:2	0	0.000000				8.130213	false	0.000000	hkcancor	false				false	single_corpus_review	unreviewed	
3382	主打	2	16.260427	a	a:2	0.000000	zyu2daa2:2	0	0.000000				8.130213	false	0.000000	hkcancor	false				false	single_corpus_review	unreviewed	
3383	乘客	2	16.260427	n	n:2	0.000000	sing4haak3:2	0	0.000000				8.130213	false	0.000000	hkcancor	false				false	single_corpus_review	unreviewed	
3384	九七年	2	16.260427	t	t:2	0.000000	gau2cat1nin4:2	0	0.000000				8.130213	false	0.000000	hkcancor	false				false	single_corpus_review	unreviewed	
3385	九二年	2	16.260427	t	t:2	0.000000	gau2ji6nin4:2	0	0.000000				8.130213	false	0.000000	hkcancor	false				false	single_corpus_review	unreviewed	
3386	九十九	2	16.260427	m	m:2	0.000000	gau2sap6gau2:2	0	0.000000				8.130213	false	0.000000	hkcancor	false				false	single_corpus_review	unreviewed	
3387	九零	2	16.260427	m	m:2	0.000000	gau2ling4:2	0	0.000000				8.130213	false	0.000000	hkcancor	false				false	single_corpus_review	unreviewed	
3388	九龍城	2	16.260427	ns	ns:2	1.000000	gau2lung4sing4:2	0	0.000000				8.130213	false	0.000000	hkcancor	false				false	proper_name_review	unreviewed	
3389	乞人憎	2	16.260427	n	n:1|a:1	0.000000	haat1jan4zang1:2	0	0.000000				8.130213	false	0.000000	hkcancor	false				false	single_corpus_review	unreviewed	
3390	乾	2	16.260427	a	a:1|g2:1	0.000000	gon1:2	0	0.000000				8.130213	false	0.000000	hkcancor	false				false	single_corpus_review	unreviewed	
3391	乾脆	2	16.260427	a	a:2	0.000000	gon1ceoi3:2	0	0.000000				8.130213	false	0.000000	hkcancor	false				false	single_corpus_review	unreviewed	
3392	二五仔	2	16.260427	n	n:2	0.000000	ji6ng5zai2:2	0	0.000000				8.130213	false	0.000000	hkcancor	false				false	single_corpus_review	unreviewed	
3393	二十八號	2	16.260427	t	t:2	0.000000	ji6sap6baat3hou6:2	0	0.000000				8.130213	false	0.000000	hkcancor	false				false	single_corpus_review	unreviewed	
3394	二手	2	16.260427	b	b:1|a:1	0.000000	ji6sau2:2	0	0.000000				8.130213	false	0.000000	hkcancor	false				false	single_corpus_review	unreviewed	
3395	二手攤	2	16.260427	n	n:2	0.000000	ji6sau2taan1:2	0	0.000000				8.130213	false	0.000000	hkcancor	false				false	single_corpus_review	unreviewed	
3396	五十二	2	16.260427	m	m:2	0.000000	m5sap6ji6:2	0	0.000000				8.130213	false	0.000000	hkcancor	false				false	single_corpus_review	unreviewed	
3397	五千	2	16.260427	m	m:2	0.000000	ng5cin1:2	0	0.000000				8.130213	false	0.000000	hkcancor	false				false	single_corpus_review	unreviewed	
3398	五星級	2	16.260427	b	b:2	0.000000	ng5sing1kap1:2	0	0.000000				8.130213	false	0.000000	hkcancor	false				false	single_corpus_review	unreviewed	
3399	五百	2	16.260427	m	m:2	0.000000	ng5baak3:2	0	0.000000				8.130213	false	0.000000	hkcancor	false				false	single_corpus_review	unreviewed	
3400	亞軍	2	16.260427	b	b:2	0.000000	aa3gwan1:2	0	0.000000				8.130213	false	0.000000	hkcancor	false				false	single_corpus_review	unreviewed	
3401	交易	2	16.260427	v	v:2	0.000000	gaau1jik6:2	0	0.000000				8.130213	false	0.000000	hkcancor	false				false	single_corpus_review	unreviewed	
3402	人人	2	16.260427	n	n:2	0.000000	jan4jan4:2	0	0.000000				8.130213	false	0.000000	hkcancor	false				false	single_corpus_review	unreviewed	
3403	人口	2	16.260427	n	n:2	0.000000	jan4hau2:2	0	0.000000				8.130213	false	0.000000	hkcancor	false				false	single_corpus_review	unreviewed	
3404	人員	2	16.260427	n	n:2	0.000000	jan4jyun4:2	0	0.000000				8.130213	false	0.000000	hkcancor	false				false	single_corpus_review	unreviewed	
3405	人客	2	16.260427	n	n:2	0.000000	jan4haak3:2	0	0.000000				8.130213	false	0.000000	hkcancor	false				false	single_corpus_review	unreviewed	
3406	人數	2	16.260427	n	n:2	0.000000	jan4sou3:2	0	0.000000				8.130213	false	0.000000	hkcancor	false				false	single_corpus_review	unreviewed	
3407	人際關係	2	16.260427	n	n:2	0.000000	jan4zai3gwaan1hai6:2	0	0.000000				8.130213	false	0.000000	hkcancor	false				false	single_corpus_review	unreviewed	
3408	人類	2	16.260427	n	n:2	0.000000	jan4leoi6:2	0	0.000000				8.130213	false	0.000000	hkcancor	false				false	single_corpus_review	unreviewed	
3409	今時今日	2	16.260427	t	t:1|l:1	0.000000	gam1si4gam1jat6:2	0	0.000000				8.130213	false	0.000000	hkcancor	false				false	single_corpus_review	unreviewed	
3410	介意	2	16.260427	v	v:2	0.000000	gaai3ji3:2	0	0.000000				8.130213	false	0.000000	hkcancor	false				false	single_corpus_review	unreviewed	
3411	代理	2	16.260427	v	v:2	0.000000	doi6lei5:2	0	0.000000				8.130213	false	0.000000	hkcancor	false				false	single_corpus_review	unreviewed	
3412	代糖	2	16.260427	n	n:2	0.000000	doi6tong4:2	0	0.000000				8.130213	false	0.000000	hkcancor	false				false	single_corpus_review	unreviewed	
3413	以上	2	16.260427	f	f:2	0.000000	ji5soeng6:2	0	0.000000				8.130213	false	0.000000	hkcancor	false				false	single_corpus_review	unreviewed	
3414	以往	2	16.260427	t	t:2	0.000000	ji5wong5:2	0	0.000000				8.130213	false	0.000000	hkcancor	true	1883	10	ji5wong5	false	single_corpus_review	unreviewed	
3415	份份	2	16.260427	q	q:2	0.000000	fan6fan6:2	0	0.000000				8.130213	false	0.000000	hkcancor	false				false	single_corpus_review	unreviewed	
3416	伙記	2	16.260427	n	n:2	0.000000	fo2gei3:2	0	0.000000				8.130213	false	0.000000	hkcancor	false				false	single_corpus_review	unreviewed	
3417	佈局	2	16.260427	n	n:2	0.000000	bou3guk6:2	0	0.000000				8.130213	false	0.000000	hkcancor	false				false	single_corpus_review	unreviewed	
3418	佐治古尼	2	16.260427	nr	nr:2	1.000000	zo2zi6gu2nei4:2	0	0.000000				8.130213	false	0.000000	hkcancor	false				false	proper_name_review	unreviewed	
3419	作品	2	16.260427	n	n:2	0.000000	zok3ban2:2	0	0.000000				8.130213	false	0.000000	hkcancor	false				false	single_corpus_review	unreviewed	
3420	作用	2	16.260427	n	n:2	0.000000	zok3jung6:2	0	0.000000				8.130213	false	0.000000	hkcancor	false				false	single_corpus_review	unreviewed	
3421	作者	2	16.260427	n	n:2	0.000000	zok3ze2:2	0	0.000000				8.130213	false	0.000000	hkcancor	false				false	single_corpus_review	unreviewed	
3422	你有過牆梯	2	16.260427	l	l:2	0.000000	nei5jau5gwo3coeng4tai1:2	0	0.000000				8.130213	false	0.000000	hkcancor	false				false	single_corpus_review	unreviewed	
3423	佬	2	16.260427	n	n:2	0.000000	lou2:2	0	0.000000				8.130213	false	0.000000	hkcancor	true	1496	14	lou2	false	single_corpus_review	unreviewed	
3424	供給	2	16.260427	v	v:2	0.000000	gung1kap1:2	0	0.000000				8.130213	false	0.000000	hkcancor	false				false	single_corpus_review	unreviewed	
3425	依賴	2	16.260427	v	v:2	0.000000	ji1laai6:2	0	0.000000				8.130213	false	0.000000	hkcancor	false				false	single_corpus_review	unreviewed	
3426	係嘢	2	16.260427	a	a:2	0.000000	hai6je5:2	0	0.000000				8.130213	false	0.000000	hkcancor	false				false	single_corpus_review	unreviewed	
3427	係噉先	2	16.260427	l	l:1|l1:1	0.000000	hai6gam2sin1:2	0	0.000000				8.130213	false	0.000000	hkcancor	false				false	single_corpus_review	unreviewed	
3428	保	2	16.260427	v	v:1|g1:1	0.000000	bou2:2	0	0.000000				8.130213	false	0.000000	hkcancor	false				false	single_corpus_review	unreviewed	
3429	保護	2	16.260427	v	v:2	0.000000	bou2wu6:2	0	0.000000				8.130213	false	0.000000	hkcancor	true	1934	10	bou2wu6	false	single_corpus_review	unreviewed	
3430	保障	2	16.260427	v	v:2	0.000000	bou2zoeng3:2	0	0.000000				8.130213	false	0.000000	hkcancor	true	1202	19	bou2zoeng3	false	single_corpus_review	unreviewed	
3431	信譽	2	16.260427	n	n:2	0.000000	seon3jyu6:2	0	0.000000				8.130213	false	0.000000	hkcancor	false				false	single_corpus_review	unreviewed	
3432	借問聲	2	16.260427	l	l:1|v:1	0.000000	ze3man6seng1:2	0	0.000000				8.130213	false	0.000000	hkcancor	false				false	single_corpus_review	unreviewed	
3433	假如	2	16.260427	c	c:2	0.000000	gaa2jyu4:2	0	0.000000				8.130213	false	0.000000	hkcancor	false				false	single_corpus_review	unreviewed	
3434	偉基馬	2	16.260427	nr	nr:2	1.000000	wai5gei1maa5:2	0	0.000000				8.130213	false	0.000000	hkcancor	false				false	proper_name_review	unreviewed	
3435	偉大	2	16.260427	a	a:2	0.000000	wai5daai6:2	0	0.000000				8.130213	false	0.000000	hkcancor	false				false	single_corpus_review	unreviewed	
3436	偏幫	2	16.260427	v	v:2	0.000000	pin1bong1:2	0	0.000000				8.130213	false	0.000000	hkcancor	false				false	single_corpus_review	unreviewed	
3437	做乜嘢	2	16.260427	r	r:2	0.000000	zou6mat1je5:2	0	0.000000				8.130213	false	0.000000	hkcancor	false				false	single_corpus_review	unreviewed	
3438	停留	2	16.260427	v	v:2	0.000000	ting4lau4:2	0	0.000000				8.130213	false	0.000000	hkcancor	false				false	single_corpus_review	unreviewed	
3439	停筆	2	16.260427	v	v:2	0.000000	ting4bat1:2	0	0.000000				8.130213	false	0.000000	hkcancor	false				false	single_corpus_review	unreviewed	
3440	側邊	2	16.260427	f	f:2	0.000000	zak1bin1:2	0	0.000000				8.130213	false	0.000000	hkcancor	false				false	single_corpus_review	unreviewed	
3441	偶像	2	16.260427	n	n:2	0.000000	ngau5zoeng6:2	0	0.000000				8.130213	false	0.000000	hkcancor	false				false	single_corpus_review	unreviewed	
3442	偷笑	2	16.260427	v	v:2	0.000000	tau1siu3:2	0	0.000000				8.130213	false	0.000000	hkcancor	false				false	single_corpus_review	unreviewed	
3443	傑出	2	16.260427	a	a:2	0.000000	git6ceot1:2	0	0.000000				8.130213	false	0.000000	hkcancor	false				false	single_corpus_review	unreviewed	
3444	傳播	2	16.260427	vn	vn:1|v:1	0.000000	cyun4bo3:2	0	0.000000				8.130213	false	0.000000	hkcancor	false				false	single_corpus_review	unreviewed	
3445	傳教士	2	16.260427	n	n:2	0.000000	cyun4gaau3si6:2	0	0.000000				8.130213	false	0.000000	hkcancor	false				false	single_corpus_review	unreviewed	
3446	傳統	2	16.260427	a	a:2	0.000000	cyun4tung2:2	0	0.000000				8.130213	false	0.000000	hkcancor	false				false	single_corpus_review	unreviewed	
3447	傳說	2	16.260427	n	n:2	0.000000	cyun4syut3:2	0	0.000000				8.130213	false	0.000000	hkcancor	false				false	single_corpus_review	unreviewed	
3448	傷心	2	16.260427	a	a:2	0.000000	soeng1sam1:2	0	0.000000				8.130213	false	0.000000	hkcancor	false				false	single_corpus_review	unreviewed	
3449	傻瓜	2	16.260427	n	n:2	0.000000	so4gwaa1:2	0	0.000000				8.130213	false	0.000000	hkcancor	false				false	single_corpus_review	unreviewed	
3450	傾電話	2	16.260427	v	v:2	0.000000	king1din6waa2:2	0	0.000000				8.130213	false	0.000000	hkcancor	false				false	single_corpus_review	unreviewed	
3451	價位	2	16.260427	n	n:2	0.000000	gaa3wai2:2	0	0.000000				8.130213	false	0.000000	hkcancor	false				false	single_corpus_review	unreviewed	
3452	優點	2	16.260427	n	n:2	0.000000	jau1dim2:2	0	0.000000				8.130213	false	0.000000	hkcancor	false				false	single_corpus_review	unreviewed	
3453	兄弟	2	16.260427	n	n:2	0.000000	hing1dai6:2	0	0.000000				8.130213	false	0.000000	hkcancor	false				false	single_corpus_review	unreviewed	
3454	兆尊	2	16.260427	nr	nr:2	1.000000	siu6zyun1:2	0	0.000000				8.130213	false	0.000000	hkcancor	false				false	proper_name_review	unreviewed	
3455	先進	2	16.260427	a	a:2	0.000000	sin1zeon3:2	0	0.000000				8.130213	false	0.000000	hkcancor	false				false	single_corpus_review	unreviewed	
3456	光鮮	2	16.260427	a	a:2	0.000000	gwong1sin1:2	0	0.000000				8.130213	false	0.000000	hkcancor	false				false	single_corpus_review	unreviewed	
3457	克服	2	16.260427	v	v:2	0.000000	haak1fuk6:2	0	0.000000				8.130213	false	0.000000	hkcancor	false				false	single_corpus_review	unreviewed	
3458	免費	2	16.260427	a	a:2	0.000000	min5fai3:2	0	0.000000				8.130213	false	0.000000	hkcancor	false				false	single_corpus_review	unreviewed	
3459	入場	2	16.260427	n	n:2	0.000000	jap6coeng4:2	0	0.000000				8.130213	false	0.000000	hkcancor	false				false	single_corpus_review	unreviewed	
3460	入行	2	16.260427	v	v:2	0.000000	jap6hong4:2	0	0.000000				8.130213	false	0.000000	hkcancor	false				false	single_corpus_review	unreviewed	
3461	全人	2	16.260427	a	a:2	0.000000	cyun4jan4:2	0	0.000000				8.130213	false	0.000000	hkcancor	false				false	single_corpus_review	unreviewed	
3462	全保	2	16.260427	jn	jn:2	0.000000	cyun4bou2:2	0	0.000000				8.130213	false	0.000000	hkcancor	false				false	single_corpus_review	unreviewed	
3463	兩萬	2	16.260427	m	m:2	0.000000	loeng5maan6:2	0	0.000000				8.130213	false	0.000000	hkcancor	false				false	single_corpus_review	unreviewed	
3464	八九	2	16.260427	t	t:2	0.000000	baat3gau2:2	0	0.000000				8.130213	false	0.000000	hkcancor	false				false	single_corpus_review	unreviewed	
3465	八六	2	16.260427	t	t:2	0.000000	baat3luk6:2	0	0.000000				8.130213	false	0.000000	hkcancor	false				false	single_corpus_review	unreviewed	
3466	公事	2	16.260427	n	n:2	0.000000	gung1si6:2	0	0.000000				8.130213	false	0.000000	hkcancor	false				false	single_corpus_review	unreviewed	
3467	公仔麵	2	16.260427	n	n:2	0.000000	gung1zai2min6:2	0	0.000000				8.130213	false	0.000000	hkcancor	false				false	single_corpus_review	unreviewed	
3468	公函	2	16.260427	n	n:2	0.000000	gung1haam4:2	0	0.000000				8.130213	false	0.000000	hkcancor	false				false	single_corpus_review	unreviewed	
3469	公民教育	2	16.260427	n	n:2	0.000000	gung1man4gaau3juk6:2	0	0.000000				8.130213	false	0.000000	hkcancor	false				false	single_corpus_review	unreviewed	
3470	公關	2	16.260427	n	n:2	0.000000	gung1gwaan1:2	0	0.000000				8.130213	false	0.000000	hkcancor	false				false	single_corpus_review	unreviewed	
3471	六十	2	16.260427	m	m:2	0.000000	luk6sap6:2	0	0.000000				8.130213	false	0.000000	hkcancor	false				false	single_corpus_review	unreviewed	
3472	六千	2	16.260427	m	m:2	0.000000	luk6cin1:2	0	0.000000				8.130213	false	0.000000	hkcancor	false				false	single_corpus_review	unreviewed	
3473	六幾年	2	16.260427	t	t:2	0.000000	luk6gei2nin4:2	0	0.000000				8.130213	false	0.000000	hkcancor	false				false	single_corpus_review	unreviewed	
3474	六成	2	16.260427	m	m:2	0.000000	luk6sing4:2	0	0.000000				8.130213	false	0.000000	hkcancor	false				false	single_corpus_review	unreviewed	
3475	六百	2	16.260427	m	m:2	0.000000	luk6baak3:2	0	0.000000				8.130213	false	0.000000	hkcancor	false				false	single_corpus_review	unreviewed	
3476	六百五十	2	16.260427	m	m:2	0.000000	luk6baak3ng5sap6:2	0	0.000000				8.130213	false	0.000000	hkcancor	false				false	single_corpus_review	unreviewed	
3477	六號	2	16.260427	t	t:2	0.000000	luk6hou6:2	0	0.000000				8.130213	false	0.000000	hkcancor	false				false	single_corpus_review	unreviewed	
3478	六點九	2	16.260427	t	t:2	0.000000	luk6dim2gau2:2	0	0.000000				8.130213	false	0.000000	hkcancor	false				false	single_corpus_review	unreviewed	
3479	共存	2	16.260427	v	v:2	0.000000	gung6cyun4:2	0	0.000000				8.130213	false	0.000000	hkcancor	false				false	single_corpus_review	unreviewed	
3480	冰冰	2	16.260427	nr	nr:2	1.000000	bing1bing1:2	0	0.000000				8.130213	false	0.000000	hkcancor	false				false	proper_name_review	unreviewed	
3481	冷震	2	16.260427	n	n:2	0.000000	laang5zan3:2	0	0.000000				8.130213	false	0.000000	hkcancor	false				false	single_corpus_review	unreviewed	
3482	出年	2	16.260427	t	t:2	0.000000	ceot1nin2:2	0	0.000000				8.130213	false	0.000000	hkcancor	false				false	single_corpus_review	unreviewed	
3483	出海	2	16.260427	v	v:2	0.000000	ceot1hoi2:2	0	0.000000				8.130213	false	0.000000	hkcancor	false				false	single_corpus_review	unreviewed	
3484	出版商	2	16.260427	n	n:2	0.000000	ceot1baan2soeng1:2	0	0.000000				8.130213	false	0.000000	hkcancor	false				false	single_corpus_review	unreviewed	
3485	出碟	2	16.260427	v	v:2	0.000000	ceot1dip2:2	0	0.000000				8.130213	false	0.000000	hkcancor	false				false	single_corpus_review	unreviewed	
3486	出路	2	16.260427	n	n:2	0.000000	ceot1lou6:2	0	0.000000				8.130213	false	0.000000	hkcancor	false				false	single_corpus_review	unreviewed	
3487	列入	2	16.260427	v	v:2	0.000000	lit6jap6:2	0	0.000000				8.130213	false	0.000000	hkcancor	false				false	single_corpus_review	unreviewed	
3488	初時	2	16.260427	t	t:2	0.000000	co1si4:2	0	0.000000				8.130213	false	0.000000	hkcancor	false				false	single_corpus_review	unreviewed	
3489	利物浦	2	16.260427	nt	nt:2	1.000000	lei6mat6pou2:2	0	0.000000				8.130213	false	0.000000	hkcancor	false				false	proper_name_review	unreviewed	
3490	刻意	2	16.260427	a	a:2	0.000000	haak1ji3:2	0	0.000000				8.130213	false	0.000000	hkcancor	false				false	single_corpus_review	unreviewed	
3491	剃	2	16.260427	v	v:2	0.000000	tai3:2	0	0.000000				8.130213	false	0.000000	hkcancor	false				false	single_corpus_review	unreviewed	
3492	前兩年	2	16.260427	t	t:2	0.000000	cin4loeng5nin4:2	0	0.000000				8.130213	false	0.000000	hkcancor	false				false	single_corpus_review	unreviewed	
3493	前境	2	16.260427	n	n:2	0.000000	cin4ging2:2	0	0.000000				8.130213	false	0.000000	hkcancor	false				false	single_corpus_review	unreviewed	
3494	前排	2	16.260427	t	t:2	0.000000	cin4paai2:2	0	0.000000				8.130213	false	0.000000	hkcancor	false				false	single_corpus_review	unreviewed	
3495	剝光豬	2	16.260427	v	v:2	0.000000	mok1gwong1zyu1:2	0	0.000000				8.130213	false	0.000000	hkcancor	false				false	single_corpus_review	unreviewed	
3496	剩係	2	16.260427	d	d:2	0.000000	zing6hai6:2	0	0.000000				8.130213	false	0.000000	hkcancor	false				false	single_corpus_review	unreviewed	
3497	割	2	16.260427	v	v:2	0.000000	got3:2	0	0.000000				8.130213	false	0.000000	hkcancor	false				false	single_corpus_review	unreviewed	
3498	創造	2	16.260427	v	v:2	0.000000	cong3zou6:2	0	0.000000				8.130213	false	0.000000	hkcancor	false				false	single_corpus_review	unreviewed	
3499	劇烈	2	16.260427	a	a:2	0.000000	kek6lit6:2	0	0.000000				8.130213	false	0.000000	hkcancor	false				false	single_corpus_review	unreviewed	
3500	劉	2	16.260427	nr	nr:2	1.000000	lau4:2	0	0.000000				8.130213	false	0.000000	hkcancor	false				false	proper_name_review	unreviewed	
3501	力恃	2	16.260427	nr	nr:2	1.000000	lik6ci4:2	0	0.000000				8.130213	false	0.000000	hkcancor	false				false	proper_name_review	unreviewed	
3502	加上	2	16.260427	v	v:2	0.000000	gaa1soeng5:2	0	0.000000				8.130213	false	0.000000	hkcancor	false				false	single_corpus_review	unreviewed	
3503	勞工	2	16.260427	n	n:2	0.000000	lou4gung1:2	0	0.000000				8.130213	false	0.000000	hkcancor	false				false	single_corpus_review	unreviewed	
3504	勞工處	2	16.260427	nt	nt:2	1.000000	lou4gung1cyu3:2	0	0.000000				8.130213	false	0.000000	hkcancor	false				false	proper_name_review	unreviewed	
3505	包袱	2	16.260427	n	n:2	0.000000	baau1fuk6:2	0	0.000000				8.130213	false	0.000000	hkcancor	false				false	single_corpus_review	unreviewed	
3506	化妝	2	16.260427	v	v:2	0.000000	faa3zong1:2	0	0.000000				8.130213	false	0.000000	hkcancor	false				false	single_corpus_review	unreviewed	
3507	化學	2	16.260427	n	n:2	0.000000	faa3hok6:2	0	0.000000				8.130213	false	0.000000	hkcancor	false				false	single_corpus_review	unreviewed	
3508	北京市	2	16.260427	ns	ns:2	1.000000	bak1ging1si5:2	0	0.000000				8.130213	false	0.000000	hkcancor	false				false	proper_name_review	unreviewed	
3509	北控	2	16.260427	nt	nt:2	1.000000	bak1hung3:2	0	0.000000				8.130213	false	0.000000	hkcancor	false				false	proper_name_review	unreviewed	
3510	區域	2	16.260427	n	n:2	0.000000	keoi1wik6:2	0	0.000000				8.130213	false	0.000000	hkcancor	false				false	single_corpus_review	unreviewed	
3511	十萬	2	16.260427	m	m:2	0.000000	sap6maan6:2	0	0.000000				8.130213	false	0.000000	hkcancor	false				false	single_corpus_review	unreviewed	
3512	十零	2	16.260427	m	m:2	0.000000	sap6leng4:2	0	0.000000				8.130213	false	0.000000	hkcancor	false				false	single_corpus_review	unreviewed	
3513	千一	2	16.260427	m	m:2	0.000000	cin1jat1:2	0	0.000000				8.130213	false	0.000000	hkcancor	false				false	single_corpus_review	unreviewed	
3514	千幾	2	16.260427	m	m:2	0.000000	cin1gei2:2	0	0.000000				8.130213	false	0.000000	hkcancor	false				false	single_corpus_review	unreviewed	
3515	半價	2	16.260427	b	b:2	0.000000	bun3gaa3:2	0	0.000000				8.130213	false	0.000000	hkcancor	false				false	single_corpus_review	unreviewed	
3516	卌	2	16.260427	m	m:2	0.000000	saa1:2	0	0.000000				8.130213	false	0.000000	hkcancor	false				false	single_corpus_review	unreviewed	
3517	南丫島	2	16.260427	ns	ns:2	1.000000	naam4aa1dou2:2	0	0.000000				8.130213	false	0.000000	hkcancor	false				false	proper_name_review	unreviewed	
3518	南京	2	16.260427	ns	ns:2	1.000000	naam4ging1:2	0	0.000000				8.130213	false	0.000000	hkcancor	false				false	proper_name_review	unreviewed	
3519	卜	2	16.260427	o	o:2	0.000000	buk4:1|buk2:1	0	0.000000				8.130213	false	0.000000	hkcancor	false				false	single_corpus_review	unreviewed	
3520	卡拉OK	2	16.260427	n	n:2	0.000000		0	0.000000				8.130213	false	0.000000	hkcancor	false				false	single_corpus_review	unreviewed	
3521	卡通片	2	16.260427	n	n:2	0.000000	kaa1tung1pin2:2	0	0.000000				8.130213	false	0.000000	hkcancor	false				false	single_corpus_review	unreviewed	
3522	印象	2	16.260427	n	n:2	0.000000	jan3zoeng6:2	0	0.000000				8.130213	false	0.000000	hkcancor	false				false	single_corpus_review	unreviewed	
3523	原先	2	16.260427	d	d:2	0.000000	jyun4sin1:2	0	0.000000				8.130213	false	0.000000	hkcancor	false				false	single_corpus_review	unreviewed	
3524	原意	2	16.260427	n	n:2	0.000000	jyun4ji3:2	0	0.000000				8.130213	false	0.000000	hkcancor	false				false	single_corpus_review	unreviewed	
3525	反	2	16.260427	Vg	Vg:2	0.000000	faan2:2	0	0.000000				8.130213	false	0.000000	hkcancor	false				false	single_corpus_review	unreviewed	
3526	反覆	2	16.260427	v	v:2	0.000000	faan2fuk1:2	0	0.000000				8.130213	false	0.000000	hkcancor	false				false	single_corpus_review	unreviewed	
3527	口碑	2	16.260427	n	n:2	0.000000	hau2bei1:2	0	0.000000				8.130213	false	0.000000	hkcancor	false				false	single_corpus_review	unreviewed	
3528	口音	2	16.260427	n	n:2	0.000000	hau2jam1:2	0	0.000000				8.130213	false	0.000000	hkcancor	false				false	single_corpus_review	unreviewed	
3529	古董	2	16.260427	n	n:2	0.000000	gu2dung2:2	0	0.000000				8.130213	false	0.000000	hkcancor	false				false	single_corpus_review	unreviewed	
3530	古裝	2	16.260427	n	n:2	0.000000	gu2zong1:2	0	0.000000				8.130213	false	0.000000	hkcancor	false				false	single_corpus_review	unreviewed	
3531	可惜	2	16.260427	a	a:2	0.000000	ho2sik1:2	0	0.000000				8.130213	false	0.000000	hkcancor	false				false	single_corpus_review	unreviewed	
3532	台下	2	16.260427	s	s:2	0.000000	toi4haa6:2	0	0.000000				8.130213	false	0.000000	hkcancor	false				false	single_corpus_review	unreviewed	
3533	台費	2	16.260427	n	n:2	0.000000	toi4fai3:2	0	0.000000				8.130213	false	0.000000	hkcancor	false				false	single_corpus_review	unreviewed	
3534	史	2	16.260427	nr	nr:2	1.000000	si2:2	0	0.000000				8.130213	false	0.000000	hkcancor	false				false	proper_name_review	unreviewed	
3535	合唱	2	16.260427	v	v:2	0.000000	hap6coeng3:2	0	0.000000				8.130213	false	0.000000	hkcancor	false				false	single_corpus_review	unreviewed	
3536	合理	2	16.260427	a	a:2	0.000000	hap6lei5:2	0	0.000000				8.130213	false	0.000000	hkcancor	true	1651	12	hap6lei5	false	single_corpus_review	unreviewed	
3537	吉	2	16.260427	a	a:2	0.000000	gat1:2	0	0.000000				8.130213	false	0.000000	hkcancor	false				false	single_corpus_review	unreviewed	
3538	吉舖	2	16.260427	n	n:2	0.000000	gat1pou3:2	0	0.000000				8.130213	false	0.000000	hkcancor	false				false	single_corpus_review	unreviewed	
3539	同一	2	16.260427	b	b:2	0.000000	tung4jat1:2	0	0.000000				8.130213	false	0.000000	hkcancor	true	655	42	tung4jat1	false	single_corpus_review	unreviewed	
3540	同時間	2	16.260427	d	d:2	0.000000	tung4si4gaan3:1|tung4si4gaan1:1	0	0.000000				8.130213	false	0.000000	hkcancor	false				false	single_corpus_review	unreviewed	
3541	同益	2	16.260427	nr	nr:2	1.000000	tung4jik1:2	0	0.000000				8.130213	false	0.000000	hkcancor	false				false	proper_name_review	unreviewed	
3542	名勝	2	16.260427	n	n:2	0.000000	ming4sing3:2	0	0.000000				8.130213	false	0.000000	hkcancor	false				false	single_corpus_review	unreviewed	
3543	名單	2	16.260427	n	n:2	0.000000	ming4daan1:2	0	0.000000				8.130213	false	0.000000	hkcancor	false				false	single_corpus_review	unreviewed	
3544	吓吓	2	16.260427	q	q:2	0.000000	haa5haa5:2	0	0.000000				8.130213	false	0.000000	hkcancor	false				false	single_corpus_review	unreviewed	
3545	君儀	2	16.260427	nr	nr:2	1.000000	gwan1ji4:2	0	0.000000				8.130213	false	0.000000	hkcancor	false				false	proper_name_review	unreviewed	
3546	吹水唔抹嘴	2	16.260427	l	l:2	0.000000	ceoi1seoi2m4maat3zeoi2:2	0	0.000000				8.130213	false	0.000000	hkcancor	false				false	single_corpus_review	unreviewed	
3547	呆鏟症	2	16.260427	n	n:2	0.000000	oi4caan2zing3:2	0	0.000000				8.130213	false	0.000000	hkcancor	false				false	single_corpus_review	unreviewed	
3548	周街	2	16.260427	f	f:1|n:1	0.000000	zau1gaai1:2	0	0.000000				8.130213	false	0.000000	hkcancor	false				false	single_corpus_review	unreviewed	
3549	呼喚	2	16.260427	vn	vn:2	0.000000	fu1wun6:2	0	0.000000				8.130213	false	0.000000	hkcancor	false				false	single_corpus_review	unreviewed	
3550	咳	2	16.260427	v	v:2	0.000000	kat1:2	0	0.000000				8.130213	false	0.000000	hkcancor	false				false	single_corpus_review	unreviewed	
3551	唇膏	2	16.260427	n	n:2	0.000000	seon4gou1:2	0	0.000000				8.130213	false	0.000000	hkcancor	false				false	single_corpus_review	unreviewed	
3552	唔多唔少	2	16.260427	l	l:1|a:1	0.000000	m4do1m4siu2:2	0	0.000000				8.130213	false	0.000000	hkcancor	false				false	single_corpus_review	unreviewed	
3553	唔怪得知	2	16.260427	l	l:2	0.000000	m4gwaai3dak1zi1:2	0	0.000000				8.130213	false	0.000000	hkcancor	false				false	single_corpus_review	unreviewed	
3554	商戶	2	16.260427	n	n:2	0.000000	soeng1wu6:2	0	0.000000				8.130213	false	0.000000	hkcancor	false				false	single_corpus_review	unreviewed	
3555	商鋪	2	16.260427	n	n:2	0.000000	soeng1pou3:2	0	0.000000				8.130213	false	0.000000	hkcancor	false				false	single_corpus_review	unreviewed	
3556	啋	2	16.260427	v	v:2	0.000000	coi2:2	0	0.000000				8.130213	false	0.000000	hkcancor	false				false	single_corpus_review	unreviewed	
3557	啲啲	2	16.260427	m	m:1|d:1	0.000000	di1di1:2	0	0.000000				8.130213	false	0.000000	hkcancor	false				false	single_corpus_review	unreviewed	
3558	喜悅	2	16.260427	a	a:2	0.000000	hei2jyut6:2	0	0.000000				8.130213	false	0.000000	hkcancor	false				false	single_corpus_review	unreviewed	
3559	單身	2	16.260427	n	n:2	0.000000	daan1san1:2	0	0.000000				8.130213	false	0.000000	hkcancor	false				false	single_corpus_review	unreviewed	
3560	喼	2	16.260427	n	n:2	0.000000	gip1:2	0	0.000000				8.130213	false	0.000000	hkcancor	false				false	single_corpus_review	unreviewed	
3561	嗰排	2	16.260427	r	r:2	0.000000	go2paai4:2	0	0.000000				8.130213	false	0.000000	hkcancor	false				false	single_corpus_review	unreviewed	
3562	嗱嗱臨	2	16.260427	z	z:1|d:1	0.000000	naa4naa4lam4:2	0	0.000000				8.130213	false	0.000000	hkcancor	false				false	single_corpus_review	unreviewed	
3563	嗲哋	2	16.260427	n	n:2	0.000000	de1di4:2	0	0.000000				8.130213	false	0.000000	hkcancor	false				false	single_corpus_review	unreviewed	
3564	嘉誠	2	16.260427	nr	nr:2	1.000000	gaa1sing4:2	0	0.000000				8.130213	false	0.000000	hkcancor	false				false	proper_name_review	unreviewed	
3565	嘜	2	16.260427	n	n:2	0.000000	mak1:2	0	0.000000				8.130213	false	0.000000	hkcancor	false				false	single_corpus_review	unreviewed	
3566	嘥氣	2	16.260427	v	v:2	0.000000	saai1hei3:2	0	0.000000				8.130213	false	0.000000	hkcancor	false				false	single_corpus_review	unreviewed	
3567	嘴唇	2	16.260427	n	n:2	0.000000	zeoi2seon4:2	0	0.000000				8.130213	false	0.000000	hkcancor	false				false	single_corpus_review	unreviewed	
3568	噓	2	16.260427	o	o:2	0.000000	heoi1:2	0	0.000000				8.130213	false	0.000000	hkcancor	false				false	single_corpus_review	unreviewed	
3569	嚇死	2	16.260427	v	v:2	0.000000	haak3sei2:2	0	0.000000				8.130213	false	0.000000	hkcancor	false				false	single_corpus_review	unreviewed	
3570	四月	2	16.260427	t	t:2	0.000000	sei3jyut6:2	0	0.000000				8.130213	false	0.000000	hkcancor	false				false	single_corpus_review	unreviewed	
3571	回	2	16.260427	v	v:2	0.000000	wui4:2	0	0.000000				8.130213	false	0.000000	hkcancor	false				false	single_corpus_review	unreviewed	
3572	因應	2	16.260427	d	d:1|p:1	0.000000	jan1jing3:2	0	0.000000				8.130213	false	0.000000	hkcancor	false				false	single_corpus_review	unreviewed	
3573	困	2	16.260427	Ng	Ng:1|v:1	0.000000	kwan3:2	0	0.000000				8.130213	false	0.000000	hkcancor	false				false	single_corpus_review	unreviewed	
3574	固然	2	16.260427	d	d:2	0.000000	gu3jin4:2	0	0.000000				8.130213	false	0.000000	hkcancor	false				false	single_corpus_review	unreviewed	
3575	圈子	2	16.260427	n	n:2	0.000000	hyun1zi2:2	0	0.000000				8.130213	false	0.000000	hkcancor	false				false	single_corpus_review	unreviewed	
3576	圖書館	2	16.260427	n	n:2	0.000000	tou4syu1gun2:2	0	0.000000				8.130213	false	0.000000	hkcancor	false				false	single_corpus_review	unreviewed	
3577	地區	2	16.260427	n	n:2	0.000000	dei6keoi1:2	0	0.000000				8.130213	false	0.000000	hkcancor	false				false	single_corpus_review	unreviewed	
3578	地雷	2	16.260427	n	n:2	0.000000	dei6leoi4:2	0	0.000000				8.130213	false	0.000000	hkcancor	false				false	single_corpus_review	unreviewed	
3579	坐標	2	16.260427	n	n:2	0.000000	zo6biu1:2	0	0.000000				8.130213	false	0.000000	hkcancor	false				false	single_corpus_review	unreviewed	
3580	城市追擊	2	16.260427	nz	nz:2	1.000000	sing4si5zeoi1gik1:2	0	0.000000				8.130213	false	0.000000	hkcancor	false				false	proper_name_review	unreviewed	
3581	基層	2	16.260427	a	a:1|n:1	0.000000	gei1cang4:2	0	0.000000				8.130213	false	0.000000	hkcancor	false				false	single_corpus_review	unreviewed	
3582	基督	2	16.260427	nr	nr:2	1.000000	gei1duk1:2	0	0.000000				8.130213	false	0.000000	hkcancor	false				false	proper_name_review	unreviewed	
3583	報稅	2	16.260427	vn	vn:2	0.000000	bou3seoi3:2	0	0.000000				8.130213	false	0.000000	hkcancor	false				false	single_corpus_review	unreviewed	
3584	報警	2	16.260427	v	v:2	0.000000	bou3ging2:2	0	0.000000				8.130213	false	0.000000	hkcancor	false				false	single_corpus_review	unreviewed	
3585	場合	2	16.260427	n	n:2	0.000000	coeng4hap6:2	0	0.000000				8.130213	false	0.000000	hkcancor	false				false	single_corpus_review	unreviewed	
3586	塑做	2	16.260427	v	v:2	0.000000	sou3zou6:2	0	0.000000				8.130213	false	0.000000	hkcancor	false				false	single_corpus_review	unreviewed	
3587	塞	2	16.260427	v	v:2	0.000000	sak1:2	0	0.000000				8.130213	false	0.000000	hkcancor	false				false	single_corpus_review	unreviewed	
3588	填	2	16.260427	v	v:2	0.000000	tin4:2	0	0.000000				8.130213	false	0.000000	hkcancor	false				false	single_corpus_review	unreviewed	
3589	壞處	2	16.260427	n	n:2	0.000000	waai6cyu3:2	0	0.000000				8.130213	false	0.000000	hkcancor	false				false	single_corpus_review	unreviewed	
3590	外星	2	16.260427	n	n:2	0.000000	ngoi6sing1:2	0	0.000000				8.130213	false	0.000000	hkcancor	false				false	single_corpus_review	unreviewed	
3591	外星人	2	16.260427	n	n:2	0.000000	ngoi6sing1jan4:2	0	0.000000				8.130213	false	0.000000	hkcancor	false				false	single_corpus_review	unreviewed	
3592	多蒙特	2	16.260427	nz	nz:2	1.000000	do1mung4dak6:2	0	0.000000				8.130213	false	0.000000	hkcancor	false				false	proper_name_review	unreviewed	
3593	大姐明	2	16.260427	nr	nr:2	1.000000	daai6ze1ming1:2	0	0.000000				8.130213	false	0.000000	hkcancor	false				false	proper_name_review	unreviewed	
3594	大家姐	2	16.260427	n	n:2	0.000000	daai6gaa1ze1:2	0	0.000000				8.130213	false	0.000000	hkcancor	false				false	single_corpus_review	unreviewed	
3595	大專	2	16.260427	n	n:2	0.000000	daai6zyun1:2	0	0.000000				8.130213	false	0.000000	hkcancor	false				false	single_corpus_review	unreviewed	
3596	大細眼	2	16.260427	n	n:2	0.000000	daai6sai3ngaan5:2	0	0.000000				8.130213	false	0.000000	hkcancor	false				false	single_corpus_review	unreviewed	
3597	大自然	2	16.260427	n	n:2	0.000000	daai6zi6jin4:2	0	0.000000				8.130213	false	0.000000	hkcancor	false				false	single_corpus_review	unreviewed	
3598	天	2	16.260427	n	n:2	0.000000	tin1:2	0	0.000000				8.130213	false	0.000000	hkcancor	false				false	single_corpus_review	unreviewed	
3599	天使	2	16.260427	n	n:2	0.000000	tin1si3:2	0	0.000000				8.130213	false	0.000000	hkcancor	false				false	single_corpus_review	unreviewed	
3600	天意	2	16.260427	n	n:2	0.000000	tin1ji3:2	0	0.000000				8.130213	false	0.000000	hkcancor	false				false	single_corpus_review	unreviewed	
3601	天昏地暗	2	16.260427	i	i:2	0.000000	tin1fan1dei6am3:2	0	0.000000				8.130213	false	0.000000	hkcancor	false				false	single_corpus_review	unreviewed	
3602	天然	2	16.260427	b	b:2	0.000000	tin1jin4:2	0	0.000000				8.130213	false	0.000000	hkcancor	false				false	single_corpus_review	unreviewed	
3603	天王	2	16.260427	n	n:2	0.000000	tin1wong4:2	0	0.000000				8.130213	false	0.000000	hkcancor	false				false	single_corpus_review	unreviewed	
3604	太公	2	16.260427	n	n:2	0.000000	taai3gung1:2	0	0.000000				8.130213	false	0.000000	hkcancor	false				false	single_corpus_review	unreviewed	
3605	太平	2	16.260427	ns	ns:2	1.000000	taai3ping2:2	0	0.000000				8.130213	false	0.000000	hkcancor	false				false	proper_name_review	unreviewed	
3606	太空	2	16.260427	n	n:2	0.000000	taai3hung1:2	0	0.000000				8.130213	false	0.000000	hkcancor	false				false	single_corpus_review	unreviewed	
3607	太陽油	2	16.260427	n	n:2	0.000000	taai3joeng4jau4:2	0	0.000000				8.130213	false	0.000000	hkcancor	false				false	single_corpus_review	unreviewed	
3608	失	2	16.260427	v	v:2	0.000000	sat1:2	0	0.000000				8.130213	false	0.000000	hkcancor	true	1889	10	sat1	false	single_corpus_review	unreviewed	
3609	奀	2	16.260427	a	a:2	0.000000	ngan1:2	0	0.000000				8.130213	false	0.000000	hkcancor	false				false	single_corpus_review	unreviewed	
3610	奇連士文	2	16.260427	nr	nr:2	1.000000	kei4lin4si6man4:2	0	0.000000				8.130213	false	0.000000	hkcancor	false				false	proper_name_review	unreviewed	
3611	奧斯卡	2	16.260427	nz	nz:2	1.000000	ou3si1kaa1:2	0	0.000000				8.130213	false	0.000000	hkcancor	false				false	proper_name_review	unreviewed	
3612	女子	2	16.260427	n	n:2	0.000000	neoi5zi2:2	0	0.000000				8.130213	false	0.000000	hkcancor	false				false	single_corpus_review	unreviewed	
3613	好事	2	16.260427	n	n:2	0.000000	hou2si6:2	0	0.000000				8.130213	false	0.000000	hkcancor	false				false	single_corpus_review	unreviewed	
3614	好心	2	16.260427	a	a:2	0.000000	hou2sam1:2	0	0.000000				8.130213	false	0.000000	hkcancor	false				false	single_corpus_review	unreviewed	
3615	好耐	2	16.260427	t	t:2	0.000000	hou2noi6:2	0	0.000000				8.130213	false	0.000000	hkcancor	false				false	single_corpus_review	unreviewed	
3616	好運	2	16.260427	ns	ns:2	1.000000	hou2wan6:2	0	0.000000				8.130213	false	0.000000	hkcancor	false				false	proper_name_review	unreviewed	
3617	好過	2	16.260427	d	d:1|a:1	0.000000	hou2gwo3:2	0	0.000000				8.130213	false	0.000000	hkcancor	true	641	44	*hou2|hou3gwo3	false	single_corpus_review	unreviewed	
3618	姐姐	2	16.260427	n	n:2	0.000000	ze4ze1:2	0	0.000000				8.130213	false	0.000000	hkcancor	false				false	single_corpus_review	unreviewed	
3619	姑媽	2	16.260427	n	n:2	0.000000	gu1maa1:2	0	0.000000				8.130213	false	0.000000	hkcancor	false				false	single_corpus_review	unreviewed	
3620	娛樂	2	16.260427	vn	vn:1|v:1	0.000000	jyu4lok6:2	0	0.000000				8.130213	false	0.000000	hkcancor	false				false	single_corpus_review	unreviewed	
3621	婚姻	2	16.260427	n	n:2	0.000000	fan1jan1:2	0	0.000000				8.130213	false	0.000000	hkcancor	true	1799	11	fan1jan1	false	single_corpus_review	unreviewed	
3622	媽媽	2	16.260427	n	n:2	0.000000	maa4maa1:2	0	0.000000				8.130213	false	0.000000	hkcancor	true	1205	19	maa4maa1	false	single_corpus_review	unreviewed	
3623	嫁人	2	16.260427	v	v:2	0.000000	gaa3jan4:2	0	0.000000				8.130213	false	0.000000	hkcancor	false				false	single_corpus_review	unreviewed	
3624	子華	2	16.260427	nr	nr:2	1.000000	zi2waa4:2	0	0.000000				8.130213	false	0.000000	hkcancor	false				false	proper_name_review	unreviewed	
3625	孔雀	2	16.260427	n	n:2	0.000000	hung2zoek3:2	0	0.000000				8.130213	false	0.000000	hkcancor	false				false	single_corpus_review	unreviewed	
3626	孖襟	2	16.260427	a	a:1|n:1	0.000000	maa1kam1:2	0	0.000000				8.130213	false	0.000000	hkcancor	false				false	single_corpus_review	unreviewed	
3627	學業	2	16.260427	n	n:2	0.000000	hok6jip6:2	0	0.000000				8.130213	false	0.000000	hkcancor	false				false	single_corpus_review	unreviewed	
3628	學歷	2	16.260427	n	n:2	0.000000	hok6lik6:2	0	0.000000				8.130213	false	0.000000	hkcancor	false				false	single_corpus_review	unreviewed	
3629	學科	2	16.260427	n	n:2	0.000000	hok6fo1:2	0	0.000000				8.130213	false	0.000000	hkcancor	false				false	single_corpus_review	unreviewed	
3630	學習	2	16.260427	n	n:1|v:1	0.000000	hok6zaap6:2	0	0.000000				8.130213	false	0.000000	hkcancor	false				false	single_corpus_review	unreviewed	
3631	學院	2	16.260427	n	n:2	0.000000	hok6jyun2:2	0	0.000000				8.130213	false	0.000000	hkcancor	false				false	single_corpus_review	unreviewed	
3632	安全帶	2	16.260427	n	n:2	0.000000	on1cyun4daai2:2	0	0.000000				8.130213	false	0.000000	hkcancor	false				false	single_corpus_review	unreviewed	
3633	安靜	2	16.260427	a	a:2	0.000000	on1zing6:2	0	0.000000				8.130213	false	0.000000	hkcancor	false				false	single_corpus_review	unreviewed	
3634	定位	2	16.260427	v	v:2	0.000000	ding6wai2:2	0	0.000000				8.130213	false	0.000000	hkcancor	false				false	single_corpus_review	unreviewed	
3635	客觀	2	16.260427	a	a:2	0.000000	haak3gun1:2	0	0.000000				8.130213	false	0.000000	hkcancor	false				false	single_corpus_review	unreviewed	
3636	家務	2	16.260427	n	n:2	0.000000	gaa1mou6:2	0	0.000000				8.130213	false	0.000000	hkcancor	false				false	single_corpus_review	unreviewed	
3637	家城	2	16.260427	nr	nr:2	1.000000	gaa1sing4:2	0	0.000000				8.130213	false	0.000000	hkcancor	false				false	proper_name_review	unreviewed	
3638	家鼎	2	16.260427	nr	nr:2	1.000000	gaa1ding2:2	0	0.000000				8.130213	false	0.000000	hkcancor	false				false	proper_name_review	unreviewed	
3639	容忍	2	16.260427	v	v:2	0.000000	jung4jan2:2	0	0.000000				8.130213	false	0.000000	hkcancor	false				false	single_corpus_review	unreviewed	
3640	寄信	2	16.260427	v	v:2	0.000000	gei3seon3:2	0	0.000000				8.130213	false	0.000000	hkcancor	false				false	single_corpus_review	unreviewed	
3641	實現	2	16.260427	v	v:2	0.000000	sat6jin6:2	0	0.000000				8.130213	false	0.000000	hkcancor	false				false	single_corpus_review	unreviewed	
3642	實踐	2	16.260427	v	v:2	0.000000	sat6cin2:2	0	0.000000				8.130213	false	0.000000	hkcancor	false				false	single_corpus_review	unreviewed	
3643	審	2	16.260427	v	v:2	0.000000	sam2:2	0	0.000000				8.130213	false	0.000000	hkcancor	true	1322	17	sam2	false	single_corpus_review	unreviewed	
3644	寫低	2	16.260427	v	v:2	0.000000	se2dai1:2	0	0.000000				8.130213	false	0.000000	hkcancor	false				false	single_corpus_review	unreviewed	
3645	寫信	2	16.260427	v	v:2	0.000000	se2seon3:2	0	0.000000				8.130213	false	0.000000	hkcancor	false				false	single_corpus_review	unreviewed	
3646	封面	2	16.260427	n	n:2	0.000000	fung1min2:2	0	0.000000				8.130213	false	0.000000	hkcancor	false				false	single_corpus_review	unreviewed	
3647	將軍澳	2	16.260427	ns	ns:2	1.000000	zoeng1gwan1ou3:2	0	0.000000				8.130213	false	0.000000	hkcancor	false				false	proper_name_review	unreviewed	
3648	專	2	16.260427	d	d:2	0.000000	zyun1:2	0	0.000000				8.130213	false	0.000000	hkcancor	false				false	single_corpus_review	unreviewed	
3649	專係	2	16.260427	d	d:2	0.000000	zyun1hai6:2	0	0.000000				8.130213	false	0.000000	hkcancor	false				false	single_corpus_review	unreviewed	
3650	專有	2	16.260427	n	n:1|a:1	0.000000	zyun1jau5:2	0	0.000000				8.130213	false	0.000000	hkcancor	false				false	single_corpus_review	unreviewed	
3651	專欄	2	16.260427	n	n:2	0.000000	zyun1laan4:2	0	0.000000				8.130213	false	0.000000	hkcancor	false				false	single_corpus_review	unreviewed	
3652	專線	2	16.260427	n	n:2	0.000000	zyun1sin3:2	0	0.000000				8.130213	false	0.000000	hkcancor	false				false	single_corpus_review	unreviewed	
3653	專門	2	16.260427	a	a:2	0.000000	zyun1mun4:1|zyun1mun2:1	0	0.000000				8.130213	false	0.000000	hkcancor	false				false	single_corpus_review	unreviewed	
3654	對待	2	16.260427	v	v:2	0.000000	deoi3doi6:2	0	0.000000				8.130213	false	0.000000	hkcancor	false				false	single_corpus_review	unreviewed	
3655	對比	2	16.260427	v	v:2	0.000000	deoi3bei2:2	0	0.000000				8.130213	false	0.000000	hkcancor	false				false	single_corpus_review	unreviewed	
3656	對白	2	16.260427	n	n:2	0.000000	deoi3baak6:2	0	0.000000				8.130213	false	0.000000	hkcancor	false				false	single_corpus_review	unreviewed	
3657	小品	2	16.260427	n	n:2	0.000000	siu2ban2:2	0	0.000000				8.130213	false	0.000000	hkcancor	false				false	single_corpus_review	unreviewed	
3658	小姐	2	16.260427	n	n:2	0.000000	siu2ze2:2	0	0.000000				8.130213	false	0.000000	hkcancor	true	731	36	siu2ze2	false	single_corpus_review	unreviewed	
3659	小環	2	16.260427	nr	nr:2	1.000000	siu2waan4:2	0	0.000000				8.130213	false	0.000000	hkcancor	false				false	proper_name_review	unreviewed	
3660	少數	2	16.260427	m	m:2	0.000000	siu2sou3:2	0	0.000000				8.130213	false	0.000000	hkcancor	false				false	single_corpus_review	unreviewed	
3661	少林寺	2	16.260427	ns	ns:2	1.000000	siu3lam4zi2:2	0	0.000000				8.130213	false	0.000000	hkcancor	false				false	proper_name_review	unreviewed	
3662	尤其	2	16.260427	d	d:2	0.000000	jau4kei4:2	0	0.000000				8.130213	false	0.000000	hkcancor	true	1039	23	jau4kei4	false	single_corpus_review	unreviewed	
3663	就快	2	16.260427	d	d:2	0.000000	zau6faai3:2	0	0.000000				8.130213	false	0.000000	hkcancor	false				false	single_corpus_review	unreviewed	
3664	尷尬	2	16.260427	a	a:2	0.000000	gaam3gaai3:2	0	0.000000				8.130213	false	0.000000	hkcancor	true	1726	12	gaam3gaai3	false	single_corpus_review	unreviewed	
3665	展	2	16.260427	Ng	Ng:2	0.000000	zin2:2	0	0.000000				8.130213	false	0.000000	hkcancor	false				false	single_corpus_review	unreviewed	
3666	屬於	2	16.260427	v	v:2	0.000000	suk6jyu1:2	0	0.000000				8.130213	false	0.000000	hkcancor	true	1860	11	suk6jyu1	false	single_corpus_review	unreviewed	
3667	崖	2	16.260427	n	n:2	0.000000	ngaai4:2	0	0.000000				8.130213	false	0.000000	hkcancor	false				false	single_corpus_review	unreviewed	
3668	嶺南	2	16.260427	jnt	jnt:2	0.000000	ling5naam4:2	0	0.000000				8.130213	false	0.000000	hkcancor	false				false	single_corpus_review	unreviewed	
3669	巡徊	2	16.260427	v	v:2	0.000000	ceon4wui4:2	0	0.000000				8.130213	false	0.000000	hkcancor	false				false	single_corpus_review	unreviewed	
3670	巡遊	2	16.260427	v	v:2	0.000000	ceon4jau4:2	0	0.000000				8.130213	false	0.000000	hkcancor	false				false	single_corpus_review	unreviewed	
3671	差唔	2	16.260427	Dg	Dg:1|x:1	0.000000	caa1m4:2	0	0.000000				8.130213	false	0.000000	hkcancor	false				false	single_corpus_review	unreviewed	
3672	市道	2	16.260427	n	n:2	0.000000	si5dou6:2	0	0.000000				8.130213	false	0.000000	hkcancor	false				false	single_corpus_review	unreviewed	
3673	帝濠	2	16.260427	nz	nz:1|ns:1	1.000000	dai3hou4:2	0	0.000000				8.130213	false	0.000000	hkcancor	false				false	proper_name_review	unreviewed	
3674	師兄	2	16.260427	n	n:2	0.000000	si1hing1:2	0	0.000000				8.130213	false	0.000000	hkcancor	false				false	single_corpus_review	unreviewed	
3675	常	2	16.260427	a	a:2	0.000000	soeng4:2	0	0.000000				8.130213	false	0.000000	hkcancor	true	1054	23	soeng4	false	single_corpus_review	unreviewed	
3676	幕後	2	16.260427	n	n:1|f:1	0.000000	mok6hau6:2	0	0.000000				8.130213	false	0.000000	hkcancor	false				false	single_corpus_review	unreviewed	
3677	平安夜	2	16.260427	t	t:2	0.000000	ping4on1je6:2	0	0.000000				8.130213	false	0.000000	hkcancor	false				false	single_corpus_review	unreviewed	
3678	平淡	2	16.260427	a	a:2	0.000000	ping4daam6:2	0	0.000000				8.130213	false	0.000000	hkcancor	false				false	single_corpus_review	unreviewed	
3679	年期	2	16.260427	n	n:2	0.000000	nin4kei4:2	0	0.000000				8.130213	false	0.000000	hkcancor	false				false	single_corpus_review	unreviewed	
3680	年班	2	16.260427	n	n:1|q:1	0.000000	nin4baan1:2	0	0.000000				8.130213	false	0.000000	hkcancor	false				false	single_corpus_review	unreviewed	
3681	幻燈片	2	16.260427	n	n:2	0.000000	waan6dang1pin2:2	0	0.000000				8.130213	false	0.000000	hkcancor	false				false	single_corpus_review	unreviewed	
3682	幽浮	2	16.260427	n	n:2	0.000000	jau1fau4:2	0	0.000000				8.130213	false	0.000000	hkcancor	false				false	single_corpus_review	unreviewed	
3683	幾大	2	16.260427	r	r:2	0.000000	gei2daai6:2	0	0.000000				8.130213	false	0.000000	hkcancor	true	1253	18	*gei2|gei1daai6	true	known_nonatomic_or_invalid	unreviewed	
3684	座墊	2	16.260427	n	n:2	0.000000	zo6zin3:2	0	0.000000				8.130213	false	0.000000	hkcancor	false				false	single_corpus_review	unreviewed	
3685	廉價	2	16.260427	a	a:2	0.000000	lim4gaa3:2	0	0.000000				8.130213	false	0.000000	hkcancor	false				false	single_corpus_review	unreviewed	
3686	廣大	2	16.260427	a	a:2	0.000000	gwong2daai6:2	0	0.000000				8.130213	false	0.000000	hkcancor	false				false	single_corpus_review	unreviewed	
3687	廣東	2	16.260427	ns	ns:2	1.000000	gwong2dung1:2	0	0.000000				8.130213	false	0.000000	hkcancor	false				false	proper_name_review	unreviewed	
3688	建議書	2	16.260427	n	n:2	0.000000	gin3ji5syu1:2	0	0.000000				8.130213	false	0.000000	hkcancor	false				false	single_corpus_review	unreviewed	
3689	廿二	2	16.260427	m	m:2	0.000000	jaa6ji6:2	0	0.000000				8.130213	false	0.000000	hkcancor	false				false	single_corpus_review	unreviewed	
3690	廿八	2	16.260427	m	m:2	0.000000	jaa6baat3:2	0	0.000000				8.130213	false	0.000000	hkcancor	false				false	single_corpus_review	unreviewed	
3691	強打	2	16.260427	n	n:1|a:1	0.000000	koeng4daa2:2	0	0.000000				8.130213	false	0.000000	hkcancor	false				false	single_corpus_review	unreviewed	
3692	強項	2	16.260427	n	n:2	0.000000	koeng4hong6:2	0	0.000000				8.130213	false	0.000000	hkcancor	false				false	single_corpus_review	unreviewed	
3693	彌天大罪	2	16.260427	i	i:2	0.000000	lei4tin1daai6zeoi6:2	0	0.000000				8.130213	false	0.000000	hkcancor	false				false	single_corpus_review	unreviewed	
3694	彌補	2	16.260427	v	v:2	0.000000	lei4bou2:2	0	0.000000				8.130213	false	0.000000	hkcancor	false				false	single_corpus_review	unreviewed	
3695	彩虹	2	16.260427	ns	ns:2	1.000000	coi2hung4:2	0	0.000000				8.130213	false	0.000000	hkcancor	false				false	proper_name_review	unreviewed	
3696	影印機	2	16.260427	n	n:2	0.000000	jing2jan3gei1:2	0	0.000000				8.130213	false	0.000000	hkcancor	false				false	single_corpus_review	unreviewed	
3697	影院	2	16.260427	n	n:2	0.000000	jing2jyun2:2	0	0.000000				8.130213	false	0.000000	hkcancor	false				false	single_corpus_review	unreviewed	
3698	律師樓	2	16.260427	n	n:2	0.000000	leot6si1lau4:2	0	0.000000				8.130213	false	0.000000	hkcancor	false				false	single_corpus_review	unreviewed	
3699	得切	2	16.260427	d	d:2	0.000000	dak1cit3:2	0	0.000000				8.130213	false	0.000000	hkcancor	false				false	single_corpus_review	unreviewed	
3700	循環	2	16.260427	v	v:2	0.000000	ceon4waan4:2	0	0.000000				8.130213	false	0.000000	hkcancor	false				false	single_corpus_review	unreviewed	
3701	微	2	16.260427	a	a:1|d:1	0.000000	mei4:2	0	0.000000				8.130213	false	0.000000	hkcancor	false				false	single_corpus_review	unreviewed	
3702	德昭	2	16.260427	nr	nr:2	1.000000	dak1ciu1:2	0	0.000000				8.130213	false	0.000000	hkcancor	false				false	proper_name_review	unreviewed	
3703	德超	2	16.260427	nr	nr:2	1.000000	dak1ciu1:2	0	0.000000				8.130213	false	0.000000	hkcancor	false				false	proper_name_review	unreviewed	
3704	心態	2	16.260427	n	n:2	0.000000	sam1taai3:2	0	0.000000				8.130213	false	0.000000	hkcancor	true	1878	10	sam1taai3	false	single_corpus_review	unreviewed	
3705	心臟病	2	16.260427	n	n:2	0.000000	sam1zong6beng6:2	0	0.000000				8.130213	false	0.000000	hkcancor	false				false	single_corpus_review	unreviewed	
3706	必要	2	16.260427	a	a:1|n:1	0.000000	bit1jiu3:2	0	0.000000				8.130213	false	0.000000	hkcancor	true	1752	11	bit1jiu3	false	single_corpus_review	unreviewed	
3707	快樂	2	16.260427	an	an:1|a:1	0.000000	faai3lok6:2	0	0.000000				8.130213	false	0.000000	hkcancor	false				false	single_corpus_review	unreviewed	
3708	快譯通	2	16.260427	nz	nz:2	1.000000	faai3jik6tung1:2	0	0.000000				8.130213	false	0.000000	hkcancor	false				false	proper_name_review	unreviewed	
3709	快速	2	16.260427	d	d:2	0.000000	faai3cuk1:2	0	0.000000				8.130213	false	0.000000	hkcancor	false				false	single_corpus_review	unreviewed	
3710	忽略	2	16.260427	v	v:2	0.000000	fat1loek6:2	0	0.000000				8.130213	false	0.000000	hkcancor	false				false	single_corpus_review	unreviewed	
3711	思想	2	16.260427	vu	vu:1|n:1	0.000000	si1soeng2:2	0	0.000000				8.130213	false	0.000000	hkcancor	false				false	single_corpus_review	unreviewed	
3712	思疑	2	16.260427	v	v:2	0.000000	si1ji4:2	0	0.000000				8.130213	false	0.000000	hkcancor	false				false	single_corpus_review	unreviewed	
3713	性情	2	16.260427	n	n:2	0.000000	sing3cing4:2	0	0.000000				8.130213	false	0.000000	hkcancor	false				false	single_corpus_review	unreviewed	
3714	恆生指數	2	16.260427	n	n:2	0.000000	hang4sang1zi2sou3:2	0	0.000000				8.130213	false	0.000000	hkcancor	false				false	single_corpus_review	unreviewed	
3715	恐龍	2	16.260427	n	n:2	0.000000	hung2lung4:2	0	0.000000				8.130213	false	0.000000	hkcancor	false				false	single_corpus_review	unreviewed	
3716	恩愛	2	16.260427	a	a:2	0.000000	jan1oi3:2	0	0.000000				8.130213	false	0.000000	hkcancor	false				false	single_corpus_review	unreviewed	
3717	悲	2	16.260427	a	a:2	0.000000	bei1:2	0	0.000000				8.130213	false	0.000000	hkcancor	false				false	single_corpus_review	unreviewed	
3718	惡做	2	16.260427	a	a:2	0.000000	ok3zou6:2	0	0.000000				8.130213	false	0.000000	hkcancor	false				false	single_corpus_review	unreviewed	
3719	意料之外	2	16.260427	l	l:2	0.000000	ji3liu6zi1ngoi6:2	0	0.000000				8.130213	false	0.000000	hkcancor	false				false	single_corpus_review	unreviewed	
3720	意會	2	16.260427	v	v:2	0.000000	ji3wui6:2	0	0.000000				8.130213	false	0.000000	hkcancor	false				false	single_corpus_review	unreviewed	
3721	意義	2	16.260427	n	n:2	0.000000	ji3ji6:2	0	0.000000				8.130213	false	0.000000	hkcancor	true	1822	11	ji3ji6	false	single_corpus_review	unreviewed	
3722	憑	2	16.260427	p	p:2	0.000000	pang4:2	0	0.000000				8.130213	false	0.000000	hkcancor	false				false	single_corpus_review	unreviewed	
3723	憑住	2	16.260427	p	p:2	0.000000	pang4zyu6:2	0	0.000000				8.130213	false	0.000000	hkcancor	false				false	single_corpus_review	unreviewed	
3724	應付	2	16.260427	v	v:2	0.000000	jing3fu6:2	0	0.000000				8.130213	false	0.000000	hkcancor	false				false	single_corpus_review	unreviewed	
3725	應用	2	16.260427	vn	vn:1|v:1	0.000000	jing3jung6:2	0	0.000000				8.130213	false	0.000000	hkcancor	false				false	single_corpus_review	unreviewed	
3726	懷念	2	16.260427	v	v:2	0.000000	waai4nim6:2	0	0.000000				8.130213	false	0.000000	hkcancor	false				false	single_corpus_review	unreviewed	
3727	手信	2	16.260427	n	n:2	0.000000	sau2seon3:2	0	0.000000				8.130213	false	0.000000	hkcancor	false				false	single_corpus_review	unreviewed	
3728	手掌	2	16.260427	n	n:2	0.000000	sau2zoeng2:2	0	0.000000				8.130213	false	0.000000	hkcancor	false				false	single_corpus_review	unreviewed	
3729	手法	2	16.260427	n	n:2	0.000000	sau2faat3:2	0	0.000000				8.130213	false	0.000000	hkcancor	false				false	single_corpus_review	unreviewed	
3730	手續	2	16.260427	n	n:2	0.000000	sau2zuk6:2	0	0.000000				8.130213	false	0.000000	hkcancor	false				false	single_corpus_review	unreviewed	
3731	打交	2	16.260427	v	v:2	0.000000	daa2gaau1:2	0	0.000000				8.130213	false	0.000000	hkcancor	false				false	single_corpus_review	unreviewed	
3732	打仗	2	16.260427	v	v:2	0.000000	daa2zoeng3:2	0	0.000000				8.130213	false	0.000000	hkcancor	false				false	single_corpus_review	unreviewed	
3733	打鐘	2	16.260427	v	v:2	0.000000	daa2zung1:2	0	0.000000				8.130213	false	0.000000	hkcancor	false				false	single_corpus_review	unreviewed	
3734	打麻雀	2	16.260427	v	v:2	0.000000	daa2maa4zoek2:2	0	0.000000				8.130213	false	0.000000	hkcancor	false				false	single_corpus_review	unreviewed	
3735	扱	2	16.260427	Vg	Vg:2	0.000000	kap1:2	0	0.000000				8.130213	false	0.000000	hkcancor	false				false	single_corpus_review	unreviewed	
3736	扼	2	16.260427	v	v:2	0.000000	aak1:2	0	0.000000				8.130213	false	0.000000	hkcancor	false				false	single_corpus_review	unreviewed	
3737	扼殺	2	16.260427	v	v:2	0.000000	ngaak1saat3:2	0	0.000000				8.130213	false	0.000000	hkcancor	false				false	single_corpus_review	unreviewed	
3738	投入	2	16.260427	v	v:2	0.000000	tau4jap6:2	0	0.000000				8.130213	false	0.000000	hkcancor	false				false	single_corpus_review	unreviewed	
3739	抖	2	16.260427	v	v:2	0.000000	tau2:2	0	0.000000				8.130213	false	0.000000	hkcancor	false				false	single_corpus_review	unreviewed	
3740	押韻	2	16.260427	v	v:2	0.000000	aat3wan5:2	0	0.000000				8.130213	false	0.000000	hkcancor	false				false	single_corpus_review	unreviewed	
3741	拉斯維加斯	2	16.260427	ns	ns:2	1.000000	laai1si1wai4gaa1si1:2	0	0.000000				8.130213	false	0.000000	hkcancor	false				false	proper_name_review	unreviewed	
3742	拍戲	2	16.260427	n	n:1|v:1	0.000000	paak3hei3:2	0	0.000000				8.130213	false	0.000000	hkcancor	false				false	single_corpus_review	unreviewed	
3743	拎走	2	16.260427	v	v:2	0.000000	ling1zau2:2	0	0.000000				8.130213	false	0.000000	hkcancor	false				false	single_corpus_review	unreviewed	
3744	拒絕	2	16.260427	v	v:2	0.000000	keoi5zyut6:2	0	0.000000				8.130213	false	0.000000	hkcancor	false				false	single_corpus_review	unreviewed	
3745	拗柴	2	16.260427	v	v:2	0.000000	ngaau2caai4:2	0	0.000000				8.130213	false	0.000000	hkcancor	false				false	single_corpus_review	unreviewed	
3746	拳	2	16.260427	q	q:2	0.000000	kyun4:2	0	0.000000				8.130213	false	0.000000	hkcancor	false				false	single_corpus_review	unreviewed	
3747	拼音	2	16.260427	v	v:2	0.000000	ping3jam1:2	0	0.000000				8.130213	false	0.000000	hkcancor	false				false	single_corpus_review	unreviewed	
3748	指教	2	16.260427	v	v:2	0.000000	zi2gaau3:2	0	0.000000				8.130213	false	0.000000	hkcancor	false				false	single_corpus_review	unreviewed	
3749	按摩	2	16.260427	v	v:2	0.000000	on3mo1:2	0	0.000000				8.130213	false	0.000000	hkcancor	false				false	single_corpus_review	unreviewed	
3750	掌	2	16.260427	n	n:2	0.000000	zoeng2:2	0	0.000000				8.130213	false	0.000000	hkcancor	false				false	single_corpus_review	unreviewed	
3751	掟	2	16.260427	v	v:2	0.000000	deng3:2	0	0.000000				8.130213	false	0.000000	hkcancor	false				false	single_corpus_review	unreviewed	
3752	控	2	16.260427	v	v:2	0.000000	hung3:2	0	0.000000				8.130213	false	0.000000	hkcancor	false				false	single_corpus_review	unreviewed	
3753	推薦書	2	16.260427	n	n:2	0.000000	teoi1zin3syu1:2	0	0.000000				8.130213	false	0.000000	hkcancor	false				false	single_corpus_review	unreviewed	
3754	推銷	2	16.260427	v	v:2	0.000000	teoi1siu1:2	0	0.000000				8.130213	false	0.000000	hkcancor	false				false	single_corpus_review	unreviewed	
3755	提名	2	16.260427	v	v:1|n:1	0.000000	tai4ming4:2	0	0.000000				8.130213	false	0.000000	hkcancor	false				false	single_corpus_review	unreviewed	
3756	提神	2	16.260427	v	v:2	0.000000	tai4san4:2	0	0.000000				8.130213	false	0.000000	hkcancor	false				false	single_corpus_review	unreviewed	
3757	揦西	2	16.260427	a	a:2	0.000000	laa2sai1:2	0	0.000000				8.130213	false	0.000000	hkcancor	false				false	single_corpus_review	unreviewed	
3758	揮霍	2	16.260427	v	v:2	0.000000	fai1fok3:2	0	0.000000				8.130213	false	0.000000	hkcancor	false				false	single_corpus_review	unreviewed	
3759	揸fit	2	16.260427	xv	xv:2	0.000000		0	0.000000				8.130213	false	0.000000	hkcancor	false				false	single_corpus_review	unreviewed	
3760	損毀	2	16.260427	vn	vn:1|v:1	0.000000	syun2wai2:2	0	0.000000				8.130213	false	0.000000	hkcancor	false				false	single_corpus_review	unreviewed	
3761	搖滾	2	16.260427	n	n:2	0.000000	jiu4gwan2:2	0	0.000000				8.130213	false	0.000000	hkcancor	false				false	single_corpus_review	unreviewed	
3762	搞事	2	16.260427	a	a:1|v:1	0.000000	gaau2si6:2	0	0.000000				8.130213	false	0.000000	hkcancor	false				false	single_corpus_review	unreviewed	
3763	搞嘢	2	16.260427	a	a:1|v:1	0.000000	gaau2je5:2	0	0.000000				8.130213	false	0.000000	hkcancor	false				false	single_corpus_review	unreviewed	
3764	搣	2	16.260427	v	v:2	0.000000	mit1:2	0	0.000000				8.130213	false	0.000000	hkcancor	false				false	single_corpus_review	unreviewed	
3765	搬走	2	16.260427	v	v:2	0.000000	bun1zau2:2	0	0.000000				8.130213	false	0.000000	hkcancor	false				false	single_corpus_review	unreviewed	
3766	搶市	2	16.260427	a	a:2	0.000000	coeng2si5:2	0	0.000000				8.130213	false	0.000000	hkcancor	false				false	single_corpus_review	unreviewed	
3767	摷起	2	16.260427	v	v:2	0.000000	caau3hei2:2	0	0.000000				8.130213	false	0.000000	hkcancor	false				false	single_corpus_review	unreviewed	
3768	撈亂	2	16.260427	v	v:2	0.000000	lou1lyun6:2	0	0.000000				8.130213	false	0.000000	hkcancor	false				false	single_corpus_review	unreviewed	
3769	撐	2	16.260427	v	v:2	0.000000	caang3:2	0	0.000000				8.130213	false	0.000000	hkcancor	false				false	single_corpus_review	unreviewed	
3770	撕裂	2	16.260427	n	n:2	0.000000	si1lit6:2	0	0.000000				8.130213	false	0.000000	hkcancor	false				false	single_corpus_review	unreviewed	
3771	操fit	2	16.260427	xv	xv:2	0.000000		0	0.000000				8.130213	false	0.000000	hkcancor	false				false	single_corpus_review	unreviewed	
3772	擔心	2	16.260427	v	v:2	0.000000	daam1sam1:2	0	0.000000				8.130213	false	0.000000	hkcancor	true	1181	20	daam1sam1	false	single_corpus_review	unreviewed	
3773	擔憂	2	16.260427	v	v:2	0.000000	daam1jau1:2	0	0.000000				8.130213	false	0.000000	hkcancor	false				false	single_corpus_review	unreviewed	
3774	據	2	16.260427	p	p:1|n:1	0.000000	geoi3:2	0	0.000000				8.130213	false	0.000000	hkcancor	false				false	single_corpus_review	unreviewed	
3775	擺低	2	16.260427	v	v:2	0.000000	baai2dai1:2	0	0.000000				8.130213	false	0.000000	hkcancor	false				false	single_corpus_review	unreviewed	
3776	攞命	2	16.260427	v	v:1|a:1	0.000000	lo2meng6:2	0	0.000000				8.130213	false	0.000000	hkcancor	false				false	single_corpus_review	unreviewed	
3777	攣	2	16.260427	a	a:2	0.000000	lyun1:2	0	0.000000				8.130213	false	0.000000	hkcancor	false				false	single_corpus_review	unreviewed	
3778	攤	2	16.260427	v	v:2	0.000000	taan1:2	0	0.000000				8.130213	false	0.000000	hkcancor	false				false	single_corpus_review	unreviewed	
3779	攤開	2	16.260427	v	v:2	0.000000	taan1hoi1:2	0	0.000000				8.130213	false	0.000000	hkcancor	false				false	single_corpus_review	unreviewed	
3780	收尾	2	16.260427	d	d:1|t:1	0.000000	sau1mei5:1|sau1mei1:1	0	0.000000				8.130213	false	0.000000	hkcancor	false				false	single_corpus_review	unreviewed	
3781	收集	2	16.260427	v	v:2	0.000000	sau1zaap6:2	0	0.000000				8.130213	false	0.000000	hkcancor	false				false	single_corpus_review	unreviewed	
3782	收音機	2	16.260427	n	n:2	0.000000	sau1jam1gei1:2	0	0.000000				8.130213	false	0.000000	hkcancor	false				false	single_corpus_review	unreviewed	
3783	改變	2	16.260427	vn	vn:1|v:1	0.000000	goi2bin3:2	0	0.000000				8.130213	false	0.000000	hkcancor	true	1112	21	goi2bin3	false	single_corpus_review	unreviewed	
3784	故事	2	16.260427	n	n:2	0.000000	gu3si6:2	0	0.000000				8.130213	false	0.000000	hkcancor	false				false	single_corpus_review	unreviewed	
3785	教徒	2	16.260427	n	n:2	0.000000	gaau3tou4:2	0	0.000000				8.130213	false	0.000000	hkcancor	false				false	single_corpus_review	unreviewed	
3786	教授	2	16.260427	n	n:2	0.000000	gaau3sau6:2	0	0.000000				8.130213	false	0.000000	hkcancor	true	1516	14	gaau3sau6	false	single_corpus_review	unreviewed	
3787	教訓	2	16.260427	vn	vn:2	0.000000	gaau3fan3:2	0	0.000000				8.130213	false	0.000000	hkcancor	false				false	single_corpus_review	unreviewed	
3788	散熱	2	16.260427	v	v:2	0.000000	saan3jit6:2	0	0.000000				8.130213	false	0.000000	hkcancor	false				false	single_corpus_review	unreviewed	
3789	整法	2	16.260427	n	n:2	0.000000	zing2faat3:2	0	0.000000				8.130213	false	0.000000	hkcancor	false				false	single_corpus_review	unreviewed	
3790	數量	2	16.260427	n	n:2	0.000000	sou3loeng6:2	0	0.000000				8.130213	false	0.000000	hkcancor	false				false	single_corpus_review	unreviewed	
3791	文員	2	16.260427	n	n:2	0.000000	man4jyun4:2	0	0.000000				8.130213	false	0.000000	hkcancor	false				false	single_corpus_review	unreviewed	
3792	文子	2	16.260427	nr	nr:2	1.000000	man4zi2:2	0	0.000000				8.130213	false	0.000000	hkcancor	false				false	proper_name_review	unreviewed	
3793	文憑	2	16.260427	n	n:2	0.000000	man4pang4:2	0	0.000000				8.130213	false	0.000000	hkcancor	false				false	single_corpus_review	unreviewed	
3794	文體	2	16.260427	n	n:2	0.000000	man4tai2:2	0	0.000000				8.130213	false	0.000000	hkcancor	false				false	single_corpus_review	unreviewed	
3795	斗令	2	16.260427	n	n:2	0.000000	dau2ling2:2	0	0.000000				8.130213	false	0.000000	hkcancor	false				false	single_corpus_review	unreviewed	
3796	新上海灘	2	16.260427	nz	nz:2	1.000000	san1soeng6hoi2taan1:2	0	0.000000				8.130213	false	0.000000	hkcancor	false				false	proper_name_review	unreviewed	
3797	新人	2	16.260427	n	n:2	0.000000	san1jan4:2	0	0.000000				8.130213	false	0.000000	hkcancor	false				false	single_corpus_review	unreviewed	
3798	新娘	2	16.260427	n	n:2	0.000000	san1noeng4:2	0	0.000000				8.130213	false	0.000000	hkcancor	false				false	single_corpus_review	unreviewed	
3799	新界	2	16.260427	ns	ns:2	1.000000	san1gaai3:2	0	0.000000				8.130213	false	0.000000	hkcancor	false				false	proper_name_review	unreviewed	
3800	新移民	2	16.260427	n	n:2	0.000000	san1ji4man4:2	0	0.000000				8.130213	false	0.000000	hkcancor	false				false	single_corpus_review	unreviewed	
3801	新興	2	16.260427	a	a:2	0.000000	san1hing1:2	0	0.000000				8.130213	false	0.000000	hkcancor	false				false	single_corpus_review	unreviewed	
3802	新西蘭	2	16.260427	ns	ns:2	1.000000	san1sai1laan4:2	0	0.000000				8.130213	false	0.000000	hkcancor	false				false	proper_name_review	unreviewed	
3803	新近	2	16.260427	a	a:1|t:1	0.000000	san1gan6:2	0	0.000000				8.130213	false	0.000000	hkcancor	false				false	single_corpus_review	unreviewed	
3804	早晨	2	16.260427	l1	l1:2	0.000000	zou2san4:2	0	0.000000				8.130213	false	0.000000	hkcancor	true	630	45	zou2san4	false	single_corpus_review	unreviewed	
3805	早輪	2	16.260427	t	t:2	0.000000	zou2leon4:2	0	0.000000				8.130213	false	0.000000	hkcancor	false				false	single_corpus_review	unreviewed	
3806	昂貴	2	16.260427	a	a:2	0.000000	ngong4gwai3:2	0	0.000000				8.130213	false	0.000000	hkcancor	false				false	single_corpus_review	unreviewed	
3807	明惠	2	16.260427	nr	nr:2	1.000000	ming4wai6:2	0	0.000000				8.130213	false	0.000000	hkcancor	false				false	proper_name_review	unreviewed	
3808	是Q爛但	2	16.260427	d	d:2	0.000000	si6kiu1laan6daan6:2	0	0.000000				8.130213	false	0.000000	hkcancor	false				false	single_corpus_review	unreviewed	
3809	時段	2	16.260427	n	n:2	0.000000	si4dyun6:2	0	0.000000				8.130213	false	0.000000	hkcancor	false				false	single_corpus_review	unreviewed	
3810	時裝	2	16.260427	n	n:2	0.000000	si4zong1:2	0	0.000000				8.130213	false	0.000000	hkcancor	false				false	single_corpus_review	unreviewed	
3811	晉升	2	16.260427	n	n:1|v:1	0.000000	zeon3sing1:2	0	0.000000				8.130213	false	0.000000	hkcancor	false				false	single_corpus_review	unreviewed	
3812	智建	2	16.260427	nr	nr:2	1.000000	zi3gin6:2	0	0.000000				8.130213	false	0.000000	hkcancor	false				false	proper_name_review	unreviewed	
3813	暗	2	16.260427	a	a:2	0.000000	am3:2	0	0.000000				8.130213	false	0.000000	hkcancor	false				false	single_corpus_review	unreviewed	
3814	會考教室	2	16.260427	nt	nt:2	1.000000	wui6haau2gaau3sat1:2	0	0.000000				8.130213	false	0.000000	hkcancor	false				false	proper_name_review	unreviewed	
3815	月份	2	16.260427	n	n:2	0.000000	jyut6fan6:2	0	0.000000				8.130213	false	0.000000	hkcancor	false				false	single_corpus_review	unreviewed	
3816	有事	2	16.260427	v	v:2	0.000000	jau5si6:2	0	0.000000				8.130213	false	0.000000	hkcancor	false				false	single_corpus_review	unreviewed	
3817	有份	2	16.260427	v	v:2	0.000000	jau5fan2:2	0	0.000000				8.130213	false	0.000000	hkcancor	true	1910	10	*jau5fan6	false	single_corpus_review	unreviewed	
3818	有用	2	16.260427	a	a:2	0.000000	jau5jung6:2	0	0.000000				8.130213	false	0.000000	hkcancor	false				false	single_corpus_review	unreviewed	
3819	朦	2	16.260427	a	a:2	0.000000	mung4:2	0	0.000000				8.130213	false	0.000000	hkcancor	false				false	single_corpus_review	unreviewed	
3820	木片	2	16.260427	n	n:2	0.000000	muk6pin2:2	0	0.000000				8.130213	false	0.000000	hkcancor	false				false	single_corpus_review	unreviewed	
3821	木糠	2	16.260427	n	n:2	0.000000	muk6hong1:2	0	0.000000				8.130213	false	0.000000	hkcancor	false				false	single_corpus_review	unreviewed	
3822	未來	2	16.260427	t	t:2	0.000000	mei6loi4:2	0	0.000000				8.130213	false	0.000000	hkcancor	true	916	27	mei6loi4	false	single_corpus_review	unreviewed	
3823	李安納度	2	16.260427	nr	nr:2	1.000000	lei5on1naap6dou6:2	0	0.000000				8.130213	false	0.000000	hkcancor	false				false	proper_name_review	unreviewed	
3824	村	2	16.260427	n	n:2	0.000000	cyun1:2	0	0.000000				8.130213	false	0.000000	hkcancor	false				false	single_corpus_review	unreviewed	
3825	東亞銀行	2	16.260427	nt	nt:2	1.000000	dung1aa3ngan4hong4:2	0	0.000000				8.130213	false	0.000000	hkcancor	false				false	proper_name_review	unreviewed	
3826	東莞	2	16.260427	ns	ns:2	1.000000	dung1gun2:2	0	0.000000				8.130213	false	0.000000	hkcancor	false				false	proper_name_review	unreviewed	
3827	果濟	2	16.260427	a	a:2	0.000000	gwo4zai3:2	0	0.000000				8.130213	false	0.000000	hkcancor	false				false	single_corpus_review	unreviewed	
3828	果齊	2	16.260427	nr	nr:2	1.000000	gwo2cai4:2	0	0.000000				8.130213	false	0.000000	hkcancor	false				false	proper_name_review	unreviewed	
3829	柏林	2	16.260427	ns	ns:2	1.000000	paak3lam4:2	0	0.000000				8.130213	false	0.000000	hkcancor	false				false	proper_name_review	unreviewed	
3830	查索	2	16.260427	v	v:2	0.000000	caa4sok3:2	0	0.000000				8.130213	false	0.000000	hkcancor	false				false	single_corpus_review	unreviewed	
3831	查詢	2	16.260427	v	v:1|n:1	0.000000	caa4seon1:2	0	0.000000				8.130213	false	0.000000	hkcancor	false				false	single_corpus_review	unreviewed	
3832	校車	2	16.260427	n	n:2	0.000000	haau6ce1:2	0	0.000000				8.130213	false	0.000000	hkcancor	false				false	single_corpus_review	unreviewed	
3833	校醫	2	16.260427	n	n:2	0.000000	haau6ji1:2	0	0.000000				8.130213	false	0.000000	hkcancor	false				false	single_corpus_review	unreviewed	
3834	格仔	2	16.260427	n	n:2	0.000000	gaak3zai2:2	0	0.000000				8.130213	false	0.000000	hkcancor	false				false	single_corpus_review	unreviewed	
3835	案	2	16.260427	Ng	Ng:2	0.000000	on3:2	0	0.000000				8.130213	false	0.000000	hkcancor	true	828	31	on3|ngon3	false	single_corpus_review	unreviewed	
3836	案例	2	16.260427	n	n:2	0.000000	on3lai6:2	0	0.000000				8.130213	false	0.000000	hkcancor	false				false	single_corpus_review	unreviewed	
3837	業內	2	16.260427	n	n:2	0.000000	jip6noi6:2	0	0.000000				8.130213	false	0.000000	hkcancor	false				false	single_corpus_review	unreviewed	
3838	業餘	2	16.260427	a	a:1|an:1	0.000000	jip6jyu4:2	0	0.000000				8.130213	false	0.000000	hkcancor	false				false	single_corpus_review	unreviewed	
3839	極其量	2	16.260427	d	d:2	0.000000	gik6kei4loeng6:2	0	0.000000				8.130213	false	0.000000	hkcancor	false				false	single_corpus_review	unreviewed	
3840	樓	2	16.260427	q	q:2	0.000000	lau2:2	0	0.000000				8.130213	false	0.000000	hkcancor	true	1462	15	lau4	false	single_corpus_review	unreviewed	
3841	標準	2	16.260427	a	a:2	0.000000	biu1zeon2:2	0	0.000000				8.130213	false	0.000000	hkcancor	false				false	single_corpus_review	unreviewed	
3842	機構	2	16.260427	n	n:2	0.000000	gei1kau3:2	0	0.000000				8.130213	false	0.000000	hkcancor	true	1134	21	gei1kau3	false	single_corpus_review	unreviewed	
3843	機王	2	16.260427	n	n:2	0.000000	gei1wong4:2	0	0.000000				8.130213	false	0.000000	hkcancor	false				false	single_corpus_review	unreviewed	
3844	橫額	2	16.260427	n	n:2	0.000000	waang4ngaak2:2	0	0.000000				8.130213	false	0.000000	hkcancor	false				false	single_corpus_review	unreviewed	
3845	檀島	2	16.260427	nt	nt:2	1.000000	taan4dou2:2	0	0.000000				8.130213	false	0.000000	hkcancor	false				false	proper_name_review	unreviewed	
3846	檔	2	16.260427	q	q:1|n:1	0.000000	dong3:2	0	0.000000				8.130213	false	0.000000	hkcancor	false				false	single_corpus_review	unreviewed	
3847	檔案	2	16.260427	n	n:2	0.000000	dong2on3:2	0	0.000000				8.130213	false	0.000000	hkcancor	false				false	single_corpus_review	unreviewed	
3848	檢	2	16.260427	Vg	Vg:2	0.000000	gim2:2	0	0.000000				8.130213	false	0.000000	hkcancor	false				false	single_corpus_review	unreviewed	
3849	檢討	2	16.260427	v	v:2	0.000000	gim2tou2:2	0	0.000000				8.130213	false	0.000000	hkcancor	false				false	single_corpus_review	unreviewed	
3850	歌劇院	2	16.260427	n	n:2	0.000000	go1kek6jyun2:2	0	0.000000				8.130213	false	0.000000	hkcancor	false				false	single_corpus_review	unreviewed	
3851	歎	2	16.260427	v	v:2	0.000000	taan3:2	0	0.000000				8.130213	false	0.000000	hkcancor	false				false	single_corpus_review	unreviewed	
3852	正式	2	16.260427	a	a:2	0.000000	zing3sik1:2	0	0.000000				8.130213	false	0.000000	hkcancor	false				false	single_corpus_review	unreviewed	
3853	歧視	2	16.260427	v	v:1|vn:1	0.000000	kei4si6:2	0	0.000000				8.130213	false	0.000000	hkcancor	false				false	single_corpus_review	unreviewed	
3854	歲數	2	16.260427	n	n:2	0.000000	seoi3sou3:2	0	0.000000				8.130213	false	0.000000	hkcancor	false				false	single_corpus_review	unreviewed	
3855	歷史	2	16.260427	n	n:2	0.000000	lik6si2:2	0	0.000000				8.130213	false	0.000000	hkcancor	false				false	single_corpus_review	unreviewed	
3856	死火	2	16.260427	v	v:1|a:1	0.000000	sei2fo2:2	0	0.000000				8.130213	false	0.000000	hkcancor	false				false	single_corpus_review	unreviewed	
3857	死約	2	16.260427	n	n:2	0.000000	sei2joek3:2	0	0.000000				8.130213	false	0.000000	hkcancor	false				false	single_corpus_review	unreviewed	
3858	死𦧲難𦧲	2	16.260427	l	l:2	0.000000	sei2loe2laan6loe2:2	0	0.000000				8.130213	false	0.000000	hkcancor	false				false	single_corpus_review	unreviewed	
3859	殘忍	2	16.260427	a	a:2	0.000000	caan4jan2:2	0	0.000000				8.130213	false	0.000000	hkcancor	false				false	single_corpus_review	unreviewed	
3860	殺手	2	16.260427	n	n:2	0.000000	saat3sau2:2	0	0.000000				8.130213	false	0.000000	hkcancor	false				false	single_corpus_review	unreviewed	
3861	毅人	2	16.260427	nr	nr:2	1.000000	ngai6jan4:2	0	0.000000				8.130213	false	0.000000	hkcancor	false				false	proper_name_review	unreviewed	
3862	每人	2	16.260427	r	r:2	0.000000	mui5jan4:2	0	0.000000				8.130213	false	0.000000	hkcancor	false				false	single_corpus_review	unreviewed	
3863	比薩斜塔	2	16.260427	nz	nz:2	1.000000	bei2saat3ce4taap3:2	0	0.000000				8.130213	false	0.000000	hkcancor	false				false	proper_name_review	unreviewed	
3864	毛巾	2	16.260427	n	n:2	0.000000	mou4gan1:2	0	0.000000				8.130213	false	0.000000	hkcancor	false				false	single_corpus_review	unreviewed	
3865	民意	2	16.260427	n	n:2	0.000000	man4ji3:2	0	0.000000				8.130213	false	0.000000	hkcancor	false				false	single_corpus_review	unreviewed	
3866	民族	2	16.260427	n	n:2	0.000000	man4zuk6:2	0	0.000000				8.130213	false	0.000000	hkcancor	false				false	single_corpus_review	unreviewed	
3867	求職	2	16.260427	v	v:2	0.000000	kau4zik1:2	0	0.000000				8.130213	false	0.000000	hkcancor	false				false	single_corpus_review	unreviewed	
3868	決裂	2	16.260427	v	v:2	0.000000	kyut3lit6:2	0	0.000000				8.130213	false	0.000000	hkcancor	false				false	single_corpus_review	unreviewed	
3869	決賽	2	16.260427	n	n:2	0.000000	kyut3coi3:2	0	0.000000				8.130213	false	0.000000	hkcancor	false				false	single_corpus_review	unreviewed	
3870	沈	2	16.260427	nr	nr:2	1.000000	sam2:2	0	0.000000				8.130213	false	0.000000	hkcancor	false				false	proper_name_review	unreviewed	
3871	沙灘	2	16.260427	n	n:2	0.000000	saa1taan1:2	0	0.000000				8.130213	false	0.000000	hkcancor	false				false	single_corpus_review	unreviewed	
3872	沙田中心	2	16.260427	ns	ns:2	1.000000	saa1tin4zung1sam1:2	0	0.000000				8.130213	false	0.000000	hkcancor	false				false	proper_name_review	unreviewed	
3873	沸	2	16.260427	x	x:2	0.000000	fai3:2	0	0.000000				8.130213	false	0.000000	hkcancor	false				false	single_corpus_review	unreviewed	
3874	沸點	2	16.260427	n	n:2	0.000000	fat6dim2:1|fai3dim2:1	0	0.000000				8.130213	false	0.000000	hkcancor	false				false	single_corpus_review	unreviewed	
3875	泄	2	16.260427	Vg	Vg:2	0.000000	sit3:2	0	0.000000				8.130213	false	0.000000	hkcancor	false				false	single_corpus_review	unreviewed	
3876	法官	2	16.260427	n	n:2	0.000000	faat3gun1:2	0	0.000000				8.130213	false	0.000000	hkcancor	true	874	29	faat3gun1	false	single_corpus_review	unreviewed	
3877	泛	2	16.260427	a	a:2	0.000000	faan6:2	0	0.000000				8.130213	false	0.000000	hkcancor	false				false	single_corpus_review	unreviewed	
3878	泡菜	2	16.260427	n	n:2	0.000000	paau3coi3:2	0	0.000000				8.130213	false	0.000000	hkcancor	false				false	single_corpus_review	unreviewed	
3879	注意力	2	16.260427	n	n:2	0.000000	zyu3ji3lik6:2	0	0.000000				8.130213	false	0.000000	hkcancor	false				false	single_corpus_review	unreviewed	
3880	泰國	2	16.260427	ns	ns:2	1.000000	taai3gwok3:2	0	0.000000				8.130213	false	0.000000	hkcancor	false				false	proper_name_review	unreviewed	
3881	洗手間	2	16.260427	n	n:2	0.000000	sai2sau2gaan1:2	0	0.000000				8.130213	false	0.000000	hkcancor	false				false	single_corpus_review	unreviewed	
3882	洶湧	2	16.260427	a	a:2	0.000000	hung1jung2:2	0	0.000000				8.130213	false	0.000000	hkcancor	false				false	single_corpus_review	unreviewed	
3883	活力先生	2	16.260427	nz	nz:2	1.000000	wut6lik6sin1saang1:2	0	0.000000				8.130213	false	0.000000	hkcancor	false				false	proper_name_review	unreviewed	
3884	流口水	2	16.260427	v	v:2	0.000000	lau4hau2seoi2:2	0	0.000000				8.130213	false	0.000000	hkcancor	false				false	single_corpus_review	unreviewed	
3885	浪漫	2	16.260427	a	a:2	0.000000	long6maan6:2	0	0.000000				8.130213	false	0.000000	hkcancor	false				false	single_corpus_review	unreviewed	
3886	浪費	2	16.260427	v	v:2	0.000000	long6fai3:2	0	0.000000				8.130213	false	0.000000	hkcancor	false				false	single_corpus_review	unreviewed	
3887	浮	2	16.260427	v	v:2	0.000000	fau4:2	0	0.000000				8.130213	false	0.000000	hkcancor	false				false	single_corpus_review	unreviewed	
3888	海外	2	16.260427	s	s:2	0.000000	hoi2ngoi6:2	0	0.000000				8.130213	false	0.000000	hkcancor	false				false	single_corpus_review	unreviewed	
3889	海洋公園	2	16.260427	nt	nt:2	1.000000	hoi2joeng4gung1jyun2:2	0	0.000000				8.130213	false	0.000000	hkcancor	false				false	proper_name_review	unreviewed	
3890	海灘	2	16.260427	n	n:2	0.000000	hoi2taan1:2	0	0.000000				8.130213	false	0.000000	hkcancor	false				false	single_corpus_review	unreviewed	
3891	消耗	2	16.260427	v	v:1|vn:1	0.000000	siu1hou3:2	0	0.000000				8.130213	false	0.000000	hkcancor	false				false	single_corpus_review	unreviewed	
3892	消費	2	16.260427	v	v:2	0.000000	siu1fai3:2	0	0.000000				8.130213	false	0.000000	hkcancor	false				false	single_corpus_review	unreviewed	
3893	淒涼	2	16.260427	a	a:2	0.000000	cai1loeng4:2	0	0.000000				8.130213	false	0.000000	hkcancor	false				false	single_corpus_review	unreviewed	
3894	深入	2	16.260427	v	v:2	0.000000	sam1jap6:2	0	0.000000				8.130213	false	0.000000	hkcancor	false				false	single_corpus_review	unreviewed	
3895	深刻	2	16.260427	a	a:2	0.000000	sam1haak1:2	0	0.000000				8.130213	false	0.000000	hkcancor	false				false	single_corpus_review	unreviewed	
3896	深水埗	2	16.260427	ns	ns:2	1.000000	sam1seoi2bou2:2	0	0.000000				8.130213	false	0.000000	hkcancor	false				false	proper_name_review	unreviewed	
3897	深色	2	16.260427	a	a:2	0.000000	sam1sik1:2	0	0.000000				8.130213	false	0.000000	hkcancor	false				false	single_corpus_review	unreviewed	
3898	減價	2	16.260427	v	v:2	0.000000	gaam2gaa3:2	0	0.000000				8.130213	false	0.000000	hkcancor	false				false	single_corpus_review	unreviewed	
3899	減少	2	16.260427	v	v:2	0.000000	gaam2siu2:2	0	0.000000				8.130213	false	0.000000	hkcancor	false				false	single_corpus_review	unreviewed	
3900	港	2	16.260427	x	x:1|jns:1	0.000000	gong2:2	0	0.000000				8.130213	false	0.000000	hkcancor	true	205	167	gong2	false	single_corpus_review	unreviewed	
3901	港幣	2	16.260427	n	n:2	0.000000	gong2bai6:2	0	0.000000				8.130213	false	0.000000	hkcancor	false				false	single_corpus_review	unreviewed	
3902	港紙	2	16.260427	n	n:2	0.000000	gong2zi2:2	0	0.000000				8.130213	false	0.000000	hkcancor	false				false	single_corpus_review	unreviewed	
3903	渲染	2	16.260427	v	v:2	0.000000	hyun1jim5:2	0	0.000000				8.130213	false	0.000000	hkcancor	false				false	single_corpus_review	unreviewed	
3904	湊	2	16.260427	v	v:2	0.000000	cau3:2	0	0.000000				8.130213	false	0.000000	hkcancor	false				false	single_corpus_review	unreviewed	
3905	準時	2	16.260427	a	a:2	0.000000	zeon2si4:2	0	0.000000				8.130213	false	0.000000	hkcancor	false				false	single_corpus_review	unreviewed	
3906	溫度	2	16.260427	n	n:2	0.000000	wan1dou6:2	0	0.000000				8.130213	false	0.000000	hkcancor	false				false	single_corpus_review	unreviewed	
3907	溫書	2	16.260427	v	v:2	0.000000	wan1syu1:2	0	0.000000				8.130213	false	0.000000	hkcancor	false				false	single_corpus_review	unreviewed	
3908	溫柔	2	16.260427	a	a:2	0.000000	wan1jau4:2	0	0.000000				8.130213	false	0.000000	hkcancor	false				false	single_corpus_review	unreviewed	
3909	滿足	2	16.260427	a	a:2	0.000000	mun5zuk1:2	0	0.000000				8.130213	false	0.000000	hkcancor	false				false	single_corpus_review	unreviewed	
3910	滿足感	2	16.260427	n	n:2	0.000000	mun5zuk1gam2:2	0	0.000000				8.130213	false	0.000000	hkcancor	false				false	single_corpus_review	unreviewed	
3911	漓江	2	16.260427	ns	ns:2	1.000000	lei4gong1:2	0	0.000000				8.130213	false	0.000000	hkcancor	false				false	proper_name_review	unreviewed	
3912	演唱會	2	16.260427	n	n:2	0.000000	jin2coeng3wui2:2	0	0.000000				8.130213	false	0.000000	hkcancor	false				false	single_corpus_review	unreviewed	
3913	漢堡包	2	16.260427	n	n:2	0.000000	hon3bou2baau1:2	0	0.000000				8.130213	false	0.000000	hkcancor	false				false	single_corpus_review	unreviewed	
3914	潑	2	16.260427	v	v:2	0.000000	put6:2	0	0.000000				8.130213	false	0.000000	hkcancor	false				false	single_corpus_review	unreviewed	
3915	潔儀	2	16.260427	nr	nr:2	1.000000	git3ji4:2	0	0.000000				8.130213	false	0.000000	hkcancor	false				false	proper_name_review	unreviewed	
3916	潛能	2	16.260427	n	n:2	0.000000	cim4nang4:2	0	0.000000				8.130213	false	0.000000	hkcancor	false				false	single_corpus_review	unreviewed	
3917	澄清	2	16.260427	v	v:2	0.000000	cing4cing1:2	0	0.000000				8.130213	false	0.000000	hkcancor	false				false	single_corpus_review	unreviewed	
3918	激動	2	16.260427	v	v:1|a:1	0.000000	gik1dung6:2	0	0.000000				8.130213	false	0.000000	hkcancor	false				false	single_corpus_review	unreviewed	
3919	濃	2	16.260427	a	a:2	0.000000	nung4:2	0	0.000000				8.130213	false	0.000000	hkcancor	false				false	single_corpus_review	unreviewed	
3920	灣仔	2	16.260427	ns	ns:2	1.000000	waan1zai2:2	0	0.000000				8.130213	false	0.000000	hkcancor	false				false	proper_name_review	unreviewed	
3921	火人	2	16.260427	n	n:2	0.000000	fo2jan4:2	0	0.000000				8.130213	false	0.000000	hkcancor	false				false	single_corpus_review	unreviewed	
3922	火炭	2	16.260427	ns	ns:2	1.000000	fo2taan3:2	0	0.000000				8.130213	false	0.000000	hkcancor	false				false	proper_name_review	unreviewed	
3923	無奈	2	16.260427	a	a:2	0.000000	mou4noi6:2	0	0.000000				8.130213	false	0.000000	hkcancor	false				false	single_corpus_review	unreviewed	
3924	無字頭	2	16.260427	n	n:1|nz:1	0.500000	mou4zi6tau4:2	0	0.000000				8.130213	false	0.000000	hkcancor	false				false	single_corpus_review	unreviewed	
3925	無字頭七八九	2	16.260427	nz	nz:2	1.000000	mou4zi6tau4cat1baat3gau2:2	0	0.000000				8.130213	false	0.000000	hkcancor	false				false	proper_name_review	unreviewed	
3926	無情	2	16.260427	a	a:2	0.000000	mou4cing4:2	0	0.000000				8.130213	false	0.000000	hkcancor	false				false	single_corpus_review	unreviewed	
3927	無論	2	16.260427	c	c:2	0.000000	mou4leon6:2	0	0.000000				8.130213	false	0.000000	hkcancor	true	830	31	mou4leon6	false	single_corpus_review	unreviewed	
3928	煲老藕	2	16.260427	l	l:2	0.000000	bou1lou5ngau5:2	0	0.000000				8.130213	false	0.000000	hkcancor	false				false	single_corpus_review	unreviewed	
3929	熊貓	2	16.260427	n	n:2	0.000000	hung4maau1:2	0	0.000000				8.130213	false	0.000000	hkcancor	false				false	single_corpus_review	unreviewed	
3930	熱情	2	16.260427	a	a:2	0.000000	jit6cing4:2	0	0.000000				8.130213	false	0.000000	hkcancor	false				false	single_corpus_review	unreviewed	
3931	熱氣	2	16.260427	n	n:2	0.000000	jit6hei3:2	0	0.000000				8.130213	false	0.000000	hkcancor	false				false	single_corpus_review	unreviewed	
3932	熱烈	2	16.260427	a	a:2	0.000000	jit6lit6:2	0	0.000000				8.130213	false	0.000000	hkcancor	false				false	single_corpus_review	unreviewed	
3933	燒	2	16.260427	v	v:2	0.000000	siu1:2	0	0.000000				8.130213	false	0.000000	hkcancor	true	1723	12	siu1	false	single_corpus_review	unreviewed	
3934	燒烤	2	16.260427	v	v:2	0.000000	siu1haau1:2	0	0.000000				8.130213	false	0.000000	hkcancor	false				false	single_corpus_review	unreviewed	
3935	燒臘	2	16.260427	n	n:2	0.000000	siu1laap6:2	0	0.000000				8.130213	false	0.000000	hkcancor	false				false	single_corpus_review	unreviewed	
3936	燦森	2	16.260427	nr	nr:2	1.000000	caan3sam1:2	0	0.000000				8.130213	false	0.000000	hkcancor	false				false	proper_name_review	unreviewed	
3937	爆	2	16.260427	v	v:2	0.000000	baau3:2	0	0.000000				8.130213	false	0.000000	hkcancor	false				false	single_corpus_review	unreviewed	
3938	爆冷	2	16.260427	v	v:2	0.000000	baau3laang5:2	0	0.000000				8.130213	false	0.000000	hkcancor	false				false	single_corpus_review	unreviewed	
3939	爭啲啲	2	16.260427	z	z:2	0.000000	zaang1di1di1:2	0	0.000000				8.130213	false	0.000000	hkcancor	false				false	single_corpus_review	unreviewed	
3940	爭在	2	16.260427	v	v:2	0.000000	zaang1zoi6:2	0	0.000000				8.130213	false	0.000000	hkcancor	false				false	single_corpus_review	unreviewed	
3941	父母	2	16.260427	n	n:2	0.000000	fu6mou5:2	0	0.000000				8.130213	false	0.000000	hkcancor	false				false	single_corpus_review	unreviewed	
3942	牛仔褲	2	16.260427	n	n:2	0.000000	ngau4zai2fu3:2	0	0.000000				8.130213	false	0.000000	hkcancor	false				false	single_corpus_review	unreviewed	
3943	牛鬼蛇神	2	16.260427	n	n:2	0.000000	ngau4gwai2se4san4:2	0	0.000000				8.130213	false	0.000000	hkcancor	false				false	single_corpus_review	unreviewed	
3944	物業稅	2	16.260427	n	n:2	0.000000	mat6jip6seoi3:2	0	0.000000				8.130213	false	0.000000	hkcancor	false				false	single_corpus_review	unreviewed	
3945	物理治療	2	16.260427	n	n:2	0.000000	mat6lei5zi6liu4:2	0	0.000000				8.130213	false	0.000000	hkcancor	false				false	single_corpus_review	unreviewed	
3946	特異	2	16.260427	a	a:2	0.000000	dak6ji6:2	0	0.000000				8.130213	false	0.000000	hkcancor	false				false	single_corpus_review	unreviewed	
3947	犀	2	16.260427	g2	g2:2	0.000000	sai1:2	0	0.000000				8.130213	false	0.000000	hkcancor	false				false	single_corpus_review	unreviewed	
3948	犯	2	16.260427	g1	g1:1|v:1	0.000000	faan6:2	0	0.000000				8.130213	false	0.000000	hkcancor	true	1562	13	faan6	false	single_corpus_review	unreviewed	
3949	犯案	2	16.260427	v	v:2	0.000000	faan6on3:2	0	0.000000				8.130213	false	0.000000	hkcancor	false				false	single_corpus_review	unreviewed	
3950	獅哮記	2	16.260427	nz	nz:2	1.000000	si1haau1gei3:2	0	0.000000				8.130213	false	0.000000	hkcancor	false				false	proper_name_review	unreviewed	
3951	獎學金	2	16.260427	n	n:2	0.000000	zoeng2hok6gam1:2	0	0.000000				8.130213	false	0.000000	hkcancor	false				false	single_corpus_review	unreviewed	
3952	獨立	2	16.260427	a	a:1|v:1	0.000000	duk6laap6:2	0	0.000000				8.130213	false	0.000000	hkcancor	false				false	single_corpus_review	unreviewed	
3953	玻璃	2	16.260427	n	n:2	0.000000	bo1lei1:2	0	0.000000				8.130213	false	0.000000	hkcancor	false				false	single_corpus_review	unreviewed	
3954	珍惜	2	16.260427	v	v:2	0.000000	zan1sik1:2	0	0.000000				8.130213	false	0.000000	hkcancor	true	1677	12	zan1sik1	false	single_corpus_review	unreviewed	
3955	理性	2	16.260427	n	n:1|a:1	0.000000	lei5sing3:2	0	0.000000				8.130213	false	0.000000	hkcancor	false				false	single_corpus_review	unreviewed	
3956	理科	2	16.260427	n	n:2	0.000000	lei5fo1:2	0	0.000000				8.130213	false	0.000000	hkcancor	false				false	single_corpus_review	unreviewed	
3957	瑞士	2	16.260427	ns	ns:2	1.000000	seoi6si6:2	0	0.000000				8.130213	false	0.000000	hkcancor	false				false	proper_name_review	unreviewed	
3958	瓊	2	16.260427	v	v:2	0.000000	king4:2	0	0.000000				8.130213	false	0.000000	hkcancor	false				false	single_corpus_review	unreviewed	
3959	瓜	2	16.260427	v	v:1|a:1	0.000000	gwaa1:2	0	0.000000				8.130213	false	0.000000	hkcancor	false				false	single_corpus_review	unreviewed	
3960	瓷器	2	16.260427	n	n:2	0.000000	ci4hei3:2	0	0.000000				8.130213	false	0.000000	hkcancor	false				false	single_corpus_review	unreviewed	
3961	生約	2	16.260427	n	n:2	0.000000	saang1joek3:2	0	0.000000				8.130213	false	0.000000	hkcancor	false				false	single_corpus_review	unreviewed	
3962	產生	2	16.260427	v	v:2	0.000000	caan2sang1:2	0	0.000000				8.130213	false	0.000000	hkcancor	false				false	single_corpus_review	unreviewed	
3963	畢	2	16.260427	v	v:2	0.000000	bat1:2	0	0.000000				8.130213	false	0.000000	hkcancor	false				false	single_corpus_review	unreviewed	
3964	番禺	2	16.260427	ns	ns:2	1.000000	pun1jyu4:2	0	0.000000				8.130213	false	0.000000	hkcancor	false				false	proper_name_review	unreviewed	
3965	畫面	2	16.260427	n	n:2	0.000000	waa2min2:2	0	0.000000				8.130213	false	0.000000	hkcancor	false				false	single_corpus_review	unreviewed	
3966	疊馬	2	16.260427	a	a:2	0.000000	daap6maa5:2	0	0.000000				8.130213	false	0.000000	hkcancor	false				false	single_corpus_review	unreviewed	
3967	癮	2	16.260427	n	n:2	0.000000	jan5:2	0	0.000000				8.130213	false	0.000000	hkcancor	false				false	single_corpus_review	unreviewed	
3968	白白淨淨	2	16.260427	z	z:2	0.000000	baak6baak6zeng6zeng6:2	0	0.000000				8.130213	false	0.000000	hkcancor	false				false	single_corpus_review	unreviewed	
3969	百幾	2	16.260427	m	m:2	0.000000	baak3gei2:2	0	0.000000				8.130213	false	0.000000	hkcancor	false				false	single_corpus_review	unreviewed	
3970	百慕達	2	16.260427	ns	ns:2	1.000000	baak3mou6daat6:2	0	0.000000				8.130213	false	0.000000	hkcancor	false				false	proper_name_review	unreviewed	
3971	的士	2	16.260427	n	n:2	0.000000	dik1si2:2	0	0.000000				8.130213	false	0.000000	hkcancor	false				false	single_corpus_review	unreviewed	
3972	益智	2	16.260427	a	a:2	0.000000	jik1zi3:2	0	0.000000				8.130213	false	0.000000	hkcancor	false				false	single_corpus_review	unreviewed	
3973	盲	2	16.260427	a	a:2	0.000000	maang4:2	0	0.000000				8.130213	false	0.000000	hkcancor	false				false	single_corpus_review	unreviewed	
3974	直版	2	16.260427	n	n:2	0.000000	zik6ban2:2	0	0.000000				8.130213	false	0.000000	hkcancor	false				false	single_corpus_review	unreviewed	
3975	相似	2	16.260427	v	v:2	0.000000	soeng1ci5:2	0	0.000000				8.130213	false	0.000000	hkcancor	false				false	single_corpus_review	unreviewed	
3976	相同	2	16.260427	v	v:2	0.000000	soeng1tung4:2	0	0.000000				8.130213	false	0.000000	hkcancor	false				false	single_corpus_review	unreviewed	
3977	相思	2	16.260427	nz	nz:1|v:1	0.500000	soeng1si1:2	0	0.000000				8.130213	false	0.000000	hkcancor	false				false	single_corpus_review	unreviewed	
3978	真實	2	16.260427	a	a:2	0.000000	zan1sat6:2	0	0.000000				8.130213	false	0.000000	hkcancor	false				false	single_corpus_review	unreviewed	
3979	真情	2	16.260427	nz	nz:2	1.000000	zan1cing4:2	0	0.000000				8.130213	false	0.000000	hkcancor	false				false	proper_name_review	unreviewed	
3980	真正	2	16.260427	a	a:2	0.000000	zan1zing3:2	0	0.000000				8.130213	false	0.000000	hkcancor	true	986	25	zan1zing3	false	single_corpus_review	unreviewed	
3981	眼水	2	16.260427	n	n:2	0.000000	ngaan5sui2:2	0	0.000000				8.130213	false	0.000000	hkcancor	false				false	single_corpus_review	unreviewed	
3982	眼瞓	2	16.260427	a	a:2	0.000000	ngaan5fan3:2	0	0.000000				8.130213	false	0.000000	hkcancor	false				false	single_corpus_review	unreviewed	
3983	着數	2	16.260427	a	a:2	0.000000	zoek6sou3:2	0	0.000000				8.130213	false	0.000000	hkcancor	false				false	single_corpus_review	unreviewed	
3984	睇法	2	16.260427	n	n:2	0.000000	tai2faat3:2	0	0.000000				8.130213	false	0.000000	hkcancor	true	1059	23	*tai2faat3	false	single_corpus_review	unreviewed	
3985	睇睇	2	16.260427	v	v:2	0.000000	tai2tai2:2	0	0.000000				8.130213	false	0.000000	hkcancor	false				false	single_corpus_review	unreviewed	
3986	睇見	2	16.260427	v	v:2	0.000000	tai2gin3:2	0	0.000000				8.130213	false	0.000000	hkcancor	false				false	single_corpus_review	unreviewed	
3987	短線團	2	16.260427	n	n:2	0.000000	dyun2sin3tyun4:2	0	0.000000				8.130213	false	0.000000	hkcancor	false				false	single_corpus_review	unreviewed	
3988	石塘咀	2	16.260427	ns	ns:2	1.000000	sek6tong4zeoi2:2	0	0.000000				8.130213	false	0.000000	hkcancor	false				false	proper_name_review	unreviewed	
3989	破	2	16.260427	v	v:2	0.000000	po3:2	0	0.000000				8.130213	false	0.000000	hkcancor	false				false	single_corpus_review	unreviewed	
3990	破壞	2	16.260427	v	v:2	0.000000	po3waai6:2	0	0.000000				8.130213	false	0.000000	hkcancor	true	1688	12	po3waai6	false	single_corpus_review	unreviewed	
3991	破費	2	16.260427	v	v:2	0.000000	po3fai3:2	0	0.000000				8.130213	false	0.000000	hkcancor	false				false	single_corpus_review	unreviewed	
3992	碧慧	2	16.260427	nr	nr:2	1.000000	bik1wai6:2	0	0.000000				8.130213	false	0.000000	hkcancor	false				false	proper_name_review	unreviewed	
3993	確據	2	16.260427	n	n:2	0.000000	kok3geoi3:2	0	0.000000				8.130213	false	0.000000	hkcancor	false				false	single_corpus_review	unreviewed	
3994	碼子	2	16.260427	n	n:2	0.000000	maa5zi2:2	0	0.000000				8.130213	false	0.000000	hkcancor	false				false	single_corpus_review	unreviewed	
3995	磁場	2	16.260427	n	n:2	0.000000	ci4coeng4:2	0	0.000000				8.130213	false	0.000000	hkcancor	false				false	single_corpus_review	unreviewed	
3996	磁頭	2	16.260427	n	n:2	0.000000	ci4tau2:2	0	0.000000				8.130213	false	0.000000	hkcancor	false				false	single_corpus_review	unreviewed	
3997	磨碌	2	16.260427	n	n:2	0.000000	mo6luk1:2	0	0.000000				8.130213	false	0.000000	hkcancor	false				false	single_corpus_review	unreviewed	
3998	福	2	16.260427	n	n:2	0.000000	fuk1:2	0	0.000000				8.130213	false	0.000000	hkcancor	false				false	single_corpus_review	unreviewed	
3999	禮拜五	2	16.260427	t	t:2	0.000000	lai5baai3ng5:2	0	0.000000				8.130213	false	0.000000	hkcancor	false				false	single_corpus_review	unreviewed	
4000	禮禮	2	16.260427	nr	nr:2	1.000000	lai5lai5:2	0	0.000000				8.130213	false	0.000000	hkcancor	false				false	proper_name_review	unreviewed	
4001	秀文	2	16.260427	nr	nr:2	1.000000	sau3man4:2	0	0.000000				8.130213	false	0.000000	hkcancor	false				false	proper_name_review	unreviewed	
4002	科目	2	16.260427	n	n:2	0.000000	fo1muk6:2	0	0.000000				8.130213	false	0.000000	hkcancor	false				false	single_corpus_review	unreviewed	
4003	稅收	2	16.260427	n	n:2	0.000000	seoi3sau1:2	0	0.000000				8.130213	false	0.000000	hkcancor	false				false	single_corpus_review	unreviewed	
4004	程序	2	16.260427	n	n:2	0.000000	cing4zeoi6:2	0	0.000000				8.130213	false	0.000000	hkcancor	false				false	single_corpus_review	unreviewed	
4005	種類	2	16.260427	n	n:2	0.000000	zung2leoi6:2	0	0.000000				8.130213	false	0.000000	hkcancor	false				false	single_corpus_review	unreviewed	
4006	笑料	2	16.260427	n	n:2	0.000000	siu3liu2:2	0	0.000000				8.130213	false	0.000000	hkcancor	false				false	single_corpus_review	unreviewed	
4007	符	2	16.260427	n	n:2	0.000000	fu4:2	0	0.000000				8.130213	false	0.000000	hkcancor	false				false	single_corpus_review	unreviewed	
4008	符符碌碌	2	16.260427	z	z:2	0.000000	fu6fu6luk1luk1:2	0	0.000000				8.130213	false	0.000000	hkcancor	false				false	single_corpus_review	unreviewed	
4009	答覆	2	16.260427	v	v:2	0.000000	daap3fuk1:2	0	0.000000				8.130213	false	0.000000	hkcancor	false				false	single_corpus_review	unreviewed	
4010	管理	2	16.260427	n	n:1|v:1	0.000000	gun2lei5:2	0	0.000000				8.130213	false	0.000000	hkcancor	false				false	single_corpus_review	unreviewed	
4011	範	2	16.260427	q	q:2	0.000000	faan6:2	0	0.000000				8.130213	false	0.000000	hkcancor	false				false	single_corpus_review	unreviewed	
4012	簡直	2	16.260427	d	d:2	0.000000	gaan2zik6:2	0	0.000000				8.130213	false	0.000000	hkcancor	false				false	single_corpus_review	unreviewed	
4013	簽約	2	16.260427	v	v:1|n:1	0.000000	cim1joek3:2	0	0.000000				8.130213	false	0.000000	hkcancor	false				false	single_corpus_review	unreviewed	
4014	粉	2	16.260427	n	n:2	0.000000	fan2:2	0	0.000000				8.130213	false	0.000000	hkcancor	true	1794	11	fan2	false	single_corpus_review	unreviewed	
4015	粉嶺	2	16.260427	ns	ns:2	1.000000	fan2leng5:2	0	0.000000				8.130213	false	0.000000	hkcancor	false				false	proper_name_review	unreviewed	
4016	系	2	16.260427	n	n:2	0.000000	hai6:2	0	0.000000				8.130213	false	0.000000	hkcancor	false				false	single_corpus_review	unreviewed	
4017	紅白機	2	16.260427	nz	nz:2	1.000000	hung4baak6gei1:2	0	0.000000				8.130213	false	0.000000	hkcancor	false				false	proper_name_review	unreviewed	
4018	級數	2	16.260427	n	n:2	0.000000	kap1sou3:2	0	0.000000				8.130213	false	0.000000	hkcancor	false				false	single_corpus_review	unreviewed	
4019	細緻	2	16.260427	a	a:2	0.000000	sai3zi3:2	0	0.000000				8.130213	false	0.000000	hkcancor	false				false	single_corpus_review	unreviewed	
4020	細路哥	2	16.260427	n	n:2	0.000000	sai3lou6go1:2	0	0.000000				8.130213	false	0.000000	hkcancor	false				false	single_corpus_review	unreviewed	
4021	組	2	16.260427	q	q:2	0.000000	zou2:2	0	0.000000				8.130213	false	0.000000	hkcancor	false				false	single_corpus_review	unreviewed	
4022	組織	2	16.260427	v	v:1|n:1	0.000000	zou2zik1:2	0	0.000000				8.130213	false	0.000000	hkcancor	false				false	single_corpus_review	unreviewed	
4023	絕招	2	16.260427	n	n:2	0.000000	zyut6ziu1:2	0	0.000000				8.130213	false	0.000000	hkcancor	false				false	single_corpus_review	unreviewed	
4024	經文	2	16.260427	n	n:2	0.000000	ging1man4:2	0	0.000000				8.130213	false	0.000000	hkcancor	false				false	single_corpus_review	unreviewed	
4025	經理	2	16.260427	n	n:2	0.000000	ging1lei5:2	0	0.000000				8.130213	false	0.000000	hkcancor	false				false	single_corpus_review	unreviewed	
4026	綠	2	16.260427	a	a:2	0.000000	luk6:1|luk2:1	0	0.000000				8.130213	false	0.000000	hkcancor	false				false	single_corpus_review	unreviewed	
4027	網絡	2	16.260427	n	n:2	0.000000	mong5lok6:2	0	0.000000				8.130213	false	0.000000	hkcancor	true	1023	24	mong5lok3	false	single_corpus_review	unreviewed	
4028	編劇	2	16.260427	n	n:2	0.000000	pin1kek6:2	0	0.000000				8.130213	false	0.000000	hkcancor	false				false	single_corpus_review	unreviewed	
4029	繁忙	2	16.260427	a	a:2	0.000000	faan4mong4:2	0	0.000000				8.130213	false	0.000000	hkcancor	false				false	single_corpus_review	unreviewed	
4030	繁殖	2	16.260427	v	v:2	0.000000	faan4zik6:2	0	0.000000				8.130213	false	0.000000	hkcancor	false				false	single_corpus_review	unreviewed	
4031	羅馬	2	16.260427	ns	ns:2	1.000000	lo4maa5:2	0	0.000000				8.130213	false	0.000000	hkcancor	false				false	proper_name_review	unreviewed	
4032	羅馬書	2	16.260427	nz	nz:2	1.000000	lo4maa5syu1:2	0	0.000000				8.130213	false	0.000000	hkcancor	false				false	proper_name_review	unreviewed	
4033	美容	2	16.260427	n	n:2	0.000000	mei5jung4:2	0	0.000000				8.130213	false	0.000000	hkcancor	false				false	single_corpus_review	unreviewed	
4034	美芳	2	16.260427	nr	nr:2	1.000000	mei5fong1:2	0	0.000000				8.130213	false	0.000000	hkcancor	false				false	proper_name_review	unreviewed	
4035	美金	2	16.260427	n	n:2	0.000000	mei5gam1:2	0	0.000000				8.130213	false	0.000000	hkcancor	false				false	single_corpus_review	unreviewed	
4036	羚	2	16.260427	nr	nr:2	1.000000	ling4:2	0	0.000000				8.130213	false	0.000000	hkcancor	false				false	proper_name_review	unreviewed	
4037	義不容情	2	16.260427	nz	nz:2	1.000000	ji6bat1jung4cing4:2	0	0.000000				8.130213	false	0.000000	hkcancor	false				false	proper_name_review	unreviewed	
4038	羽絨	2	16.260427	n	n:2	0.000000	jyu5jung2:2	0	0.000000				8.130213	false	0.000000	hkcancor	false				false	single_corpus_review	unreviewed	
4039	羽絨衫	2	16.260427	n	n:2	0.000000	jyu5jung2saam1:2	0	0.000000				8.130213	false	0.000000	hkcancor	false				false	single_corpus_review	unreviewed	
4040	翠茵	2	16.260427	nr	nr:2	1.000000	ceoi3jan1:2	0	0.000000				8.130213	false	0.000000	hkcancor	false				false	proper_name_review	unreviewed	
4041	翻	2	16.260427	Ng	Ng:1|v:1	0.000000	faan1:2	0	0.000000				8.130213	false	0.000000	hkcancor	false				false	single_corpus_review	unreviewed	
4042	老友	2	16.260427	n	n:2	0.000000	lou5jau5:2	0	0.000000				8.130213	false	0.000000	hkcancor	false				false	single_corpus_review	unreviewed	
4043	老土	2	16.260427	a	a:2	0.000000	lou5tou2:2	0	0.000000				8.130213	false	0.000000	hkcancor	false				false	single_corpus_review	unreviewed	
4044	老婆婆	2	16.260427	n	n:2	0.000000	lou5po4po4:1|lou5po4po2:1	0	0.000000				8.130213	false	0.000000	hkcancor	false				false	single_corpus_review	unreviewed	
4045	老掏古	2	16.260427	l	l:2	0.000000	lou5tou4gu2:2	0	0.000000				8.130213	false	0.000000	hkcancor	false				false	single_corpus_review	unreviewed	
4046	老母	2	16.260427	n	n:2	0.000000	lou5mou2:2	0	0.000000				8.130213	false	0.000000	hkcancor	false				false	single_corpus_review	unreviewed	
4047	老竇	2	16.260427	n	n:2	0.000000	lou5dau6:2	0	0.000000				8.130213	false	0.000000	hkcancor	false				false	single_corpus_review	unreviewed	
4048	老老實實	2	16.260427	z	z:2	0.000000	lou5lou5sat6sat6:2	0	0.000000				8.130213	false	0.000000	hkcancor	false				false	single_corpus_review	unreviewed	
4049	耐力	2	16.260427	n	n:2	0.000000	noi6lik6:2	0	0.000000				8.130213	false	0.000000	hkcancor	false				false	single_corpus_review	unreviewed	
4050	職員	2	16.260427	n	n:2	0.000000	zik1jyun4:2	0	0.000000				8.130213	false	0.000000	hkcancor	false				false	single_corpus_review	unreviewed	
4051	聽電話	2	16.260427	v	v:2	0.000000	teng1din6waa2:2	0	0.000000				8.130213	false	0.000000	hkcancor	false				false	single_corpus_review	unreviewed	
4052	肚	2	16.260427	n	n:2	0.000000	tou5:2	0	0.000000				8.130213	false	0.000000	hkcancor	false				false	single_corpus_review	unreviewed	
4053	肚痛	2	16.260427	n	n:2	0.000000	tou5tung3:2	0	0.000000				8.130213	false	0.000000	hkcancor	false				false	single_corpus_review	unreviewed	
4054	肚餓	2	16.260427	v	v:2	0.000000	tou5ngo6:2	0	0.000000				8.130213	false	0.000000	hkcancor	false				false	single_corpus_review	unreviewed	
4055	股份	2	16.260427	n	n:2	0.000000	gu2fan2:2	0	0.000000				8.130213	false	0.000000	hkcancor	true	1674	12	gu2fan2	false	single_corpus_review	unreviewed	
4056	肥屍大隻	2	16.260427	l	l:2	0.000000	fei4si1daai6zek3:2	0	0.000000				8.130213	false	0.000000	hkcancor	false				false	single_corpus_review	unreviewed	
4057	肥貓	2	16.260427	nr	nr:2	1.000000	fei4maau1:2	0	0.000000				8.130213	false	0.000000	hkcancor	false				false	proper_name_review	unreviewed	
4058	胃痛	2	16.260427	v	v:2	0.000000	wai6tung3:2	0	0.000000				8.130213	false	0.000000	hkcancor	false				false	single_corpus_review	unreviewed	
4059	背景	2	16.260427	n	n:2	0.000000	bui3ging2:2	0	0.000000				8.130213	false	0.000000	hkcancor	false				false	single_corpus_review	unreviewed	
4060	胭脂	2	16.260427	n	n:2	0.000000	jin1zi1:2	0	0.000000				8.130213	false	0.000000	hkcancor	false				false	single_corpus_review	unreviewed	
4061	能	2	16.260427	vu	vu:1|Vug:1	0.000000	nang4:2	0	0.000000				8.130213	false	0.000000	hkcancor	true	1596	13	nang4	false	single_corpus_review	unreviewed	
4062	脆	2	16.260427	a	a:2	0.000000	ceoi3:2	0	0.000000				8.130213	false	0.000000	hkcancor	false				false	single_corpus_review	unreviewed	
4063	脾氣	2	16.260427	n	n:2	0.000000	pei4hei3:2	0	0.000000				8.130213	false	0.000000	hkcancor	false				false	single_corpus_review	unreviewed	
4064	腍	2	16.260427	a	a:2	0.000000	nam4:2	0	0.000000				8.130213	false	0.000000	hkcancor	false				false	single_corpus_review	unreviewed	
4065	腫	2	16.260427	a	a:1|v:1	0.000000	zung2:2	0	0.000000				8.130213	false	0.000000	hkcancor	false				false	single_corpus_review	unreviewed	
4066	腰力	2	16.260427	n	n:2	0.000000	jiu1lik6:2	0	0.000000				8.130213	false	0.000000	hkcancor	false				false	single_corpus_review	unreviewed	
4067	膠布	2	16.260427	n	n:2	0.000000	gaau1bou3:2	0	0.000000				8.130213	false	0.000000	hkcancor	false				false	single_corpus_review	unreviewed	
4068	臨走	2	16.260427	n	n:1|v:1	0.000000	lam4zau2:2	0	0.000000				8.130213	false	0.000000	hkcancor	false				false	single_corpus_review	unreviewed	
4069	自傳	2	16.260427	n	n:2	0.000000	zi6zyun2:2	0	0.000000				8.130213	false	0.000000	hkcancor	false				false	single_corpus_review	unreviewed	
4070	自己人	2	16.260427	n	n:2	0.000000	zi6gei2jan4:2	0	0.000000				8.130213	false	0.000000	hkcancor	false				false	single_corpus_review	unreviewed	
4071	自我	2	16.260427	a	a:1|r:1	0.000000	zi6ngo5:2	0	0.000000				8.130213	false	0.000000	hkcancor	false				false	single_corpus_review	unreviewed	
4072	臭	2	16.260427	a	a:2	0.000000	cau3:2	0	0.000000				8.130213	false	0.000000	hkcancor	false				false	single_corpus_review	unreviewed	
4073	至少	2	16.260427	d	d:2	0.000000	zi3siu2:2	0	0.000000				8.130213	false	0.000000	hkcancor	false				false	single_corpus_review	unreviewed	
4074	芝士	2	16.260427	n	n:2	0.000000	zi1si2:2	0	0.000000				8.130213	false	0.000000	hkcancor	false				false	single_corpus_review	unreviewed	
4075	花名	2	16.260427	n	n:2	0.000000	faa1meng2:2	0	0.000000				8.130213	false	0.000000	hkcancor	false				false	single_corpus_review	unreviewed	
4076	苦	2	16.260427	a	a:2	0.000000	fu2:2	0	0.000000				8.130213	false	0.000000	hkcancor	false				false	single_corpus_review	unreviewed	
4077	茜嘉	2	16.260427	nr	nr:2	1.000000	sai1gaa1:2	0	0.000000				8.130213	false	0.000000	hkcancor	false				false	proper_name_review	unreviewed	
4078	荔枝	2	16.260427	n	n:2	0.000000	lai6zi1:2	0	0.000000				8.130213	false	0.000000	hkcancor	false				false	single_corpus_review	unreviewed	
4079	荷李活	2	16.260427	ns	ns:2	1.000000	ho4lei5wut6:2	0	0.000000				8.130213	false	0.000000	hkcancor	false				false	proper_name_review	unreviewed	
4080	莫講話	2	16.260427	d	d:1|l:1	0.000000	mok6gong2waa6:2	0	0.000000				8.130213	false	0.000000	hkcancor	false				false	single_corpus_review	unreviewed	
4081	華人	2	16.260427	n	n:2	0.000000	waa4jan4:2	0	0.000000				8.130213	false	0.000000	hkcancor	false				false	single_corpus_review	unreviewed	
4082	萬五	2	16.260427	m	m:2	0.000000	maan6ng5:2	0	0.000000				8.130213	false	0.000000	hkcancor	false				false	single_corpus_review	unreviewed	
4083	萬八	2	16.260427	m	m:2	0.000000	maan6baat3:2	0	0.000000				8.130213	false	0.000000	hkcancor	false				false	single_corpus_review	unreviewed	
4084	著衫	2	16.260427	v	v:2	0.000000	zoek3saam1:2	0	0.000000				8.130213	false	0.000000	hkcancor	false				false	single_corpus_review	unreviewed	
4085	葵涌	2	16.260427	ns	ns:2	1.000000	kwai4cung1:2	0	0.000000				8.130213	false	0.000000	hkcancor	false				false	proper_name_review	unreviewed	
4086	葵芳	2	16.260427	ns	ns:2	1.000000	kwai4fong1:2	0	0.000000				8.130213	false	0.000000	hkcancor	false				false	proper_name_review	unreviewed	
4087	蒲	2	16.260427	v	v:2	0.000000	pou4:2	0	0.000000				8.130213	false	0.000000	hkcancor	false				false	single_corpus_review	unreviewed	
4088	蓬勃	2	16.260427	a	a:2	0.000000	fung4but6:2	0	0.000000				8.130213	false	0.000000	hkcancor	false				false	single_corpus_review	unreviewed	
4089	蕩失	2	16.260427	v	v:2	0.000000	dong6sat1:2	0	0.000000				8.130213	false	0.000000	hkcancor	false				false	single_corpus_review	unreviewed	
4090	薄	2	16.260427	a	a:2	0.000000	bok6:2	0	0.000000				8.130213	false	0.000000	hkcancor	false				false	single_corpus_review	unreviewed	
4091	藝術	2	16.260427	n	n:2	0.000000	ngai6seot6:2	0	0.000000				8.130213	false	0.000000	hkcancor	false				false	single_corpus_review	unreviewed	
4092	處境	2	16.260427	n	n:2	0.000000	cyu5ging2:2	0	0.000000				8.130213	false	0.000000	hkcancor	false				false	single_corpus_review	unreviewed	
4093	號碼	2	16.260427	n	n:2	0.000000	hou6maa5:2	0	0.000000				8.130213	false	0.000000	hkcancor	false				false	single_corpus_review	unreviewed	
4094	蛇蛇豬	2	16.260427	jn	jn:2	0.000000	se4se4zyu1:2	0	0.000000				8.130213	false	0.000000	hkcancor	false				false	single_corpus_review	unreviewed	
4095	蜢	2	16.260427	n	n:2	0.000000	maang2:2	0	0.000000				8.130213	false	0.000000	hkcancor	false				false	single_corpus_review	unreviewed	
4096	蝙蝠	2	16.260427	n	n:2	0.000000	pin1fuk1:2	0	0.000000				8.130213	false	0.000000	hkcancor	false				false	single_corpus_review	unreviewed	
4097	蠶蟲	2	16.260427	n	n:2	0.000000	caam4cung2:2	0	0.000000				8.130213	false	0.000000	hkcancor	false				false	single_corpus_review	unreviewed	
4098	行政	2	16.260427	n	n:2	0.000000	hang4zing3:2	0	0.000000				8.130213	false	0.000000	hkcancor	false				false	single_corpus_review	unreviewed	
4099	街坊	2	16.260427	n	n:2	0.000000	gaai1fong1:2	0	0.000000				8.130213	false	0.000000	hkcancor	false				false	single_corpus_review	unreviewed	
4100	衛生	2	16.260427	a	a:2	0.000000	wai6sang1:2	0	0.000000				8.130213	false	0.000000	hkcancor	false				false	single_corpus_review	unreviewed	
4101	衡量	2	16.260427	v	v:2	0.000000	hang4loeng6:2	0	0.000000				8.130213	false	0.000000	hkcancor	false				false	single_corpus_review	unreviewed	
4102	衣櫃	2	16.260427	n	n:2	0.000000	ji1gwai6:2	0	0.000000				8.130213	false	0.000000	hkcancor	false				false	single_corpus_review	unreviewed	
4103	表姐	2	16.260427	n	n:2	0.000000	biu2ze2:2	0	0.000000				8.130213	false	0.000000	hkcancor	false				false	single_corpus_review	unreviewed	
4104	被迫	2	16.260427	v	v:2	0.000000	bei6bik1:2	0	0.000000				8.130213	false	0.000000	hkcancor	false				false	single_corpus_review	unreviewed	
4105	裏便	2	16.260427	f	f:2	0.000000	leoi5bin6:2	0	0.000000				8.130213	false	0.000000	hkcancor	false				false	single_corpus_review	unreviewed	
4106	裙腳仔	2	16.260427	l	l:2	0.000000	kwan4goek3zai2:2	0	0.000000				8.130213	false	0.000000	hkcancor	false				false	single_corpus_review	unreviewed	
4107	製作人	2	16.260427	n	n:2	0.000000	zai3zok3jan4:2	0	0.000000				8.130213	false	0.000000	hkcancor	false				false	single_corpus_review	unreviewed	
4108	製成	2	16.260427	v	v:2	0.000000	zai3sing4:2	0	0.000000				8.130213	false	0.000000	hkcancor	false				false	single_corpus_review	unreviewed	
4109	襯	2	16.260427	v	v:1|a:1	0.000000	can3:2	0	0.000000				8.130213	false	0.000000	hkcancor	false				false	single_corpus_review	unreviewed	
4110	西瓜	2	16.260427	n	n:2	0.000000	sai1gwaa1:2	0	0.000000				8.130213	false	0.000000	hkcancor	false				false	single_corpus_review	unreviewed	
4111	西蘭花	2	16.260427	n	n:2	0.000000	sai1laan4faa1:2	0	0.000000				8.130213	false	0.000000	hkcancor	false				false	single_corpus_review	unreviewed	
4112	西褲	2	16.260427	n	n:2	0.000000	sai1fu3:2	0	0.000000				8.130213	false	0.000000	hkcancor	false				false	single_corpus_review	unreviewed	
4113	視乎	2	16.260427	v	v:2	0.000000	si6fu4:2	0	0.000000				8.130213	false	0.000000	hkcancor	false				false	single_corpus_review	unreviewed	
4114	覮	2	16.260427	v	v:2	0.000000	jing4:2	0	0.000000				8.130213	false	0.000000	hkcancor	false				false	single_corpus_review	unreviewed	
4115	觀	2	16.260427	v	v:2	0.000000	gun1:2	0	0.000000				8.130213	false	0.000000	hkcancor	false				false	single_corpus_review	unreviewed	
4116	觸覺	2	16.260427	n	n:2	0.000000	zuk1gok3:2	0	0.000000				8.130213	false	0.000000	hkcancor	false				false	single_corpus_review	unreviewed	
4117	訂婚	2	16.260427	v	v:2	0.000000	ding6fan1:2	0	0.000000				8.130213	false	0.000000	hkcancor	false				false	single_corpus_review	unreviewed	
4118	計仔	2	16.260427	n	n:2	0.000000	gai2zai2:2	0	0.000000				8.130213	false	0.000000	hkcancor	false				false	single_corpus_review	unreviewed	
4119	計劃	2	16.260427	n	n:1|v:1	0.000000	gai3waak6:2	0	0.000000				8.130213	false	0.000000	hkcancor	true	1305	17	gai3waak6	false	single_corpus_review	unreviewed	
4120	詛咒	2	16.260427	v	v:2	0.000000	zeoi2zau3:2	0	0.000000				8.130213	false	0.000000	hkcancor	false				false	single_corpus_review	unreviewed	
4121	試題	2	16.260427	n	n:2	0.000000	si5tai4:2	0	0.000000				8.130213	false	0.000000	hkcancor	false				false	single_corpus_review	unreviewed	
4122	詳情	2	16.260427	n	n:2	0.000000	coeng4cing4:2	0	0.000000				8.130213	false	0.000000	hkcancor	false				false	single_corpus_review	unreviewed	
4123	誇	2	16.260427	v	v:2	0.000000	kwaa1:2	0	0.000000				8.130213	false	0.000000	hkcancor	false				false	single_corpus_review	unreviewed	
4124	認同	2	16.260427	v	v:1|vn:1	0.000000	jing6tung4:2	0	0.000000				8.130213	false	0.000000	hkcancor	false				false	single_corpus_review	unreviewed	
4125	認識	2	16.260427	v	v:1|vn:1	0.000000	jing6sik1:2	0	0.000000				8.130213	false	0.000000	hkcancor	true	1531	14	jing6sik1	false	single_corpus_review	unreviewed	
4126	語氣	2	16.260427	n	n:2	0.000000	jyu5hei3:2	0	0.000000				8.130213	false	0.000000	hkcancor	false				false	single_corpus_review	unreviewed	
4127	課	2	16.260427	q	q:2	0.000000	fo3:2	0	0.000000				8.130213	false	0.000000	hkcancor	false				false	single_corpus_review	unreviewed	
4128	課室	2	16.260427	n	n:2	0.000000	fo3sat1:2	0	0.000000				8.130213	false	0.000000	hkcancor	false				false	single_corpus_review	unreviewed	
4129	調節	2	16.260427	v	v:2	0.000000	tiu4zit3:2	0	0.000000				8.130213	false	0.000000	hkcancor	false				false	single_corpus_review	unreviewed	
4130	請飲	2	16.260427	v	v:2	0.000000	ceng2jam2:2	0	0.000000				8.130213	false	0.000000	hkcancor	false				false	single_corpus_review	unreviewed	
4131	謎	2	16.260427	n	n:2	0.000000	mai4:2	0	0.000000				8.130213	false	0.000000	hkcancor	false				false	single_corpus_review	unreviewed	
4132	講出	2	16.260427	v	v:2	0.000000	gong2ceot1:2	0	0.000000				8.130213	false	0.000000	hkcancor	false				false	single_corpus_review	unreviewed	
4133	譜	2	16.260427	Ng	Ng:1|n:1	0.000000	pou2:2	0	0.000000				8.130213	false	0.000000	hkcancor	false				false	single_corpus_review	unreviewed	
4134	變化	2	16.260427	vn	vn:2	0.000000	bin3faa3:2	0	0.000000				8.130213	false	0.000000	hkcancor	false				false	single_corpus_review	unreviewed	
4135	谷孫	2	16.260427	nr	nr:2	1.000000	guk1syun1:2	0	0.000000				8.130213	false	0.000000	hkcancor	false				false	proper_name_review	unreviewed	
4136	豉油西餐	2	16.260427	nz	nz:2	1.000000	si6jau4sai1caan1:2	0	0.000000				8.130213	false	0.000000	hkcancor	false				false	proper_name_review	unreviewed	
4137	豬嘴	2	16.260427	n	n:2	0.000000	zyu1zeoi2:2	0	0.000000				8.130213	false	0.000000	hkcancor	false				false	single_corpus_review	unreviewed	
4138	負	2	16.260427	v	v:2	0.000000	fu6:2	0	0.000000				8.130213	false	0.000000	hkcancor	false				false	single_corpus_review	unreviewed	
4139	負擔	2	16.260427	v	v:2	0.000000	fu6daam1:2	0	0.000000				8.130213	false	0.000000	hkcancor	false				false	single_corpus_review	unreviewed	
4140	財政	2	16.260427	n	n:2	0.000000	coi4zing3:2	0	0.000000				8.130213	false	0.000000	hkcancor	true	707	39	coi4zing3	false	single_corpus_review	unreviewed	
4141	貪	2	16.260427	v	v:2	0.000000	taam1:2	0	0.000000				8.130213	false	0.000000	hkcancor	false				false	single_corpus_review	unreviewed	
4142	貼紙	2	16.260427	v	v:2	0.000000	tip3zi2:2	0	0.000000				8.130213	false	0.000000	hkcancor	false				false	single_corpus_review	unreviewed	
4143	資源	2	16.260427	n	n:2	0.000000	zi1jyun4:2	0	0.000000				8.130213	false	0.000000	hkcancor	false				false	single_corpus_review	unreviewed	
4144	賓騰	2	16.260427	nr	nr:2	1.000000	ban1tang4:2	0	0.000000				8.130213	false	0.000000	hkcancor	false				false	proper_name_review	unreviewed	
4145	賞賜	2	16.260427	vn	vn:1|v:1	0.000000	soeng2ci3:2	0	0.000000				8.130213	false	0.000000	hkcancor	false				false	single_corpus_review	unreviewed	
4146	賣淫	2	16.260427	v	v:2	0.000000	maai6jam4:2	0	0.000000				8.130213	false	0.000000	hkcancor	false				false	single_corpus_review	unreviewed	
4147	賭場	2	16.260427	n	n:2	0.000000	dou2coeng4:2	0	0.000000				8.130213	false	0.000000	hkcancor	false				false	single_corpus_review	unreviewed	
4148	購物	2	16.260427	v	v:2	0.000000	kau3mat6:2	0	0.000000				8.130213	false	0.000000	hkcancor	false				false	single_corpus_review	unreviewed	
4149	赤	2	16.260427	a	a:2	0.000000	cek3:2	0	0.000000				8.130213	false	0.000000	hkcancor	false				false	single_corpus_review	unreviewed	
4150	走佬	2	16.260427	vn	vn:1|v:1	0.000000	zau2lou2:2	0	0.000000				8.130213	false	0.000000	hkcancor	false				false	single_corpus_review	unreviewed	
4151	走來	2	16.260427	v	v:2	0.000000	zau2lai4:2	0	0.000000				8.130213	false	0.000000	hkcancor	false				false	single_corpus_review	unreviewed	
4152	走廊	2	16.260427	n	n:2	0.000000	zau2long2:2	0	0.000000				8.130213	false	0.000000	hkcancor	false				false	single_corpus_review	unreviewed	
4153	起來	2	16.260427	v	v:2	0.000000	hei2lei4:2	0	0.000000				8.130213	false	0.000000	hkcancor	false				false	single_corpus_review	unreviewed	
4154	起度	2	16.260427	d	d:2	0.000000	hei2dou6:2	0	0.000000				8.130213	false	0.000000	hkcancor	false				false	single_corpus_review	unreviewed	
4155	起腳	2	16.260427	v	v:2	0.000000	hei2goek3:2	0	0.000000				8.130213	false	0.000000	hkcancor	false				false	single_corpus_review	unreviewed	
4156	超級任天堂	2	16.260427	nz	nz:2	1.000000	ciu1kap1jam6tin1tong4:2	0	0.000000				8.130213	false	0.000000	hkcancor	false				false	proper_name_review	unreviewed	
4157	超能力	2	16.260427	n	n:2	0.000000	ciu1nang4lik6:2	0	0.000000				8.130213	false	0.000000	hkcancor	false				false	single_corpus_review	unreviewed	
4158	趨勢	2	16.260427	n	n:2	0.000000	ceoi1sai3:2	0	0.000000				8.130213	false	0.000000	hkcancor	false				false	single_corpus_review	unreviewed	
4159	足	2	16.260427	a	a:1|n:1	0.000000	zuk1:2	0	0.000000				8.130213	false	0.000000	hkcancor	false				false	single_corpus_review	unreviewed	
4160	跌落	2	16.260427	v	v:2	0.000000	dit3lok6:2	0	0.000000				8.130213	false	0.000000	hkcancor	false				false	single_corpus_review	unreviewed	
4161	跣低	2	16.260427	v	v:2	0.000000	sin3dai1:2	0	0.000000				8.130213	false	0.000000	hkcancor	false				false	single_corpus_review	unreviewed	
4162	踢出	2	16.260427	v	v:2	0.000000	tek3ceot1:2	0	0.000000				8.130213	false	0.000000	hkcancor	false				false	single_corpus_review	unreviewed	
4163	蹉商	2	16.260427	v	v:2	0.000000	co1soeng1:2	0	0.000000				8.130213	false	0.000000	hkcancor	false				false	single_corpus_review	unreviewed	
4164	躝	2	16.260427	v	v:2	0.000000	laan1:2	0	0.000000				8.130213	false	0.000000	hkcancor	false				false	single_corpus_review	unreviewed	
4165	身份	2	16.260427	n	n:2	0.000000	san1fan2:2	0	0.000000				8.130213	false	0.000000	hkcancor	false				false	single_corpus_review	unreviewed	
4166	身型	2	16.260427	n	n:2	0.000000	san1jing4:2	0	0.000000				8.130213	false	0.000000	hkcancor	false				false	single_corpus_review	unreviewed	
4167	車行	2	16.260427	n	n:2	0.000000	ce1hong2:2	0	0.000000				8.130213	false	0.000000	hkcancor	false				false	single_corpus_review	unreviewed	
4168	輕鬆	2	16.260427	a	a:2	0.000000	hing1sung1:2	0	0.000000				8.130213	false	0.000000	hkcancor	false				false	single_corpus_review	unreviewed	
4169	輩	2	16.260427	q	q:1|n:1	0.000000	bui3:2	0	0.000000				8.130213	false	0.000000	hkcancor	false				false	single_corpus_review	unreviewed	
4170	轉播	2	16.260427	v	v:2	0.000000	zyun2bo3:2	0	0.000000				8.130213	false	0.000000	hkcancor	false				false	single_corpus_review	unreviewed	
4171	轉移	2	16.260427	vn	vn:2	0.000000	zyun2ji4:2	0	0.000000				8.130213	false	0.000000	hkcancor	false				false	single_corpus_review	unreviewed	
4172	辛	2	16.260427	g2	g2:2	0.000000	san1:2	0	0.000000				8.130213	false	0.000000	hkcancor	false				false	single_corpus_review	unreviewed	
4173	辛辣麵	2	16.260427	n	n:2	0.000000	san1laat6min6:2	0	0.000000				8.130213	false	0.000000	hkcancor	false				false	single_corpus_review	unreviewed	
4174	辦	2	16.260427	Ng	Ng:1|v:1	0.000000	baan6:2	0	0.000000				8.130213	false	0.000000	hkcancor	false				false	single_corpus_review	unreviewed	
4175	農場	2	16.260427	n	n:2	0.000000	nung4coeng4:2	0	0.000000				8.130213	false	0.000000	hkcancor	false				false	single_corpus_review	unreviewed	
4176	近住	2	16.260427	a	a:2	0.000000	gan6zyu6:2	0	0.000000				8.130213	false	0.000000	hkcancor	false				false	single_corpus_review	unreviewed	
4177	返頭	2	16.260427	a	a:2	0.000000	faan1tau4:2	0	0.000000				8.130213	false	0.000000	hkcancor	false				false	single_corpus_review	unreviewed	
4178	追女仔	2	16.260427	v	v:2	0.000000	zeoi1neoi5zai2:2	0	0.000000				8.130213	false	0.000000	hkcancor	false				false	single_corpus_review	unreviewed	
4179	追蹤	2	16.260427	v	v:2	0.000000	zeoi1zung1:2	0	0.000000				8.130213	false	0.000000	hkcancor	false				false	single_corpus_review	unreviewed	
4180	逆轉	2	16.260427	vn	vn:1|v:1	0.000000	jik6zyun2:1|jik6zyun3:1	0	0.000000				8.130213	false	0.000000	hkcancor	false				false	single_corpus_review	unreviewed	
4181	通水	2	16.260427	v	v:2	0.000000	tung1seoi2:2	0	0.000000				8.130213	false	0.000000	hkcancor	false				false	single_corpus_review	unreviewed	
4182	通知	2	16.260427	v	v:2	0.000000	tung1zi1:2	0	0.000000				8.130213	false	0.000000	hkcancor	true	1813	11	tung1zi1	false	single_corpus_review	unreviewed	
4183	進化	2	16.260427	vn	vn:1|v:1	0.000000	zeon3faa3:2	0	0.000000				8.130213	false	0.000000	hkcancor	false				false	single_corpus_review	unreviewed	
4184	運動	2	16.260427	vn	vn:2	0.000000	wan6dung6:2	0	0.000000				8.130213	false	0.000000	hkcancor	true	1987	10	wan6dung6	false	single_corpus_review	unreviewed	
4185	過份	2	16.260427	a	a:2	0.000000	gwo3fan6:2	0	0.000000				8.130213	false	0.000000	hkcancor	false				false	single_corpus_review	unreviewed	
4186	道理	2	16.260427	n	n:2	0.000000	dou6lei5:2	0	0.000000				8.130213	false	0.000000	hkcancor	false				false	single_corpus_review	unreviewed	
4187	遠東	2	16.260427	ns	ns:2	1.000000	jyun5dung1:2	0	0.000000				8.130213	false	0.000000	hkcancor	false				false	proper_name_review	unreviewed	
4188	遠離	2	16.260427	v	v:2	0.000000	jyun5lei4:2	0	0.000000				8.130213	false	0.000000	hkcancor	false				false	single_corpus_review	unreviewed	
4189	適量	2	16.260427	a	a:1|n:1	0.000000	sik1loeng6:2	0	0.000000				8.130213	false	0.000000	hkcancor	false				false	single_corpus_review	unreviewed	
4190	邏輯	2	16.260427	n	n:2	0.000000	lo4cap1:2	0	0.000000				8.130213	false	0.000000	hkcancor	false				false	single_corpus_review	unreviewed	
4191	那個	2	16.260427	r	r:2	0.000000	naa5go3:2	0	0.000000				8.130213	false	0.000000	hkcancor	false				false	single_corpus_review	unreviewed	
4192	鄧	2	16.260427	nr	nr:2	1.000000	dang6:2	0	0.000000				8.130213	false	0.000000	hkcancor	false				false	proper_name_review	unreviewed	
4193	配菜	2	16.260427	n	n:2	0.000000	pui3coi3:2	0	0.000000				8.130213	false	0.000000	hkcancor	false				false	single_corpus_review	unreviewed	
4194	酒樓	2	16.260427	n	n:2	0.000000	zau2lau4:2	0	0.000000				8.130213	false	0.000000	hkcancor	false				false	single_corpus_review	unreviewed	
4195	酸	2	16.260427	a	a:2	0.000000	syun1:2	0	0.000000				8.130213	false	0.000000	hkcancor	false				false	single_corpus_review	unreviewed	
4196	酸味	2	16.260427	n	n:2	0.000000	syun1mei6:2	0	0.000000				8.130213	false	0.000000	hkcancor	false				false	single_corpus_review	unreviewed	
4197	醃	2	16.260427	v	v:2	0.000000	jip3:2	0	0.000000				8.130213	false	0.000000	hkcancor	false				false	single_corpus_review	unreviewed	
4198	醋	2	16.260427	n	n:2	0.000000	cou3:2	0	0.000000				8.130213	false	0.000000	hkcancor	false				false	single_corpus_review	unreviewed	
4199	里拉	2	16.260427	q	q:2	0.000000	lei5laai1:2	0	0.000000				8.130213	false	0.000000	hkcancor	false				false	single_corpus_review	unreviewed	
4200	重蹈覆轍	2	16.260427	i	i:2	0.000000	cung4tou1fuk1cit3:2	0	0.000000				8.130213	false	0.000000	hkcancor	false				false	single_corpus_review	unreviewed	
4201	重點	2	16.260427	n	n:2	0.000000	zung6dim2:2	0	0.000000				8.130213	false	0.000000	hkcancor	false				false	single_corpus_review	unreviewed	
4202	金庸	2	16.260427	nr	nr:2	1.000000	gam1jung4:2	0	0.000000				8.130213	false	0.000000	hkcancor	false				false	proper_name_review	unreviewed	
4203	金條	2	16.260427	n	n:2	0.000000	gam1tiu2:2	0	0.000000				8.130213	false	0.000000	hkcancor	false				false	single_corpus_review	unreviewed	
4204	金田一	2	16.260427	nr	nr:2	1.000000	gam1tin4jat1:2	0	0.000000				8.130213	false	0.000000	hkcancor	false				false	proper_name_review	unreviewed	
4205	金魚	2	16.260427	nz	nz:1|n:1	0.500000	gam1jyu2:1|gam1jyu4:1	0	0.000000				8.130213	false	0.000000	hkcancor	false				false	single_corpus_review	unreviewed	
4206	銀仔	2	16.260427	n	n:2	0.000000	ngan2zai2:2	0	0.000000				8.130213	false	0.000000	hkcancor	false				false	single_corpus_review	unreviewed	
4207	銀包	2	16.260427	n	n:2	0.000000	ngan4baau1:2	0	0.000000				8.130213	false	0.000000	hkcancor	false				false	single_corpus_review	unreviewed	
4208	銀獎	2	16.260427	n	n:2	0.000000	ngan4zoeng2:2	0	0.000000				8.130213	false	0.000000	hkcancor	false				false	single_corpus_review	unreviewed	
4209	銀禧	2	16.260427	ns	ns:2	1.000000	ngan4hei1:2	0	0.000000				8.130213	false	0.000000	hkcancor	false				false	proper_name_review	unreviewed	
4210	銅獎	2	16.260427	n	n:2	0.000000	tung4zoeng2:2	0	0.000000				8.130213	false	0.000000	hkcancor	false				false	single_corpus_review	unreviewed	
4211	鋪	2	16.260427	n	n:1|q:1	0.000000	pou3:1|pou1:1	0	0.000000				8.130213	false	0.000000	hkcancor	true	1631	13	pou3	false	single_corpus_review	unreviewed	
4212	鋼鐵	2	16.260427	n	n:2	0.000000	gong3tit3:2	0	0.000000				8.130213	false	0.000000	hkcancor	false				false	single_corpus_review	unreviewed	
4213	鍋	2	16.260427	q	q:2	0.000000	wo1:2	0	0.000000				8.130213	false	0.000000	hkcancor	false				false	single_corpus_review	unreviewed	
4214	鎖匙	2	16.260427	n	n:2	0.000000	so2si4:2	0	0.000000				8.130213	false	0.000000	hkcancor	false				false	single_corpus_review	unreviewed	
4215	長工	2	16.260427	n	n:2	0.000000	coeng4gung1:2	0	0.000000				8.130213	false	0.000000	hkcancor	false				false	single_corpus_review	unreviewed	
4216	長期	2	16.260427	a	a:2	0.000000	coeng4kei4:2	0	0.000000				8.130213	false	0.000000	hkcancor	false				false	single_corpus_review	unreviewed	
4217	長輩	2	16.260427	n	n:2	0.000000	zoeng2bui3:2	0	0.000000				8.130213	false	0.000000	hkcancor	false				false	single_corpus_review	unreviewed	
4218	門徒	2	16.260427	n	n:2	0.000000	mun4tou4:2	0	0.000000				8.130213	false	0.000000	hkcancor	false				false	single_corpus_review	unreviewed	
4219	閃光燈	2	16.260427	n	n:2	0.000000	sim2gwong1dang1:2	0	0.000000				8.130213	false	0.000000	hkcancor	false				false	single_corpus_review	unreviewed	
4220	開場	2	16.260427	v	v:2	0.000000	hoi1coeng4:2	0	0.000000				8.130213	false	0.000000	hkcancor	false				false	single_corpus_review	unreviewed	
4221	閹	2	16.260427	v	v:2	0.000000	jim1:2	0	0.000000				8.130213	false	0.000000	hkcancor	false				false	single_corpus_review	unreviewed	
4222	關事	2	16.260427	n	n:1|a:1	0.000000	gwaan1si6:2	0	0.000000				8.130213	false	0.000000	hkcancor	false				false	single_corpus_review	unreviewed	
4223	阿勇	2	16.260427	nr	nr:2	1.000000	aa3jung5:2	0	0.000000				8.130213	false	0.000000	hkcancor	false				false	proper_name_review	unreviewed	
4224	阿叻	2	16.260427	nr	nr:2	1.000000	aa3lek1:2	0	0.000000				8.130213	false	0.000000	hkcancor	false				false	proper_name_review	unreviewed	
4225	阿姨	2	16.260427	n	n:2	0.000000	aa3ji1:2	0	0.000000				8.130213	false	0.000000	hkcancor	false				false	single_corpus_review	unreviewed	
4226	阿嬸	2	16.260427	n	n:2	0.000000	aa3sam2:2	0	0.000000				8.130213	false	0.000000	hkcancor	false				false	single_corpus_review	unreviewed	
4227	阿成	2	16.260427	nr	nr:2	1.000000	aa3sing4:2	0	0.000000				8.130213	false	0.000000	hkcancor	false				false	proper_name_review	unreviewed	
4228	阿珍	2	16.260427	nr	nr:2	1.000000	aa3zan1:2	0	0.000000				8.130213	false	0.000000	hkcancor	false				false	proper_name_review	unreviewed	
4229	阿翁生	2	16.260427	nr	nr:2	1.000000	aa3jung1saang1:2	0	0.000000				8.130213	false	0.000000	hkcancor	false				false	proper_name_review	unreviewed	
4230	阿艾爾頓	2	16.260427	nr	nr:2	1.000000	aa3aai6ji5deon6:2	0	0.000000				8.130213	false	0.000000	hkcancor	false				false	proper_name_review	unreviewed	
4231	阿飯	2	16.260427	nr	nr:2	1.000000	aa3faan6:2	0	0.000000				8.130213	false	0.000000	hkcancor	false				false	proper_name_review	unreviewed	
4232	附帶	2	16.260427	v	v:2	0.000000	fu6daai3:2	0	0.000000				8.130213	false	0.000000	hkcancor	false				false	single_corpus_review	unreviewed	
4233	限定	2	16.260427	v	v:2	0.000000	haan6ding6:2	0	0.000000				8.130213	false	0.000000	hkcancor	false				false	single_corpus_review	unreviewed	
4234	陳生	2	16.260427	nr	nr:2	1.000000	can4saang1:2	0	0.000000				8.130213	false	0.000000	hkcancor	false				false	proper_name_review	unreviewed	
4235	陸	2	16.260427	nr	nr:2	1.000000	luk6:2	0	0.000000				8.130213	false	0.000000	hkcancor	false				false	proper_name_review	unreviewed	
4236	階層	2	16.260427	n	n:2	0.000000	gaai1cang4:2	0	0.000000				8.130213	false	0.000000	hkcancor	false				false	single_corpus_review	unreviewed	
4237	隨便	2	16.260427	a	a:2	0.000000	ceoi4bin2:2	0	0.000000				8.130213	false	0.000000	hkcancor	false				false	single_corpus_review	unreviewed	
4238	隨身	2	16.260427	d	d:2	0.000000	ceoi4san1:2	0	0.000000				8.130213	false	0.000000	hkcancor	false				false	single_corpus_review	unreviewed	
4239	集團	2	16.260427	n	n:2	0.000000	zaap6tyun4:2	0	0.000000				8.130213	false	0.000000	hkcancor	false				false	single_corpus_review	unreviewed	
4240	集資	2	16.260427	v	v:2	0.000000	zaap6zi1:2	0	0.000000				8.130213	false	0.000000	hkcancor	false				false	single_corpus_review	unreviewed	
4241	雙人	2	16.260427	b	b:1|n:1	0.000000	soeng1jan4:2	0	0.000000				8.130213	false	0.000000	hkcancor	false				false	single_corpus_review	unreviewed	
4242	雜	2	16.260427	a	a:2	0.000000	zaap6:2	0	0.000000				8.130213	false	0.000000	hkcancor	false				false	single_corpus_review	unreviewed	
4243	離遠	2	16.260427	d	d:2	0.000000	lei4jyun5:2	0	0.000000				8.130213	false	0.000000	hkcancor	false				false	single_corpus_review	unreviewed	
4244	難兄難弟	2	16.260427	i	i:2	0.000000	naan4hing1naan4dai6:2	0	0.000000				8.130213	false	0.000000	hkcancor	false				false	single_corpus_review	unreviewed	
4245	難關	2	16.260427	n	n:2	0.000000	naan4gwaan1:2	0	0.000000				8.130213	false	0.000000	hkcancor	false				false	single_corpus_review	unreviewed	
4246	雪茄	2	16.260427	n	n:2	0.000000	syut3gaa1:2	0	0.000000				8.130213	false	0.000000	hkcancor	false				false	single_corpus_review	unreviewed	
4247	零售業	2	16.260427	n	n:2	0.000000	ling4sau6jip6:2	0	0.000000				8.130213	false	0.000000	hkcancor	false				false	single_corpus_review	unreviewed	
4248	需求	2	16.260427	n	n:1|v:1	0.000000	seoi1kau4:2	0	0.000000				8.130213	false	0.000000	hkcancor	false				false	single_corpus_review	unreviewed	
4249	霎	2	16.260427	v	v:2	0.000000	saap6:2	0	0.000000				8.130213	false	0.000000	hkcancor	false				false	single_corpus_review	unreviewed	
4250	露出	2	16.260427	v	v:2	0.000000	lou6ceot1:2	0	0.000000				8.130213	false	0.000000	hkcancor	false				false	single_corpus_review	unreviewed	
4251	霸位	2	16.260427	v	v:2	0.000000	baa3wai2:2	0	0.000000				8.130213	false	0.000000	hkcancor	false				false	single_corpus_review	unreviewed	
4252	靈媒	2	16.260427	n	n:2	0.000000	ling4mui4:2	0	0.000000				8.130213	false	0.000000	hkcancor	false				false	single_corpus_review	unreviewed	
4253	靈界	2	16.260427	n	n:2	0.000000	ling4gaai3:2	0	0.000000				8.130213	false	0.000000	hkcancor	false				false	single_corpus_review	unreviewed	
4254	青雲	2	16.260427	nr	nr:2	1.000000	cing1wan4:2	0	0.000000				8.130213	false	0.000000	hkcancor	false				false	proper_name_review	unreviewed	
4255	青馬大橋	2	16.260427	ns	ns:2	1.000000	cing1maa5daai6kiu4:2	0	0.000000				8.130213	false	0.000000	hkcancor	false				false	proper_name_review	unreviewed	
4256	靚一靚	2	16.260427	a	a:2	0.000000	leng3jat1leng3:2	0	0.000000				8.130213	false	0.000000	hkcancor	false				false	single_corpus_review	unreviewed	
4257	面臨	2	16.260427	v	v:2	0.000000	min6lam4:2	0	0.000000				8.130213	false	0.000000	hkcancor	false				false	single_corpus_review	unreviewed	
4258	面額	2	16.260427	n	n:2	0.000000	min6ngaak2:2	0	0.000000				8.130213	false	0.000000	hkcancor	false				false	single_corpus_review	unreviewed	
4259	鞠躬	2	16.260427	v	v:2	0.000000	guk1gung1:2	0	0.000000				8.130213	false	0.000000	hkcancor	false				false	single_corpus_review	unreviewed	
4260	韌帶	2	16.260427	n	n:2	0.000000	jan6daai2:2	0	0.000000				8.130213	false	0.000000	hkcancor	false				false	single_corpus_review	unreviewed	
4261	頂窿	2	16.260427	a	a:1|d:1	0.000000	ding2lung2:2	0	0.000000				8.130213	false	0.000000	hkcancor	false				false	single_corpus_review	unreviewed	
4262	項	2	16.260427	q	q:2	0.000000	hong6:2	0	0.000000				8.130213	false	0.000000	hkcancor	true	454	67	hong6	false	single_corpus_review	unreviewed	
4263	預算	2	16.260427	v	v:2	0.000000	jyu6syun3:2	0	0.000000				8.130213	false	0.000000	hkcancor	false				false	single_corpus_review	unreviewed	
4264	領隊	2	16.260427	n	n:2	0.000000	ling5deoi2:2	0	0.000000				8.130213	false	0.000000	hkcancor	false				false	single_corpus_review	unreviewed	
4265	頸	2	16.260427	n	n:2	0.000000	geng2:2	0	0.000000				8.130213	false	0.000000	hkcancor	false				false	single_corpus_review	unreviewed	
4266	食肆	2	16.260427	n	n:2	0.000000	sik6si5:2	0	0.000000				8.130213	false	0.000000	hkcancor	false				false	single_corpus_review	unreviewed	
4267	養老	2	16.260427	v	v:2	0.000000	joeng5lou5:2	0	0.000000				8.130213	false	0.000000	hkcancor	false				false	single_corpus_review	unreviewed	
4268	馬腳	2	16.260427	n	n:2	0.000000	maa5goek3:2	0	0.000000				8.130213	false	0.000000	hkcancor	false				false	single_corpus_review	unreviewed	
4269	駁落	2	16.260427	v	v:2	0.000000	bok3lok6:2	0	0.000000				8.130213	false	0.000000	hkcancor	false				false	single_corpus_review	unreviewed	
4270	骨感	2	16.260427	n	n:2	0.000000	gwat1gam2:2	0	0.000000				8.130213	false	0.000000	hkcancor	false				false	single_corpus_review	unreviewed	
4271	體質	2	16.260427	n	n:2	0.000000	tai2zat1:2	0	0.000000				8.130213	false	0.000000	hkcancor	false				false	single_corpus_review	unreviewed	
4272	高空	2	16.260427	s	s:1|a:1	0.000000	gou1hung1:2	0	0.000000				8.130213	false	0.000000	hkcancor	false				false	single_corpus_review	unreviewed	
4273	髮型	2	16.260427	n	n:2	0.000000	faat3jing4:2	0	0.000000				8.130213	false	0.000000	hkcancor	false				false	single_corpus_review	unreviewed	
4274	鬆	2	16.260427	v	v:2	0.000000	sung1:2	0	0.000000				8.130213	false	0.000000	hkcancor	false				false	single_corpus_review	unreviewed	
4275	鬆啲	2	16.260427	d	d:2	0.000000	sung1di1:2	0	0.000000				8.130213	false	0.000000	hkcancor	false				false	single_corpus_review	unreviewed	
4276	鬼仔	2	16.260427	n	n:2	0.000000	gwai2zai2:2	0	0.000000				8.130213	false	0.000000	hkcancor	false				false	single_corpus_review	unreviewed	
4277	鬼妹	2	16.260427	l	l:2	0.000000	gwai2mui1:2	0	0.000000				8.130213	false	0.000000	hkcancor	false				false	single_corpus_review	unreviewed	
4278	鬼死	2	16.260427	d1	d1:2	0.000000	gwai2sei2:2	0	0.000000				8.130213	false	0.000000	hkcancor	false				false	single_corpus_review	unreviewed	
4279	魚池	2	16.260427	n	n:2	0.000000	jyu4ci4:2	0	0.000000				8.130213	false	0.000000	hkcancor	false				false	single_corpus_review	unreviewed	
4280	魚蛋	2	16.260427	n	n:2	0.000000	jyu4daan2:2	0	0.000000				8.130213	false	0.000000	hkcancor	false				false	single_corpus_review	unreviewed	
4281	鵝	2	16.260427	n	n:2	0.000000	ngo2:1|ngo4:1	0	0.000000				8.130213	false	0.000000	hkcancor	false				false	single_corpus_review	unreviewed	
4282	鷹	2	16.260427	n	n:2	0.000000	jing1:2	0	0.000000				8.130213	false	0.000000	hkcancor	false				false	single_corpus_review	unreviewed	
4283	鸚鵡	2	16.260427	n	n:2	0.000000	jing1mou5:2	0	0.000000				8.130213	false	0.000000	hkcancor	false				false	single_corpus_review	unreviewed	
4284	鹼性	2	16.260427	n	n:2	0.000000	gaan2sing3:2	0	0.000000				8.130213	false	0.000000	hkcancor	false				false	single_corpus_review	unreviewed	
4285	麗珊	2	16.260427	nr	nr:2	1.000000	lai6san1:2	0	0.000000				8.130213	false	0.000000	hkcancor	false				false	proper_name_review	unreviewed	
4286	麵包	2	16.260427	n	n:2	0.000000	min6baau1:2	0	0.000000				8.130213	false	0.000000	hkcancor	false				false	single_corpus_review	unreviewed	
4287	點只	2	16.260427	r	r:2	0.000000	dim2zi2:2	0	0.000000				8.130213	false	0.000000	hkcancor	false				false	single_corpus_review	unreviewed	
4288	點樣樣	2	16.260427	r	r:2	0.000000	dim2joeng2joeng2:2	0	0.000000				8.130213	false	0.000000	hkcancor	false				false	single_corpus_review	unreviewed	
4289	鼓勵	2	16.260427	v	v:2	0.000000	gu2lai6:2	0	0.000000				8.130213	false	0.000000	hkcancor	true	1832	11	gu2lai6	false	single_corpus_review	unreviewed	
4290	齋啡	2	16.260427	n	n:2	0.000000	zaai1fe1:2	0	0.000000				8.130213	false	0.000000	hkcancor	false				false	single_corpus_review	unreviewed	
4291	龍蝦	2	16.260427	n	n:2	0.000000	lung4haa1:2	0	0.000000				8.130213	false	0.000000	hkcancor	false				false	single_corpus_review	unreviewed	
4292	𡀔	2	16.260427	y	y:2	0.000000	lu3:2	0	0.000000				8.130213	false	0.000000	hkcancor	false				false	single_corpus_review	unreviewed	
4293	𥊙	2	16.260427	v	v:2	0.000000	zong1:2	0	0.000000				8.130213	false	0.000000	hkcancor	false				false	single_corpus_review	unreviewed	
4294	一下	0	0.000000			0.000000		1	10.325672	d	d:1	jat1haa5:1	5.162836	false	0.000000	cantomap	true	914	27	jat1haa5	true	known_nonatomic_or_invalid	unreviewed	
4295	一世	0	0.000000			0.000000		1	10.325672	d	d:1	jat1sai3:1	5.162836	false	0.000000	cantomap	false				false	single_corpus_review	unreviewed	
4296	一切從簡	0	0.000000			0.000000		1	10.325672	d	d:1	jat1cai3cung4gaan2:1	5.162836	false	0.000000	cantomap	false				false	single_corpus_review	unreviewed	
4297	一點半	0	0.000000			0.000000		1	10.325672	t	t:1	jat1dim2bun3:1	5.162836	false	0.000000	cantomap	false				false	single_corpus_review	unreviewed	
4298	三十七	0	0.000000			0.000000		1	10.325672	m	m:1	saam1sap6cat1:1	5.162836	false	0.000000	cantomap	false				false	single_corpus_review	unreviewed	
4299	三十五	0	0.000000			0.000000		1	10.325672	m	m:1	saam1sap6ng5:1	5.162836	false	0.000000	cantomap	false				false	single_corpus_review	unreviewed	
4300	三十八	0	0.000000			0.000000		1	10.325672	m	m:1	saam1sap6baat3:1	5.162836	false	0.000000	cantomap	false				false	single_corpus_review	unreviewed	
4301	三十六	0	0.000000			0.000000		1	10.325672	m	m:1	saam1sap6luk6:1	5.162836	false	0.000000	cantomap	false				false	single_corpus_review	unreviewed	
4302	三十四	0	0.000000			0.000000		1	10.325672	m	m:1	saam1sap6sei3:1	5.162836	false	0.000000	cantomap	false				false	single_corpus_review	unreviewed	
4303	上升	0	0.000000			0.000000		1	10.325672	v	v:1	soeng6sing1:1	5.162836	false	0.000000	cantomap	false				false	single_corpus_review	unreviewed	
4304	上高	0	0.000000			0.000000		1	10.325672	v	v:1	soeng6gou1:1	5.162836	false	0.000000	cantomap	false				false	single_corpus_review	unreviewed	
4305	下一步	0	0.000000			0.000000		1	10.325672	t	t:1	haa6jat1bou6:1	5.162836	false	0.000000	cantomap	false				false	single_corpus_review	unreviewed	
4306	下行	0	0.000000			0.000000		1	10.325672	v	v:1	haa6hang4:1	5.162836	false	0.000000	cantomap	true	730	36	haa6hang4	false	single_corpus_review	unreviewed	
4307	不分	0	0.000000			0.000000		1	10.325672	v	v:1	bat1fan1:1	5.162836	false	0.000000	cantomap	false				false	single_corpus_review	unreviewed	
4308	並	0	0.000000			0.000000		1	10.325672	v	v:1	bing6:1	5.162836	false	0.000000	cantomap	false				false	single_corpus_review	unreviewed	
4309	並非	0	0.000000			0.000000		1	10.325672	n	n:1	bing6fei1:1	5.162836	false	0.000000	cantomap	false				false	single_corpus_review	unreviewed	
4310	中共	0	0.000000			0.000000		1	10.325672	b	b:1	zung1gung6:1	5.162836	false	0.000000	cantomap	false				false	single_corpus_review	unreviewed	
4311	中間線	0	0.000000			0.000000		1	10.325672	n	n:1	zung1gaan1sin3:1	5.162836	false	0.000000	cantomap	false				false	single_corpus_review	unreviewed	
4312	丸冤墳	0	0.000000			0.000000		1	10.325672	x	x:1	jyun2jyun1fan4:1	5.162836	false	0.000000	cantomap	false				false	single_corpus_review	unreviewed	
4313	丸勸	0	0.000000			0.000000		1	10.325672	n	n:1	jyun2hyun3:1	5.162836	false	0.000000	cantomap	false				false	single_corpus_review	unreviewed	
4314	丸幼樹	0	0.000000			0.000000		1	10.325672	v	v:1	jyun2jau3syu6:1	5.162836	false	0.000000	cantomap	false				false	single_corpus_review	unreviewed	
4315	丸犬	0	0.000000			0.000000		1	10.325672	v	v:1	jyun2hyun2:1	5.162836	false	0.000000	cantomap	false				false	single_corpus_review	unreviewed	
4316	丸血	0	0.000000			0.000000		1	10.325672	n	n:1	jyun2hyut3:1	5.162836	false	0.000000	cantomap	false				false	single_corpus_review	unreviewed	
4317	之一	0	0.000000			0.000000		1	10.325672	q	q:1	zi1jat1:1	5.162836	false	0.000000	cantomap	false				false	single_corpus_review	unreviewed	
4318	事項	0	0.000000			0.000000		1	10.325672	n	n:1	si6hong6:1	5.162836	false	0.000000	cantomap	false				false	single_corpus_review	unreviewed	
4319	二十三	0	0.000000			0.000000		1	10.325672	m	m:1	ji6sap6saam1:1	5.162836	false	0.000000	cantomap	false				false	single_corpus_review	unreviewed	
4320	二十二	0	0.000000			0.000000		1	10.325672	m	m:1	ji6sap6ji6:1	5.162836	false	0.000000	cantomap	false				false	single_corpus_review	unreviewed	
4321	二十八	0	0.000000			0.000000		1	10.325672	m	m:1	ji6sap6baat3:1	5.162836	false	0.000000	cantomap	false				false	single_corpus_review	unreviewed	
4322	五分之一	0	0.000000			0.000000		1	10.325672	m	m:1	ng5fan1zi1jat1:1	5.162836	false	0.000000	cantomap	false				false	single_corpus_review	unreviewed	
4323	交匯點	0	0.000000			0.000000		1	10.325672	n	n:1	gaau1wui6dim2:1	5.162836	false	0.000000	cantomap	false				false	single_corpus_review	unreviewed	
4324	交叉點	0	0.000000			0.000000		1	10.325672	n	n:1	gaau1caa1dim2:1	5.162836	false	0.000000	cantomap	false				false	single_corpus_review	unreviewed	
4325	人仔	0	0.000000			0.000000		1	10.325672	n	n:1	jan4zai2:1	5.162836	false	0.000000	cantomap	false				false	single_corpus_review	unreviewed	
4326	人字部	0	0.000000			0.000000		1	10.325672	x	x:1	jan4zi6bou6:1	5.162836	false	0.000000	cantomap	false				false	single_corpus_review	unreviewed	
4327	仍	0	0.000000			0.000000		1	10.325672	a	a:1	jing4:1	5.162836	false	0.000000	cantomap	false				false	single_corpus_review	unreviewed	
4328	似似哋	0	0.000000			0.000000		1	10.325672	v	v:1	ci5ci2dei2:1	5.162836	false	0.000000	cantomap	false				false	single_corpus_review	unreviewed	
4329	你好	0	0.000000			0.000000		1	10.325672	d	d:1	nei5hou2:1	5.162836	false	0.000000	cantomap	false				false	single_corpus_review	unreviewed	
4330	係咩	0	0.000000			0.000000		1	10.325672	v	v:1	hai6me1:1	5.162836	false	0.000000	cantomap	false				false	single_corpus_review	unreviewed	
4331	保持	0	0.000000			0.000000		1	10.325672	v	v:1	bou2ci4:1	5.162836	false	0.000000	cantomap	false				false	single_corpus_review	unreviewed	
4332	偏向	0	0.000000			0.000000		1	10.325672	p	p:1	pin1hoeng3:1	5.162836	false	0.000000	cantomap	false				false	single_corpus_review	unreviewed	
4333	健尚	0	0.000000			0.000000		1	10.325672	v	v:1	kin6soeng6:1	5.162836	false	0.000000	cantomap	false				false	single_corpus_review	unreviewed	
4334	健魚排	0	0.000000			0.000000		1	10.325672	Vg	Vg:1	gin6jyu4paai4:1	5.162836	false	0.000000	cantomap	false				false	single_corpus_review	unreviewed	
4335	側	0	0.000000			0.000000		1	10.325672	n	n:1	zak1:1	5.162836	false	0.000000	cantomap	false				false	single_corpus_review	unreviewed	
4336	傻碼頭	0	0.000000			0.000000		1	10.325672	n	n:1	so4maa4tau4:1	5.162836	false	0.000000	cantomap	false				false	single_corpus_review	unreviewed	
4337	傾斜	0	0.000000			0.000000		1	10.325672	v	v:1	king1ce4:1	5.162836	false	0.000000	cantomap	false				false	single_corpus_review	unreviewed	
4338	允	0	0.000000			0.000000		1	10.325672	Ng	Ng:1	wan5:1	5.162836	false	0.000000	cantomap	false				false	single_corpus_review	unreviewed	
4339	允許	0	0.000000			0.000000		1	10.325672	v	v:1	wan5heoi2:1	5.162836	false	0.000000	cantomap	false				false	single_corpus_review	unreviewed	
4340	內面	0	0.000000			0.000000		1	10.325672	f	f:1	neoi6min6:1	5.162836	false	0.000000	cantomap	false				false	single_corpus_review	unreviewed	
4341	兩兄弟	0	0.000000			0.000000		1	10.325672	n	n:1	loeng5hing1dai6:1	5.162836	false	0.000000	cantomap	false				false	single_corpus_review	unreviewed	
4342	八字	0	0.000000			0.000000		1	10.325672	t	t:1	baat3zi6:1	5.162836	false	0.000000	cantomap	false				false	single_corpus_review	unreviewed	
4343	八字形	0	0.000000			0.000000		1	10.325672	t	t:1	baat3zi6jing4:1	5.162836	false	0.000000	cantomap	false				false	single_corpus_review	unreviewed	
4344	共和國	0	0.000000			0.000000		1	10.325672	ns	ns:1	gung6wo4gwok3:1	5.162836	false	0.000000	cantomap	false				false	single_corpus_review	unreviewed	
4345	共平	0	0.000000			0.000000		1	10.325672	v	v:1	gung6ping4:1	5.162836	false	0.000000	cantomap	false				false	single_corpus_review	unreviewed	
4346	共戲	0	0.000000			0.000000		1	10.325672	n	n:1	gung6hei3:1	5.162836	false	0.000000	cantomap	false				false	single_corpus_review	unreviewed	
4347	共用	0	0.000000			0.000000		1	10.325672	v	v:1	gung6jung6:1	5.162836	false	0.000000	cantomap	false				false	single_corpus_review	unreviewed	
4348	共閒樂園	0	0.000000			0.000000		1	10.325672	i	i:1	gung6haan4lok6jyun4:1	5.162836	false	0.000000	cantomap	false				false	single_corpus_review	unreviewed	
4349	共閒馬	0	0.000000			0.000000		1	10.325672	vn	vn:1	gung6haan4maa5:1	5.162836	false	0.000000	cantomap	false				false	single_corpus_review	unreviewed	
4350	共閒馬戲	0	0.000000			0.000000		1	10.325672	v	v:1	gung6haan4maa5hei4:1	5.162836	false	0.000000	cantomap	false				false	single_corpus_review	unreviewed	
4351	共閒馬莉戲團	0	0.000000			0.000000		1	10.325672	n	n:1	gung6haan4maa5lei6hei4tyun4:1	5.162836	false	0.000000	cantomap	false				false	single_corpus_review	unreviewed	
4352	具	0	0.000000			0.000000		1	10.325672	n	n:1	geoi6:1	5.162836	false	0.000000	cantomap	false				false	single_corpus_review	unreviewed	
4353	具體	0	0.000000			0.000000		1	10.325672	n	n:1	geoi6tai2:1	5.162836	false	0.000000	cantomap	false				false	single_corpus_review	unreviewed	
4354	冷靜	0	0.000000			0.000000		1	10.325672	a	a:1	laang5zing6:1	5.162836	false	0.000000	cantomap	false				false	single_corpus_review	unreviewed	
4355	凸出	0	0.000000			0.000000		1	10.325672	a	a:1	dat6ceot1:1	5.162836	false	0.000000	cantomap	false				false	single_corpus_review	unreviewed	
4356	凸起	0	0.000000			0.000000		1	10.325672	v	v:1	dat6hei2:1	5.162836	false	0.000000	cantomap	false				false	single_corpus_review	unreviewed	
4357	出事	0	0.000000			0.000000		1	10.325672	v	v:1	ceot1si6:1	5.162836	false	0.000000	cantomap	false				false	single_corpus_review	unreviewed	
4358	分界線	0	0.000000			0.000000		1	10.325672	n	n:1	fan1gaai3sin3:1	5.162836	false	0.000000	cantomap	false				false	single_corpus_review	unreviewed	
4359	分隔	0	0.000000			0.000000		1	10.325672	v	v:1	fan1gaak3:1	5.162836	false	0.000000	cantomap	false				false	single_corpus_review	unreviewed	
4360	勇敢	0	0.000000			0.000000		1	10.325672	v	v:1	jung5gam2:1	5.162836	false	0.000000	cantomap	false				false	single_corpus_review	unreviewed	
4361	勇脹帳棚	0	0.000000			0.000000		1	10.325672	v	v:1	jung5zoeng3zoeng3paang4:1	5.162836	false	0.000000	cantomap	false				false	single_corpus_review	unreviewed	
4362	勇腰帳篷	0	0.000000			0.000000		1	10.325672	n	n:1	jung2jiu1zoeng3paang4:1	5.162836	false	0.000000	cantomap	false				false	single_corpus_review	unreviewed	
4363	勇腰棚塔	0	0.000000			0.000000		1	10.325672	nz	nz:1	jung5jiu1paang4taap3:1	5.162836	false	0.000000	cantomap	false				false	single_corpus_review	unreviewed	
4364	勇腰棚帳	0	0.000000			0.000000		1	10.325672	v	v:1	jung5jiu1paang4zoeng3:1	5.162836	false	0.000000	cantomap	false				false	single_corpus_review	unreviewed	
4365	勇腰燈塔	0	0.000000			0.000000		1	10.325672	nz	nz:1	jung5jiu1dang1taap3:1	5.162836	false	0.000000	cantomap	false				false	single_corpus_review	unreviewed	
4366	包剪揼	0	0.000000			0.000000		1	10.325672	v	v:1	baau1zin2dap6:1	5.162836	false	0.000000	cantomap	false				false	single_corpus_review	unreviewed	
4367	包埋	0	0.000000			0.000000		1	10.325672	v	v:1	baau1maai4:1	5.162836	false	0.000000	cantomap	false				false	single_corpus_review	unreviewed	
4368	十字	0	0.000000			0.000000		1	10.325672	n	n:1	sap6zi6:1	5.162836	false	0.000000	cantomap	false				false	single_corpus_review	unreviewed	
4369	升級	0	0.000000			0.000000		1	10.325672	Ng	Ng:1	sing1kap1:1	5.162836	false	0.000000	cantomap	false				false	single_corpus_review	unreviewed	
4370	南西	0	0.000000			0.000000		1	10.325672	a	a:1	naam4sai1:1	5.162836	false	0.000000	cantomap	false				false	single_corpus_review	unreviewed	
4371	原則	0	0.000000			0.000000		1	10.325672	n	n:1	jun4zak1:1	5.162836	false	0.000000	cantomap	true	1242	18	jyun4zak1	false	single_corpus_review	unreviewed	
4372	友共情	0	0.000000			0.000000		1	10.325672	n	n:1	jau5gung6cing4:1	5.162836	false	0.000000	cantomap	false				false	single_corpus_review	unreviewed	
4373	受害受山	0	0.000000			0.000000		1	10.325672	n	n:1	sau6hoi6sau6saan1:1	5.162836	false	0.000000	cantomap	false				false	single_corpus_review	unreviewed	
4374	叢	0	0.000000			0.000000		1	10.325672	v	v:1	cung4:1	5.162836	false	0.000000	cantomap	true	1185	20	cung4	false	single_corpus_review	unreviewed	
4375	叢常	0	0.000000			0.000000		1	10.325672	a	a:1	cung4soeng4:1	5.162836	false	0.000000	cantomap	false				false	single_corpus_review	unreviewed	
4376	口頭禪	0	0.000000			0.000000		1	10.325672	n	n:1	hau2tau4sim4:1	5.162836	false	0.000000	cantomap	false				false	single_corpus_review	unreviewed	
4377	可汗	0	0.000000			0.000000		1	10.325672	v	v:1	ho2hon4:1	5.162836	false	0.000000	cantomap	false				false	single_corpus_review	unreviewed	
4378	台薯茅屋	0	0.000000			0.000000		1	10.325672	ns	ns:1	toi4syu6maau4nguk1:1	5.162836	false	0.000000	cantomap	false				false	single_corpus_review	unreviewed	
4379	右㕭	0	0.000000			0.000000		1	10.325672	n	n:1	jau6jaau1:1	5.162836	false	0.000000	cantomap	false				false	single_corpus_review	unreviewed	
4380	后傻	0	0.000000			0.000000		1	10.325672	n	n:1	hau6so4:1	5.162836	false	0.000000	cantomap	false				false	single_corpus_review	unreviewed	
4381	后傻迷宮	0	0.000000			0.000000		1	10.325672	nz	nz:1	hau6so4mai4gung1:1	5.162836	false	0.000000	cantomap	false				false	single_corpus_review	unreviewed	
4382	向左	0	0.000000			0.000000		1	10.325672	c	c:1	hoeng3zo2:1	5.162836	false	0.000000	cantomap	false				false	single_corpus_review	unreviewed	
4383	和	0	0.000000			0.000000		1	10.325672	v	v:1	wo4:1	5.162836	false	0.000000	cantomap	true	1928	10	wo4|wo6	false	single_corpus_review	unreviewed	
4384	咒怨	0	0.000000			0.000000		1	10.325672	v	v:1	zau3jyun3:1	5.162836	false	0.000000	cantomap	false				false	single_corpus_review	unreviewed	
4385	咩嘢	0	0.000000			0.000000		1	10.325672	r	r:1	me1je5:1	5.162836	false	0.000000	cantomap	false				false	single_corpus_review	unreviewed	
4386	咸順	0	0.000000			0.000000		1	10.325672	n	n:1	haam4seon6:1	5.162836	false	0.000000	cantomap	false				false	single_corpus_review	unreviewed	
4387	員	0	0.000000			0.000000		1	10.325672	n	n:1	jun4:1	5.162836	false	0.000000	cantomap	true	1682	12	jyun4	false	single_corpus_review	unreviewed	
4388	哪	0	0.000000			0.000000		1	10.325672	v	v:1	laa5:1	5.162836	false	0.000000	cantomap	false				false	single_corpus_review	unreviewed	
4389	唔啱	0	0.000000			0.000000		1	10.325672	a	a:1	m4ngaam1:1	5.162836	false	0.000000	cantomap	false				false	single_corpus_review	unreviewed	
4390	唔夠	0	0.000000			0.000000		1	10.325672	d	d:1	m4gau3:1	5.162836	false	0.000000	cantomap	true	620	46	m4gau3	true	known_nonatomic_or_invalid	unreviewed	
4391	啱先	0	0.000000			0.000000		1	10.325672	d	d:1	aam1sin1:1	5.162836	false	0.000000	cantomap	false				false	single_corpus_review	unreviewed	
4392	善富	0	0.000000			0.000000		1	10.325672	n	n:1	sin6fu3:1	5.162836	false	0.000000	cantomap	false				false	single_corpus_review	unreviewed	
4393	善彭	0	0.000000			0.000000		1	10.325672	nr	nr:1	sin6pang4:1	5.162836	false	0.000000	cantomap	false				false	single_corpus_review	unreviewed	
4394	善貧大	0	0.000000			0.000000		1	10.325672	ns	ns:1	sin6pan4daai6:1	5.162836	false	0.000000	cantomap	false				false	single_corpus_review	unreviewed	
4395	善貧大賊	0	0.000000			0.000000		1	10.325672	n	n:1	sin6pan4daai6caak6:1	5.162836	false	0.000000	cantomap	false				false	single_corpus_review	unreviewed	
4396	喧	0	0.000000			0.000000		1	10.325672	n	n:1	hyun1:1	5.162836	false	0.000000	cantomap	false				false	single_corpus_review	unreviewed	
4397	單純	0	0.000000			0.000000		1	10.325672	n	n:1	daan1seon4:1	5.162836	false	0.000000	cantomap	false				false	single_corpus_review	unreviewed	
4398	嗌交	0	0.000000			0.000000		1	10.325672	n	n:1	ngaai3gaau1:1	5.162836	false	0.000000	cantomap	false				false	single_corpus_review	unreviewed	
4399	嗚	0	0.000000			0.000000		1	10.325672	x	x:1	wu3:1	5.162836	false	0.000000	cantomap	false				false	single_corpus_review	unreviewed	
4400	噋	0	0.000000			0.000000		1	10.325672	v	v:1	tun3:1	5.162836	false	0.000000	cantomap	false				false	single_corpus_review	unreviewed	
4401	器官	0	0.000000			0.000000		1	10.325672	n	n:1	hei3gun1:1	5.162836	false	0.000000	cantomap	false				false	single_corpus_review	unreviewed	
4402	噴水池	0	0.000000			0.000000		1	10.325672	n	n:1	pan3seoi2ci4:1	5.162836	false	0.000000	cantomap	false				false	single_corpus_review	unreviewed	
4403	囉唆	0	0.000000			0.000000		1	10.325672	f	f:1	lo1so1:1	5.162836	false	0.000000	cantomap	false				false	single_corpus_review	unreviewed	
4404	四分之三	0	0.000000			0.000000		1	10.325672	m	m:1	sei3fan1zi1saam1:1	5.162836	false	0.000000	cantomap	false				false	single_corpus_review	unreviewed	
4405	四十三	0	0.000000			0.000000		1	10.325672	m	m:1	sei3sap6saam1:1	5.162836	false	0.000000	cantomap	false				false	single_corpus_review	unreviewed	
4406	四十四	0	0.000000			0.000000		1	10.325672	m	m:1	sei3sap6sei3:1	5.162836	false	0.000000	cantomap	false				false	single_corpus_review	unreviewed	
4407	四四正正	0	0.000000			0.000000		1	10.325672	a	a:1	si3si3zeng3zeng3:1	5.162836	false	0.000000	cantomap	false				false	single_corpus_review	unreviewed	
4408	四次	0	0.000000			0.000000		1	10.325672	m	m:1	sei3ci3:1	5.162836	false	0.000000	cantomap	false				false	single_corpus_review	unreviewed	
4409	四邊形	0	0.000000			0.000000		1	10.325672	n	n:1	sei3bin1jing4:1	5.162836	false	0.000000	cantomap	false				false	single_corpus_review	unreviewed	
4410	回合	0	0.000000			0.000000		1	10.325672	Tg	Tg:1	wui4hap6:1	5.162836	false	0.000000	cantomap	false				false	single_corpus_review	unreviewed	
4411	因爲	0	0.000000			0.000000		1	10.325672	v	v:1	jan1wai6:1	5.162836	false	0.000000	cantomap	false				false	single_corpus_review	unreviewed	
4412	國皇	0	0.000000			0.000000		1	10.325672	n	n:1	gwok3wong4:1	5.162836	false	0.000000	cantomap	false				false	single_corpus_review	unreviewed	
4413	圓揼揼	0	0.000000			0.000000		1	10.325672	n	n:1	jyun4dam4dam4:1	5.162836	false	0.000000	cantomap	false				false	single_corpus_review	unreviewed	
4414	團隊	0	0.000000			0.000000		1	10.325672	n	n:1	tyun4deoi2:1	5.162836	false	0.000000	cantomap	false				false	single_corpus_review	unreviewed	
4415	地形	0	0.000000			0.000000		1	10.325672	n	n:1	dei6jing4:1	5.162836	false	0.000000	cantomap	false				false	single_corpus_review	unreviewed	
4416	城效堡	0	0.000000			0.000000		1	10.325672	n	n:1	sing4haau6bou2:1	5.162836	false	0.000000	cantomap	false				false	single_corpus_review	unreviewed	
4417	報數	0	0.000000			0.000000		1	10.325672	v	v:1	bou3sou3:1	5.162836	false	0.000000	cantomap	false				false	single_corpus_review	unreviewed	
4418	墓場	0	0.000000			0.000000		1	10.325672	n	n:1	mou6coeng4:1	5.162836	false	0.000000	cantomap	false				false	single_corpus_review	unreviewed	
4419	墜	0	0.000000			0.000000		1	10.325672	v	v:1	zui6:1	5.162836	false	0.000000	cantomap	false				false	single_corpus_review	unreviewed	
4420	士	0	0.000000			0.000000		1	10.325672	n	n:1	si6:1	5.162836	false	0.000000	cantomap	false				false	single_corpus_review	unreviewed	
4421	壽	0	0.000000			0.000000		1	10.325672	Ng	Ng:1	sau6:1	5.162836	false	0.000000	cantomap	false				false	single_corpus_review	unreviewed	
4422	壽命	0	0.000000			0.000000		1	10.325672	v	v:1	sau6ming6:1	5.162836	false	0.000000	cantomap	false				false	single_corpus_review	unreviewed	
4423	外形	0	0.000000			0.000000		1	10.325672	n	n:1	ngoi6jing4:1	5.162836	false	0.000000	cantomap	false				false	single_corpus_review	unreviewed	
4424	大宅	0	0.000000			0.000000		1	10.325672	n	n:1	daai6zaak2:1	5.162836	false	0.000000	cantomap	false				false	single_corpus_review	unreviewed	
4425	大海	0	0.000000			0.000000		1	10.325672	n	n:1	daai6hoi2:1	5.162836	false	0.000000	cantomap	false				false	single_corpus_review	unreviewed	
4426	大細	0	0.000000			0.000000		1	10.325672	m	m:1	daai6sai3:1	5.162836	false	0.000000	cantomap	false				false	single_corpus_review	unreviewed	
4427	大門	0	0.000000			0.000000		1	10.325672	a	a:1	daai6mun4:1	5.162836	false	0.000000	cantomap	false				false	single_corpus_review	unreviewed	
4428	太多	0	0.000000			0.000000		1	10.325672	d	d:1	taai3do1:1	5.162836	false	0.000000	cantomap	false				false	single_corpus_review	unreviewed	
4429	夾雜	0	0.000000			0.000000		1	10.325672	a	a:1	gaap3zaap6:1	5.162836	false	0.000000	cantomap	false				false	single_corpus_review	unreviewed	
4430	好的	0	0.000000			0.000000		1	10.325672	a	a:1	hou2dik1:1	5.162836	false	0.000000	cantomap	false				false	single_corpus_review	unreviewed	
4431	始點	0	0.000000			0.000000		1	10.325672	n	n:1	ci2dim2:1	5.162836	false	0.000000	cantomap	false				false	single_corpus_review	unreviewed	
4432	嬋盆墓場	0	0.000000			0.000000		1	10.325672	n	n:1	sim4pun4mou6coeng4:1	5.162836	false	0.000000	cantomap	false				false	single_corpus_review	unreviewed	
4433	嬋盆廣礦場	0	0.000000			0.000000		1	10.325672	n	n:1	sim4pun4gwong2kwong3coeng4:1	5.162836	false	0.000000	cantomap	false				false	single_corpus_review	unreviewed	
4434	嬋盆礦	0	0.000000			0.000000		1	10.325672	n	n:1	sim4pun4kwong3:1	5.162836	false	0.000000	cantomap	false				false	single_corpus_review	unreviewed	
4435	子樹	0	0.000000			0.000000		1	10.325672	l	l:1	zi2syu6:1	5.162836	false	0.000000	cantomap	false				false	single_corpus_review	unreviewed	
4436	字部	0	0.000000			0.000000		1	10.325672	d	d:1	zi6bou6:1	5.162836	false	0.000000	cantomap	false				false	single_corpus_review	unreviewed	
4437	孻尾	0	0.000000			0.000000		1	10.325672	f	f:1	lai1mei1:1	5.162836	false	0.000000	cantomap	false				false	single_corpus_review	unreviewed	
4438	客氣	0	0.000000			0.000000		1	10.325672	Vg	Vg:1	haak3hei3:1	5.162836	false	0.000000	cantomap	false				false	single_corpus_review	unreviewed	
4439	害受	0	0.000000			0.000000		1	10.325672	x	x:1	hoi6sau6:1	5.162836	false	0.000000	cantomap	false				false	single_corpus_review	unreviewed	
4440	害羞	0	0.000000			0.000000		1	10.325672	v	v:1	hoi6sau1:1	5.162836	false	0.000000	cantomap	false				false	single_corpus_review	unreviewed	
4441	寒上松林	0	0.000000			0.000000		1	10.325672	ns	ns:1	hon4soeng6cung4lam4:1	5.162836	false	0.000000	cantomap	false				false	single_corpus_review	unreviewed	
4442	寧	0	0.000000			0.000000		1	10.325672	n	n:1	ning4:1	5.162836	false	0.000000	cantomap	false				false	single_corpus_review	unreviewed	
4443	寺	0	0.000000			0.000000		1	10.325672	n	n:1	zi6:1	5.162836	false	0.000000	cantomap	false				false	single_corpus_review	unreviewed	
4444	封閉	0	0.000000			0.000000		1	10.325672	n	n:1	fung1bai3:1	5.162836	false	0.000000	cantomap	false				false	single_corpus_review	unreviewed	
4445	射頹山	0	0.000000			0.000000		1	10.325672	n	n:1	se6tui4saan1:1	5.162836	false	0.000000	cantomap	false				false	single_corpus_review	unreviewed	
4446	對調	0	0.000000			0.000000		1	10.325672	v	v:1	deoi3diu6:1	5.162836	false	0.000000	cantomap	false				false	single_corpus_review	unreviewed	
4447	對邊	0	0.000000			0.000000		1	10.325672	f	f:1	deoi3bin1:1	5.162836	false	0.000000	cantomap	false				false	single_corpus_review	unreviewed	
4448	對齊	0	0.000000			0.000000		1	10.325672	n	n:1	deoi3cai4:1	5.162836	false	0.000000	cantomap	false				false	single_corpus_review	unreviewed	
4449	小丸子	0	0.000000			0.000000		1	10.325672	nr	nr:1	siu2jyun2zi2:1	5.162836	false	0.000000	cantomap	false				false	single_corpus_review	unreviewed	
4450	小路	0	0.000000			0.000000		1	10.325672	n	n:1	siu2lou6:1	5.162836	false	0.000000	cantomap	false				false	single_corpus_review	unreviewed	
4451	尖筆甩	0	0.000000			0.000000		1	10.325672	a	a:1	zim1bat1lat1:1	5.162836	false	0.000000	cantomap	false				false	single_corpus_review	unreviewed	
4452	尖頂	0	0.000000			0.000000		1	10.325672	n	n:1	zim1deng2:1	5.162836	false	0.000000	cantomap	false				false	single_corpus_review	unreviewed	
4453	就嚟	0	0.000000			0.000000		1	10.325672	d	d:1	zau6lai4:1	5.162836	false	0.000000	cantomap	false				false	single_corpus_review	unreviewed	
4454	山坡	0	0.000000			0.000000		1	10.325672	ns	ns:1	saan1bo1:1	5.162836	false	0.000000	cantomap	false				false	single_corpus_review	unreviewed	
4455	山峰	0	0.000000			0.000000		1	10.325672	nr	nr:1	saan1fung1:1	5.162836	false	0.000000	cantomap	false				false	single_corpus_review	unreviewed	
4456	山水	0	0.000000			0.000000		1	10.325672	n	n:1	saan1seoi2:1	5.162836	false	0.000000	cantomap	false				false	single_corpus_review	unreviewed	
4457	山頭	0	0.000000			0.000000		1	10.325672	n	n:1	saan1tau4:1	5.162836	false	0.000000	cantomap	false				false	single_corpus_review	unreviewed	
4458	嶺	0	0.000000			0.000000		1	10.325672	ns	ns:1	leng5:1	5.162836	false	0.000000	cantomap	true	462	65	leng5|ling5	false	single_corpus_review	unreviewed	
4459	左㕭	0	0.000000			0.000000		1	10.325672	f	f:1	zo2jaau1:1	5.162836	false	0.000000	cantomap	false				false	single_corpus_review	unreviewed	
4460	左下面	0	0.000000			0.000000		1	10.325672	f	f:1	zo2haa6min6:1	5.162836	false	0.000000	cantomap	false				false	single_corpus_review	unreviewed	
4461	左手方	0	0.000000			0.000000		1	10.325672	n	n:1	zo2sau2fong1:1	5.162836	false	0.000000	cantomap	false				false	single_corpus_review	unreviewed	
4462	左近	0	0.000000			0.000000		1	10.325672	q	q:1	zo2gan2:1	5.162836	false	0.000000	cantomap	false				false	single_corpus_review	unreviewed	
4463	帳棚	0	0.000000			0.000000		1	10.325672	n	n:1	zoeng3paang4:1	5.162836	false	0.000000	cantomap	false				false	single_corpus_review	unreviewed	
4464	常鼻	0	0.000000			0.000000		1	10.325672	v	v:1	soeng4bei6:1	5.162836	false	0.000000	cantomap	false				false	single_corpus_review	unreviewed	
4465	帽	0	0.000000			0.000000		1	10.325672	n	n:1	mou6:1	5.162836	false	0.000000	cantomap	false				false	single_corpus_review	unreviewed	
4466	幹	0	0.000000			0.000000		1	10.325672	n	n:1	gon3:1	5.162836	false	0.000000	cantomap	false				false	single_corpus_review	unreviewed	
4467	幼兒	0	0.000000			0.000000		1	10.325672	m	m:1	jau3ji4:1	5.162836	false	0.000000	cantomap	false				false	single_corpus_review	unreviewed	
4468	建築	0	0.000000			0.000000		1	10.325672	n	n:1	gin3zuk1:1	5.162836	false	0.000000	cantomap	false				false	single_corpus_review	unreviewed	
4469	引依	0	0.000000			0.000000		1	10.325672	d	d:1	jan5ji1:1	5.162836	false	0.000000	cantomap	false				false	single_corpus_review	unreviewed	
4470	引申	0	0.000000			0.000000		1	10.325672	v	v:1	jan5san1:1	5.162836	false	0.000000	cantomap	false				false	single_corpus_review	unreviewed	
4471	引蛇出洞	0	0.000000			0.000000		1	10.325672	v	v:1	jan5se4ceot1dung6:1	5.162836	false	0.000000	cantomap	false				false	single_corpus_review	unreviewed	
4472	引領	0	0.000000			0.000000		1	10.325672	v	v:1	jan5ling5:1	5.162836	false	0.000000	cantomap	false				false	single_corpus_review	unreviewed	
4473	彩色	0	0.000000			0.000000		1	10.325672	n	n:1	coi2sik1:1	5.162836	false	0.000000	cantomap	false				false	single_corpus_review	unreviewed	
4474	彭彭山	0	0.000000			0.000000		1	10.325672	n	n:1	paang4paang4saan1:1	5.162836	false	0.000000	cantomap	false				false	single_corpus_review	unreviewed	
4475	彭棟山	0	0.000000			0.000000		1	10.325672	n	n:1	paang4dung6saan1:1	5.162836	false	0.000000	cantomap	false				false	single_corpus_review	unreviewed	
4476	彭羚	0	0.000000			0.000000		1	10.325672	v	v:1	paang4ling4:1	5.162836	false	0.000000	cantomap	false				false	single_corpus_review	unreviewed	
4477	彭𡃁洞	0	0.000000			0.000000		1	10.325672	Ng	Ng:1	paang4leng1dung6:1	5.162836	false	0.000000	cantomap	false				false	single_corpus_review	unreviewed	
4478	往dut1𤓓灣	0	0.000000			0.000000		1	10.325672	vn	vn:1	wong5dut1lo3waan1:1	5.162836	false	0.000000	cantomap	false				false	single_corpus_review	unreviewed	
4479	往囉地	0	0.000000			0.000000		1	10.325672	r	r:1	wong5lo1dei6:1	5.162836	false	0.000000	cantomap	false				false	single_corpus_review	unreviewed	
4480	往羅地盤	0	0.000000			0.000000		1	10.325672	v	v:1	wong5lo4dei6pun4:1	5.162836	false	0.000000	cantomap	false				false	single_corpus_review	unreviewed	
4481	往𤓓	0	0.000000			0.000000		1	10.325672	n	n:1	wong5lo3:1	5.162836	false	0.000000	cantomap	false				false	single_corpus_review	unreviewed	
4482	得未	0	0.000000			0.000000		1	10.325672	v	v:1	dak1mei6:1	5.162836	false	0.000000	cantomap	false				false	single_corpus_review	unreviewed	
4483	心意	0	0.000000			0.000000		1	10.325672	n	n:1	sam1ji3:1	5.162836	false	0.000000	cantomap	false				false	single_corpus_review	unreviewed	
4484	心知不妙	0	0.000000			0.000000		1	10.325672	n	n:1	sam1zi1bat1miu6:1	5.162836	false	0.000000	cantomap	false				false	single_corpus_review	unreviewed	
4485	忍耐	0	0.000000			0.000000		1	10.325672	v	v:1	jan2noi6:1	5.162836	false	0.000000	cantomap	false				false	single_corpus_review	unreviewed	
4486	忘憂風車	0	0.000000			0.000000		1	10.325672	n	n:1	mong4jau1fung1ce1:1	5.162836	false	0.000000	cantomap	false				false	single_corpus_review	unreviewed	
4487	忽	0	0.000000			0.000000		1	10.325672	q	q:1	fat1:1	5.162836	false	0.000000	cantomap	false				false	single_corpus_review	unreviewed	
4488	思	0	0.000000			0.000000		1	10.325672	v	v:1	si1:1	5.162836	false	0.000000	cantomap	false				false	single_corpus_review	unreviewed	
4489	怨丸冤墓	0	0.000000			0.000000		1	10.325672	x	x:1	jyun3jyun2jyun1mou6:1	5.162836	false	0.000000	cantomap	false				false	single_corpus_review	unreviewed	
4490	怨大樹	0	0.000000			0.000000		1	10.325672	v	v:1	jyun3daai6syu6:1	5.162836	false	0.000000	cantomap	false				false	single_corpus_review	unreviewed	
4491	怨氣	0	0.000000			0.000000		1	10.325672	n	n:1	jun3hei3:1	5.162836	false	0.000000	cantomap	false				false	single_corpus_review	unreviewed	
4492	悠閒	0	0.000000			0.000000		1	10.325672	a	a:1	jau4haan4:1	5.162836	false	0.000000	cantomap	false				false	single_corpus_review	unreviewed	
4493	惰	0	0.000000			0.000000		1	10.325672	x	x:1	do6:1	5.162836	false	0.000000	cantomap	false				false	single_corpus_review	unreviewed	
4494	愁皮	0	0.000000			0.000000		1	10.325672	n	n:1	sau4pei4:1	5.162836	false	0.000000	cantomap	false				false	single_corpus_review	unreviewed	
4495	憂	0	0.000000			0.000000		1	10.325672	n	n:1	jau1:1	5.162836	false	0.000000	cantomap	true	505	59	jau1	false	single_corpus_review	unreviewed	
4496	懟	0	0.000000			0.000000		1	10.325672	v	v:1	deoi6:1	5.162836	false	0.000000	cantomap	false				false	single_corpus_review	unreviewed	
4497	懸垂	0	0.000000			0.000000		1	10.325672	v	v:1	jun4seoi4:1	5.162836	false	0.000000	cantomap	false				false	single_corpus_review	unreviewed	
4498	戀人	0	0.000000			0.000000		1	10.325672	n	n:1	lyun2jan4:1	5.162836	false	0.000000	cantomap	false				false	single_corpus_review	unreviewed	
4499	戀依	0	0.000000			0.000000		1	10.325672	n	n:1	lyun2ji1:1	5.162836	false	0.000000	cantomap	false				false	single_corpus_review	unreviewed	
4500	戀煙	0	0.000000			0.000000		1	10.325672	n	n:1	lyun2jin1:1	5.162836	false	0.000000	cantomap	false				false	single_corpus_review	unreviewed	
4501	戀煙海	0	0.000000			0.000000		1	10.325672	n	n:1	lyun2jin1hoi2:1	5.162836	false	0.000000	cantomap	false				false	single_corpus_review	unreviewed	
4502	戀煙葡萄樹	0	0.000000			0.000000		1	10.325672	ns	ns:1	lyun2jin1pou4tou4syu6:1	5.162836	false	0.000000	cantomap	false				false	single_corpus_review	unreviewed	
4503	戀燕湖	0	0.000000			0.000000		1	10.325672	n	n:1	lyun2jin3wu4:1	5.162836	false	0.000000	cantomap	false				false	single_corpus_review	unreviewed	
4504	戀燕瀑	0	0.000000			0.000000		1	10.325672	n	n:1	lyun2jin3buk6:1	5.162836	false	0.000000	cantomap	false				false	single_corpus_review	unreviewed	
4505	手下留情	0	0.000000			0.000000		1	10.325672	n	n:1	sau2haa6lau4cing4:1	5.162836	false	0.000000	cantomap	false				false	single_corpus_review	unreviewed	
4506	手字部	0	0.000000			0.000000		1	10.325672	d	d:1	sau2zi6bou6:1	5.162836	false	0.000000	cantomap	false				false	single_corpus_review	unreviewed	
4507	手指頭	0	0.000000			0.000000		1	10.325672	n	n:1	sau2zi2tau4:1	5.162836	false	0.000000	cantomap	false				false	single_corpus_review	unreviewed	
4508	手柄	0	0.000000			0.000000		1	10.325672	n	n:1	sau2beng3:1	5.162836	false	0.000000	cantomap	false				false	single_corpus_review	unreviewed	
4509	打鼓	0	0.000000			0.000000		1	10.325672	v	v:1	daa2gu2:1	5.162836	false	0.000000	cantomap	false				false	single_corpus_review	unreviewed	
4510	扮塔	0	0.000000			0.000000		1	10.325672	nr	nr:1	baan6taap3:1	5.162836	false	0.000000	cantomap	false				false	single_corpus_review	unreviewed	
4511	扮學	0	0.000000			0.000000		1	10.325672	n	n:1	baan6hok6:1	5.162836	false	0.000000	cantomap	false				false	single_corpus_review	unreviewed	
4512	扮賀塔	0	0.000000			0.000000		1	10.325672	n	n:1	baan6ho6taap3:1	5.162836	false	0.000000	cantomap	false				false	single_corpus_review	unreviewed	
4513	拐	0	0.000000			0.000000		1	10.325672	v	v:1	gwaai2:1	5.162836	false	0.000000	cantomap	false				false	single_corpus_review	unreviewed	
4514	排序	0	0.000000			0.000000		1	10.325672	v	v:1	paai4zeoi6:1	5.162836	false	0.000000	cantomap	false				false	single_corpus_review	unreviewed	
4515	排污	0	0.000000			0.000000		1	10.325672	v	v:1	paai4wu1:1	5.162836	false	0.000000	cantomap	false				false	single_corpus_review	unreviewed	
4516	排陶工廠	0	0.000000			0.000000		1	10.325672	v	v:1	paai4tou4gung1cong2:1	5.162836	false	0.000000	cantomap	false				false	single_corpus_review	unreviewed	
4517	排骨	0	0.000000			0.000000		1	10.325672	v	v:1	paai4gwat1:1	5.162836	false	0.000000	cantomap	false				false	single_corpus_review	unreviewed	
4518	揸手	0	0.000000			0.000000		1	10.325672	n	n:1	zaa1sau2:1	5.162836	false	0.000000	cantomap	false				false	single_corpus_review	unreviewed	
4519	搵依城	0	0.000000			0.000000		1	10.325672	n	n:1	wan2ji1sing4:1	5.162836	false	0.000000	cantomap	false				false	single_corpus_review	unreviewed	
4520	搵嶺機場	0	0.000000			0.000000		1	10.325672	n	n:1	wan2leng5gei1coeng4:1	5.162836	false	0.000000	cantomap	false				false	single_corpus_review	unreviewed	
4521	搵靚	0	0.000000			0.000000		1	10.325672	nr	nr:1	wan2leng3:1	5.162836	false	0.000000	cantomap	false				false	single_corpus_review	unreviewed	
4522	搵靚園	0	0.000000			0.000000		1	10.325672	ns	ns:1	wan2leng3jyun4:1	5.162836	false	0.000000	cantomap	false				false	single_corpus_review	unreviewed	
4523	搵靚球	0	0.000000			0.000000		1	10.325672	v	v:1	wan2leng3kau4:1	5.162836	false	0.000000	cantomap	false				false	single_corpus_review	unreviewed	
4524	搵靚相場	0	0.000000			0.000000		1	10.325672	n	n:1	wan2leng3soeng1coeng4:1	5.162836	false	0.000000	cantomap	false				false	single_corpus_review	unreviewed	
4525	搵靚雞	0	0.000000			0.000000		1	10.325672	d	d:1	wan2leng3gai1:1	5.162836	false	0.000000	cantomap	false				false	single_corpus_review	unreviewed	
4526	搵𡃁機場	0	0.000000			0.000000		1	10.325672	n	n:1	wan2leng1gei1coeng4:1	5.162836	false	0.000000	cantomap	false				false	single_corpus_review	unreviewed	
4527	擁腰帳棚	0	0.000000			0.000000		1	10.325672	n	n:1	jung2jiu1zoeng3paang4:1	5.162836	false	0.000000	cantomap	false				false	single_corpus_review	unreviewed	
4528	擁腰會堂	0	0.000000			0.000000		1	10.325672	n	n:1	jung2jiu1wui6tong4:1	5.162836	false	0.000000	cantomap	false				false	single_corpus_review	unreviewed	
4529	擁腰沙灘	0	0.000000			0.000000		1	10.325672	v	v:1	jung2jiu1saa1taan1:1	5.162836	false	0.000000	cantomap	false				false	single_corpus_review	unreviewed	
4530	擁要	0	0.000000			0.000000		1	10.325672	vu	vu:1	jung2jiu2:1	5.162836	false	0.000000	cantomap	false				false	single_corpus_review	unreviewed	
4531	擇要會堂	0	0.000000			0.000000		1	10.325672	n	n:1	zaak6jiu3wui6tong4:1	5.162836	false	0.000000	cantomap	false				false	single_corpus_review	unreviewed	
4532	擰夏	0	0.000000			0.000000		1	10.325672	v	v:1	ning2haa6:1	5.162836	false	0.000000	cantomap	false				false	single_corpus_review	unreviewed	
4533	擰憂站	0	0.000000			0.000000		1	10.325672	n	n:1	ning2jau1zaam6:1	5.162836	false	0.000000	cantomap	false				false	single_corpus_review	unreviewed	
4534	擰腰店	0	0.000000			0.000000		1	10.325672	n	n:1	ning2jiu1dim3:1	5.162836	false	0.000000	cantomap	false				false	single_corpus_review	unreviewed	
4535	擴	0	0.000000			0.000000		1	10.325672	v	v:1	kwong3:1	5.162836	false	0.000000	cantomap	false				false	single_corpus_review	unreviewed	
4536	攬印車站	0	0.000000			0.000000		1	10.325672	Ng	Ng:1	laam2jan3ce1zaam6:1	5.162836	false	0.000000	cantomap	false				false	single_corpus_review	unreviewed	
4537	攬欣金字	0	0.000000			0.000000		1	10.325672	x	x:1	laam2jan1gam1zi6:1	5.162836	false	0.000000	cantomap	false				false	single_corpus_review	unreviewed	
4538	攬腰沙漠	0	0.000000			0.000000		1	10.325672	n	n:1	laam2jiu1saa1mok6:1	5.162836	false	0.000000	cantomap	false				false	single_corpus_review	unreviewed	
4539	收到	0	0.000000			0.000000		1	10.325672	v	v:1	sau1dou3:1	5.162836	false	0.000000	cantomap	true	1292	17	sau1dou3|sau1dou2	false	single_corpus_review	unreviewed	
4540	放心	0	0.000000			0.000000		1	10.325672	v	v:1	fong3sam1:1	5.162836	false	0.000000	cantomap	false				false	single_corpus_review	unreviewed	
4541	放開	0	0.000000			0.000000		1	10.325672	v	v:1	fong3hoi1:1	5.162836	false	0.000000	cantomap	false				false	single_corpus_review	unreviewed	
4542	效瑞果嶺	0	0.000000			0.000000		1	10.325672	n	n:1	haau6soei6gwo2leng5:1	5.162836	false	0.000000	cantomap	false				false	single_corpus_review	unreviewed	
4543	新增	0	0.000000			0.000000		1	10.325672	v	v:1	san1zang1:1	5.162836	false	0.000000	cantomap	false				false	single_corpus_review	unreviewed	
4544	旺𤓓纜車	0	0.000000			0.000000		1	10.325672	v	v:1	wong6lo3laam6ce1:1	5.162836	false	0.000000	cantomap	false				false	single_corpus_review	unreviewed	
4545	時效堡壘	0	0.000000			0.000000		1	10.325672	n	n:1	si4haau6bou2loei5:1	5.162836	false	0.000000	cantomap	false				false	single_corpus_review	unreviewed	
4546	暖戀瀑布	0	0.000000			0.000000		1	10.325672	n	n:1	lyun5lyun2:1	5.162836	false	0.000000	cantomap	false				false	single_corpus_review	unreviewed	
4547	暖暖燕瀑布	0	0.000000			0.000000		1	10.325672	nr	nr:1	lyun5lyun5jin3buk6bou3:1	5.162836	false	0.000000	cantomap	false				false	single_corpus_review	unreviewed	
4548	暖煙台	0	0.000000			0.000000		1	10.325672	x	x:1	lyun5jin1toi4:1	5.162836	false	0.000000	cantomap	false				false	single_corpus_review	unreviewed	
4549	暖煙池	0	0.000000			0.000000		1	10.325672	n	n:1	lyun5jin1ci4:1	5.162836	false	0.000000	cantomap	false				false	single_corpus_review	unreviewed	
4550	暖腰	0	0.000000			0.000000		1	10.325672	n	n:1	lyun5jiu1:1	5.162836	false	0.000000	cantomap	false				false	single_corpus_review	unreviewed	
4551	曲曲哋	0	0.000000			0.000000		1	10.325672	nz	nz:1	kuk1kuk1dei2:1	5.162836	false	0.000000	cantomap	false				false	single_corpus_review	unreviewed	
4552	更多	0	0.000000			0.000000		1	10.325672	m	m:1	gang3do1:1	5.162836	false	0.000000	cantomap	false				false	single_corpus_review	unreviewed	
4553	最高	0	0.000000			0.000000		1	10.325672	d	d:1	zeoi3gou1:1	5.162836	false	0.000000	cantomap	false				false	single_corpus_review	unreviewed	
4554	會見	0	0.000000			0.000000		1	10.325672	a	a:1	wui6gin3:1	5.162836	false	0.000000	cantomap	true	298	114	wui6gin3	false	single_corpus_review	unreviewed	
4555	月亮	0	0.000000			0.000000		1	10.325672	n	n:1	jut6loeng6:1	5.162836	false	0.000000	cantomap	false				false	single_corpus_review	unreviewed	
4556	杏堂迷	0	0.000000			0.000000		1	10.325672	n	n:1	hang6tong4mai4:1	5.162836	false	0.000000	cantomap	false				false	single_corpus_review	unreviewed	
4557	杏堂迷堂	0	0.000000			0.000000		1	10.325672	n	n:1	hang6tong4mai4tong4:1	5.162836	false	0.000000	cantomap	false				false	single_corpus_review	unreviewed	
4558	東南西北	0	0.000000			0.000000		1	10.325672	n	n:1	dung1naam4sai1bak1:1	5.162836	false	0.000000	cantomap	false				false	single_corpus_review	unreviewed	
4559	枉囉塔燈	0	0.000000			0.000000		1	10.325672	l	l:1	wong2lo1taap3dang1:1	5.162836	false	0.000000	cantomap	false				false	single_corpus_review	unreviewed	
4560	枉囉纜車	0	0.000000			0.000000		1	10.325672	n	n:1	wong2lo1laam4ce1:1	5.162836	false	0.000000	cantomap	false				false	single_corpus_review	unreviewed	
4561	枉羅	0	0.000000			0.000000		1	10.325672	n	n:1	wong2lo4:1	5.162836	false	0.000000	cantomap	false				false	single_corpus_review	unreviewed	
4562	枱	0	0.000000			0.000000		1	10.325672	n	n:1	toi2:1	5.162836	false	0.000000	cantomap	false				false	single_corpus_review	unreviewed	
4563	枱頭	0	0.000000			0.000000		1	10.325672	n	n:1	toi4tau4:1	5.162836	false	0.000000	cantomap	false				false	single_corpus_review	unreviewed	
4564	椰印樹	0	0.000000			0.000000		1	10.325672	a	a:1	je4jan3syu6:1	5.162836	false	0.000000	cantomap	false				false	single_corpus_review	unreviewed	
4565	椰樹公園	0	0.000000			0.000000		1	10.325672	v	v:1	je4syu6gung1jyun2:1	5.162836	false	0.000000	cantomap	false				false	single_corpus_review	unreviewed	
4566	樓梯	0	0.000000			0.000000		1	10.325672	n	n:1	lau4tai1:1	5.162836	false	0.000000	cantomap	false				false	single_corpus_review	unreviewed	
4567	樓梯級	0	0.000000			0.000000		1	10.325672	n	n:1	lau4tai1kap1:1	5.162836	false	0.000000	cantomap	false				false	single_corpus_review	unreviewed	
4568	模式	0	0.000000			0.000000		1	10.325672	n	n:1	mou4sik1:1	5.162836	false	0.000000	cantomap	false				false	single_corpus_review	unreviewed	
4569	樣子	0	0.000000			0.000000		1	10.325672	n	n:1	joeng6zi2:1	5.162836	false	0.000000	cantomap	false				false	single_corpus_review	unreviewed	
4570	機器	0	0.000000			0.000000		1	10.325672	n	n:1	gei1hei3:1	5.162836	false	0.000000	cantomap	false				false	single_corpus_review	unreviewed	
4571	橫橫哋	0	0.000000			0.000000		1	10.325672	n	n:1	waang4waang2dei2:1	5.162836	false	0.000000	cantomap	false				false	single_corpus_review	unreviewed	
4572	次序	0	0.000000			0.000000		1	10.325672	n	n:1	ci3zeoi6:1	5.162836	false	0.000000	cantomap	false				false	single_corpus_review	unreviewed	
4573	正方	0	0.000000			0.000000		1	10.325672	n	n:1	zing3fong1:1	5.162836	false	0.000000	cantomap	false				false	single_corpus_review	unreviewed	
4574	正正	0	0.000000			0.000000		1	10.325672	d	d:1	zing3zing3:1	5.162836	false	0.000000	cantomap	false				false	single_corpus_review	unreviewed	
4575	氏	0	0.000000			0.000000		1	10.325672	nr	nr:1	si6:1	5.162836	false	0.000000	cantomap	false				false	single_corpus_review	unreviewed	
4576	永	0	0.000000			0.000000		1	10.325672	n	n:1	wing5:1	5.162836	false	0.000000	cantomap	false				false	single_corpus_review	unreviewed	
4577	永盛	0	0.000000			0.000000		1	10.325672	n	n:1	wing5sing6:1	5.162836	false	0.000000	cantomap	false				false	single_corpus_review	unreviewed	
4578	河水	0	0.000000			0.000000		1	10.325672	n	n:1	ho4seoi2:1	5.162836	false	0.000000	cantomap	false				false	single_corpus_review	unreviewed	
4579	注意	0	0.000000			0.000000		1	10.325672	n	n:1	zyu3ji3:1	5.162836	false	0.000000	cantomap	false				false	single_corpus_review	unreviewed	
4580	海水	0	0.000000			0.000000		1	10.325672	n	n:1	hoi2seoi2:1	5.162836	false	0.000000	cantomap	false				false	single_corpus_review	unreviewed	
4581	淘	0	0.000000			0.000000		1	10.325672	x	x:1	tou4:1	5.162836	false	0.000000	cantomap	false				false	single_corpus_review	unreviewed	
4582	淡痕山	0	0.000000			0.000000		1	10.325672	c	c:1	taam5han4saan1:1	5.162836	false	0.000000	cantomap	false				false	single_corpus_review	unreviewed	
4583	清怨大	0	0.000000			0.000000		1	10.325672	v	v:1	cing1jyun3daai6:1	5.162836	false	0.000000	cantomap	false				false	single_corpus_review	unreviewed	
4584	清怨大樹	0	0.000000			0.000000		1	10.325672	v	v:1	cing1jyun3daai6syu6:1	5.162836	false	0.000000	cantomap	false				false	single_corpus_review	unreviewed	
4585	清脆	0	0.000000			0.000000		1	10.325672	a	a:1	cing1ceoi3:1	5.162836	false	0.000000	cantomap	false				false	single_corpus_review	unreviewed	
4586	清遠	0	0.000000			0.000000		1	10.325672	v	v:1	cing1jun5:1	5.162836	false	0.000000	cantomap	false				false	single_corpus_review	unreviewed	
4587	清遠大樹	0	0.000000			0.000000		1	10.325672	v	v:1	cing1jyun5daai6syu6:1	5.162836	false	0.000000	cantomap	false				false	single_corpus_review	unreviewed	
4588	準確	0	0.000000			0.000000		1	10.325672	a	a:1	zeon2kok3:1	5.162836	false	0.000000	cantomap	false				false	single_corpus_review	unreviewed	
4589	溫煙海	0	0.000000			0.000000		1	10.325672	v	v:1	wan1jin1hoi2:1	5.162836	false	0.000000	cantomap	false				false	single_corpus_review	unreviewed	
4590	澄	0	0.000000			0.000000		1	10.325672	n	n:1	cing4:1	5.162836	false	0.000000	cantomap	false				false	single_corpus_review	unreviewed	
4591	澎	0	0.000000			0.000000		1	10.325672	Ng	Ng:1	paang1:1	5.162836	false	0.000000	cantomap	false				false	single_corpus_review	unreviewed	
4592	澎湃	0	0.000000			0.000000		1	10.325672	n	n:1	paang4baai3:1	5.162836	false	0.000000	cantomap	false				false	single_corpus_review	unreviewed	
4593	激光	0	0.000000			0.000000		1	10.325672	u	u:1	gik1gwong1:1	5.162836	false	0.000000	cantomap	false				false	single_corpus_review	unreviewed	
4594	濫欣機場	0	0.000000			0.000000		1	10.325672	n	n:1	laam5jan1gei1coeng4:1	5.162836	false	0.000000	cantomap	false				false	single_corpus_review	unreviewed	
4595	物件	0	0.000000			0.000000		1	10.325672	n	n:1	mat6gin2:1	5.162836	false	0.000000	cantomap	false				false	single_corpus_review	unreviewed	
4596	瑞	0	0.000000			0.000000		1	10.325672	ns	ns:1	seoi6:1	5.162836	false	0.000000	cantomap	true	511	58	seoi6	false	single_corpus_review	unreviewed	
4597	瑞嶺果	0	0.000000			0.000000		1	10.325672	ns	ns:1	soei6ling5gwo2:1	5.162836	false	0.000000	cantomap	false				false	single_corpus_review	unreviewed	
4598	甜效	0	0.000000			0.000000		1	10.325672	q	q:1	tim4haau6:1	5.162836	false	0.000000	cantomap	false				false	single_corpus_review	unreviewed	
4599	甜農	0	0.000000			0.000000		1	10.325672	n	n:1	tim4nong4:1	5.162836	false	0.000000	cantomap	false				false	single_corpus_review	unreviewed	
4600	甜頂農莊	0	0.000000			0.000000		1	10.325672	v	v:1	tim4deng2nung4coeng4:1	5.162836	false	0.000000	cantomap	false				false	single_corpus_review	unreviewed	
4601	甜項	0	0.000000			0.000000		1	10.325672	ns	ns:1	tim4hong6:1	5.162836	false	0.000000	cantomap	false				false	single_corpus_review	unreviewed	
4602	甜項農場	0	0.000000			0.000000		1	10.325672	n	n:1	tim4hong6nung4coeng4:1	5.162836	false	0.000000	cantomap	false				false	single_corpus_review	unreviewed	
4603	用意	0	0.000000			0.000000		1	10.325672	n	n:1	jung6ji3:1	5.162836	false	0.000000	cantomap	false				false	single_corpus_review	unreviewed	
4604	畫圖	0	0.000000			0.000000		1	10.325672	n	n:1	waak6tou4:1	5.162836	false	0.000000	cantomap	false				false	single_corpus_review	unreviewed	
4605	畫畫	0	0.000000			0.000000		1	10.325672	n	n:1	waak6waa2:1	5.162836	false	0.000000	cantomap	true	1204	19	waak6waa2	false	single_corpus_review	unreviewed	
4606	疆	0	0.000000			0.000000		1	10.325672	n	n:1	goeng1:1	5.162836	false	0.000000	cantomap	false				false	single_corpus_review	unreviewed	
4607	瘦身	0	0.000000			0.000000		1	10.325672	a	a:1	sau3san1:1	5.162836	false	0.000000	cantomap	false				false	single_corpus_review	unreviewed	
4608	癡	0	0.000000			0.000000		1	10.325672	v	v:1	ci1:1	5.162836	false	0.000000	cantomap	false				false	single_corpus_review	unreviewed	
4609	盆嬋礦場	0	0.000000			0.000000		1	10.325672	n	n:1	pun4sim4kwong3coeng4:1	5.162836	false	0.000000	cantomap	false				false	single_corpus_review	unreviewed	
4610	盆礦場	0	0.000000			0.000000		1	10.325672	n	n:1	pun4kwong3coeng4:1	5.162836	false	0.000000	cantomap	false				false	single_corpus_review	unreviewed	
4611	益	0	0.000000			0.000000		1	10.325672	v	v:1	jik1:1	5.162836	false	0.000000	cantomap	false				false	single_corpus_review	unreviewed	
4612	盛磅運滑雪場	0	0.000000			0.000000		1	10.325672	n	n:1	sing4bong4waat6syut3coeng4:1	5.162836	false	0.000000	cantomap	false				false	single_corpus_review	unreviewed	
4613	目的地	0	0.000000			0.000000		1	10.325672	n	n:1	muk6dik1dei6:1	5.162836	false	0.000000	cantomap	false				false	single_corpus_review	unreviewed	
4614	直覺	0	0.000000			0.000000		1	10.325672	d	d:1	zik6gok3:1	5.162836	false	0.000000	cantomap	false				false	single_corpus_review	unreviewed	
4615	相處	0	0.000000			0.000000		1	10.325672	v	v:1	soeng1cyu2:1	5.162836	false	0.000000	cantomap	true	1678	12	soeng1cyu2	false	single_corpus_review	unreviewed	
4616	相距	0	0.000000			0.000000		1	10.325672	d	d:1	soeng1keoi5:1	5.162836	false	0.000000	cantomap	false				false	single_corpus_review	unreviewed	
4617	眼神	0	0.000000			0.000000		1	10.325672	n	n:1	ngaan5san4:1	5.162836	false	0.000000	cantomap	false				false	single_corpus_review	unreviewed	
4618	石像	0	0.000000			0.000000		1	10.325672	v	v:1	sek6zoeng6:1	5.162836	false	0.000000	cantomap	false				false	single_corpus_review	unreviewed	
4619	石字邊	0	0.000000			0.000000		1	10.325672	f	f:1	sek6zi6bin1:1	5.162836	false	0.000000	cantomap	false				false	single_corpus_review	unreviewed	
4620	碗	0	0.000000			0.000000		1	10.325672	n	n:1	wun2:1	5.162836	false	0.000000	cantomap	false				false	single_corpus_review	unreviewed	
4621	磚	0	0.000000			0.000000		1	10.325672	n	n:1	zyun1:1	5.162836	false	0.000000	cantomap	false				false	single_corpus_review	unreviewed	
4622	礦石	0	0.000000			0.000000		1	10.325672	n	n:1	kwong3sek6:1	5.162836	false	0.000000	cantomap	false				false	single_corpus_review	unreviewed	
4623	秒	0	0.000000			0.000000		1	10.325672	q	q:1	miu5:1	5.162836	false	0.000000	cantomap	false				false	single_corpus_review	unreviewed	
4624	空閒	0	0.000000			0.000000		1	10.325672	a	a:1	hung1gaan1:1	5.162836	false	0.000000	cantomap	false				false	single_corpus_review	unreviewed	
4625	端點	0	0.000000			0.000000		1	10.325672	n	n:1	dyun1dim2:1	5.162836	false	0.000000	cantomap	false				false	single_corpus_review	unreviewed	
4626	竹	0	0.000000			0.000000		1	10.325672	n	n:1	zuk1:1	5.162836	false	0.000000	cantomap	false				false	single_corpus_review	unreviewed	
4627	竹字部	0	0.000000			0.000000		1	10.325672	d	d:1	zuk1zi6bou6:1	5.162836	false	0.000000	cantomap	false				false	single_corpus_review	unreviewed	
4628	符合	0	0.000000			0.000000		1	10.325672	v	v:1	fu4hap6:1	5.162836	false	0.000000	cantomap	false				false	single_corpus_review	unreviewed	
4629	笨小孩	0	0.000000			0.000000		1	10.325672	v	v:1	ban6siu2haai4:1	5.162836	false	0.000000	cantomap	false				false	single_corpus_review	unreviewed	
4630	笨蛋	0	0.000000			0.000000		1	10.325672	v	v:1	ban6daan2:1	5.162836	false	0.000000	cantomap	false				false	single_corpus_review	unreviewed	
4631	第四	0	0.000000			0.000000		1	10.325672	m	m:1	dai6sei3:1	5.162836	false	0.000000	cantomap	false				false	single_corpus_review	unreviewed	
4632	箭嘴	0	0.000000			0.000000		1	10.325672	n	n:1	zin3zeoi2:1	5.162836	false	0.000000	cantomap	false				false	single_corpus_review	unreviewed	
4633	粗暴	0	0.000000			0.000000		1	10.325672	a	a:1	cou1bou6:1	5.162836	false	0.000000	cantomap	false				false	single_corpus_review	unreviewed	
4634	糟糕	0	0.000000			0.000000		1	10.325672	v	v:1	zou1gou1:1	5.162836	false	0.000000	cantomap	false				false	single_corpus_review	unreviewed	
4635	紅常	0	0.000000			0.000000		1	10.325672	n	n:1	hung4soeng4:1	5.162836	false	0.000000	cantomap	false				false	single_corpus_review	unreviewed	
4636	紙杯	0	0.000000			0.000000		1	10.325672	n	n:1	zi2bui1:1	5.162836	false	0.000000	cantomap	false				false	single_corpus_review	unreviewed	
4637	細微	0	0.000000			0.000000		1	10.325672	a	a:1	sai3mei4:1	5.162836	false	0.000000	cantomap	false				false	single_corpus_review	unreviewed	
4638	細細哋	0	0.000000			0.000000		1	10.325672	n	n:1	sai3sai2dei2:1	5.162836	false	0.000000	cantomap	false				false	single_corpus_review	unreviewed	
4639	細細隻	0	0.000000			0.000000		1	10.325672	n	n:1	sai3sai3zek3:1	5.162836	false	0.000000	cantomap	false				false	single_corpus_review	unreviewed	
4640	網球	0	0.000000			0.000000		1	10.325672	q	q:1	mong5kau4:1	5.162836	false	0.000000	cantomap	true	1992	10	mong5kau4	false	single_corpus_review	unreviewed	
4641	纜印車站	0	0.000000			0.000000		1	10.325672	v	v:1	laam6jan3ce1zaam6:1	5.162836	false	0.000000	cantomap	false				false	single_corpus_review	unreviewed	
4642	罅	0	0.000000			0.000000		1	10.325672	n	n:1	laa3:1	5.162836	false	0.000000	cantomap	false				false	single_corpus_review	unreviewed	
4643	羅	0	0.000000			0.000000		1	10.325672	n	n:1	lo4:1	5.162836	false	0.000000	cantomap	true	1540	14	lo4	false	single_corpus_review	unreviewed	
4644	羔羊	0	0.000000			0.000000		1	10.325672	n	n:1	gou1joeng4:1	5.162836	false	0.000000	cantomap	false				false	single_corpus_review	unreviewed	
4645	膨脹	0	0.000000			0.000000		1	10.325672	v	v:1	paang4zoeng3:1	5.162836	false	0.000000	cantomap	false				false	single_corpus_review	unreviewed	
4646	航常	0	0.000000			0.000000		1	10.325672	x	x:1	hong4soeng4:1	5.162836	false	0.000000	cantomap	false				false	single_corpus_review	unreviewed	
4647	航林	0	0.000000			0.000000		1	10.325672	n	n:1	hong4lam4:1	5.162836	false	0.000000	cantomap	false				false	single_corpus_review	unreviewed	
4648	茅	0	0.000000			0.000000		1	10.325672	n	n:1	maau4:1	5.162836	false	0.000000	cantomap	false				false	single_corpus_review	unreviewed	
4649	茅蛇台	0	0.000000			0.000000		1	10.325672	ns	ns:1	maau4se4toi4:1	5.162836	false	0.000000	cantomap	false				false	single_corpus_review	unreviewed	
4650	荷葉	0	0.000000			0.000000		1	10.325672	n	n:1	ho4jip6:1	5.162836	false	0.000000	cantomap	false				false	single_corpus_review	unreviewed	
4651	萍忙廟	0	0.000000			0.000000		1	10.325672	n	n:1	ping4mong4miu2:1	5.162836	false	0.000000	cantomap	false				false	single_corpus_review	unreviewed	
4652	萍慶	0	0.000000			0.000000		1	10.325672	n	n:1	ping4hing3:1	5.162836	false	0.000000	cantomap	false				false	single_corpus_review	unreviewed	
4653	萍衡	0	0.000000			0.000000		1	10.325672	n	n:1	ping4hang4:1	5.162836	false	0.000000	cantomap	false				false	single_corpus_review	unreviewed	
4654	萬寧	0	0.000000			0.000000		1	10.325672	m	m:1	maan6ning4:1	5.162836	false	0.000000	cantomap	false				false	single_corpus_review	unreviewed	
4655	落水	0	0.000000			0.000000		1	10.325672	n	n:1	lok6seoi2:1	5.162836	false	0.000000	cantomap	false				false	single_corpus_review	unreviewed	
4656	葡	0	0.000000			0.000000		1	10.325672	n	n:1	pou4:1	5.162836	false	0.000000	cantomap	false				false	single_corpus_review	unreviewed	
4657	葫蘆	0	0.000000			0.000000		1	10.325672	n	n:1	wu4lou4:1	5.162836	false	0.000000	cantomap	false				false	single_corpus_review	unreviewed	
4658	薯樂園	0	0.000000			0.000000		1	10.325672	n	n:1	syu4lok6jyun4:1	5.162836	false	0.000000	cantomap	false				false	single_corpus_review	unreviewed	
4659	虛	0	0.000000			0.000000		1	10.325672	n	n:1	heoi1:1	5.162836	false	0.000000	cantomap	false				false	single_corpus_review	unreviewed	
4660	號先	0	0.000000			0.000000		1	10.325672	n	n:1	hou6sin1:1	5.162836	false	0.000000	cantomap	false				false	single_corpus_review	unreviewed	
4661	號貨倉	0	0.000000			0.000000		1	10.325672	n	n:1	hou6fo3cong1:1	5.162836	false	0.000000	cantomap	false				false	single_corpus_review	unreviewed	
4662	蛇茅屋	0	0.000000			0.000000		1	10.325672	z	z:1	se4maau4nguk1:1	5.162836	false	0.000000	cantomap	false				false	single_corpus_review	unreviewed	
4663	被害者	0	0.000000			0.000000		1	10.325672	n	n:1	bei6hoi6ze2:1	5.162836	false	0.000000	cantomap	false				false	single_corpus_review	unreviewed	
4664	補充	0	0.000000			0.000000		1	10.325672	Vg	Vg:1	bou2cung1:1	5.162836	false	0.000000	cantomap	true	1711	12	bou2cung1	false	single_corpus_review	unreviewed	
4665	西北邊	0	0.000000			0.000000		1	10.325672	f	f:1	sai1bak1bin1:1	5.162836	false	0.000000	cantomap	false				false	single_corpus_review	unreviewed	
4666	見面	0	0.000000			0.000000		1	10.325672	f	f:1	gin3min6:1	5.162836	false	0.000000	cantomap	false				false	single_corpus_review	unreviewed	
4667	角色	0	0.000000			0.000000		1	10.325672	n	n:1	gok3sik1:1	5.162836	false	0.000000	cantomap	true	1415	15	gok3sik1	false	single_corpus_review	unreviewed	
4668	討論	0	0.000000			0.000000		1	10.325672	vn	vn:1	tou2leon6:1	5.162836	false	0.000000	cantomap	false				false	single_corpus_review	unreviewed	
4669	詞	0	0.000000			0.000000		1	10.325672	n	n:1	ci4:1	5.162836	false	0.000000	cantomap	false				false	single_corpus_review	unreviewed	
4670	詭	0	0.000000			0.000000		1	10.325672	v	v:1	gwai2:1	5.162836	false	0.000000	cantomap	false				false	single_corpus_review	unreviewed	
4671	誰幣	0	0.000000			0.000000		1	10.325672	d	d:1	seoi4bai6:1	5.162836	false	0.000000	cantomap	false				false	single_corpus_review	unreviewed	
4672	誰幣池	0	0.000000			0.000000		1	10.325672	n	n:1	soei4bai6ci2:1	5.162836	false	0.000000	cantomap	false				false	single_corpus_review	unreviewed	
4673	講解	0	0.000000			0.000000		1	10.325672	v	v:1	gong2gaai2:1	5.162836	false	0.000000	cantomap	false				false	single_corpus_review	unreviewed	
4674	變動	0	0.000000			0.000000		1	10.325672	vn	vn:1	bin3dung6:1	5.162836	false	0.000000	cantomap	false				false	single_corpus_review	unreviewed	
4675	讚	0	0.000000			0.000000		1	10.325672	v	v:1	zaan3:1	5.162836	false	0.000000	cantomap	false				false	single_corpus_review	unreviewed	
4676	豆	0	0.000000			0.000000		1	10.325672	n	n:1	dau6:1	5.162836	false	0.000000	cantomap	false				false	single_corpus_review	unreviewed	
4677	貧善	0	0.000000			0.000000		1	10.325672	n	n:1	pan4sin6:1	5.162836	false	0.000000	cantomap	false				false	single_corpus_review	unreviewed	
4678	貼邊	0	0.000000			0.000000		1	10.325672	a	a:1	tip3bin1:1	5.162836	false	0.000000	cantomap	false				false	single_corpus_review	unreviewed	
4679	賀后傻碼頭	0	0.000000			0.000000		1	10.325672	t	t:1	ho6hau6so4maa5tou4:1	5.162836	false	0.000000	cantomap	false				false	single_corpus_review	unreviewed	
4680	賀婆訓	0	0.000000			0.000000		1	10.325672	v	v:1	ho6po4fan3:1	5.162836	false	0.000000	cantomap	false				false	single_corpus_review	unreviewed	
4681	資料夾	0	0.000000			0.000000		1	10.325672	n	n:1	zi1liu2gaap2:1	5.162836	false	0.000000	cantomap	false				false	single_corpus_review	unreviewed	
4682	走失	0	0.000000			0.000000		1	10.325672	v	v:1	zau2sat1:1	5.162836	false	0.000000	cantomap	false				false	single_corpus_review	unreviewed	
4683	起始	0	0.000000			0.000000		1	10.325672	v	v:1	hei2ci2:1	5.162836	false	0.000000	cantomap	false				false	single_corpus_review	unreviewed	
4684	起飛	0	0.000000			0.000000		1	10.325672	v	v:1	hei2fei1:1	5.162836	false	0.000000	cantomap	false				false	single_corpus_review	unreviewed	
4685	越過	0	0.000000			0.000000		1	10.325672	v	v:1	jut6gwo3:1	5.162836	false	0.000000	cantomap	false				false	single_corpus_review	unreviewed	
4686	跌到	0	0.000000			0.000000		1	10.325672	v	v:1	dit3dou3:1	5.162836	false	0.000000	cantomap	false				false	single_corpus_review	unreviewed	
4687	路標	0	0.000000			0.000000		1	10.325672	n	n:1	lou6biu1:1	5.162836	false	0.000000	cantomap	false				false	single_corpus_review	unreviewed	
4688	路線圖	0	0.000000			0.000000		1	10.325672	n	n:1	lou6sin3tou4:1	5.162836	false	0.000000	cantomap	false				false	single_corpus_review	unreviewed	
4689	蹺	0	0.000000			0.000000		1	10.325672	a	a:1	kiu2:1	5.162836	false	0.000000	cantomap	false				false	single_corpus_review	unreviewed	
4690	轉向	0	0.000000			0.000000		1	10.325672	x	x:1	zyun2hoeng3:1	5.162836	false	0.000000	cantomap	false				false	single_corpus_review	unreviewed	
4691	農田	0	0.000000			0.000000		1	10.325672	v	v:1	nung4tin4:1	5.162836	false	0.000000	cantomap	false				false	single_corpus_review	unreviewed	
4692	迂迴曲折	0	0.000000			0.000000		1	10.325672	a	a:1	jyu1wui4kuk1zit3:1	5.162836	false	0.000000	cantomap	false				false	single_corpus_review	unreviewed	
4693	迷	0	0.000000			0.000000		1	10.325672	d	d:1	mai4:1	5.162836	false	0.000000	cantomap	false				false	single_corpus_review	unreviewed	
4694	迷惘	0	0.000000			0.000000		1	10.325672	a	a:1	mai4mong5:1	5.162836	false	0.000000	cantomap	false				false	single_corpus_review	unreviewed	
4695	迷途	0	0.000000			0.000000		1	10.325672	n	n:1	mai4tou4:1	5.162836	false	0.000000	cantomap	false				false	single_corpus_review	unreviewed	
4696	過嚟	0	0.000000			0.000000		1	10.325672	u	u:1	gwo3lai4:1	5.162836	false	0.000000	cantomap	false				false	single_corpus_review	unreviewed	
4697	過山車	0	0.000000			0.000000		1	10.325672	n	n:1	gwo3saan1ce1:1	5.162836	false	0.000000	cantomap	false				false	single_corpus_review	unreviewed	
4698	遠冤	0	0.000000			0.000000		1	10.325672	n	n:1	jyun5jyun1:1	5.162836	false	0.000000	cantomap	false				false	single_corpus_review	unreviewed	
4699	遠冤墳	0	0.000000			0.000000		1	10.325672	n	n:1	jyun4jyun1fan4:1	5.162836	false	0.000000	cantomap	false				false	single_corpus_review	unreviewed	
4700	遠暖燕沙漠	0	0.000000			0.000000		1	10.325672	n	n:1	jyun5lyun5jin3saa1mok6:1	5.162836	false	0.000000	cantomap	false				false	single_corpus_review	unreviewed	
4701	避風塘	0	0.000000			0.000000		1	10.325672	v	v:1	bei6fung1tong4:1	5.162836	false	0.000000	cantomap	false				false	single_corpus_review	unreviewed	
4702	還原	0	0.000000			0.000000		1	10.325672	v	v:1	waan4jun4:1	5.162836	false	0.000000	cantomap	false				false	single_corpus_review	unreviewed	
4703	鈎	0	0.000000			0.000000		1	10.325672	n	n:1	ngau1:1	5.162836	false	0.000000	cantomap	false				false	single_corpus_review	unreviewed	
4704	銅鑼	0	0.000000			0.000000		1	10.325672	v	v:1	tung4lo4:1	5.162836	false	0.000000	cantomap	false				false	single_corpus_review	unreviewed	
4705	鎖定	0	0.000000			0.000000		1	10.325672	v	v:1	so2ding6:1	5.162836	false	0.000000	cantomap	false				false	single_corpus_review	unreviewed	
4706	開波	0	0.000000			0.000000		1	10.325672	v	v:1	hoi1bo1:1	5.162836	false	0.000000	cantomap	false				false	single_corpus_review	unreviewed	
4707	閒事	0	0.000000			0.000000		1	10.325672	n	n:1	haan4si6:1	5.162836	false	0.000000	cantomap	false				false	single_corpus_review	unreviewed	
4708	閒人	0	0.000000			0.000000		1	10.325672	a	a:1	haan4jan4:1	5.162836	false	0.000000	cantomap	false				false	single_corpus_review	unreviewed	
4709	閒暇	0	0.000000			0.000000		1	10.325672	a	a:1	haan4haa6:1	5.162836	false	0.000000	cantomap	false				false	single_corpus_review	unreviewed	
4710	閒馬戲	0	0.000000			0.000000		1	10.325672	v	v:1	haan4maa5hei3:1	5.162836	false	0.000000	cantomap	false				false	single_corpus_review	unreviewed	
4711	閒馬戲團	0	0.000000			0.000000		1	10.325672	n	n:1	haan4maa5hei3tyun4:1	5.162836	false	0.000000	cantomap	false				false	single_corpus_review	unreviewed	
4712	閣	0	0.000000			0.000000		1	10.325672	n	n:1	gok3:1	5.162836	false	0.000000	cantomap	false				false	single_corpus_review	unreviewed	
4713	闊度	0	0.000000			0.000000		1	10.325672	n	n:1	fut3dou6:1	5.162836	false	0.000000	cantomap	false				false	single_corpus_review	unreviewed	
4714	阿婆墳場	0	0.000000			0.000000		1	10.325672	n	n:1	aa3po4fan4coeng4:1	5.162836	false	0.000000	cantomap	false				false	single_corpus_review	unreviewed	
4715	阿爾卑斯山	0	0.000000			0.000000		1	10.325672	n	n:1	aa3ji5bei1si1saan1:1	5.162836	false	0.000000	cantomap	false				false	single_corpus_review	unreviewed	
4716	陪堤碑	0	0.000000			0.000000		1	10.325672	Ng	Ng:1	pui4tai4bei1:1	5.162836	false	0.000000	cantomap	false				false	single_corpus_review	unreviewed	
4717	陪提牌	0	0.000000			0.000000		1	10.325672	n	n:1	pui4tai4paai4:1	5.162836	false	0.000000	cantomap	false				false	single_corpus_review	unreviewed	
4718	陶作	0	0.000000			0.000000		1	10.325672	v	v:1	tou4zok3:1	5.162836	false	0.000000	cantomap	false				false	single_corpus_review	unreviewed	
4719	陶排工場廠	0	0.000000			0.000000		1	10.325672	n	n:1	tou4paai4gung1coeng4cong2:1	5.162836	false	0.000000	cantomap	false				false	single_corpus_review	unreviewed	
4720	隨	0	0.000000			0.000000		1	10.325672	v	v:1	ceoi4:1	5.162836	false	0.000000	cantomap	false				false	single_corpus_review	unreviewed	
4721	雕像	0	0.000000			0.000000		1	10.325672	n	n:1	diu1zoeng6:1	5.162836	false	0.000000	cantomap	false				false	single_corpus_review	unreviewed	
4722	雜音	0	0.000000			0.000000		1	10.325672	n	n:1	zaap6jam1:1	5.162836	false	0.000000	cantomap	false				false	single_corpus_review	unreviewed	
4723	電車	0	0.000000			0.000000		1	10.325672	n	n:1	din6ce1:1	5.162836	false	0.000000	cantomap	false				false	single_corpus_review	unreviewed	
4724	靚靚洞	0	0.000000			0.000000		1	10.325672	n	n:1	leng3leng3dung6:1	5.162836	false	0.000000	cantomap	false				false	single_corpus_review	unreviewed	
4725	音字邊	0	0.000000			0.000000		1	10.325672	f	f:1	jam1zi6bin1:1	5.162836	false	0.000000	cantomap	false				false	single_corpus_review	unreviewed	
4726	韻靚	0	0.000000			0.000000		1	10.325672	a	a:1	wan5leng3:1	5.162836	false	0.000000	cantomap	false				false	single_corpus_review	unreviewed	
4727	韻靚銅	0	0.000000			0.000000		1	10.325672	n	n:1	wan5leng3tung4:1	5.162836	false	0.000000	cantomap	false				false	single_corpus_review	unreviewed	
4728	韻𡃁塔	0	0.000000			0.000000		1	10.325672	n	n:1	wan5leng1taap3:1	5.162836	false	0.000000	cantomap	false				false	single_corpus_review	unreviewed	
4729	韻𡃁銅	0	0.000000			0.000000		1	10.325672	n	n:1	wan5leng1tung4:1	5.162836	false	0.000000	cantomap	false				false	single_corpus_review	unreviewed	
4730	頂尖	0	0.000000			0.000000		1	10.325672	a	a:1	deng2zim1:1	5.162836	false	0.000000	cantomap	false				false	single_corpus_review	unreviewed	
4731	領導	0	0.000000			0.000000		1	10.325672	v	v:1	ling5dou6:1	5.162836	false	0.000000	cantomap	false				false	single_corpus_review	unreviewed	
4732	領憂店道	0	0.000000			0.000000		1	10.325672	n	n:1	ling5jau1dim3dou6:1	5.162836	false	0.000000	cantomap	false				false	single_corpus_review	unreviewed	
4733	風調雨順	0	0.000000			0.000000		1	10.325672	n	n:1	fung1tiu4ju5seon6:1	5.162836	false	0.000000	cantomap	false				false	single_corpus_review	unreviewed	
4734	食指	0	0.000000			0.000000		1	10.325672	n	n:1	sik6zi2:1	5.162836	false	0.000000	cantomap	false				false	single_corpus_review	unreviewed	
4735	飲水	0	0.000000			0.000000		1	10.325672	v	v:1	jam2seoi2:1	5.162836	false	0.000000	cantomap	false				false	single_corpus_review	unreviewed	
4736	香煙	0	0.000000			0.000000		1	10.325672	v	v:1	hoeng1jin1:1	5.162836	false	0.000000	cantomap	false				false	single_corpus_review	unreviewed	
4737	馬蹄形	0	0.000000			0.000000		1	10.325672	n	n:1	maa5tai4jing4:1	5.162836	false	0.000000	cantomap	false				false	single_corpus_review	unreviewed	
4738	騎呢	0	0.000000			0.000000		1	10.325672	y1	y1:1	ke4le4:1	5.162836	false	0.000000	cantomap	false				false	single_corpus_review	unreviewed	
4739	麥樂雞	0	0.000000			0.000000		1	10.325672	n	n:1	mak6lok6gai1:1	5.162836	false	0.000000	cantomap	false				false	single_corpus_review	unreviewed	
4740	麻	0	0.000000			0.000000		1	10.325672	x	x:1	maa4:1	5.162836	false	0.000000	cantomap	false				false	single_corpus_review	unreviewed	
4741	黃后傻碼頭	0	0.000000			0.000000		1	10.325672	nr	nr:1	wong4hau6so4maa5tou4:1	5.162836	false	0.000000	cantomap	false				false	single_corpus_review	unreviewed	
4742	點半	0	0.000000			0.000000		1	10.325672	m	m:1	dim2bun3:1	5.162836	false	0.000000	cantomap	false				false	single_corpus_review	unreviewed	
4743	鼻暑公園	0	0.000000			0.000000		1	10.325672	v	v:1	bei4syu2gung1jyun2:1	5.162836	false	0.000000	cantomap	false				false	single_corpus_review	unreviewed	
4744	鼻樹公	0	0.000000			0.000000		1	10.325672	n	n:1	bei6syu6gung1:1	5.162836	false	0.000000	cantomap	false				false	single_corpus_review	unreviewed	
4745	𠽌	0	0.000000			0.000000		1	10.325672	v	v:1	syut2:1	5.162836	false	0.000000	cantomap	false				false	single_corpus_review	unreviewed	
4746	𡃁園	0	0.000000			0.000000		1	10.325672	n	n:1	leng1jyun4:1	5.162836	false	0.000000	cantomap	false				false	single_corpus_review	unreviewed	
4747	𡃁𡃁洞	0	0.000000			0.000000		1	10.325672	g2	g2:1	leng1leng1dung6:1	5.162836	false	0.000000	cantomap	false				false	single_corpus_review	unreviewed	
4748	𤓓灣	0	0.000000			0.000000		1	10.325672	ns	ns:1	lo3waan1:1	5.162836	false	0.000000	cantomap	false				false	single_corpus_review	unreviewed	
4749	?幾	1	8.130213	m	m:1	0.000000	gei2:1	0	0.000000				4.065107	false	0.000000	hkcancor	false				false	single_corpus_review	unreviewed	
4750	G二千	1	8.130213	xnz	xnz:1	0.000000		0	0.000000				4.065107	false	0.000000	hkcancor	false				false	single_corpus_review	unreviewed	
4751	T恤	1	8.130213	n	n:1	0.000000		0	0.000000				4.065107	false	0.000000	hkcancor	false				false	single_corpus_review	unreviewed	
4752	X交叉Y	1	8.130213	v	v:1	0.000000		0	0.000000				4.065107	false	0.000000	hkcancor	false				false	single_corpus_review	unreviewed	
4753	van仔	1	8.130213	n	n:1	0.000000		0	0.000000				4.065107	false	0.000000	hkcancor	false				false	single_corpus_review	unreviewed	
4754	㖿	1	8.130213	e	e:1	0.000000	je2:1	0	0.000000				4.065107	false	0.000000	hkcancor	false				false	single_corpus_review	unreviewed	
4755	䟴	1	8.130213	v	v:1	0.000000	an3:1	0	0.000000				4.065107	false	0.000000	hkcancor	false				false	single_corpus_review	unreviewed	
4756	䟴䟴腳	1	8.130213	z	z:1	0.000000	ngan3ngan3goek3:1	0	0.000000				4.065107	false	0.000000	hkcancor	false				false	single_corpus_review	unreviewed	
4757	一九	1	8.130213	t	t:1	0.000000	jat1gau2:1	0	0.000000				4.065107	false	0.000000	hkcancor	false				false	single_corpus_review	unreviewed	
4758	一九九七年	1	8.130213	t	t:1	0.000000	jat1gau2gau2cat1nin4:1	0	0.000000				4.065107	false	0.000000	hkcancor	false				false	single_corpus_review	unreviewed	
4759	一九九三年	1	8.130213	t	t:1	0.000000	jat1gau2gau2saam1nin4:1	0	0.000000				4.065107	false	0.000000	hkcancor	false				false	single_corpus_review	unreviewed	
4760	一九六六	1	8.130213	m	m:1	0.000000	jat1gau2luk6luk6:1	0	0.000000				4.065107	false	0.000000	hkcancor	false				false	single_corpus_review	unreviewed	
4761	一九四三年	1	8.130213	t	t:1	0.000000	jat1gau2sei3saam1nin4:1	0	0.000000				4.065107	false	0.000000	hkcancor	false				false	single_corpus_review	unreviewed	
4762	一仆一碌	1	8.130213	i	i:1	0.000000	jat1puk1jat1luk1:1	0	0.000000				4.065107	false	0.000000	hkcancor	false				false	single_corpus_review	unreviewed	
4763	一份子	1	8.130213	n	n:1	0.000000	jat1fan6zi2:1	0	0.000000				4.065107	false	0.000000	hkcancor	false				false	single_corpus_review	unreviewed	
4764	一億	1	8.130213	m	m:1	0.000000	jat1jik1:1	0	0.000000				4.065107	false	0.000000	hkcancor	false				false	single_corpus_review	unreviewed	
4765	一切	1	8.130213	m	m:1	0.000000	jat1cai3:1	0	0.000000				4.065107	false	0.000000	hkcancor	false				false	single_corpus_review	unreviewed	
4766	一則	1	8.130213	c	c:1	0.000000	jat1zak1:1	0	0.000000				4.065107	false	0.000000	hkcancor	false				false	single_corpus_review	unreviewed	
4767	一力承擔	1	8.130213	i	i:1	0.000000	jat1lik6sing4daam1:1	0	0.000000				4.065107	false	0.000000	hkcancor	false				false	single_corpus_review	unreviewed	
4768	一千二百	1	8.130213	m	m:1	0.000000	jat1cin1ji6baak3:1	0	0.000000				4.065107	false	0.000000	hkcancor	false				false	single_corpus_review	unreviewed	
4769	一千四百	1	8.130213	m	m:1	0.000000	jat1cin1sei3baak3:1	0	0.000000				4.065107	false	0.000000	hkcancor	false				false	single_corpus_review	unreviewed	
4770	一千四百五十	1	8.130213	m	m:1	0.000000	jat1cin1sei3baak3m5sap6:1	0	0.000000				4.065107	false	0.000000	hkcancor	false				false	single_corpus_review	unreviewed	
4771	一千幾二千	1	8.130213	m	m:1	0.000000	jat1cin1gei2ji6cin1:1	0	0.000000				4.065107	false	0.000000	hkcancor	false				false	single_corpus_review	unreviewed	
4772	一千幾百	1	8.130213	l	l:1	0.000000	jat1cin1gei2baak3:1	0	0.000000				4.065107	false	0.000000	hkcancor	false				false	single_corpus_review	unreviewed	
4773	一嚿嚿	1	8.130213	z	z:1	0.000000	jat1gau6gau6:1	0	0.000000				4.065107	false	0.000000	hkcancor	false				false	single_corpus_review	unreviewed	
4774	一字馬	1	8.130213	n	n:1	0.000000	jat1zi6maa5:1	0	0.000000				4.065107	false	0.000000	hkcancor	false				false	single_corpus_review	unreviewed	
4775	一尾	1	8.130213	d	d:1	0.000000	jat1mei2:1	0	0.000000				4.065107	false	0.000000	hkcancor	false				false	single_corpus_review	unreviewed	
4776	一帶	1	8.130213	f	f:1	0.000000	jat1daai3:1	0	0.000000				4.065107	false	0.000000	hkcancor	false				false	single_corpus_review	unreviewed	
4777	一手一腳	1	8.130213	i	i:1	0.000000	jat1sau2jat1goek3:1	0	0.000000				4.065107	false	0.000000	hkcancor	false				false	single_corpus_review	unreviewed	
4778	一招	1	8.130213	nr	nr:1	1.000000	jat1ziu1:1	0	0.000000				4.065107	false	0.000000	hkcancor	false				false	single_corpus_review	unreviewed	
4779	一時一樣	1	8.130213	l	l:1	0.000000	jat1si4jat1joeng6:1	0	0.000000				4.065107	false	0.000000	hkcancor	false				false	single_corpus_review	unreviewed	
4780	一時之間	1	8.130213	d	d:1	0.000000	jat1si4zi1gaan1:1	0	0.000000				4.065107	false	0.000000	hkcancor	false				false	single_corpus_review	unreviewed	
4781	一時間	1	8.130213	d	d:1	0.000000	jat1si4gaan1:1	0	0.000000				4.065107	false	0.000000	hkcancor	false				false	single_corpus_review	unreviewed	
4782	一望無際	1	8.130213	i	i:1	0.000000	jat1mong6mou4zai3:1	0	0.000000				4.065107	false	0.000000	hkcancor	false				false	single_corpus_review	unreviewed	
4783	一浪	1	8.130213	Lg	Lg:1	0.000000	jat1long6:1	0	0.000000				4.065107	false	0.000000	hkcancor	false				false	single_corpus_review	unreviewed	
4784	一生	1	8.130213	t	t:1	0.000000	jat1sang1:1	0	0.000000				4.065107	false	0.000000	hkcancor	false				false	single_corpus_review	unreviewed	
4785	一百五十	1	8.130213	m	m:1	0.000000	jat1baak3ng5sap6:1	0	0.000000				4.065107	false	0.000000	hkcancor	false				false	single_corpus_review	unreviewed	
4786	一百六十八	1	8.130213	m	m:1	0.000000	jat1baak3luk6sap6baat3:1	0	0.000000				4.065107	false	0.000000	hkcancor	false				false	single_corpus_review	unreviewed	
4787	一百幾	1	8.130213	m	m:1	0.000000	jat1baak3gei2:1	0	0.000000				4.065107	false	0.000000	hkcancor	false				false	single_corpus_review	unreviewed	
4788	一百零幾	1	8.130213	m	m:1	0.000000	jat1baak3ling4gei2:1	0	0.000000				4.065107	false	0.000000	hkcancor	false				false	single_corpus_review	unreviewed	
4789	一筆過	1	8.130213	d	d:1	0.000000	jat1bat1gwo3:1	0	0.000000				4.065107	false	0.000000	hkcancor	false				false	single_corpus_review	unreviewed	
4790	一級	1	8.130213	b	b:1	0.000000	jat1kap1:1	0	0.000000				4.065107	false	0.000000	hkcancor	false				false	single_corpus_review	unreviewed	
4791	一般人	1	8.130213	n	n:1	0.000000	jat1bun1jan4:1	0	0.000000				4.065107	false	0.000000	hkcancor	false				false	single_corpus_review	unreviewed	
4792	一萬五千幾	1	8.130213	m	m:1	0.000000	jat1maan6ng5cin1gei2:1	0	0.000000				4.065107	false	0.000000	hkcancor	false				false	single_corpus_review	unreviewed	
4793	一萬四千	1	8.130213	m	m:1	0.000000	jat1maan6sei3cin1:1	0	0.000000				4.065107	false	0.000000	hkcancor	false				false	single_corpus_review	unreviewed	
4794	一路以來	1	8.130213	d	d:1	0.000000	jat1lou6ji5lai4:1	0	0.000000				4.065107	false	0.000000	hkcancor	false				false	single_corpus_review	unreviewed	
4795	一輪	1	8.130213	t	t:1	0.000000	jat1leon4:1	0	0.000000				4.065107	false	0.000000	hkcancor	false				false	single_corpus_review	unreviewed	
4796	一零四	1	8.130213	m	m:1	0.000000	jat1ling4sei3:1	0	0.000000				4.065107	false	0.000000	hkcancor	false				false	single_corpus_review	unreviewed	
4797	七十	1	8.130213	m	m:1	0.000000	cat1sap6:1	0	0.000000				4.065107	false	0.000000	hkcancor	false				false	single_corpus_review	unreviewed	
4798	七十幾	1	8.130213	m	m:1	0.000000	cat1sap6gei2:1	0	0.000000				4.065107	false	0.000000	hkcancor	false				false	single_corpus_review	unreviewed	
4799	七千	1	8.130213	m	m:1	0.000000	cat1cin1:1	0	0.000000				4.065107	false	0.000000	hkcancor	false				false	single_corpus_review	unreviewed	
4800	七四七	1	8.130213	m	m:1	0.000000	cat1sei3cat1:1	0	0.000000				4.065107	false	0.000000	hkcancor	false				false	single_corpus_review	unreviewed	
4801	七宗罪	1	8.130213	nz	nz:1	1.000000	cat1zung1zeoi6:1	0	0.000000				4.065107	false	0.000000	hkcancor	false				false	single_corpus_review	unreviewed	
4802	七幾	1	8.130213	t	t:1	0.000000	cat1gei2:1	0	0.000000				4.065107	false	0.000000	hkcancor	false				false	single_corpus_review	unreviewed	
4803	七幾年	1	8.130213	t	t:1	0.000000	cat1gei2nin4:1	0	0.000000				4.065107	false	0.000000	hkcancor	false				false	single_corpus_review	unreviewed	
4804	七彩	1	8.130213	a	a:1	0.000000	cat1coi2:1	0	0.000000				4.065107	false	0.000000	hkcancor	false				false	single_corpus_review	unreviewed	
4805	七萬	1	8.130213	m	m:1	0.000000	cat1maan6:1	0	0.000000				4.065107	false	0.000000	hkcancor	false				false	single_corpus_review	unreviewed	
4806	三十幾	1	8.130213	m	m:1	0.000000	saam1sap6gei2:1	0	0.000000				4.065107	false	0.000000	hkcancor	false				false	single_corpus_review	unreviewed	
4807	三四	1	8.130213	m	m:1	0.000000	saam1sei3:1	0	0.000000				4.065107	false	0.000000	hkcancor	false				false	single_corpus_review	unreviewed	
4808	三國誌	1	8.130213	nz	nz:1	1.000000	saam1gwok3zi3:1	0	0.000000				4.065107	false	0.000000	hkcancor	false				false	single_corpus_review	unreviewed	
4809	三嬸	1	8.130213	n	n:1	0.000000	saam1sam2:1	0	0.000000				4.065107	false	0.000000	hkcancor	false				false	single_corpus_review	unreviewed	
4810	三成	1	8.130213	m	m:1	0.000000	saam1sing4:1	0	0.000000				4.065107	false	0.000000	hkcancor	false				false	single_corpus_review	unreviewed	
4811	三百二	1	8.130213	m	m:1	0.000000	saam1baak3ji6:1	0	0.000000				4.065107	false	0.000000	hkcancor	false				false	single_corpus_review	unreviewed	
4812	三菱	1	8.130213	nz	nz:1	1.000000	saam1ling4:1	0	0.000000				4.065107	false	0.000000	hkcancor	false				false	single_corpus_review	unreviewed	
4813	三萬幾	1	8.130213	m	m:1	0.000000	saam1maan6gei2:1	0	0.000000				4.065107	false	0.000000	hkcancor	false				false	single_corpus_review	unreviewed	
4814	三號	1	8.130213	t	t:1	0.000000	saam1hou6:1	0	0.000000				4.065107	false	0.000000	hkcancor	false				false	single_corpus_review	unreviewed	
4815	三點幾	1	8.130213	t	t:1	0.000000	saam1dim2gei2:1	0	0.000000				4.065107	false	0.000000	hkcancor	false				false	single_corpus_review	unreviewed	
4816	三𠻺	1	8.130213	m	m:1	0.000000	saa1aa6:1	0	0.000000				4.065107	false	0.000000	hkcancor	false				false	single_corpus_review	unreviewed	
4817	三𠻺幾	1	8.130213	m	m:1	0.000000	saa1aa6gei2:1	0	0.000000				4.065107	false	0.000000	hkcancor	false				false	single_corpus_review	unreviewed	
4818	上下	1	8.130213	f	f:1	0.000000	soeng6haa2:1	0	0.000000				4.065107	false	0.000000	hkcancor	false				false	single_corpus_review	unreviewed	
4819	上冊	1	8.130213	n	n:1	0.000000	soeng6caak3:1	0	0.000000				4.065107	false	0.000000	hkcancor	false				false	single_corpus_review	unreviewed	
4820	上台	1	8.130213	v	v:1	0.000000	soeng5toi4:1	0	0.000000				4.065107	false	0.000000	hkcancor	false				false	single_corpus_review	unreviewed	
4821	上司	1	8.130213	n	n:1	0.000000	soeng6si1:1	0	0.000000				4.065107	false	0.000000	hkcancor	false				false	single_corpus_review	unreviewed	
4822	上層	1	8.130213	f	f:1	0.000000	soeng6cang4:1	0	0.000000				4.065107	false	0.000000	hkcancor	false				false	single_corpus_review	unreviewed	
4823	上得山多	1	8.130213	Ig	Ig:1	0.000000	soeng5dak1saan1do1:1	0	0.000000				4.065107	false	0.000000	hkcancor	false				false	single_corpus_review	unreviewed	
4824	上海市	1	8.130213	ns	ns:1	1.000000	soeng6hoi2si5:1	0	0.000000				4.065107	false	0.000000	hkcancor	false				false	single_corpus_review	unreviewed	
4825	上海風雲	1	8.130213	nz	nz:1	1.000000	soeng6hoi2fung1wan4:1	0	0.000000				4.065107	false	0.000000	hkcancor	false				false	single_corpus_review	unreviewed	
4826	上班	1	8.130213	v	v:1	0.000000	soeng5baan1:1	0	0.000000				4.065107	false	0.000000	hkcancor	false				false	single_corpus_review	unreviewed	
4827	上網	1	8.130213	v	v:1	0.000000	soeng5mong5:1	0	0.000000				4.065107	false	0.000000	hkcancor	false				false	single_corpus_review	unreviewed	
4828	上路	1	8.130213	v	v:1	0.000000	soeng5lou6:1	0	0.000000				4.065107	false	0.000000	hkcancor	false				false	single_corpus_review	unreviewed	
4829	上身	1	8.130213	v	v:1	0.000000	soeng5san1:1	0	0.000000				4.065107	false	0.000000	hkcancor	false				false	single_corpus_review	unreviewed	
4830	上鎖	1	8.130213	v	v:1	0.000000	soeng5so2:1	0	0.000000				4.065107	false	0.000000	hkcancor	false				false	single_corpus_review	unreviewed	
4831	上鏡	1	8.130213	v	v:1	0.000000	soeng5geng3:1	0	0.000000				4.065107	false	0.000000	hkcancor	false				false	single_corpus_review	unreviewed	
4832	下個	1	8.130213	d	d:1	0.000000	haa6go3:1	0	0.000000				4.065107	false	0.000000	hkcancor	true	1036	23	*haa6go3	false	single_corpus_review	unreviewed	
4833	下冊	1	8.130213	n	n:1	0.000000	haa6caak3:1	0	0.000000				4.065107	false	0.000000	hkcancor	false				false	single_corpus_review	unreviewed	
4834	下午	1	8.130213	t	t:1	0.000000	haa6m5:1	0	0.000000				4.065107	false	0.000000	hkcancor	false				false	single_corpus_review	unreviewed	
4835	下層	1	8.130213	a	a:1	0.000000	haa6cang4:1	0	0.000000				4.065107	false	0.000000	hkcancor	false				false	single_corpus_review	unreviewed	
4836	下欄	1	8.130213	n	n:1	0.000000	haa6laan4:1	0	0.000000				4.065107	false	0.000000	hkcancor	false				false	single_corpus_review	unreviewed	
4837	下調	1	8.130213	vn	vn:1	0.000000	haa6tiu4:1	0	0.000000				4.065107	false	0.000000	hkcancor	false				false	single_corpus_review	unreviewed	
4838	不容置疑	1	8.130213	i	i:1	0.000000	bat1jung4zi3ji4:1	0	0.000000				4.065107	false	0.000000	hkcancor	false				false	single_corpus_review	unreviewed	
4839	不得了	1	8.130213	d	d:1	0.000000	bat1dak1liu5:1	0	0.000000				4.065107	false	0.000000	hkcancor	false				false	single_corpus_review	unreviewed	
4840	不惜	1	8.130213	v	v:1	0.000000	bat1sik1:1	0	0.000000				4.065107	false	0.000000	hkcancor	false				false	single_corpus_review	unreviewed	
4841	不明飛行物	1	8.130213	n	n:1	0.000000	bat1ming4fei1hang4mat6tai2:1	0	0.000000				4.065107	false	0.000000	hkcancor	false				false	single_corpus_review	unreviewed	
4842	不時	1	8.130213	d	d:1	0.000000	bat1si4:1	0	0.000000				4.065107	false	0.000000	hkcancor	false				false	single_corpus_review	unreviewed	
4843	不法之徒	1	8.130213	l	l:1	0.000000	bat1faat3zi1tou4:1	0	0.000000				4.065107	false	0.000000	hkcancor	false				false	single_corpus_review	unreviewed	
4844	不滿	1	8.130213	a	a:1	0.000000	bat1mun5:1	0	0.000000				4.065107	false	0.000000	hkcancor	false				false	single_corpus_review	unreviewed	
4845	不濟	1	8.130213	a	a:1	0.000000	baat1zai3:1	0	0.000000				4.065107	false	0.000000	hkcancor	false				false	single_corpus_review	unreviewed	
4846	不符	1	8.130213	v	v:1	0.000000	bat1fu4:1	0	0.000000				4.065107	false	0.000000	hkcancor	false				false	single_corpus_review	unreviewed	
4847	不能	1	8.130213	vu	vu:1	0.000000	bat1nang4:1	0	0.000000				4.065107	false	0.000000	hkcancor	false				false	single_corpus_review	unreviewed	
4848	不論	1	8.130213	c	c:1	0.000000	bat1leon6:1	0	0.000000				4.065107	false	0.000000	hkcancor	false				false	single_corpus_review	unreviewed	
4849	不願置評	1	8.130213	i	i:1	0.000000	bat1jyun6zi3ping4:1	0	0.000000				4.065107	false	0.000000	hkcancor	false				false	single_corpus_review	unreviewed	
4850	世界性	1	8.130213	n	n:1	0.000000	sai3gaai3sing3:1	0	0.000000				4.065107	false	0.000000	hkcancor	false				false	single_corpus_review	unreviewed	
4851	並且	1	8.130213	c	c:1	0.000000	bing6ce2:1	0	0.000000				4.065107	false	0.000000	hkcancor	false				false	single_corpus_review	unreviewed	
4852	中位	1	8.130213	n	n:1	0.000000	zung1wai2:1	0	0.000000				4.065107	false	0.000000	hkcancor	false				false	single_corpus_review	unreviewed	
4853	中六	1	8.130213	m	m:1	0.000000	zung1luk6:1	0	0.000000				4.065107	false	0.000000	hkcancor	false				false	single_corpus_review	unreviewed	
4854	中南海	1	8.130213	ns	ns:1	1.000000	zung1laam4hoi2:1	0	0.000000				4.065107	false	0.000000	hkcancor	false				false	single_corpus_review	unreviewed	
4855	中場	1	8.130213	f	f:1	0.000000	zung1coeng4:1	0	0.000000				4.065107	false	0.000000	hkcancor	false				false	single_corpus_review	unreviewed	
4856	中大	1	8.130213	nt	nt:1	1.000000	zung1daai6:1	0	0.000000				4.065107	false	0.000000	hkcancor	false				false	single_corpus_review	unreviewed	
4857	中產	1	8.130213	b	b:1	0.000000	zung1caan2:1	0	0.000000				4.065107	false	0.000000	hkcancor	false				false	single_corpus_review	unreviewed	
4858	中產人士	1	8.130213	n	n:1	0.000000	zung1caan2jan4si6:1	0	0.000000				4.065107	false	0.000000	hkcancor	false				false	single_corpus_review	unreviewed	
4859	中等	1	8.130213	b	b:1	0.000000	zung1ting2:1	0	0.000000				4.065107	false	0.000000	hkcancor	false				false	single_corpus_review	unreviewed	
4860	中興	1	8.130213	a	a:1	0.000000	zung1hing1:1	0	0.000000				4.065107	false	0.000000	hkcancor	false				false	single_corpus_review	unreviewed	
4861	中醫醫院	1	8.130213	x	x:1	0.000000	zung1ji1ji1jyun2:1	0	0.000000				4.065107	false	0.000000	hkcancor	false				false	single_corpus_review	unreviewed	
4862	主	1	8.130213	n	n:1	0.000000	zyu2:1	0	0.000000				4.065107	false	0.000000	hkcancor	false				false	single_corpus_review	unreviewed	
4863	主人	1	8.130213	n	n:1	0.000000	zyu2jan4:1	0	0.000000				4.065107	false	0.000000	hkcancor	false				false	single_corpus_review	unreviewed	
4864	主意	1	8.130213	n	n:1	0.000000	zyu2ji3:1	0	0.000000				4.065107	false	0.000000	hkcancor	false				false	single_corpus_review	unreviewed	
4865	主持	1	8.130213	v	v:1	0.000000	zyu2ci4:1	0	0.000000				4.065107	false	0.000000	hkcancor	false				false	single_corpus_review	unreviewed	
4866	主管	1	8.130213	vn	vn:1	0.000000	zyu2gun2:1	0	0.000000				4.065107	false	0.000000	hkcancor	false				false	single_corpus_review	unreviewed	
4867	主觀	1	8.130213	a	a:1	0.000000	zyu2gun1:1	0	0.000000				4.065107	false	0.000000	hkcancor	false				false	single_corpus_review	unreviewed	
4868	主題曲	1	8.130213	n	n:1	0.000000	zyu2tai4kuk1:1	0	0.000000				4.065107	false	0.000000	hkcancor	false				false	single_corpus_review	unreviewed	
4869	之際	1	8.130213	t	t:1	0.000000	zi1zai3:1	0	0.000000				4.065107	false	0.000000	hkcancor	false				false	single_corpus_review	unreviewed	
4870	之餘	1	8.130213	p	p:1	0.000000	zi1jyu4:1	0	0.000000				4.065107	false	0.000000	hkcancor	false				false	single_corpus_review	unreviewed	
4871	乖乖仔仔	1	8.130213	z	z:1	0.000000	gwaai1gwaai1zai2zai2:1	0	0.000000				4.065107	false	0.000000	hkcancor	false				false	single_corpus_review	unreviewed	
4872	乖仔	1	8.130213	n	n:1	0.000000	gwaai1zai2:1	0	0.000000				4.065107	false	0.000000	hkcancor	false				false	single_corpus_review	unreviewed	
4873	乜乜	1	8.130213	r	r:1	0.000000	mat1mat1:1	0	0.000000				4.065107	false	0.000000	hkcancor	false				false	single_corpus_review	unreviewed	
4874	乜水	1	8.130213	n	n:1	0.000000	mat1seoi2:1	0	0.000000				4.065107	false	0.000000	hkcancor	false				false	single_corpus_review	unreviewed	
4875	九五	1	8.130213	t	t:1	0.000000	gau2ng5:1	0	0.000000				4.065107	false	0.000000	hkcancor	false				false	single_corpus_review	unreviewed	
4876	九八年	1	8.130213	t	t:1	0.000000	gau2baat3nin4:1	0	0.000000				4.065107	false	0.000000	hkcancor	false				false	single_corpus_review	unreviewed	
4877	九六年	1	8.130213	t	t:1	0.000000	gau2luk6nin4:1	0	0.000000				4.065107	false	0.000000	hkcancor	false				false	single_corpus_review	unreviewed	
4878	九十五	1	8.130213	m	m:1	0.000000	gau2sap6ng5:1	0	0.000000				4.065107	false	0.000000	hkcancor	false				false	single_corpus_review	unreviewed	
4879	九唔搭八	1	8.130213	l	l:1	0.000000	gau2m4daap3baat3:1	0	0.000000				4.065107	false	0.000000	hkcancor	false				false	single_corpus_review	unreviewed	
4880	九巴	1	8.130213	nt	nt:1	1.000000	gau2baa1:1	0	0.000000				4.065107	false	0.000000	hkcancor	false				false	single_corpus_review	unreviewed	
4881	九號	1	8.130213	t	t:1	0.000000	gau2hou6:1	0	0.000000				4.065107	false	0.000000	hkcancor	false				false	single_corpus_review	unreviewed	
4882	九點十	1	8.130213	t	t:1	0.000000	gau2dim2sap6:1	0	0.000000				4.065107	false	0.000000	hkcancor	false				false	single_corpus_review	unreviewed	
4883	九點幾	1	8.130213	t	t:1	0.000000	gau2dim2gei2:1	0	0.000000				4.065107	false	0.000000	hkcancor	false				false	single_corpus_review	unreviewed	
4884	乾濕褸	1	8.130213	n	n:1	0.000000	gon1sap1lau1:1	0	0.000000				4.065107	false	0.000000	hkcancor	false				false	single_corpus_review	unreviewed	
4885	了	1	8.130213	u	u:1	0.000000	liu5:1	0	0.000000				4.065107	false	0.000000	hkcancor	false				false	single_corpus_review	unreviewed	
4886	事宜	1	8.130213	n	n:1	0.000000	si6ji4:1	0	0.000000				4.065107	false	0.000000	hkcancor	false				false	single_corpus_review	unreviewed	
4887	事實上	1	8.130213	d	d:1	0.000000	si6sat6soeng6:1	0	0.000000				4.065107	false	0.000000	hkcancor	true	1495	14	si6sat6soeng6	false	single_corpus_review	unreviewed	
4888	事態	1	8.130213	n	n:1	0.000000	si6taai3:1	0	0.000000				4.065107	false	0.000000	hkcancor	false				false	single_corpus_review	unreviewed	
4889	事物	1	8.130213	n	n:1	0.000000	si6mat6:1	0	0.000000				4.065107	false	0.000000	hkcancor	false				false	single_corpus_review	unreviewed	
4890	事緣	1	8.130213	d	d:1	0.000000	si6jyun4:1	0	0.000000				4.065107	false	0.000000	hkcancor	false				false	single_corpus_review	unreviewed	
4891	二五萬五	1	8.130213	m	m:1	0.000000	ji6m5maan6m5:1	0	0.000000				4.065107	false	0.000000	hkcancor	false				false	single_corpus_review	unreviewed	
4892	二六四零零	1	8.130213	m	m:1	0.000000	ji6luk6sei3ling4ling4:1	0	0.000000				4.065107	false	0.000000	hkcancor	false				false	single_corpus_review	unreviewed	
4893	二十九萬	1	8.130213	m	m:1	0.000000	ji6sap6gau2maan6:1	0	0.000000				4.065107	false	0.000000	hkcancor	false				false	single_corpus_review	unreviewed	
4894	二十二日	1	8.130213	t	t:1	0.000000	ji6sap6ji6jat6:1	0	0.000000				4.065107	false	0.000000	hkcancor	false				false	single_corpus_review	unreviewed	
4895	二十四號	1	8.130213	t	t:1	0.000000	ji6sap6sei3hou6:1	0	0.000000				4.065107	false	0.000000	hkcancor	false				false	single_corpus_review	unreviewed	
4896	二千九	1	8.130213	m	m:1	0.000000	ji6cin1gau2:1	0	0.000000				4.065107	false	0.000000	hkcancor	false				false	single_corpus_review	unreviewed	
4897	二千九百	1	8.130213	m	m:1	0.000000	ji6cin1gau2baak3:1	0	0.000000				4.065107	false	0.000000	hkcancor	false				false	single_corpus_review	unreviewed	
4898	二千二	1	8.130213	m	m:1	0.000000	ji6cin1ji6:1	0	0.000000				4.065107	false	0.000000	hkcancor	false				false	single_corpus_review	unreviewed	
4899	二千四	1	8.130213	m	m:1	0.000000	ji6cin1sei3:1	0	0.000000				4.065107	false	0.000000	hkcancor	false				false	single_corpus_review	unreviewed	
4900	二氧化炭	1	8.130213	n	n:1	0.000000	ji6joeng5faa3taan3:1	0	0.000000				4.065107	false	0.000000	hkcancor	false				false	single_corpus_review	unreviewed	
4901	二百一十六	1	8.130213	m	m:1	0.000000	ji6baak3jat1sap6luk6:1	0	0.000000				4.065107	false	0.000000	hkcancor	false				false	single_corpus_review	unreviewed	
4902	二萬五一	1	8.130213	m	m:1	0.000000	ji6maan6m5jat1:1	0	0.000000				4.065107	false	0.000000	hkcancor	false				false	single_corpus_review	unreviewed	
4903	五十五	1	8.130213	m	m:1	0.000000	ng5sap6ng5:1	0	0.000000				4.065107	false	0.000000	hkcancor	false				false	single_corpus_review	unreviewed	
4904	五幾年	1	8.130213	t	t:1	0.000000	ng2gei2nin4:1	0	0.000000				4.065107	false	0.000000	hkcancor	false				false	single_corpus_review	unreviewed	
4905	五月份	1	8.130213	t	t:1	0.000000	ng5jyut6fan6:1	0	0.000000				4.065107	false	0.000000	hkcancor	false				false	single_corpus_review	unreviewed	
4906	五百五	1	8.130213	m	m:1	0.000000	ng5baak3ng5:1	0	0.000000				4.065107	false	0.000000	hkcancor	false				false	single_corpus_review	unreviewed	
4907	五萬	1	8.130213	m	m:1	0.000000	ng5maan6:1	0	0.000000				4.065107	false	0.000000	hkcancor	false				false	single_corpus_review	unreviewed	
4908	五顏六色	1	8.130213	i	i:1	0.000000	ng5ngaan4luk6sik1:1	0	0.000000				4.065107	false	0.000000	hkcancor	false				false	single_corpus_review	unreviewed	
4909	五點四	1	8.130213	t	t:1	0.000000	ng5dim2sei3:1	0	0.000000				4.065107	false	0.000000	hkcancor	false				false	single_corpus_review	unreviewed	
4910	交易場	1	8.130213	n	n:1	0.000000	gaau1jik6coeng4:1	0	0.000000				4.065107	false	0.000000	hkcancor	false				false	single_corpus_review	unreviewed	
4911	交流	1	8.130213	v	v:1	0.000000	gaau1lau4:1	0	0.000000				4.065107	false	0.000000	hkcancor	false				false	single_corpus_review	unreviewed	
4912	交租	1	8.130213	v	v:1	0.000000	gaau1zou1:1	0	0.000000				4.065107	false	0.000000	hkcancor	false				false	single_corpus_review	unreviewed	
4913	交稅	1	8.130213	v	v:1	0.000000	gaau1seoi3:1	0	0.000000				4.065107	false	0.000000	hkcancor	false				false	single_corpus_review	unreviewed	
4914	交通	1	8.130213	n	n:1	0.000000	gaau1tung1:1	0	0.000000				4.065107	false	0.000000	hkcancor	false				false	single_corpus_review	unreviewed	
4915	交通大學	1	8.130213	nt	nt:1	1.000000	gaau1tung1daai6hok6:1	0	0.000000				4.065107	false	0.000000	hkcancor	false				false	single_corpus_review	unreviewed	
4916	亦仔	1	8.130213	nr	nr:1	1.000000	jik6zai2:1	0	0.000000				4.065107	false	0.000000	hkcancor	false				false	single_corpus_review	unreviewed	
4917	享有	1	8.130213	v	v:1	0.000000	hoeng2jau5:1	0	0.000000				4.065107	false	0.000000	hkcancor	false				false	single_corpus_review	unreviewed	
4918	享用	1	8.130213	v	v:1	0.000000	hoeng2jung6:1	0	0.000000				4.065107	false	0.000000	hkcancor	false				false	single_corpus_review	unreviewed	
4919	人一世	1	8.130213	l	l:1	0.000000	jan4jat1sai3:1	0	0.000000				4.065107	false	0.000000	hkcancor	false				false	single_corpus_review	unreviewed	
4920	人仕	1	8.130213	n	n:1	0.000000	jan4si6:1	0	0.000000				4.065107	false	0.000000	hkcancor	false				false	single_corpus_review	unreviewed	
4921	人場	1	8.130213	n	n:1	0.000000	jan4coeng4:1	0	0.000000				4.065107	false	0.000000	hkcancor	false				false	single_corpus_review	unreviewed	
4922	人性	1	8.130213	n	n:1	0.000000	jan4sing3:1	0	0.000000				4.065107	false	0.000000	hkcancor	false				false	single_corpus_review	unreviewed	
4923	人情味	1	8.130213	n	n:1	0.000000	jan4cing4mei6:1	0	0.000000				4.065107	false	0.000000	hkcancor	false				false	single_corpus_review	unreviewed	
4924	人情還人情	1	8.130213	l	l:1	0.000000	jan4cing4waan4jan4cing4:1	0	0.000000				4.065107	false	0.000000	hkcancor	false				false	single_corpus_review	unreviewed	
4925	人格	1	8.130213	n	n:1	0.000000	jan4gaak3:1	0	0.000000				4.065107	false	0.000000	hkcancor	false				false	single_corpus_review	unreviewed	
4926	人權	1	8.130213	n	n:1	0.000000	jan4kyun4:1	0	0.000000				4.065107	false	0.000000	hkcancor	true	729	36	jan4kyun4	false	single_corpus_review	unreviewed	
4927	人氣	1	8.130213	n	n:1	0.000000	jan4hei3:1	0	0.000000				4.065107	false	0.000000	hkcancor	false				false	single_corpus_review	unreviewed	
4928	人牆	1	8.130213	n	n:1	0.000000	jan4coeng4:1	0	0.000000				4.065107	false	0.000000	hkcancor	false				false	single_corpus_review	unreviewed	
4929	人物	1	8.130213	n	n:1	0.000000	jan4mat2:1	0	0.000000				4.065107	false	0.000000	hkcancor	false				false	single_corpus_review	unreviewed	
4930	人聲	1	8.130213	n	n:1	0.000000	jan4seng1:1	0	0.000000				4.065107	false	0.000000	hkcancor	false				false	single_corpus_review	unreviewed	
4931	人証	1	8.130213	n	n:1	0.000000	jan4zing3:1	0	0.000000				4.065107	false	0.000000	hkcancor	false				false	single_corpus_review	unreviewed	
4932	人證	1	8.130213	n	n:1	0.000000	jan4zing3:1	0	0.000000				4.065107	false	0.000000	hkcancor	false				false	single_corpus_review	unreviewed	
4933	人身安全	1	8.130213	n	n:1	0.000000	jan4san1on1cyun4:1	0	0.000000				4.065107	false	0.000000	hkcancor	false				false	single_corpus_review	unreviewed	
4934	人造	1	8.130213	a	a:1	0.000000	jan4zou6:1	0	0.000000				4.065107	false	0.000000	hkcancor	false				false	single_corpus_review	unreviewed	
4935	人道	1	8.130213	a	a:1	0.000000	jan4dou6:1	0	0.000000				4.065107	false	0.000000	hkcancor	false				false	single_corpus_review	unreviewed	
4936	人選	1	8.130213	n	n:1	0.000000	jan4syun2:1	0	0.000000				4.065107	false	0.000000	hkcancor	false				false	single_corpus_review	unreviewed	
4937	人間	1	8.130213	n	n:1	0.000000	jan4gaan1:1	0	0.000000				4.065107	false	0.000000	hkcancor	false				false	single_corpus_review	unreviewed	
4938	人間蒸發	1	8.130213	v	v:1	0.000000	jan4gaan1zing1faat3:1	0	0.000000				4.065107	false	0.000000	hkcancor	false				false	single_corpus_review	unreviewed	
4939	仁心仁術	1	8.130213	nz	nz:1	1.000000	jan4sam1jan4seot6:1	0	0.000000				4.065107	false	0.000000	hkcancor	false				false	single_corpus_review	unreviewed	
4940	仆	1	8.130213	v	v:1	0.000000	puk1:1	0	0.000000				4.065107	false	0.000000	hkcancor	false				false	single_corpus_review	unreviewed	
4941	仆去	1	8.130213	v	v:1	0.000000	puk1heoi3:1	0	0.000000				4.065107	false	0.000000	hkcancor	false				false	single_corpus_review	unreviewed	
4942	仆直	1	8.130213	v	v:1	0.000000	puk1zik6:1	0	0.000000				4.065107	false	0.000000	hkcancor	false				false	single_corpus_review	unreviewed	
4943	仇人	1	8.130213	n	n:1	0.000000	sau4jan4:1	0	0.000000				4.065107	false	0.000000	hkcancor	false				false	single_corpus_review	unreviewed	
4944	他媽哥池	1	8.130213	nz	nz:1	1.000000	taa1maa1go1ci4:1	0	0.000000				4.065107	false	0.000000	hkcancor	false				false	single_corpus_review	unreviewed	
4945	他條	1	8.130213	a	a:1	0.000000	taa1tiu4:1	0	0.000000				4.065107	false	0.000000	hkcancor	false				false	single_corpus_review	unreviewed	
4946	付出	1	8.130213	v	v:1	0.000000	fu6ceot1:1	0	0.000000				4.065107	false	0.000000	hkcancor	false				false	single_corpus_review	unreviewed	
4947	仙境	1	8.130213	n	n:1	0.000000	sin1ging2:1	0	0.000000				4.065107	false	0.000000	hkcancor	false				false	single_corpus_review	unreviewed	
4948	代入	1	8.130213	v	v:1	0.000000	doi6jap6:1	0	0.000000				4.065107	false	0.000000	hkcancor	false				false	single_corpus_review	unreviewed	
4949	代替	1	8.130213	v	v:1	0.000000	doi6tai3:1	0	0.000000				4.065107	false	0.000000	hkcancor	false				false	single_corpus_review	unreviewed	
4950	以及	1	8.130213	c	c:1	0.000000	ji5kap6:1	0	0.000000				4.065107	false	0.000000	hkcancor	false				false	single_corpus_review	unreviewed	
4951	以至到	1	8.130213	p	p:1	0.000000	ji5zi3dou3:1	0	0.000000				4.065107	false	0.000000	hkcancor	false				false	single_corpus_review	unreviewed	
4952	件件	1	8.130213	q	q:1	0.000000	gin6gin6:1	0	0.000000				4.065107	false	0.000000	hkcancor	false				false	single_corpus_review	unreviewed	
4953	份量	1	8.130213	n	n:1	0.000000	fan6loeng6:1	0	0.000000				4.065107	false	0.000000	hkcancor	false				false	single_corpus_review	unreviewed	
4954	企業	1	8.130213	n	n:1	0.000000	kei5jip6:1	0	0.000000				4.065107	false	0.000000	hkcancor	false				false	single_corpus_review	unreviewed	
4955	企起身	1	8.130213	v	v:1	0.000000	kei5hei2san1:1	0	0.000000				4.065107	false	0.000000	hkcancor	false				false	single_corpus_review	unreviewed	
4956	伏喱喱	1	8.130213	v	v:1	0.000000	buk6nei1nei1:1	0	0.000000				4.065107	false	0.000000	hkcancor	false				false	single_corpus_review	unreviewed	
4957	休	1	8.130213	Ng	Ng:1	0.000000	jau1:1	0	0.000000				4.065107	false	0.000000	hkcancor	false				false	single_corpus_review	unreviewed	
4958	休息	1	8.130213	v	v:1	0.000000	jau1sik1:1	0	0.000000				4.065107	false	0.000000	hkcancor	false				false	single_corpus_review	unreviewed	
4959	伴唱	1	8.130213	v	v:1	0.000000	bun6coeng3:1	0	0.000000				4.065107	false	0.000000	hkcancor	false				false	single_corpus_review	unreviewed	
4960	似層層	1	8.130213	z	z:1	0.000000	ci5cang4cang4:1	0	0.000000				4.065107	false	0.000000	hkcancor	false				false	single_corpus_review	unreviewed	
4961	但求	1	8.130213	v	v:1	0.000000	daan6kau4:1	0	0.000000				4.065107	false	0.000000	hkcancor	false				false	single_corpus_review	unreviewed	
4962	佈置	1	8.130213	v	v:1	0.000000	bou3zi3:1	0	0.000000				4.065107	false	0.000000	hkcancor	false				false	single_corpus_review	unreviewed	
4963	低處	1	8.130213	s	s:1	0.000000	dai1cyu3:1	0	0.000000				4.065107	false	0.000000	hkcancor	false				false	single_corpus_review	unreviewed	
4964	低迷	1	8.130213	a	a:1	0.000000	dai1mai4:1	0	0.000000				4.065107	false	0.000000	hkcancor	false				false	single_corpus_review	unreviewed	
4965	佐治奧當奴	1	8.130213	nr	nr:1	1.000000	zo2zi6ou3dong1nou4:1	0	0.000000				4.065107	false	0.000000	hkcancor	false				false	single_corpus_review	unreviewed	
4966	何來	1	8.130213	r	r:1	0.000000	ho4loi4:1	0	0.000000				4.065107	false	0.000000	hkcancor	false				false	single_corpus_review	unreviewed	
4967	何必當初	1	8.130213	i	i:1	0.000000	ho4bit1dong1co1:1	0	0.000000				4.065107	false	0.000000	hkcancor	false				false	single_corpus_review	unreviewed	
4968	何況	1	8.130213	c	c:1	0.000000	ho4fong3:1	0	0.000000				4.065107	false	0.000000	hkcancor	false				false	single_corpus_review	unreviewed	
4969	何謂	1	8.130213	r	r:1	0.000000	ho4wai6:1	0	0.000000				4.065107	false	0.000000	hkcancor	false				false	single_corpus_review	unreviewed	
4970	作嘔	1	8.130213	v	v:1	0.000000	zok3au2:1	0	0.000000				4.065107	false	0.000000	hkcancor	false				false	single_corpus_review	unreviewed	
4971	作家	1	8.130213	n	n:1	0.000000	zok3gaa1:1	0	0.000000				4.065107	false	0.000000	hkcancor	false				false	single_corpus_review	unreviewed	
4972	你有張良計	1	8.130213	l	l:1	0.000000	nei5jau5zoeng1loeng4gai3:1	0	0.000000				4.065107	false	0.000000	hkcancor	false				false	single_corpus_review	unreviewed	
4973	佢度	1	8.130213	r	r:1	0.000000	keoi5dou6:1	0	0.000000				4.065107	false	0.000000	hkcancor	false				false	single_corpus_review	unreviewed	
4974	佣金	1	8.130213	n	n:1	0.000000	jung2gam1:1	0	0.000000				4.065107	false	0.000000	hkcancor	false				false	single_corpus_review	unreviewed	
4975	使用	1	8.130213	v	v:1	0.000000	sai2jung6:1	0	0.000000				4.065107	false	0.000000	hkcancor	false				false	single_corpus_review	unreviewed	
4976	來源	1	8.130213	n	n:1	0.000000	loi4jyun4:1	0	0.000000				4.065107	false	0.000000	hkcancor	false				false	single_corpus_review	unreviewed	
4977	來臨	1	8.130213	vn	vn:1	0.000000	loi4lam4:1	0	0.000000				4.065107	false	0.000000	hkcancor	false				false	single_corpus_review	unreviewed	
4978	來𡁵	1	8.130213	t	t:1	0.000000	lai4gan2:1	0	0.000000				4.065107	false	0.000000	hkcancor	false				false	single_corpus_review	unreviewed	
4979	來𡁵頭	1	8.130213	l	l:1	0.000000	lai4gan2tau4:1	0	0.000000				4.065107	false	0.000000	hkcancor	false				false	single_corpus_review	unreviewed	
4980	侍應	1	8.130213	n	n:1	0.000000	si6jing3:1	0	0.000000				4.065107	false	0.000000	hkcancor	false				false	single_corpus_review	unreviewed	
4981	供會	1	8.130213	n	n:1	0.000000	gung1wui2:1	0	0.000000				4.065107	false	0.000000	hkcancor	false				false	single_corpus_review	unreviewed	
4982	便利	1	8.130213	nz	nz:1	1.000000	bin6lei6:1	0	0.000000				4.065107	false	0.000000	hkcancor	false				false	single_corpus_review	unreviewed	
4983	係噉意	1	8.130213	d	d:1	0.000000	hai6gam2ji2:1	0	0.000000				4.065107	false	0.000000	hkcancor	false				false	single_corpus_review	unreviewed	
4984	促銷	1	8.130213	v	v:1	0.000000	cuk1siu1:1	0	0.000000				4.065107	false	0.000000	hkcancor	false				false	single_corpus_review	unreviewed	
4985	俚語	1	8.130213	n	n:1	0.000000	lei5jyu5:1	0	0.000000				4.065107	false	0.000000	hkcancor	false				false	single_corpus_review	unreviewed	
4986	保值	1	8.130213	v	v:1	0.000000	bou2zik6:1	0	0.000000				4.065107	false	0.000000	hkcancor	false				false	single_corpus_review	unreviewed	
4987	保存	1	8.130213	v	v:1	0.000000	bou2cyun4:1	0	0.000000				4.065107	false	0.000000	hkcancor	false				false	single_corpus_review	unreviewed	
4988	保安	1	8.130213	n	n:1	0.000000	bou2on1:1	0	0.000000				4.065107	false	0.000000	hkcancor	false				false	single_corpus_review	unreviewed	
4989	保留	1	8.130213	v	v:1	0.000000	bou2lau4:1	0	0.000000				4.065107	false	0.000000	hkcancor	false				false	single_corpus_review	unreviewed	
4990	保養	1	8.130213	v	v:1	0.000000	bou2joeng5:1	0	0.000000				4.065107	false	0.000000	hkcancor	false				false	single_corpus_review	unreviewed	
4991	信仰	1	8.130213	n	n:1	0.000000	seon3joeng5:1	0	0.000000				4.065107	false	0.000000	hkcancor	false				false	single_corpus_review	unreviewed	
4992	信和	1	8.130213	nt	nt:1	1.000000	seon3wo2:1	0	0.000000				4.065107	false	0.000000	hkcancor	false				false	single_corpus_review	unreviewed	
4993	信得過	1	8.130213	a	a:1	0.000000	seon3dak1gwo3:1	0	0.000000				4.065107	false	0.000000	hkcancor	false				false	single_corpus_review	unreviewed	
4994	信念	1	8.130213	n	n:1	0.000000	seon3nim6:1	0	0.000000				4.065107	false	0.000000	hkcancor	false				false	single_corpus_review	unreviewed	
4995	信用咭	1	8.130213	n	n:1	0.000000	seon3jung6kaat1:1	0	0.000000				4.065107	false	0.000000	hkcancor	false				false	single_corpus_review	unreviewed	
4996	信道	1	8.130213	n	n:1	0.000000	seon3dou6:1	0	0.000000				4.065107	false	0.000000	hkcancor	false				false	single_corpus_review	unreviewed	
4997	俾錢	1	8.130213	v	v:1	0.000000	bei2cin2:1	0	0.000000				4.065107	false	0.000000	hkcancor	false				false	single_corpus_review	unreviewed	
4998	倉	1	8.130213	n	n:1	0.000000	cong1:1	0	0.000000				4.065107	false	0.000000	hkcancor	false				false	single_corpus_review	unreviewed	
4999	個三	1	8.130213	m	m:1	0.000000	go3saam1:1	0	0.000000				4.065107	false	0.000000	hkcancor	false				false	single_corpus_review	unreviewed	
5000	個別	1	8.130213	a	a:1	0.000000	go3bit6:1	0	0.000000				4.065107	false	0.000000	hkcancor	false				false	single_corpus_review	unreviewed	
