candidate_rank	word	combined_equal_corpus_ppm	hkcancor_count	cantomap_count	attested_both_spoken_corpora	cross_corpus_balance	hkcancor_top_pos	hkcancor_pos_counts	hkcancor_proper_like_share	hkcancor_jyutping_counts	cantomap_top_pos	cantomap_pos_counts	cantomap_jyutping_counts	cifu_top2000	cifu_rank	known_invalid_atomic	rime_present	rime_readings_compact	rime_source_files	review_flags	expert_status	expert_note
17	噉	11142.457601	2741	0	false	0.000000	c	c:2142|r:577|e:8|u:7|y:5|d:2	0.000000	gam2:2741				true	20	false	true	daam6|gam2	jyut6ping3.chars.dict.yaml	single_corpus_signal	unreviewed	
25	跟住	7693.317153	338	1224	true	0.217430	c	c:323|v:15	0.000000	gan1zyu6:338	c	c:1224	gan1zyu6:1224	true	30	false	true	gan1zyu6	jyut6ping3.words.dict.yaml	aspect_result_sequence	unreviewed	
33	唔係	5308.202341	1081	177	true	0.207952	v	v:1080|x:1	0.000000	m4hai6:1081	v	v:177	m4hai6:177	true	29	false	true	m4hai6	jyut6ping3.words.dict.yaml	negated_sequence	unreviewed	
35	向	5117.142239	4	988	true	0.003188	p	p:4	0.000000	hoeng3:4	p	p:366|n:307|v:206|a:80|xv:11|nr:3|d:3|x:3	hoeng3:988	true	49	false	true	hoeng3	jyut6ping3.chars.dict.yaml	domain_concentration_signal	unreviewed	
37	中間	4713.017505	10	905	true	0.008700	f	f:10	0.000000	zung1gaan1:10	f	f:905	zung1gaan1:905	true	52	false	true	zung1gaan1	jyut6ping3.words.dict.yaml	domain_concentration_signal	unreviewed	
38	行	4578.287545	81	823	true	0.077494	v	v:72|Ng:3|a:3|n:2|q:1	0.000000	haang4:72|hong4:6|hong2:3	v	v:818|n:4|Ng:1	hang4:823	true	145	false	true	haang4|hang4|hang6|hong2|hong4|hong6	jyut6ping3.chars.dict.yaml	domain_concentration_signal	unreviewed	
41	上	4373.969570	79	785	true	0.079239	v	v:38|f:37|k:3|p:1	0.000000	soeng5:43|soeng6:36	f	f:513|v:263|n:7|d:1|k:1	soeng6:785	true	55	false	true	soeng5|soeng6	jyut6ping3.chars.dict.yaml	domain_concentration_signal	unreviewed	
43	兜	4301.414176	4	830	true	0.003795	v	v:2|q:2	0.000000	dau1:4	v	v:677|n:84|a:23|q:13|d:6|vu:6|x:5|Ng:4	dau1:830	true	78	false	true	dau1	jyut6ping3.chars.dict.yaml	domain_concentration_signal	unreviewed	
50	下面	3732.730314	0	723	false	0.000000			0.000000		f	f:361|n:254|Ng:36|x:34|a:17|t:11|q:3|Nsg:2	haa6min6:723	true	65	false	true	haa6min6	jyut6ping3.words.dict.yaml	single_corpus_signal	unreviewed	
55	嗰啲	3276.476040	806	0	false	0.000000	r	r:804|q:2	0.000000	go2di1:806				false		false	true	go2di1	jyut6ping3.words.dict.yaml	single_corpus_signal|demonstrative_sequence	unreviewed	
57	畫	3096.603776	1	599	true	0.001314	n	n:1	0.000000	waa2:1	n	n:378|v:195|a:16|d:3|q:2|m:2|nr:1|x:1	waak6:598|waa5:1	true	201	false	true	waa2|waa6|waak6	jyut6ping3.chars.dict.yaml	domain_concentration_signal	unreviewed	
58	人	3091.882097	739	17	true	0.029216	n	n:739	0.000000	jan4:718|jan2:21	n	n:17	jan4:17	true	50	false	true	jan2|jan4	jyut6ping3.chars.dict.yaml	domain_concentration_signal	unreviewed	
59	𠻺	3077.436164	517	189	true	0.464288	d	d:328|y1:152|y:16|e:9|u:7|c:5	0.000000	aa6:517	d	d:157|y:17|y1:12|e:2|Vg:1	a6:119|aa6:70	false		false	false			rime_absent	unreviewed	
67	噉樣	2865.900259	705	0	false	0.000000	c	c:387|r:312|d:4|y:2	0.000000	gam2joeng2:705				true	73	false	true	gam2joeng2	jyut6ping3.words.dict.yaml	single_corpus_signal	unreviewed	
69	我哋	2857.885308	416	226	true	0.689972	r	r:415|w:1	0.000000	ngo5dei6:416	r	r:226	ngo5dei6:226	false		false	true	ngo5dei6	jyut6ping3.words.dict.yaml	pronoun_sequence	unreviewed	
70	右	2841.429362	3	548	true	0.004310	f	f:3	0.000000	jau6:3	f	f:232|n:193|v:52|vn:42|x:15|Nsg:3|y1:2|a:2	jau6:547|lau1:1	true	92	false	true	jau6	jyut6ping3.chars.dict.yaml	domain_concentration_signal	unreviewed	
71	喀	2829.314298	696	0	false	0.000000	e	e:696	0.000000	haak6:696				true	39	false	true	haak1|haak3|kaa1|kaa3	jyut6ping3.chars.dict.yaml	single_corpus_signal	unreviewed	
72	字	2819.269271	42	513	true	0.064464	n	n:39|q:3	0.000000	zi6:42	n	n:513	zi6:513	true	100	false	true	zi6	jyut6ping3.chars.dict.yaml	domain_concentration_signal	unreviewed	
76	覺得	2656.589866	637	13	true	0.025919	v	v:637	0.000000	gok3dak1:637	v	v:13	gok3dak1:13	true	45	false	true	gok3dak1	jyut6ping3.words.dict.yaml	domain_concentration_signal	unreviewed	
77	上面	2643.818061	9	505	true	0.014032	f	f:9	0.000000	soeng6min6:9	f	f:486|n:15|v:4	soeng6min6:505	true	85	false	true	soeng6min6	jyut6ping3.words.dict.yaml	domain_concentration_signal	unreviewed	
78	乜嘢	2621.547744	636	7	true	0.013978	r	r:633|n:3	0.000000	mat1je5:636	r	r:7	mat1je5:7	false		false	true	mat1je5	jyut6ping3.words.dict.yaml	domain_concentration_signal	unreviewed	
79	知	2596.024283	584	43	true	0.093513	v	v:583|g1:1	0.000000	zi1:584	v	v:43	zi1:43	true	76	false	true	zi1|zi3	jyut6ping3.chars.dict.yaml	domain_concentration_signal	unreviewed	
82	真係	2526.060340	596	20	true	0.042619	d	d:593|c:3	0.000000	zan1hai6:596	d	d:20	zan1hai6:20	true	56	false	true	zan1hai6	jyut6ping3.words.dict.yaml	domain_concentration_signal	unreviewed	
84	然之後	2479.619834	41	448	true	0.072059	c	c:41	0.000000	jin4zi1hau6:41	c	c:448	jin4zi1hau6:448	false		false	true	jin4zi1hau6	jyut6ping3.words.dict.yaml	domain_concentration_signal	unreviewed	
88	經過	2307.136002	10	439	true	0.017936	v	v:8|vn:2	0.000000	ging1gwo3:10	v	v:391|u:34|d:8|vn:2|a:2|x:2	ging1gwo3:439	true	93	false	true	ging1gwo3	jyut6ping3.words.dict.yaml	domain_concentration_signal|aspect_result_sequence	unreviewed	
89	左	2284.615010	7	437	true	0.012612	f	f:7	0.000000	zo2:7	f	f:300|n:61|v:27|vn:23|x:8|a:6|q:3|Lg:2	zo2:437	true	118	false	true	zo2	jyut6ping3.chars.dict.yaml	domain_concentration_signal	unreviewed	
92	俾	2054.833766	475	24	true	0.064170	p	p:254|v:218|vu:3	0.000000	bei2:475	v	v:12|p:12	bei2:24	true	103	false	true	bei2|pai3	jyut6ping3.chars.dict.yaml	domain_concentration_signal	unreviewed	
94	來	1984.869823	487	1	true	0.002608	v	v:336|vk:86|y:53|p:11|y1:1	0.000000	lai4:487	v	v:1	loi4:1	true	90	false	true	lai4|loi4|loi6	jyut6ping3.chars.dict.yaml	domain_concentration_signal	unreviewed	
99	好似	1825.247958	322	100	true	0.394421	v	v:319|d:3	0.000000	hou2ci5:322	v	v:100	hou2ci5:100	true	83	false	true	hou2ci5	jyut6ping3.words.dict.yaml	degree_sequence	unreviewed	
103	角	1734.712843	0	336	false	0.000000			0.000000		n	n:321|v:6|x:6|ns:2|m:1	gok3:336	true	147	false	true	gok2|gok3|luk6	jyut6ping3.chars.dict.yaml	single_corpus_signal	unreviewed	
107	穿	1634.423504	2	315	true	0.004999	v	v:2	0.000000	cyun1:2	v	v:286|n:14|a:12|k:1|t:1|nr:1	cyun1:315	true	581	false	true	cyun1	jyut6ping3.chars.dict.yaml	domain_concentration_signal	unreviewed	
108	因為	1620.844773	353	36	true	0.129522	c	c:353	0.000000	jan1wai6:353	c	c:36	jan1wai6:36	true	59	false	false			rime_absent	unreviewed	
109	佢哋	1619.471352	279	94	true	0.427898	r	r:279	0.000000	keoi5dei6:279	r	r:94	keoi5dei6:94	false		false	true	keoi5dei6	jyut6ping3.words.dict.yaml	pronoun_sequence	unreviewed	
110	位	1605.556738	33	285	true	0.091170	q	q:21|n:11|Ng:1	0.000000	wai2:33	n	n:152|q:117|Ng:15|v:1	wai6:285	true	236	false	true	wai2|wai6	jyut6ping3.chars.dict.yaml	domain_concentration_signal	unreviewed	
112	戀燕池	1554.013589	0	301	false	0.000000			0.000000		n	n:246|v:24|x:13|a:5|Ng:4|d:3|ns:3|Nsg:2	lyun2jin3ci4:301	false		false	false			single_corpus_signal|rime_absent	unreviewed	
113	嗰個	1544.740565	380	0	false	0.000000	r	r:378|x:1|q:1	0.000000	go2go3:380				false		false	true	go2go3|go3go3	jyut6ping3.words.dict.yaml	single_corpus_signal|demonstrative_sequence	unreviewed	
114	哩個	1524.415031	375	0	false	0.000000	r	r:375	0.000000	ni1go3:375				true	151	true	true	ni1go3	jyut6ping3.words.dict.yaml	known_invalid_atomic|single_corpus_signal|demonstrative_sequence	unreviewed	
115	線	1452.746821	17	268	true	0.049946	n	n:16|q:1	0.000000	sin3:17	n	n:268	sin3:268	true	164	false	true	sin3	jyut6ping3.chars.dict.yaml	domain_concentration_signal	unreviewed	
116	終點	1424.942693	0	276	false	0.000000			0.000000		n	n:179|t:56|x:29|r:4|a:2|ns:2|Nsg:1|l:1	zung1dim2:276	true	141	false	true	zung1dim2	jyut6ping3.words.dict.yaml	single_corpus_signal	unreviewed	
118	然後	1413.313782	20	258	true	0.061037	c	c:20	0.000000	jin4hau6:20	c	c:258	jin4hau6:258	true	124	false	true	jin4hau6	jyut6ping3.words.dict.yaml	domain_concentration_signal	unreviewed	
119	擁腰沙漠	1368.151498	0	265	false	0.000000			0.000000		n	n:127|v:91|x:14|a:10|ns:7|Ng:4|d:3|vn:2	jung2jiu1saa1mok6:265	false		false	false			single_corpus_signal|rime_absent	unreviewed	
121	自己	1324.332581	308	14	true	0.057729	r	r:308	0.000000	zi6gei2:308	r	r:14	zi6gei2:14	true	71	false	true	zi6gei2	jyut6ping3.words.dict.yaml	domain_concentration_signal	unreviewed	
122	嗰度	1313.986845	134	149	true	0.708112	r	r:134	0.000000	go2dou6:134	r	r:149	go2dou6:149	false		false	true	go2dou6	jyut6ping3.words.dict.yaml	demonstrative_sequence	unreviewed	
124	買	1280.508626	315	0	false	0.000000	v	v:315	0.000000	maai5:315				true	123	false	true	maai5	jyut6ping3.chars.dict.yaml	single_corpus_signal	unreviewed	
125	韻𡃁洞	1264.894781	0	245	false	0.000000			0.000000		n	n:183|v:30|Ng:6|x:5|a:5|vn:3|q:3|nr:2	wan5leng1dung6:245	false		false	false			single_corpus_signal|rime_absent	unreviewed	
127	咁樣	1244.243438	0	241	false	0.000000			0.000000		n	n:101|d:28|r:25|l:21|x:13|c:13|Ng:10|q:10	gam2joeng2:241	true	72	false	true	gam3joeng6	jyut6ping3.words.dict.yaml	single_corpus_signal|degree_sequence	unreviewed	
128	落去	1230.333861	55	195	true	0.222081	v	v:55	0.000000	lok6heoi3:55	v	v:195	lok6heoi3:195	true	121	true	true	lok6heoi3	jyut6ping3.words.dict.yaml	known_invalid_atomic|directional_chain	unreviewed	
132	上去	1141.878941	18	207	true	0.068468	v	v:18	0.000000	soeng5heoi3:18	v	v:207	soeng5heoi3:207	true	144	true	true	soeng5heoi3	jyut6ping3.words.dict.yaml	known_invalid_atomic|domain_concentration_signal|directional_chain	unreviewed	
133	哩	1117.904356	275	0	false	0.000000	r	r:272|y:3	0.000000	ni1:273|le5:2				true	120	false	true	le5|lei1|lei5|li1	jyut6ping3.chars.dict.yaml	single_corpus_signal	unreviewed	
134	啫	1102.947168	251	16	true	0.080959	y	y:241|c:9|y1:1	0.000000	ze1:251	y	y:16	ze1:15|zep1:1	true	130	false	true	ze1|zek1|zoe1	jyut6ping3.chars.dict.yaml	domain_concentration_signal	unreviewed	
139	紙	1064.762213	13	196	true	0.052224	n	n:13	0.000000	zi2:13	n	n:196	zi2:196	true	226	false	true	zi2	jyut6ping3.chars.dict.yaml	domain_concentration_signal	unreviewed	
140	嘩	1064.491558	239	18	true	0.095651	e	e:238|y:1	0.000000	waa3:239	e	e:18	waa3:15|waa4:2|waak3:1	true	136	false	true	faa1|jip6|waa1|waa4	jyut6ping3.chars.dict.yaml	domain_concentration_signal	unreviewed	
141	可能	1052.742348	245	11	true	0.057022	vu	vu:208|v:26|vn:7|n:4	0.000000	ho2nang4:245	vu	vu:11	ho2nang4:11	true	87	false	true	ho2nang4	jyut6ping3.words.dict.yaml	domain_concentration_signal	unreviewed	
142	遠怨大樹	1006.752989	0	195	false	0.000000			0.000000		n	n:89|v:63|ns:17|x:11|a:7|nz:3|Ng:3|u:1	jyun5jyun3daai6syu6:195	false		false	false			single_corpus_signal|rime_absent	unreviewed	
143	好多	995.951154	245	0	false	0.000000	m	m:245	0.000000	hou2do1:245				false		false	true	hou2do1	jyut6ping3.words.dict.yaml	single_corpus_signal|degree_sequence	unreviewed	
145	彭銅山	960.287467	0	186	false	0.000000			0.000000		n	n:138|x:25|v:13|a:2|Ng:1|jnt:1|c:1|nz:1	paang4tung4saan1:186	false		false	false			single_corpus_signal|rime_absent	unreviewed	
147	不過	952.092108	205	23	true	0.142492	c	c:205	0.000000	bat1gwo3:205	c	c:23	bat1gwo3:23	true	134	false	true	bat1gwo3	jyut6ping3.words.dict.yaml	aspect_result_sequence	unreviewed	
148	台蛇茅屋	939.636123	0	182	false	0.000000			0.000000		n	n:92|ns:35|q:20|vn:12|Ng:10|f:3|x:3|a:3	toi4se4maau4nguk1:182	false		false	false			single_corpus_signal|rime_absent	unreviewed	
149	過去	932.398130	16	168	true	0.074988	v	v:13|t:2|f:1	0.000000	gwo3heoi3:16	v	v:157|u:8|x:2|t:1	gwo3heoi3:168	true	185	false	true	gwo3heoi3	jyut6ping3.words.dict.yaml	domain_concentration_signal|directional_chain	unreviewed	
150	譬如	929.039797	226	2	true	0.011239	v	v:221|c:5	0.000000	pei3jyu4:226	v	v:2	pei3ju4:2	true	112	false	true	pei3jyu4	jyut6ping3.words.dict.yaml	domain_concentration_signal	unreviewed	
151	揾	922.779232	227	0	false	0.000000	v	v:227	0.000000	wan2:227				true	149	false	true	wan3	jyut6ping3.chars.dict.yaml	single_corpus_signal	unreviewed	
152	嚟	921.952158	2	177	true	0.008897	v	v:2	0.000000	lei4:2	v	v:154|n:8|q:4|a:3|d:2|jns:1|xnz:1|f:1	lai4:122|lei4:55	true	68	false	true	lai4|lei4	jyut6ping3.chars.dict.yaml	domain_concentration_signal	unreviewed	
153	重	919.811855	225	1	true	0.005645	d	d:216|a:8|q:1	0.000000	zung6:217|cung5:5|cung4:3	d	d:1	zung6:1	true	493	false	true	cung4|cung5|zung6	jyut6ping3.chars.dict.yaml	domain_concentration_signal	unreviewed	
154	善貧大宅	913.821944	0	177	false	0.000000			0.000000		n	n:93|v:30|x:9|a:8|Ng:7|nr:7|f:5|ns:4	sin6pan4daai6zaak2:177	false		false	false			single_corpus_signal|rime_absent	unreviewed	
156	扮汗塔	882.844929	0	171	false	0.000000			0.000000		v	v:76|n:55|Ng:12|x:6|f:3|Nsg:3|nr:3|nz:3	baan6hon6taap3:171	false		false	false			single_corpus_signal|rime_absent	unreviewed	
161	右邊	867.356422	0	168	false	0.000000			0.000000		f	f:117|n:36|Ng:8|x:3|d:2|Nsg:1|q:1	jau6bin1:168	true	189	false	true	jau6bin1|jau6bin6	jyut6ping3.words.dict.yaml	single_corpus_signal	unreviewed	
163	路線	855.933021	1	165	true	0.004772	n	n:1	0.000000	lou6sin3:1	n	n:155|v:5|a:3|Ng:2	lou6sin3:165	true	779	false	true	lou6sin3	jyut6ping3.words.dict.yaml	domain_concentration_signal	unreviewed	
164	地圖	849.346646	7	159	true	0.034664	n	n:7	0.000000	dei6tou4:7	n	n:157|a:2	dei6tou4:159	true	209	false	true	dei6tou4	jyut6ping3.words.dict.yaml	domain_concentration_signal	unreviewed	
165	忍依城	831.216571	0	161	false	0.000000			0.000000		v	v:77|ns:38|n:30|a:6|q:2|d:2|Ng:2|nt:1	jan2ji1sing4:161	false		false	false			single_corpus_signal|rime_absent	unreviewed	
166	蚊	829.281777	204	0	false	0.000000	q	q:200|n:4	0.000000	man1:204				true	459	false	true	man1|man4	jyut6ping3.chars.dict.yaml	single_corpus_signal	unreviewed	
167	甜項農莊	826.053735	0	160	false	0.000000			0.000000		n	n:91|a:28|v:21|x:5|Ng:5|nr:3|ns:2|z:1	tim4hong6nung4zong1:160	false		false	false			single_corpus_signal|rime_absent	unreviewed	
169	方向	814.630334	1	157	true	0.005015	n	n:1	0.000000	fong1hoeng3:1	n	n:73|a:33|Ng:30|v:7|x:5|m:3|q:2|t:2	fong1hoeng3:157	true	197	false	true	fong1hoeng3	jyut6ping3.words.dict.yaml	domain_concentration_signal	unreviewed	
170	左邊	810.565227	0	157	false	0.000000			0.000000		f	f:154|n:2|vu:1	zo2bin1:157	true	203	false	true	zo2bin1|zo2bin6	jyut6ping3.words.dict.yaml	single_corpus_signal	unreviewed	
171	或者	802.575378	186	9	true	0.061453	c	c:186	0.000000	waak6ze2:186	c	c:9	waak6ze2:9	true	99	false	true	waak6ze2	jyut6ping3.words.dict.yaml	domain_concentration_signal	unreviewed	
172	點解	802.575378	186	9	true	0.061453	r	r:186	0.000000	dim2gaai2:186	r	r:9	dim2gaai2:9	true	127	false	true	dim2gaai2	jyut6ping3.words.dict.yaml	domain_concentration_signal	unreviewed	
174	食	798.184462	190	5	true	0.033422	v	v:190	0.000000	sik6:190	v	v:5	sik6:5	true	255	false	true	ji6|sik6|zi6	jyut6ping3.chars.dict.yaml	domain_concentration_signal	unreviewed	
175	嗰陣時	797.858652	195	1	true	0.006513	r	r:171|t:24	0.000000	go2zan6si4:189|go2zan6si2:6	r	r:1	go2zan6si4:1	false		false	true	go2zan6si4	jyut6ping3.words.dict.yaml	domain_concentration_signal|demonstrative_sequence	unreviewed	
177	乜	778.184738	180	9	true	0.063502	r	r:179|v:1	0.000000	mat1:180	r	r:9	mat1:9	true	62	false	true	mat1|me1|me2|me5|me6|ne6	jyut6ping3.chars.dict.yaml	domain_concentration_signal	unreviewed	
179	一路	773.568248	29	127	true	0.179795	d	d:29	0.000000	jat1lou6:29	d	d:127	jat1lou6:127	true	169	false	true	jat1lou6	jyut6ping3.words.dict.yaml	quantified_sequence	unreviewed	
180	一直	770.034460	4	146	true	0.021572	d	d:4	0.000000	jat1zik6:4	d	d:138|a:6|m:1|t:1	jat1zik6:146	true	191	false	true	jat1zik6	jyut6ping3.words.dict.yaml	domain_concentration_signal|quantified_sequence	unreviewed	
181	交叉	768.164811	1	148	true	0.005320	n	n:1	0.000000	gaau1caa1:1	v	v:86|n:56|Ng:6	gaau1caa1:148	true	228	false	true	gaau1caa1	jyut6ping3.words.dict.yaml	domain_concentration_signal	unreviewed	
182	方	752.676304	1	145	true	0.005430	a	a:1	0.000000	fong1:1	n	n:129|a:10|x:4|q:1|v:1	fong1:145	true	125	false	true	fong1	jyut6ping3.chars.dict.yaml	domain_concentration_signal	unreviewed	
183	錢	749.077371	183	1	true	0.006940	n	n:178|nr:5	0.027322	cin2:178|cin4:5	n	n:1	cin2:1	true	176	false	true	cin2|cin4|zin2	jyut6ping3.chars.dict.yaml	domain_concentration_signal	unreviewed	
184	識	746.761613	171	10	true	0.074271	v	v:169|g1:1|vu:1	0.000000	sik1:171	v	v:10	sik1:10	true	199	false	true	sik1|zi3	jyut6ping3.chars.dict.yaml	domain_concentration_signal	unreviewed	
185	年	732.816944	179	1	true	0.007095	q	q:178|n:1	0.000000	nin4:179	q	q:1	nin4:1	true	230	false	true	nin4	jyut6ping3.chars.dict.yaml	domain_concentration_signal	unreviewed	
186	左面	727.959854	0	141	false	0.000000			0.000000		f	f:118|n:23	zo2min6:141	true	245	false	true	zo2min6	jyut6ping3.words.dict.yaml	single_corpus_signal	unreviewed	
187	引依湖	717.634182	0	139	false	0.000000			0.000000		v	v:67|n:52|ns:6|a:4|f:3|x:2|d:2|nz:1	jan5ji1wu4:139	false		false	false			single_corpus_signal|rime_absent	unreviewed	
196	萍恨廟	691.820003	0	134	false	0.000000			0.000000		n	n:80|v:21|a:7|ns:7|x:6|Ng:5|Vg:2|c:1	ping4han6miu2:134	false		false	false			single_corpus_signal|rime_absent	unreviewed	
197	位置	691.494193	5	130	true	0.030284	n	n:5	0.000000	wai6zi3:5	n	n:110|Ng:14|q:3|a:2|v:1	wai6zi3:130	true	248	false	true	wai6zi3	jyut6ping3.words.dict.yaml	domain_concentration_signal	unreviewed	
198	哩啲	691.068147	170	0	false	0.000000	r	r:170	0.000000	ni1di1:170				false		false	false			single_corpus_signal|rime_absent|demonstrative_sequence	unreviewed	
199	喂	690.622038	161	7	true	0.055219	e	e:159|y:1|y1:1	0.000000	wai3:157|wai2:4	e	e:7	wai3:6|wai6:1	true	133	false	true	wai2|wai3|wai6	jyut6ping3.chars.dict.yaml	domain_concentration_signal	unreviewed	
200	唔好	682.541942	79	70	true	0.888613	vu	vu:78|v:1	0.000000	m4hou2:79	vu	vu:70	m4hou2:70	true	102	false	true	m4hou2	jyut6ping3.words.dict.yaml	negated_sequence	unreviewed	
201	右面	681.494331	0	132	false	0.000000			0.000000		f	f:78|n:51|x:2|ns:1	jau6min6:132	true	242	false	true	jau6min6	jyut6ping3.words.dict.yaml	single_corpus_signal	unreviewed	
202	返去	679.093364	21	115	true	0.143782	v	v:21	0.000000	faan1heoi3:21	v	v:115	faan1heoi3:115	true	234	true	true	faan1heoi3	jyut6ping3.words.dict.yaml	known_invalid_atomic|directional_chain	unreviewed	
203	唔使	674.772629	119	37	true	0.394885	vu	vu:113|v:6	0.000000	m4sai2:119	vu	vu:37	m4sai2:37	true	186	false	true	m4sai2	jyut6ping3.words.dict.yaml	negated_sequence	unreviewed	
204	成日	672.938072	163	2	true	0.015583	d	d:162|t:1	0.000000	seng4jat6:163	d	d:2	sing4jat6:2	true	170	false	true	seng4jat6|sing4jat6	jyut6ping3.words.dict.yaml	domain_concentration_signal	unreviewed	
208	繞	645.354480	0	125	false	0.000000			0.000000		v	v:103|a:10|n:9|p:1|f:1|Ng:1	jiu5:123|liu2:2	true	520	false	true	jiu2|jiu5	jyut6ping3.chars.dict.yaml	single_corpus_signal	unreviewed	
212	鍾意	613.059200	147	3	true	0.025919	v	v:147	0.000000	zung1ji3:147	v	v:3	zung1ji3:3	true	202	false	true	zung1ji3	jyut6ping3.words.dict.yaml	domain_concentration_signal	unreviewed	
213	搵𡃁園	609.214629	0	118	false	0.000000			0.000000		n	n:93|v:15|x:4|ns:3|nt:1|a:1|Nsg:1	wan2leng1jyun4:118	false		false	false			single_corpus_signal|rime_absent	unreviewed	
214	香港	605.700906	149	0	false	0.000000	ns	ns:149	1.000000	hoeng1gong2:149				true	175	false	true	hoeng1gong2	jyut6ping3.words.dict.yaml	proper_name_signal|single_corpus_signal	unreviewed	
218	搵靚機場	593.726122	0	115	false	0.000000			0.000000		n	n:106|v:8|ns:1	wan2leng3gei1coeng4:115	false		false	false			single_corpus_signal|rime_absent	unreviewed	
221	日	579.440617	140	2	true	0.018143	q	q:131|t:6|Nsg:2|n:1	0.000000	jat6:140	q	q:2	jat6:2	true	235	false	true	jat6|mik6	jyut6ping3.chars.dict.yaml	domain_concentration_signal	unreviewed	
222	勁盛泳池	573.074779	0	111	false	0.000000			0.000000		n	n:70|v:12|nz:8|x:7|a:4|ns:2|Nsg:2|jnt:1	ging6sing6wing6ci4:111	false		false	false			single_corpus_signal|rime_absent	unreviewed	
223	步薯樂園	573.074779	0	111	false	0.000000			0.000000		n	n:77|v:15|Ng:10|q:2|Nsg:2|i:1|Vg:1|x:1	bou6syu4lok6jyun4:111	false		false	false			single_corpus_signal|rime_absent	unreviewed	
225	共閒馬戲團	567.911943	0	110	false	0.000000			0.000000		n	n:42|v:39|Ng:10|x:10|q:3|ns:2|vn:1|a:1	gung6haan4maa5hei3tyun4:110	false		false	false			single_corpus_signal|rime_absent	unreviewed	
227	愁皮池	562.749107	0	109	false	0.000000			0.000000		n	n:63|v:25|Ng:6|a:4|x:3|p:2|d:2|ns:2	sau4pei4ci4:109	false		false	false			single_corpus_signal|rime_absent	unreviewed	
228	起點	557.586271	0	108	false	0.000000			0.000000		v	v:46|n:30|t:25|r:3|x:2|Vg:1|Ng:1	hei2dim2:108	true	299	false	true	hei2dim2	jyut6ping3.words.dict.yaml	single_corpus_signal	unreviewed	
229	領幼湖	557.586271	0	108	false	0.000000			0.000000		n	n:71|v:15|Ng:5|x:3|a:3|Nsg:3|ns:3|e:1	ling5jau3wu4:108	false		false	false			single_corpus_signal|rime_absent	unreviewed	
230	出來	556.919625	137	0	false	0.000000	v	v:135|p:2	0.000000	ceot1lai4:137				true	404	true	true	ceot1loi4	jyut6ping3.words.dict.yaml	known_invalid_atomic|single_corpus_signal|directional_chain	unreviewed	
232	玩	555.375786	129	6	true	0.059071	v	v:129	0.000000	waan2:129	v	v:6	wun6:6	true	267	false	true	waan2|waan4|wun6	jyut6ping3.chars.dict.yaml	domain_concentration_signal	unreviewed	
233	下方	552.423435	0	107	false	0.000000			0.000000		n	n:94|x:6|a:5|q:1|ns:1	haa6fong1:107	true	869	false	false			single_corpus_signal|rime_absent	unreviewed	
234	死	549.115221	130	4	true	0.039078	v	v:125|d1:3|n:1|d:1	0.000000	sei2:130	v	v:4	sei2:4	true	229	false	true	sei2|si2	jyut6ping3.chars.dict.yaml	domain_concentration_signal	unreviewed	
235	右手邊	547.260599	0	106	false	0.000000			0.000000		f	f:77|n:23|x:2|d:1|ns:1|Ng:1|vu:1	jau6sau2bin1:106	true	1224	false	true	jau6sau2bin1	jyut6ping3.words.dict.yaml	single_corpus_signal	unreviewed	
236	右手面	547.260599	0	106	false	0.000000			0.000000		f	f:60|n:43|a:2|x:1	jau6sau2min6:106	true	887	false	true	jau6sau2min6	jyut6ping3.words.dict.yaml	single_corpus_signal	unreviewed	
238	第二	545.100232	49	67	true	0.575844	m	m:39|r:10	0.000000	dai6ji6:49	m	m:66|r:1	dai6ji6:67	true	661	false	true	dai6ji6	jyut6ping3.words.dict.yaml	quantified_sequence	unreviewed	
239	杏堂迷宮	542.097763	0	105	false	0.000000			0.000000		n	n:74|nz:15|a:4|x:4|Ng:3|v:3|q:2	hang6tong4mai4gung1:105	false		false	false			single_corpus_signal|rime_absent	unreviewed	
240	之間	540.348415	11	96	true	0.090220	f	f:11	0.000000	zi1gaan1:11	f	f:96	zi1gaan1:96	true	254	false	true	zi1gaan1	jyut6ping3.words.dict.yaml	domain_concentration_signal	unreviewed	
241	戀煙葡萄園	536.934928	0	104	false	0.000000			0.000000		n	n:87|v:7|x:3|ns:2|nr:2|a:1|Nsg:1|Ng:1	lyun2jin1pou4tou4jyun4:104	false		false	false			single_corpus_signal|rime_absent	unreviewed	
242	濫印車站	536.934928	0	104	false	0.000000			0.000000		n	n:84|v:15|a:3|d:1|x:1	laam5jan3ce1zaam6:104	false		false	false			single_corpus_signal|rime_absent	unreviewed	
243	喺度	535.822171	128	3	true	0.029766	d	d:49|p:44|v:34|f:1	0.000000	hai2dou6:128	d	d:2|p:1	hai2dou6:3	false		false	true	hai2dou6	jyut6ping3.words.dict.yaml	domain_concentration_signal	unreviewed	
244	攞	533.180603	121	8	true	0.083969	v	v:121	0.000000	lo2:121	v	v:8	lo2:8	false		false	true	lo2	jyut6ping3.chars.dict.yaml	domain_concentration_signal	unreviewed	
247	上方	526.609256	0	102	false	0.000000			0.000000		n	n:47|v:40|Ng:8|f:4|ns:2|vn:1	soeng6fong1:102	true	802	false	false			single_corpus_signal|rime_absent	unreviewed	
248	嬋盆礦場	526.609256	0	102	false	0.000000			0.000000		n	n:94|v:5|a:1|Nsg:1|t:1	sim4pun4kwong3coeng4:102	false		false	false			single_corpus_signal|rime_absent	unreviewed	
251	山	510.023019	1	98	true	0.008034	n	n:1	0.000000	saan1:1	n	n:78|nr:8|x:4|Ng:4|v:1|Cg:1|f:1|q:1	saan1:98	true	143	false	true	saan1	jyut6ping3.chars.dict.yaml	domain_concentration_signal	unreviewed	
253	丸怨樹	505.957913	0	98	false	0.000000			0.000000		v	v:42|n:32|ns:5|x:5|Ng:4|a:4|nr:2|d:2	jyun2jyun3syu6:98	false		false	false			single_corpus_signal|rime_absent	unreviewed	
257	養	479.682596	118	0	false	0.000000	v	v:118	0.000000	joeng5:118				true	564	false	true	joeng5|joeng6	jyut6ping3.chars.dict.yaml	single_corpus_signal	unreviewed	
258	𡁵	479.682596	118	0	false	0.000000	u	u:118	0.000000	gan2:118				false		false	true	gan2	jyut6ping3.chars.dict.yaml	single_corpus_signal	unreviewed	
259	你哋	479.562296	104	11	true	0.134331	r	r:104	0.000000	nei5dei6:104	r	r:11	nei5dei6:11	false		false	true	nei5dei6	jyut6ping3.words.dict.yaml	pronoun_sequence	unreviewed	
262	驚	460.780601	107	5	true	0.059348	v	v:106|a:1	0.000000	geng1:107	v	v:5	ging1:5	true	232	false	true	geng1|ging1	jyut6ping3.chars.dict.yaml	domain_concentration_signal	unreviewed	
264	害受山	459.492390	0	89	false	0.000000			0.000000		n	n:62|x:16|v:5|d:2|Nsg:2|ns:2	hoi6sau6saan1:89	false		false	false			single_corpus_signal|rime_absent	unreviewed	
265	誰幣灘	459.492390	0	89	false	0.000000			0.000000		n	n:78|v:6|Ng:2|ns:1|Vg:1|q:1	seoi4bai6taan1:89	false		false	false			single_corpus_signal|rime_absent	unreviewed	
266	陪提碑	454.329554	0	88	false	0.000000			0.000000		n	n:47|v:22|x:10|Ng:4|Nsg:3|l:1|i:1	pui4tai4bei1:88	false		false	false			single_corpus_signal|rime_absent	unreviewed	
267	尚健魚排	444.003882	0	86	false	0.000000			0.000000		t	t:35|r:12|v:10|Vg:9|n:8|f:2|a:2|vn:1	soeng6gin6jyu4paai4:86	false		false	false			single_corpus_signal|rime_absent	unreviewed	
268	第一	442.615435	53	44	true	0.948433	m	m:53	0.000000	dai6jat1:53	m	m:44	dai6jat1:44	true	200	true	true	dai6jat1	jyut6ping3.words.dict.yaml	known_invalid_atomic|quantified_sequence	unreviewed	
270	大概	440.710695	3	83	true	0.028459	d	d:3	0.000000	daai6koi3:3	d	d:38|n:17|a:12|m:10|nr:3|ns:2|NTg:1	daai6koi3:83	true	320	false	true	daai6koi3	jyut6ping3.words.dict.yaml	domain_concentration_signal	unreviewed	
271	擰憂店	438.841047	0	85	false	0.000000			0.000000		v	v:48|n:32|x:3|ns:2	ling2jau1dim3:85	false		false	false			single_corpus_signal|rime_absent	unreviewed	
272	航常叢林	438.841047	0	85	false	0.000000			0.000000		ns	ns:30|n:22|v:20|nr:7|a:2|Ng:2|k:1|x:1	hong4soeng4cung4lam4:85	false		false	false			single_corpus_signal|rime_absent	unreviewed	
273	搞	434.194503	103	3	true	0.036991	v	v:103	0.000000	gaau2:103	v	v:3	gaau2:3	true	272	false	true	gaau2	jyut6ping3.chars.dict.yaml	domain_concentration_signal	unreviewed	
275	梗係	430.901315	106	0	false	0.000000	d	d:106	0.000000	gang2hai6:106				true	258	false	true	gang2hai6	jyut6ping3.words.dict.yaml	single_corpus_signal	unreviewed	
276	左手面	428.515375	0	83	false	0.000000			0.000000		f	f:65|n:16|a:1|p:1	zo2sau2min6:83	true	971	false	true	zo2sau2min6	jyut6ping3.words.dict.yaml	single_corpus_signal	unreviewed	
277	明白	425.994107	7	77	true	0.071580	v	v:5|a:2	0.000000	ming4baak6:7	v	v:51|a:20|d:4|x:1|n:1	ming4baak6:77	true	310	false	true	ming4baak6	jyut6ping3.words.dict.yaml	domain_concentration_signal	unreviewed	
278	唉	425.292370	97	6	true	0.078559	e	e:96|y1:1	0.000000	aai5:97	e	e:6	aai2:3|aai3:3	true	257	false	true	aai1|aai3|aai6|ngaai6|oi1	jyut6ping3.chars.dict.yaml	domain_concentration_signal	unreviewed	
280	一定	415.618317	87	12	true	0.175178	d	d:87	0.000000	jat1ding6:87	d	d:12	jat1ding6:12	true	166	false	true	jat1ding6	jyut6ping3.words.dict.yaml	quantified_sequence	unreviewed	
281	考	414.640888	102	0	false	0.000000	v	v:102	0.000000	haau2:102				true	379	false	true	haau2	jyut6ping3.chars.dict.yaml	single_corpus_signal	unreviewed	
282	等等	405.342764	7	73	true	0.075502	u	u:4|v:3	0.000000	dang2dang2:7	v	v:57|u:15|d:1	dang2dang2:73	true	311	false	true	dang2dang2	jyut6ping3.words.dict.yaml	domain_concentration_signal	unreviewed	
283	飲	402.445568	99	0	false	0.000000	v	v:99	0.000000	jam2:99				true	391	false	true	jam2|jam3	jyut6ping3.chars.dict.yaml	single_corpus_signal	unreviewed	
288	同學	394.641164	92	4	true	0.055219	n	n:92	0.000000	tung4hok6:92	n	n:4	tung4hok6:4	true	322	false	true	tung4hok6	jyut6ping3.words.dict.yaml	domain_concentration_signal	unreviewed	
290	勇腰帳棚	392.375524	0	76	false	0.000000			0.000000		n	n:44|v:12|Ng:8|x:4|a:2|Nsg:1|Vg:1|ns:1	jung5jiu1zoeng3paang4:76	false		false	false			single_corpus_signal|rime_absent	unreviewed	
291	貴	390.250248	96	0	false	0.000000	a	a:96	0.000000	gwai3:96				true	421	false	true	gwai3	jyut6ping3.chars.dict.yaml	single_corpus_signal	unreviewed	
293	有啲	387.282870	94	1	true	0.013511	r	r:90|m:2|v:1|d:1	0.000000	jau5di1:94	r	r:1	jau5di1:1	false		false	true	jau5di1	jyut6ping3.words.dict.yaml	domain_concentration_signal	unreviewed	
294	直線	387.212688	0	75	false	0.000000			0.000000		n	n:45|d:15|a:7|v:5|q:3	zik6sin3:75	true	580	false	true	zik6sin3	jyut6ping3.words.dict.yaml	single_corpus_signal	unreviewed	
295	座	386.114959	1	74	true	0.010640	q	q:1	0.000000	zo6:1	q	q:40|n:26|v:4|a:1|d:1|ns:1|m:1	zo6:74	true	680	false	true	zo2|zo6	jyut6ping3.chars.dict.yaml	domain_concentration_signal	unreviewed	
296	直	378.756665	3	71	true	0.033270	d	d:3	0.000000	zik6:3	d	d:68|a:2|v:1	zik6:71	true	461	false	true	zik6	jyut6ping3.chars.dict.yaml	domain_concentration_signal	unreviewed	
298	公司	378.054928	93	0	false	0.000000	n	n:93	0.000000	gung1si1:93				true	178	false	true	gung1si1	jyut6ping3.words.dict.yaml	single_corpus_signal	unreviewed	
300	談痕山路	376.887017	0	73	false	0.000000			0.000000		n	n:33|v:22|ns:8|Ng:7|a:2|xjnt:1	taam4han4saan1lou6:73	false		false	false			single_corpus_signal|rime_absent	unreviewed	
301	幫	376.185279	90	2	true	0.028223	v	v:90	0.000000	bong1:90	v	v:2	bong1:2	true	271	false	true	bong1	jyut6ping3.chars.dict.yaml	domain_concentration_signal	unreviewed	
303	暖煙海	371.724181	0	72	false	0.000000			0.000000		n	n:53|x:8|ns:6|v:3|d:1|a:1	lyun5jin1hoi2:72	false		false	false			single_corpus_signal|rime_absent	unreviewed	
304	領憂風車	371.724181	0	72	false	0.000000			0.000000		n	n:59|v:8|x:3|p:1|a:1	ling5jau1fung1ce1:72	false		false	false			single_corpus_signal|rime_absent	unreviewed	
306	成病禮堂	366.561345	0	71	false	0.000000			0.000000		n	n:55|x:7|Ng:2|a:2|Nsg:2|d:2|u:1	sing4beng6lai5tong4:71	false		false	false			single_corpus_signal|rime_absent	unreviewed	
307	盛磅滑雪場	366.561345	0	71	false	0.000000			0.000000		n	n:71	sing6bong6waat6syut3coeng4:71	false		false	false			single_corpus_signal|rime_absent	unreviewed	
308	幾多	361.794501	89	0	false	0.000000	r	r:89	0.000000	gei2do1:89				true	249	false	true	gei2do1	jyut6ping3.words.dict.yaml	single_corpus_signal|quantified_sequence	unreviewed	
309	虛線	361.398509	0	70	false	0.000000			0.000000		n	n:62|v:4|x:2|a:1|Ng:1	heoi1sin3:70	true	436	false	true	heoi1sin3	jyut6ping3.words.dict.yaml	single_corpus_signal	unreviewed	
310	鼻樹公園	361.398509	0	70	false	0.000000			0.000000		n	n:56|v:7|x:5|nt:1|a:1	bei6syu6gung1jyun2:70	false		false	false			single_corpus_signal|rime_absent	unreviewed	
311	偏	360.300780	1	69	true	0.011411	v	v:1	0.000000	pin1:1	v	v:44|n:10|d:5|x:2|a:2|jnz:2|vn:1|p:1	pin1:69	true	682	false	true	pin1	jyut6ping3.chars.dict.yaml	domain_concentration_signal	unreviewed	
313	到去	356.235673	0	69	false	0.000000			0.000000		v	v:63|p:5|u:1	dou3heoi3:69	false		false	false			single_corpus_signal|rime_absent	unreviewed	
315	后傻碼頭	351.072837	0	68	false	0.000000			0.000000		n	n:44|v:7|x:6|t:3|f:3|ns:2|a:2|Nsg:1	hau6so4maa5tau4:68	false		false	false			single_corpus_signal|rime_absent	unreviewed	
316	一啲	349.599180	86	0	false	0.000000	m	m:79|r:3|q:3|u:1	0.000000	jat1di1:86				false		false	true	jat1di1	jyut6ping3.words.dict.yaml	single_corpus_signal|quantified_sequence	unreviewed	
317	賣	349.599180	86	0	false	0.000000	v	v:86	0.000000	maai6:86				true	301	false	true	juk6|maai6	jyut6ping3.chars.dict.yaml	single_corpus_signal	unreviewed	
320	啞	346.681921	4	64	true	0.049211	y	y:3|o:1	0.000000	aa5:4	v	v:17|Ng:16|x:13|Nsg:5|n:3|xx:3|z:2|ns:1	aa2:61|a2:3	false		false	true	aa1|aa2|ak1	jyut6ping3.chars.dict.yaml	domain_concentration_signal	unreviewed	
321	樹	345.910001	0	67	false	0.000000			0.000000		n	n:29|v:22|Ng:7|nz:4|x:2|a:2|q:1	syu6:66|cyut3:1	true	168	false	true	syu6	jyut6ping3.chars.dict.yaml	single_corpus_signal	unreviewed	
322	人哋	345.534074	85	0	false	0.000000	r	r:85	0.000000	jan4dei6:85				false		false	true	jan4dei6	jyut6ping3.words.dict.yaml	single_corpus_signal	unreviewed	
324	彎	344.812272	1	66	true	0.011930	v	v:1	0.000000	waan1:1	v	v:41|n:22|Ng:3	waan1:66	true	530	false	true	waan1	jyut6ping3.chars.dict.yaml	domain_concentration_signal	unreviewed	
325	引意水塘	340.747166	0	66	false	0.000000			0.000000		v	v:26|n:17|ns:9|x:8|Ng:3|a:2|l:1	jan5ji3seoi2tong4:66	false		false	false			single_corpus_signal|rime_absent	unreviewed	
327	打橫	335.584330	0	65	false	0.000000			0.000000		v	v:64|n:1	daa2waang4:65	true	446	false	true	daa2waang4	jyut6ping3.words.dict.yaml	single_corpus_signal	unreviewed	
328	本	331.469105	79	2	true	0.032153	q	q:78|b:1	0.000000	bun2:79	q	q:2	bun2:2	true	426	false	true	bun2	jyut6ping3.chars.dict.yaml	domain_concentration_signal	unreviewed	
330	唔洗	330.421494	0	64	false	0.000000			0.000000		d	d:32|v:17|l:11|a:2|Vg:1|g1:1	m4sai2:64	false		false	false			single_corpus_signal|rime_absent|negated_sequence	unreviewed	
331	暖燕瀑布	330.421494	0	64	false	0.000000			0.000000		n	n:34|nr:24|v:3|x:2|Ng:1	lyun5jin3buk6bou3:64	false		false	false			single_corpus_signal|rime_absent	unreviewed	
332	瑞效果嶺	330.421494	0	64	false	0.000000			0.000000		ns	ns:54|n:5|v:2|Ng:2|xnr:1	seoi4haau6gwo2leng5:64	false		false	false			single_corpus_signal|rime_absent	unreviewed	
334	變	326.306269	79	1	true	0.016076	v	v:79	0.000000	bin3:79	v	v:1	bin3:1	true	246	false	true	bin3	jyut6ping3.chars.dict.yaml	domain_concentration_signal	unreviewed	
336	北方	325.258658	0	63	false	0.000000			0.000000		n	n:39|ns:19|x:4|a:1	bak1fong1:63	true	371	false	true	bak1fong1	jyut6ping3.words.dict.yaml	single_corpus_signal	unreviewed	
337	左手邊	325.258658	0	63	false	0.000000			0.000000		f	f:63	zo2sau2bin1:63	true	1401	false	true	zo2sau2bin1	jyut6ping3.words.dict.yaml	single_corpus_signal	unreviewed	
338	賀婆墳場	325.258658	0	63	false	0.000000			0.000000		n	n:60|v:2|x:1	ho6po4fan4coeng4:63	false		false	false			single_corpus_signal|rime_absent	unreviewed	
339	返來	325.208540	80	0	false	0.000000	v	v:78|f:1|n:1	0.000000	faan1lei4:43|faan1lai4:37				true	538	false	true	faan1lai4	jyut6ping3.words.dict.yaml	single_corpus_signal|directional_chain	unreviewed	
340	斜	324.932848	5	59	true	0.066727	n	n:5	0.000000	ce3:5	n	n:50|v:7|a:1|d:1	ce4:59	true	495	false	true	ce3|ce4|je4	jyut6ping3.chars.dict.yaml	domain_concentration_signal	unreviewed	
342	屋企	321.143433	79	0	false	0.000000	n	n:79	0.000000	uk1kei2:79				true	270	false	true	uk1kei2	jyut6ping3.words.dict.yaml	single_corpus_signal	unreviewed	
343	笨純像	320.095822	0	62	false	0.000000			0.000000		n	n:41|x:11|v:5|a:3|Vg:1|vn:1	ban6seon4zoeng6:62	false		false	false			single_corpus_signal|rime_absent	unreviewed	
344	陶排工廠	320.095822	0	62	false	0.000000			0.000000		n	n:33|v:14|x:6|Ng:3|nr:1|Vg:1|r:1|q:1	tou4paai4gung1cong2:62	false		false	false			single_corpus_signal|rime_absent	unreviewed	
346	電話	318.176056	77	1	true	0.016494	n	n:77	0.000000	din6waa2:77	n	n:1	din6waa2:1	true	314	false	true	din6waa2	jyut6ping3.words.dict.yaml	domain_concentration_signal	unreviewed	
350	射頹餐室	314.932986	0	61	false	0.000000			0.000000		n	n:46|x:5|nt:4|v:4|Nsg:2	se6teoi4caan1sat1:61	false		false	false			single_corpus_signal|rime_absent	unreviewed	
351	夠	314.110949	76	1	true	0.016711	v	v:68|a:5|d:2|g1:1	0.000000	gau3:76	v	v:1	gau3:1	true	1165	false	true	gau3	jyut6ping3.chars.dict.yaml	domain_concentration_signal	unreviewed	
352	棵	312.737528	2	59	true	0.026691	q	q:2	0.000000	po1:2	q	q:31|n:10|v:9|d:3|a:2|jnt:1|ns:1|f:1	po1:59	true	797	false	true	fo1|fo2|po1	jyut6ping3.chars.dict.yaml	domain_concentration_signal	unreviewed	
354	地標	309.770151	0	60	false	0.000000			0.000000		n	n:60	dei6biu1:60	true	484	false	true	dei6biu1	jyut6ping3.words.dict.yaml	single_corpus_signal	unreviewed	
355	頭兆井	309.770151	0	60	false	0.000000			0.000000		n	n:55|a:2|x:2|q:1	tau4siu6zeng2:60	false		false	false			single_corpus_signal|rime_absent	unreviewed	
358	南方	304.607315	0	59	false	0.000000			0.000000		n	n:43|ns:6|x:5|Ng:2|v:1|t:1|a:1	naam4fong1:59	true	1236	false	false			single_corpus_signal|rime_absent	unreviewed	
359	一樣	304.196296	38	29	true	0.969239	a	a:37|b:1	0.000000	jat1joeng6:38	a	a:29	jat1joeng6:29	true	192	false	true	jat1joeng6	jyut6ping3.words.dict.yaml	quantified_sequence	unreviewed	
360	鬼	303.013358	72	2	true	0.035279	d1	d1:64|n:8	0.000000	gwai2:72	d1	d1:2	gwai2:2	true	503	false	true	gwai2	jyut6ping3.chars.dict.yaml	domain_concentration_signal	unreviewed	
361	太	302.241438	68	5	true	0.093385	d	d:68	0.000000	taai3:68	d	d:5	taai3:5	true	437	false	true	taai3	jyut6ping3.chars.dict.yaml	domain_concentration_signal	unreviewed	
362	湖	299.444479	0	58	false	0.000000			0.000000		n	n:46|v:6|x:3|a:2|Ng:1	wu4:58	true	213	false	true	wu4	jyut6ping3.chars.dict.yaml	single_corpus_signal	unreviewed	
363	種	298.948251	71	2	true	0.035776	q	q:68|n:3	0.000000	zung2:71	q	q:2	zung2:2	true	431	false	true	zung2|zung3	jyut6ping3.chars.dict.yaml	domain_concentration_signal	unreviewed	
369	魚	293.013496	67	4	true	0.075823	n	n:67	0.000000	jyu2:67	n	n:4	ju2:4	true	776	false	true	jyu2|jyu4	jyut6ping3.chars.dict.yaml	domain_concentration_signal	unreviewed	
370	哎吔	292.687686	72	0	false	0.000000	e	e:72	0.000000	ai1jaa3:40|aai1jaa3:32				false		false	false			single_corpus_signal|rime_absent	unreviewed	
371	開心	292.687686	72	0	false	0.000000	a	a:72	0.000000	hoi1sam1:72				true	237	false	true	hoi1sam1	jyut6ping3.words.dict.yaml	single_corpus_signal	unreviewed	
372	彭	292.086185	2	55	true	0.028632	nr	nr:2	1.000000	paang4:2	nr	nr:20|n:16|Ng:14|a:1|g2:1|vn:1|u:1|q:1	pang4:55	true	361	false	true	bong1|paang4|pong4	jyut6ping3.chars.dict.yaml	proper_name_signal|domain_concentration_signal	unreviewed	
373	見到	292.086185	2	55	true	0.028632	n	n:1|v:1	0.000000	gin3dou2:2	v	v:55	gin3dou2:55	false		false	true	gin3dou2	jyut6ping3.words.dict.yaml	domain_concentration_signal|aspect_result_sequence	unreviewed	
375	文字	289.118807	0	56	false	0.000000			0.000000		n	n:47|v:4|x:4|ns:1	man4zi6:56	true	444	false	true	man4zi6	jyut6ping3.words.dict.yaml	single_corpus_signal	unreviewed	
376	枉𤓓纜車	289.118807	0	56	false	0.000000			0.000000		n	n:38|v:15|x:2|l:1	wong2lo3laam3ce1:56	false		false	false			single_corpus_signal|rime_absent	unreviewed	
377	濫欣金字塔	289.118807	0	56	false	0.000000			0.000000		n	n:20|v:12|a:10|Ng:4|nz:2|x:2|d:2|f:2	laam5jan1gam1zi6taap3:56	false		false	false			single_corpus_signal|rime_absent	unreviewed	
378	仲有	288.021078	1	55	true	0.014316	v	v:1	0.000000	zung6jau5:1	v	v:35|d:7|n:6|a:5|i:2	zung6jau5:55	true	332	false	true	zung6jau5	jyut6ping3.words.dict.yaml	domain_concentration_signal	unreviewed	
381	部	285.981011	64	5	true	0.099222	q	q:61|n:3	0.000000	bou6:64	q	q:5	bou6:5	true	405	false	true	bou6	jyut6ping3.chars.dict.yaml	domain_concentration_signal	unreviewed	
384	仲	282.858242	1	54	true	0.014581	a	a:1	0.000000	zung6:1	d	d:21|n:14|a:10|v:5|x:1|xd:1|jnt:1|t:1	zung6:54	true	293	false	true	zung6	jyut6ping3.chars.dict.yaml	domain_concentration_signal	unreviewed	
386	東	278.793135	0	54	false	0.000000			0.000000		ns	ns:46|n:5|nt:2|a:1	dung1:54	true	374	false	true	dung1	jyut6ping3.chars.dict.yaml	single_corpus_signal	unreviewed	
387	圖	277.695406	1	53	true	0.014856	n	n:1	0.000000	tou4:1	n	n:52|m:1	tou4:53	true	469	false	true	tou4	jyut6ping3.chars.dict.yaml	domain_concentration_signal	unreviewed	
388	幅	275.499948	3	51	true	0.046316	q	q:3	0.000000	fuk1:3	q	q:42|n:6|ns:2|v:1	fuk1:51	true	718	false	true	fuk1	jyut6ping3.chars.dict.yaml	domain_concentration_signal	unreviewed	
389	時效堡	273.630300	0	53	false	0.000000			0.000000		n	n:53	si4haau6bou2:53	false		false	false			single_corpus_signal|rime_absent	unreviewed	
393	機	269.394775	65	1	true	0.019539	n	n:60|Ng:5	0.000000	gei1:65	n	n:1	gei1:1	true	590	false	true	gei1	jyut6ping3.chars.dict.yaml	domain_concentration_signal	unreviewed	
394	南	268.467464	0	52	false	0.000000			0.000000		ns	ns:45|v:2|Ng:2|u:1|n:1|nr:1	naam4:52	true	305	false	true	naa1|naam4	jyut6ping3.chars.dict.yaml	single_corpus_signal	unreviewed	
395	咸順樹林	268.467464	0	52	false	0.000000			0.000000		n	n:20|ns:18|v:4|nr:4|Ng:3|a:2|Mg:1	haam4seon6syu6lam4:52	false		false	false			single_corpus_signal|rime_absent	unreviewed	
396	忍意球場	268.467464	0	52	false	0.000000			0.000000		n	n:41|v:11	jan2ji3kau4coeng4:52	false		false	false			single_corpus_signal|rime_absent	unreviewed	
397	下邊	265.174277	3	49	true	0.048207	f	f:3	0.000000	haa6bin6:3	f	f:27|n:8|q:3|Ng:3|vn:2|x:2|t:2|a:1	haa6bin1:49	true	1276	false	true	haa6bin6	jyut6ping3.words.dict.yaml	domain_concentration_signal	unreviewed	
398	收	264.557748	60	4	true	0.084669	v	v:60	0.000000	sau1:60	v	v:4	sau1:4	true	485	false	true	sau1	jyut6ping3.chars.dict.yaml	domain_concentration_signal	unreviewed	
399	計	263.460019	61	3	true	0.062461	v	v:57|n:4	0.000000	gai3:57|gai2:4	v	v:3	gai3:3	true	739	false	true	gai2|gai3|gei3	jyut6ping3.chars.dict.yaml	domain_concentration_signal	unreviewed	
401	試	261.264561	63	1	true	0.020159	v	v:55|n:8	0.000000	si3:55|si5:8	v	v:1	si3:1	true	1062	false	true	si3|si5	jyut6ping3.chars.dict.yaml	domain_concentration_signal	unreviewed	
402	緊	260.011441	3	48	true	0.049211	a	a:3	0.000000	gan2:3	a	a:20|n:10|v:9|m:4|Nsg:3|nr:1|vu:1	gan2:48	true	194	false	true	gan2	jyut6ping3.chars.dict.yaml	domain_concentration_signal	unreviewed	
404	唔同	258.622993	56	6	true	0.136075	a	a:39|d:13|v:2|r:2	0.000000	m4tung4:56	a	a:5|d:1	m4tung4:6	true	296	false	true	m4tung4	jyut6ping3.words.dict.yaml	negated_sequence	unreviewed	
405	北	257.044063	1	49	true	0.016069	x	x:1	0.000000	bak1:1	ns	ns:42|x:3|v:2|q:1|a:1	bak1:49	true	669	false	true	bak1|bui3	jyut6ping3.chars.dict.yaml	domain_concentration_signal	unreviewed	
407	以前	256.101725	63	0	false	0.000000	t	t:50|f:13	0.000000	ji5cin4:63				true	284	false	true	ji5cin4	jyut6ping3.words.dict.yaml	single_corpus_signal	unreviewed	
408	裏邊	256.101725	63	0	false	0.000000	f	f:63	0.000000	leoi5bin6:63				true	474	false	true	leoi5bin1	jyut6ping3.words.dict.yaml	single_corpus_signal	unreviewed	
409	完成	254.848605	3	47	true	0.050258	v	v:3	0.000000	jyun4sing4:3	v	v:45|u:2	jun4sing4:47	true	532	false	true	jyun4sing4	jyut6ping3.words.dict.yaml	domain_concentration_signal	unreviewed	
411	冇錯	253.099257	14	38	true	0.290087	v	v:12|a:2	0.000000	mou5co3:14	v	v:36|a:2	mou5co3:38	true	315	false	true	mou5co3	jyut6ping3.words.dict.yaml	negated_sequence	unreviewed	
412	往𤓓灣	252.978956	0	49	false	0.000000			0.000000		ns	ns:31|n:13|a:2|v:2|Ng:1	wong5lo3waan1:49	false		false	false			single_corpus_signal|rime_absent	unreviewed	
413	哩樣	252.036618	62	0	false	0.000000	r	r:62	0.000000	ni1joeng6:62				true	582	false	false			single_corpus_signal|rime_absent|demonstrative_sequence	unreviewed	
414	班	252.036618	62	0	false	0.000000	q	q:46|n:14|v:1|k:1	0.000000	baan1:62				true	550	false	true	baan1	jyut6ping3.chars.dict.yaml	single_corpus_signal	unreviewed	
417	枉囉燈塔	247.816120	0	48	false	0.000000			0.000000		n	n:21|Ng:6|x:5|v:4|d:2|ns:2|l:1|g2:1	wong2lo1dang1taap3:48	false		false	false			single_corpus_signal|rime_absent	unreviewed	
418	第	244.522933	3	45	true	0.052492	m	m:3	0.000000	dai6:3	m	m:31|v:6|r:4|d:2|x:1|ns:1	dai6:45	true	649	false	true	dai6	jyut6ping3.chars.dict.yaml	domain_concentration_signal	unreviewed	
419	信	243.906405	60	0	false	0.000000	v	v:43|n:16|vn:1	0.000000	seon3:60				true	407	false	true	san1|seon3	jyut6ping3.chars.dict.yaml	single_corpus_signal	unreviewed	
420	帶	243.906405	60	0	false	0.000000	v	v:51|n:9	0.000000	daai3:51|daai2:9				true	414	false	true	daai2|daai3	jyut6ping3.chars.dict.yaml	single_corpus_signal	unreviewed	
421	一齊	243.460295	51	7	true	0.174319	d	d:51	0.000000	jat1cai4:51	d	d:7	jat1cai4:7	true	335	false	true	jat1cai4	jyut6ping3.words.dict.yaml	quantified_sequence	unreviewed	
423	亦都	239.841298	59	0	false	0.000000	d	d:59	0.000000	jik6dou1:59				false		false	true	jik6dou1	jyut6ping3.words.dict.yaml	single_corpus_signal	unreviewed	
424	整	239.841298	59	0	false	0.000000	v	v:58|a:1	0.000000	zing2:59				true	911	false	true	zing2	jyut6ping3.chars.dict.yaml	single_corpus_signal	unreviewed	
426	耐	239.069379	55	3	true	0.069275	a	a:55	0.000000	noi6:55	a	a:3	noi6:3	true	345	false	true	nang4|noi6	jyut6ping3.chars.dict.yaml	domain_concentration_signal	unreviewed	
428	塔	237.490449	0	46	false	0.000000			0.000000		n	n:28|Ng:4|a:4|v:2|x:2|i:1|z:1|ns:1	taap3:46	true	173	false	true	taap3	jyut6ping3.chars.dict.yaml	single_corpus_signal	unreviewed	
429	直上	237.490449	0	46	false	0.000000			0.000000		d	d:42|f:2|v:1|a:1	zik6soeng5:46	true	715	false	false			single_corpus_signal|rime_absent	unreviewed	
430	剪	235.776191	58	0	false	0.000000	v	v:58	0.000000	zin2:58				true	691	false	true	zin2	jyut6ping3.chars.dict.yaml	single_corpus_signal	unreviewed	
433	會唔會	232.327613	0	45	false	0.000000			0.000000		n	n:40|v:3|jnt:2	wui5m4wui5:45	false		false	true	wui3m4wui3|wui6m4wui5	jyut6ping3.words.dict.yaml	single_corpus_signal	unreviewed	
436	入去	227.731187	23	26	true	0.696527	v	v:23	0.000000	jap6heoi3:23	v	v:26	jap6heoi3:26	true	463	true	true	jap6heoi3	jyut6ping3.words.dict.yaml	known_invalid_atomic|directional_chain	unreviewed	
437	擁要會堂	227.164777	0	44	false	0.000000			0.000000		n	n:35|nz:5|v:2|a:1|nr:1	jung2jiu3wui6tong4:44	false		false	false			single_corpus_signal|rime_absent	unreviewed	
438	銅	227.164777	0	44	false	0.000000			0.000000		n	n:37|nr:4|Ng:2|v:1	tung4:44	true	475	false	true	tung4	jyut6ping3.chars.dict.yaml	single_corpus_signal	unreviewed	
440	冇得	225.776329	53	2	true	0.047926	vu	vu:46|v:6|v1:1	0.000000	mou5dak1:53	vu	vu:2	mou5dak1:2	false		false	true	mou5dak1	jyut6ping3.words.dict.yaml	domain_concentration_signal|negated_sequence	unreviewed	
444	辛苦	223.580871	55	0	false	0.000000	a	a:55	0.000000	san1fu2:55				true	401	false	true	san1fu2	jyut6ping3.words.dict.yaml	single_corpus_signal	unreviewed	
446	影	222.808952	51	3	true	0.074708	v	v:50|n:1	0.000000	jing2:51	v	v:3	jing2:3	true	1027	false	true	jeng2|jing2	jyut6ping3.chars.dict.yaml	domain_concentration_signal	unreviewed	
447	圈	222.001941	0	43	false	0.000000			0.000000		n	n:38|v:4|q:1	hyun1:43	true	902	false	true	gyun6|hyun1	jyut6ping3.chars.dict.yaml	single_corpus_signal	unreviewed	
448	圖案	222.001941	0	43	false	0.000000			0.000000		n	n:41|v:2	tou4on3:43	true	651	false	true	tou4on3	jyut6ping3.words.dict.yaml	single_corpus_signal	unreviewed	
449	東方	222.001941	0	43	false	0.000000			0.000000		n	n:36|x:3|ns:2|a:1|v:1	dung1fong1:43	true	594	false	true	dung1fong1	jyut6ping3.words.dict.yaml	single_corpus_signal	unreviewed	
450	直落	222.001941	0	43	false	0.000000			0.000000		d	d:22|v:20|Ng:1	zik6lok6:43	true	704	false	true	zik6lok6	jyut6ping3.words.dict.yaml	single_corpus_signal	unreviewed	
451	有時	220.613494	53	1	true	0.023963	d	d:53	0.000000	jau5si4:53	d	d:1	jau5si4:1	true	330	false	true	jau5si4	jyut6ping3.words.dict.yaml	domain_concentration_signal	unreviewed	
453	直行	216.839105	0	42	false	0.000000			0.000000		v	v:24|d:14|a:2|Ng:1|n:1	zik6hong4:42	true	677	false	false			single_corpus_signal|rime_absent	unreviewed	
454	西方	216.839105	0	42	false	0.000000			0.000000		n	n:37|x:2|Ng:1|nz:1|d:1	sai1fong1:42	true	642	false	true	sai1fong1	jyut6ping3.words.dict.yaml	single_corpus_signal	unreviewed	
455	套	216.548387	52	1	true	0.024424	q	q:49|Vg:1|n:1|v:1	0.000000	tou3:52	q	q:1	tou3:1	true	827	false	true	tou3	jyut6ping3.chars.dict.yaml	domain_concentration_signal	unreviewed	
456	書	215.450658	53	0	false	0.000000	n	n:53	0.000000	syu1:53				true	424	false	true	syu1	jyut6ping3.chars.dict.yaml	single_corpus_signal	unreviewed	
457	着	215.450658	53	0	false	0.000000	v	v:41|u:12	0.000000	zoek3:38|zoek6:15				true	597	false	true	ziu1|zoek3|zoek6	jyut6ping3.chars.dict.yaml	single_corpus_signal	unreviewed	
458	通常	215.450658	53	0	false	0.000000	d	d:53	0.000000	tung1soeng4:53				true	447	false	true	tung1soeng4	jyut6ping3.words.dict.yaml	single_corpus_signal	unreviewed	
459	圖片	214.643647	2	40	true	0.039369	n	n:2	0.000000	tou4pin2:2	n	n:39|v:1	tou4pin3:40	true	665	false	true	tou4pin2	jyut6ping3.words.dict.yaml	domain_concentration_signal	unreviewed	
461	學	212.483280	51	1	true	0.024903	v	v:46|Ng:5	0.000000	hok6:51	v	v:1	hok6:1	true	652	false	true	hok6	jyut6ping3.chars.dict.yaml	domain_concentration_signal	unreviewed	
462	停低	211.676270	0	41	false	0.000000			0.000000		v	v:41	ting4dai1:41	true	987	false	true	ting4dai1	jyut6ping3.words.dict.yaml	single_corpus_signal	unreviewed	
463	往囉地盤	211.676270	0	41	false	0.000000			0.000000		v	v:21|n:19|ns:1	wong5lo1dei6pun4:41	false		false	false			single_corpus_signal|rime_absent	unreviewed	
464	轉彎	211.676270	0	41	false	0.000000			0.000000		v	v:41	zyun3waan1:41	true	625	false	true	zyun2waan1|zyun3waan1	jyut6ping3.words.dict.yaml	single_corpus_signal	unreviewed	
465	唔記得	211.385551	52	0	false	0.000000	v	v:52	0.000000	m4gei3dak1:52				true	441	false	true	m4gei3dak1	jyut6ping3.words.dict.yaml	single_corpus_signal|negated_sequence	unreviewed	
466	科	211.385551	52	0	false	0.000000	q	q:30|n:22	0.000000	fo1:52				true	899	false	true	fo1	jyut6ping3.chars.dict.yaml	single_corpus_signal	unreviewed	
467	之前	209.515902	49	2	true	0.051838	t	t:31|f:17|d:1	0.000000	zi1cin4:49	t	t:1|f:1	zi1cin4:2	true	327	false	true	zi1cin4	jyut6ping3.words.dict.yaml	domain_concentration_signal	unreviewed	
468	出去	209.395602	35	13	true	0.471728	v	v:35	0.000000	ceot1heoi3:35	v	v:13	ceot1heoi3:13	true	439	true	true	ceot1heoi3	jyut6ping3.words.dict.yaml	known_invalid_atomic|directional_chain	unreviewed	
472	球號貨倉	206.513434	0	40	false	0.000000			0.000000		n	n:29|v:8|x:2|ns:1	kau4hou6fo3cong1:40	false		false	false			single_corpus_signal|rime_absent	unreviewed	
476	幾時	205.450796	48	2	true	0.052918	r	r:47|d:1	0.000000	gei2si4:48	r	r:2	gei2si4:2	true	554	false	true	gei2si4	jyut6ping3.words.dict.yaml	domain_concentration_signal|quantified_sequence	unreviewed	
479	放	201.385689	47	2	true	0.054044	v	v:44|Vg:3	0.000000	fong3:47	v	v:2	fong3:2	true	632	false	true	fong2|fong3	jyut6ping3.chars.dict.yaml	domain_concentration_signal	unreviewed	
480	搵	201.350598	0	39	false	0.000000			0.000000		v	v:19|n:11|a:2|d:2|ns:1|c:1|Ng:1|vn:1	wan2:39	true	98	false	true	man5|wan2|wan3	jyut6ping3.chars.dict.yaml	single_corpus_signal	unreviewed	
481	工廠	200.252869	1	38	true	0.020720	n	n:1	0.000000	gung1cong2:1	n	n:37|a:1	gung1cong2:38	true	321	false	true	gung1cong2	jyut6ping3.words.dict.yaml	domain_concentration_signal	unreviewed	
485	英文	199.516040	44	4	true	0.115458	nz	nz:39|n:5	0.886364	jing1man2:40|jing1man4:4	nz	nz:4	jing1man4:4	true	526	false	true	jing1man2|jing1man4	jyut6ping3.words.dict.yaml	proper_name_signal	unreviewed	
486	水平	198.057411	3	36	true	0.065615	n	n:3	0.000000	seoi2ping4:3	n	n:19|q:12|a:2|ns:1|b:1|v:1	seoi2ping4:36	true	628	false	true	seoi2ping4	jyut6ping3.words.dict.yaml	domain_concentration_signal	unreviewed	
487	一係	197.320582	46	2	true	0.055219	d	d:31|c:15	0.000000	jat1hai6:46	d	d:2	jat1hai6:2	true	558	false	true	jat1hai6	jyut6ping3.words.dict.yaml	domain_concentration_signal|quantified_sequence	unreviewed	
488	是罷公園	196.187762	0	38	false	0.000000			0.000000		n	n:19|d:12|v:5|nt:1|Nsg:1	si6baa6gung1jyun2:38	false		false	false			single_corpus_signal|rime_absent	unreviewed	
489	學校	195.125124	48	0	false	0.000000	n	n:48	0.000000	hok6haau6:48				true	624	false	true	hok6haau6	jyut6ping3.words.dict.yaml	single_corpus_signal	unreviewed	
490	犀利	195.125124	48	0	false	0.000000	a	a:48	0.000000	sai1lei6:48				true	541	false	true	sai1lei6	jyut6ping3.words.dict.yaml	single_corpus_signal	unreviewed	
491	嘛	193.992304	2	36	true	0.043743	y	y:2	0.000000	maa5:2	x	x:21|y:7|v:2|Ng:2|n:2|Nsg:1|d:1	maa5:35|maa2:1	true	109	false	true	maa3|maa4|maa5	jyut6ping3.chars.dict.yaml	domain_concentration_signal	unreviewed	
492	等陣	193.992304	2	36	true	0.043743	d	d:1|t:1	0.000000	dang2zan6:2	v	v:29|t:5|d:2	dang2zan6:36	true	694	false	true	dang2zan6	jyut6ping3.words.dict.yaml	domain_concentration_signal	unreviewed	
493	即刻	193.255475	45	2	true	0.056446	d	d:45	0.000000	zik1haak1:45	d	d:2	zik1hak1:2	true	366	false	true	zik1hak1	jyut6ping3.words.dict.yaml	domain_concentration_signal	unreviewed	
495	慘	191.060017	47	0	false	0.000000	a	a:47	0.000000	caam2:47				true	1021	false	true	caam2	jyut6ping3.chars.dict.yaml	single_corpus_signal	unreviewed	
497	件	190.288098	43	3	true	0.088607	q	q:43	0.000000	gin6:43	q	q:3	gin6:3	true	483	false	true	gin6	jyut6ping3.chars.dict.yaml	domain_concentration_signal	unreviewed	
498	使	189.190369	44	2	true	0.057729	v	v:29|vu:14|vn:1	0.000000	sai2:44	vu	vu:1|v:1	sai2:2	true	560	false	true	sai2|si2|si3	jyut6ping3.chars.dict.yaml	domain_concentration_signal	unreviewed	
499	根本	189.190369	44	2	true	0.057729	d	d:44	0.000000	gan1bun2:44	d	d:2	gan1bun2:2	true	317	false	true	gan1bun2	jyut6ping3.words.dict.yaml	domain_concentration_signal	unreviewed	
501	旅行	186.994910	46	0	false	0.000000	v	v:40|vn:4|n:2	0.000000	leoi5hang4:46				true	610	false	true	leoi5hang4	jyut6ping3.words.dict.yaml	single_corpus_signal	unreviewed	
502	經	185.862090	0	36	false	0.000000			0.000000		v	v:13|d:7|n:5|a:4|nz:3|q:1|Ng:1|Vg:1	ging1:36	true	867	false	true	ging1	jyut6ping3.chars.dict.yaml	single_corpus_signal	unreviewed	
503	馬戲團	185.862090	0	36	false	0.000000			0.000000		n	n:35|Ng:1	maa5hei3tyun4:36	false		false	true	maa5hei3tyun4	jyut6ping3.words.dict.yaml	single_corpus_signal	unreviewed	
504	往	184.764361	1	35	true	0.022497	v	v:1	0.000000	wong5:1	v	v:24|t:6|n:3|a:1|nr:1	wong5:35	true	274	false	true	wong5	jyut6ping3.chars.dict.yaml	domain_concentration_signal	unreviewed	
505	揀	182.929804	45	0	false	0.000000	v	v:45	0.000000	gaan2:45				true	453	false	true	gaan2	jyut6ping3.chars.dict.yaml	single_corpus_signal	unreviewed	
506	打開	182.568903	3	33	true	0.071580	v	v:3	0.000000	daa2hoi1:3	v	v:33	daa2hoi1:33	true	672	false	true	daa2hoi1	jyut6ping3.words.dict.yaml	domain_concentration_signal	unreviewed	
507	呢個	181.471174	4	32	true	0.098422	r	r:4	0.000000	ni1go3:4	r	r:25|a:4|y1:2|q:1	ni1go3:32	false		false	true	ni1go3	jyut6ping3.words.dict.yaml	domain_concentration_signal|demonstrative_sequence	unreviewed	
508	宅	180.699254	0	35	false	0.000000			0.000000		n	n:30|d:4|vn:1	zaak6:35	true	279	false	true	zaak2|zaak6	jyut6ping3.chars.dict.yaml	single_corpus_signal	unreviewed	
509	水平線	180.699254	0	35	false	0.000000			0.000000		n	n:30|x:3|v:2	seoi2ping4sin3:35	true	712	false	true	seoi2ping4sin3	jyut6ping3.words.dict.yaml	single_corpus_signal	unreviewed	
510	沙漠	180.699254	0	35	false	0.000000			0.000000		n	n:24|ns:4|Ng:2|x:1|l:1|nr:1|v:1|jnt:1	saa1mok6:35	true	128	false	true	saa1mok6	jyut6ping3.words.dict.yaml	single_corpus_signal	unreviewed	
511	球場	179.601525	1	34	true	0.023158	n	n:1	0.000000	kau4coeng4:1	n	n:34	kau4coeng4:34	true	355	false	true	kau4coeng4	jyut6ping3.words.dict.yaml	domain_concentration_signal	unreviewed	
512	西	179.601525	1	34	true	0.023158	f	f:1	0.000000	sai1:1	ns	ns:16|n:12|nz:3|jns:2|x:1	sai1:34	true	470	false	true	sai1	jyut6ping3.chars.dict.yaml	domain_concentration_signal	unreviewed	
516	攬印椰樹	175.536419	0	34	false	0.000000			0.000000		n	n:18|v:12|ns:2|x:1|a:1	laam2jan3je4syu6:34	false		false	false			single_corpus_signal|rime_absent	unreviewed	
517	歲	174.799590	43	0	false	0.000000	q	q:43	0.000000	seoi3:43				true	866	false	true	seoi3	jyut6ping3.chars.dict.yaml	single_corpus_signal	unreviewed	
518	特別	174.799590	43	0	false	0.000000	d	d:37|a:6	0.000000	dak6bit6:43				true	427	false	true	dak6bit6	jyut6ping3.words.dict.yaml	single_corpus_signal	unreviewed	
519	翻版	174.799590	43	0	false	0.000000	n	n:43	0.000000	faan1baan2:43				true	602	false	true	faan1baan2	jyut6ping3.words.dict.yaml	single_corpus_signal	unreviewed	
523	以為	171.832213	41	1	true	0.030977	v	v:41	0.000000	ji5wai4:41	v	v:1	ji5wai4:1	true	445	false	false			domain_concentration_signal|rime_absent	unreviewed	
524	每	171.832213	41	1	true	0.030977	r	r:34|d:6|m:1	0.000000	mui5:41	r	r:1	mui5:1	true	579	false	true	mui5	jyut6ping3.chars.dict.yaml	domain_concentration_signal	unreviewed	
527	信心	170.734483	42	0	false	0.000000	n	n:42	0.000000	seon3sam1:42				true	515	false	true	seon3sam1	jyut6ping3.words.dict.yaml	single_corpus_signal	unreviewed	
528	大陸	170.734483	42	0	false	0.000000	ns	ns:40|s:1|n:1	0.952381	daai6luk6:42				true	568	false	true	daai6luk6	jyut6ping3.words.dict.yaml	proper_name_signal|single_corpus_signal	unreviewed	
529	日本	170.734483	42	0	false	0.000000	ns	ns:42	1.000000	jat6bun2:42				true	784	false	true	jat6bun2	jyut6ping3.words.dict.yaml	proper_name_signal|single_corpus_signal	unreviewed	
530	共	170.373583	0	33	false	0.000000			0.000000		v	v:12|Ng:10|vn:8|n:1|x:1|a:1	gung6:33	true	500	false	true	gung1|gung2|gung6	jyut6ping3.chars.dict.yaml	single_corpus_signal	unreviewed	
531	東面	170.373583	0	33	false	0.000000			0.000000		n	n:21|f:9|i:1|Ng:1|x:1	dung1min6:33	true	1781	false	false			single_corpus_signal|rime_absent	unreviewed	
532	沿	170.373583	0	33	false	0.000000			0.000000		v	v:32|n:1	jun4:33	false		false	true	jyun4	jyut6ping3.chars.dict.yaml	single_corpus_signal	unreviewed	
533	鐘	168.864835	39	2	true	0.065130	n	n:38|q:1	0.000000	zung1:39	n	n:2	zung1:2	true	697	false	true	zung1	jyut6ping3.chars.dict.yaml	domain_concentration_signal	unreviewed	
535	禮拜	166.669377	41	0	false	0.000000	n	n:41	0.000000	lai5baai3:41				true	455	false	true	lai5baai3	jyut6ping3.words.dict.yaml	single_corpus_signal	unreviewed	
538	畀	165.210747	0	32	false	0.000000			0.000000		v	v:12|n:9|p:7|d:2|a:1|u:1	bei2:30|pei3:2	true	108	false	true	bei2|bei3	jyut6ping3.chars.dict.yaml	single_corpus_signal	unreviewed	
539	嘅話	162.604270	40	0	false	0.000000	c	c:21|u:18|y:1	0.000000	ge3waa2:28|ge3waa6:12				false		false	true	ge3waa2	jyut6ping3.words.dict.yaml	single_corpus_signal	unreviewed	
540	衰	162.604270	40	0	false	0.000000	a	a:38|v:2	0.000000	seoi1:40				true	920	false	true	ceoi1|seoi1	jyut6ping3.chars.dict.yaml	single_corpus_signal	unreviewed	
541	魚排	160.047911	0	31	false	0.000000			0.000000		t	t:12|n:8|v:5|a:2|x:2|r:1|Vg:1	ju4paai4:31	true	288	false	true	jyu4paai4	jyut6ping3.words.dict.yaml	single_corpus_signal	unreviewed	
544	嗰邊	158.539163	39	0	false	0.000000	r	r:29|f:10	0.000000	go2bin1:29|go2bin6:10				false		false	false			single_corpus_signal|rime_absent|demonstrative_sequence	unreviewed	
545	坐	158.539163	39	0	false	0.000000	v	v:38|Ng:1	0.000000	co5:38|zo6:1				true	523	false	true	co5|zo6	jyut6ping3.chars.dict.yaml	single_corpus_signal	unreviewed	
546	生	158.539163	39	0	false	0.000000	v	v:36|a:3	0.000000	saang1:39				true	733	false	true	saang1|sang1	jyut6ping3.chars.dict.yaml	single_corpus_signal	unreviewed	
547	直程	158.539163	39	0	false	0.000000	d	d:39	0.000000	zik6cing4:39				true	716	false	true	zik6cing4	jyut6ping3.words.dict.yaml	single_corpus_signal	unreviewed	
548	賺	158.539163	39	0	false	0.000000	v	v:39	0.000000	zaan6:39				true	653	false	true	zaan6	jyut6ping3.chars.dict.yaml	single_corpus_signal	unreviewed	
550	有得	154.474056	38	0	false	0.000000	vu	vu:35|v:3	0.000000	jau5dak1:38				false		false	true	jau5dak1	jyut6ping3.words.dict.yaml	single_corpus_signal	unreviewed	
551	碟	154.474056	38	0	false	0.000000	n	n:37|q:1	0.000000	dip2:37|dip6:1				true	573	false	true	dip2|dip6	jyut6ping3.chars.dict.yaml	single_corpus_signal	unreviewed	
555	儲	150.408950	37	0	false	0.000000	v	v:37	0.000000	cou5:35|cyu5:2				true	1265	false	true	cou5|cyu1|cyu4|cyu5	jyut6ping3.chars.dict.yaml	single_corpus_signal	unreviewed	
556	好睇	150.408950	37	0	false	0.000000	a	a:37	0.000000	hou2tai2:37				true	646	false	true	hou2tai2	jyut6ping3.words.dict.yaml	single_corpus_signal|degree_sequence	unreviewed	
557	返工	150.408950	37	0	false	0.000000	v	v:37	0.000000	faan1gung1:37				true	595	false	true	faan1gung1	jyut6ping3.words.dict.yaml	single_corpus_signal	unreviewed	
559	距離	149.722239	0	29	false	0.000000			0.000000		n	n:14|v:8|Ng:4|a:2|x:1	keoi5lei4:29	true	726	false	true	keoi5lei4	jyut6ping3.words.dict.yaml	single_corpus_signal	unreviewed	
561	引	148.624510	1	28	true	0.028121	v	v:1	0.000000	jan5:1	v	v:13|n:7|Ng:6|vn:1|d:1	jan5:28	true	386	false	true	jan5	jyut6ping3.chars.dict.yaml	domain_concentration_signal	unreviewed	
564	傾	147.441572	35	1	true	0.036287	v	v:34|Vg:1	0.000000	king1:35	v	v:1	king1:1	true	555	false	true	king1	jyut6ping3.chars.dict.yaml	domain_concentration_signal	unreviewed	
566	讀書	146.343843	36	0	false	0.000000	v	v:36	0.000000	duk6syu1:36				true	480	false	true	duk6syu1	jyut6ping3.words.dict.yaml	single_corpus_signal	unreviewed	
569	厘米	144.559404	0	28	false	0.000000			0.000000		q	q:20|n:7|xnz:1	lei4mai5:28	true	876	false	true	lei4mai5	jyut6ping3.words.dict.yaml	single_corpus_signal	unreviewed	
570	戀	144.559404	0	28	false	0.000000			0.000000		n	n:13|d:4|v:3|ns:3|Ng:2|a:1|x:1|vn:1	lyun2:28	true	239	false	true	lyun2|lyun5	jyut6ping3.chars.dict.yaml	single_corpus_signal	unreviewed	
571	滑雪場	144.559404	0	28	false	0.000000			0.000000		n	n:25|v:3	waat6syut3coeng4:28	false		false	false			single_corpus_signal|rime_absent	unreviewed	
572	爭	144.474194	33	2	true	0.076972	v	v:33	0.000000	zaang1:33	v	v:2	zang1:2	true	1158	false	true	caang1|zaang1|zang1	jyut6ping3.chars.dict.yaml	domain_concentration_signal	unreviewed	
575	實	143.376465	34	1	true	0.037354	d	d:28|a:6	0.000000	sat6:34	a	a:1	sat6:1	true	881	false	true	sat6	jyut6ping3.chars.dict.yaml	domain_concentration_signal	unreviewed	
576	最後	142.930355	25	8	true	0.406412	t	t:14|f:11	0.000000	zeoi3hau6:25	f	f:5|t:3	zeoi3hau6:8	true	504	false	true	zeoi3hau6	jyut6ping3.words.dict.yaml	degree_sequence	unreviewed	
578	今日	142.278736	35	0	false	0.000000	t	t:35	0.000000	gam1jat6:35				true	306	false	true	gam1jat6	jyut6ping3.words.dict.yaml	single_corpus_signal	unreviewed	
579	先至	142.278736	35	0	false	0.000000	d	d:35	0.000000	sin1zi3:35				true	387	false	true	sin1zi3	jyut6ping3.words.dict.yaml	single_corpus_signal	unreviewed	
580	字典	142.278736	35	0	false	0.000000	n	n:35	0.000000	zi6din2:35				true	807	false	true	zi6din2	jyut6ping3.words.dict.yaml	single_corpus_signal	unreviewed	
586	朋友	140.409088	32	2	true	0.079377	n	n:32	0.000000	pang4jau5:32	n	n:2	pang4jau5:2	true	224	false	true	pang4jau5	jyut6ping3.words.dict.yaml	domain_concentration_signal	unreviewed	
587	景點	139.396568	0	27	false	0.000000			0.000000		n	n:27	ging2dim2:27	true	923	false	true	ging2dim2	jyut6ping3.words.dict.yaml	single_corpus_signal	unreviewed	
588	西面	139.396568	0	27	false	0.000000			0.000000		n	n:19|f:5|Vg:1|ns:1|nz:1	sai1min6:27	true	1660	false	true	sai1min6	jyut6ping3.words.dict.yaml	single_corpus_signal	unreviewed	
589	凍	139.311359	33	1	true	0.038486	a	a:33	0.000000	dung3:33	a	a:1	dung3:1	true	1051	false	true	dung3	jyut6ping3.chars.dict.yaml	domain_concentration_signal	unreviewed	
590	唔會	138.298839	1	26	true	0.030284	vu	vu:1	0.000000	m4wui5:1	d	d:18|a:4|l:3|v:1	m4wui5:26	false		false	false			domain_concentration_signal|rime_absent|negated_sequence	unreviewed	
591	底部	138.298839	1	26	true	0.030284	f	f:1	0.000000	dai2bou6:1	n	n:5|Ng:5|vn:4|d:4|v:3|a:2|q:1|ns:1	dai2bou6:26	false		false	true	dai2bou6	jyut6ping3.words.dict.yaml	domain_concentration_signal	unreviewed	
592	哩度	138.213629	34	0	false	0.000000	r	r:31|n:3	0.000000	ni1dou6:34				true	1161	false	false			single_corpus_signal|rime_absent|demonstrative_sequence	unreviewed	
594	接近	137.201110	2	25	true	0.062990	v	v:2	0.000000	zip3gan6:2	v	v:20|n:2|jns:1|a:1|Ng:1	zip3gan6:25	true	814	false	true	zip3gan6	jyut6ping3.words.dict.yaml	domain_concentration_signal	unreviewed	
595	一半	135.451761	13	16	true	0.639745	m	m:13	0.000000	jat1bun3:13	m	m:16	jat1bun3:16	true	722	false	true	jat1bun3	jyut6ping3.words.dict.yaml	quantified_sequence	unreviewed	
596	丸冤墓	134.233732	0	26	false	0.000000			0.000000		n	n:15|Ng:3|v:3|x:2|xn:1|nr:1|d:1	jyun2jyun1mou6:26	false		false	false			single_corpus_signal|rime_absent	unreviewed	
597	意	134.233732	0	26	false	0.000000			0.000000		n	n:23|v:3	ji3:26	true	518	false	true	ji3	jyut6ping3.chars.dict.yaml	single_corpus_signal	unreviewed	
598	個個	134.148523	33	0	false	0.000000	q	q:29|r:3|n:1	0.000000	go3go3:33				true	717	false	true	go3go3	jyut6ping3.words.dict.yaml	single_corpus_signal	unreviewed	
599	換	134.148523	33	0	false	0.000000	v	v:33	0.000000	wun6:33				true	1818	false	true	wun6	jyut6ping3.chars.dict.yaml	single_corpus_signal	unreviewed	
600	理由	134.148523	33	0	false	0.000000	n	n:32|v:1	0.000000	lei5jau4:33				true	596	false	true	lei5jau4	jyut6ping3.words.dict.yaml	single_corpus_signal	unreviewed	
604	情況	131.181145	31	1	true	0.040969	n	n:31	0.000000	cing4fong3:31	n	n:1	cing4fong3:1	true	395	false	true	cing4fong3	jyut6ping3.words.dict.yaml	domain_concentration_signal	unreviewed	
605	方面	131.181145	31	1	true	0.040969	n	n:30|f:1	0.000000	fong1min6:31	n	n:1	fong1min6:1	true	348	false	true	fong1min6	jyut6ping3.words.dict.yaml	domain_concentration_signal	unreviewed	
606	女仔	130.083416	32	0	false	0.000000	n	n:32	0.000000	neoi5zai2:32				true	385	false	true	neoi5zai2	jyut6ping3.words.dict.yaml	single_corpus_signal	unreviewed	
607	學生	130.083416	32	0	false	0.000000	n	n:32	0.000000	hok6saang1:32				true	612	false	true	hok6saang1	jyut6ping3.words.dict.yaml	single_corpus_signal	unreviewed	
608	悶	130.083416	32	0	false	0.000000	a	a:31|v:1	0.000000	mun6:32				true	1974	false	true	mun6	jyut6ping3.chars.dict.yaml	single_corpus_signal	unreviewed	
609	更加	130.083416	32	0	false	0.000000	d	d:32	0.000000	gang3gaa1:32				true	486	false	true	gang3gaa1	jyut6ping3.words.dict.yaml	single_corpus_signal|degree_sequence	unreviewed	
610	細個	130.083416	32	0	false	0.000000	a	a:32	0.000000	sai3go3:32				true	553	false	true	sai3go3	jyut6ping3.words.dict.yaml	single_corpus_signal	unreviewed	
612	十五	129.191196	14	14	true	0.787379	m	m:14	0.000000	sap6ng5:14	m	m:14	sap6ng5:14	false		false	false			rime_absent|quantified_sequence	unreviewed	
613	橢圓形	129.070896	0	25	false	0.000000			0.000000		n	n:24|v:1	to5jun4jing4:25	false		false	true	to5jyun4jing4	jyut6ping3.words.dict.yaml	single_corpus_signal	unreviewed	
614	泳池	129.070896	0	25	false	0.000000			0.000000		n	n:22|v:2|x:1	wing6ci4:25	true	243	false	true	wing6ci4	jyut6ping3.words.dict.yaml	single_corpus_signal	unreviewed	
616	入面	127.973167	1	24	true	0.032807	f	f:1	0.000000	jap6min6:1	f	f:22|n:2	jap6min6:24	true	667	false	true	jap6min6	jyut6ping3.words.dict.yaml	domain_concentration_signal	unreviewed	
619	左右	126.875438	2	23	true	0.068468	f	f:2	0.000000	zo2jau2:2	f	f:23	zo2jau2:23	true	723	false	true	zo2jau2|zo2jau6	jyut6ping3.words.dict.yaml	domain_concentration_signal	unreviewed	
620	人工	126.018309	31	0	false	0.000000	n	n:27|a:4	0.000000	jan4gung1:31				true	684	false	true	jan4gung1	jyut6ping3.words.dict.yaml	single_corpus_signal	unreviewed	
621	嘿	126.018309	31	0	false	0.000000	e	e:31	0.000000	hei3:31				true	835	false	true	hei1|mak6	jyut6ping3.chars.dict.yaml	single_corpus_signal	unreviewed	
622	考試	126.018309	31	0	false	0.000000	v	v:14|vn:9|n:8	0.000000	haau2si5:31				true	735	false	true	haau2si3|haau2si5	jyut6ping3.words.dict.yaml	single_corpus_signal	unreviewed	
623	食飯	126.018309	31	0	false	0.000000	v	v:31	0.000000	sik6faan6:31				true	725	false	true	sik6faan6	jyut6ping3.words.dict.yaml	single_corpus_signal	unreviewed	
624	勁	124.148661	28	2	true	0.090717	a	a:26|d:2	0.000000	ging6:28	a	a:2	ging6:2	true	367	false	true	ging3|ging6	jyut6ping3.chars.dict.yaml	domain_concentration_signal	unreviewed	
625	大佬	124.148661	28	2	true	0.090717	n	n:28	0.000000	daai6lou2:28	n	n:2	daai6lou2:2	true	841	false	true	daai6lou2	jyut6ping3.words.dict.yaml	domain_concentration_signal	unreviewed	
626	袋	124.148661	28	2	true	0.090717	n	n:24|v:3|q:1	0.000000	doi2:24|doi6:4	n	n:2	doi6:2	true	693	false	true	doi6	jyut6ping3.chars.dict.yaml	domain_concentration_signal	unreviewed	
627	可唔可以	123.908060	0	24	false	0.000000			0.000000		vu	vu:19|a:3|v:2	ho2m4ho2ji5:24	false		false	false			single_corpus_signal|rime_absent	unreviewed	
628	圓形	123.908060	0	24	false	0.000000			0.000000		n	n:23|v:1	jun4jing4:24	true	831	false	true	jyun4jing4	jyut6ping3.words.dict.yaml	single_corpus_signal	unreviewed	
629	韻靚橋	123.908060	0	24	false	0.000000			0.000000		v	v:8|n:8|x:3|ns:2|l:2|Ng:1	wan5leng3kiu4:24	false		false	false			single_corpus_signal|rime_absent	unreviewed	
631	今年	121.953202	30	0	false	0.000000	t	t:30	0.000000	gam1nin2:30				true	531	false	true	gam1nin4	jyut6ping3.words.dict.yaml	single_corpus_signal	unreviewed	
632	分鐘	121.953202	30	0	false	0.000000	q	q:30	0.000000	fan1zung1:30				true	668	false	true	fan1zung1	jyut6ping3.words.dict.yaml	single_corpus_signal	unreviewed	
633	李	121.953202	30	0	false	0.000000	nr	nr:30	1.000000	lei5:30				false		false	true	lei5	jyut6ping3.chars.dict.yaml	proper_name_signal|single_corpus_signal	unreviewed	
634	電腦	121.953202	30	0	false	0.000000	n	n:30	0.000000	din6nou5:30				true	512	false	true	din6nou5	jyut6ping3.words.dict.yaml	single_corpus_signal	unreviewed	
635	鼻	121.712602	2	22	true	0.071580	n	n:2	0.000000	bei6:2	n	n:11|Ng:6|v:3|x:2	bei6:22	true	834	false	true	bat6|bei6	jyut6ping3.chars.dict.yaml	domain_concentration_signal	unreviewed	
637	希望	118.985825	28	1	true	0.045358	v	v:16|vu:9|vn:3	0.000000	hei1mong6:28	v	v:1	hei1mong6:1	true	302	false	true	hei1mong6	jyut6ping3.words.dict.yaml	domain_concentration_signal	unreviewed	
638	搞笑	118.985825	28	1	true	0.045358	a	a:28	0.000000	gaau2siu3:28	a	a:1	gaau2siu3:1	true	879	false	true	gaau2siu3	jyut6ping3.words.dict.yaml	domain_concentration_signal	unreviewed	
639	炒	118.985825	28	1	true	0.045358	v	v:28	0.000000	caau2:28	v	v:1	caau2:1	true	675	false	true	caau2	jyut6ping3.chars.dict.yaml	domain_concentration_signal	unreviewed	
640	出嚟	118.745224	0	23	false	0.000000			0.000000		v	v:23	ceot1lai4:23	true	233	true	true	ceot1lai4	jyut6ping3.words.dict.yaml	known_invalid_atomic|single_corpus_signal|directional_chain	unreviewed	
641	南面	118.745224	0	23	false	0.000000			0.000000		n	n:12|ns:5|f:4|Ng:1|x:1	naam4min6:23	false		false	false			single_corpus_signal|rime_absent	unreviewed	
642	害	118.745224	0	23	false	0.000000			0.000000		Ng	Ng:9|n:6|v:4|x:2|a:1|vn:1	hoi6:23	true	774	false	true	hoi6|hot3|hot6	jyut6ping3.chars.dict.yaml	single_corpus_signal	unreviewed	
643	擰幼湖	118.745224	0	23	false	0.000000			0.000000		v	v:20|Ng:2|n:1	ling2jau3wu4:23	false		false	false			single_corpus_signal|rime_absent	unreviewed	
644	燈塔	118.745224	0	23	false	0.000000			0.000000		n	n:14|v:5|x:3|nz:1	dang1taap3:23	true	416	false	true	dang1taap3	jyut6ping3.words.dict.yaml	single_corpus_signal	unreviewed	
645	笨	118.745224	0	23	false	0.000000			0.000000		n	n:11|v:7|Ng:3|x:2	ban6:23	true	759	false	true	ban6	jyut6ping3.chars.dict.yaml	single_corpus_signal	unreviewed	
647	介紹	117.888096	29	0	false	0.000000	v	v:28|vn:1	0.000000	gaai3siu6:29				true	769	false	true	gaai3siu6	jyut6ping3.words.dict.yaml	single_corpus_signal	unreviewed	
648	後尾	117.888096	29	0	false	0.000000	f	f:15|t:14	0.000000	hau6mei1:24|hau1mei1:5				true	516	false	true	hau1mei1|hau6mei1	jyut6ping3.words.dict.yaml	single_corpus_signal	unreviewed	
649	陳	117.888096	29	0	false	0.000000	nr	nr:29	1.000000	can4:28|can2:1				true	448	false	true	can4|zan6	jyut6ping3.chars.dict.yaml	proper_name_signal|single_corpus_signal	unreviewed	
650	四十五	117.647495	1	22	true	0.035790	m	m:1	0.000000	sei3sap6ng5:1	m	m:20|t:2	sei3sap6m5:22	false		false	false			domain_concentration_signal|rime_absent|quantified_sequence	unreviewed	
654	公仔	116.549766	2	21	true	0.074988	n	n:2	0.000000	gung1zai2:2	n	n:21	gung1zai2:21	true	936	false	true	gung1zai2	jyut6ping3.words.dict.yaml	domain_concentration_signal	unreviewed	
655	外圍	116.549766	2	21	true	0.074988	f	f:2	0.000000	ngoi6wai4:2	n	n:16|f:3|ns:1|x:1	ngoi6wai4:21	true	1040	false	true	ngoi6wai4	jyut6ping3.words.dict.yaml	domain_concentration_signal	unreviewed	
662	小學	114.920718	27	1	true	0.047038	n	n:27	0.000000	siu2hok6:27	n	n:1	siu2hok6:1	true	843	false	true	siu2hok6	jyut6ping3.words.dict.yaml	domain_concentration_signal	unreviewed	
666	跑	113.822989	28	0	false	0.000000	v	v:27|Vg:1	0.000000	paau2:28				true	908	false	true	paau2|paau4	jyut6ping3.chars.dict.yaml	single_corpus_signal	unreviewed	
667	郵票	113.822989	28	0	false	0.000000	n	n:28	0.000000	jau4piu3:28				true	909	false	true	jau4piu3	jyut6ping3.words.dict.yaml	single_corpus_signal	unreviewed	
668	五點鐘	113.582389	0	22	false	0.000000			0.000000		t	t:20|m:1|q:1	m5dim2zung1:22	false		false	false			single_corpus_signal|rime_absent|numeric_measure_time_sequence|quantified_sequence	unreviewed	
669	圓柱體	113.582389	0	22	false	0.000000			0.000000		n	n:21|nr:1	jun4cyu5tai2:22	false		false	true	jyun4cyu5tai2	jyut6ping3.words.dict.yaml	single_corpus_signal	unreviewed	
670	平排	113.582389	0	22	false	0.000000			0.000000		t	t:15|Vg:3|a:2|x:1|Ng:1	ping4paai4:22	true	1282	false	true	ping4paai4	jyut6ping3.words.dict.yaml	single_corpus_signal	unreviewed	
671	落嚟	113.582389	0	22	false	0.000000			0.000000		v	v:19|n:2|u:1	lok6lai4:22	false		false	true	lok6lai4	jyut6ping3.words.dict.yaml	single_corpus_signal	unreviewed	
673	樹林	112.484659	1	21	true	0.037494	n	n:1	0.000000	syu6lam4:1	n	n:11|ns:5|nr:3|Ng:1|x:1	syu6lam4:21	true	408	false	true	syu6lam4	jyut6ping3.words.dict.yaml	domain_concentration_signal	unreviewed	
675	好玩	110.855611	26	1	true	0.048848	a	a:26	0.000000	hou2waan2:26	a	a:1	hou2waan2:1	true	806	false	true	hou2waan2|hou2wun6	jyut6ping3.words.dict.yaml	domain_concentration_signal|degree_sequence	unreviewed	
676	廿	110.855611	26	1	true	0.048848	m	m:26	0.000000	jaa6:26	m	m:1	jaa6:1	true	1106	false	true	jaa6|jap6|je6|nim6	jyut6ping3.chars.dict.yaml	domain_concentration_signal	unreviewed	
677	嗰時	109.757882	27	0	false	0.000000	r	r:23|t:4	0.000000	go2si4:25|go2si2:2				false		false	true	go2si4	jyut6ping3.words.dict.yaml	single_corpus_signal|demonstrative_sequence	unreviewed	
678	抵	109.757882	27	0	false	0.000000	a	a:22|v:5	0.000000	dai2:27				true	1157	false	true	dai2|zi2	jyut6ping3.chars.dict.yaml	single_corpus_signal	unreviewed	
679	未必	109.757882	27	0	false	0.000000	d	d:27	0.000000	mei6bit1:27				true	606	false	true	mei6bit1	jyut6ping3.words.dict.yaml	single_corpus_signal	unreviewed	
682	黎	108.539853	14	10	true	0.907169	nr	nr:14	1.000000	lai4:14	nr	nr:10	lai4:10	false		false	true	lai4	jyut6ping3.chars.dict.yaml	proper_name_signal	unreviewed	
683	依	108.419553	0	21	false	0.000000			0.000000		n	n:7|d:6|v:4|Ng:2|nr:1|a:1	ji1:21	true	338	false	true	ji1	jyut6ping3.chars.dict.yaml	single_corpus_signal	unreviewed	
684	圖標	108.419553	0	21	false	0.000000			0.000000		n	n:21	tou4biu1:21	true	1988	false	false			single_corpus_signal|rime_absent	unreviewed	
685	手指	108.419553	0	21	false	0.000000			0.000000		n	n:21	sau2zi2:21	true	996	false	true	sau2zi2	jyut6ping3.words.dict.yaml	single_corpus_signal	unreviewed	
686	長方形	108.419553	0	21	false	0.000000			0.000000		n	n:21	coeng4fong1jing4:21	true	1118	false	true	coeng4fong1jing4	jyut6ping3.words.dict.yaml	single_corpus_signal	unreviewed	
690	遮	107.321824	1	20	true	0.039369	v	v:1	0.000000	ze1:1	n	n:11|v:7|d:1|a:1	ze1:20	true	1327	false	true	ze1	jyut6ping3.chars.dict.yaml	domain_concentration_signal	unreviewed	
691	一百	106.790505	25	1	true	0.050801	m	m:25	0.000000	jat1baak3:25	m	m:1	jat1baak3:1	false		false	true	jat1baak3	jyut6ping3.words.dict.yaml	domain_concentration_signal|quantified_sequence	unreviewed	
692	工作	106.790505	25	1	true	0.050801	n	n:21|v:3|vn:1	0.000000	gung1zok3:25	n	n:1	gung1zok3:1	true	498	false	true	gung1zok3	jyut6ping3.words.dict.yaml	domain_concentration_signal	unreviewed	
693	飛	106.790505	25	1	true	0.050801	v	v:15|n:10	0.000000	fei1:25	v	v:1	fei1:1	true	856	false	true	fei1	jyut6ping3.chars.dict.yaml	domain_concentration_signal	unreviewed	
696	形狀	106.224095	2	19	true	0.082882	n	n:2	0.000000	jing4zong6:2	n	n:17|v:2	jing4zong6:19	true	1110	false	true	jing4zong6	jyut6ping3.words.dict.yaml	domain_concentration_signal	unreviewed	
699	奶茶	105.692775	26	0	false	0.000000	n	n:26	0.000000	naai5caa4:26				true	970	false	true	naai5caa4	jyut6ping3.words.dict.yaml	single_corpus_signal	unreviewed	
700	老	105.692775	26	0	false	0.000000	a	a:26	0.000000	lou5:26				true	337	false	true	lou5	jyut6ping3.chars.dict.yaml	single_corpus_signal	unreviewed	
701	起碼	105.692775	26	0	false	0.000000	d	d:26	0.000000	hei2maa5:26				true	681	false	true	hei2maa5	jyut6ping3.words.dict.yaml	single_corpus_signal	unreviewed	
706	像	103.256717	0	20	false	0.000000			0.000000		n	n:18|Ng:2	zoeng6:20	true	369	false	true	zoeng6	jyut6ping3.chars.dict.yaml	single_corpus_signal	unreviewed	
707	圖形	103.256717	0	20	false	0.000000			0.000000		n	n:20	tou4jing4:20	true	1175	false	true	tou4jing4	jyut6ping3.words.dict.yaml	single_corpus_signal	unreviewed	
708	打直	103.256717	0	20	false	0.000000			0.000000		v	v:18|d:2	daa2zik6:20	true	1284	false	true	daa2zik6	jyut6ping3.words.dict.yaml	single_corpus_signal	unreviewed	
709	時	103.256717	0	20	false	0.000000			0.000000		t	t:10|n:8|d:2	si4:20	true	94	false	true	si4	jyut6ping3.chars.dict.yaml	single_corpus_signal	unreviewed	
710	正下方	103.256717	0	20	false	0.000000			0.000000		n	n:15|x:4|Ng:1	zing3haa6fong1:20	true	1191	false	false			single_corpus_signal|rime_absent	unreviewed	
711	空白	103.256717	0	20	false	0.000000			0.000000		n	n:17|a:2|v:1	hung1baak6:20	true	1088	false	true	hung1baak6	jyut6ping3.words.dict.yaml	single_corpus_signal	unreviewed	
712	女	102.725398	24	1	true	0.052918	b	b:11|n:11|a:1|Ng:1	0.000000	neoi5:12|neoi2:12	b	b:1	neoi5:1	true	616	false	true	jyu5|neoi2|neoi5|neoi6	jyut6ping3.chars.dict.yaml	domain_concentration_signal	unreviewed	
713	肯定	102.725398	24	1	true	0.052918	a	a:12|d:8|v:4	0.000000	hang2ding6:24	a	a:1	hang2ding6:1	true	509	false	true	hang2ding6	jyut6ping3.words.dict.yaml	domain_concentration_signal	unreviewed	
714	頭髮	102.725398	24	1	true	0.052918	n	n:24	0.000000	tau4faat3:24	n	n:1	tau4faat3:1	true	991	false	true	tau4faat3	jyut6ping3.words.dict.yaml	domain_concentration_signal	unreviewed	
715	中文	102.279288	15	8	true	0.677353	nz	nz:15	1.000000	zung1man2:14|zung1man4:1	nz	nz:8	zung1man4:8	true	844	false	true	zung1man2|zung1man4	jyut6ping3.words.dict.yaml	proper_name_signal	unreviewed	
716	旗	102.158988	1	19	true	0.041441	n	n:1	0.000000	kei4:1	n	n:19	kei4:19	true	960	false	true	kei4	jyut6ping3.chars.dict.yaml	domain_concentration_signal	unreviewed	
717	暖	102.158988	1	19	true	0.041441	a	a:1	0.000000	nyun5:1	n	n:6|Ng:4|a:4|v:3|x:1|nz:1	nyun5:19	true	392	false	true	hyun1|nyun5	jyut6ping3.chars.dict.yaml	domain_concentration_signal	unreviewed	
718	唔該	101.833178	6	15	true	0.314951	l1	l1:6	0.000000	m4goi1:6	l1	l1:9|a:3|d:1|Ng:1|l:1	m4goi1:15	true	488	false	true	m4goi1	jyut6ping3.words.dict.yaml	negated_sequence	unreviewed	
719	上次	101.627669	25	0	false	0.000000	t	t:24|f:1	0.000000	soeng6ci3:25				true	884	false	true	soeng6ci3	jyut6ping3.words.dict.yaml	single_corpus_signal	unreviewed	
720	借	101.627669	25	0	false	0.000000	v	v:25	0.000000	ze3:25				true	678	false	true	ze3	jyut6ping3.chars.dict.yaml	single_corpus_signal	unreviewed	
721	同事	101.627669	25	0	false	0.000000	n	n:25	0.000000	tung4si6:25				true	917	false	true	tung4si6	jyut6ping3.words.dict.yaml	single_corpus_signal	unreviewed	
722	最近	101.627669	25	0	false	0.000000	t	t:25	0.000000	zeoi3gan6:25				true	663	false	true	zeoi3gan6	jyut6ping3.words.dict.yaml	single_corpus_signal|degree_sequence	unreviewed	
723	無聊	101.627669	25	0	false	0.000000	a	a:25	0.000000	mou4liu4:25				true	989	false	true	mou4liu4	jyut6ping3.words.dict.yaml	single_corpus_signal	unreviewed	
724	老細	101.627669	25	0	false	0.000000	n	n:25	0.000000	lou5sai3:25				true	1767	false	true	lou5sai3	jyut6ping3.words.dict.yaml	single_corpus_signal	unreviewed	
725	講真	101.627669	25	0	false	0.000000	v	v:25	0.000000	gong2zan1:25				true	868	false	true	gong2zan1	jyut6ping3.words.dict.yaml	single_corpus_signal	unreviewed	
730	走去	98.660291	23	1	true	0.055219	v	v:22|p:1	0.000000	zau2heoi3:23	v	v:1	zau2heoi3:1	false		false	false			domain_concentration_signal|rime_absent	unreviewed	
731	電視	98.660291	23	1	true	0.055219	n	n:23	0.000000	din6si6:23	n	n:1	din6si6:1	true	623	false	true	din6si6	jyut6ping3.words.dict.yaml	domain_concentration_signal	unreviewed	
732	丸	98.093881	0	19	false	0.000000			0.000000		n	n:10|v:5|x:2|Ng:2	jun2:19	true	265	false	true	jyun2|jyun4	jyut6ping3.chars.dict.yaml	single_corpus_signal	unreviewed	
733	堡	98.093881	0	19	false	0.000000			0.000000		n	n:10|Ng:6|x:1|v:1|d:1	bou2:19	true	777	false	true	bou2|pou3	jyut6ping3.chars.dict.yaml	single_corpus_signal	unreviewed	
734	曲線	98.093881	0	19	false	0.000000			0.000000		n	n:13|v:6	kuk1sin3:19	true	1658	false	true	kuk1sin3	jyut6ping3.words.dict.yaml	single_corpus_signal	unreviewed	
735	東南方	98.093881	0	19	false	0.000000			0.000000		n	n:17|nt:1|ns:1	dung1laam4fong1:19	false		false	false			single_corpus_signal|rime_absent	unreviewed	
736	水塘	98.093881	0	19	false	0.000000			0.000000		n	n:15|v:1|l:1|Dg:1|x:1	seoi2tong4:19	true	482	false	true	seoi2tong4	jyut6ping3.words.dict.yaml	single_corpus_signal	unreviewed	
737	礦場	98.093881	0	19	false	0.000000			0.000000		n	n:19	kwong3coeng4:19	true	383	false	true	kwong3coeng4	jyut6ping3.words.dict.yaml	single_corpus_signal	unreviewed	
738	餐室	98.093881	0	19	false	0.000000			0.000000		n	n:19	caan1sat1:19	true	781	false	true	caan1sat1	jyut6ping3.words.dict.yaml	single_corpus_signal	unreviewed	
741	做嘢	97.562562	24	0	false	0.000000	v	v:24	0.000000	zou6je5:24				false		false	true	zou6je5	jyut6ping3.words.dict.yaml	single_corpus_signal	unreviewed	
742	去到	97.562562	24	0	false	0.000000	v	v:24	0.000000	heoi3dou3:24				false		false	false			single_corpus_signal|rime_absent|aspect_result_sequence	unreviewed	
743	寄	97.562562	24	0	false	0.000000	v	v:24	0.000000	gei3:24				true	904	false	true	gei3	jyut6ping3.chars.dict.yaml	single_corpus_signal	unreviewed	
744	揸	97.562562	24	0	false	0.000000	v	v:24	0.000000	zaa1:24				true	589	false	true	zaa1	jyut6ping3.chars.dict.yaml	single_corpus_signal	unreviewed	
745	艾爾頓	97.562562	24	0	false	0.000000	nr	nr:24	1.000000	aai6ji5deon6:24				true	1411	false	false			proper_name_signal|single_corpus_signal|rime_absent	unreviewed	
746	英國	97.562562	24	0	false	0.000000	ns	ns:24	1.000000	jing1gwok3:24				true	1239	false	true	jing1gwok3	jyut6ping3.words.dict.yaml	proper_name_signal|single_corpus_signal	unreviewed	
747	譯	97.562562	24	0	false	0.000000	v	v:24	0.000000	jik6:24				false		false	true	jik6	jyut6ping3.chars.dict.yaml	single_corpus_signal	unreviewed	
748	起身	97.562562	24	0	false	0.000000	v	v:24	0.000000	hei2san1:24				true	950	false	true	hei2san1	jyut6ping3.words.dict.yaml	single_corpus_signal	unreviewed	
749	辦法	97.562562	24	0	false	0.000000	n	n:24	0.000000	baan6faat3:24				true	666	false	true	baan6faat3	jyut6ping3.words.dict.yaml	single_corpus_signal	unreviewed	
752	從	96.996152	1	18	true	0.043743	p	p:1	0.000000	cung4:1	d	d:9|p:3|a:2|c:1|n:1|Ng:1|nr:1	cung4:18	true	584	false	true	cung1|cung4|sung1|zung1|zung3|zung6	jyut6ping3.chars.dict.yaml	domain_concentration_signal	unreviewed	
755	好彩	95.692913	21	2	true	0.120956	a	a:21	0.000000	hou2coi2:21	a	a:2	hou2coi2:2	true	974	false	true	hou2coi2	jyut6ping3.words.dict.yaml	degree_sequence	unreviewed	
758	究竟	94.595184	22	1	true	0.057729	d	d:22	0.000000	gau3ging2:22	d	d:1	gau3ging2:1	true	388	false	true	gau3ging2	jyut6ping3.words.dict.yaml	domain_concentration_signal	unreviewed	
759	係噉	93.497455	23	0	false	0.000000	d	d:23	0.000000	hai6gam2:23				true	285	true	true	hai6gam2	jyut6ping3.words.dict.yaml	known_invalid_atomic|single_corpus_signal	unreviewed	
760	入邊	93.497455	23	0	false	0.000000	f	f:22|p:1	0.000000	jap6bin6:23				true	1069	false	true	jap6bin1|jap6bin6	jyut6ping3.words.dict.yaml	single_corpus_signal	unreviewed	
761	反而	93.497455	23	0	false	0.000000	d	d:22|c:1	0.000000	faan2ji4:23				true	686	false	true	faan2ji4	jyut6ping3.words.dict.yaml	single_corpus_signal	unreviewed	
762	咯	93.497455	23	0	false	0.000000	y	y:19|y1:4	0.000000	lok3:23				true	1049	false	true	gok3|haak3|kat1|lo1|lo3|lok3|lok6	jyut6ping3.chars.dict.yaml	single_corpus_signal	unreviewed	
763	教書	93.497455	23	0	false	0.000000	v	v:23	0.000000	gaau3syu1:23				true	921	false	true	gaau3syu1	jyut6ping3.words.dict.yaml	single_corpus_signal	unreviewed	
764	神	93.497455	23	0	false	0.000000	n	n:22|x:1	0.000000	san4:23				true	757	false	true	san1|san4	jyut6ping3.chars.dict.yaml	single_corpus_signal	unreviewed	
765	考慮	93.497455	23	0	false	0.000000	v	v:22|vn:1	0.000000	haau2leoi6:23				true	617	false	true	haau2leoi6	jyut6ping3.words.dict.yaml	single_corpus_signal	unreviewed	
766	訂	93.497455	23	0	false	0.000000	v	v:23	0.000000	deng6:23				true	1427	false	true	deng3|deng6|ding3|ding6	jyut6ping3.chars.dict.yaml	single_corpus_signal	unreviewed	
767	一點鐘	92.931045	0	18	false	0.000000			0.000000		t	t:13|d:5	jat1dim2zung1:18	false		false	false			single_corpus_signal|rime_absent|numeric_measure_time_sequence|quantified_sequence	unreviewed	
768	擦膠	92.931045	0	18	false	0.000000			0.000000		n	n:17|ns:1	caat3gaau1:18	true	1268	false	true	caat3gaau1	jyut6ping3.words.dict.yaml	single_corpus_signal	unreviewed	
769	穿過	92.931045	0	18	false	0.000000			0.000000		v	v:12|u:5|d:1	cyun1gwo3:18	true	137	false	true	cyun1gwo3	jyut6ping3.words.dict.yaml	single_corpus_signal|aspect_result_sequence	unreviewed	
770	迷宮	92.931045	0	18	false	0.000000			0.000000		n	n:12|nz:2|Nsg:2|a:1|v:1	mai4gung1:18	true	276	false	true	mai4gung1	jyut6ping3.words.dict.yaml	single_corpus_signal	unreviewed	
775	十二	91.181697	11	9	true	0.962352	m	m:11	0.000000	sap6ji6:11	m	m:9	sap6ji6:9	false		false	false			rime_absent|quantified_sequence	unreviewed	
778	平衡	90.735587	2	16	true	0.098422	v	v:1|a:1	0.000000	ping4hang4:2	v	v:5|n:5|a:4|f:1|l:1	ping4hang4:16	true	889	false	true	ping4hang4	jyut6ping3.words.dict.yaml	domain_concentration_signal	unreviewed	
779	池	90.735587	2	16	true	0.098422	n	n:2	0.000000	ci4:2	n	n:16	ci4:16	true	179	false	true	ci4|to4	jyut6ping3.chars.dict.yaml	domain_concentration_signal	unreviewed	
780	純	90.735587	2	16	true	0.098422	a	a:2	0.000000	seon4:2	a	a:12|Ng:4	seon4:16	true	859	false	true	seon4|tyun4|zeon2	jyut6ping3.chars.dict.yaml	domain_concentration_signal	unreviewed	
781	傻	90.530078	21	1	true	0.060478	a	a:21	0.000000	so4:21	a	a:1	so4:1	true	324	false	true	so4	jyut6ping3.chars.dict.yaml	domain_concentration_signal	unreviewed	
782	拍	90.530078	21	1	true	0.060478	v	v:21	0.000000	paak3:21	v	v:1	paak3:1	true	607	false	true	paak3	jyut6ping3.chars.dict.yaml	domain_concentration_signal	unreviewed	
784	先生	89.432348	22	0	false	0.000000	n	n:22	0.000000	sin1saang1:22				true	547	false	true	sin1saang1	jyut6ping3.words.dict.yaml	single_corpus_signal	unreviewed	
785	八月	89.432348	22	0	false	0.000000	t	t:22	0.000000	baat3jyut6:22				true	1035	false	true	baat3jyut6	jyut6ping3.words.dict.yaml	single_corpus_signal|numeric_measure_time_sequence|quantified_sequence	unreviewed	
786	嗰日	89.432348	22	0	false	0.000000	r	r:21|t:1	0.000000	go2jat6:22				false		false	false			single_corpus_signal|rime_absent|demonstrative_sequence	unreviewed	
787	對於	89.432348	22	0	false	0.000000	p	p:22	0.000000	deoi3jyu1:22				true	745	false	true	deoi3jyu1	jyut6ping3.words.dict.yaml	single_corpus_signal	unreviewed	
788	社會	89.432348	22	0	false	0.000000	n	n:22	0.000000	se5wui2:22				true	358	false	true	se5wui2	jyut6ping3.words.dict.yaml	single_corpus_signal	unreviewed	
789	聲	89.432348	22	0	false	0.000000	n	n:16|q:5|k:1	0.000000	seng1:22				true	817	false	true	seng1|sing1	jyut6ping3.chars.dict.yaml	single_corpus_signal	unreviewed	
790	要求	89.432348	22	0	false	0.000000	v	v:17|vn:5	0.000000	jiu1kau4:22				true	609	false	true	jiu1kau4	jyut6ping3.words.dict.yaml	single_corpus_signal	unreviewed	
791	返學	89.432348	22	0	false	0.000000	v	v:22	0.000000	faan1hok6:22				true	875	false	true	faan1hok6	jyut6ping3.words.dict.yaml	single_corpus_signal	unreviewed	
792	阿媽	89.432348	22	0	false	0.000000	n	n:22	0.000000	aa3maa1:22				true	738	false	true	aa3maa1	jyut6ping3.words.dict.yaml	single_corpus_signal	unreviewed	
793	雀	89.432348	22	0	false	0.000000	n	n:22	0.000000	zoek2:18|zoek3:4				true	1605	false	true	zoek2|zoek3	jyut6ping3.chars.dict.yaml	single_corpus_signal	unreviewed	
795	除咗	88.660429	18	3	true	0.211673	p	p:18	0.000000	ceoi4zo2:18	p	p:3	ceoi4zo2:3	false		false	true	ceoi4zo2	jyut6ping3.words.dict.yaml	particle_final_sequence|aspect_result_sequence	unreviewed	
797	受害山	87.768209	0	17	false	0.000000			0.000000		n	n:7|x:6|v:3|q:1	sau6hoi6saan1:17	false		false	false			single_corpus_signal|rime_absent	unreviewed	
798	城堡	87.768209	0	17	false	0.000000			0.000000		n	n:12|v:2|jnt:1|nz:1|Ng:1	sing4bou2:17	true	1360	false	true	sing4bou2	jyut6ping3.words.dict.yaml	single_corpus_signal	unreviewed	
799	皮	87.768209	0	17	false	0.000000			0.000000		n	n:17	pei4:17	true	499	false	true	pei2|pei4	jyut6ping3.chars.dict.yaml	single_corpus_signal	unreviewed	
800	金字塔	87.768209	0	17	false	0.000000			0.000000		n	n:7|nr:4|nz:3|x:3	gam1zi6taap3:17	true	375	false	true	gam1zi6taap3	jyut6ping3.words.dict.yaml	single_corpus_signal	unreviewed	
801	韻	87.768209	0	17	false	0.000000			0.000000		n	n:7|v:6|Ng:3|Nsg:1	wan6:17	true	231	false	true	wan2|wan5|wan6	jyut6ping3.chars.dict.yaml	single_corpus_signal	unreviewed	
804	三十	86.464971	20	1	true	0.063502	m	m:20	0.000000	saam1sap6:20	m	m:1	saam1sap6:1	false		false	false			domain_concentration_signal|rime_absent|quantified_sequence	unreviewed	
805	跌	86.464971	20	1	true	0.063502	v	v:20	0.000000	dit3:20	v	v:1	dit3:1	true	878	false	true	daat3|dit3	jyut6ping3.chars.dict.yaml	domain_concentration_signal	unreviewed	
806	雖然	86.464971	20	1	true	0.063502	c	c:20	0.000000	seoi1jin4:20	c	c:1	seoi1jin4:1	true	575	false	true	seoi1jin4	jyut6ping3.words.dict.yaml	domain_concentration_signal	unreviewed	
807	十一	86.018861	11	8	true	0.923663	m	m:10|Tg:1	0.000000	sap6jat1:11	m	m:8	sap6jat1:8	false		false	false			rime_absent|quantified_sequence	unreviewed	
808	功課	85.367242	21	0	false	0.000000	n	n:21	0.000000	gung1fo3:21				true	1072	false	true	gung1fo3	jyut6ping3.words.dict.yaml	single_corpus_signal	unreviewed	
809	周圍	85.367242	21	0	false	0.000000	f	f:21	0.000000	zau1wai4:21				true	893	false	true	zau1wai4	jyut6ping3.words.dict.yaml	single_corpus_signal	unreviewed	
810	查	85.367242	21	0	false	0.000000	v	v:21	0.000000	caa4:21				true	1504	false	true	caa4|zaa1	jyut6ping3.chars.dict.yaml	single_corpus_signal	unreviewed	
811	生日	85.367242	21	0	false	0.000000	n	n:21	0.000000	saang1jat6:21				true	1076	false	true	saang1jat6	jyut6ping3.words.dict.yaml	single_corpus_signal	unreviewed	
812	發覺	85.367242	21	0	false	0.000000	v	v:21	0.000000	faat3gok3:21				true	599	false	true	faat3gok3	jyut6ping3.words.dict.yaml	single_corpus_signal	unreviewed	
813	覆	85.367242	21	0	false	0.000000	v	v:21	0.000000	fuk1:21				true	1100	false	true	fau6|fu3|fuk1	jyut6ping3.chars.dict.yaml	single_corpus_signal	unreviewed	
814	遲	85.367242	21	0	false	0.000000	a	a:21	0.000000	ci4:21				true	1841	false	true	ci4|zi3|zi6	jyut6ping3.chars.dict.yaml	single_corpus_signal	unreviewed	
815	郭	85.367242	21	0	false	0.000000	nr	nr:21	1.000000	gwok3:21				false		false	true	gwok3	jyut6ping3.chars.dict.yaml	proper_name_signal|single_corpus_signal	unreviewed	
817	劍	82.605373	0	16	false	0.000000			0.000000		n	n:15|v:1	gim3:16	true	1459	false	true	gim3	jyut6ping3.chars.dict.yaml	single_corpus_signal	unreviewed	
818	右手	82.605373	0	16	false	0.000000			0.000000		n	n:14|v:2	jau6sau2:16	true	786	false	false			single_corpus_signal|rime_absent	unreviewed	
819	右方	82.605373	0	16	false	0.000000			0.000000		n	n:14|v:1|x:1	jau6fong1:16	false		false	false			single_corpus_signal|rime_absent	unreviewed	
820	打斜	82.605373	0	16	false	0.000000			0.000000		v	v:16	daa2ce3:16	true	1285	false	true	daa2ce3	jyut6ping3.words.dict.yaml	single_corpus_signal	unreviewed	
821	橫線	82.605373	0	16	false	0.000000			0.000000		n	n:16	waang4sin3:16	true	1721	false	true	waang4sin3	jyut6ping3.words.dict.yaml	single_corpus_signal	unreviewed	
822	波浪	82.605373	0	16	false	0.000000			0.000000		n	n:16	bo1long6:16	true	1300	false	true	bo1long6	jyut6ping3.words.dict.yaml	single_corpus_signal	unreviewed	
823	闊	82.605373	0	16	false	0.000000			0.000000		v	v:7|a:6|n:3	fut3:16	true	1727	false	true	fut3	jyut6ping3.chars.dict.yaml	single_corpus_signal	unreviewed	
824	歌	82.399864	19	1	true	0.066844	n	n:19	0.000000	go1:19	n	n:1	go1:1	true	1212	false	true	go1	jyut6ping3.chars.dict.yaml	domain_concentration_signal	unreviewed	
826	公園	81.507644	1	15	true	0.052492	n	n:1	0.000000	gung1jyun2:1	n	n:14|Cg:1	gung1jun2:15	true	266	false	true	gung1jyun2|gung1jyun4	jyut6ping3.words.dict.yaml	domain_concentration_signal	unreviewed	
827	高度	81.507644	1	15	true	0.052492	n	n:1	0.000000	gou1dou6:1	n	n:13|x:2	gou1dou6:15	true	1310	false	true	gou1dou6	jyut6ping3.words.dict.yaml	domain_concentration_signal	unreviewed	
828	外國	81.302135	20	0	false	0.000000	n	n:20	0.000000	ngoi6gwok3:20				true	670	false	true	ngoi6gwok3	jyut6ping3.words.dict.yaml	single_corpus_signal	unreviewed	
829	生意	81.302135	20	0	false	0.000000	n	n:20	0.000000	saang1ji3:20				true	805	false	true	saang1ji3	jyut6ping3.words.dict.yaml	single_corpus_signal	unreviewed	
830	當然	81.302135	20	0	false	0.000000	d	d:20	0.000000	dong1jin4:19|dong1jin2:1				true	380	false	true	dong1jin4	jyut6ping3.words.dict.yaml	single_corpus_signal	unreviewed	
831	老闆	81.302135	20	0	false	0.000000	n	n:20	0.000000	lou5baan2:20				false		false	true	lou5baan2	jyut6ping3.words.dict.yaml	single_corpus_signal	unreviewed	
832	聖經	81.302135	20	0	false	0.000000	nz	nz:13|n:7	0.650000	sing3ging1:20				true	1172	false	true	sing3ging1	jyut6ping3.words.dict.yaml	single_corpus_signal	unreviewed	
833	聽講	81.302135	20	0	false	0.000000	v	v:20	0.000000	teng1gong2:20				true	1068	false	true	teng1gong2	jyut6ping3.words.dict.yaml	single_corpus_signal	unreviewed	
834	腳	81.302135	20	0	false	0.000000	n	n:20	0.000000	goek3:20				true	959	false	true	goek3|gok3	jyut6ping3.chars.dict.yaml	single_corpus_signal	unreviewed	
835	興	81.302135	20	0	false	0.000000	v	v:18|a:1|nr:1	0.050000	hing1:20				true	1724	false	true	hing1|hing3|jan6	jyut6ping3.chars.dict.yaml	single_corpus_signal	unreviewed	
836	街	81.302135	20	0	false	0.000000	n	n:19|Ng:1	0.000000	gaai1:20				true	955	false	true	gaai1	jyut6ping3.chars.dict.yaml	single_corpus_signal	unreviewed	
837	越	81.302135	20	0	false	0.000000	d	d:20	0.000000	jyut6:20				true	377	false	true	jyut6	jyut6ping3.chars.dict.yaml	single_corpus_signal	unreviewed	
838	電子	81.302135	20	0	false	0.000000	n	n:19|b:1	0.000000	din6zi2:20				true	1094	false	true	din6zi2	jyut6ping3.words.dict.yaml	single_corpus_signal	unreviewed	
839	麻煩	81.302135	20	0	false	0.000000	a	a:14|v:6	0.000000	maa4faan4:20				true	1056	false	true	maa4faan4	jyut6ping3.words.dict.yaml	single_corpus_signal	unreviewed	
845	三點鐘	79.312186	3	13	true	0.181703	t	t:3	0.000000	saam1dim2zung1:3	t	t:10|q:2|n:1	saam1dim2zung1:13	false		false	false			rime_absent|numeric_measure_time_sequence|quantified_sequence	unreviewed	
847	就算	78.334757	18	1	true	0.070558	c	c:18	0.000000	zau6syun3:18	c	c:1	zau6syun3:1	true	435	false	true	zau6syun3	jyut6ping3.words.dict.yaml	domain_concentration_signal	unreviewed	
848	留	78.334757	18	1	true	0.070558	v	v:18	0.000000	lau4:18	v	v:1	lau4:1	true	1246	false	true	lau4	jyut6ping3.chars.dict.yaml	domain_concentration_signal	unreviewed	
849	而且	78.334757	18	1	true	0.070558	c	c:18	0.000000	ji4ce2:18	c	c:1	ji4ce2:1	true	1043	false	true	ji4ce2	jyut6ping3.words.dict.yaml	domain_concentration_signal	unreviewed	
852	北邊	77.442538	0	15	false	0.000000			0.000000		ns	ns:8|f:3|n:2|x:1|d:1	bak1bin1:15	false		false	true	bak1bin1	jyut6ping3.words.dict.yaml	single_corpus_signal	unreviewed	
853	南邊	77.442538	0	15	false	0.000000			0.000000		n	n:5|f:4|Ng:3|Mg:1|ns:1|nr:1	naam4bin1:15	false		false	false			single_corpus_signal|rime_absent	unreviewed	
854	左手	77.442538	0	15	false	0.000000			0.000000		n	n:10|v:3|f:2	zo2sau2:15	true	888	false	false			single_corpus_signal|rime_absent	unreviewed	
855	搵𡃁洞	77.442538	0	15	false	0.000000			0.000000		n	n:9|v:4|d:1|ns:1	wan2leng1dung6:15	false		false	false			single_corpus_signal|rime_absent	unreviewed	
856	擁	77.442538	0	15	false	0.000000			0.000000		v	v:6|n:5|Ng:3|x:1	jung2:15	true	346	false	true	jung2|ung2	jyut6ping3.chars.dict.yaml	single_corpus_signal	unreviewed	
857	中國	77.237028	19	0	false	0.000000	ns	ns:19	1.000000	zung1gwok3:19				true	885	false	true	zung1gwok3	jyut6ping3.words.dict.yaml	proper_name_signal|single_corpus_signal	unreviewed	
858	只係	77.237028	19	0	false	0.000000	d	d:14|v:4|n:1	0.000000	zi2hai6:19				false		false	true	zi2hai6	jyut6ping3.words.dict.yaml	single_corpus_signal	unreviewed	
859	咖啡	77.237028	19	0	false	0.000000	n	n:19	0.000000	gaa3fe1:19				true	1155	false	true	gaa3fe1	jyut6ping3.words.dict.yaml	single_corpus_signal	unreviewed	
860	富城	77.237028	19	0	false	0.000000	nr	nr:19	1.000000	fu3sing4:19				false		false	false			proper_name_signal|single_corpus_signal|rime_absent	unreviewed	
861	晚	77.237028	19	0	false	0.000000	q	q:15|t:2|a:1|jn:1	0.000000	maan5:19				true	829	false	true	maan5	jyut6ping3.chars.dict.yaml	single_corpus_signal	unreviewed	
862	辭典	77.237028	19	0	false	0.000000	n	n:19	0.000000	ci4din2:19				true	1541	false	true	ci4din2	jyut6ping3.words.dict.yaml	single_corpus_signal	unreviewed	
863	關	77.237028	19	0	false	0.000000	v	v:13|nr:5|n:1	0.263158	gwaan1:19				true	1636	false	true	gwaan1	jyut6ping3.chars.dict.yaml	single_corpus_signal	unreviewed	
864	黐線	77.237028	19	0	false	0.000000	a	a:14|l1:5	0.000000	ci1sin3:19				true	782	false	true	ci1sin3	jyut6ping3.words.dict.yaml	single_corpus_signal	unreviewed	
868	九十	76.344809	1	14	true	0.056241	m	m:1	0.000000	gau2sap6:1	m	m:9|t:4|nt:1	gau2sap6:14	false		false	false			domain_concentration_signal|rime_absent|quantified_sequence	unreviewed	
869	呢度	76.344809	1	14	true	0.056241	r	r:1	0.000000	ni1dou6:1	r	r:5|y1:4|d:2|q:1|p:1|s:1	ni1dou6:14	false		false	true	nei1dou6|ni1dou6	jyut6ping3.words.dict.yaml	domain_concentration_signal|demonstrative_sequence	unreviewed	
870	地點	76.344809	1	14	true	0.056241	n	n:1	0.000000	dei6dim2:1	n	n:14	dei6dim2:14	true	1403	false	true	dei6dim2	jyut6ping3.words.dict.yaml	domain_concentration_signal	unreviewed	
871	濫	76.344809	1	14	true	0.056241	a	a:1	0.000000	laam5:1	n	n:8|a:5|v:1	laam6:14	true	476	false	true	haam5|laam5|laam6	jyut6ping3.chars.dict.yaml	domain_concentration_signal	unreviewed	
878	奇怪	74.269651	17	1	true	0.074708	a	a:17	0.000000	kei4gwaai3:17	a	a:1	kei4gwaai3:1	true	1355	false	true	kei4gwaai3	jyut6ping3.words.dict.yaml	domain_concentration_signal	unreviewed	
879	舒服	74.269651	17	1	true	0.074708	a	a:17	0.000000	syu1fuk6:17	a	a:1	syu1fuk6:1	true	954	false	true	syu1fuk6	jyut6ping3.words.dict.yaml	domain_concentration_signal	unreviewed	
880	齊	74.269651	17	1	true	0.074708	a	a:17	0.000000	cai4:17	a	a:1	cai4:1	true	1993	false	true	cai4|zaai1|zai6|zi1	jyut6ping3.chars.dict.yaml	domain_concentration_signal	unreviewed	
881	今次	73.171921	18	0	false	0.000000	t	t:18	0.000000	gam1ci3:18				true	353	false	true	gam1ci3	jyut6ping3.words.dict.yaml	single_corpus_signal	unreviewed	
882	削	73.171921	18	0	false	0.000000	v	v:17|a:1	0.000000	soek3:18				true	1501	false	true	ciu3|soek3	jyut6ping3.chars.dict.yaml	single_corpus_signal	unreviewed	
883	唓	73.171921	18	0	false	0.000000	e	e:18	0.000000	ce1:16|ce2:2				false		false	true	ce1	jyut6ping3.chars.dict.yaml	single_corpus_signal	unreviewed	
884	嗰樣	73.171921	18	0	false	0.000000	r	r:18	0.000000	go2joeng6:18				false		false	false			single_corpus_signal|rime_absent|demonstrative_sequence	unreviewed	
885	國家	73.171921	18	0	false	0.000000	n	n:18	0.000000	gwok3gaa1:18				true	551	false	true	gwok3gaa1	jyut6ping3.words.dict.yaml	single_corpus_signal	unreviewed	
886	搬	73.171921	18	0	false	0.000000	v	v:18	0.000000	bun1:18				true	1017	false	true	bun1	jyut6ping3.chars.dict.yaml	single_corpus_signal	unreviewed	
887	敢	73.171921	18	0	false	0.000000	v	v:11|vu:5|a:2	0.000000	gam2:18				true	708	false	true	gam2	jyut6ping3.chars.dict.yaml	single_corpus_signal	unreviewed	
888	有陣時	73.171921	18	0	false	0.000000	d	d:18	0.000000	jau5zan6si4:18				false		false	true	jau5zan6si4	jyut6ping3.words.dict.yaml	single_corpus_signal	unreviewed	
889	熱	73.171921	18	0	false	0.000000	a	a:18	0.000000	jit6:18				true	1630	false	true	jit6	jyut6ping3.chars.dict.yaml	single_corpus_signal	unreviewed	
890	租	73.171921	18	0	false	0.000000	v	v:9|Ng:9	0.000000	zou1:18				true	1308	false	true	zou1	jyut6ping3.chars.dict.yaml	single_corpus_signal	unreviewed	
891	能力	73.171921	18	0	false	0.000000	n	n:18	0.000000	nang4lik6:18				true	796	false	true	nang4lik6	jyut6ping3.words.dict.yaml	single_corpus_signal	unreviewed	
892	興趣	73.171921	18	0	false	0.000000	n	n:18	0.000000	hing3ceoi3:18				true	780	false	true	hing3ceoi3	jyut6ping3.words.dict.yaml	single_corpus_signal	unreviewed	
893	親	73.171921	18	0	false	0.000000	u	u:14|a:4	0.000000	can1:18				false		false	true	can1|can3	jyut6ping3.chars.dict.yaml	single_corpus_signal	unreviewed	
894	送	73.171921	18	0	false	0.000000	v	v:18	0.000000	sung3:18				true	901	false	true	sung3	jyut6ping3.chars.dict.yaml	single_corpus_signal	unreviewed	
895	錄	73.171921	18	0	false	0.000000	v	v:17|Vg:1	0.000000	luk6:18				true	1467	false	true	luk6	jyut6ping3.chars.dict.yaml	single_corpus_signal	unreviewed	
898	三角形	72.279702	0	14	false	0.000000			0.000000		n	n:13|m:1	saam1gok3jing4:14	true	1219	false	true	saam1gok3jing4	jyut6ping3.words.dict.yaml	single_corpus_signal|quantified_sequence	unreviewed	
899	半圓	72.279702	0	14	false	0.000000			0.000000		n	n:10|Ng:1|x:1|q:1|v:1	bun3jun4:14	false		false	true	bun3jyun4	jyut6ping3.words.dict.yaml	single_corpus_signal|quantified_sequence	unreviewed	
900	擰	72.279702	0	14	false	0.000000			0.000000		v	v:13|ns:1	ning4:12|ling6:2	true	263	false	true	ling2|ling6|ning1|ning4|ning6	jyut6ping3.chars.dict.yaml	single_corpus_signal	unreviewed	
901	框	72.279702	0	14	false	0.000000			0.000000		v	v:11|n:3	kwaang1:14	false		false	true	hong1|kwaang1	jyut6ping3.chars.dict.yaml	single_corpus_signal	unreviewed	
902	棚	72.279702	0	14	false	0.000000			0.000000		n	n:11|k:1|v:1|Ng:1	paang4:14	true	762	false	true	paang4	jyut6ping3.chars.dict.yaml	single_corpus_signal	unreviewed	
903	直到	72.279702	0	14	false	0.000000			0.000000		d	d:9|v:3|u:2	zik6dou3:14	true	1087	false	true	zik6dou3	jyut6ping3.words.dict.yaml	single_corpus_signal|aspect_result_sequence	unreviewed	
904	葡萄園	72.279702	0	14	false	0.000000			0.000000		n	n:14	pou4tou4jun4:14	false		false	false			single_corpus_signal|rime_absent	unreviewed	
905	車站	72.279702	0	14	false	0.000000			0.000000		n	n:14	ce1zaam6:14	true	283	false	true	ce1zaam6	jyut6ping3.words.dict.yaml	single_corpus_signal	unreviewed	
906	農莊	72.279702	0	14	false	0.000000			0.000000		n	n:13|v:1	nung4zong1:14	true	398	false	true	nung4zong1	jyut6ping3.words.dict.yaml	single_corpus_signal	unreviewed	
907	邊緣	72.279702	0	14	false	0.000000			0.000000		n	n:10|xnx:1|d:1|ns:1|r:1	bin1jun4:14	true	1542	false	true	bin1jyun4	jyut6ping3.words.dict.yaml	single_corpus_signal	unreviewed	
908	咁上下	70.530353	11	5	true	0.577290	d	d:11	0.000000	gam3soeng6haa2:11	d	d:5	gam3soeng6haa2:5	true	1299	false	true	gam3soeng6haa2	jyut6ping3.words.dict.yaml	degree_sequence	unreviewed	
909	咬	70.204544	16	1	true	0.079377	v	v:16	0.000000	ngaau5:16	v	v:1	ngaau5:1	true	1359	false	true	aau1|gaau1|ngaau5	jyut6ping3.chars.dict.yaml	domain_concentration_signal	unreviewed	
910	容易	70.204544	16	1	true	0.079377	a	a:16	0.000000	jung4ji6:16	a	a:1	jung4ji6:1	true	679	false	true	jung4ji6	jyut6ping3.words.dict.yaml	domain_concentration_signal	unreviewed	
911	解釋	70.204544	16	1	true	0.079377	v	v:15|vn:1	0.000000	gaai2sik1:16	v	v:1	gaai2sik1:1	true	1174	false	true	gaai2sik1	jyut6ping3.words.dict.yaml	domain_concentration_signal	unreviewed	
913	一陣間	69.758434	7	8	true	0.688956	t	t:6|d:1	0.000000	jat1zan6gaan1:7	t	t:5|d:3	jat1zan6gaan1:8	false		false	true	jat1zan6gaan1	jyut6ping3.words.dict.yaml	numeric_measure_time_sequence|quantified_sequence	unreviewed	
914	假	69.106815	17	0	false	0.000000	n	n:7|a:6|Ng:4	0.000000	gaa3:11|gaa2:6				true	1513	false	true	gaa2|gaa3	jyut6ping3.chars.dict.yaml	single_corpus_signal	unreviewed	
915	始終	69.106815	17	0	false	0.000000	d	d:17	0.000000	ci2zung1:17				true	737	false	true	ci2zung1	jyut6ping3.words.dict.yaml	single_corpus_signal	unreviewed	
916	撳	69.106815	17	0	false	0.000000	v	v:17	0.000000	gam6:17				true	1323	false	true	gam6	jyut6ping3.chars.dict.yaml	single_corpus_signal	unreviewed	
917	放假	69.106815	17	0	false	0.000000	v	v:17	0.000000	fong3gaa3:17				true	1233	false	true	fong3gaa3	jyut6ping3.words.dict.yaml	single_corpus_signal	unreviewed	
918	政府	69.106815	17	0	false	0.000000	n	n:17	0.000000	zing3fu2:17				true	171	false	true	zing3fu2	jyut6ping3.words.dict.yaml	single_corpus_signal	unreviewed	
919	暑假	69.106815	17	0	false	0.000000	n	n:17	0.000000	syu2gaa3:17				true	1057	false	true	syu2gaa3	jyut6ping3.words.dict.yaml	single_corpus_signal	unreviewed	
920	正版	69.106815	17	0	false	0.000000	n	n:17	0.000000	zing3baan2:17				true	1755	false	true	zing3baan2	jyut6ping3.words.dict.yaml	single_corpus_signal	unreviewed	
921	溫	69.106815	17	0	false	0.000000	v	v:16|Ng:1	0.000000	wan1:17				false		false	true	wan1	jyut6ping3.chars.dict.yaml	single_corpus_signal	unreviewed	
922	百	69.106815	17	0	false	0.000000	m	m:17	0.000000	baak3:17				true	1080	false	true	baak3|mak6	jyut6ping3.chars.dict.yaml	single_corpus_signal	unreviewed	
923	靚女	69.106815	17	0	false	0.000000	n	n:16|a:1	0.000000	leng3neoi2:17				true	1264	false	true	leng3neoi2	jyut6ping3.words.dict.yaml	single_corpus_signal	unreviewed	
924	飯	69.106815	17	0	false	0.000000	n	n:17	0.000000	faan6:17				false		false	true	faan5|faan6	jyut6ping3.chars.dict.yaml	single_corpus_signal	unreviewed	
925	黃	69.106815	17	0	false	0.000000	nr	nr:14|a:3	0.823529	wong4:17				true	1378	false	true	wong4	jyut6ping3.chars.dict.yaml	proper_name_signal|single_corpus_signal	unreviewed	
932	葉	67.562976	9	6	true	0.846691	nr	nr:9	1.000000	jip6:9	n	n:5|nr:1	jip6:6	false		false	true	jip6|sip3	jyut6ping3.chars.dict.yaml	proper_name_signal	unreviewed	
937	使唔使	67.116866	0	13	false	0.000000			0.000000		v	v:10|vu:2|n:1	sai2m4sai2:13	false		false	true	sai2m4sai2	jyut6ping3.words.dict.yaml	single_corpus_signal	unreviewed	
938	嚮	67.116866	0	13	false	0.000000			0.000000		v	v:10|n:3	hoeng3:13	true	1635	false	true	hoeng2|hoeng3	jyut6ping3.chars.dict.yaml	single_corpus_signal	unreviewed	
939	垂直	67.116866	0	13	false	0.000000			0.000000		d	d:7|a:3|v:2|q:1	seoi4zik6:13	true	1354	false	true	seoi4zik6	jyut6ping3.words.dict.yaml	single_corpus_signal	unreviewed	
940	宜家	67.116866	0	13	false	0.000000			0.000000		n	n:10|v:1|d:1|t:1	ji4gaa1:13	false		false	false			single_corpus_signal|rime_absent	unreviewed	
941	左方	67.116866	0	13	false	0.000000			0.000000		n	n:13	zo2fong1:13	false		false	false			single_corpus_signal|rime_absent	unreviewed	
942	效	67.116866	0	13	false	0.000000			0.000000		n	n:9|Ng:3|d:1	haau6:13	true	1363	false	true	haau6	jyut6ping3.chars.dict.yaml	single_corpus_signal	unreviewed	
943	枉	67.116866	0	13	false	0.000000			0.000000		n	n:8|v:4|Ng:1	wong2:12|we6:1	true	261	false	true	wong2	jyut6ping3.chars.dict.yaml	single_corpus_signal	unreviewed	
944	纜車	67.116866	0	13	false	0.000000			0.000000		n	n:10|v:3	laam6ce1:13	true	418	false	true	laam6ce1	jyut6ping3.words.dict.yaml	single_corpus_signal	unreviewed	
945	西南方	67.116866	0	13	false	0.000000			0.000000		n	n:12|v:1	sai1naam1fong1:13	false		false	false			single_corpus_signal|rime_absent	unreviewed	
946	例如	66.139437	15	1	true	0.084669	v	v:13|c:2	0.000000	lai6jyu4:15	v	v:1	lai6ju4:1	true	713	false	true	lai6jyu4	jyut6ping3.words.dict.yaml	domain_concentration_signal	unreviewed	
947	迫	66.139437	15	1	true	0.084669	v	v:11|a:4	0.000000	bik1:15	v	v:1	baak1:1	true	1428	false	true	baak1|bik1	jyut6ping3.chars.dict.yaml	domain_concentration_signal	unreviewed	
948	橫	66.019137	1	12	true	0.065615	a	a:1	0.000000	waang4:1	a	a:5|q:3|n:2|d:2	waang4:12	false		false	true	gwong1|waang1|waang4|waang6	jyut6ping3.chars.dict.yaml	domain_concentration_signal	unreviewed	
949	七點鐘	65.693327	6	8	true	0.590534	t	t:6	0.000000	cat1dim2zung1:6	t	t:7|q:1	cat1dim2zung1:8	false		false	false			rime_absent|numeric_measure_time_sequence|quantified_sequence	unreviewed	
952	一般	65.041708	16	0	false	0.000000	a	a:16	0.000000	jat1bun1:16				true	1033	false	true	jat1bun1	jyut6ping3.words.dict.yaml	single_corpus_signal|quantified_sequence	unreviewed	
953	價	65.041708	16	0	false	0.000000	n	n:16	0.000000	gaa3:16				true	1994	false	true	gaa3	jyut6ping3.chars.dict.yaml	single_corpus_signal	unreviewed	
954	出現	65.041708	16	0	false	0.000000	v	v:15|vn:1	0.000000	ceot1jin6:16				true	466	false	true	ceot1jin6	jyut6ping3.words.dict.yaml	single_corpus_signal	unreviewed	
955	出邊	65.041708	16	0	false	0.000000	f	f:16	0.000000	ceot1bin6:16				true	1886	false	true	ceot1bin1|ceot1bin6	jyut6ping3.words.dict.yaml	single_corpus_signal	unreviewed	
956	嗌	65.041708	16	0	false	0.000000	v	v:16	0.000000	aai3:16				false		false	true	aai3|jik1	jyut6ping3.chars.dict.yaml	single_corpus_signal	unreviewed	
957	多數	65.041708	16	0	false	0.000000	m	m:14|d:2	0.000000	do1sou3:16				true	1289	false	true	do1sou3	jyut6ping3.words.dict.yaml	single_corpus_signal	unreviewed	
958	大學	65.041708	16	0	false	0.000000	n	n:16	0.000000	daai6hok6:16				true	767	false	true	daai6hok6	jyut6ping3.words.dict.yaml	single_corpus_signal	unreviewed	
959	打電話	65.041708	16	0	false	0.000000	v	v:16	0.000000	daa2din6waa2:16				true	570	false	true	daa1din6waa2|daa2din6waa2	jyut6ping3.words.dict.yaml	single_corpus_signal	unreviewed	
960	方便	65.041708	16	0	false	0.000000	a	a:13|v:2|an:1	0.000000	fong1bin6:16				true	968	false	true	fong1bin6	jyut6ping3.words.dict.yaml	single_corpus_signal	unreviewed	
961	有錢	65.041708	16	0	false	0.000000	a	a:16	0.000000	jau5cin2:16				true	788	false	true	jau5cin2|jau5cin4	jyut6ping3.words.dict.yaml	single_corpus_signal	unreviewed	
962	服務	65.041708	16	0	false	0.000000	vn	vn:12|v:4	0.000000	fuk6mou6:16				true	423	false	true	fuk6mou6	jyut6ping3.words.dict.yaml	single_corpus_signal	unreviewed	
963	澳洲	65.041708	16	0	false	0.000000	ns	ns:16	1.000000	ou3zau1:16				true	1064	false	true	ou3zau1	jyut6ping3.words.dict.yaml	proper_name_signal|single_corpus_signal	unreviewed	
964	環境	65.041708	16	0	false	0.000000	n	n:16	0.000000	waan4ging2:16				true	728	false	true	waan4ging2	jyut6ping3.words.dict.yaml	single_corpus_signal	unreviewed	
965	老公	65.041708	16	0	false	0.000000	n	n:16	0.000000	lou5gung1:16				true	1912	false	true	lou5gung1	jyut6ping3.words.dict.yaml	single_corpus_signal	unreviewed	
966	肯	65.041708	16	0	false	0.000000	vu	vu:13|v:3	0.000000	hang2:16				false		false	true	hang2|hoi2	jyut6ping3.chars.dict.yaml	single_corpus_signal	unreviewed	
967	英	65.041708	16	0	false	0.000000	jnz	jnz:10|jns:3|nz:2|Ng:1	0.125000	jing1:16				true	984	false	true	jing1	jyut6ping3.chars.dict.yaml	single_corpus_signal	unreviewed	
968	鐘頭	65.041708	16	0	false	0.000000	n	n:10|q:6	0.000000	zung1tau4:16				true	993	false	true	zung1tau4	jyut6ping3.words.dict.yaml	single_corpus_signal	unreviewed	
969	隊	65.041708	16	0	false	0.000000	n	n:8|q:6|v:2	0.000000	deoi2:10|deoi6:6				false		false	true	deoi2|deoi6|zeoi6	jyut6ping3.chars.dict.yaml	single_corpus_signal	unreviewed	
970	靚仔	65.041708	16	0	false	0.000000	n	n:11|a:5	0.000000	leng3zai2:8|leng1zai2:8				true	1328	false	true	leng3zai2	jyut6ping3.words.dict.yaml	single_corpus_signal	unreviewed	
972	對唔住	64.595598	7	7	true	0.787379	l1	l1:6|l:1	0.000000	deoi3m4zyu6:7	l1	l1:2|u:2|p:2|x:1	deoi3m4zyu6:7	true	1177	false	true	deoi3m4zyu6	jyut6ping3.words.dict.yaml	aspect_result_sequence	unreviewed	
981	十四	62.725950	4	9	true	0.349946	m	m:4	0.000000	sap6sei3:4	m	m:9	sap6sei3:9	false		false	false			rime_absent|quantified_sequence	unreviewed	
986	亂	62.074330	14	1	true	0.090717	a	a:13|vd:1	0.000000	lyun6:11|lyun2:3	a	a:1	lyun6:1	true	957	false	true	lyun6	jyut6ping3.chars.dict.yaml	domain_concentration_signal	unreviewed	
987	二十	62.074330	14	1	true	0.090717	m	m:14	0.000000	ji6sap6:14	m	m:1	ji6sap6:1	false		false	false			domain_concentration_signal|rime_absent	unreviewed	
988	唔通	62.074330	14	1	true	0.090717	d	d:14	0.000000	m4tung1:14	d	d:1	m4tung1:1	true	985	false	true	m4tung1	jyut6ping3.words.dict.yaml	domain_concentration_signal|negated_sequence	unreviewed	
989	減	62.074330	14	1	true	0.090717	v	v:14	0.000000	gaam2:14	v	v:1	gaam2:1	false		false	true	gaam2	jyut6ping3.chars.dict.yaml	domain_concentration_signal	unreviewed	
990	答	62.074330	14	1	true	0.090717	v	v:14	0.000000	daap3:14	v	v:1	daap3:1	true	1016	false	true	daap3	jyut6ping3.chars.dict.yaml	domain_concentration_signal	unreviewed	
991	認	62.074330	14	1	true	0.090717	v	v:14	0.000000	jing6:14	v	v:1	jing6:1	false		false	true	jan6|jing2|jing6	jyut6ping3.chars.dict.yaml	domain_concentration_signal	unreviewed	
992	咸	61.954030	0	12	false	0.000000			0.000000		nr	nr:7|Ng:2|a:2|n:1	haam4:12	true	983	false	true	haam4	jyut6ping3.chars.dict.yaml	single_corpus_signal	unreviewed	
993	墳場	61.954030	0	12	false	0.000000			0.000000		n	n:12	fan4coeng4:12	true	403	false	true	fan4coeng4	jyut6ping3.words.dict.yaml	single_corpus_signal	unreviewed	
994	邊邊	61.954030	0	12	false	0.000000			0.000000		n	n:5|f:4|r:3	bin1bin1:12	false		false	true	bin1bin1	jyut6ping3.words.dict.yaml	single_corpus_signal	unreviewed	
995	陶	61.954030	0	12	false	0.000000			0.000000		n	n:4|v:3|Ng:2|nr:1|q:1|x:1	tou4:12	true	1055	false	true	jiu4|tou4	jyut6ping3.chars.dict.yaml	single_corpus_signal	unreviewed	
999	三千	60.976601	15	0	false	0.000000	m	m:15	0.000000	saam1cin1:15				false		false	false			single_corpus_signal|rime_absent|quantified_sequence	unreviewed	
1000	上來	60.976601	15	0	false	0.000000	v	v:15	0.000000	soeng5lai4:15				false		false	true	soeng5loi4	jyut6ping3.words.dict.yaml	single_corpus_signal	unreviewed	
1001	亞視	60.976601	15	0	false	0.000000	nt	nt:15	1.000000	aa3si6:15				true	1417	false	true	aa3si6	jyut6ping3.words.dict.yaml	proper_name_signal|single_corpus_signal	unreviewed	
1002	夜	60.976601	15	0	false	0.000000	a	a:11|t:2|n:1|q:1	0.000000	je6:15				false		false	true	je6	jyut6ping3.chars.dict.yaml	single_corpus_signal	unreviewed	
1003	封	60.976601	15	0	false	0.000000	v	v:8|q:7	0.000000	fung1:15				true	1583	false	true	fung1	jyut6ping3.chars.dict.yaml	single_corpus_signal	unreviewed	
1004	將來	60.976601	15	0	false	0.000000	t	t:13|n:2	0.000000	zoeng1loi4:15				true	494	false	true	zoeng1loi4	jyut6ping3.words.dict.yaml	single_corpus_signal	unreviewed	
1005	得罪	60.976601	15	0	false	0.000000	v	v:15	0.000000	dak1zeoi6:15				true	1250	false	true	dak1zeoi6	jyut6ping3.words.dict.yaml	single_corpus_signal	unreviewed	
1006	搞錯	60.976601	15	0	false	0.000000	v	v:14|l1:1	0.000000	gaau2co3:15				true	1379	false	true	gaau2co3	jyut6ping3.words.dict.yaml	single_corpus_signal	unreviewed	
1007	法國	60.976601	15	0	false	0.000000	ns	ns:15	1.000000	faat3gwok3:15				false		false	true	faat3gwok3	jyut6ping3.words.dict.yaml	proper_name_signal|single_corpus_signal	unreviewed	
1008	生活	60.976601	15	0	false	0.000000	v	v:13|vn:2	0.000000	sang1wut6:15				true	629	false	true	sang1wut6	jyut6ping3.words.dict.yaml	single_corpus_signal	unreviewed	
1009	男仔	60.976601	15	0	false	0.000000	n	n:15	0.000000	naam4zai2:15				true	533	false	true	naam4zai2	jyut6ping3.words.dict.yaml	single_corpus_signal	unreviewed	
1010	結婚	60.976601	15	0	false	0.000000	v	v:15	0.000000	git3fan1:15				true	1169	false	true	git3fan1	jyut6ping3.words.dict.yaml	single_corpus_signal	unreviewed	
1011	聽日	60.976601	15	0	false	0.000000	t	t:15	0.000000	ting1jat6:15				true	1067	false	true	ting1jat6	jyut6ping3.words.dict.yaml	single_corpus_signal	unreviewed	
1012	話時話	60.976601	15	0	false	0.000000	l	l:10|v:5	0.000000	waa6si4waa6:15				false		false	true	waa6si4waa6	jyut6ping3.words.dict.yaml	single_corpus_signal	unreviewed	
1013	醫生	60.976601	15	0	false	0.000000	n	n:15	0.000000	ji1sang1:15				true	1101	false	true	ji1sang1	jyut6ping3.words.dict.yaml	single_corpus_signal	unreviewed	
1014	點知	60.976601	15	0	false	0.000000	r	r:15	0.000000	dim2zi1:15				true	711	false	true	dim2zi1	jyut6ping3.words.dict.yaml	single_corpus_signal	unreviewed	
1015	旁邊	60.856301	1	11	true	0.071580	n	n:1	0.000000	pong4bin1:1	f	f:6|n:4|d:1	pong4bin1:11	true	1245	false	true	pong4bin1	jyut6ping3.words.dict.yaml	domain_concentration_signal	unreviewed	
1016	順	60.856301	1	11	true	0.071580	a	a:1	0.000000	seon6:1	v	v:5|a:3|n:2|Ng:1	seon6:11	true	1170	false	true	seon6	jyut6ping3.chars.dict.yaml	domain_concentration_signal	unreviewed	
1021	十七	59.432762	7	6	true	0.918608	m	m:7	0.000000	sap6cat1:7	m	m:6	sap6cat1:6	false		false	false			rime_absent|quantified_sequence	unreviewed	
1022	唔好意思	59.432762	7	6	true	0.918608	l1	l1:2|v:2|d:2|a:1	0.000000	m4hou2ji3si1:7	d	d:2|v:2|a:1|u:1	m4hou2ji3si3:6	true	1307	false	true	m4hou2ji3si1	jyut6ping3.words.dict.yaml	negated_sequence	unreviewed	
1027	九點鐘	58.660843	3	9	true	0.262460	t	t:3	0.000000	gau2dim2zung1:3	t	t:9	gau2dim2zung1:9	false		false	false			rime_absent|numeric_measure_time_sequence|quantified_sequence	unreviewed	
1035	相	58.009224	13	1	true	0.097695	n	n:9|d:4	0.000000	soeng2:13	v	v:1	soeng1:1	true	855	false	true	soeng1|soeng2|soeng3	jyut6ping3.chars.dict.yaml	domain_concentration_signal	unreviewed	
1038	不嬲	56.911494	14	0	false	0.000000	d	d:13|c:1	0.000000	bat1nau1:14				true	1340	false	true	bat1lau1	jyut6ping3.words.dict.yaml	single_corpus_signal	unreviewed	
1039	千	56.911494	14	0	false	0.000000	m	m:14	0.000000	cin1:14				true	994	false	true	cin1	jyut6ping3.chars.dict.yaml	single_corpus_signal	unreviewed	
1040	嘥	56.911494	14	0	false	0.000000	v	v:14	0.000000	saai1:14				true	1063	false	true	saai1	jyut6ping3.chars.dict.yaml	single_corpus_signal	unreviewed	
1041	報紙	56.911494	14	0	false	0.000000	n	n:14	0.000000	bou3zi2:14				true	683	false	true	bou3zi2	jyut6ping3.words.dict.yaml	single_corpus_signal	unreviewed	
1042	家姐	56.911494	14	0	false	0.000000	n	n:14	0.000000	gaa1ze1:14				true	1433	false	true	gaa1ze1	jyut6ping3.words.dict.yaml	single_corpus_signal	unreviewed	
1043	寧願	56.911494	14	0	false	0.000000	vu	vu:5|d:5|v:4	0.000000	ning4jyun2:14				true	1454	false	true	ning4jyun2|ning4jyun6	jyut6ping3.words.dict.yaml	single_corpus_signal	unreviewed	
1044	屯門	56.911494	14	0	false	0.000000	ns	ns:13|n:1	0.928571	tyun4mun4:14				false		false	true	tyun4mun4	jyut6ping3.words.dict.yaml	proper_name_signal|single_corpus_signal	unreviewed	
1045	後來	56.911494	14	0	false	0.000000	t	t:14	0.000000	hau6loi4:14				true	1006	false	true	hau6loi4	jyut6ping3.words.dict.yaml	single_corpus_signal	unreviewed	
1046	得到	56.911494	14	0	false	0.000000	v	v:14	0.000000	dak1dou2:8|dak1dou3:6				true	428	false	true	dak1dou3	jyut6ping3.words.dict.yaml	single_corpus_signal|aspect_result_sequence	unreviewed	
1047	成績	56.911494	14	0	false	0.000000	n	n:14	0.000000	sing4zik1:14				true	892	false	true	sing4zik1	jyut6ping3.words.dict.yaml	single_corpus_signal	unreviewed	
1048	揾工	56.911494	14	0	false	0.000000	v	v:14	0.000000	wan2gung1:14				false		false	false			single_corpus_signal|rime_absent	unreviewed	
1049	新聞	56.911494	14	0	false	0.000000	n	n:14	0.000000	san1man2:10|san1man4:4				true	1126	false	true	san1man2|san1man4	jyut6ping3.words.dict.yaml	single_corpus_signal	unreviewed	
1050	永遠	56.911494	14	0	false	0.000000	d	d:14	0.000000	wing5jyun5:14				true	804	false	true	wing5jyun5	jyut6ping3.words.dict.yaml	single_corpus_signal	unreviewed	
1051	為咗	56.911494	14	0	false	0.000000	p	p:14	0.000000	wai6zo2:14				false		false	false			single_corpus_signal|rime_absent|particle_final_sequence|aspect_result_sequence	unreviewed	
1052	熟	56.911494	14	0	false	0.000000	a	a:14	0.000000	suk6:14				true	1262	false	true	suk6	jyut6ping3.chars.dict.yaml	single_corpus_signal	unreviewed	
1053	牌子	56.911494	14	0	false	0.000000	n	n:14	0.000000	paai4zi2:14				true	1522	false	true	paai4zi2	jyut6ping3.words.dict.yaml	single_corpus_signal	unreviewed	
1054	美國	56.911494	14	0	false	0.000000	ns	ns:14	1.000000	mei5gwok3:14				true	900	false	true	mei5gwok3	jyut6ping3.words.dict.yaml	proper_name_signal|single_corpus_signal	unreviewed	
1055	聖誕	56.911494	14	0	false	0.000000	t	t:13|n:1	0.000000	sing3daan3:14				true	1529	false	true	sing3daan3	jyut6ping3.words.dict.yaml	single_corpus_signal	unreviewed	
1056	舖	56.911494	14	0	false	0.000000	n	n:14	0.000000	pou2:7|pou3:7				true	1133	false	true	pou1|pou3	jyut6ping3.chars.dict.yaml	single_corpus_signal	unreviewed	
1057	裏面	56.911494	14	0	false	0.000000	f	f:14	0.000000	leoi5min6:14				false		false	true	leoi5min6	jyut6ping3.words.dict.yaml	single_corpus_signal	unreviewed	
1058	越來越	56.911494	14	0	false	0.000000	d	d:14	0.000000	jyut6lai4jyut6:14				false		false	true	jyut6loi4jyut6	jyut6ping3.words.dict.yaml	single_corpus_signal	unreviewed	
1059	遲啲	56.911494	14	0	false	0.000000	t	t:14	0.000000	ci4di1:14				true	962	false	true	ci4di1	jyut6ping3.words.dict.yaml	single_corpus_signal	unreviewed	
1060	阿哥	56.911494	14	0	false	0.000000	n	n:14	0.000000	aa3go1:14				true	1302	false	true	aa3go1	jyut6ping3.words.dict.yaml	single_corpus_signal	unreviewed	
1061	阿婆	56.911494	14	0	false	0.000000	n	n:14	0.000000	aa3po4:14				true	1357	false	true	aa3po4	jyut6ping3.words.dict.yaml	single_corpus_signal	unreviewed	
1062	集	56.911494	14	0	false	0.000000	n	n:11|q:3	0.000000	zaap6:14				false		false	true	zaap6|zap6	jyut6ping3.chars.dict.yaml	single_corpus_signal	unreviewed	
1063	叢林	56.791194	0	11	false	0.000000			0.000000		n	n:4|v:4|ns:3	cung4lam4:11	true	566	false	true	cung4lam4	jyut6ping3.words.dict.yaml	single_corpus_signal	unreviewed	
1064	彎彎哋	56.791194	0	11	false	0.000000			0.000000		v	v:4|a:3|Ng:2|q:1|n:1	waan1waan1dei2:11	false		false	false			single_corpus_signal|rime_absent	unreviewed	
1065	擦紙膠	56.791194	0	11	false	0.000000			0.000000		n	n:10|u:1	caat3zi2gaau1:11	true	1844	false	true	caat3zi2gaau1	jyut6ping3.words.dict.yaml	single_corpus_signal	unreviewed	
1066	東南	56.791194	0	11	false	0.000000			0.000000		ns	ns:5|f:2|vn:1|x:1|a:1|l:1	dung1naam4:11	false		false	true	dung1naam4	jyut6ping3.words.dict.yaml	single_corpus_signal	unreviewed	
1067	東邊	56.791194	0	11	false	0.000000			0.000000		Ng	Ng:4|n:2|f:2|nt:1|d:1|a:1	dung1bin1:11	false		false	false			single_corpus_signal|rime_absent	unreviewed	
1068	西北	56.791194	0	11	false	0.000000			0.000000		n	n:5|nz:3|v:1|d:1|jns:1	sai1bak1:11	false		false	true	sai1bak1	jyut6ping3.words.dict.yaml	single_corpus_signal	unreviewed	
1069	西南	56.791194	0	11	false	0.000000			0.000000		n	n:5|nz:3|vn:1|jnt:1|jns:1	sai1naam4:11	false		false	true	sai1naam4	jyut6ping3.words.dict.yaml	single_corpus_signal	unreviewed	
1070	十一點鐘	55.693465	1	10	true	0.078738	t	t:1	0.000000	sap6jat1dim2zung1:1	t	t:10	sap6jat1dim2zung1:10	false		false	false			domain_concentration_signal|rime_absent|numeric_measure_time_sequence|quantified_sequence	unreviewed	
1071	姓	55.693465	1	10	true	0.078738	n	n:1	0.000000	sing3:1	n	n:10	sing3:10	true	1420	false	true	seng3|sing3	jyut6ping3.chars.dict.yaml	domain_concentration_signal	unreviewed	
1072	溫暖	55.693465	1	10	true	0.078738	a	a:1	0.000000	wan1nyun5:1	v	v:7|a:3	wan1nyun5:10	true	1709	false	true	wan1nyun5	jyut6ping3.words.dict.yaml	domain_concentration_signal	unreviewed	
1073	一陣	55.367656	6	6	true	0.787379	t	t:5|d:1	0.000000	jat1zan6:6	t	t:6	jat1zan6:6	true	839	false	true	jat1zan6	jyut6ping3.words.dict.yaml	quantified_sequence	unreviewed	
1075	四十	55.041846	11	2	true	0.230916	m	m:11	0.000000	sei3sap6:11	m	m:2	sei3sap6:2	false		false	false			rime_absent|quantified_sequence	unreviewed	
1078	十六	54.595736	2	9	true	0.174973	m	m:2	0.000000	sap6luk6:2	m	m:9	sap6luk6:9	false		false	false			rime_absent|quantified_sequence	unreviewed	
1086	六點鐘	53.498007	3	8	true	0.295267	t	t:3	0.000000	luk6dim2zung1:3	t	t:8	luk6dim2zung1:8	false		false	false			rime_absent|numeric_measure_time_sequence|quantified_sequence	unreviewed	
1089	H股	52.846388	13	0	false	0.000000	nz	nz:13	1.000000					false		false	false			proper_name_signal|single_corpus_signal|rime_absent	unreviewed	
1090	作為	52.846388	13	0	false	0.000000	v	v:13	0.000000	zok3wai4:12|zok1wai4:1				true	943	false	false			single_corpus_signal|rime_absent	unreviewed	
1091	個八	52.846388	13	0	false	0.000000	m	m:13	0.000000	go3baat3:13				false		false	false			single_corpus_signal|rime_absent	unreviewed	
1092	倍	52.846388	13	0	false	0.000000	q	q:13	0.000000	pui5:13				false		false	true	bui3|pui5	jyut6ping3.chars.dict.yaml	single_corpus_signal	unreviewed	
1093	傾偈	52.846388	13	0	false	0.000000	v	v:13	0.000000	king1gai2:13				true	1617	false	true	king1gai2	jyut6ping3.words.dict.yaml	single_corpus_signal	unreviewed	
1094	價錢	52.846388	13	0	false	0.000000	n	n:13	0.000000	gaa3cin4:13				true	1214	false	true	gaa3cin2|gaa3cin4	jyut6ping3.words.dict.yaml	single_corpus_signal	unreviewed	
1095	原因	52.846388	13	0	false	0.000000	n	n:13	0.000000	jyun4jan1:13				true	857	false	true	jyun4jan1	jyut6ping3.words.dict.yaml	single_corpus_signal	unreviewed	
1096	城市	52.846388	13	0	false	0.000000	n	n:12|nt:1	0.076923	sing4si5:13				true	854	false	true	sing4si5	jyut6ping3.words.dict.yaml	single_corpus_signal	unreviewed	
1097	壞	52.846388	13	0	false	0.000000	a	a:11|v:2	0.000000	waai6:12|waai2:1				true	1539	false	true	waai6	jyut6ping3.chars.dict.yaml	single_corpus_signal	unreviewed	
1098	小豬	52.846388	13	0	false	0.000000	nr	nr:13	1.000000	siu2zyu1:13				false		false	false			proper_name_signal|single_corpus_signal|rime_absent	unreviewed	
1099	廢	52.846388	13	0	false	0.000000	a	a:9|v:3|b:1	0.000000	fai3:12|fai2:1				false		false	true	fai3	jyut6ping3.chars.dict.yaml	single_corpus_signal	unreviewed	
1100	易	52.846388	13	0	false	0.000000	a	a:13	0.000000	ji6:13				false		false	true	ji6|jik6	jyut6ping3.chars.dict.yaml	single_corpus_signal	unreviewed	
1101	暫時	52.846388	13	0	false	0.000000	d	d:13	0.000000	zaam6si4:13				true	1179	false	true	zaam6si4	jyut6ping3.words.dict.yaml	single_corpus_signal	unreviewed	
1102	歐洲	52.846388	13	0	false	0.000000	ns	ns:13	1.000000	au1zau1:13				false		false	true	au1zau1	jyut6ping3.words.dict.yaml	proper_name_signal|single_corpus_signal	unreviewed	
1103	毛	52.846388	13	0	false	0.000000	n	n:13	0.000000	mou4:13				true	1482	false	true	mou4	jyut6ping3.chars.dict.yaml	single_corpus_signal	unreviewed	
1104	毫子	52.846388	13	0	false	0.000000	q	q:9|n:4	0.000000	hou4zi2:13				true	1370	false	true	hou4zi2	jyut6ping3.words.dict.yaml	single_corpus_signal	unreviewed	
1105	水草	52.846388	13	0	false	0.000000	n	n:13	0.000000	seoi2cou2:13				true	1646	false	true	seoi2cou2	jyut6ping3.words.dict.yaml	single_corpus_signal	unreviewed	
1106	深	52.846388	13	0	false	0.000000	a	a:13	0.000000	sam1:13				true	1371	false	true	sam1	jyut6ping3.chars.dict.yaml	single_corpus_signal	unreviewed	
1107	爛	52.846388	13	0	false	0.000000	a	a:9|d:2|n:1|d1:1	0.000000	laan6:13				true	1730	false	true	laan6	jyut6ping3.chars.dict.yaml	single_corpus_signal	unreviewed	
1108	牌	52.846388	13	0	false	0.000000	n	n:7|q:4|Ng:2	0.000000	paai4:10|paai2:3				true	1521	false	true	paai4	jyut6ping3.chars.dict.yaml	single_corpus_signal	unreviewed	
1109	牙	52.846388	13	0	false	0.000000	n	n:13	0.000000	ngaa4:13				true	1647	false	true	ngaa4	jyut6ping3.chars.dict.yaml	single_corpus_signal	unreviewed	
1110	琴日	52.846388	13	0	false	0.000000	t	t:13	0.000000	kam4jat6:13				true	1612	false	true	kam4jat6	jyut6ping3.words.dict.yaml	single_corpus_signal	unreviewed	
1111	男人	52.846388	13	0	false	0.000000	n	n:13	0.000000	naam4jan2:9|naam4jan4:4				true	618	false	true	naam4jan2	jyut6ping3.words.dict.yaml	single_corpus_signal	unreviewed	
1112	突然間	52.846388	13	0	false	0.000000	d	d:13	0.000000	dat6jin4gaan1:13				false		false	true	dat6jin4gaan1	jyut6ping3.words.dict.yaml	single_corpus_signal	unreviewed	
1113	缸	52.846388	13	0	false	0.000000	q	q:8|n:5	0.000000	gong1:13				false		false	true	gong1	jyut6ping3.chars.dict.yaml	single_corpus_signal	unreviewed	
1114	酒店	52.846388	13	0	false	0.000000	n	n:13	0.000000	zau2dim3:13				true	1364	false	true	zau2dim3	jyut6ping3.words.dict.yaml	single_corpus_signal	unreviewed	
1115	阿木	52.846388	13	0	false	0.000000	nr	nr:13	1.000000	aa3muk6:13				false		false	false			proper_name_signal|single_corpus_signal|rime_absent	unreviewed	
1116	骨折	52.846388	13	0	false	0.000000	v	v:13	0.000000	gwat1zit3:13				true	1598	false	true	gwat1zit3	jyut6ping3.words.dict.yaml	single_corpus_signal	unreviewed	
1117	點算	52.846388	13	0	false	0.000000	r	r:11|v:2	0.000000	dim2syun3:13				true	1066	false	true	dim2syun3	jyut6ping3.words.dict.yaml	single_corpus_signal	unreviewed	
1121	三點共線	51.628358	0	10	false	0.000000			0.000000		n	n:5|m:3|a:2	saam1dim2gung6sin3:10	false		false	false			single_corpus_signal|rime_absent|numeric_measure_time_sequence|quantified_sequence	unreviewed	
1122	大樹	51.628358	0	10	false	0.000000			0.000000		n	n:7|nz:1|a:1|x:1	daai6syu6:10	true	336	true	false			known_invalid_atomic|single_corpus_signal|rime_absent	unreviewed	
1123	攬欣金字塔	51.628358	0	10	false	0.000000			0.000000		n	n:4|v:4|ns:1|nz:1	laam2jan1gam1zi6:10	false		false	false			single_corpus_signal|rime_absent	unreviewed	
1124	東北	51.628358	0	10	false	0.000000			0.000000		ns	ns:5|n:4|nt:1	dung1bak1:10	false		false	true	dung1bak1	jyut6ping3.words.dict.yaml	single_corpus_signal	unreviewed	
1125	東南面	51.628358	0	10	false	0.000000			0.000000		n	n:7|f:3	dung1laam4min6:10	false		false	false			single_corpus_signal|rime_absent	unreviewed	
1126	正上方	51.628358	0	10	false	0.000000			0.000000		n	n:10	zing3soeng6fong1:10	true	1754	true	false			known_invalid_atomic|single_corpus_signal|rime_absent	unreviewed	
1127	洞	51.628358	0	10	false	0.000000			0.000000		v	v:4|n:3|nr:2|a:1	dung6:10	true	142	false	true	dung6|tung4	jyut6ping3.chars.dict.yaml	single_corpus_signal	unreviewed	
1128	煙囪	51.628358	0	10	false	0.000000			0.000000		n	n:10	jin1cung1:10	false		false	false			single_corpus_signal|rime_absent	unreviewed	
1129	直角	51.628358	0	10	false	0.000000			0.000000		d	d:5|n:5	zik6gok3:10	true	1672	false	true	zik6gok3	jyut6ping3.words.dict.yaml	single_corpus_signal	unreviewed	
1130	碑	51.628358	0	10	false	0.000000			0.000000		n	n:10	bei1:10	true	721	false	true	bei1	jyut6ping3.chars.dict.yaml	single_corpus_signal	unreviewed	
1131	空	51.628358	0	10	false	0.000000			0.000000		n	n:5|v:4|a:1	hung1:10	true	1673	false	true	hung1|hung3	jyut6ping3.chars.dict.yaml	single_corpus_signal	unreviewed	
1132	終	51.628358	0	10	false	0.000000			0.000000		n	n:5|c:2|x:1|a:1|Ng:1	zung1:10	true	1810	false	true	zung1	jyut6ping3.chars.dict.yaml	single_corpus_signal	unreviewed	
1133	茅屋	51.628358	0	10	false	0.000000			0.000000		n	n:7|nt:1|f:1|v:1	maau4uk1:10	true	180	false	true	maau4uk1	jyut6ping3.words.dict.yaml	single_corpus_signal	unreviewed	
1134	唔緊要	51.302549	5	6	true	0.656149	l	l:2|l1:2|a:1	0.000000	m4gan2jiu3:5	a	a:4|c:1|vu:1	m4gan2jiu3:6	true	794	false	true	m4gan2jiu3	jyut6ping3.words.dict.yaml	negated_sequence	unreviewed	
1135	成為	51.302549	5	6	true	0.656149	v	v:5	0.000000	sing4wai4:5	v	v:3|n:2|b:1	sing4wai4:6	true	891	false	false			rime_absent	unreviewed	
1137	咁滯	50.976739	10	2	true	0.254007	d	d:9|m:1	0.000000	gam3zai6:10	d	d:2	gam3zai6:2	true	1579	false	true	gam3zai6	jyut6ping3.words.dict.yaml	degree_sequence	unreviewed	
1139	核突	50.976739	10	2	true	0.254007	a	a:10	0.000000	wat6dat6:10	a	a:2	wat6dat6:2	true	1686	false	false			rime_absent	unreviewed	
1146	十三	49.432900	2	8	true	0.196845	m	m:2	0.000000	sap6saam1:2	m	m:8	sap6saam1:8	false		false	false			rime_absent|quantified_sequence	unreviewed	
1149	一萬	48.781281	12	0	false	0.000000	m	m:12	0.000000	jat1maan6:12				false		false	false			single_corpus_signal|rime_absent|quantified_sequence	unreviewed	
1150	上年	48.781281	12	0	false	0.000000	t	t:11|n:1	0.000000	soeng6nin2:12				true	1395	false	true	soeng6nin2	jyut6ping3.words.dict.yaml	single_corpus_signal	unreviewed	
1151	入來	48.781281	12	0	false	0.000000	v	v:12	0.000000	jap6lai4:12				false		false	false			single_corpus_signal|rime_absent|directional_chain	unreviewed	
1152	味	48.781281	12	0	false	0.000000	n	n:12	0.000000	mei6:12				true	1927	false	true	mei6	jyut6ping3.chars.dict.yaml	single_corpus_signal	unreviewed	
1153	嘔	48.781281	12	0	false	0.000000	v	v:12	0.000000	au2:12				true	1833	false	true	au1|au2|au3|heoi1	jyut6ping3.chars.dict.yaml	single_corpus_signal	unreviewed	
1154	噉樣樣	48.781281	12	0	false	0.000000	r	r:8|c:4	0.000000	gam2joeng2joeng2:12				true	1026	false	true	gam2joeng2joeng2	jyut6ping3.words.dict.yaml	single_corpus_signal	unreviewed	
1155	失業	48.781281	12	0	false	0.000000	v	v:11|vn:1	0.000000	sat1jip6:12				true	1190	false	true	sat1jip6	jyut6ping3.words.dict.yaml	single_corpus_signal	unreviewed	
1156	女性	48.781281	12	0	false	0.000000	n	n:9|b:3	0.000000	neoi5sing3:12				true	1038	false	true	neoi5sing3	jyut6ping3.words.dict.yaml	single_corpus_signal	unreviewed	
1157	小心	48.781281	12	0	false	0.000000	a	a:10|v:2	0.000000	siu2sam1:12				true	934	false	true	siu2sam1	jyut6ping3.words.dict.yaml	single_corpus_signal	unreviewed	
1158	巴士	48.781281	12	0	false	0.000000	n	n:12	0.000000	baa1si2:12				true	1743	false	true	baa1si2	jyut6ping3.words.dict.yaml	single_corpus_signal	unreviewed	
1159	播	48.781281	12	0	false	0.000000	v	v:12	0.000000	bo3:12				false		false	true	bo3	jyut6ping3.chars.dict.yaml	single_corpus_signal	unreviewed	
1160	朝頭早	48.781281	12	0	false	0.000000	t	t:12	0.000000	ziu1tau4zou2:12				true	1375	false	true	ziu1tau4zou2	jyut6ping3.words.dict.yaml	single_corpus_signal	unreviewed	
1161	本來	48.781281	12	0	false	0.000000	d	d:12	0.000000	bun2loi4:12				true	1075	false	true	bun2loi4	jyut6ping3.words.dict.yaml	single_corpus_signal	unreviewed	
1162	權	48.781281	12	0	false	0.000000	n	n:12	0.000000	kyun4:12				true	1273	false	true	kyun4	jyut6ping3.chars.dict.yaml	single_corpus_signal	unreviewed	
1163	琴晚	48.781281	12	0	false	0.000000	t	t:12	0.000000	kam4maan5:12				true	1701	false	true	kam4maan5	jyut6ping3.words.dict.yaml	single_corpus_signal	unreviewed	
1164	畢業	48.781281	12	0	false	0.000000	v	v:10|vn:2	0.000000	bat1jip6:12				true	1251	false	true	bat1jip6	jyut6ping3.words.dict.yaml	single_corpus_signal	unreviewed	
1165	發展	48.781281	12	0	false	0.000000	v	v:8|vn:4	0.000000	faat3zin2:12				true	650	false	true	faat3zin2	jyut6ping3.words.dict.yaml	single_corpus_signal	unreviewed	
1166	節	48.781281	12	0	false	0.000000	q	q:12	0.000000	zit3:12				false		false	true	zit3	jyut6ping3.chars.dict.yaml	single_corpus_signal	unreviewed	
1167	經濟	48.781281	12	0	false	0.000000	a	a:9|n:3	0.000000	ging1zai3:12				true	556	false	true	ging1zai3	jyut6ping3.words.dict.yaml	single_corpus_signal	unreviewed	
1168	老奉	48.781281	12	0	false	0.000000	d	d:8|l:4	0.000000	lou5fung2:12				false		false	true	lou5fung2	jyut6ping3.words.dict.yaml	single_corpus_signal	unreviewed	
1169	老豆	48.781281	12	0	false	0.000000	n	n:12	0.000000	lou5dau6:12				false		false	true	lou5dau6	jyut6ping3.words.dict.yaml	single_corpus_signal	unreviewed	
1170	舊年	48.781281	12	0	false	0.000000	t	t:12	0.000000	gau6nin2:12				true	1099	false	true	gau6nin2	jyut6ping3.words.dict.yaml	single_corpus_signal	unreviewed	
1171	講嘢	48.781281	12	0	false	0.000000	v	v:12	0.000000	gong2je5:12				false		false	true	gong2je5	jyut6ping3.words.dict.yaml	single_corpus_signal	unreviewed	
1172	適合	48.781281	12	0	false	0.000000	a	a:11|v:1	0.000000	sik1hap6:12				true	1263	false	true	sik1hap6	jyut6ping3.words.dict.yaml	single_corpus_signal	unreviewed	
1173	還	48.781281	12	0	false	0.000000	v	v:9|d:3	0.000000	waan4:12				false		false	true	syun4|waan4	jyut6ping3.chars.dict.yaml	single_corpus_signal	unreviewed	
1174	電芯	48.781281	12	0	false	0.000000	n	n:12	0.000000	din6sam1:12				true	1715	false	true	din6sam1	jyut6ping3.words.dict.yaml	single_corpus_signal	unreviewed	
1175	音響	48.781281	12	0	false	0.000000	n	n:12	0.000000	jam1hoeng2:12				true	1431	false	true	jam1hoeng2	jyut6ping3.words.dict.yaml	single_corpus_signal	unreviewed	
1177	一百八十	46.465523	0	9	false	0.000000			0.000000		m	m:8|d:1	jat1baak3baat3sap6:9	false		false	false			single_corpus_signal|rime_absent|quantified_sequence	unreviewed	
1178	兩點鐘	46.465523	0	9	false	0.000000			0.000000		t	t:8|n:1	loeng5dim2zung1:9	false		false	false			single_corpus_signal|rime_absent|numeric_measure_time_sequence|quantified_sequence	unreviewed	
1179	右上方	46.465523	0	9	false	0.000000			0.000000		n	n:9	jau6soeng6fong1:9	false		false	false			single_corpus_signal|rime_absent	unreviewed	
1180	右下方	46.465523	0	9	false	0.000000			0.000000		n	n:7|x:1|v:1	jau6haa6fong1:9	true	1400	true	false			known_invalid_atomic|single_corpus_signal|rime_absent	unreviewed	
1181	四點鐘	46.465523	0	9	false	0.000000			0.000000		t	t:8|a:1	sei3dim2zung1:9	false		false	false			single_corpus_signal|rime_absent|numeric_measure_time_sequence|quantified_sequence	unreviewed	
1182	尖啄	46.465523	0	9	false	0.000000			0.000000		n	n:6|Ng:3	zim1doeng1:9	false		false	false			single_corpus_signal|rime_absent	unreviewed	
1183	東北方	46.465523	0	9	false	0.000000			0.000000		n	n:8|ns:1	dung1bak1fong1:9	false		false	false			single_corpus_signal|rime_absent	unreviewed	
1184	灘	46.465523	0	9	false	0.000000			0.000000		n	n:7|x:1|v:1	taan1:9	true	615	false	true	taan1	jyut6ping3.chars.dict.yaml	single_corpus_signal	unreviewed	
1185	西北方	46.465523	0	9	false	0.000000			0.000000		n	n:7|x:1|Ng:1	sai1bak1fong1:9	false		false	false			single_corpus_signal|rime_absent	unreviewed	
1186	遠怨	46.465523	0	9	false	0.000000			0.000000		n	n:8|v:1	jyun5jyun3:9	false		false	false			single_corpus_signal|rime_absent	unreviewed	
1188	意大利	45.813903	10	1	true	0.127004	ns	ns:10	1.000000	ji3daai6lei6:10	ns	ns:1	ji3daai6lei6:1	false		false	true	ji3daai6lei6	jyut6ping3.words.dict.yaml	proper_name_signal	unreviewed	
1194	幾乎	45.041984	6	4	true	0.846691	d	d:6	0.000000	gei1fu4:6	d	d:3|r:1	gei1fu4:4	false		false	true	gei1fu4	jyut6ping3.words.dict.yaml	quantified_sequence	unreviewed	
1197	七月	44.716174	11	0	false	0.000000	t	t:11	0.000000	cat1jyut6:11				true	1138	false	true	cat1jyut6	jyut6ping3.words.dict.yaml	single_corpus_signal|numeric_measure_time_sequence|quantified_sequence	unreviewed	
1198	今晚	44.716174	11	0	false	0.000000	t	t:11	0.000000	gam1maan5:9|gam1maan1:2				true	886	false	true	gam1maan5	jyut6ping3.words.dict.yaml	single_corpus_signal	unreviewed	
1199	係咪	44.716174	11	0	false	0.000000	v	v:11	0.000000	hai6mai6:11				true	70	true	true	hai6mai6	jyut6ping3.words.dict.yaml	known_invalid_atomic|single_corpus_signal	unreviewed	
1200	倫敦	44.716174	11	0	false	0.000000	ns	ns:11	1.000000	leon4deon1:11				false		false	true	leon4deon1	jyut6ping3.words.dict.yaml	proper_name_signal|single_corpus_signal	unreviewed	
1201	六月	44.716174	11	0	false	0.000000	t	t:11	0.000000	luk6jyut6:11				false		false	true	luk6jyut6	jyut6ping3.words.dict.yaml	single_corpus_signal|numeric_measure_time_sequence|quantified_sequence	unreviewed	
1202	冬天	44.716174	11	0	false	0.000000	t	t:11	0.000000	dung1tin1:11				true	1747	false	true	dung1tin1	jyut6ping3.words.dict.yaml	single_corpus_signal	unreviewed	
1203	到時	44.716174	11	0	false	0.000000	t	t:9|n:1|d:1	0.000000	dou3si4:11				true	1045	false	true	dou3si4	jyut6ping3.words.dict.yaml	single_corpus_signal	unreviewed	
1204	剝	44.716174	11	0	false	0.000000	v	v:11	0.000000	mok1:11				false		false	true	bok1|mok1|pok3	jyut6ping3.chars.dict.yaml	single_corpus_signal	unreviewed	
1205	只要	44.716174	11	0	false	0.000000	d	d:7|c:4	0.000000	zi2jiu3:11				true	1188	false	true	zi2jiu3	jyut6ping3.words.dict.yaml	single_corpus_signal	unreviewed	
1206	嗰陣	44.716174	11	0	false	0.000000	r	r:11	0.000000	go2zan6:11				false		false	true	go2zan6	jyut6ping3.words.dict.yaml	single_corpus_signal|demonstrative_sequence	unreviewed	
1207	夜晚	44.716174	11	0	false	0.000000	t	t:8|n:3	0.000000	je6maan5:11				true	979	false	true	je6maan5	jyut6ping3.words.dict.yaml	single_corpus_signal	unreviewed	
1208	好處	44.716174	11	0	false	0.000000	n	n:11	0.000000	hou2cyu3:11				true	1407	false	true	hou2cyu3	jyut6ping3.words.dict.yaml	single_corpus_signal|degree_sequence	unreviewed	
1209	尤其是	44.716174	11	0	false	0.000000	d	d:11	0.000000	jau4kei4si6:11				false		false	true	jau4kei4si6	jyut6ping3.words.dict.yaml	single_corpus_signal	unreviewed	
1210	幾耐	44.716174	11	0	false	0.000000	r	r:11	0.000000	gei2noi6:11				true	1125	false	true	gei2noi6	jyut6ping3.words.dict.yaml	single_corpus_signal|quantified_sequence	unreviewed	
1211	性格	44.716174	11	0	false	0.000000	n	n:11	0.000000	sing3gaak3:11				true	1232	false	true	sing3gaak3	jyut6ping3.words.dict.yaml	single_corpus_signal	unreviewed	
1212	愛	44.716174	11	0	false	0.000000	v	v:11	0.000000	oi3:11				true	958	false	true	oi3	jyut6ping3.chars.dict.yaml	single_corpus_signal	unreviewed	
1213	捱	44.716174	11	0	false	0.000000	v	v:11	0.000000	ngaai4:11				true	1121	false	true	ngaai4	jyut6ping3.chars.dict.yaml	single_corpus_signal	unreviewed	
1214	普通話	44.716174	11	0	false	0.000000	n	n:11	0.000000	pou2tung1waa2:11				true	1819	false	true	pou2tung1waa2	jyut6ping3.words.dict.yaml	single_corpus_signal	unreviewed	
1215	梗	44.716174	11	0	false	0.000000	d	d:11	0.000000	gang2:11				true	1801	false	true	gang2|gwaang2	jyut6ping3.chars.dict.yaml	single_corpus_signal	unreviewed	
1216	決定	44.716174	11	0	false	0.000000	v	v:11	0.000000	kyut3ding6:11				true	976	false	true	kyut3ding6	jyut6ping3.words.dict.yaml	single_corpus_signal	unreviewed	
1217	漢	44.716174	11	0	false	0.000000	jnz	jnz:10|nz:1	0.090909	hon3:11				false		false	true	hon3	jyut6ping3.chars.dict.yaml	single_corpus_signal	unreviewed	
1218	火車	44.716174	11	0	false	0.000000	n	n:11	0.000000	fo2ce1:11				false		false	true	fo2ce1	jyut6ping3.words.dict.yaml	single_corpus_signal	unreviewed	
1219	無端端	44.716174	11	0	false	0.000000	d	d:6|z:5	0.000000	mou4dyun1dyun1:11				true	1376	false	true	mou4dyun1dyun1	jyut6ping3.words.dict.yaml	single_corpus_signal	unreviewed	
1220	牛肉	44.716174	11	0	false	0.000000	n	n:11	0.000000	ngau4juk6:11				true	1746	false	true	ngau4juk6	jyut6ping3.words.dict.yaml	single_corpus_signal	unreviewed	
1221	甩	44.716174	11	0	false	0.000000	v	v:8|Vg:3	0.000000	lat1:11				true	1756	false	true	lat1|seot1	jyut6ping3.chars.dict.yaml	single_corpus_signal	unreviewed	
1222	申請	44.716174	11	0	false	0.000000	v	v:11	0.000000	san1cing2:11				true	1344	false	true	san1cing2	jyut6ping3.words.dict.yaml	single_corpus_signal	unreviewed	
1223	病	44.716174	11	0	false	0.000000	n	n:4|a:4|v:3	0.000000	beng6:11				true	858	false	true	beng6|bing6	jyut6ping3.chars.dict.yaml	single_corpus_signal	unreviewed	
1224	碎	44.716174	11	0	false	0.000000	a	a:11	0.000000	seoi3:11				false		false	true	seoi3	jyut6ping3.chars.dict.yaml	single_corpus_signal	unreviewed	
1225	碼頭	44.716174	11	0	false	0.000000	n	n:11	0.000000	maa5tau4:11				true	382	false	true	maa5tau4	jyut6ping3.words.dict.yaml	single_corpus_signal	unreviewed	
1226	經驗	44.716174	11	0	false	0.000000	n	n:8|v:3	0.000000	ging1jim6:11				true	1019	false	true	ging1jim6	jyut6ping3.words.dict.yaml	single_corpus_signal	unreviewed	
1227	翻譯	44.716174	11	0	false	0.000000	v	v:7|vn:4	0.000000	faan1jik6:11				true	1852	false	true	faan1jik6	jyut6ping3.words.dict.yaml	single_corpus_signal	unreviewed	
1228	耶穌	44.716174	11	0	false	0.000000	nr	nr:11	1.000000	je4sou1:11				true	1942	false	true	je4sou1	jyut6ping3.words.dict.yaml	proper_name_signal|single_corpus_signal	unreviewed	
1229	肉	44.716174	11	0	false	0.000000	n	n:11	0.000000	juk6:11				true	1348	false	true	juk6	jyut6ping3.chars.dict.yaml	single_corpus_signal	unreviewed	
1230	股票	44.716174	11	0	false	0.000000	n	n:11	0.000000	gu2piu3:11				true	825	false	true	gu2piu3	jyut6ping3.words.dict.yaml	single_corpus_signal	unreviewed	
1231	舖頭	44.716174	11	0	false	0.000000	n	n:11	0.000000	pou3tau2:11				true	1533	false	true	pou3tau2	jyut6ping3.words.dict.yaml	single_corpus_signal	unreviewed	
1232	補習	44.716174	11	0	false	0.000000	v	v:9|n:1|vn:1	0.000000	bou2zaap6:11				true	1173	false	true	bou2zaap6	jyut6ping3.words.dict.yaml	single_corpus_signal	unreviewed	
1233	記	44.716174	11	0	false	0.000000	v	v:8|g1:3	0.000000	gei3:11				false		false	true	gei3	jyut6ping3.chars.dict.yaml	single_corpus_signal	unreviewed	
1234	費事	44.716174	11	0	false	0.000000	v	v:8|d:3	0.000000	fai3si6:11				true	1524	false	true	fai3si6	jyut6ping3.words.dict.yaml	single_corpus_signal	unreviewed	
1235	邊啲	44.716174	11	0	false	0.000000	r	r:11	0.000000	bin1di1:11				false		false	true	bin1di1	jyut6ping3.words.dict.yaml	single_corpus_signal	unreviewed	
1236	關於	44.716174	11	0	false	0.000000	p	p:11	0.000000	gwaan1jyu1:11				true	913	false	true	gwaan1jyu1	jyut6ping3.words.dict.yaml	single_corpus_signal	unreviewed	
1237	電影	44.716174	11	0	false	0.000000	n	n:11	0.000000	din6jing2:11				true	1453	false	true	din6jing2	jyut6ping3.words.dict.yaml	single_corpus_signal	unreviewed	
1238	音	44.716174	11	0	false	0.000000	n	n:9|Ng:2	0.000000	jam1:11				true	1680	false	true	jam1	jyut6ping3.chars.dict.yaml	single_corpus_signal	unreviewed	
1246	七點	42.846526	8	2	true	0.317509	t	t:8	0.000000	cat1dim2:8	t	t:2	cat1dim2:2	false		false	false			rime_absent|numeric_measure_time_sequence|quantified_sequence	unreviewed	
1247	三點	42.074606	4	5	true	0.629903	t	t:4	0.000000	saam1dim2:4	t	t:3|m:2	saam1dim2:5	true	1275	true	false			known_invalid_atomic|rime_absent|numeric_measure_time_sequence|quantified_sequence	unreviewed	
1252	好笑	41.748797	9	1	true	0.141115	a	a:9	0.000000	hou2siu3:9	a	a:1	hou2siu3:1	true	1567	false	true	hou2siu3	jyut6ping3.words.dict.yaml	degree_sequence	unreviewed	
1259	仙人掌	41.302687	0	8	false	0.000000			0.000000		n	n:7|x:1	sin1jan4zoeng2:8	true	1882	false	true	sin1jan4zoeng2	jyut6ping3.words.dict.yaml	single_corpus_signal	unreviewed	
1260	勁勝泳池	41.302687	0	8	false	0.000000			0.000000		n	n:5|nz:2|v:1	ging6sing3wing6ci4:8	false		false	false			single_corpus_signal|rime_absent	unreviewed	
1261	受害	41.302687	0	8	false	0.000000			0.000000		v	v:6|x:2	sau6hoi6:8	true	978	false	true	sau6hoi6	jyut6ping3.words.dict.yaml	single_corpus_signal	unreviewed	
1262	啤梨	41.302687	0	8	false	0.000000			0.000000		n	n:6|a:1|v:1	be1lei2:8	false		false	true	be1lei2	jyut6ping3.words.dict.yaml	single_corpus_signal	unreviewed	
1263	圓	41.302687	0	8	false	0.000000			0.000000		n	n:5|v:2|f:1	jun4:8	true	925	false	true	jyun4	jyut6ping3.chars.dict.yaml	single_corpus_signal	unreviewed	
1264	圖畫	41.302687	0	8	false	0.000000			0.000000		n	n:8	tou4waa2:8	false		false	true	tou4waa2	jyut6ping3.words.dict.yaml	single_corpus_signal	unreviewed	
1265	帳	41.302687	0	8	false	0.000000			0.000000		n	n:7|x:1	zoeng3:8	true	1053	false	true	zoeng3	jyut6ping3.chars.dict.yaml	single_corpus_signal	unreviewed	
1266	戀燕	41.302687	0	8	false	0.000000			0.000000		n	n:5|Ng:1|f:1|v:1	lyun2jin3:8	false		false	false			single_corpus_signal|rime_absent	unreviewed	
1267	枝	41.302687	0	8	false	0.000000			0.000000		n	n:7|v:1	zi1:8	false		false	true	kei4|zi1	jyut6ping3.chars.dict.yaml	single_corpus_signal	unreviewed	
1268	移	41.302687	0	8	false	0.000000			0.000000		v	v:7|a:1	ji4:8	false		false	true	ji4	jyut6ping3.chars.dict.yaml	single_corpus_signal	unreviewed	
1269	貧善大宅	41.302687	0	8	false	0.000000			0.000000		n	n:6|q:1|v:1	pan4sin6daai6zaak2:8	false		false	false			single_corpus_signal|rime_absent	unreviewed	
1270	遠冤墓	41.302687	0	8	false	0.000000			0.000000		n	n:4|x:2|v:1|ns:1	jyun5jyun1mou6:8	false		false	false			single_corpus_signal|rime_absent	unreviewed	
1271	重複	41.302687	0	8	false	0.000000			0.000000		v	v:6|n:1|a:1	cung4fuk1:8	true	1506	false	true	cung4fuk1	jyut6ping3.words.dict.yaml	single_corpus_signal	unreviewed	
1272	領	41.302687	0	8	false	0.000000			0.000000		n	n:7|x:1	ling5:8	true	513	false	true	leng2|leng5|ling5	jyut6ping3.chars.dict.yaml	single_corpus_signal	unreviewed	
1273	一模一樣	40.976877	5	4	true	0.984223	i	i:2|l:2|a:1	0.000000	jat1mou4jat1joeng6:5	l	l:2|r:2	jat1mou4jat1joeng6:4	true	1864	false	true	jat1mou4jat1joeng6	jyut6ping3.words.dict.yaml	quantified_sequence	unreviewed	
1277	一號	40.651067	10	0	false	0.000000	t	t:10	0.000000	jat1hou6:10				true	1734	false	true	jat1hou6	jyut6ping3.words.dict.yaml	single_corpus_signal|numeric_measure_time_sequence|quantified_sequence	unreviewed	
1278	上堂	40.651067	10	0	false	0.000000	v	v:9|vn:1	0.000000	soeng5tong4:10				true	1869	false	true	soeng5tong4	jyut6ping3.words.dict.yaml	single_corpus_signal	unreviewed	
1279	下年	40.651067	10	0	false	0.000000	t	t:9|f:1	0.000000	haa6nin2:10				false		false	true	haa6nin2	jyut6ping3.words.dict.yaml	single_corpus_signal	unreviewed	
1280	乖	40.651067	10	0	false	0.000000	a	a:10	0.000000	gwaai1:10				false		false	true	gwaai1	jyut6ping3.chars.dict.yaml	single_corpus_signal	unreviewed	
1281	九月	40.651067	10	0	false	0.000000	t	t:10	0.000000	gau2jyut6:10				true	1735	false	true	gau2jyut6	jyut6ping3.words.dict.yaml	single_corpus_signal|numeric_measure_time_sequence|quantified_sequence	unreviewed	
1282	偈	40.651067	10	0	false	0.000000	Ng	Ng:10	0.000000	gai2:10				true	1957	false	true	gai2|gai6|git6	jyut6ping3.chars.dict.yaml	single_corpus_signal	unreviewed	
1283	初頭	40.651067	10	0	false	0.000000	t	t:8|d:2	0.000000	co1tau4:10				true	1769	false	true	co1tau4	jyut6ping3.words.dict.yaml	single_corpus_signal	unreviewed	
1284	創作	40.651067	10	0	false	0.000000	v	v:6|vn:4	0.000000	cong3zok3:10				true	1373	false	true	cong3zok3	jyut6ping3.words.dict.yaml	single_corpus_signal	unreviewed	
1285	努力	40.651067	10	0	false	0.000000	a	a:9|v:1	0.000000	nou5lik6:10				true	945	false	true	nou5lik6	jyut6ping3.words.dict.yaml	single_corpus_signal	unreviewed	
1286	唔見	40.651067	10	0	false	0.000000	v	v:10	0.000000	m4gin3:10				true	217	false	true	m4gin3|ng5gin3	jyut6ping3.words.dict.yaml	single_corpus_signal|negated_sequence	unreviewed	
1287	地球	40.651067	10	0	false	0.000000	n	n:10	0.000000	dei6kau4:10				true	1900	false	true	dei6kau4	jyut6ping3.words.dict.yaml	single_corpus_signal	unreviewed	
1288	女人	40.651067	10	0	false	0.000000	n	n:9|b:1	0.000000	neoi5jan2:10				true	699	false	true	neoi5jan2	jyut6ping3.words.dict.yaml	single_corpus_signal	unreviewed	
1289	女皇	40.651067	10	0	false	0.000000	nz	nz:10	1.000000	neoi5wong4:10				true	1477	false	true	neoi5wong4	jyut6ping3.words.dict.yaml	proper_name_signal|single_corpus_signal	unreviewed	
1290	屋企人	40.651067	10	0	false	0.000000	n	n:10	0.000000	uk1kei2jan4:10				true	1502	false	true	uk1kei2jan4	jyut6ping3.words.dict.yaml	single_corpus_signal	unreviewed	
1291	市場	40.651067	10	0	false	0.000000	n	n:10	0.000000	si5coeng4:10				true	456	false	true	si5coeng4	jyut6ping3.words.dict.yaml	single_corpus_signal	unreviewed	
1292	年份	40.651067	10	0	false	0.000000	n	n:10	0.000000	nin4fan6:10				false		false	true	nin4fan6	jyut6ping3.words.dict.yaml	single_corpus_signal	unreviewed	
1293	態度	40.651067	10	0	false	0.000000	n	n:10	0.000000	taai3dou6:10				true	1020	false	true	taai3dou6	jyut6ping3.words.dict.yaml	single_corpus_signal	unreviewed	
1294	慣	40.651067	10	0	false	0.000000	v	v:8|a:1|d:1	0.000000	gwaan3:10				false		false	true	gwaan3	jyut6ping3.chars.dict.yaml	single_corpus_signal	unreviewed	
1295	戲院	40.651067	10	0	false	0.000000	n	n:10	0.000000	hei3jyun2:10				true	1843	false	true	hei3jyun2	jyut6ping3.words.dict.yaml	single_corpus_signal	unreviewed	
1296	文化	40.651067	10	0	false	0.000000	n	n:10	0.000000	man4faa3:10				true	1481	false	true	man4faa3	jyut6ping3.words.dict.yaml	single_corpus_signal	unreviewed	
1297	日日	40.651067	10	0	false	0.000000	q	q:9|t:1	0.000000	jat6jat6:10				false		false	true	jat6jat6	jyut6ping3.words.dict.yaml	single_corpus_signal	unreviewed	
1298	款	40.651067	10	0	false	0.000000	q	q:7|n:3	0.000000	fun2:10				false		false	true	fun2	jyut6ping3.chars.dict.yaml	single_corpus_signal	unreviewed	
1299	沙田	40.651067	10	0	false	0.000000	ns	ns:10	1.000000	saa1tin4:10				false		false	true	saa1tin4	jyut6ping3.words.dict.yaml	proper_name_signal|single_corpus_signal	unreviewed	
1300	焗	40.651067	10	0	false	0.000000	v	v:9|a:1	0.000000	guk6:10				true	1517	false	true	guk6	jyut6ping3.chars.dict.yaml	single_corpus_signal	unreviewed	
1301	熄	40.651067	10	0	false	0.000000	v	v:10	0.000000	sik1:10				true	1260	false	true	sik1	jyut6ping3.chars.dict.yaml	single_corpus_signal	unreviewed	
1302	特登	40.651067	10	0	false	0.000000	d	d:10	0.000000	dak6dang1:10				true	1512	false	true	dak6dang1	jyut6ping3.words.dict.yaml	single_corpus_signal	unreviewed	
1303	特色	40.651067	10	0	false	0.000000	n	n:10	0.000000	dak6sik1:10				true	1952	false	true	dak6sik1	jyut6ping3.words.dict.yaml	single_corpus_signal	unreviewed	
1304	甚至乎	40.651067	10	0	false	0.000000	d	d:10	0.000000	sam6zi3fu4:10				false		false	true	sam6zi3fu4	jyut6ping3.words.dict.yaml	single_corpus_signal	unreviewed	
1305	痛	40.651067	10	0	false	0.000000	a	a:10	0.000000	tung3:10				true	1702	false	true	tung3	jyut6ping3.chars.dict.yaml	single_corpus_signal	unreviewed	
1306	硬係	40.651067	10	0	false	0.000000	d	d:10	0.000000	ngaang2hai6:10				true	1978	false	true	ngaang2hai6	jyut6ping3.words.dict.yaml	single_corpus_signal	unreviewed	
1307	禮拜三	40.651067	10	0	false	0.000000	t	t:10	0.000000	lai5baai3saam1:10				true	1850	false	true	lai5baai3saam1	jyut6ping3.words.dict.yaml	single_corpus_signal	unreviewed	
1308	禮拜六	40.651067	10	0	false	0.000000	t	t:10	0.000000	lai5baai3luk6:10				true	1851	false	true	lai5baai3luk6	jyut6ping3.words.dict.yaml	single_corpus_signal	unreviewed	
1309	第時	40.651067	10	0	false	0.000000	t	t:10	0.000000	dai6si4:10				true	1807	false	true	dai6si4	jyut6ping3.words.dict.yaml	single_corpus_signal|quantified_sequence	unreviewed	
1310	紅籌	40.651067	10	0	false	0.000000	n	n:10	0.000000	hung4cau2:10				true	1941	false	true	hung4cau4	jyut6ping3.words.dict.yaml	single_corpus_signal	unreviewed	
1311	老婆	40.651067	10	0	false	0.000000	n	n:10	0.000000	lou5po4:10				false		false	true	lou5po4	jyut6ping3.words.dict.yaml	single_corpus_signal	unreviewed	
1312	舋	40.651067	10	0	false	0.000000	d	d:8|a:2	0.000000	man3:10				false		false	true	jan3|jan6|man6	jyut6ping3.chars.dict.yaml	single_corpus_signal	unreviewed	
1313	裙	40.651067	10	0	false	0.000000	n	n:10	0.000000	kwan4:10				false		false	true	kwan4	jyut6ping3.chars.dict.yaml	single_corpus_signal	unreviewed	
1314	褸尾	40.651067	10	0	false	0.000000	t	t:10	0.000000	lau1mei1:10				false		false	true	lau1mei1	jyut6ping3.words.dict.yaml	single_corpus_signal	unreviewed	
1315	諗法	40.651067	10	0	false	0.000000	n	n:10	0.000000	nam2faat3:10				true	1464	false	true	nam2faat3	jyut6ping3.words.dict.yaml	single_corpus_signal	unreviewed	
1316	譯本	40.651067	10	0	false	0.000000	n	n:10	0.000000	jik6bun2:10				false		false	true	jik6bun2	jyut6ping3.words.dict.yaml	single_corpus_signal	unreviewed	
1317	讓	40.651067	10	0	false	0.000000	v	v:10	0.000000	joeng6:10				true	1544	false	true	joeng6	jyut6ping3.chars.dict.yaml	single_corpus_signal	unreviewed	
1318	貨櫃	40.651067	10	0	false	0.000000	n	n:10	0.000000	fo3gwai6:10				true	1969	false	true	fo3gwai6	jyut6ping3.words.dict.yaml	single_corpus_signal	unreviewed	
1319	錦鯉	40.651067	10	0	false	0.000000	n	n:7|nz:3	0.300000	gam2lei5:10				false		false	true	gam2lei5	jyut6ping3.words.dict.yaml	single_corpus_signal	unreviewed	
1320	音樂	40.651067	10	0	false	0.000000	n	n:10	0.000000	jam1ngok6:10				true	1430	false	true	jam1ngok6	jyut6ping3.words.dict.yaml	single_corpus_signal	unreviewed	
1321	飛碟	40.651067	10	0	false	0.000000	n	n:10	0.000000	fei1dip2:10				true	1945	false	true	fei1dip2	jyut6ping3.words.dict.yaml	single_corpus_signal	unreviewed	
1322	黏	40.651067	10	0	false	0.000000	v	v:10	0.000000	nim4:10				true	1849	false	true	nim1|nim4	jyut6ping3.chars.dict.yaml	single_corpus_signal	unreviewed	
1327	二號	39.879148	6	3	true	0.635018	t	t:6	0.000000	ji6hou6:6	t	t:2|n:1	ji6hou6:3	false		false	false			rime_absent|numeric_measure_time_sequence	unreviewed	
1333	最好	38.781419	7	2	true	0.362868	d	d:7	0.000000	zeoi3hou2:7	d	d:2	zeoi3hou2:2	true	635	false	true	zeoi3hou2	jyut6ping3.words.dict.yaml	degree_sequence	unreviewed	
1344	call機	36.585961	9	0	false	0.000000	n	n:6|xn:3	0.000000					false		false	false			single_corpus_signal|rime_absent	unreviewed	
1345	一次過	36.585961	9	0	false	0.000000	d	d:9	0.000000	jat1ci3gwo3:9				true	1392	false	true	jat1ci3gwo3	jyut6ping3.words.dict.yaml	single_corpus_signal|numeric_measure_time_sequence|quantified_sequence|aspect_result_sequence	unreviewed	
1346	下下	36.585961	9	0	false	0.000000	q	q:9	0.000000	haa5haa5:9				true	1338	false	true	haa5haa5	jyut6ping3.words.dict.yaml	single_corpus_signal	unreviewed	
1347	中學	36.585961	9	0	false	0.000000	n	n:9	0.000000	zung1hok6:9				true	1642	false	true	zung1hok6	jyut6ping3.words.dict.yaml	single_corpus_signal	unreviewed	
1348	乜鬼	36.585961	9	0	false	0.000000	r	r:9	0.000000	mat1gwai2:9				true	1394	false	true	mat1gwai2	jyut6ping3.words.dict.yaml	single_corpus_signal	unreviewed	
1349	乾淨	36.585961	9	0	false	0.000000	a	a:9	0.000000	gon1zeng6:9				true	1691	false	true	gon1zeng6|gon1zing6	jyut6ping3.words.dict.yaml	single_corpus_signal	unreviewed	
1350	二千	36.585961	9	0	false	0.000000	m	m:9	0.000000	ji6cin1:9				false		false	false			single_corpus_signal|rime_absent	unreviewed	
1351	二百	36.585961	9	0	false	0.000000	m	m:9	0.000000	ji6baak3:9				false		false	false			single_corpus_signal|rime_absent	unreviewed	
1352	令到	36.585961	9	0	false	0.000000	v	v:9	0.000000	ling6dou3:9				true	846	false	true	ling6dou3	jyut6ping3.words.dict.yaml	single_corpus_signal|aspect_result_sequence	unreviewed	
1353	值	36.585961	9	0	false	0.000000	v	v:9	0.000000	zik6:9				true	1010	false	true	zik6	jyut6ping3.chars.dict.yaml	single_corpus_signal	unreviewed	
1354	價值	36.585961	9	0	false	0.000000	n	n:9	0.000000	gaa3zik6:9				true	1025	false	true	gaa3zik6	jyut6ping3.words.dict.yaml	single_corpus_signal	unreviewed	
1355	光碟	36.585961	9	0	false	0.000000	n	n:9	0.000000	gwong1dip2:9				false		false	true	gwong1dip2|gwong1dip6	jyut6ping3.words.dict.yaml	single_corpus_signal	unreviewed	
1356	出聲	36.585961	9	0	false	0.000000	v	v:9	0.000000	ceot1seng1:9				true	1559	false	true	ceot1seng1	jyut6ping3.words.dict.yaml	single_corpus_signal	unreviewed	
1357	制度	36.585961	9	0	false	0.000000	n	n:9	0.000000	zai3dou6:9				true	824	false	true	zai3dou6	jyut6ping3.words.dict.yaml	single_corpus_signal	unreviewed	
1358	剩	36.585961	9	0	false	0.000000	v	v:7|d:1|r:1	0.000000	zing6:9				true	1252	false	true	sing6|zing6	jyut6ping3.chars.dict.yaml	single_corpus_signal	unreviewed	
1359	反應	36.585961	9	0	false	0.000000	n	n:7|vn:2	0.000000	faan2jing3:9				true	1221	false	true	faan2jing3	jyut6ping3.words.dict.yaml	single_corpus_signal	unreviewed	
1360	口罩	36.585961	9	0	false	0.000000	n	n:9	0.000000	hau2zaau3:9				false		false	true	hau2zaau3	jyut6ping3.words.dict.yaml	single_corpus_signal	unreviewed	
1361	台灣	36.585961	9	0	false	0.000000	ns	ns:9	1.000000	toi4waan1:9				true	1560	false	false			proper_name_signal|single_corpus_signal|rime_absent	unreviewed	
1362	合格	36.585961	9	0	false	0.000000	v	v:9	0.000000	hap6gaak3:9				true	1345	false	true	hap6gaak3	jyut6ping3.words.dict.yaml	single_corpus_signal	unreviewed	
1363	回歸	36.585961	9	0	false	0.000000	v	v:5|vn:4	0.000000	wui4gwai1:9				true	1226	false	true	wui4gwai1	jyut6ping3.words.dict.yaml	single_corpus_signal	unreviewed	
1364	太過	36.585961	9	0	false	0.000000	d	d:9	0.000000	taai3gwo3:9				true	1278	false	true	taai3gwo3	jyut6ping3.words.dict.yaml	single_corpus_signal|degree_sequence|aspect_result_sequence	unreviewed	
1365	好人	36.585961	9	0	false	0.000000	a	a:9	0.000000	hou2jan4:9				true	1901	false	true	hou2jan4	jyut6ping3.words.dict.yaml	single_corpus_signal|degree_sequence	unreviewed	
1366	好景	36.585961	9	0	false	0.000000	nt	nt:6|a:2|n:1	0.666667	hou2ging2:9				false		false	true	hou2ging2	jyut6ping3.words.dict.yaml	single_corpus_signal|degree_sequence	unreviewed	
1367	好聽	36.585961	9	0	false	0.000000	a	a:9	0.000000	hou2teng1:9				true	1655	false	true	hou2teng1|hou2ting1	jyut6ping3.words.dict.yaml	single_corpus_signal|degree_sequence	unreviewed	
1368	好食	36.585961	9	0	false	0.000000	a	a:9	0.000000	hou2sik6:9				true	1653	false	true	hou2sik6	jyut6ping3.words.dict.yaml	single_corpus_signal|degree_sequence	unreviewed	
1369	孔	36.585961	9	0	false	0.000000	nr	nr:7|Ng:2	0.777778	hung2:9				false		false	true	hung2	jyut6ping3.chars.dict.yaml	single_corpus_signal	unreviewed	
1370	安全	36.585961	9	0	false	0.000000	a	a:8|an:1	0.000000	on1cyun4:9				true	1904	false	true	on1cyun4	jyut6ping3.words.dict.yaml	single_corpus_signal	unreviewed	
1371	小全章	36.585961	9	0	false	0.000000	n	n:9	0.000000	siu2cyun4zoeng1:9				false		false	false			single_corpus_signal|rime_absent	unreviewed	
1372	就噉	36.585961	9	0	false	0.000000	d	d:9	0.000000	zau6gam2:9				false		false	false			single_corpus_signal|rime_absent	unreviewed	
1373	屆	36.585961	9	0	false	0.000000	q	q:9	0.000000	gaai3:9				false		false	true	gaai3	jyut6ping3.chars.dict.yaml	single_corpus_signal	unreviewed	
1374	幾十	36.585961	9	0	false	0.000000	m	m:9	0.000000	gei2sap6:9				false		false	false			single_corpus_signal|rime_absent|quantified_sequence	unreviewed	
1375	幾百	36.585961	9	0	false	0.000000	m	m:9	0.000000	gei2baak3:9				false		false	false			single_corpus_signal|rime_absent|quantified_sequence	unreviewed	
1376	德國	36.585961	9	0	false	0.000000	ns	ns:9	1.000000	dak1gwok3:9				false		false	true	dak1gwok3	jyut6ping3.words.dict.yaml	proper_name_signal|single_corpus_signal	unreviewed	
1377	戴	36.585961	9	0	false	0.000000	v	v:9	0.000000	daai3:9				false		false	true	daai3	jyut6ping3.chars.dict.yaml	single_corpus_signal	unreviewed	
1378	拃	36.585961	9	0	false	0.000000	q	q:9	0.000000	zaa6:9				true	1779	false	true	zaa3|zaa6	jyut6ping3.chars.dict.yaml	single_corpus_signal	unreviewed	
1379	拜拜	36.585961	9	0	false	0.000000	l1	l1:8|v:1	0.000000	baai1baai3:9				true	659	false	true	baai1baai3	jyut6ping3.words.dict.yaml	single_corpus_signal	unreviewed	
1380	掣	36.585961	9	0	false	0.000000	n	n:9	0.000000	zai3:9				true	1610	false	true	cit3|zai3	jyut6ping3.chars.dict.yaml	single_corpus_signal	unreviewed	
1381	控制	36.585961	9	0	false	0.000000	v	v:9	0.000000	hung3zai3:9				true	1166	false	true	hung3zai3	jyut6ping3.words.dict.yaml	single_corpus_signal	unreviewed	
1382	收埋	36.585961	9	0	false	0.000000	v	v:9	0.000000	sau1maai4:9				true	1570	false	true	sau1maai4	jyut6ping3.words.dict.yaml	single_corpus_signal	unreviewed	
1383	日子	36.585961	9	0	false	0.000000	n	n:9	0.000000	jat6zi2:9				true	969	false	true	jat6zi2	jyut6ping3.words.dict.yaml	single_corpus_signal	unreviewed	
1384	早餐	36.585961	9	0	false	0.000000	n	n:9	0.000000	zou2caan1:9				true	1657	false	true	zou2caan1	jyut6ping3.words.dict.yaml	single_corpus_signal	unreviewed	
1385	旺角	36.585961	9	0	false	0.000000	ns	ns:9	1.000000	wong6gok3:9				false		false	true	wong6gok3	jyut6ping3.words.dict.yaml	proper_name_signal|single_corpus_signal	unreviewed	
1386	會考	36.585961	9	0	false	0.000000	n	n:9	0.000000	wui6haau2:9				true	1018	false	true	wui6haau2	jyut6ping3.words.dict.yaml	single_corpus_signal	unreviewed	
1387	校長	36.585961	9	0	false	0.000000	n	n:9	0.000000	haau6zoeng2:9				true	1685	false	true	haau6zoeng2	jyut6ping3.words.dict.yaml	single_corpus_signal	unreviewed	
1388	梨	36.585961	9	0	false	0.000000	n	n:9	0.000000	lei2:5|lei4:4				false		false	true	lei4	jyut6ping3.chars.dict.yaml	single_corpus_signal	unreviewed	
1389	業主	36.585961	9	0	false	0.000000	n	n:9	0.000000	jip6zyu2:9				true	1825	false	true	jip6zyu2	jyut6ping3.words.dict.yaml	single_corpus_signal	unreviewed	
1390	樂趣	36.585961	9	0	false	0.000000	n	n:9	0.000000	lok6ceoi3:9				false		false	true	lok6ceoi3	jyut6ping3.words.dict.yaml	single_corpus_signal	unreviewed	
1391	機票	36.585961	9	0	false	0.000000	n	n:9	0.000000	gei1piu3:9				false		false	true	gei1piu3	jyut6ping3.words.dict.yaml	single_corpus_signal	unreviewed	
1392	泊	36.585961	9	0	false	0.000000	v	v:9	0.000000	paak3:9				false		false	true	baak3|bok6|paak3	jyut6ping3.chars.dict.yaml	single_corpus_signal	unreviewed	
1393	測驗	36.585961	9	0	false	0.000000	v	v:5|vn:3|n:1	0.000000	caak1jim6:9				false		false	true	caak1jim6|cak1jim6	jyut6ping3.words.dict.yaml	single_corpus_signal	unreviewed	
1394	火星	36.585961	9	0	false	0.000000	n	n:9	0.000000	fo2sing1:9				true	1881	false	true	fo2sing1	jyut6ping3.words.dict.yaml	single_corpus_signal	unreviewed	
1395	當時	36.585961	9	0	false	0.000000	t	t:9	0.000000	dong1si4:9				true	778	false	true	dong1si4	jyut6ping3.words.dict.yaml	single_corpus_signal	unreviewed	
1396	發	36.585961	9	0	false	0.000000	v	v:6|a:1|g1:1|Vg:1	0.000000	faat3:9				true	1318	false	true	but3|but6|faat3|fat3	jyut6ping3.chars.dict.yaml	single_corpus_signal	unreviewed	
1397	發生	36.585961	9	0	false	0.000000	v	v:9	0.000000	faat3sang1:9				true	863	false	true	faat3sang1	jyut6ping3.words.dict.yaml	single_corpus_signal	unreviewed	
1398	禮物	36.585961	9	0	false	0.000000	n	n:9	0.000000	lai5mat6:9				true	1269	false	true	lai5mat6	jyut6ping3.words.dict.yaml	single_corpus_signal	unreviewed	
1399	章	36.585961	9	0	false	0.000000	q	q:9	0.000000	zoeng1:9				false		false	true	zoeng1	jyut6ping3.chars.dict.yaml	single_corpus_signal	unreviewed	
1400	第日	36.585961	9	0	false	0.000000	t	t:5|d:3|r:1	0.000000	dai6jat6:9				true	952	false	true	dai6jat6	jyut6ping3.words.dict.yaml	single_corpus_signal|numeric_measure_time_sequence|quantified_sequence	unreviewed	
1401	紐西蘭	36.585961	9	0	false	0.000000	ns	ns:9	1.000000	nau5sai1laan4:9				false		false	true	nau2sai1laan4	jyut6ping3.words.dict.yaml	proper_name_signal|single_corpus_signal	unreviewed	
1402	結果	36.585961	9	0	false	0.000000	n	n:7|d:2	0.000000	git3gwo2:9				true	924	false	true	git3gwo2	jyut6ping3.words.dict.yaml	single_corpus_signal	unreviewed	
1403	艷舞	36.585961	9	0	false	0.000000	n	n:9	0.000000	jim6mou5:9				false		false	false			single_corpus_signal|rime_absent	unreviewed	
1404	萬	36.585961	9	0	false	0.000000	m	m:9	0.000000	maan6:9				true	926	false	true	maak6|maan6	jyut6ping3.chars.dict.yaml	single_corpus_signal	unreviewed	
1405	落來	36.585961	9	0	false	0.000000	v	v:9	0.000000	lok6lai4:9				false		false	false			single_corpus_signal|rime_absent	unreviewed	
1406	藥	36.585961	9	0	false	0.000000	n	n:9	0.000000	joek6:9				false		false	true	joek6|ngok6	jyut6ping3.chars.dict.yaml	single_corpus_signal	unreviewed	
1407	資料	36.585961	9	0	false	0.000000	n	n:9	0.000000	zi1liu2:9				true	1321	false	true	zi1liu2|zi1liu6	jyut6ping3.words.dict.yaml	single_corpus_signal	unreviewed	
1408	質素	36.585961	9	0	false	0.000000	n	n:9	0.000000	zat1sou3:9				true	1465	false	true	zat1sou3	jyut6ping3.words.dict.yaml	single_corpus_signal	unreviewed	
1409	趕	36.585961	9	0	false	0.000000	v	v:9	0.000000	gon2:9				false		false	true	gon2	jyut6ping3.chars.dict.yaml	single_corpus_signal	unreviewed	
1410	輸	36.585961	9	0	false	0.000000	v	v:9	0.000000	syu1:9				true	1999	false	true	syu1	jyut6ping3.chars.dict.yaml	single_corpus_signal	unreviewed	
1411	迪士尼	36.585961	9	0	false	0.000000	nt	nt:3|ns:3|nz:3	1.000000	dik6si6nei4:9				false		false	true	dik6si6nei4	jyut6ping3.words.dict.yaml	proper_name_signal|single_corpus_signal	unreviewed	
1412	追	36.585961	9	0	false	0.000000	v	v:9	0.000000	zeoi1:9				true	1248	false	true	deoi1|zeoi1	jyut6ping3.chars.dict.yaml	single_corpus_signal	unreviewed	
1413	通	36.585961	9	0	false	0.000000	v	v:5|d:2|Vg:1|Dg:1	0.000000	tung1:9				true	1812	false	true	tung1	jyut6ping3.chars.dict.yaml	single_corpus_signal	unreviewed	
1414	郵	36.585961	9	0	false	0.000000	Ng	Ng:8|x:1	0.000000	jau4:9				false		false	true	jau4	jyut6ping3.chars.dict.yaml	single_corpus_signal	unreviewed	
1415	醫	36.585961	9	0	false	0.000000	v	v:6|jn:2|Ng:1	0.000000	ji1:9				false		false	true	ji1	jyut6ping3.chars.dict.yaml	single_corpus_signal	unreviewed	
1416	重有	36.585961	9	0	false	0.000000	v	v:9	0.000000	zung6jau5:9				true	420	false	true	zung6jau5	jyut6ping3.words.dict.yaml	single_corpus_signal	unreviewed	
1417	銀行	36.585961	9	0	false	0.000000	n	n:9	0.000000	ngan4hong4:9				true	1213	false	true	ngan4hong4	jyut6ping3.words.dict.yaml	single_corpus_signal	unreviewed	
1418	間唔中	36.585961	9	0	false	0.000000	d	d:9	0.000000	gaan3m4zung1:9				false		false	true	gaan3m4zung1	jyut6ping3.words.dict.yaml	single_corpus_signal	unreviewed	
1419	阿爸	36.585961	9	0	false	0.000000	n	n:9	0.000000	aa3baa4:9				false		false	true	aa3baa4	jyut6ping3.words.dict.yaml	single_corpus_signal	unreviewed	
1420	阿琪	36.585961	9	0	false	0.000000	nr	nr:9	1.000000	aa3kei4:9				false		false	false			proper_name_signal|single_corpus_signal|rime_absent	unreviewed	
1421	預	36.585961	9	0	false	0.000000	v	v:6|a:3	0.000000	jyu6:9				true	1530	false	true	jyu6	jyut6ping3.chars.dict.yaml	single_corpus_signal	unreviewed	
1422	龜	36.585961	9	0	false	0.000000	n	n:9	0.000000	gwai1:9				true	1725	false	true	gau1|gwai1|gwan1|kau1	jyut6ping3.chars.dict.yaml	single_corpus_signal	unreviewed	
1423	𠻺吓	36.585961	9	0	false	0.000000	e	e:9	0.000000	aa6haa2:9				false		false	false			single_corpus_signal|rime_absent|particle_final_sequence	unreviewed	
1424	一開始	36.139851	0	7	false	0.000000			0.000000		d	d:2|m:2|a:1|c:1|i:1	jat1hoi1ci2:7	false		false	false			single_corpus_signal|rime_absent|quantified_sequence	unreviewed	
1425	半圓形	36.139851	0	7	false	0.000000			0.000000		n	n:6|Ng:1	bun3jun4jing4:7	false		false	false			single_corpus_signal|rime_absent|quantified_sequence	unreviewed	
1426	塘	36.139851	0	7	false	0.000000			0.000000		Ng	Ng:3|n:2|v:1|a:1	tong4:7	true	865	false	true	tong4	jyut6ping3.chars.dict.yaml	single_corpus_signal	unreviewed	
1427	完整	36.139851	0	7	false	0.000000			0.000000		v	v:6|u:1	jun4zing2:7	true	1920	false	true	jyun4zing2	jyut6ping3.words.dict.yaml	single_corpus_signal	unreviewed	
1428	座標	36.139851	0	7	false	0.000000			0.000000		n	n:6|nr:1	zo6biu1:7	false		false	true	zo6biu1	jyut6ping3.words.dict.yaml	single_corpus_signal	unreviewed	
1429	往𤓓灘	36.139851	0	7	false	0.000000			0.000000		n	n:5|v:1|ns:1	wong5lo3taan1:7	false		false	false			single_corpus_signal|rime_absent	unreviewed	
1430	東北面	36.139851	0	7	false	0.000000			0.000000		n	n:6|f:1	dung1bak1min6:7	false		false	false			single_corpus_signal|rime_absent	unreviewed	
1431	枉𤓓	36.139851	0	7	false	0.000000			0.000000		n	n:5|v:1|b:1	wong2lo3:7	false		false	false			single_corpus_signal|rime_absent	unreviewed	
1432	正方形	36.139851	0	7	false	0.000000			0.000000		n	n:6|a:1	zing3fong1jing4:7	false		false	true	zing3fong1jing4	jyut6ping3.words.dict.yaml	single_corpus_signal	unreviewed	
1433	水滴	36.139851	0	7	false	0.000000			0.000000		n	n:6|q:1	seoi2dik6:7	false		false	true	seoi2dik6	jyut6ping3.words.dict.yaml	single_corpus_signal	unreviewed	
1434	總共	36.139851	0	7	false	0.000000			0.000000		d	d:7	zung2gung6:7	false		false	true	zung2gung6	jyut6ping3.words.dict.yaml	single_corpus_signal	unreviewed	
1435	西南面	36.139851	0	7	false	0.000000			0.000000		n	n:5|x:1|f:1	sai1naam4min6:7	false		false	false			single_corpus_signal|rime_absent	unreviewed	
1436	西邊	36.139851	0	7	false	0.000000			0.000000		f	f:3|n:2|Nsg:1|Ng:1	sai1bin1:7	false		false	false			single_corpus_signal|rime_absent	unreviewed	
1437	踮	36.139851	0	7	false	0.000000			0.000000		v	v:5|a:1|n:1	dim3:7	false		false	true	dim2|dim3	jyut6ping3.chars.dict.yaml	single_corpus_signal	unreviewed	
1438	返嚟	36.139851	0	7	false	0.000000			0.000000		v	v:6|x:1	faan1lai4:7	false		false	true	faan1lai4	jyut6ping3.words.dict.yaml	single_corpus_signal|directional_chain	unreviewed	
1439	金字邊	36.139851	0	7	false	0.000000			0.000000		f	f:4|nr:2|x:1	gam1zi6bin1:7	false		false	true	gam1zi6bin1	jyut6ping3.words.dict.yaml	single_corpus_signal	unreviewed	
1440	𡃁	36.139851	0	7	false	0.000000			0.000000		n	n:5|d:1|v:1	leng1:7	false		false	true	leng1	jyut6ping3.chars.dict.yaml	single_corpus_signal	unreviewed	
1441	林	35.814041	5	3	true	0.762022	nr	nr:5	1.000000	lam4:4|lam2:1	nr	nr:2|a:1	lam4:3	true	588	false	true	lam4	jyut6ping3.chars.dict.yaml	proper_name_signal	unreviewed	
1442	調轉	35.814041	5	3	true	0.762022	v	v:5	0.000000	diu6zyun3:5	v	v:3	diu6zyu3:3	false		false	false			rime_absent	unreviewed	
1452	梁	34.716312	6	2	true	0.423346	nr	nr:6	1.000000	loeng4:6	nr	nr:2	loeng4:2	false		false	true	loeng4	jyut6ping3.chars.dict.yaml	proper_name_signal	unreviewed	
1455	八點鐘	33.944393	2	5	true	0.314951	t	t:2	0.000000	baat3dim2zung1:2	t	t:5	baat3dim2zung1:5	false		false	false			rime_absent|numeric_measure_time_sequence|quantified_sequence	unreviewed	
1464	主角	32.520854	8	0	false	0.000000	n	n:8	0.000000	zyu2gok3:8				true	1557	false	true	zyu2gok3	jyut6ping3.words.dict.yaml	single_corpus_signal	unreviewed	
1465	九點半	32.520854	8	0	false	0.000000	t	t:8	0.000000	gau2dim2bun3:8				false		false	false			single_corpus_signal|rime_absent|numeric_measure_time_sequence|quantified_sequence	unreviewed	
1466	人士	32.520854	8	0	false	0.000000	n	n:8	0.000000	jan4si6:8				true	1335	false	true	jan4si6	jyut6ping3.words.dict.yaml	single_corpus_signal	unreviewed	
1467	以後	32.520854	8	0	false	0.000000	t	t:7|f:1	0.000000	ji5hau6:8				true	1143	false	true	ji5hau6	jyut6ping3.words.dict.yaml	single_corpus_signal	unreviewed	
1468	來到	32.520854	8	0	false	0.000000	v	v:7|p:1	0.000000	lai4dou3:8				false		false	true	loi4dou3	jyut6ping3.words.dict.yaml	single_corpus_signal|aspect_result_sequence	unreviewed	
1469	傻瓜機	32.520854	8	0	false	0.000000	n	n:8	0.000000	so4gwaa1gei1:8				false		false	true	so4gwaa1gei1	jyut6ping3.words.dict.yaml	single_corpus_signal	unreviewed	
1470	出版	32.520854	8	0	false	0.000000	v	v:7|vn:1	0.000000	ceot1baan2:8				true	1748	false	true	ceot1baan2	jyut6ping3.words.dict.yaml	single_corpus_signal	unreviewed	
1471	創意	32.520854	8	0	false	0.000000	n	n:8	0.000000	cong3ji3:8				true	1814	false	true	cong3ji3	jyut6ping3.words.dict.yaml	single_corpus_signal	unreviewed	
1472	劇情	32.520854	8	0	false	0.000000	n	n:8	0.000000	kek6cing4:8				false		false	true	kek6cing4	jyut6ping3.words.dict.yaml	single_corpus_signal	unreviewed	
1473	北京	32.520854	8	0	false	0.000000	ns	ns:8	1.000000	bak1ging1:8				false		false	true	bak1ging1	jyut6ping3.words.dict.yaml	proper_name_signal|single_corpus_signal	unreviewed	
1474	十幾	32.520854	8	0	false	0.000000	m	m:8	0.000000	sap6gei2:8				false		false	false			single_corpus_signal|rime_absent|quantified_sequence	unreviewed	
1475	名牌	32.520854	8	0	false	0.000000	an	an:7|n:1	0.000000	ming4paai4:8				false		false	true	ming4paai2|ming4paai4	jyut6ping3.words.dict.yaml	single_corpus_signal	unreviewed	
1476	咭	32.520854	8	0	false	0.000000	n	n:8	0.000000	kaat1:8				false		false	true	gat1|hat1|kaat1|kat1	jyut6ping3.chars.dict.yaml	single_corpus_signal	unreviewed	
1477	唱歌	32.520854	8	0	false	0.000000	v	v:8	0.000000	coeng3go1:8				false		false	true	coeng3go1	jyut6ping3.words.dict.yaml	single_corpus_signal	unreviewed	
1478	啡色	32.520854	8	0	false	0.000000	n	n:8	0.000000	fe1sik1:8				false		false	true	fe1sik1	jyut6ping3.words.dict.yaml	single_corpus_signal	unreviewed	
1479	嗰次	32.520854	8	0	false	0.000000	r	r:8	0.000000	go2ci3:8				false		false	false			single_corpus_signal|rime_absent|demonstrative_sequence	unreviewed	
1480	嚿	32.520854	8	0	false	0.000000	q	q:8	0.000000	gau6:8				false		false	true	gau6	jyut6ping3.chars.dict.yaml	single_corpus_signal	unreviewed	
1481	四十五萬	32.520854	8	0	false	0.000000	m	m:8	0.000000	sei3sap6ng5maan6:8				false		false	false			single_corpus_signal|rime_absent|quantified_sequence	unreviewed	
1482	妹	32.520854	8	0	false	0.000000	n	n:8	0.000000	mui2:6|mui1:2				false		false	true	mui1|mui2|mui6	jyut6ping3.chars.dict.yaml	single_corpus_signal	unreviewed	
1483	寵物	32.520854	8	0	false	0.000000	n	n:8	0.000000	cung2mat6:8				false		false	true	cung2mat6	jyut6ping3.words.dict.yaml	single_corpus_signal	unreviewed	
1484	導遊	32.520854	8	0	false	0.000000	n	n:8	0.000000	dou6jau4:8				false		false	true	dou6jau4	jyut6ping3.words.dict.yaml	single_corpus_signal	unreviewed	
1485	巴西	32.520854	8	0	false	0.000000	ns	ns:8	1.000000	baa1sai1:8				false		false	true	baa1sai1	jyut6ping3.words.dict.yaml	proper_name_signal|single_corpus_signal	unreviewed	
1486	年紀	32.520854	8	0	false	0.000000	n	n:8	0.000000	nin4gei2:8				true	1079	false	true	nin4gei2	jyut6ping3.words.dict.yaml	single_corpus_signal	unreviewed	
1487	年齡	32.520854	8	0	false	0.000000	n	n:8	0.000000	nin4ling4:8				true	1906	false	true	nin4ling4	jyut6ping3.words.dict.yaml	single_corpus_signal	unreviewed	
1488	廣告	32.520854	8	0	false	0.000000	n	n:8	0.000000	gwong2gou3:8				true	798	false	true	gwong2gou3	jyut6ping3.words.dict.yaml	single_corpus_signal	unreviewed	
1489	廣東話	32.520854	8	0	false	0.000000	nz	nz:8	1.000000	gwong2dung1waa2:8				false		false	true	gwong2dung1waa2	jyut6ping3.words.dict.yaml	proper_name_signal|single_corpus_signal	unreviewed	
1490	得滯	32.520854	8	0	false	0.000000	d	d:6|u:2	0.000000	dak1zai6:8				true	1962	false	true	dak1zai6	jyut6ping3.words.dict.yaml	single_corpus_signal	unreviewed	
1491	從來	32.520854	8	0	false	0.000000	d	d:7|c:1	0.000000	cung4loi4:8				true	1515	false	true	cung4loi4	jyut6ping3.words.dict.yaml	single_corpus_signal	unreviewed	
1492	惡	32.520854	8	0	false	0.000000	a	a:8	0.000000	ok3:8				false		false	true	fu1|ok3|wu1|wu3	jyut6ping3.chars.dict.yaml	single_corpus_signal	unreviewed	
1493	慶祝	32.520854	8	0	false	0.000000	v	v:8	0.000000	hing3zuk1:8				false		false	true	hing3zuk1	jyut6ping3.words.dict.yaml	single_corpus_signal	unreviewed	
1494	成功	32.520854	8	0	false	0.000000	a	a:6|an:2	0.000000	sing4gung1:8				true	1227	false	true	sing4gung1	jyut6ping3.words.dict.yaml	single_corpus_signal	unreviewed	
1495	扣	32.520854	8	0	false	0.000000	v	v:8	0.000000	kau3:8				true	1569	false	true	kau3	jyut6ping3.chars.dict.yaml	single_corpus_signal	unreviewed	
1496	抑或	32.520854	8	0	false	0.000000	c	c:8	0.000000	jik1waak6:8				true	1044	false	true	jik1waak6	jyut6ping3.words.dict.yaml	single_corpus_signal	unreviewed	
1497	捉	32.520854	8	0	false	0.000000	v	v:8	0.000000	zuk1:8				true	1435	false	true	zuk1|zuk3	jyut6ping3.chars.dict.yaml	single_corpus_signal	unreviewed	
1498	於是乎	32.520854	8	0	false	0.000000	c	c:8	0.000000	jyu1si6fu4:8				false		false	true	jyu1si6fu4	jyut6ping3.words.dict.yaml	single_corpus_signal	unreviewed	
1499	旅遊	32.520854	8	0	false	0.000000	v	v:7|vn:1	0.000000	leoi5jau4:8				true	1951	false	true	leoi5jau4	jyut6ping3.words.dict.yaml	single_corpus_signal	unreviewed	
1500	普遍	32.520854	8	0	false	0.000000	a	a:8	0.000000	pou2pin3:8				true	1820	false	true	pou2pin3	jyut6ping3.words.dict.yaml	single_corpus_signal	unreviewed	
1501	最多	32.520854	8	0	false	0.000000	d	d:8	0.000000	zeoi3do1:8				true	861	false	true	zeoi3do1	jyut6ping3.words.dict.yaml	single_corpus_signal|degree_sequence	unreviewed	
1502	校	32.520854	8	0	false	0.000000	n	n:4|v:2|Ng:2	0.000000	haau6:6|gaau3:2				true	1792	false	true	gaau3|haau6	jyut6ping3.chars.dict.yaml	single_corpus_signal	unreviewed	
1503	桂林	32.520854	8	0	false	0.000000	ns	ns:8	1.000000	gwai3lam4:8				false		false	true	gwai3lam4	jyut6ping3.words.dict.yaml	proper_name_signal|single_corpus_signal	unreviewed	
1504	止	32.520854	8	0	false	0.000000	v	v:7|a:1	0.000000	zi2:8				true	1880	false	true	zi2	jyut6ping3.chars.dict.yaml	single_corpus_signal	unreviewed	
1505	沖	32.520854	8	0	false	0.000000	v	v:7|Vg:1	0.000000	cung1:8				true	1414	false	true	cung1	jyut6ping3.chars.dict.yaml	single_corpus_signal	unreviewed	
1506	消息	32.520854	8	0	false	0.000000	n	n:8	0.000000	siu1sik1:8				false		false	true	siu1sik1	jyut6ping3.words.dict.yaml	single_corpus_signal	unreviewed	
1507	無謂	32.520854	8	0	false	0.000000	a	a:8	0.000000	mou4wai6:8				true	1976	false	true	mou4wai6	jyut6ping3.words.dict.yaml	single_corpus_signal	unreviewed	
1508	男	32.520854	8	0	false	0.000000	b	b:8	0.000000	naam4:8				true	1081	false	true	naam4	jyut6ping3.chars.dict.yaml	single_corpus_signal	unreviewed	
1509	的	32.520854	8	0	false	0.000000	u	u:8	0.000000	dik1:8				true	1201	false	true	dik1	jyut6ping3.chars.dict.yaml	single_corpus_signal	unreviewed	
1510	福利	32.520854	8	0	false	0.000000	n	n:8	0.000000	fuk1lei6:8				true	1457	false	true	fuk1lei6	jyut6ping3.words.dict.yaml	single_corpus_signal	unreviewed	
1511	程	32.520854	8	0	false	0.000000	q	q:7|Ng:1	0.000000	cing4:8				false		false	true	cing4	jyut6ping3.chars.dict.yaml	single_corpus_signal	unreviewed	
1512	節目	32.520854	8	0	false	0.000000	n	n:8	0.000000	zit3muk6:8				true	709	false	true	zit3muk6	jyut6ping3.words.dict.yaml	single_corpus_signal	unreviewed	
1513	粗口	32.520854	8	0	false	0.000000	n	n:8	0.000000	cou1hau2:8				true	1808	false	true	cou1hau2	jyut6ping3.words.dict.yaml	single_corpus_signal	unreviewed	
1514	緊張	32.520854	8	0	false	0.000000	a	a:8	0.000000	gan2zoeng1:8				true	1024	false	true	gan2zoeng1	jyut6ping3.words.dict.yaml	single_corpus_signal	unreviewed	
1515	聯絡	32.520854	8	0	false	0.000000	v	v:8	0.000000	lyun4lok3:8				true	1846	false	true	lyun4lok3|lyun4lok6	jyut6ping3.words.dict.yaml	single_corpus_signal	unreviewed	
1516	股	32.520854	8	0	false	0.000000	Ng	Ng:6|q:2	0.000000	gu2:8				true	402	false	true	gu2	jyut6ping3.chars.dict.yaml	single_corpus_signal	unreviewed	
1517	自然	32.520854	8	0	false	0.000000	a	a:7|n:1	0.000000	zi6jin4:8				true	1229	false	true	zi6jin4	jyut6ping3.words.dict.yaml	single_corpus_signal	unreviewed	
1518	船	32.520854	8	0	false	0.000000	n	n:8	0.000000	syun4:8				true	1967	false	true	syun4	jyut6ping3.chars.dict.yaml	single_corpus_signal	unreviewed	
1519	藍籌	32.520854	8	0	false	0.000000	n	n:8	0.000000	laam4cau2:8				false		false	true	laam4cau4	jyut6ping3.words.dict.yaml	single_corpus_signal	unreviewed	
1520	血	32.520854	8	0	false	0.000000	n	n:8	0.000000	hyut3:8				false		false	true	hyut3	jyut6ping3.chars.dict.yaml	single_corpus_signal	unreviewed	
1521	補	32.520854	8	0	false	0.000000	Vg	Vg:7|v:1	0.000000	bou2:8				false		false	true	bou2	jyut6ping3.chars.dict.yaml	single_corpus_signal	unreviewed	
1522	謝	32.520854	8	0	false	0.000000	nr	nr:8	1.000000	ze6:8				false		false	true	ze6	jyut6ping3.chars.dict.yaml	proper_name_signal|single_corpus_signal	unreviewed	
1523	豬仔	32.520854	8	0	false	0.000000	nr	nr:8	1.000000	zyu1zai2:8				false		false	true	zyu1zai2	jyut6ping3.words.dict.yaml	proper_name_signal|single_corpus_signal	unreviewed	
1524	贏	32.520854	8	0	false	0.000000	v	v:8	0.000000	jeng4:8				false		false	true	jeng4|jing4	jyut6ping3.chars.dict.yaml	single_corpus_signal	unreviewed	
1525	踢	32.520854	8	0	false	0.000000	v	v:8	0.000000	tek3:8				false		false	true	tek3	jyut6ping3.chars.dict.yaml	single_corpus_signal	unreviewed	
1526	遊客	32.520854	8	0	false	0.000000	n	n:8	0.000000	jau4haak3:8				false		false	true	jau4haak3	jyut6ping3.words.dict.yaml	single_corpus_signal	unreviewed	
1527	遊戲機	32.520854	8	0	false	0.000000	n	n:8	0.000000	jau4hei3gei1:8				false		false	true	jau4hei3gei1	jyut6ping3.words.dict.yaml	single_corpus_signal	unreviewed	
1528	達明	32.520854	8	0	false	0.000000	nr	nr:8	1.000000	daat6ming4:8				false		false	false			proper_name_signal|single_corpus_signal|rime_absent	unreviewed	
1529	鄉下	32.520854	8	0	false	0.000000	n	n:4|s:4	0.000000	hoeng1haa2:8				false		false	true	hoeng1haa2	jyut6ping3.words.dict.yaml	single_corpus_signal	unreviewed	
1530	開會	32.520854	8	0	false	0.000000	v	v:8	0.000000	hoi1wui2:8				true	1980	false	true	hoi1wui2	jyut6ping3.words.dict.yaml	single_corpus_signal	unreviewed	
1531	阿妹	32.520854	8	0	false	0.000000	n	n:8	0.000000	aa3mui2:8				false		false	true	aa3mui2	jyut6ping3.words.dict.yaml	single_corpus_signal	unreviewed	
1532	震	32.520854	8	0	false	0.000000	v	v:4|nr:4	0.500000	zan3:8				false		false	true	zan3	jyut6ping3.chars.dict.yaml	single_corpus_signal	unreviewed	
1533	非常之	32.520854	8	0	false	0.000000	d	d:7|n:1	0.000000	fei1soeng4zi1:8				false		false	true	fei1soeng4zi1	jyut6ping3.words.dict.yaml	single_corpus_signal	unreviewed	
1534	鮓	32.520854	8	0	false	0.000000	a	a:8	0.000000	zaa2:8				false		false	true	zaa2|zaa3	jyut6ping3.chars.dict.yaml	single_corpus_signal	unreviewed	
1535	鼎沸	32.520854	8	0	false	0.000000	a	a:8	0.000000	ding2fat6:4|ding2fai3:4				false		false	false			single_corpus_signal|rime_absent	unreviewed	
1536	龍吐珠	32.520854	8	0	false	0.000000	n	n:8	0.000000	lung4tou3zyu1:8				false		false	false			single_corpus_signal|rime_absent	unreviewed	
1538	十二點	31.748935	4	3	true	0.952528	t	t:4	0.000000	sap6ji6dim2:4	t	t:3	sap6ji6dim2:3	true	1640	true	false			known_invalid_atomic|rime_absent|numeric_measure_time_sequence|quantified_sequence	unreviewed	
1542	九怨樹	30.977015	0	6	false	0.000000			0.000000		t	t:3|x:1|v:1|ns:1	gau2jyun3syu6:6	false		false	false			single_corpus_signal|rime_absent|quantified_sequence	unreviewed	
1543	剔	30.977015	0	6	false	0.000000			0.000000		v	v:4|a:2	tik1:6	false		false	true	tai3|tik1	jyut6ping3.chars.dict.yaml	single_corpus_signal	unreviewed	
1544	勇	30.977015	0	6	false	0.000000			0.000000		n	n:3|v:1|x:1|nr:1	jung6:6	true	756	false	true	jung5	jyut6ping3.chars.dict.yaml	single_corpus_signal	unreviewed	
1545	勇要會堂	30.977015	0	6	false	0.000000			0.000000		n	n:5|nz:1	jung5jiu3wui6tong4:6	false		false	false			single_corpus_signal|rime_absent	unreviewed	
1546	北面	30.977015	0	6	false	0.000000			0.000000		n	n:4|ns:1|f:1	bak1min6:6	true	1144	false	true	bak1min6	jyut6ping3.words.dict.yaml	single_corpus_signal	unreviewed	
1547	受傷	30.977015	0	6	false	0.000000			0.000000		v	v:6	sau6soeng1:6	false		false	true	sau6soeng1	jyut6ping3.words.dict.yaml	single_corpus_signal	unreviewed	
1548	台蛇	30.977015	0	6	false	0.000000			0.000000		ns	ns:4|n:2	toi4se4:6	false		false	false			single_corpus_signal|rime_absent	unreviewed	
1549	山路	30.977015	0	6	false	0.000000			0.000000		v	v:2|n:2|nr:1|x:1	saan1lou6:6	true	637	false	true	saan1lou6	jyut6ping3.words.dict.yaml	single_corpus_signal	unreviewed	
1550	帳篷	30.977015	0	6	false	0.000000			0.000000		v	v:3|n:2|NZg:1	zoeng3pung4:6	false		false	true	zoeng3pung4	jyut6ping3.words.dict.yaml	single_corpus_signal	unreviewed	
1551	排煙筒	30.977015	0	6	false	0.000000			0.000000		v	v:4|n:2	paai4jin1tung2:6	false		false	false			single_corpus_signal|rime_absent	unreviewed	
1552	換言之	30.977015	0	6	false	0.000000			0.000000		d	d:4|c:1|v:1	wun6jin4zi1:6	false		false	true	wun6jin4zi1	jyut6ping3.words.dict.yaml	single_corpus_signal	unreviewed	
1553	斜線	30.977015	0	6	false	0.000000			0.000000		n	n:6	ce4sin3:6	false		false	true	ce3sin3	jyut6ping3.words.dict.yaml	single_corpus_signal	unreviewed	
1554	椰	30.977015	0	6	false	0.000000			0.000000		n	n:5|v:1	je4:6	true	1449	false	true	je4	jyut6ping3.chars.dict.yaml	single_corpus_signal	unreviewed	
1555	樹葉	30.977015	0	6	false	0.000000			0.000000		n	n:4|v:2	syu6jip6:6	false		false	true	syu6jip6	jyut6ping3.words.dict.yaml	single_corpus_signal	unreviewed	
1556	濫欣	30.977015	0	6	false	0.000000			0.000000		x	x:2|n:2|a:1|nx:1	laam5jan1:6	false		false	false			single_corpus_signal|rime_absent	unreviewed	
1557	盡頭	30.977015	0	6	false	0.000000			0.000000		n	n:6	zeon6tau4:6	false		false	true	zeon6tau4	jyut6ping3.words.dict.yaml	single_corpus_signal	unreviewed	
1558	立方體	30.977015	0	6	false	0.000000			0.000000		n	n:5|x:1	laap6fong1tai2:6	false		false	true	laap6fong1tai2	jyut6ping3.words.dict.yaml	single_corpus_signal	unreviewed	
1559	篤	30.977015	0	6	false	0.000000			0.000000		n	n:2|ns:1|a:1|Nsg:1|v:1	duk1:6	false		false	true	duk1	jyut6ping3.chars.dict.yaml	single_corpus_signal	unreviewed	
1560	組成	30.977015	0	6	false	0.000000			0.000000		m	m:3|v:2|Ng:1	zou2sing4:6	false		false	true	zou2sing4	jyut6ping3.words.dict.yaml	single_corpus_signal	unreviewed	
1561	網球場	30.977015	0	6	false	0.000000			0.000000		n	n:6	mong5kau4coeng4:6	false		false	false			single_corpus_signal|rime_absent	unreviewed	
1562	西北面	30.977015	0	6	false	0.000000			0.000000		f	f:4|n:2	sai1bak1min6:6	false		false	false			single_corpus_signal|rime_absent	unreviewed	
1563	談	30.977015	0	6	false	0.000000			0.000000		v	v:2|n:2|x:1|vn:1	taam4:6	true	1096	false	true	taam4	jyut6ping3.chars.dict.yaml	single_corpus_signal	unreviewed	
1564	釘	30.977015	0	6	false	0.000000			0.000000		n	n:6	deng1:6	false		false	true	deng1|ding1	jyut6ping3.chars.dict.yaml	single_corpus_signal	unreviewed	
1565	頂部	30.977015	0	6	false	0.000000			0.000000		d	d:4|a:1|Ng:1	deng2bou6:6	false		false	false			single_corpus_signal|rime_absent	unreviewed	
1574	十一點	29.879286	1	5	true	0.157476	t	t:1	0.000000	sap6jat1dim2:1	t	t:5	sap6jat1dim2:5	true	1868	true	false			known_invalid_atomic|rime_absent|numeric_measure_time_sequence|quantified_sequence	unreviewed	
1575	十點鐘	29.879286	1	5	true	0.157476	t	t:1	0.000000	sap6dim2zung1:1	t	t:5	sap6dim2zung1:5	false		false	false			rime_absent|numeric_measure_time_sequence|quantified_sequence	unreviewed	
1581	六點	29.553476	6	1	true	0.211673	t	t:6	0.000000	luk6dim2:6	t	t:1	luk6dim2:1	false		false	false			rime_absent|numeric_measure_time_sequence|quantified_sequence	unreviewed	
1590	一點	28.781557	2	4	true	0.393689	t	t:2	0.000000	jat1dim2:2	t	t:4	jat1dim2:4	true	1334	false	true	jat1dim2	jyut6ping3.words.dict.yaml	numeric_measure_time_sequence|quantified_sequence	unreviewed	
1598	下次	28.455747	7	0	false	0.000000	t	t:7	0.000000	haa6ci3:7				false		false	true	haa6ci3	jyut6ping3.words.dict.yaml	single_corpus_signal	unreviewed	
1599	五月	28.455747	7	0	false	0.000000	t	t:7	0.000000	ng5jyut6:7				true	1873	false	true	ng5jyut6	jyut6ping3.words.dict.yaml	single_corpus_signal|numeric_measure_time_sequence|quantified_sequence	unreviewed	
1600	五點	28.455747	7	0	false	0.000000	t	t:7	0.000000	ng5dim2:7				true	1478	true	false			known_invalid_atomic|single_corpus_signal|rime_absent|numeric_measure_time_sequence|quantified_sequence	unreviewed	
1601	些少	28.455747	7	0	false	0.000000	m	m:7	0.000000	se1siu2:7				false		false	true	se1siu2	jyut6ping3.words.dict.yaml	single_corpus_signal	unreviewed	
1602	似乎	28.455747	7	0	false	0.000000	v	v:7	0.000000	ci5fu4:7				true	1350	false	true	ci5fu4	jyut6ping3.words.dict.yaml	single_corpus_signal	unreviewed	
1603	停車場	28.455747	7	0	false	0.000000	n	n:7	0.000000	ting4ce1coeng4:7				false		false	true	ting4ce1coeng4	jyut6ping3.words.dict.yaml	single_corpus_signal	unreviewed	
1604	兔	28.455747	7	0	false	0.000000	n	n:7	0.000000	tou3:7				false		false	true	tou3	jyut6ping3.chars.dict.yaml	single_corpus_signal	unreviewed	
1605	八千	28.455747	7	0	false	0.000000	m	m:7	0.000000	baat3cin1:7				false		false	false			single_corpus_signal|rime_absent|quantified_sequence	unreviewed	
1606	八萬	28.455747	7	0	false	0.000000	m	m:7	0.000000	baat3maan6:7				false		false	false			single_corpus_signal|rime_absent|quantified_sequence	unreviewed	
1607	冇事	28.455747	7	0	false	0.000000	v	v:6|z:1	0.000000	mou5si6:7				true	1071	false	true	mou5si6	jyut6ping3.words.dict.yaml	single_corpus_signal|negated_sequence	unreviewed	
1608	冚唪唥	28.455747	7	0	false	0.000000	m	m:5|a:1|d:1	0.000000	ham6baang6laang6:7				false		false	true	ham6baang6laang6	jyut6ping3.words.dict.yaml	single_corpus_signal	unreviewed	
1609	刨	28.455747	7	0	false	0.000000	v	v:7	0.000000	paau4:7				false		false	true	paau4	jyut6ping3.chars.dict.yaml	single_corpus_signal	unreviewed	
1610	前嗰排	28.455747	7	0	false	0.000000	t	t:5|r:2	0.000000	cin4go2paai4:7				false		false	true	cin4go2paai2	jyut6ping3.words.dict.yaml	single_corpus_signal	unreviewed	
1611	加拿大	28.455747	7	0	false	0.000000	ns	ns:7	1.000000	gaa1naa4daai6:7				false		false	true	gaa1naa4daai6	jyut6ping3.words.dict.yaml	proper_name_signal|single_corpus_signal	unreviewed	
1612	卡啦OK	28.455747	7	0	false	0.000000	n	n:7	0.000000					false		false	false			single_corpus_signal|rime_absent	unreviewed	
1613	卷	28.455747	7	0	false	0.000000	n	n:7	0.000000	gyun2:7				false		false	true	gyun2|gyun3|kyun4	jyut6ping3.chars.dict.yaml	single_corpus_signal	unreviewed	
1614	只不過	28.455747	7	0	false	0.000000	d	d:7	0.000000	zi2bat1gwo3:7				true	803	false	true	zi2bat1gwo3	jyut6ping3.words.dict.yaml	single_corpus_signal|aspect_result_sequence	unreviewed	
1615	周	28.455747	7	0	false	0.000000	nr	nr:7	1.000000	zau1:7				false		false	true	zau1	jyut6ping3.chars.dict.yaml	proper_name_signal|single_corpus_signal	unreviewed	
1616	商業	28.455747	7	0	false	0.000000	n	n:7	0.000000	soeng1jip6:7				true	1693	false	true	soeng1jip6	jyut6ping3.words.dict.yaml	single_corpus_signal	unreviewed	
1617	喪失	28.455747	7	0	false	0.000000	v	v:7	0.000000	song3sat1:7				false		false	true	song3sat1	jyut6ping3.words.dict.yaml	single_corpus_signal	unreviewed	
1618	壓力	28.455747	7	0	false	0.000000	n	n:7	0.000000	aat3lik6:7				true	931	false	true	aat3lik6	jyut6ping3.words.dict.yaml	single_corpus_signal	unreviewed	
1619	壯士	28.455747	7	0	false	0.000000	n	n:7	0.000000	zong3si6:7				false		false	true	zong3si6	jyut6ping3.words.dict.yaml	single_corpus_signal	unreviewed	
1620	大部份	28.455747	7	0	false	0.000000	m	m:6|a:1	0.000000	daai6bou6fan6:7				true	1037	false	true	daai6bou6fan6	jyut6ping3.words.dict.yaml	single_corpus_signal	unreviewed	
1621	大隻	28.455747	7	0	false	0.000000	a	a:7	0.000000	daai6zek3:7				true	1476	false	true	daai6zek3	jyut6ping3.words.dict.yaml	single_corpus_signal	unreviewed	
1622	好味	28.455747	7	0	false	0.000000	a	a:7	0.000000	hou2mei6:7				true	1902	false	true	hou2mei6	jyut6ping3.words.dict.yaml	single_corpus_signal|degree_sequence	unreviewed	
1623	好飲	28.455747	7	0	false	0.000000	a	a:7	0.000000	hou2jam2:7				false		false	true	hou2jam2	jyut6ping3.words.dict.yaml	single_corpus_signal|degree_sequence	unreviewed	
1624	姊妹	28.455747	7	0	false	0.000000	n	n:7	0.000000	zi2mui2:6|zi2mui6:1				true	1929	false	true	zi2mui2|zi2mui6	jyut6ping3.words.dict.yaml	single_corpus_signal	unreviewed	
1625	家長	28.455747	7	0	false	0.000000	n	n:7	0.000000	gaa1zoeng2:7				false		false	true	gaa1zoeng2	jyut6ping3.words.dict.yaml	single_corpus_signal	unreviewed	
1626	寸	28.455747	7	0	false	0.000000	a	a:4|q:2|v:1	0.000000	cyun3:7				false		false	true	cyun3	jyut6ping3.chars.dict.yaml	single_corpus_signal	unreviewed	
1627	專業	28.455747	7	0	false	0.000000	a	a:4|n:2|an:1	0.000000	zyun1jip6:7				true	1961	false	true	zyun1jip6	jyut6ping3.words.dict.yaml	single_corpus_signal	unreviewed	
1628	市	28.455747	7	0	false	0.000000	n	n:6|Ng:1	0.000000	si5:7				true	972	false	true	si5	jyut6ping3.chars.dict.yaml	single_corpus_signal	unreviewed	
1629	幫襯	28.455747	7	0	false	0.000000	v	v:7	0.000000	bong1can3:7				false		false	true	bong1can3	jyut6ping3.words.dict.yaml	single_corpus_signal	unreviewed	
1630	廿五	28.455747	7	0	false	0.000000	m	m:7	0.000000	jaa6ng5:7				false		false	false			single_corpus_signal|rime_absent	unreviewed	
1631	徐	28.455747	7	0	false	0.000000	nr	nr:7	1.000000	ceoi4:7				false		false	true	ceoi4	jyut6ping3.chars.dict.yaml	proper_name_signal|single_corpus_signal	unreviewed	
1632	心理	28.455747	7	0	false	0.000000	n	n:7	0.000000	sam1lei5:7				true	1480	false	true	sam1lei5	jyut6ping3.words.dict.yaml	single_corpus_signal	unreviewed	
1633	怕	28.455747	7	0	false	0.000000	v	v:7	0.000000	paa3:7				true	1156	false	true	paa3	jyut6ping3.chars.dict.yaml	single_corpus_signal	unreviewed	
1634	意見	28.455747	7	0	false	0.000000	n	n:7	0.000000	ji3gin3:7				true	664	false	true	ji3gin3	jyut6ping3.words.dict.yaml	single_corpus_signal	unreviewed	
1635	拖	28.455747	7	0	false	0.000000	v	v:7	0.000000	to1:7				true	1005	false	true	to1	jyut6ping3.chars.dict.yaml	single_corpus_signal	unreviewed	
1636	捧	28.455747	7	0	false	0.000000	v	v:7	0.000000	pung2:7				false		false	true	bung2|fung2|pung2	jyut6ping3.chars.dict.yaml	single_corpus_signal	unreviewed	
1637	搭車	28.455747	7	0	false	0.000000	v	v:6|vn:1	0.000000	daap3ce1:7				false		false	true	daap3ce1	jyut6ping3.words.dict.yaml	single_corpus_signal	unreviewed	
1638	放棄	28.455747	7	0	false	0.000000	v	v:7	0.000000	fong3hei3:7				true	755	false	true	fong3hei3	jyut6ping3.words.dict.yaml	single_corpus_signal	unreviewed	
1639	數字	28.455747	7	0	false	0.000000	n	n:7	0.000000	sou3zi6:7				true	1629	false	true	sou3zi6	jyut6ping3.words.dict.yaml	single_corpus_signal	unreviewed	
1640	新年	28.455747	7	0	false	0.000000	t	t:7	0.000000	san1nin4:7				false		false	true	san1nin4	jyut6ping3.words.dict.yaml	single_corpus_signal	unreviewed	
1641	於是	28.455747	7	0	false	0.000000	c	c:7	0.000000	jyu1si6:7				true	1085	false	true	jyu1si6	jyut6ping3.words.dict.yaml	single_corpus_signal	unreviewed	
1642	日文	28.455747	7	0	false	0.000000	nz	nz:7	1.000000	jat6man2:7				false		false	true	jat6man2	jyut6ping3.words.dict.yaml	proper_name_signal|single_corpus_signal	unreviewed	
1643	星期三	28.455747	7	0	false	0.000000	t	t:7	0.000000	sing1kei4saam1:7				false		false	true	sing1kei4saam1	jyut6ping3.words.dict.yaml	single_corpus_signal	unreviewed	
1644	星期六	28.455747	7	0	false	0.000000	t	t:7	0.000000	sing1kei4luk6:7				false		false	true	sing1kei4luk6	jyut6ping3.words.dict.yaml	single_corpus_signal	unreviewed	
1645	晏晝	28.455747	7	0	false	0.000000	t	t:6|n:1	0.000000	aan3zau3:7				true	1791	false	true	aan3zau3	jyut6ping3.words.dict.yaml	single_corpus_signal	unreviewed	
1646	曬	28.455747	7	0	false	0.000000	v	v:7	0.000000	saai3:7				true	1472	false	true	saai3	jyut6ping3.chars.dict.yaml	single_corpus_signal	unreviewed	
1647	曼聯	28.455747	7	0	false	0.000000	nt	nt:7	1.000000	maan6lyun4:7				false		false	true	maan6lyun4	jyut6ping3.words.dict.yaml	proper_name_signal|single_corpus_signal	unreviewed	
1648	有關	28.455747	7	0	false	0.000000	v	v:7	0.000000	jau5gwaan1:7				true	1488	false	true	jau5gwaan1	jyut6ping3.words.dict.yaml	single_corpus_signal	unreviewed	
1649	梳打粉	28.455747	7	0	false	0.000000	n	n:7	0.000000	so1daa2fan2:7				false		false	false			single_corpus_signal|rime_absent	unreviewed	
1650	殺	28.455747	7	0	false	0.000000	v	v:7	0.000000	saat3:7				true	1369	false	true	saai3|saat3	jyut6ping3.chars.dict.yaml	single_corpus_signal	unreviewed	
1651	污糟	28.455747	7	0	false	0.000000	a	a:7	0.000000	wu1zou1:7				false		false	true	wu1zou1	jyut6ping3.words.dict.yaml	single_corpus_signal	unreviewed	
1652	澳門	28.455747	7	0	false	0.000000	ns	ns:7	1.000000	ou3mun2:7				true	1722	false	true	ou3mun2|ou3mun4	jyut6ping3.words.dict.yaml	proper_name_signal|single_corpus_signal	unreviewed	
1653	煲	28.455747	7	0	false	0.000000	v	v:7	0.000000	bou1:7				false		false	true	bou1	jyut6ping3.chars.dict.yaml	single_corpus_signal	unreviewed	
1654	牌費	28.455747	7	0	false	0.000000	n	n:7	0.000000	paai4fai3:7				false		false	true	paai4fai3	jyut6ping3.words.dict.yaml	single_corpus_signal	unreviewed	
1655	牙醫	28.455747	7	0	false	0.000000	n	n:7	0.000000	ngaa4ji1:7				false		false	true	ngaa4ji1	jyut6ping3.words.dict.yaml	single_corpus_signal	unreviewed	
1656	牛油	28.455747	7	0	false	0.000000	n	n:7	0.000000	ngau4jau4:7				false		false	true	ngau4jau4	jyut6ping3.words.dict.yaml	single_corpus_signal	unreviewed	
1657	犯法	28.455747	7	0	false	0.000000	v	v:7	0.000000	faan6faat3:7				false		false	true	faan6faat3	jyut6ping3.words.dict.yaml	single_corpus_signal	unreviewed	
1658	發達	28.455747	7	0	false	0.000000	v	v:5|a:2	0.000000	faat3daat6:7				true	1977	false	true	faat3daat6	jyut6ping3.words.dict.yaml	single_corpus_signal	unreviewed	
1659	的確	28.455747	7	0	false	0.000000	d	d:7	0.000000	dik1kok3:7				false		false	true	dik1kok3	jyut6ping3.words.dict.yaml	single_corpus_signal	unreviewed	
1660	瞓覺	28.455747	7	0	false	0.000000	v	v:7	0.000000	fan3gaau3:7				false		false	true	fan3gaau3	jyut6ping3.words.dict.yaml	single_corpus_signal	unreviewed	
1661	秘書	28.455747	7	0	false	0.000000	n	n:7	0.000000	bei3syu1:7				true	1594	false	false			single_corpus_signal|rime_absent	unreviewed	
1662	索償	28.455747	7	0	false	0.000000	v	v:7	0.000000	sok3soeng4:7				false		false	true	sok3soeng4	jyut6ping3.words.dict.yaml	single_corpus_signal	unreviewed	
1663	考官	28.455747	7	0	false	0.000000	n	n:7	0.000000	haau2gun1:7				false		false	true	haau2gun1	jyut6ping3.words.dict.yaml	single_corpus_signal	unreviewed	
1664	肥仔	28.455747	7	0	false	0.000000	n	n:7	0.000000	fei4zai2:7				false		false	true	fei4zai2	jyut6ping3.words.dict.yaml	single_corpus_signal	unreviewed	
1665	舊時	28.455747	7	0	false	0.000000	t	t:6|a:1	0.000000	gau6si4:7				false		false	true	gau6si2|gau6si4	jyut6ping3.words.dict.yaml	single_corpus_signal	unreviewed	
1666	茶	28.455747	7	0	false	0.000000	n	n:7	0.000000	caa4:7				true	1597	false	true	caa4	jyut6ping3.chars.dict.yaml	single_corpus_signal	unreviewed	
1667	荔景	28.455747	7	0	false	0.000000	ns	ns:7	1.000000	lai6ging2:7				false		false	true	lai6ging2	jyut6ping3.words.dict.yaml	proper_name_signal|single_corpus_signal	unreviewed	
1668	蝕	28.455747	7	0	false	0.000000	v	v:7	0.000000	sit6:7				false		false	true	sik6|sit6	jyut6ping3.chars.dict.yaml	single_corpus_signal	unreviewed	
1669	融	28.455747	7	0	false	0.000000	nr	nr:7	1.000000	jung4:7				false		false	true	jung4	jyut6ping3.chars.dict.yaml	proper_name_signal|single_corpus_signal	unreviewed	
1670	表現	28.455747	7	0	false	0.000000	v	v:6|vn:1	0.000000	biu2jin6:7				true	1784	false	true	biu2jin6	jyut6ping3.words.dict.yaml	single_corpus_signal	unreviewed	
1671	觀眾	28.455747	7	0	false	0.000000	n	n:7	0.000000	gun1zung3:7				false		false	false			single_corpus_signal|rime_absent	unreviewed	
1672	變態	28.455747	7	0	false	0.000000	a	a:5|v:2	0.000000	bin3taai3:7				false		false	true	bin3taai3	jyut6ping3.words.dict.yaml	single_corpus_signal	unreviewed	
1673	透過	28.455747	7	0	false	0.000000	v	v:7	0.000000	tau3gwo3:7				true	922	false	true	tau3gwo3	jyut6ping3.words.dict.yaml	single_corpus_signal|aspect_result_sequence	unreviewed	
1674	道	28.455747	7	0	false	0.000000	q	q:6|Ng:1	0.000000	dou6:7				true	1208	false	true	dou3|dou6	jyut6ping3.chars.dict.yaml	single_corpus_signal	unreviewed	
1675	邪	28.455747	7	0	false	0.000000	a	a:7	0.000000	ce4:7				true	1773	false	true	ce4|je4	jyut6ping3.chars.dict.yaml	single_corpus_signal	unreviewed	
1676	醫院	28.455747	7	0	false	0.000000	n	n:7	0.000000	ji1jyun2:7				true	1537	false	true	ji1jyun2	jyut6ping3.words.dict.yaml	single_corpus_signal	unreviewed	
1677	鐘意	28.455747	7	0	false	0.000000	v	v:7	0.000000	zung1ji3:7				true	1272	false	false			single_corpus_signal|rime_absent	unreviewed	
1678	雞	28.455747	7	0	false	0.000000	n	n:7	0.000000	gai1:7				true	1270	false	true	gai1	jyut6ping3.chars.dict.yaml	single_corpus_signal	unreviewed	
1679	電	28.455747	7	0	false	0.000000	n	n:4|v:2|Ng:1	0.000000	din6:7				false		false	true	din6	jyut6ping3.chars.dict.yaml	single_corpus_signal	unreviewed	
1680	韓國	28.455747	7	0	false	0.000000	ns	ns:7	1.000000	hon4gwok3:7				false		false	true	hon4gwok3	jyut6ping3.words.dict.yaml	proper_name_signal|single_corpus_signal	unreviewed	
1681	題	28.455747	7	0	false	0.000000	q	q:6|n:1	0.000000	tai4:7				false		false	true	tai4	jyut6ping3.chars.dict.yaml	single_corpus_signal	unreviewed	
1682	類型	28.455747	7	0	false	0.000000	n	n:7	0.000000	leoi6jing4:7				false		false	true	leoi6jing4	jyut6ping3.words.dict.yaml	single_corpus_signal	unreviewed	
1683	風氣	28.455747	7	0	false	0.000000	n	n:7	0.000000	fung1hei3:7				false		false	true	fung1hei3	jyut6ping3.words.dict.yaml	single_corpus_signal	unreviewed	
1684	飲茶	28.455747	7	0	false	0.000000	v	v:7	0.000000	jam2caa4:7				false		false	true	jam2caa4	jyut6ping3.words.dict.yaml	single_corpus_signal	unreviewed	
1685	餐廳	28.455747	7	0	false	0.000000	n	n:7	0.000000	caan1teng1:7				false		false	true	caan1teng1	jyut6ping3.words.dict.yaml	single_corpus_signal	unreviewed	
1686	香港人	28.455747	7	0	false	0.000000	nz	nz:7	1.000000	hoeng1gong2jan4:7				false		false	true	hoeng1gong2jan4	jyut6ping3.words.dict.yaml	proper_name_signal|single_corpus_signal	unreviewed	
1687	鬧	28.455747	7	0	false	0.000000	v	v:7	0.000000	naau6:7				true	1329	false	true	naau6	jyut6ping3.chars.dict.yaml	single_corpus_signal	unreviewed	
1688	鴨	28.455747	7	0	false	0.000000	n	n:7	0.000000	aap2:6|ngaap3:1				false		false	true	aap2|aap3	jyut6ping3.chars.dict.yaml	single_corpus_signal	unreviewed	
1689	龍珠	28.455747	7	0	false	0.000000	nz	nz:4|nt:3	1.000000	lung4zyu1:7				false		false	false			proper_name_signal|single_corpus_signal|rime_absent	unreviewed	
1694	記住	27.683828	3	3	true	0.787379	v	v:3	0.000000	gei3zyu6:3	v	v:3	gei3zyu6:3	true	1247	false	true	gei3zyu6	jyut6ping3.words.dict.yaml	aspect_result_sequence	unreviewed	
1706	三角	25.814179	0	5	false	0.000000			0.000000		n	n:5	saam1gok3:5	false		false	true	saam1gok3	jyut6ping3.words.dict.yaml	single_corpus_signal|quantified_sequence	unreviewed	
1707	上半	25.814179	0	5	false	0.000000			0.000000		m	m:2|t:2|ns:1	soeng6bun3:5	false		false	true	soeng6bun3	jyut6ping3.words.dict.yaml	single_corpus_signal	unreviewed	
1708	不規則	25.814179	0	5	false	0.000000			0.000000		v	v:2|n:2|d:1	bat1kwai1zak1:5	false		false	false			single_corpus_signal|rime_absent	unreviewed	
1709	凸	25.814179	0	5	false	0.000000			0.000000		a	a:2|n:1|v:1|d:1	dat6:5	false		false	true	dat6|gu2	jyut6ping3.chars.dict.yaml	single_corpus_signal	unreviewed	
1710	右上	25.814179	0	5	false	0.000000			0.000000		d	d:3|f:2	jau6soeng6:5	true	592	true	false			known_invalid_atomic|single_corpus_signal|rime_absent	unreviewed	
1711	向下	25.814179	0	5	false	0.000000			0.000000		q	q:2|f:1|Nsg:1|x:1	hoeng3haa6:5	false		false	false			single_corpus_signal|rime_absent	unreviewed	
1712	善	25.814179	0	5	false	0.000000			0.000000		x	x:2|Ig:1|n:1|f:1	sin6:5	true	204	false	true	sin6	jyut6ping3.chars.dict.yaml	single_corpus_signal	unreviewed	
1713	圓拱	25.814179	0	5	false	0.000000			0.000000		n	n:4|v:1	jun4gung2:5	false		false	false			single_corpus_signal|rime_absent	unreviewed	
1714	堡壘	25.814179	0	5	false	0.000000			0.000000		v	v:4|n:1	bou2leoi5:5	false		false	true	bou2leoi5	jyut6ping3.words.dict.yaml	single_corpus_signal	unreviewed	
1715	尖尖	25.814179	0	5	false	0.000000			0.000000		n	n:3|ns:2	zim1zim1:5	false		false	false			single_corpus_signal|rime_absent	unreviewed	
1716	尖端	25.814179	0	5	false	0.000000			0.000000		n	n:3|d:1|Ng:1	zim1dyun1:5	false		false	true	zim1dyun1	jyut6ping3.words.dict.yaml	single_corpus_signal	unreviewed	
1717	尚	25.814179	0	5	false	0.000000			0.000000		n	n:2|ns:2|v:1	soeng6:5	true	1084	false	true	soeng6	jyut6ping3.chars.dict.yaml	single_corpus_signal	unreviewed	
1718	幻想	25.814179	0	5	false	0.000000			0.000000		v	v:5	waan6soeng2:5	false		false	true	waan6soeng2	jyut6ping3.words.dict.yaml	single_corpus_signal	unreviewed	
1719	廟	25.814179	0	5	false	0.000000			0.000000		n	n:4|Ng:1	miu6:5	true	238	false	true	miu2|miu6	jyut6ping3.chars.dict.yaml	single_corpus_signal	unreviewed	
1720	形成	25.814179	0	5	false	0.000000			0.000000		v	v:5	jing4sing4:5	false		false	true	jing4sing4	jyut6ping3.words.dict.yaml	single_corpus_signal	unreviewed	
1721	微微	25.814179	0	5	false	0.000000			0.000000		n	n:3|a:1|x:1	mei4mei4:5	false		false	true	mei4mei4	jyut6ping3.words.dict.yaml	single_corpus_signal	unreviewed	
1722	怨	25.814179	0	5	false	0.000000			0.000000		n	n:4|Ng:1	jun3:5	true	440	false	true	jyun3	jyut6ping3.chars.dict.yaml	single_corpus_signal	unreviewed	
1723	描述	25.814179	0	5	false	0.000000			0.000000		v	v:5	miu4seot6:5	false		false	true	miu4seot6	jyut6ping3.words.dict.yaml	single_corpus_signal	unreviewed	
1724	擁腰沙	25.814179	0	5	false	0.000000			0.000000		n	n:3|d:1|v:1	jung2jiu1saa1:5	false		false	false			single_corpus_signal|rime_absent	unreviewed	
1725	擰夏店	25.814179	0	5	false	0.000000			0.000000		n	n:3|v:2	ning2haa6dim3:5	false		false	false			single_corpus_signal|rime_absent	unreviewed	
1726	暖燕	25.814179	0	5	false	0.000000			0.000000		v	v:2|n:2|d:1	lyun5jin3:5	false		false	false			single_corpus_signal|rime_absent	unreviewed	
1727	梯形	25.814179	0	5	false	0.000000			0.000000		n	n:5	tai1jing4:5	false		false	true	tai1jing4	jyut6ping3.words.dict.yaml	single_corpus_signal	unreviewed	
1728	濫印	25.814179	0	5	false	0.000000			0.000000		v	v:4|n:1	laam5jan3:5	false		false	false			single_corpus_signal|rime_absent	unreviewed	
1729	煙火	25.814179	0	5	false	0.000000			0.000000		v	v:3|n:2	jin1fo2:5	false		false	false			single_corpus_signal|rime_absent	unreviewed	
1730	礦	25.814179	0	5	false	0.000000			0.000000		n	n:5	kwong3:5	true	765	false	true	gwong3|kong3|kwong3	jyut6ping3.chars.dict.yaml	single_corpus_signal	unreviewed	
1731	航	25.814179	0	5	false	0.000000			0.000000		n	n:2|v:2|a:1	hong4:5	true	1119	false	true	hong4	jyut6ping3.chars.dict.yaml	single_corpus_signal	unreviewed	
1732	轉角	25.814179	0	5	false	0.000000			0.000000		n	n:4|v:1	zyun3gok3:5	false		false	true	zyun3gok3	jyut6ping3.words.dict.yaml	single_corpus_signal	unreviewed	
1733	連接	25.814179	0	5	false	0.000000			0.000000		v	v:3|n:2	lin4zip3:5	false		false	true	lin4zip3	jyut6ping3.words.dict.yaml	single_corpus_signal	unreviewed	
1734	韻𡃁	25.814179	0	5	false	0.000000			0.000000		n	n:2|q:1|d:1|v:1	wan5leng1:5	false		false	false			single_corpus_signal|rime_absent	unreviewed	
1735	頂端	25.814179	0	5	false	0.000000			0.000000		n	n:2|a:1|Ng:1|d:1	ding2dyun1:5	false		false	true	ding2dyun1	jyut6ping3.words.dict.yaml	single_corpus_signal	unreviewed	
1736	點鐘	25.814179	0	5	false	0.000000			0.000000		q	q:3|r:2	dim2zung1:5	true	227	false	true	dim2zung1	jyut6ping3.words.dict.yaml	single_corpus_signal	unreviewed	
1737	𤗈	25.814179	0	5	false	0.000000			0.000000		vu	vu:1|u:1|v:1|n:1|y1:1	sip3:5	false		false	true	sip3	jyut6ping3.chars.dict.yaml	single_corpus_signal	unreviewed	
1739	何	25.488370	5	1	true	0.254007	nr	nr:5	1.000000	ho4:5	nr	nr:1	ho4:1	true	1412	false	true	ho4|ho6	jyut6ping3.chars.dict.yaml	proper_name_signal	unreviewed	
1742	兩點	25.488370	5	1	true	0.254007	t	t:5	0.000000	loeng5dim2:5	q	q:1	loeng5dim2:1	true	1775	true	false			known_invalid_atomic|rime_absent|numeric_measure_time_sequence|quantified_sequence	unreviewed	
1743	冇所謂	25.488370	5	1	true	0.254007	v	v:4|l1:1	0.000000	mou5so2wai6:5	v	v:1	mou5so2wai6:1	true	1342	false	true	mou5so2wai6	jyut6ping3.words.dict.yaml	negated_sequence	unreviewed	
1752	行為	25.488370	5	1	true	0.254007	n	n:5	0.000000	hang4wai4:5	n	n:1	hang6wai4:1	true	770	false	false			rime_absent	unreviewed	
1755	三萬	24.390640	6	0	false	0.000000	m	m:6	0.000000	saam1maan6:6				false		false	false			single_corpus_signal|rime_absent|quantified_sequence	unreviewed	
1756	不停	24.390640	6	0	false	0.000000	v	v:5|d:1	0.000000	bat1ting4:6				false		false	true	bat1ting4	jyut6ping3.words.dict.yaml	single_corpus_signal	unreviewed	
1757	世界	24.390640	6	0	false	0.000000	n	n:6	0.000000	sai3gaai3:6				true	591	false	true	sai3gaai3	jyut6ping3.words.dict.yaml	single_corpus_signal	unreviewed	
1758	中層	24.390640	6	0	false	0.000000	n	n:4|b:2	0.000000	zung1cang4:6				false		false	false			single_corpus_signal|rime_absent	unreviewed	
1759	九七	24.390640	6	0	false	0.000000	t	t:6	0.000000	gau2cat1:6				false		false	true	gau2cat1	jyut6ping3.words.dict.yaml	single_corpus_signal|quantified_sequence	unreviewed	
1760	九龍	24.390640	6	0	false	0.000000	ns	ns:6	1.000000	gau2lung4:6				false		false	true	gau2lung4	jyut6ping3.words.dict.yaml	proper_name_signal|single_corpus_signal|quantified_sequence	unreviewed	
1761	五十	24.390640	6	0	false	0.000000	m	m:6	0.000000	ng5sap6:6				false		false	false			single_corpus_signal|rime_absent|quantified_sequence	unreviewed	
1762	人手	24.390640	6	0	false	0.000000	n	n:6	0.000000	jan4sau2:6				false		false	true	jan4sau2	jyut6ping3.words.dict.yaml	single_corpus_signal	unreviewed	
1763	任	24.390640	6	0	false	0.000000	v	v:5|nr:1	0.166667	jam6:6				true	1287	false	true	jam4|jam6	jyut6ping3.chars.dict.yaml	single_corpus_signal	unreviewed	
1764	作文	24.390640	6	0	false	0.000000	v	v:6	0.000000	zok3man2:6				false		false	true	zok3man2|zok3man4	jyut6ping3.words.dict.yaml	single_corpus_signal	unreviewed	
1765	傳	24.390640	6	0	false	0.000000	v	v:5|Ng:1	0.000000	cyun4:6				true	1981	false	true	cyun4|zyun2|zyun3|zyun6	jyut6ping3.chars.dict.yaml	single_corpus_signal	unreviewed	
1766	傳媒	24.390640	6	0	false	0.000000	n	n:6	0.000000	cyun4mui4:6				true	1982	false	true	cyun4mui4	jyut6ping3.words.dict.yaml	single_corpus_signal	unreviewed	
1767	傷殘	24.390640	6	0	false	0.000000	a	a:6	0.000000	soeng1caan4:6				false		false	true	soeng1caan4	jyut6ping3.words.dict.yaml	single_corpus_signal	unreviewed	
1768	冇用	24.390640	6	0	false	0.000000	a	a:6	0.000000	mou5jung6:6				true	1398	false	true	mou5jung6	jyut6ping3.words.dict.yaml	single_corpus_signal|negated_sequence	unreviewed	
1769	冊	24.390640	6	0	false	0.000000	q	q:6	0.000000	caak3:6				false		false	true	caak3	jyut6ping3.chars.dict.yaml	single_corpus_signal	unreviewed	
1770	出名	24.390640	6	0	false	0.000000	a	a:6	0.000000	ceot1meng2:6				false		false	true	ceot1meng2	jyut6ping3.words.dict.yaml	single_corpus_signal	unreviewed	
1771	副	24.390640	6	0	false	0.000000	b	b:5|q:1	0.000000	fu3:6				true	1959	false	true	fu3|pik1	jyut6ping3.chars.dict.yaml	single_corpus_signal	unreviewed	
1772	力	24.390640	6	0	false	0.000000	n	n:6	0.000000	lik6:6				true	1070	false	true	lik6	jyut6ping3.chars.dict.yaml	single_corpus_signal	unreviewed	
1773	區	24.390640	6	0	false	0.000000	n	n:6	0.000000	keoi1:6				true	1365	false	true	au1|keoi1	jyut6ping3.chars.dict.yaml	single_corpus_signal	unreviewed	
1774	千祈	24.390640	6	0	false	0.000000	d	d:6	0.000000	cin1kei4:6				true	1737	false	true	cin1kei4	jyut6ping3.words.dict.yaml	single_corpus_signal	unreviewed	
1775	印尼	24.390640	6	0	false	0.000000	ns	ns:6	1.000000	jan3nei4:6				false		false	true	jan3nei4	jyut6ping3.words.dict.yaml	proper_name_signal|single_corpus_signal	unreviewed	
1776	危機	24.390640	6	0	false	0.000000	n	n:6	0.000000	ngai4gei1:6				false		false	true	ngai4gei1	jyut6ping3.words.dict.yaml	single_corpus_signal	unreviewed	
1777	參加	24.390640	6	0	false	0.000000	v	v:6	0.000000	caam1gaa1:6				false		false	true	caam1gaa1	jyut6ping3.words.dict.yaml	single_corpus_signal	unreviewed	
1778	友	24.390640	6	0	false	0.000000	n	n:6	0.000000	jau2:6				false		false	true	jau2|jau5	jyut6ping3.chars.dict.yaml	single_corpus_signal	unreviewed	
1779	可憐	24.390640	6	0	false	0.000000	a	a:6	0.000000	ho2lin4:6				true	1888	false	true	ho2lin4	jyut6ping3.words.dict.yaml	single_corpus_signal	unreviewed	
1780	唔錯	24.390640	6	0	false	0.000000	a	a:6	0.000000	m4co3:6				true	1592	false	true	m4co3	jyut6ping3.words.dict.yaml	single_corpus_signal|negated_sequence	unreviewed	
1781	單	24.390640	6	0	false	0.000000	n	n:3|q:2|Ng:1	0.000000	daan1:6				true	1124	false	true	daan1|sim4|sin4|sin6	jyut6ping3.chars.dict.yaml	single_corpus_signal	unreviewed	
1782	單位	24.390640	6	0	false	0.000000	n	n:6	0.000000	daan1wai2:6				true	1973	false	true	daan1wai2|daan1wai6	jyut6ping3.words.dict.yaml	single_corpus_signal	unreviewed	
1783	嘗試	24.390640	6	0	false	0.000000	v	v:5|vn:1	0.000000	soeng4si3:6				true	1623	false	true	soeng4si3	jyut6ping3.words.dict.yaml	single_corpus_signal	unreviewed	
1784	嚴重	24.390640	6	0	false	0.000000	a	a:6	0.000000	jim4zung6:6				true	1859	false	true	jim4zung6	jyut6ping3.words.dict.yaml	single_corpus_signal	unreviewed	
1785	四千	24.390640	6	0	false	0.000000	m	m:6	0.000000	sei3cin1:6				false		false	false			single_corpus_signal|rime_absent|quantified_sequence	unreviewed	
1786	四萬	24.390640	6	0	false	0.000000	m	m:6	0.000000	sei3maan6:6				false		false	false			single_corpus_signal|rime_absent|quantified_sequence	unreviewed	
1787	基督徒	24.390640	6	0	false	0.000000	n	n:6	0.000000	gei1duk1tou4:6				false		false	true	gei1duk1tou4	jyut6ping3.words.dict.yaml	single_corpus_signal	unreviewed	
1788	夏天	24.390640	6	0	false	0.000000	t	t:6	0.000000	haa6tin1:6				false		false	true	haa6tin1	jyut6ping3.words.dict.yaml	single_corpus_signal	unreviewed	
1789	大個	24.390640	6	0	false	0.000000	a	a:6	0.000000	daai6go3:6				true	747	false	true	daai6go3	jyut6ping3.words.dict.yaml	single_corpus_signal	unreviewed	
1790	大鑊	24.390640	6	0	false	0.000000	a	a:5|n:1	0.000000	daai6wok6:6				false		false	true	daai6wok6	jyut6ping3.words.dict.yaml	single_corpus_signal	unreviewed	
1791	好揾	24.390640	6	0	false	0.000000	a	a:6	0.000000	hou2wan2:6				false		false	false			single_corpus_signal|rime_absent|degree_sequence	unreviewed	
1792	媽咪	24.390640	6	0	false	0.000000	n	n:6	0.000000	maa1mi4:6				true	1526	false	true	maa1mi4	jyut6ping3.words.dict.yaml	single_corpus_signal	unreviewed	
1793	子欣	24.390640	6	0	false	0.000000	nr	nr:6	1.000000	zi2jan1:6				false		false	false			proper_name_signal|single_corpus_signal|rime_absent	unreviewed	
1794	孭	24.390640	6	0	false	0.000000	v	v:6	0.000000	me1:6				true	1950	false	true	me1	jyut6ping3.chars.dict.yaml	single_corpus_signal	unreviewed	
1795	家庭	24.390640	6	0	false	0.000000	n	n:6	0.000000	gaa1ting4:6				false		false	true	gaa1ting4	jyut6ping3.words.dict.yaml	single_corpus_signal	unreviewed	
1796	少華	24.390640	6	0	false	0.000000	nr	nr:6	1.000000	siu3waa4:6				false		false	false			proper_name_signal|single_corpus_signal|rime_absent	unreviewed	
1797	年年	24.390640	6	0	false	0.000000	q	q:6	0.000000	nin4nin4:6				false		false	false			single_corpus_signal|rime_absent	unreviewed	
1798	廣州	24.390640	6	0	false	0.000000	ns	ns:6	1.000000	gwong2zau1:6				false		false	true	gwong2zau1	jyut6ping3.words.dict.yaml	proper_name_signal|single_corpus_signal	unreviewed	
1799	廿四	24.390640	6	0	false	0.000000	m	m:6	0.000000	jaa6sei3:6				false		false	false			single_corpus_signal|rime_absent	unreviewed	
1800	式	24.390640	6	0	false	0.000000	k	k:6	0.000000	sik1:6				true	1907	false	true	sik1	jyut6ping3.chars.dict.yaml	single_corpus_signal	unreviewed	
1801	影相	24.390640	6	0	false	0.000000	v	v:6	0.000000	jing2soeng2:6				false		false	true	jing2soeng2	jyut6ping3.words.dict.yaml	single_corpus_signal	unreviewed	
1802	心機	24.390640	6	0	false	0.000000	n	n:6	0.000000	sam1gei1:6				false		false	true	sam1gei1	jyut6ping3.words.dict.yaml	single_corpus_signal	unreviewed	
1803	慧君	24.390640	6	0	false	0.000000	nr	nr:6	1.000000	wai6gwan1:6				false		false	false			proper_name_signal|single_corpus_signal|rime_absent	unreviewed	
1804	懶	24.390640	6	0	false	0.000000	a	a:6	0.000000	laan5:6				false		false	true	laan5	jyut6ping3.chars.dict.yaml	single_corpus_signal	unreviewed	
1805	戇居	24.390640	6	0	false	0.000000	a	a:6	0.000000	ngong6geoi1:6				false		false	true	ngong6geoi1	jyut6ping3.words.dict.yaml	single_corpus_signal	unreviewed	
1806	手提	24.390640	6	0	false	0.000000	b	b:5|a:1	0.000000	sau2tai4:6				false		false	true	sau2tai4	jyut6ping3.words.dict.yaml	single_corpus_signal	unreviewed	
1807	掛住	24.390640	6	0	false	0.000000	v	v:6	0.000000	gwaa3zyu6:6				true	951	false	true	gwaa3zyu6	jyut6ping3.words.dict.yaml	single_corpus_signal|aspect_result_sequence	unreviewed	
1808	探	24.390640	6	0	false	0.000000	v	v:6	0.000000	taam3:6				false		false	true	taam1|taam3	jyut6ping3.chars.dict.yaml	single_corpus_signal	unreviewed	
1809	接觸	24.390640	6	0	false	0.000000	v	v:6	0.000000	zip3zuk1:6				true	1800	false	true	zip3zuk1	jyut6ping3.words.dict.yaml	single_corpus_signal	unreviewed	
1810	揦	24.390640	6	0	false	0.000000	v	v:6	0.000000	laa2:6				false		false	true	laa2|laa5	jyut6ping3.chars.dict.yaml	single_corpus_signal	unreviewed	
1811	搽	24.390640	6	0	false	0.000000	v	v:6	0.000000	caa4:6				false		false	true	caa4	jyut6ping3.chars.dict.yaml	single_corpus_signal	unreviewed	
1812	擺落	24.390640	6	0	false	0.000000	v	v:6	0.000000	baai2lok6:6				false		false	false			single_corpus_signal|rime_absent	unreviewed	
1813	曳	24.390640	6	0	false	0.000000	a	a:6	0.000000	jai5:6				false		false	true	jai5|jai6	jyut6ping3.chars.dict.yaml	single_corpus_signal	unreviewed	
1814	書展	24.390640	6	0	false	0.000000	n	n:6	0.000000	syu1zin2:6				false		false	true	syu1zin2	jyut6ping3.words.dict.yaml	single_corpus_signal	unreviewed	
1815	最初	24.390640	6	0	false	0.000000	t	t:6	0.000000	zeoi3co1:6				false		false	true	zeoi3co1	jyut6ping3.words.dict.yaml	single_corpus_signal|degree_sequence	unreviewed	
1816	朗拿度	24.390640	6	0	false	0.000000	nr	nr:6	1.000000	long5naa4dou6:6				false		false	false			proper_name_signal|single_corpus_signal|rime_absent	unreviewed	
1817	朝	24.390640	6	0	false	0.000000	t	t:3|Tg:1|q:1|n:1	0.000000	ziu1:6				false		false	true	ciu4|ziu1|zyu1	jyut6ping3.chars.dict.yaml	single_corpus_signal	unreviewed	
1818	朱	24.390640	6	0	false	0.000000	nr	nr:6	1.000000	zyu1:6				false		false	true	syu4|zyu1	jyut6ping3.chars.dict.yaml	proper_name_signal|single_corpus_signal	unreviewed	
1819	核	24.390640	6	0	false	0.000000	n	n:6	0.000000	wat6:6				false		false	true	hat6|wat6	jyut6ping3.chars.dict.yaml	single_corpus_signal	unreviewed	
1820	橫掂	24.390640	6	0	false	0.000000	d	d:4|c:2	0.000000	waang4dim6:6				false		false	true	waang4dim6	jyut6ping3.words.dict.yaml	single_corpus_signal	unreviewed	
1821	次次	24.390640	6	0	false	0.000000	q	q:4|r:2	0.000000	ci3ci3:6				false		false	true	ci3ci3	jyut6ping3.words.dict.yaml	single_corpus_signal	unreviewed	
1822	淡	24.390640	6	0	false	0.000000	a	a:6	0.000000	taam5:4|daam6:2				false		false	true	daam6|jim5|taam4|taam5	jyut6ping3.chars.dict.yaml	single_corpus_signal	unreviewed	
1823	烏蠅	24.390640	6	0	false	0.000000	n	n:6	0.000000	wu1jing1:6				false		false	true	wu1jing1	jyut6ping3.words.dict.yaml	single_corpus_signal	unreviewed	
1824	照顧	24.390640	6	0	false	0.000000	v	v:6	0.000000	ziu3gu3:6				true	1621	false	true	ziu3gu3	jyut6ping3.words.dict.yaml	single_corpus_signal	unreviewed	
1825	爭啲	24.390640	6	0	false	0.000000	d	d:5|v:1	0.000000	zaang1di1:6				false		false	true	zaang1di1	jyut6ping3.words.dict.yaml	single_corpus_signal	unreviewed	
1826	牛柳	24.390640	6	0	false	0.000000	n	n:6	0.000000	ngau4lau5:6				false		false	true	ngau4lau5	jyut6ping3.words.dict.yaml	single_corpus_signal	unreviewed	
1827	男朋友	24.390640	6	0	false	0.000000	n	n:6	0.000000	naam4pang4jau5:6				true	487	false	true	naam4pang4jau5	jyut6ping3.words.dict.yaml	single_corpus_signal	unreviewed	
1828	發炎	24.390640	6	0	false	0.000000	v	v:6	0.000000	faat3jim4:6				false		false	true	faat3jim4	jyut6ping3.words.dict.yaml	single_corpus_signal	unreviewed	
1829	睇戲	24.390640	6	0	false	0.000000	v	v:6	0.000000	tai2hei3:6				false		false	true	tai2hei3	jyut6ping3.words.dict.yaml	single_corpus_signal	unreviewed	
1830	碧咸	24.390640	6	0	false	0.000000	nr	nr:6	1.000000	bik1haam4:6				false		false	true	bik1haam4|bik1ham4	jyut6ping3.words.dict.yaml	proper_name_signal|single_corpus_signal	unreviewed	
1831	科大	24.390640	6	0	false	0.000000	jnt	jnt:3|jnz:3	0.000000	fo1daai6:6				false		false	true	fo1daai6	jyut6ping3.words.dict.yaml	single_corpus_signal	unreviewed	
1832	秘書台	24.390640	6	0	false	0.000000	n	n:6	0.000000	bei3syu1toi4:6				false		false	false			single_corpus_signal|rime_absent	unreviewed	
1833	穩定	24.390640	6	0	false	0.000000	a	a:6	0.000000	wan2ding6:6				true	1857	false	true	wan2ding6	jyut6ping3.words.dict.yaml	single_corpus_signal	unreviewed	
1834	第二啲	24.390640	6	0	false	0.000000	r	r:6	0.000000	dai6ji6di1:6				false		false	true	dai6ji6di1	jyut6ping3.words.dict.yaml	single_corpus_signal|quantified_sequence	unreviewed	
1835	絕對	24.390640	6	0	false	0.000000	d	d:4|a:2	0.000000	zyut6deoi3:6				true	907	false	true	zyut6deoi3	jyut6ping3.words.dict.yaml	single_corpus_signal	unreviewed	
1836	經典	24.390640	6	0	false	0.000000	a	a:6	0.000000	ging1din2:6				false		false	true	ging1din2	jyut6ping3.words.dict.yaml	single_corpus_signal	unreviewed	
1837	總言之	24.390640	6	0	false	0.000000	d	d:6	0.000000	zung2jin4zi1:6				false		false	true	zung2jin4zi1	jyut6ping3.words.dict.yaml	single_corpus_signal	unreviewed	
1838	缺點	24.390640	6	0	false	0.000000	n	n:6	0.000000	kyut3dim2:6				false		false	true	kyut3dim2	jyut6ping3.words.dict.yaml	single_corpus_signal	unreviewed	
1839	自從	24.390640	6	0	false	0.000000	p	p:6	0.000000	zi6cung4:6				true	1768	false	true	zi6cung4	jyut6ping3.words.dict.yaml	single_corpus_signal	unreviewed	
1840	至到	24.390640	6	0	false	0.000000	p	p:5|n:1	0.000000	zi3dou3:6				false		false	true	zi3dou3	jyut6ping3.words.dict.yaml	single_corpus_signal|aspect_result_sequence	unreviewed	
1841	薯仔	24.390640	6	0	false	0.000000	n	n:6	0.000000	syu4zai2:6				false		false	true	syu4zai2	jyut6ping3.words.dict.yaml	single_corpus_signal	unreviewed	
1842	行業	24.390640	6	0	false	0.000000	n	n:6	0.000000	hong4jip6:6				true	1489	false	true	hong4jip6	jyut6ping3.words.dict.yaml	single_corpus_signal	unreviewed	
1843	行街	24.390640	6	0	false	0.000000	v	v:6	0.000000	haang4gaai1:6				false		false	true	haang4gaai1	jyut6ping3.words.dict.yaml	single_corpus_signal	unreviewed	
1844	裝	24.390640	6	0	false	0.000000	v	v:6	0.000000	zong1:6				false		false	true	zong1	jyut6ping3.chars.dict.yaml	single_corpus_signal	unreviewed	
1845	褸	24.390640	6	0	false	0.000000	n	n:6	0.000000	lau1:6				false		false	true	lau1|lau5|leoi5	jyut6ping3.chars.dict.yaml	single_corpus_signal	unreviewed	
1846	計數	24.390640	6	0	false	0.000000	v	v:6	0.000000	gai3sou3:6				false		false	true	gai3sou3	jyut6ping3.words.dict.yaml	single_corpus_signal	unreviewed	
1847	記者	24.390640	6	0	false	0.000000	n	n:6	0.000000	gei3ze2:6				false		false	true	gei3ze2	jyut6ping3.words.dict.yaml	single_corpus_signal	unreviewed	
1848	識得	24.390640	6	0	false	0.000000	v	v:6	0.000000	sik1dak1:6				false		false	false			single_corpus_signal|rime_absent	unreviewed	
1849	賠	24.390640	6	0	false	0.000000	v	v:6	0.000000	pui4:6				true	1180	false	true	pui4	jyut6ping3.chars.dict.yaml	single_corpus_signal	unreviewed	
1850	賢	24.390640	6	0	false	0.000000	nr	nr:6	1.000000	jin4:6				false		false	true	jin4	jyut6ping3.chars.dict.yaml	proper_name_signal|single_corpus_signal	unreviewed	
1851	贊成	24.390640	6	0	false	0.000000	v	v:6	0.000000	zaan3sing4:6				true	1471	false	true	zaan3sing4	jyut6ping3.words.dict.yaml	single_corpus_signal	unreviewed	
1852	逼	24.390640	6	0	false	0.000000	v	v:6	0.000000	bik1:6				false		false	true	bik1	jyut6ping3.chars.dict.yaml	single_corpus_signal	unreviewed	
1853	鋼線	24.390640	6	0	false	0.000000	n	n:6	0.000000	gong3sin2:6				false		false	false			single_corpus_signal|rime_absent	unreviewed	
1854	鍾	24.390640	6	0	false	0.000000	nr	nr:4|Vg:1|g1:1	0.666667	zung1:6				false		false	true	zung1	jyut6ping3.chars.dict.yaml	single_corpus_signal	unreviewed	
1855	雀仔	24.390640	6	0	false	0.000000	n	n:6	0.000000	zoek3zai2:6				true	1372	false	true	zoek3zai2	jyut6ping3.words.dict.yaml	single_corpus_signal	unreviewed	
1856	雀仔街	24.390640	6	0	false	0.000000	ns	ns:6	1.000000	zoek3zai2gaai1:6				false		false	false			proper_name_signal|single_corpus_signal|rime_absent	unreviewed	
1857	雜誌	24.390640	6	0	false	0.000000	n	n:6	0.000000	zaap6zi3:6				false		false	true	zaap6zi3	jyut6ping3.words.dict.yaml	single_corpus_signal	unreviewed	
1858	電視台	24.390640	6	0	false	0.000000	n	n:6	0.000000	din6si6toi4:6				false		false	false			single_corpus_signal|rime_absent	unreviewed	
1859	面前	24.390640	6	0	false	0.000000	f	f:4|n:1|s:1	0.000000	min6cin4:6				true	1589	false	true	min6cin4	jyut6ping3.words.dict.yaml	single_corpus_signal	unreviewed	
1860	面對	24.390640	6	0	false	0.000000	v	v:6	0.000000	min6deoi3:6				true	826	false	true	min6deoi3	jyut6ping3.words.dict.yaml	single_corpus_signal	unreviewed	
1861	頭痛	24.390640	6	0	false	0.000000	a	a:3|n:3	0.000000	tau4tung3:6				false		false	true	tau4tung3	jyut6ping3.words.dict.yaml	single_corpus_signal	unreviewed	
1862	題目	24.390640	6	0	false	0.000000	n	n:6	0.000000	tai4muk6:6				false		false	true	tai4muk6	jyut6ping3.words.dict.yaml	single_corpus_signal	unreviewed	
1863	餅	24.390640	6	0	false	0.000000	q	q:6	0.000000	beng2:6				false		false	true	beng2|bing2	jyut6ping3.chars.dict.yaml	single_corpus_signal	unreviewed	
1864	首日封	24.390640	6	0	false	0.000000	n	n:6	0.000000	sau2jat6fung1:6				false		false	true	sau2jat6fung1	jyut6ping3.words.dict.yaml	single_corpus_signal	unreviewed	
1865	鬼馬	24.390640	6	0	false	0.000000	a	a:6	0.000000	gwai2maa5:6				false		false	true	gwai2maa5	jyut6ping3.words.dict.yaml	single_corpus_signal	unreviewed	
1866	默書	24.390640	6	0	false	0.000000	v	v:4|vn:2	0.000000	mak6syu1:6				false		false	true	mak6syu1	jyut6ping3.words.dict.yaml	single_corpus_signal	unreviewed	
1867	𡁜	24.390640	6	0	false	0.000000	y	y:6	0.000000	wo5:6				false		false	true	wo5	jyut6ping3.chars.dict.yaml	single_corpus_signal	unreviewed	
1868	三分二	23.618721	2	3	true	0.524919	m	m:2	0.000000	saam1fan6ji6:2	m	m:3	saam1fan6ji6:3	false		false	false			rime_absent|numeric_measure_time_sequence|quantified_sequence	unreviewed	
1871	四點	23.618721	2	3	true	0.524919	t	t:2	0.000000	sei3dim2:2	t	t:2|n:1	sei3dim2:3	false		false	false			rime_absent|numeric_measure_time_sequence|quantified_sequence	unreviewed	
1872	手頭上	23.618721	2	3	true	0.524919	s	s:2	0.000000	sau2tau4soeng6:2	n	n:2|d:1	sau2tau4soeng6:3	false		false	false			rime_absent	unreviewed	
1874	第三	23.618721	2	3	true	0.524919	m	m:2	0.000000	dai6saam1:2	m	m:3	dai6saam1:3	false		false	true	dai6saam1	jyut6ping3.words.dict.yaml	quantified_sequence	unreviewed	
1880	一邊	22.520992	3	2	true	0.846691	d	d:3	0.000000	jat1bin1:3	d	d:1|r:1	jat1bin1:2	true	1865	false	true	jat1bin1	jyut6ping3.words.dict.yaml	quantified_sequence	unreviewed	
1888	十九	21.423263	4	1	true	0.317509	m	m:4	0.000000	sap6gau2:4	m	m:1	sap6gau2:1	false		false	true	sap1gau1	jyut6ping3.words.dict.yaml	quantified_sequence	unreviewed	
1899	刪	20.651343	0	4	false	0.000000			0.000000		v	v:3|a:1	saan1:4	false		false	true	saan1	jyut6ping3.chars.dict.yaml	single_corpus_signal	unreviewed	
1900	刪減	20.651343	0	4	false	0.000000			0.000000		v	v:4	saan1gaam2:4	false		false	true	saan1gaam2	jyut6ping3.words.dict.yaml	single_corpus_signal	unreviewed	
1901	勇腰	20.651343	0	4	false	0.000000			0.000000		n	n:2|v:1|d:1	jung5jiu1:4	false		false	false			single_corpus_signal|rime_absent	unreviewed	
1902	台蛇茅	20.651343	0	4	false	0.000000			0.000000		q	q:2|n:1|ns:1	toi4se4maau4:4	false		false	false			single_corpus_signal|rime_absent	unreviewed	
1903	咪住	20.651343	0	4	false	0.000000			0.000000		u	u:2|v:2	mai2zyu6:4	false		false	true	mai5zyu6	jyut6ping3.words.dict.yaml	single_corpus_signal|aspect_result_sequence	unreviewed	
1904	哂	20.651343	0	4	false	0.000000			0.000000		Ng	Ng:2|a:1|nr:1	saai3:4	false		false	true	can2	jyut6ping3.chars.dict.yaml	single_corpus_signal	unreviewed	
1905	哇	20.651343	0	4	false	0.000000			0.000000		v	v:3|n:1	waa1:4	false		false	true	waa1	jyut6ping3.chars.dict.yaml	single_corpus_signal	unreviewed	
1906	啦	20.651343	0	4	false	0.000000			0.000000		v	v:2|a:1|Ng:1	laa1:2|lat1:1|laam1:1	true	36	false	true	la1|laa1	jyut6ping3.chars.dict.yaml	single_corpus_signal	unreviewed	
1907	善貧	20.651343	0	4	false	0.000000			0.000000		v	v:2|ns:1|n:1	sin6pan4:4	false		false	false			single_corpus_signal|rime_absent	unreviewed	
1908	四方	20.651343	0	4	false	0.000000			0.000000		n	n:3|m:1	sei3fong1:4	false		false	true	sei3fong1	jyut6ping3.words.dict.yaml	single_corpus_signal|quantified_sequence	unreviewed	
1909	四點半	20.651343	0	4	false	0.000000			0.000000		t	t:4	sei3dim2bun3:4	false		false	false			single_corpus_signal|rime_absent|numeric_measure_time_sequence|quantified_sequence	unreviewed	
1910	圓圈	20.651343	0	4	false	0.000000			0.000000		n	n:4	jun4hyun1:4	false		false	true	jyun4hyun1	jyut6ping3.words.dict.yaml	single_corpus_signal	unreviewed	
1911	土	20.651343	0	4	false	0.000000			0.000000		d	d:1|q:1|Ng:1|n:1	tou2:4	false		false	true	tou2	jyut6ping3.chars.dict.yaml	single_corpus_signal	unreviewed	
1912	墓	20.651343	0	4	false	0.000000			0.000000		n	n:2|nr:1|d:1	mou6:4	true	1131	false	true	mou6	jyut6ping3.chars.dict.yaml	single_corpus_signal	unreviewed	
1913	好像	20.651343	0	4	false	0.000000			0.000000		a	a:4	hou2zoeng6:4	false		false	true	hou2zoeng6	jyut6ping3.words.dict.yaml	single_corpus_signal|degree_sequence	unreviewed	
1914	害怕	20.651343	0	4	false	0.000000			0.000000		v	v:4	hoi6paa3:4	false		false	true	hoi6paa3	jyut6ping3.words.dict.yaml	single_corpus_signal	unreviewed	
1915	對不起	20.651343	0	4	false	0.000000			0.000000		v	v:1|u:1|q:1|p:1	deoi3bat1hei2:4	false		false	true	deoi3bat1hei2	jyut6ping3.words.dict.yaml	single_corpus_signal	unreviewed	
1916	對摺	20.651343	0	4	false	0.000000			0.000000		n	n:3|v:1	deoi3zip3:4	false		false	false			single_corpus_signal|rime_absent	unreviewed	
1917	左下	20.651343	0	4	false	0.000000			0.000000		f	f:3|x:1	zo2haa6:4	true	1281	true	false			known_invalid_atomic|single_corpus_signal|rime_absent	unreviewed	
1918	彎曲	20.651343	0	4	false	0.000000			0.000000		v	v:3|n:1	waan1kuk1:4	false		false	true	waan1kuk1	jyut6ping3.words.dict.yaml	single_corpus_signal	unreviewed	
1919	拋物線	20.651343	0	4	false	0.000000			0.000000		n	n:2|v:1|u:1	paau1mat6sin3:4	false		false	true	paau1mat6sin3	jyut6ping3.words.dict.yaml	single_corpus_signal	unreviewed	
1920	揭開	20.651343	0	4	false	0.000000			0.000000		v	v:4	kit3hoi1:4	false		false	true	kit3hoi1	jyut6ping3.words.dict.yaml	single_corpus_signal	unreviewed	
1921	搵𡃁塔	20.651343	0	4	false	0.000000			0.000000		n	n:2|ns:1|Ng:1	wan2leng1taap3:4	false		false	false			single_corpus_signal|rime_absent	unreviewed	
1922	擁腰	20.651343	0	4	false	0.000000			0.000000		n	n:3|v:1	jung2jiu1:4	false		false	false			single_corpus_signal|rime_absent	unreviewed	
1923	擦	20.651343	0	4	false	0.000000			0.000000		v	v:2|n:1|Ng:1	caat3:4	false		false	true	caat3	jyut6ping3.chars.dict.yaml	single_corpus_signal	unreviewed	
1924	枉囉	20.651343	0	4	false	0.000000			0.000000		n	n:2|v:1|a:1	wong2lo1:4	false		false	false			single_corpus_signal|rime_absent|particle_final_sequence	unreviewed	
1925	棚帳	20.651343	0	4	false	0.000000			0.000000		t	t:1|v:1|a:1|n:1	pang4zoeng3:4	false		false	false			single_corpus_signal|rime_absent	unreviewed	
1926	椰子	20.651343	0	4	false	0.000000			0.000000		n	n:2|nr:1|q:1	je4zi2:4	false		false	true	je4zi2	jyut6ping3.words.dict.yaml	single_corpus_signal	unreviewed	
1927	汗	20.651343	0	4	false	0.000000			0.000000		n	n:2|a:1|Ng:1	hon6:4	true	357	false	true	hon4|hon6	jyut6ping3.chars.dict.yaml	single_corpus_signal	unreviewed	
1928	漠	20.651343	0	4	false	0.000000			0.000000		n	n:2|v:1|d:1	mok6:4	false		false	true	mok6	jyut6ping3.chars.dict.yaml	single_corpus_signal	unreviewed	
1929	瀡	20.651343	0	4	false	0.000000			0.000000		v	v:3|a:1	soe4:4	false		false	true	seoi5|soe4	jyut6ping3.chars.dict.yaml	single_corpus_signal	unreviewed	
1930	然	20.651343	0	4	false	0.000000			0.000000		a	a:1|x:1|v:1|d:1	jin4:4	true	91	false	true	jin4	jyut6ping3.chars.dict.yaml	single_corpus_signal	unreviewed	
1931	盛磅	20.651343	0	4	false	0.000000			0.000000		n	n:3|ns:1	sing4bong4:4	false		false	false			single_corpus_signal|rime_absent	unreviewed	
1932	禮堂	20.651343	0	4	false	0.000000			0.000000		n	n:2|x:1|nr:1	lai5tong4:4	true	409	false	true	lai5tong4	jyut6ping3.words.dict.yaml	single_corpus_signal	unreviewed	
1933	空地	20.651343	0	4	false	0.000000			0.000000		n	n:4	hung1dei6:4	false		false	true	hung1dei6	jyut6ping3.words.dict.yaml	single_corpus_signal	unreviewed	
1934	耳	20.651343	0	4	false	0.000000			0.000000		n	n:4	ji5:4	false		false	true	ji5	jyut6ping3.chars.dict.yaml	single_corpus_signal	unreviewed	
1935	萄	20.651343	0	4	false	0.000000			0.000000		n	n:4	tou4:4	false		false	true	tou4	jyut6ping3.chars.dict.yaml	single_corpus_signal	unreviewed	
1936	裡面	20.651343	0	4	false	0.000000			0.000000		f	f:3|a:1	leoi5min6:4	false		false	false			single_corpus_signal|rime_absent	unreviewed	
1937	谷歌	20.651343	0	4	false	0.000000			0.000000		nr	nr:1|n:1|r:1|v:1	guk1go1:4	false		false	false			single_corpus_signal|rime_absent	unreviewed	
1938	豉	20.651343	0	4	false	0.000000			0.000000		xv	xv:1|n:1|nr:1|Ng:1	si6:4	false		false	true	si6	jyut6ping3.chars.dict.yaml	single_corpus_signal	unreviewed	
1939	賀受山	20.651343	0	4	false	0.000000			0.000000		n	n:3|x:1	ho6sau6saan1:4	false		false	false			single_corpus_signal|rime_absent	unreviewed	
1940	跨	20.651343	0	4	false	0.000000			0.000000		v	v:4	kwaa3:4	false		false	true	kwaa1|kwaa3	jyut6ping3.chars.dict.yaml	single_corpus_signal	unreviewed	
1941	部分	20.651343	0	4	false	0.000000			0.000000		n	n:4	bou6fan6:4	false		false	true	bou6fan6	jyut6ping3.words.dict.yaml	single_corpus_signal	unreviewed	
1942	錐	20.651343	0	4	false	0.000000			0.000000		n	n:4	zeoi1:4	false		false	true	jeoi1|zeoi1	jyut6ping3.chars.dict.yaml	single_corpus_signal	unreviewed	
1943	開始點	20.651343	0	4	false	0.000000			0.000000		t	t:4	hoi1ci2dim2:4	false		false	false			single_corpus_signal|rime_absent	unreviewed	
1944	間尺	20.651343	0	4	false	0.000000			0.000000		n	n:3|q:1	gaan3cek2:4	false		false	true	gaan3cek2	jyut6ping3.words.dict.yaml	single_corpus_signal	unreviewed	
1945	陪提	20.651343	0	4	false	0.000000			0.000000		v	v:3|a:1	pui4tai4:4	false		false	false			single_corpus_signal|rime_absent	unreviewed	
1946	陶排	20.651343	0	4	false	0.000000			0.000000		t	t:3|x:1	tou4paai4:4	false		false	false			single_corpus_signal|rime_absent	unreviewed	
1947	音韻	20.651343	0	4	false	0.000000			0.000000		v	v:3|n:1	jam1wan6:4	false		false	false			single_corpus_signal|rime_absent	unreviewed	
1948	體	20.651343	0	4	false	0.000000			0.000000		n	n:4	tai2:4	true	933	false	true	tai2	jyut6ping3.chars.dict.yaml	single_corpus_signal	unreviewed	
1949	鼻子	20.651343	0	4	false	0.000000			0.000000		nr	nr:3|n:1	bei6zi2:4	false		false	true	bei6zi2	jyut6ping3.words.dict.yaml	single_corpus_signal	unreviewed	
1950	㗳	20.325534	5	0	false	0.000000	v	v:5	0.000000	dep1:4|daap1:1				false		false	true	dap1	jyut6ping3.chars.dict.yaml	single_corpus_signal	unreviewed	
1951	一來	20.325534	5	0	false	0.000000	c	c:3|m:1|d:1	0.000000	jat1loi4:5				false		false	true	jat1loi4	jyut6ping3.words.dict.yaml	single_corpus_signal|quantified_sequence	unreviewed	
1952	一啲啲	20.325534	5	0	false	0.000000	r	r:5	0.000000	jat1di1di1:5				false		false	true	jat1di1di1	jyut6ping3.words.dict.yaml	single_corpus_signal|quantified_sequence	unreviewed	
1953	一心	20.325534	5	0	false	0.000000	d	d:5	0.000000	jat1sam1:5				false		false	true	jat1sam1	jyut6ping3.words.dict.yaml	single_corpus_signal|quantified_sequence	unreviewed	
1954	一早	20.325534	5	0	false	0.000000	t	t:4|d:1	0.000000	jat1zou2:5				false		false	true	jat1zou2	jyut6ping3.words.dict.yaml	single_corpus_signal|quantified_sequence	unreviewed	
1955	七十八	20.325534	5	0	false	0.000000	m	m:5	0.000000	cat1sap6baat3:5				false		false	false			single_corpus_signal|rime_absent|quantified_sequence	unreviewed	
1956	上市	20.325534	5	0	false	0.000000	v	v:5	0.000000	soeng5si5:5				true	964	false	true	soeng5si5	jyut6ping3.words.dict.yaml	single_corpus_signal	unreviewed	
1957	不妨	20.325534	5	0	false	0.000000	d	d:5	0.000000	bat1fong4:5				false		false	true	bat1fong4	jyut6ping3.words.dict.yaml	single_corpus_signal	unreviewed	
1958	中醫	20.325534	5	0	false	0.000000	n	n:5	0.000000	zung1ji1:5				true	1551	false	true	zung1ji1	jyut6ping3.words.dict.yaml	single_corpus_signal	unreviewed	
1959	之下	20.325534	5	0	false	0.000000	f	f:5	0.000000	zi1haa6:5				true	915	false	true	zi1haa6	jyut6ping3.words.dict.yaml	single_corpus_signal	unreviewed	
1960	之中	20.325534	5	0	false	0.000000	f	f:5	0.000000	zi1zung1:5				true	1552	false	true	zi1zung1	jyut6ping3.words.dict.yaml	single_corpus_signal	unreviewed	
1961	五千幾	20.325534	5	0	false	0.000000	m	m:5	0.000000	ng5cin1gei2:5				false		false	false			single_corpus_signal|rime_absent|quantified_sequence	unreviewed	
1962	五百五十八	20.325534	5	0	false	0.000000	m	m:5	0.000000	ng5baak3ng5sap6baat3:5				false		false	false			single_corpus_signal|rime_absent|quantified_sequence	unreviewed	
1963	五點半	20.325534	5	0	false	0.000000	t	t:5	0.000000	ng5dim2bun3:5				false		false	false			single_corpus_signal|rime_absent|numeric_measure_time_sequence|quantified_sequence	unreviewed	
1964	人情	20.325534	5	0	false	0.000000	n	n:5	0.000000	jan4cing4:5				false		false	true	jan4cing4	jyut6ping3.words.dict.yaml	single_corpus_signal	unreviewed	
1965	今朝	20.325534	5	0	false	0.000000	t	t:5	0.000000	gam1ziu1:5				false		false	true	gam1ziu1	jyut6ping3.words.dict.yaml	single_corpus_signal	unreviewed	
1966	代表	20.325534	5	0	false	0.000000	v	v:5	0.000000	doi6biu2:5				true	640	false	true	doi6biu2	jyut6ping3.words.dict.yaml	single_corpus_signal	unreviewed	
1967	以來	20.325534	5	0	false	0.000000	f	f:3|d:2	0.000000	ji5lai4:5				false		false	true	ji5loi4	jyut6ping3.words.dict.yaml	single_corpus_signal	unreviewed	
1968	任天堂	20.325534	5	0	false	0.000000	nz	nz:5	1.000000	jam6tin1tong4:5				false		false	false			proper_name_signal|single_corpus_signal|rime_absent	unreviewed	
1969	佳	20.325534	5	0	false	0.000000	a	a:5	0.000000	gaai1:5				false		false	true	gaai1	jyut6ping3.chars.dict.yaml	single_corpus_signal	unreviewed	
1970	來電	20.325534	5	0	false	0.000000	vn	vn:4|v:1	0.000000	loi4din6:5				false		false	true	loi4din6	jyut6ping3.words.dict.yaml	single_corpus_signal	unreviewed	
1971	例子	20.325534	5	0	false	0.000000	n	n:5	0.000000	lai6zi2:5				true	1154	false	true	lai6zi2	jyut6ping3.words.dict.yaml	single_corpus_signal	unreviewed	
1972	個半	20.325534	5	0	false	0.000000	m	m:5	0.000000	go3bun3:5				false		false	false			single_corpus_signal|rime_absent	unreviewed	
1973	借書	20.325534	5	0	false	0.000000	v	v:5	0.000000	ze3syu1:5				false		false	false			single_corpus_signal|rime_absent	unreviewed	
1974	值得	20.325534	5	0	false	0.000000	v	v:5	0.000000	zik6dak1:5				true	1160	false	true	zik6dak1	jyut6ping3.words.dict.yaml	single_corpus_signal	unreviewed	
1975	假期	20.325534	5	0	false	0.000000	n	n:5	0.000000	gaa3kei4:5				false		false	true	gaa3kei4	jyut6ping3.words.dict.yaml	single_corpus_signal	unreviewed	
1976	健康	20.325534	5	0	false	0.000000	a	a:2|n:2|an:1	0.000000	gin6hong1:5				true	1796	false	true	gin6hong1	jyut6ping3.words.dict.yaml	single_corpus_signal	unreviewed	
1977	內容	20.325534	5	0	false	0.000000	n	n:5	0.000000	noi6jung4:5				true	1645	false	true	noi6jung4	jyut6ping3.words.dict.yaml	single_corpus_signal	unreviewed	
1978	全裸	20.325534	5	0	false	0.000000	n	n:5	0.000000	cyun4lo2:5				false		false	true	cyun4lo2	jyut6ping3.words.dict.yaml	single_corpus_signal	unreviewed	
1979	八十	20.325534	5	0	false	0.000000	m	m:5	0.000000	baat3sap6:5				false		false	false			single_corpus_signal|rime_absent|quantified_sequence	unreviewed	
1980	八成	20.325534	5	0	false	0.000000	m	m:5	0.000000	baat3sing4:5				false		false	false			single_corpus_signal|rime_absent|numeric_measure_time_sequence|quantified_sequence	unreviewed	
1981	公平	20.325534	5	0	false	0.000000	a	a:5	0.000000	gung1ping4:5				true	1341	false	true	gung1ping4	jyut6ping3.words.dict.yaml	single_corpus_signal	unreviewed	
1982	冚	20.325534	5	0	false	0.000000	v	v:5	0.000000	kam2:5				false		false	true	ham6|kam2	jyut6ping3.chars.dict.yaml	single_corpus_signal	unreviewed	
1983	冠軍	20.325534	5	0	false	0.000000	b	b:4|n:1	0.000000	gun3gwan1:5				false		false	true	gun3gwan1	jyut6ping3.words.dict.yaml	single_corpus_signal	unreviewed	
1984	冷	20.325534	5	0	false	0.000000	a	a:4|Ng:1	0.000000	laang5:5				false		false	true	laang5	jyut6ping3.chars.dict.yaml	single_corpus_signal	unreviewed	
1985	凱婷	20.325534	5	0	false	0.000000	nr	nr:5	1.000000	hoi2ting4:5				false		false	false			proper_name_signal|single_corpus_signal|rime_absent	unreviewed	
1986	勤力	20.325534	5	0	false	0.000000	a	a:5	0.000000	kan4lik6:5				false		false	true	kan4lik6	jyut6ping3.words.dict.yaml	single_corpus_signal	unreviewed	
1987	包括	20.325534	5	0	false	0.000000	v	v:5	0.000000	baau1kut3:5				true	732	false	true	baau1kut3	jyut6ping3.words.dict.yaml	single_corpus_signal	unreviewed	
1988	化	20.325534	5	0	false	0.000000	k	k:3|Vg:2	0.000000	faa3:5				true	750	false	true	faa1|faa3	jyut6ping3.chars.dict.yaml	single_corpus_signal	unreviewed	
1989	受到	20.325534	5	0	false	0.000000	v	v:5	0.000000	sau6dou3:5				true	1298	false	true	sau6dou3	jyut6ping3.words.dict.yaml	single_corpus_signal|aspect_result_sequence	unreviewed	
1990	古仔	20.325534	5	0	false	0.000000	n	n:5	0.000000	gu2zai2:5				false		false	true	gu2zai2	jyut6ping3.words.dict.yaml	single_corpus_signal	unreviewed	
1991	吔	20.325534	5	0	false	0.000000	e	e:4|y:1	0.000000	jaa3:5				true	307	false	true	jaa1|jaa2|jaak3	jyut6ping3.chars.dict.yaml	single_corpus_signal	unreviewed	
1992	和記	20.325534	5	0	false	0.000000	nt	nt:5	1.000000	wo4gei3:5				false		false	false			proper_name_signal|single_corpus_signal|rime_absent	unreviewed	
1993	哩排	20.325534	5	0	false	0.000000	r	r:4|t:1	0.000000	ni1paai4:4|ni1pai2:1				false		false	false			single_corpus_signal|rime_absent|demonstrative_sequence	unreviewed	
1994	唯一	20.325534	5	0	false	0.000000	a	a:3|b:2	0.000000	wai4jat1:5				true	1797	false	true	wai4jat1	jyut6ping3.words.dict.yaml	single_corpus_signal	unreviewed	
1995	唱片	20.325534	5	0	false	0.000000	n	n:5	0.000000	coeng3pin2:5				true	1798	false	true	coeng3pin2	jyut6ping3.words.dict.yaml	single_corpus_signal	unreviewed	
1996	單人	20.325534	5	0	false	0.000000	b	b:4|n:1	0.000000	daan1jan4:5				false		false	true	daan1jan4	jyut6ping3.words.dict.yaml	single_corpus_signal	unreviewed	
1997	單車	20.325534	5	0	false	0.000000	n	n:5	0.000000	daan1ce1:5				false		false	true	daan1ce1	jyut6ping3.words.dict.yaml	single_corpus_signal	unreviewed	
1998	嗰頭	20.325534	5	0	false	0.000000	r	r:5	0.000000	go2tau4:5				false		false	true	go2tau4	jyut6ping3.words.dict.yaml	single_corpus_signal|demonstrative_sequence	unreviewed	
1999	因素	20.325534	5	0	false	0.000000	n	n:5	0.000000	jan1sou3:5				false		false	true	jan1sou3	jyut6ping3.words.dict.yaml	single_corpus_signal	unreviewed	
2000	在	20.325534	5	0	false	0.000000	p	p:5	0.000000	zoi6:5				true	1759	false	true	zoi6	jyut6ping3.chars.dict.yaml	single_corpus_signal	unreviewed	
2001	型號	20.325534	5	0	false	0.000000	n	n:5	0.000000	jing4hou6:5				false		false	true	jing4hou6	jyut6ping3.words.dict.yaml	single_corpus_signal	unreviewed	
2002	報告	20.325534	5	0	false	0.000000	vn	vn:5	0.000000	bou3gou3:5				true	1698	false	true	bou3gou3	jyut6ping3.words.dict.yaml	single_corpus_signal	unreviewed	
2003	多瑪	20.325534	5	0	false	0.000000	nr	nr:5	1.000000	do1maa5:5				false		false	false			proper_name_signal|single_corpus_signal|rime_absent	unreviewed	
2004	大單	20.325534	5	0	false	0.000000	a	a:5	0.000000	daai6daan1:5				false		false	true	daai6daan1	jyut6ping3.words.dict.yaml	single_corpus_signal	unreviewed	
2005	太太	20.325534	5	0	false	0.000000	n	n:5	0.000000	taai3taai2:5				true	1555	false	true	taai3taai2	jyut6ping3.words.dict.yaml	single_corpus_signal|degree_sequence	unreviewed	
2006	太嫲	20.325534	5	0	false	0.000000	n	n:5	0.000000	taai3maa4:5				false		false	true	taai3maa4	jyut6ping3.words.dict.yaml	single_corpus_signal|degree_sequence	unreviewed	
2007	失控	20.325534	5	0	false	0.000000	v	v:5	0.000000	sat1hung3:5				false		false	true	sat1hung3	jyut6ping3.words.dict.yaml	single_corpus_signal	unreviewed	
2008	套摺	20.325534	5	0	false	0.000000	n	n:5	0.000000	tou3zip3:5				false		false	false			single_corpus_signal|rime_absent	unreviewed	
2009	奧運會	20.325534	5	0	false	0.000000	nz	nz:4|n:1	0.800000	ou3wan6wui2:5				false		false	true	ou3wan6wui2	jyut6ping3.words.dict.yaml	proper_name_signal|single_corpus_signal	unreviewed	
2010	好嘢	20.325534	5	0	false	0.000000	a	a:4|an:1	0.000000	hou2je5:5				false		false	true	hou2je5	jyut6ping3.words.dict.yaml	single_corpus_signal|degree_sequence	unreviewed	
2011	威	20.325534	5	0	false	0.000000	a	a:5	0.000000	wai1:5				false		false	true	wai1	jyut6ping3.chars.dict.yaml	single_corpus_signal	unreviewed	
2012	威爾斯	20.325534	5	0	false	0.000000	nt	nt:5	1.000000	wai1ji5si1:5				false		false	true	wai1ji5si1	jyut6ping3.words.dict.yaml	proper_name_signal|single_corpus_signal	unreviewed	
2013	嬲	20.325534	5	0	false	0.000000	v	v:5	0.000000	nau1:5				false		false	true	nau1|niu4|niu5	jyut6ping3.chars.dict.yaml	single_corpus_signal	unreviewed	
2014	子陵	20.325534	5	0	false	0.000000	nr	nr:5	1.000000	zi2ling4:5				false		false	false			proper_name_signal|single_corpus_signal|rime_absent	unreviewed	
2015	宇宙	20.325534	5	0	false	0.000000	n	n:5	0.000000	jyu5zau6:5				false		false	true	jyu5zau6	jyut6ping3.words.dict.yaml	single_corpus_signal	unreviewed	
2016	官司	20.325534	5	0	false	0.000000	n	n:5	0.000000	gun1si1:5				false		false	true	gun1si1	jyut6ping3.words.dict.yaml	single_corpus_signal	unreviewed	
2017	尖沙咀	20.325534	5	0	false	0.000000	ns	ns:5	1.000000	zim1saa1zeoi2:5				false		false	true	zim1saa1zeoi2	jyut6ping3.words.dict.yaml	proper_name_signal|single_corpus_signal	unreviewed	
2018	就係	20.325534	5	0	false	0.000000	d	d:5	0.000000	zau6hai6:5				false		false	true	zau6hai6	jyut6ping3.words.dict.yaml	single_corpus_signal	unreviewed	
2019	展堂	20.325534	5	0	false	0.000000	nr	nr:5	1.000000	zin2tong4:5				false		false	false			proper_name_signal|single_corpus_signal|rime_absent	unreviewed	
2020	山度士	20.325534	5	0	false	0.000000	nr	nr:5	1.000000	saan1dou6si2:5				false		false	false			proper_name_signal|single_corpus_signal|rime_absent	unreviewed	
2021	工人	20.325534	5	0	false	0.000000	n	n:5	0.000000	gung1jan4:5				true	1738	false	true	gung1jan4	jyut6ping3.words.dict.yaml	single_corpus_signal	unreviewed	
2022	市民	20.325534	5	0	false	0.000000	n	n:5	0.000000	si5man4:5				true	1225	false	true	si5man4	jyut6ping3.words.dict.yaml	single_corpus_signal	unreviewed	
2023	幾廿	20.325534	5	0	false	0.000000	m	m:5	0.000000	gei2jaa6:5				false		false	true	gei2jaa6	jyut6ping3.words.dict.yaml	single_corpus_signal|quantified_sequence	unreviewed	
2024	幾萬	20.325534	5	0	false	0.000000	m	m:5	0.000000	gei2maan6:5				false		false	false			single_corpus_signal|rime_absent|quantified_sequence	unreviewed	
2025	廣東省	20.325534	5	0	false	0.000000	ns	ns:5	1.000000	gwong2dung1saang2:5				false		false	false			proper_name_signal|single_corpus_signal|rime_absent	unreviewed	
2026	弟婦	20.325534	5	0	false	0.000000	n	n:5	0.000000	dai6fu5:5				false		false	true	dai6fu5	jyut6ping3.words.dict.yaml	single_corpus_signal	unreviewed	
2027	強	20.325534	5	0	false	0.000000	a	a:5	0.000000	koeng4:5				false		false	true	goeng6|koeng3|koeng4|koeng5	jyut6ping3.chars.dict.yaml	single_corpus_signal	unreviewed	
2028	彈	20.325534	5	0	false	0.000000	v	v:5	0.000000	daan6:5				false		false	true	daan2|daan6|taan4	jyut6ping3.chars.dict.yaml	single_corpus_signal	unreviewed	
2029	得人驚	20.325534	5	0	false	0.000000	a	a:5	0.000000	dak1jan4geng1:5				false		false	true	dak1jan4geng1	jyut6ping3.words.dict.yaml	single_corpus_signal	unreviewed	
2030	從而	20.325534	5	0	false	0.000000	c	c:5	0.000000	cung4ji4:5				false		false	true	cung4ji4	jyut6ping3.words.dict.yaml	single_corpus_signal	unreviewed	
2031	復活	20.325534	5	0	false	0.000000	v	v:5	0.000000	fuk6wut6:5				false		false	true	fuk6wut6	jyut6ping3.words.dict.yaml	single_corpus_signal	unreviewed	
2032	心目中	20.325534	5	0	false	0.000000	n	n:5	0.000000	sam1muk6zung1:5				false		false	false			single_corpus_signal|rime_absent	unreviewed	
2033	忙	20.325534	5	0	false	0.000000	a	a:5	0.000000	mong4:5				true	1765	false	true	mong4	jyut6ping3.chars.dict.yaml	single_corpus_signal	unreviewed	
2034	忽然間	20.325534	5	0	false	0.000000	d	d:5	0.000000	fat1jin4gaan1:5				false		false	true	fat1jin4gaan1	jyut6ping3.words.dict.yaml	single_corpus_signal	unreviewed	
2035	性	20.325534	5	0	false	0.000000	k	k:5	0.000000	sing3:5				true	587	false	true	sing3	jyut6ping3.chars.dict.yaml	single_corpus_signal	unreviewed	
2036	成熟	20.325534	5	0	false	0.000000	a	a:5	0.000000	sing4suk6:5				true	1656	false	true	sing4suk6	jyut6ping3.words.dict.yaml	single_corpus_signal	unreviewed	
2037	批	20.325534	5	0	false	0.000000	q	q:5	0.000000	pai1:5				false		false	true	pai1	jyut6ping3.chars.dict.yaml	single_corpus_signal	unreviewed	
2038	抽	20.325534	5	0	false	0.000000	v	v:5	0.000000	cau1:5				false		false	true	cau1	jyut6ping3.chars.dict.yaml	single_corpus_signal	unreviewed	
2039	掉	20.325534	5	0	false	0.000000	v	v:4|u:1	0.000000	diu6:5				false		false	true	deu6|diu6|zaau6	jyut6ping3.chars.dict.yaml	single_corpus_signal	unreviewed	
2040	推薦	20.325534	5	0	false	0.000000	v	v:5	0.000000	teoi1zin3:5				false		false	true	teoi1zin3	jyut6ping3.words.dict.yaml	single_corpus_signal	unreviewed	
2041	揩	20.325534	5	0	false	0.000000	v	v:5	0.000000	haai1:5				false		false	true	haai1	jyut6ping3.chars.dict.yaml	single_corpus_signal	unreviewed	
2042	損失	20.325534	5	0	false	0.000000	v	v:4|vn:1	0.000000	syun2sat1:5				true	1619	false	true	syun2sat1	jyut6ping3.words.dict.yaml	single_corpus_signal	unreviewed	
2043	摺	20.325534	5	0	false	0.000000	v	v:4|a:1	0.000000	zip3:5				true	1455	false	true	zaap3|zip3	jyut6ping3.chars.dict.yaml	single_corpus_signal	unreviewed	
2044	操	20.325534	5	0	false	0.000000	v	v:5	0.000000	cou1:5				false		false	true	cou1|cou3	jyut6ping3.chars.dict.yaml	single_corpus_signal	unreviewed	
2045	攜帶	20.325534	5	0	false	0.000000	v	v:5	0.000000	kwai4daai3:5				false		false	true	kwai4daai3	jyut6ping3.words.dict.yaml	single_corpus_signal	unreviewed	
2046	教育	20.325534	5	0	false	0.000000	v	v:5	0.000000	gaau3juk6:5				true	1368	false	true	gaau3juk6	jyut6ping3.words.dict.yaml	single_corpus_signal	unreviewed	
2047	數據	20.325534	5	0	false	0.000000	n	n:5	0.000000	sou3geoi3:5				false		false	true	sou3geoi3	jyut6ping3.words.dict.yaml	single_corpus_signal	unreviewed	
2048	文章	20.325534	5	0	false	0.000000	n	n:5	0.000000	man4zoeng1:5				false		false	true	man4zoeng1	jyut6ping3.words.dict.yaml	single_corpus_signal	unreviewed	
2049	早排	20.325534	5	0	false	0.000000	t	t:5	0.000000	zou2paai4:5				false		false	true	zou2paai4	jyut6ping3.words.dict.yaml	single_corpus_signal	unreviewed	
2050	星期	20.325534	5	0	false	0.000000	n	n:4|q:1	0.000000	sing1kei4:5				false		false	true	sing1kei4	jyut6ping3.words.dict.yaml	single_corpus_signal	unreviewed	
2051	星期一	20.325534	5	0	false	0.000000	t	t:5	0.000000	sing1kei4jat1:5				false		false	true	sing1kei4jat1	jyut6ping3.words.dict.yaml	single_corpus_signal	unreviewed	
2052	時代	20.325534	5	0	false	0.000000	n	n:5	0.000000	si4doi6:5				false		false	true	si4doi6	jyut6ping3.words.dict.yaml	single_corpus_signal	unreviewed	
2053	晾	20.325534	5	0	false	0.000000	v	v:5	0.000000	long3:5				false		false	true	long6	jyut6ping3.chars.dict.yaml	single_corpus_signal	unreviewed	
2054	曼撤斯特	20.325534	5	0	false	0.000000	ns	ns:5	1.000000	maan6cit3si1dak6:5				false		false	false			proper_name_signal|single_corpus_signal|rime_absent	unreviewed	
2055	有型	20.325534	5	0	false	0.000000	a	a:5	0.000000	jau5jing4:5				false		false	true	jau5jing4	jyut6ping3.words.dict.yaml	single_corpus_signal	unreviewed	
2056	朝早	20.325534	5	0	false	0.000000	t	t:5	0.000000	ziu1zou2:5				false		false	true	ziu1zou2	jyut6ping3.words.dict.yaml	single_corpus_signal	unreviewed	
2057	根據	20.325534	5	0	false	0.000000	p	p:2|n:2|v:1	0.000000	gan1geoi3:5				true	1511	false	true	gan1geoi3	jyut6ping3.words.dict.yaml	single_corpus_signal	unreviewed	
2058	極	20.325534	5	0	false	0.000000	d	d:3|f:2	0.000000	gik6:5				false		false	true	gik1|gik6	jyut6ping3.chars.dict.yaml	single_corpus_signal	unreviewed	
2059	榮	20.325534	5	0	false	0.000000	nr	nr:5	1.000000	wing4:5				false		false	true	wing4	jyut6ping3.chars.dict.yaml	proper_name_signal|single_corpus_signal	unreviewed	
2060	歌手	20.325534	5	0	false	0.000000	n	n:5	0.000000	go1sau2:5				false		false	true	go1sau2	jyut6ping3.words.dict.yaml	single_corpus_signal	unreviewed	
2061	歌星	20.325534	5	0	false	0.000000	n	n:5	0.000000	go1sing1:5				false		false	true	go1sing1	jyut6ping3.words.dict.yaml	single_corpus_signal	unreviewed	
2062	毓民	20.325534	5	0	false	0.000000	nr	nr:5	1.000000	juk1man4:5				false		false	false			proper_name_signal|single_corpus_signal|rime_absent	unreviewed	
2063	比賽	20.325534	5	0	false	0.000000	n	n:3|vn:1|v:1	0.000000	bei2coi3:5				false		false	true	bei2coi3	jyut6ping3.words.dict.yaml	single_corpus_signal	unreviewed	
2064	氣	20.325534	5	0	false	0.000000	n	n:3|Ng:2	0.000000	hei3:5				false		false	true	hei3	jyut6ping3.chars.dict.yaml	single_corpus_signal	unreviewed	
2065	氣氛	20.325534	5	0	false	0.000000	n	n:5	0.000000	hei3fan1:5				false		false	true	hei3fan1	jyut6ping3.words.dict.yaml	single_corpus_signal	unreviewed	
2066	沖涼	20.325534	5	0	false	0.000000	v	v:5	0.000000	cung1loeng4:5				false		false	true	cung1loeng4	jyut6ping3.words.dict.yaml	single_corpus_signal	unreviewed	
2067	沙律	20.325534	5	0	false	0.000000	n	n:5	0.000000	saa1leot2:5				false		false	true	saa1leot2|saa1leot6	jyut6ping3.words.dict.yaml	single_corpus_signal	unreviewed	
2068	沿途	20.325534	5	0	false	0.000000	b	b:5	0.000000	jyun4tou4:5				false		false	true	jyun4tou4	jyut6ping3.words.dict.yaml	single_corpus_signal	unreviewed	
2069	洋人	20.325534	5	0	false	0.000000	n	n:5	0.000000	joeng4jan4:5				false		false	true	joeng4jan4	jyut6ping3.words.dict.yaml	single_corpus_signal	unreviewed	
2070	流行	20.325534	5	0	false	0.000000	v	v:3|vn:2	0.000000	lau4hang4:5				false		false	true	lau4hang4	jyut6ping3.words.dict.yaml	single_corpus_signal	unreviewed	
2071	海媚	20.325534	5	0	false	0.000000	nr	nr:5	1.000000	hoi2mei4:5				false		false	false			proper_name_signal|single_corpus_signal|rime_absent	unreviewed	
2072	浸	20.325534	5	0	false	0.000000	q	q:3|v:2	0.000000	zam3:4|zam6:1				false		false	true	cam1|zam3	jyut6ping3.chars.dict.yaml	single_corpus_signal	unreviewed	
2073	淑怡	20.325534	5	0	false	0.000000	nr	nr:5	1.000000	suk6ji4:5				false		false	false			proper_name_signal|single_corpus_signal|rime_absent	unreviewed	
2074	淺	20.325534	5	0	false	0.000000	a	a:5	0.000000	cin2:5				false		false	true	cin2|zin1	jyut6ping3.chars.dict.yaml	single_corpus_signal	unreviewed	
2075	演出	20.325534	5	0	false	0.000000	vn	vn:5	0.000000	jin2ceot1:5				false		false	true	jin2ceot1	jyut6ping3.words.dict.yaml	single_corpus_signal	unreviewed	
2076	熱天	20.325534	5	0	false	0.000000	t	t:4|n:1	0.000000	jit6tin1:5				false		false	true	jit6tin1	jyut6ping3.words.dict.yaml	single_corpus_signal	unreviewed	
2077	牛	20.325534	5	0	false	0.000000	n	n:3|nr:2	0.400000	ngau4:5				false		false	true	ngau4	jyut6ping3.chars.dict.yaml	single_corpus_signal	unreviewed	
2078	猛咁	20.325534	5	0	false	0.000000	d	d:5	0.000000	maang5gam3:5				false		false	true	maang5gam3	jyut6ping3.words.dict.yaml	single_corpus_signal	unreviewed	
2079	獸醫	20.325534	5	0	false	0.000000	n	n:5	0.000000	sau3ji1:5				false		false	true	sau3ji1	jyut6ping3.words.dict.yaml	single_corpus_signal	unreviewed	
2080	理論上	20.325534	5	0	false	0.000000	d	d:4|n:1	0.000000	lei5leon6soeng6:5				false		false	true	lei5leon6soeng6	jyut6ping3.words.dict.yaml	single_corpus_signal	unreviewed	
2081	生命	20.325534	5	0	false	0.000000	n	n:5	0.000000	sang1ming6:5				false		false	true	sang1ming6	jyut6ping3.words.dict.yaml	single_corpus_signal	unreviewed	
2082	生物	20.325534	5	0	false	0.000000	n	n:5	0.000000	sang1mat6:5				true	1892	false	true	sang1mat6	jyut6ping3.words.dict.yaml	single_corpus_signal	unreviewed	
2083	用途	20.325534	5	0	false	0.000000	n	n:5	0.000000	jung6tou4:5				false		false	true	jung6tou4	jyut6ping3.words.dict.yaml	single_corpus_signal	unreviewed	
2084	痴線	20.325534	5	0	false	0.000000	a	a:4|l1:1	0.000000	ci1sin3:5				false		false	false			single_corpus_signal|rime_absent	unreviewed	
2085	相當之	20.325534	5	0	false	0.000000	d	d:5	0.000000	soeng1dong1zi1:5				false		false	true	soeng1dong1zi1	jyut6ping3.words.dict.yaml	single_corpus_signal	unreviewed	
2086	睬	20.325534	5	0	false	0.000000	v	v:5	0.000000	coi2:5				false		false	true	coi2	jyut6ping3.chars.dict.yaml	single_corpus_signal	unreviewed	
2087	硬	20.325534	5	0	false	0.000000	d	d:3|a:1|Dg:1	0.000000	ngaang6:4|ngaang2:1				false		false	true	ngaang6	jyut6ping3.chars.dict.yaml	single_corpus_signal	unreviewed	
2088	磨	20.325534	5	0	false	0.000000	v	v:5	0.000000	mo4:5				false		false	true	mo4|mo6	jyut6ping3.chars.dict.yaml	single_corpus_signal	unreviewed	
2089	禁	20.325534	5	0	false	0.000000	v	v:5	0.000000	gam3:5				false		false	true	gam1|gam3|kam1	jyut6ping3.chars.dict.yaml	single_corpus_signal	unreviewed	
2090	私校	20.325534	5	0	false	0.000000	n	n:5	0.000000	si1haau6:5				false		false	true	si1haau6	jyut6ping3.words.dict.yaml	single_corpus_signal	unreviewed	
2091	私隱權	20.325534	5	0	false	0.000000	n	n:5	0.000000	si1jan2kyun4:5				false		false	false			single_corpus_signal|rime_absent	unreviewed	
2092	科技	20.325534	5	0	false	0.000000	n	n:5	0.000000	fo1gei6:5				true	291	false	true	fo1gei6	jyut6ping3.words.dict.yaml	single_corpus_signal	unreviewed	
2093	競爭	20.325534	5	0	false	0.000000	v	v:4|vn:1	0.000000	ging3zang1:5				true	1186	false	true	ging3zang1|ging6zang1	jyut6ping3.words.dict.yaml	single_corpus_signal	unreviewed	
2094	競爭力	20.325534	5	0	false	0.000000	n	n:5	0.000000	ging6zang1lik6:5				false		false	true	ging3zang1lik6	jyut6ping3.words.dict.yaml	single_corpus_signal	unreviewed	
2095	籠	20.325534	5	0	false	0.000000	n	n:5	0.000000	lung4:5				false		false	true	lung4|lung5	jyut6ping3.chars.dict.yaml	single_corpus_signal	unreviewed	
2096	米線	20.325534	5	0	false	0.000000	n	n:5	0.000000	mai5sin3:5				false		false	true	mai5sin3	jyut6ping3.words.dict.yaml	single_corpus_signal	unreviewed	
2097	粉紅色	20.325534	5	0	false	0.000000	n	n:5	0.000000	fan2hung4sik1:5				false		false	true	fan2hung4sik1	jyut6ping3.words.dict.yaml	single_corpus_signal	unreviewed	
2098	糯米糍	20.325534	5	0	false	0.000000	n	n:5	0.000000	no6mai5ci4:5				false		false	true	no6mai5ci4	jyut6ping3.words.dict.yaml	single_corpus_signal	unreviewed	
2099	系統	20.325534	5	0	false	0.000000	n	n:5	0.000000	hai6tung2:5				false		false	true	hai6tung2	jyut6ping3.words.dict.yaml	single_corpus_signal	unreviewed	
2100	約	20.325534	5	0	false	0.000000	v	v:4|d:1	0.000000	joek3:5				true	1426	false	true	joek3|wok6	jyut6ping3.chars.dict.yaml	single_corpus_signal	unreviewed	
2101	紅籌股	20.325534	5	0	false	0.000000	n	n:5	0.000000	hung4cau4gu2:5				false		false	true	hung4cau4gu2	jyut6ping3.words.dict.yaml	single_corpus_signal	unreviewed	
2102	細佬	20.325534	5	0	false	0.000000	n	n:5	0.000000	sai3lou2:5				false		false	true	sai3lou2	jyut6ping3.words.dict.yaml	single_corpus_signal	unreviewed	
2103	經歷	20.325534	5	0	false	0.000000	vn	vn:4|v:1	0.000000	ging1lik6:5				true	910	false	true	ging1lik6	jyut6ping3.words.dict.yaml	single_corpus_signal	unreviewed	
2104	美	20.325534	5	0	false	0.000000	jns	jns:4|a:1	0.000000	mei5:5				true	793	false	true	mei5	jyut6ping3.chars.dict.yaml	single_corpus_signal	unreviewed	
2105	習慣	20.325534	5	0	false	0.000000	v	v:3|n:2	0.000000	zaap6gwaan3:5				false		false	true	zaap6gwaan3	jyut6ping3.words.dict.yaml	single_corpus_signal	unreviewed	
2106	老鼠	20.325534	5	0	false	0.000000	n	n:5	0.000000	lou5syu2:5				false		false	true	lou5syu2	jyut6ping3.words.dict.yaml	single_corpus_signal	unreviewed	
2107	聽聞	20.325534	5	0	false	0.000000	v	v:5	0.000000	teng1man4:3|ting3man4:2				false		false	true	teng1man4	jyut6ping3.words.dict.yaml	single_corpus_signal	unreviewed	
2108	舉例	20.325534	5	0	false	0.000000	v	v:5	0.000000	geoi2lai6:5				false		false	true	geoi2lai6	jyut6ping3.words.dict.yaml	single_corpus_signal	unreviewed	
2109	舒靈咸	20.325534	5	0	false	0.000000	nr	nr:5	1.000000	syu1ling4haam4:5				false		false	false			proper_name_signal|single_corpus_signal|rime_absent	unreviewed	
2110	荃灣	20.325534	5	0	false	0.000000	ns	ns:5	1.000000	cyun4waan1:5				false		false	true	cyun4waan1	jyut6ping3.words.dict.yaml	proper_name_signal|single_corpus_signal	unreviewed	
2111	薯蓉	20.325534	5	0	false	0.000000	n	n:5	0.000000	syu4jung4:5				false		false	true	syu4jung4	jyut6ping3.words.dict.yaml	single_corpus_signal	unreviewed	
2112	被	20.325534	5	0	false	0.000000	n	n:3|p:1|v:1	0.000000	pei5:3|bei6:2				true	1167	false	true	bei6|pei1|pei5	jyut6ping3.chars.dict.yaml	single_corpus_signal	unreviewed	
2113	製作	20.325534	5	0	false	0.000000	vn	vn:5	0.000000	zai3zok3:5				false		false	true	zai3zok3	jyut6ping3.words.dict.yaml	single_corpus_signal	unreviewed	
2114	褪	20.325534	5	0	false	0.000000	v	v:5	0.000000	tan3:5				false		false	true	tan3|teoi3	jyut6ping3.chars.dict.yaml	single_corpus_signal	unreviewed	
2115	見識	20.325534	5	0	false	0.000000	v	v:5	0.000000	gin3sik1:5				false		false	true	gin3sik1	jyut6ping3.words.dict.yaml	single_corpus_signal	unreviewed	
2116	親眼	20.325534	5	0	false	0.000000	d	d:5	0.000000	can1ngaan5:5				false		false	true	can1ngaan5	jyut6ping3.words.dict.yaml	single_corpus_signal	unreviewed	
2117	詠琪	20.325534	5	0	false	0.000000	nr	nr:5	1.000000	wing6kei4:5				false		false	false			proper_name_signal|single_corpus_signal|rime_absent	unreviewed	
2118	試過	20.325534	5	0	false	0.000000	v	v:5	0.000000	si3gwo3:5				true	744	true	true	si3gwo3	jyut6ping3.words.dict.yaml	known_invalid_atomic|single_corpus_signal|aspect_result_sequence	unreviewed	
2119	誇張	20.325534	5	0	false	0.000000	a	a:5	0.000000	kwaa1zoeng1:5				true	1713	false	true	kwaa1zoeng1	jyut6ping3.words.dict.yaml	single_corpus_signal	unreviewed	
2120	認真	20.325534	5	0	false	0.000000	a	a:5	0.000000	jing6zan1:5				true	1627	false	true	jing2zan1|jing6zan1	jyut6ping3.words.dict.yaml	single_corpus_signal	unreviewed	
2121	說明書	20.325534	5	0	false	0.000000	n	n:5	0.000000	syut3ming4syu1:5				false		false	true	syut3ming4syu1	jyut6ping3.words.dict.yaml	single_corpus_signal	unreviewed	
2122	說話	20.325534	5	0	false	0.000000	vn	vn:2|v:2|n:1	0.000000	syut3waa6:5				true	574	false	true	syut3waa6	jyut6ping3.words.dict.yaml	single_corpus_signal	unreviewed	
2123	講笑	20.325534	5	0	false	0.000000	v	v:5	0.000000	gong2siu3:5				false		false	true	gong2siu3	jyut6ping3.words.dict.yaml	single_corpus_signal	unreviewed	
2124	變成	20.325534	5	0	false	0.000000	v	v:4|n:1	0.000000	bin3sing4:5				true	1217	false	true	bin3sing4	jyut6ping3.words.dict.yaml	single_corpus_signal	unreviewed	
2125	讕	20.325534	5	0	false	0.000000	v	v:3|a:2	0.000000	laan2:5				false		false	true	laan4|laan5	jyut6ping3.chars.dict.yaml	single_corpus_signal	unreviewed	
2126	負責	20.325534	5	0	false	0.000000	v	v:5	0.000000	fu6zaak3:5				true	1091	false	true	fu6zaak3	jyut6ping3.words.dict.yaml	single_corpus_signal	unreviewed	
2127	責任	20.325534	5	0	false	0.000000	n	n:5	0.000000	zaak3jam6:5				true	1970	false	true	zaak3jam6	jyut6ping3.words.dict.yaml	single_corpus_signal	unreviewed	
2128	買嘢	20.325534	5	0	false	0.000000	v	v:4|vn:1	0.000000	maai5je5:5				false		false	true	maai5je5	jyut6ping3.words.dict.yaml	single_corpus_signal	unreviewed	
2129	足夠	20.325534	5	0	false	0.000000	a	a:5	0.000000	zuk1gau3:5				true	1772	false	true	zuk1gau3	jyut6ping3.words.dict.yaml	single_corpus_signal	unreviewed	
2130	載	20.325534	5	0	false	0.000000	v	v:5	0.000000	zoi3:5				false		false	true	zoi2|zoi3|zoi6	jyut6ping3.chars.dict.yaml	single_corpus_signal	unreviewed	
2131	辣	20.325534	5	0	false	0.000000	a	a:5	0.000000	laat6:5				false		false	true	laat6	jyut6ping3.chars.dict.yaml	single_corpus_signal	unreviewed	
2132	近排	20.325534	5	0	false	0.000000	t	t:5	0.000000	gan6paai2:5				false		false	true	gan6paai4	jyut6ping3.words.dict.yaml	single_corpus_signal	unreviewed	
2133	追求	20.325534	5	0	false	0.000000	v	v:5	0.000000	zeoi1kau4:5				false		false	true	zeoi1kau4	jyut6ping3.words.dict.yaml	single_corpus_signal	unreviewed	
2134	退	20.325534	5	0	false	0.000000	v	v:5	0.000000	teoi3:5				true	1955	false	true	teoi3	jyut6ping3.chars.dict.yaml	single_corpus_signal	unreviewed	
2135	退休	20.325534	5	0	false	0.000000	v	v:5	0.000000	teoi3jau1:5				false		false	true	teoi3jau1	jyut6ping3.words.dict.yaml	single_corpus_signal	unreviewed	
2136	逢	20.325534	5	0	false	0.000000	r	r:3|v:2	0.000000	fung4:5				false		false	true	fung4|pung4	jyut6ping3.chars.dict.yaml	single_corpus_signal	unreviewed	
2137	運	20.325534	5	0	false	0.000000	v	v:5	0.000000	wan6:5				true	1622	false	true	wan6	jyut6ping3.chars.dict.yaml	single_corpus_signal	unreviewed	
2138	鑽戒	20.325534	5	0	false	0.000000	n	n:5	0.000000	zyun3gaai3:5				false		false	true	zyun3gaai3	jyut6ping3.words.dict.yaml	single_corpus_signal	unreviewed	
2139	閂	20.325534	5	0	false	0.000000	v	v:5	0.000000	saan1:5				true	1588	false	true	saan1	jyut6ping3.chars.dict.yaml	single_corpus_signal	unreviewed	
2140	阿威	20.325534	5	0	false	0.000000	nr	nr:5	1.000000	aa3wai1:5				false		false	false			proper_name_signal|single_corpus_signal|rime_absent	unreviewed	
2141	阿餅	20.325534	5	0	false	0.000000	nr	nr:5	1.000000	aa3beng2:5				false		false	false			proper_name_signal|single_corpus_signal|rime_absent	unreviewed	
2142	隨時	20.325534	5	0	false	0.000000	d	d:5	0.000000	ceoi4si4:5				true	2000	false	true	ceoi4si4	jyut6ping3.words.dict.yaml	single_corpus_signal	unreviewed	
2143	電器	20.325534	5	0	false	0.000000	n	n:5	0.000000	din6hei3:5				false		false	true	din6hei3	jyut6ping3.words.dict.yaml	single_corpus_signal	unreviewed	
2144	電視機	20.325534	5	0	false	0.000000	n	n:5	0.000000	din6si6gei1:5				true	1210	false	true	din6si6gei1	jyut6ping3.words.dict.yaml	single_corpus_signal	unreviewed	
2145	非常	20.325534	5	0	false	0.000000	d	d:5	0.000000	fei1soeng4:5				true	897	false	true	fei1soeng4	jyut6ping3.words.dict.yaml	single_corpus_signal	unreviewed	
2146	風景	20.325534	5	0	false	0.000000	n	n:5	0.000000	fung1ging2:5				false		false	true	fung1ging2	jyut6ping3.words.dict.yaml	single_corpus_signal	unreviewed	
2147	飽	20.325534	5	0	false	0.000000	a	a:5	0.000000	baau2:5				false		false	true	baau2	jyut6ping3.chars.dict.yaml	single_corpus_signal	unreviewed	
2148	香	20.325534	5	0	false	0.000000	Nsg	Nsg:3|a:2	0.000000	hoeng1:5				true	193	false	true	hoeng1	jyut6ping3.chars.dict.yaml	single_corpus_signal	unreviewed	
2149	驗	20.325534	5	0	false	0.000000	v	v:3|n:1|Ng:1	0.000000	jim6:5				false		false	true	jim6	jyut6ping3.chars.dict.yaml	single_corpus_signal	unreviewed	
2150	高級	20.325534	5	0	false	0.000000	a	a:5	0.000000	gou1kap1:5				false		false	true	gou1kap1	jyut6ping3.words.dict.yaml	single_corpus_signal	unreviewed	
2151	高解像	20.325534	5	0	false	0.000000	a	a:4|n:1	0.000000	gou1gaai2zoeng6:5				false		false	false			single_corpus_signal|rime_absent	unreviewed	
2152	鯨魚	20.325534	5	0	false	0.000000	n	n:5	0.000000	king4jyu4:5				false		false	true	king4jyu4	jyut6ping3.words.dict.yaml	single_corpus_signal	unreviewed	
2153	麻雀	20.325534	5	0	false	0.000000	n	n:5	0.000000	maa4zoek2:5				false		false	true	maa4zoek2|maa4zoek3	jyut6ping3.words.dict.yaml	single_corpus_signal	unreviewed	
2154	𠝹手	20.325534	5	0	false	0.000000	v	v:5	0.000000	gaai3sau2:5				false		false	true	gaai3sau2	jyut6ping3.words.dict.yaml	single_corpus_signal	unreviewed	
2155	𠮨	20.325534	5	0	false	0.000000	v	v:5	0.000000	naai3:5				false		false	true	naai3	jyut6ping3.chars.dict.yaml	single_corpus_signal	unreviewed	
2157	吸煙	19.553614	1	3	true	0.262460	v	v:1	0.000000	kap1jin1:1	v	v:3	kap1jin1:3	false		false	false			rime_absent	unreviewed	
2162	為之	19.553614	1	3	true	0.262460	v	v:1	0.000000	wai4zi1:1	v	v:2|n:1	wai4zi1:3	false		false	false			rime_absent	unreviewed	
2174	鋪頭	18.455885	2	2	true	0.787379	n	n:2	0.000000	pou3tau2:2	n	n:2	pou3tou2:2	false		false	false			rime_absent	unreviewed	
2176	三十三	17.358156	3	1	true	0.423346	m	m:3	0.000000	saam1sap6saam1:3	m	m:1	saam1sap6saam1:1	false		false	false			rime_absent|quantified_sequence	unreviewed	
2178	十八	17.358156	3	1	true	0.423346	m	m:3	0.000000	sap6baat3:3	m	m:1	sap6baat3:1	false		false	false			rime_absent|quantified_sequence	unreviewed	
2183	後邊	17.358156	3	1	true	0.423346	f	f:3	0.000000	hau6bin6:3	f	f:1	hau6bin1:1	false		false	false			rime_absent	unreviewed	
2204	㧬	16.260427	4	0	false	0.000000	v	v:4	0.000000	ung2:4				false		false	true	gung2|ung2	jyut6ping3.chars.dict.yaml	single_corpus_signal	unreviewed	
2205	㷫	16.260427	4	0	false	0.000000	v	v:3|a:1	0.000000	hing3:4				false		false	true	hing3	jyut6ping3.chars.dict.yaml	single_corpus_signal	unreviewed	
2206	七十七	16.260427	4	0	false	0.000000	m	m:4	0.000000	cat1sap6cat1:4				false		false	false			single_corpus_signal|rime_absent|quantified_sequence	unreviewed	
2207	三十萬	16.260427	4	0	false	0.000000	m	m:4	0.000000	saam1sap6maan6:4				false		false	false			single_corpus_signal|rime_absent|quantified_sequence	unreviewed	
2208	三月	16.260427	4	0	false	0.000000	t	t:4	0.000000	saam1jyut6:4				false		false	true	saam1jyut6	jyut6ping3.words.dict.yaml	single_corpus_signal|numeric_measure_time_sequence|quantified_sequence	unreviewed	
2209	三百	16.260427	4	0	false	0.000000	m	m:4	0.000000	saam1baak3:4				false		false	false			single_corpus_signal|rime_absent|quantified_sequence	unreviewed	
2210	不足	16.260427	4	0	false	0.000000	a	a:4	0.000000	bat1zuk1:4				false		false	true	bat1zuk1	jyut6ping3.words.dict.yaml	single_corpus_signal	unreviewed	
2211	不過不失	16.260427	4	0	false	0.000000	l	l:3|i:1	0.000000	bat1gwo3bat1sat1:4				false		false	true	bat1gwo3bat1sat1	jyut6ping3.words.dict.yaml	single_corpus_signal	unreviewed	
2212	世紀	16.260427	4	0	false	0.000000	q	q:3|n:1	0.000000	sai3gei2:4				false		false	true	sai3gei2	jyut6ping3.words.dict.yaml	single_corpus_signal	unreviewed	
2213	主任	16.260427	4	0	false	0.000000	n	n:4	0.000000	zyu2jam6:4				false		false	true	zyu2jam6	jyut6ping3.words.dict.yaml	single_corpus_signal	unreviewed	
2214	主席	16.260427	4	0	false	0.000000	n	n:4	0.000000	zyu2zik6:4				false		false	true	zyu2zik6	jyut6ping3.words.dict.yaml	single_corpus_signal	unreviewed	
2215	主題	16.260427	4	0	false	0.000000	n	n:4	0.000000	zyu2tai4:4				true	1558	false	true	zyu2tai4	jyut6ping3.words.dict.yaml	single_corpus_signal	unreviewed	
2216	之內	16.260427	4	0	false	0.000000	f	f:4	0.000000	zi1noi6:4				true	1643	false	true	zi1noi6	jyut6ping3.words.dict.yaml	single_corpus_signal	unreviewed	
2217	九五年	16.260427	4	0	false	0.000000	t	t:4	0.000000	gau2ng5nin4:4				false		false	false			single_corpus_signal|rime_absent|numeric_measure_time_sequence|quantified_sequence	unreviewed	
2218	九成	16.260427	4	0	false	0.000000	m	m:4	0.000000	gau2sing4:4				false		false	true	gau2sing4	jyut6ping3.words.dict.yaml	single_corpus_signal|numeric_measure_time_sequence|quantified_sequence	unreviewed	
2219	九點	16.260427	4	0	false	0.000000	t	t:4	0.000000	gau2dim2:4				true	1102	false	false			single_corpus_signal|rime_absent|numeric_measure_time_sequence|quantified_sequence	unreviewed	
2220	了哥	16.260427	4	0	false	0.000000	n	n:4	0.000000	liu1go1:4				false		false	true	liu1go1	jyut6ping3.words.dict.yaml	single_corpus_signal	unreviewed	
2221	事業	16.260427	4	0	false	0.000000	n	n:4	0.000000	si6jip6:4				true	1774	false	true	si6jip6	jyut6ping3.words.dict.yaml	single_corpus_signal	unreviewed	
2222	二來	16.260427	4	0	false	0.000000	c	c:4	0.000000	ji6loi4:4				false		false	false			single_corpus_signal|rime_absent	unreviewed	
2223	二千三	16.260427	4	0	false	0.000000	m	m:4	0.000000	ji6cin1saam1:4				false		false	false			single_corpus_signal|rime_absent	unreviewed	
2224	二百幾	16.260427	4	0	false	0.000000	m	m:4	0.000000	ji6baak3gei2:4				false		false	false			single_corpus_signal|rime_absent	unreviewed	
2225	亞洲	16.260427	4	0	false	0.000000	ns	ns:4	1.000000	aa3zau1:4				false		false	true	aa3zau1	jyut6ping3.words.dict.yaml	proper_name_signal|single_corpus_signal	unreviewed	
2226	交代	16.260427	4	0	false	0.000000	v	v:3|vn:1	0.000000	gaau1doi6:4				false		false	true	gaau1doi6	jyut6ping3.words.dict.yaml	single_corpus_signal	unreviewed	
2227	交惡	16.260427	4	0	false	0.000000	v	v:4	0.000000	gaau1wu3:4				false		false	true	gaau1ok3|gaau1wu3	jyut6ping3.words.dict.yaml	single_corpus_signal	unreviewed	
2228	仍然	16.260427	4	0	false	0.000000	d	d:4	0.000000	jing4jin4:4				true	1140	false	true	jing4jin4	jyut6ping3.words.dict.yaml	single_corpus_signal	unreviewed	
2229	企理	16.260427	4	0	false	0.000000	a	a:4	0.000000	kei5lei5:4				false		false	true	kei5lei5	jyut6ping3.words.dict.yaml	single_corpus_signal	unreviewed	
2230	低能	16.260427	4	0	false	0.000000	a	a:4	0.000000	dai1nang4:4				false		false	true	dai1nang4	jyut6ping3.words.dict.yaml	single_corpus_signal	unreviewed	
2231	依然	16.260427	4	0	false	0.000000	d	d:4	0.000000	ji1jin4:4				true	1923	false	true	ji1jin4	jyut6ping3.words.dict.yaml	single_corpus_signal	unreviewed	
2232	保險	16.260427	4	0	false	0.000000	an	an:2|n:2	0.000000	bou2him2:4				true	1786	false	true	bou2him2	jyut6ping3.words.dict.yaml	single_corpus_signal	unreviewed	
2233	倪	16.260427	4	0	false	0.000000	nr	nr:4	1.000000	ngai4:4				false		false	true	ngai4|ngai6	jyut6ping3.chars.dict.yaml	proper_name_signal|single_corpus_signal	unreviewed	
2234	值錢	16.260427	4	0	false	0.000000	a	a:4	0.000000	zik6cin2:4				false		false	true	zik6cin2|zik6cin4	jyut6ping3.words.dict.yaml	single_corpus_signal	unreviewed	
2235	傾計	16.260427	4	0	false	0.000000	v	v:4	0.000000	king1gai2:4				true	1983	false	true	king1gai2	jyut6ping3.words.dict.yaml	single_corpus_signal	unreviewed	
2236	儀器	16.260427	4	0	false	0.000000	n	n:4	0.000000	ji4hei3:4				false		false	true	ji4hei3	jyut6ping3.words.dict.yaml	single_corpus_signal	unreviewed	
2237	充實	16.260427	4	0	false	0.000000	a	a:4	0.000000	cung1sat6:4				false		false	true	cung1sat6	jyut6ping3.words.dict.yaml	single_corpus_signal	unreviewed	
2238	全班	16.260427	4	0	false	0.000000	n	n:4	0.000000	cyun4baan1:4				false		false	false			single_corpus_signal|rime_absent	unreviewed	
2239	兩成	16.260427	4	0	false	0.000000	m	m:4	0.000000	loeng5sing4:4				false		false	false			single_corpus_signal|rime_absent|numeric_measure_time_sequence|quantified_sequence	unreviewed	
2240	八兩金	16.260427	4	0	false	0.000000	nr	nr:4	1.000000	baat3loeng2gam1:4				false		false	false			proper_name_signal|single_corpus_signal|rime_absent|quantified_sequence	unreviewed	
2241	冧巴	16.260427	4	0	false	0.000000	n	n:4	0.000000	lam1baa2:4				false		false	true	lam1baa1	jyut6ping3.words.dict.yaml	single_corpus_signal	unreviewed	
2242	准	16.260427	4	0	false	0.000000	vu	vu:3|v:1	0.000000	zeon2:4				false		false	true	zeon2	jyut6ping3.chars.dict.yaml	single_corpus_signal	unreviewed	
2243	出奇	16.260427	4	0	false	0.000000	a	a:4	0.000000	ceot1kei4:4				false		false	true	ceot1kei4	jyut6ping3.words.dict.yaml	single_corpus_signal	unreviewed	
2244	出糧	16.260427	4	0	false	0.000000	v	v:4	0.000000	ceot1loeng4:4				false		false	true	ceot1loeng4	jyut6ping3.words.dict.yaml	single_corpus_signal	unreviewed	
2245	分分鐘	16.260427	4	0	false	0.000000	l	l:2|z:1|d:1	0.000000	fan1fan1zung1:4				false		false	true	fan1fan1zung1	jyut6ping3.words.dict.yaml	single_corpus_signal	unreviewed	
2246	判	16.260427	4	0	false	0.000000	v	v:4	0.000000	pun3:4				true	1662	false	true	pun3	jyut6ping3.chars.dict.yaml	single_corpus_signal	unreviewed	
2247	制	16.260427	4	0	false	0.000000	v	v:3|vu:1	0.000000	zai3:4				true	1669	false	true	zai3	jyut6ping3.chars.dict.yaml	single_corpus_signal	unreviewed	
2248	前晚	16.260427	4	0	false	0.000000	t	t:4	0.000000	cin4maan5:4				false		false	true	cin4maan5	jyut6ping3.words.dict.yaml	single_corpus_signal	unreviewed	
2249	前邊	16.260427	4	0	false	0.000000	f	f:3|t:1	0.000000	cin4bin6:4				false		false	true	cin4bin1|cin4bin6	jyut6ping3.words.dict.yaml	single_corpus_signal	unreviewed	
2250	加入	16.260427	4	0	false	0.000000	v	v:4	0.000000	gaa1jap6:4				false		false	true	gaa1jap6	jyut6ping3.words.dict.yaml	single_corpus_signal	unreviewed	
2251	北海	16.260427	4	0	false	0.000000	ns	ns:3|nt:1	1.000000	bak1hoi2:4				false		false	true	bak1hoi2	jyut6ping3.words.dict.yaml	proper_name_signal|single_corpus_signal	unreviewed	
2252	十二月	16.260427	4	0	false	0.000000	t	t:4	0.000000	sap6ji6jyut6:4				false		false	true	sap6ji6jyut6	jyut6ping3.words.dict.yaml	single_corpus_signal|numeric_measure_time_sequence|quantified_sequence	unreviewed	
2253	十點	16.260427	4	0	false	0.000000	t	t:4	0.000000	sap6dim2:4				false		false	false			single_corpus_signal|rime_absent|numeric_measure_time_sequence|quantified_sequence	unreviewed	
2254	千三	16.260427	4	0	false	0.000000	m	m:4	0.000000	cin1saam1:4				false		false	false			single_corpus_signal|rime_absent	unreviewed	
2255	千六	16.260427	4	0	false	0.000000	m	m:4	0.000000	cin1luk6:4				false		false	false			single_corpus_signal|rime_absent	unreviewed	
2256	南華	16.260427	4	0	false	0.000000	nz	nz:3|nt:1	1.000000	naam4waa2:4				false		false	true	naam4waa2	jyut6ping3.words.dict.yaml	proper_name_signal|single_corpus_signal	unreviewed	
2257	博物館	16.260427	4	0	false	0.000000	n	n:4	0.000000	bok3mat6gun2:4				false		false	true	bok3mat6gun2	jyut6ping3.words.dict.yaml	single_corpus_signal	unreviewed	
2258	卡路里	16.260427	4	0	false	0.000000	q	q:4	0.000000	kaa1lou6lei5:4				false		false	true	kaa1lou6lei5	jyut6ping3.words.dict.yaml	single_corpus_signal	unreviewed	
2259	參觀	16.260427	4	0	false	0.000000	v	v:4	0.000000	caam1gun1:4				false		false	true	caam1gun1	jyut6ping3.words.dict.yaml	single_corpus_signal	unreviewed	
2260	友仔	16.260427	4	0	false	0.000000	n	n:4	0.000000	jau2zai2:4				false		false	true	jau2zai2	jyut6ping3.words.dict.yaml	single_corpus_signal	unreviewed	
2261	台北	16.260427	4	0	false	0.000000	ns	ns:4	1.000000	toi4bak1:4				false		false	false			proper_name_signal|single_corpus_signal|rime_absent	unreviewed	
2262	合作	16.260427	4	0	false	0.000000	v	v:4	0.000000	hap6zok3:4				false		false	true	hap6zok3	jyut6ping3.words.dict.yaml	single_corpus_signal	unreviewed	
2263	名詞	16.260427	4	0	false	0.000000	n	n:4	0.000000	ming4ci4:4				false		false	true	ming4ci4	jyut6ping3.words.dict.yaml	single_corpus_signal	unreviewed	
2264	吹	16.260427	4	0	false	0.000000	v	v:4	0.000000	ceoi1:4				false		false	true	ceoi1|ceoi3	jyut6ping3.chars.dict.yaml	single_corpus_signal	unreviewed	
2265	周末	16.260427	4	0	false	0.000000	t	t:4	0.000000	zau1mut6:4				false		false	true	zau1mut6	jyut6ping3.words.dict.yaml	single_corpus_signal	unreviewed	
2266	員工	16.260427	4	0	false	0.000000	n	n:4	0.000000	jyun4gung1:4				false		false	true	jyun4gung1	jyut6ping3.words.dict.yaml	single_corpus_signal	unreviewed	
2267	唔只	16.260427	4	0	false	0.000000	d	d:2|v:1|c:1	0.000000	m4zi2:4				false		false	true	m4zi2	jyut6ping3.words.dict.yaml	single_corpus_signal|negated_sequence	unreviewed	
2268	喜劇	16.260427	4	0	false	0.000000	n	n:4	0.000000	hei2kek6:4				false		false	true	hei2kek6	jyut6ping3.words.dict.yaml	single_corpus_signal	unreviewed	
2269	喲	16.260427	4	0	false	0.000000	y	y:4	0.000000	jo3:4				false		false	true	jo1	jyut6ping3.chars.dict.yaml	single_corpus_signal	unreviewed	
2270	噚日	16.260427	4	0	false	0.000000	t	t:4	0.000000	cam4jat6:4				false		false	true	cam4jat6	jyut6ping3.words.dict.yaml	single_corpus_signal	unreviewed	
2271	困難	16.260427	4	0	false	0.000000	a	a:3|an:1	0.000000	kwan3naan4:4				true	1491	false	true	kwan3naan4	jyut6ping3.words.dict.yaml	single_corpus_signal	unreviewed	
2272	國語	16.260427	4	0	false	0.000000	n	n:4	0.000000	gwok3jyu5:4				false		false	true	gwok3jyu5	jyut6ping3.words.dict.yaml	single_corpus_signal	unreviewed	
2273	地址	16.260427	4	0	false	0.000000	n	n:4	0.000000	dei6zi2:4				false		false	true	dei6zi2	jyut6ping3.words.dict.yaml	single_corpus_signal	unreviewed	
2274	地產	16.260427	4	0	false	0.000000	n	n:4	0.000000	dei6caan2:4				true	1149	false	true	dei6caan2	jyut6ping3.words.dict.yaml	single_corpus_signal	unreviewed	
2275	地鐵站	16.260427	4	0	false	0.000000	n	n:4	0.000000	dei6tit3zaam6:4				false		false	true	dei6tit3zaam6	jyut6ping3.words.dict.yaml	single_corpus_signal	unreviewed	
2276	坐監	16.260427	4	0	false	0.000000	v	v:4	0.000000	co5gaam1:4				false		false	true	co5gaam1	jyut6ping3.words.dict.yaml	single_corpus_signal	unreviewed	
2277	垃圾	16.260427	4	0	false	0.000000	n	n:4	0.000000	laap6saap3:4				false		false	true	laap6saap3	jyut6ping3.words.dict.yaml	single_corpus_signal	unreviewed	
2278	埋來	16.260427	4	0	false	0.000000	v	v:4	0.000000	maai4lai4:4				false		false	false			single_corpus_signal|rime_absent	unreviewed	
2279	執	16.260427	4	0	false	0.000000	v	v:4	0.000000	zap1:4				false		false	true	zap1	jyut6ping3.chars.dict.yaml	single_corpus_signal	unreviewed	
2280	基礎	16.260427	4	0	false	0.000000	n	n:4	0.000000	gei1co2:4				false		false	true	gei1co2	jyut6ping3.words.dict.yaml	single_corpus_signal	unreviewed	
2281	報導	16.260427	4	0	false	0.000000	v	v:4	0.000000	bou3dou6:4				false		false	true	bou3dou6	jyut6ping3.words.dict.yaml	single_corpus_signal	unreviewed	
2282	夠膽	16.260427	4	0	false	0.000000	v	v:4	0.000000	gau3daam2:4				false		false	true	gau3daam2	jyut6ping3.words.dict.yaml	single_corpus_signal	unreviewed	
2283	夠鐘	16.260427	4	0	false	0.000000	v	v:2|a:2	0.000000	gau3zung1:4				false		false	true	gau3zung1	jyut6ping3.words.dict.yaml	single_corpus_signal	unreviewed	
2284	大力士	16.260427	4	0	false	0.000000	nz	nz:4	1.000000	daai6lik6si6:4				false		false	true	daai6lik6si6	jyut6ping3.words.dict.yaml	proper_name_signal|single_corpus_signal	unreviewed	
2285	大學生	16.260427	4	0	false	0.000000	n	n:4	0.000000	daai6hok6saang1:4				false		false	true	daai6hok6saang1	jyut6ping3.words.dict.yaml	single_corpus_signal	unreviewed	
2286	大把	16.260427	4	0	false	0.000000	m	m:3|q:1	0.000000	daai6baa2:4				false		false	true	daai6baa2	jyut6ping3.words.dict.yaml	single_corpus_signal	unreviewed	
2287	大瀑布	16.260427	4	0	false	0.000000	nr	nr:4	1.000000	daai6buk6bou3:4				false		false	false			proper_name_signal|single_corpus_signal|rime_absent	unreviewed	
2288	天氣	16.260427	4	0	false	0.000000	n	n:4	0.000000	tin1hei3:4				false		false	true	tin1hei3	jyut6ping3.words.dict.yaml	single_corpus_signal	unreviewed	
2289	失業率	16.260427	4	0	false	0.000000	n	n:4	0.000000	sat1jip6leot2:4				false		false	false			single_corpus_signal|rime_absent	unreviewed	
2290	奶	16.260427	4	0	false	0.000000	n	n:4	0.000000	naai5:4				false		false	true	naai1|naai4|naai5	jyut6ping3.chars.dict.yaml	single_corpus_signal	unreviewed	
2291	好多時	16.260427	4	0	false	0.000000	d	d:4	0.000000	hou2do1si4:4				false		false	true	hou2do1si4	jyut6ping3.words.dict.yaml	single_corpus_signal|degree_sequence	unreviewed	
2292	婚	16.260427	4	0	false	0.000000	Ng	Ng:4	0.000000	fan1:4				false		false	true	fan1	jyut6ping3.chars.dict.yaml	single_corpus_signal	unreviewed	
2293	嫁	16.260427	4	0	false	0.000000	v	v:4	0.000000	gaa3:4				false		false	true	gaa3	jyut6ping3.chars.dict.yaml	single_corpus_signal	unreviewed	
2294	嫌	16.260427	4	0	false	0.000000	v	v:4	0.000000	jim4:4				false		false	true	jim4	jyut6ping3.chars.dict.yaml	single_corpus_signal	unreviewed	
2295	字幕	16.260427	4	0	false	0.000000	n	n:4	0.000000	zi6mok6:4				false		false	true	zi6mok6	jyut6ping3.words.dict.yaml	single_corpus_signal	unreviewed	
2296	學費	16.260427	4	0	false	0.000000	n	n:4	0.000000	hok6fai3:4				false		false	true	hok6fai3	jyut6ping3.words.dict.yaml	single_corpus_signal	unreviewed	
2297	客	16.260427	4	0	false	0.000000	n	n:4	0.000000	haak3:4				false		false	true	haak3	jyut6ping3.chars.dict.yaml	single_corpus_signal	unreviewed	
2298	宣傳	16.260427	4	0	false	0.000000	v	v:4	0.000000	syun1cyun4:4				false		false	true	syun1cyun4	jyut6ping3.words.dict.yaml	single_corpus_signal	unreviewed	
2299	家樂	16.260427	4	0	false	0.000000	nr	nr:4	1.000000	gaa1lok6:4				false		false	false			proper_name_signal|single_corpus_signal|rime_absent	unreviewed	
2300	容納	16.260427	4	0	false	0.000000	v	v:4	0.000000	jung4naap6:4				false		false	true	jung4naap6	jyut6ping3.words.dict.yaml	single_corpus_signal	unreviewed	
2301	實質上	16.260427	4	0	false	0.000000	d	d:4	0.000000	sat6zat1soeng6:4				false		false	false			single_corpus_signal|rime_absent	unreviewed	
2302	小倩	16.260427	4	0	false	0.000000	nz	nz:4	1.000000	siu2sin6:4				false		false	false			proper_name_signal|single_corpus_signal|rime_absent	unreviewed	
2303	小巴	16.260427	4	0	false	0.000000	n	n:4	0.000000	siu2baa1:4				false		false	true	siu2baa1	jyut6ping3.words.dict.yaml	single_corpus_signal	unreviewed	
2304	小息	16.260427	4	0	false	0.000000	n	n:4	0.000000	siu2sik1:4				false		false	true	siu2sik1	jyut6ping3.words.dict.yaml	single_corpus_signal	unreviewed	
2305	小芙蓉	16.260427	4	0	false	0.000000	nr	nr:4	1.000000	siu2fu4jung4:4				false		false	false			proper_name_signal|single_corpus_signal|rime_absent	unreviewed	
2306	就來	16.260427	4	0	false	0.000000	d	d:4	0.000000	zau6lai4:4				false		false	false			single_corpus_signal|rime_absent	unreviewed	
2307	屋村	16.260427	4	0	false	0.000000	n	n:4	0.000000	uk1cyun1:4				false		false	true	uk1cyun1	jyut6ping3.words.dict.yaml	single_corpus_signal	unreviewed	
2308	峰	16.260427	4	0	false	0.000000	nr	nr:4	1.000000	fung1:4				false		false	true	fung1	jyut6ping3.chars.dict.yaml	proper_name_signal|single_corpus_signal	unreviewed	
2309	巴閉	16.260427	4	0	false	0.000000	a	a:4	0.000000	baa1bai3:4				false		false	true	baa1bai3	jyut6ping3.words.dict.yaml	single_corpus_signal	unreviewed	
2310	市長	16.260427	4	0	false	0.000000	n	n:4	0.000000	si5zoeng2:4				false		false	true	si5zoeng2	jyut6ping3.words.dict.yaml	single_corpus_signal	unreviewed	
2311	帕斯	16.260427	4	0	false	0.000000	ns	ns:4	1.000000	paak3si1:4				false		false	false			proper_name_signal|single_corpus_signal|rime_absent	unreviewed	
2312	幫忙	16.260427	4	0	false	0.000000	v	v:4	0.000000	bong1mong4:4				false		false	true	bong1mong4	jyut6ping3.words.dict.yaml	single_corpus_signal	unreviewed	
2313	干擾	16.260427	4	0	false	0.000000	v	v:2|vn:2	0.000000	gon1jiu2:4				false		false	true	gon1jiu2|gon1jiu5	jyut6ping3.words.dict.yaml	single_corpus_signal	unreviewed	
2314	年代	16.260427	4	0	false	0.000000	n	n:4	0.000000	nin4doi6:4				true	1150	false	true	nin4doi6	jyut6ping3.words.dict.yaml	single_corpus_signal	unreviewed	
2315	年薪	16.260427	4	0	false	0.000000	n	n:4	0.000000	nin4san1:4				false		false	true	nin4san1	jyut6ping3.words.dict.yaml	single_corpus_signal	unreviewed	
2316	年青人	16.260427	4	0	false	0.000000	n	n:4	0.000000	nin4cing1jan4:4				false		false	false			single_corpus_signal|rime_absent	unreviewed	
2317	幾千	16.260427	4	0	false	0.000000	m	m:4	0.000000	gei2cin1:4				false		false	false			single_corpus_signal|rime_absent|quantified_sequence	unreviewed	
2318	幾點	16.260427	4	0	false	0.000000	r	r:4	0.000000	gei2dim2:4				true	1609	false	true	gei2dim2	jyut6ping3.words.dict.yaml	single_corpus_signal|numeric_measure_time_sequence|quantified_sequence	unreviewed	
2319	度度	16.260427	4	0	false	0.000000	r	r:2|q:2	0.000000	dou6dou6:4				false		false	true	dou6dou6	jyut6ping3.words.dict.yaml	single_corpus_signal	unreviewed	
2320	度橋	16.260427	4	0	false	0.000000	v	v:4	0.000000	dok6kiu2:4				false		false	true	dok6kiu2	jyut6ping3.words.dict.yaml	single_corpus_signal	unreviewed	
2321	廿一	16.260427	4	0	false	0.000000	m	m:4	0.000000	jaa6jat1:4				false		false	false			single_corpus_signal|rime_absent	unreviewed	
2322	弊	16.260427	4	0	false	0.000000	a	a:2|v:2	0.000000	bai6:4				false		false	true	bai6	jyut6ping3.chars.dict.yaml	single_corpus_signal	unreviewed	
2323	彼此	16.260427	4	0	false	0.000000	r	r:4	0.000000	bei2ci2:4				false		false	true	bei2ci2	jyut6ping3.words.dict.yaml	single_corpus_signal	unreviewed	
2324	後果	16.260427	4	0	false	0.000000	n	n:4	0.000000	hau6gwo2:4				false		false	true	hau6gwo2	jyut6ping3.words.dict.yaml	single_corpus_signal	unreviewed	
2325	後生	16.260427	4	0	false	0.000000	a	a:4	0.000000	hau6saang1:4				true	1303	false	true	hau6saang1	jyut6ping3.words.dict.yaml	single_corpus_signal	unreviewed	
2326	心願	16.260427	4	0	false	0.000000	n	n:4	0.000000	sam1jyun6:4				false		false	true	sam1jyun6	jyut6ping3.words.dict.yaml	single_corpus_signal	unreviewed	
2327	忠直	16.260427	4	0	false	0.000000	a	a:4	0.000000	zung1zik6:4				false		false	true	zung1zik6	jyut6ping3.words.dict.yaml	single_corpus_signal	unreviewed	
2328	忽然	16.260427	4	0	false	0.000000	d	d:4	0.000000	fat1jin4:4				true	1778	false	true	fat1jin4	jyut6ping3.words.dict.yaml	single_corpus_signal	unreviewed	
2329	恩斯	16.260427	4	0	false	0.000000	nr	nr:4	1.000000	jan1si1:4				false		false	false			proper_name_signal|single_corpus_signal|rime_absent	unreviewed	
2330	惡劣	16.260427	4	0	false	0.000000	a	a:4	0.000000	ok3lyut6:4				false		false	true	ok3lyut3|ok3lyut6	jyut6ping3.words.dict.yaml	single_corpus_signal	unreviewed	
2331	意外	16.260427	4	0	false	0.000000	an	an:2|a:1|n:1	0.000000	ji3ngoi6:4				false		false	true	ji3ngoi6	jyut6ping3.words.dict.yaml	single_corpus_signal	unreviewed	
2332	感情	16.260427	4	0	false	0.000000	n	n:4	0.000000	gam2cing4:4				true	1256	false	true	gam2cing4	jyut6ping3.words.dict.yaml	single_corpus_signal	unreviewed	
2333	慧嫻	16.260427	4	0	false	0.000000	nr	nr:4	1.000000	wai6haan4:4				false		false	false			proper_name_signal|single_corpus_signal|rime_absent	unreviewed	
2334	應承	16.260427	4	0	false	0.000000	v	v:4	0.000000	jing1sing4:4				false		false	true	jing1sing4	jyut6ping3.words.dict.yaml	single_corpus_signal	unreviewed	
2335	成本	16.260427	4	0	false	0.000000	n	n:4	0.000000	sing4bun2:4				false		false	true	sing4bun2	jyut6ping3.words.dict.yaml	single_corpus_signal	unreviewed	
2336	成藥	16.260427	4	0	false	0.000000	n	n:4	0.000000	sing4joek6:4				false		false	true	sing4joek6	jyut6ping3.words.dict.yaml	single_corpus_signal	unreviewed	
2337	手術	16.260427	4	0	false	0.000000	n	n:4	0.000000	sau2seot6:4				false		false	true	sau2seot6	jyut6ping3.words.dict.yaml	single_corpus_signal	unreviewed	
2338	打機	16.260427	4	0	false	0.000000	v	v:4	0.000000	daa2gei1:4				false		false	true	daa2gei1	jyut6ping3.words.dict.yaml	single_corpus_signal	unreviewed	
2339	打算	16.260427	4	0	false	0.000000	vn	vn:2|v:2	0.000000	daa2syun3:4				false		false	true	daa2syun3	jyut6ping3.words.dict.yaml	single_corpus_signal	unreviewed	
2340	打邊爐	16.260427	4	0	false	0.000000	v	v:4	0.000000	daa2bin1lou4:4				false		false	true	daa2bin1lou4	jyut6ping3.words.dict.yaml	single_corpus_signal	unreviewed	
2341	投	16.260427	4	0	false	0.000000	v	v:4	0.000000	tau4:4				false		false	true	tau4	jyut6ping3.chars.dict.yaml	single_corpus_signal	unreviewed	
2342	招呼	16.260427	4	0	false	0.000000	v	v:4	0.000000	ziu1fu1:4				false		false	true	ziu1fu1	jyut6ping3.words.dict.yaml	single_corpus_signal	unreviewed	
2343	捐血	16.260427	4	0	false	0.000000	v	v:2|vn:1|n:1	0.000000	gyun1hyut3:4				false		false	true	gyun1hyut3	jyut6ping3.words.dict.yaml	single_corpus_signal	unreviewed	
2344	捨得	16.260427	4	0	false	0.000000	v	v:4	0.000000	se2dak1:4				false		false	true	se2dak1	jyut6ping3.words.dict.yaml	single_corpus_signal	unreviewed	
2345	捷克	16.260427	4	0	false	0.000000	ns	ns:4	1.000000	zit3haak1:4				false		false	true	zit3hak1	jyut6ping3.words.dict.yaml	proper_name_signal|single_corpus_signal	unreviewed	
2346	掌上壓	16.260427	4	0	false	0.000000	n	n:4	0.000000	zoeng2soeng6aat3:4				false		false	true	zoeng2soeng6aat3	jyut6ping3.words.dict.yaml	single_corpus_signal	unreviewed	
2347	掛	16.260427	4	0	false	0.000000	v	v:4	0.000000	gwaa3:4				false		false	true	gwaa3|kwaa3	jyut6ping3.chars.dict.yaml	single_corpus_signal	unreviewed	
2348	推出	16.260427	4	0	false	0.000000	v	v:4	0.000000	teoi1ceot1:4				false		false	true	teoi1ceot1	jyut6ping3.words.dict.yaml	single_corpus_signal	unreviewed	
2349	揾笨	16.260427	4	0	false	0.000000	v	v:4	0.000000	wan2ban6:4				false		false	false			single_corpus_signal|rime_absent	unreviewed	
2350	揾錢	16.260427	4	0	false	0.000000	v	v:4	0.000000	wan2cin2:4				false		false	false			single_corpus_signal|rime_absent	unreviewed	
2351	揾食	16.260427	4	0	false	0.000000	v	v:4	0.000000	wan2sik6:4				false		false	false			single_corpus_signal|rime_absent	unreviewed	
2352	搦	16.260427	4	0	false	0.000000	v	v:4	0.000000	nik1:4				false		false	true	nik1|nok6	jyut6ping3.chars.dict.yaml	single_corpus_signal	unreviewed	
2353	摸	16.260427	4	0	false	0.000000	v	v:4	0.000000	mo2:4				false		false	true	mo1|mo2|mok3|mok6|mou4	jyut6ping3.chars.dict.yaml	single_corpus_signal	unreviewed	
2354	撩	16.260427	4	0	false	0.000000	v	v:4	0.000000	liu2:3|liu1:1				false		false	true	liu1|liu2|liu4|liu6	jyut6ping3.chars.dict.yaml	single_corpus_signal	unreviewed	
2355	操作	16.260427	4	0	false	0.000000	v	v:4	0.000000	cou1zok3:4				false		false	true	cou1zok3	jyut6ping3.words.dict.yaml	single_corpus_signal	unreviewed	
2356	擰頭	16.260427	4	0	false	0.000000	v	v:4	0.000000	ling6tau2:4				false		false	true	ning6tau2	jyut6ping3.words.dict.yaml	single_corpus_signal	unreviewed	
2357	支持	16.260427	4	0	false	0.000000	v	v:2|vn:2	0.000000	zi1ci4:4				true	966	false	true	zi1ci4	jyut6ping3.words.dict.yaml	single_corpus_signal	unreviewed	
2358	收工	16.260427	4	0	false	0.000000	v	v:4	0.000000	sau1gung1:4				false		false	true	sau1gung1	jyut6ping3.words.dict.yaml	single_corpus_signal	unreviewed	
2359	收購	16.260427	4	0	false	0.000000	v	v:4	0.000000	sau1kau3:4				false		false	true	sau1gau3|sau1kau3	jyut6ping3.words.dict.yaml	single_corpus_signal	unreviewed	
2360	救	16.260427	4	0	false	0.000000	v	v:4	0.000000	gau3:4				false		false	true	gau3	jyut6ping3.chars.dict.yaml	single_corpus_signal	unreviewed	
2361	散	16.260427	4	0	false	0.000000	v	v:2|a:1|n:1	0.000000	saan2:4				false		false	true	saan2|saan3	jyut6ping3.chars.dict.yaml	single_corpus_signal	unreviewed	
2362	日後	16.260427	4	0	false	0.000000	t	t:4	0.000000	jat6hau6:4				true	1556	false	true	jat6hau6	jyut6ping3.words.dict.yaml	single_corpus_signal	unreviewed	
2363	明知	16.260427	4	0	false	0.000000	v	v:4	0.000000	ming4zi1:4				false		false	true	ming4zi1	jyut6ping3.words.dict.yaml	single_corpus_signal	unreviewed	
2364	星期二	16.260427	4	0	false	0.000000	t	t:4	0.000000	sing1kei4ji6:4				false		false	true	sing1kei4ji6	jyut6ping3.words.dict.yaml	single_corpus_signal	unreviewed	
2365	暢	16.260427	4	0	false	0.000000	v	v:4	0.000000	coeng3:4				false		false	true	coeng3	jyut6ping3.chars.dict.yaml	single_corpus_signal	unreviewed	
2366	曾經	16.260427	4	0	false	0.000000	d	d:4	0.000000	cang4ging1:4				true	1015	false	true	cang4ging1	jyut6ping3.words.dict.yaml	single_corpus_signal	unreviewed	
2367	有錢佬	16.260427	4	0	false	0.000000	n	n:4	0.000000	jau5cin2lou2:4				false		false	true	jau5cin2lou2	jyut6ping3.words.dict.yaml	single_corpus_signal	unreviewed	
2368	本地	16.260427	4	0	false	0.000000	r	r:4	0.000000	bun2dei6:4				true	1753	false	true	bun2dei6	jyut6ping3.words.dict.yaml	single_corpus_signal	unreviewed	
2369	李生	16.260427	4	0	false	0.000000	nr	nr:4	1.000000	lei5saang1:4				false		false	false			proper_name_signal|single_corpus_signal|rime_absent	unreviewed	
2370	架構	16.260427	4	0	false	0.000000	vn	vn:2|v:1|n:1	0.000000	gaa3kau3:4				true	1503	false	true	gaa3gau3|gaa3kau3	jyut6ping3.words.dict.yaml	single_corpus_signal	unreviewed	
2371	校園	16.260427	4	0	false	0.000000	n	n:4	0.000000	haau6jyun4:4				false		false	true	haau6jyun4	jyut6ping3.words.dict.yaml	single_corpus_signal	unreviewed	
2372	桂味	16.260427	4	0	false	0.000000	nz	nz:4	1.000000	gwai3mei6:4				false		false	true	gwai3mei2	jyut6ping3.words.dict.yaml	proper_name_signal|single_corpus_signal	unreviewed	
2373	樂隊	16.260427	4	0	false	0.000000	n	n:4	0.000000	ngok6deoi2:4				false		false	true	ngok6deoi2	jyut6ping3.words.dict.yaml	single_corpus_signal	unreviewed	
2374	樣樣	16.260427	4	0	false	0.000000	q	q:4	0.000000	joeng6joeng6:4				false		false	false			single_corpus_signal|rime_absent	unreviewed	
2375	機倉	16.260427	4	0	false	0.000000	n	n:4	0.000000	gei1cong1:4				false		false	false			single_corpus_signal|rime_absent	unreviewed	
2376	欣賞	16.260427	4	0	false	0.000000	v	v:4	0.000000	jan1soeng2:4				true	1782	false	true	jan1soeng2	jyut6ping3.words.dict.yaml	single_corpus_signal	unreviewed	
2377	殘	16.260427	4	0	false	0.000000	a	a:4	0.000000	caan4:4				false		false	true	caan4	jyut6ping3.chars.dict.yaml	single_corpus_signal	unreviewed	
2378	殺氣	16.260427	4	0	false	0.000000	n	n:4	0.000000	saat3hei3:4				false		false	true	saat3hei3	jyut6ping3.words.dict.yaml	single_corpus_signal	unreviewed	
2379	每個	16.260427	4	0	false	0.000000	r	r:4	0.000000	mui5go3:4				true	1492	true	false			known_invalid_atomic|single_corpus_signal|rime_absent|quantified_sequence	unreviewed	
2380	每次	16.260427	4	0	false	0.000000	r	r:4	0.000000	mui5ci3:4				false		false	false			single_corpus_signal|rime_absent|quantified_sequence	unreviewed	
2381	比例	16.260427	4	0	false	0.000000	n	n:4	0.000000	bei2lai6:4				true	1745	false	true	bei2lai6	jyut6ping3.words.dict.yaml	single_corpus_signal	unreviewed	
2382	氧氣	16.260427	4	0	false	0.000000	n	n:4	0.000000	joeng5hei3:4				false		false	true	joeng5hei3	jyut6ping3.words.dict.yaml	single_corpus_signal	unreviewed	
2383	求其	16.260427	4	0	false	0.000000	a	a:3|d:1	0.000000	kau4kei4:4				false		false	true	kau4kei4	jyut6ping3.words.dict.yaml	single_corpus_signal	unreviewed	
2384	江	16.260427	4	0	false	0.000000	nr	nr:3|n:1	0.750000	gong1:4				false		false	true	gong1	jyut6ping3.chars.dict.yaml	single_corpus_signal	unreviewed	
2385	活動	16.260427	4	0	false	0.000000	vn	vn:3|v:1	0.000000	wut6dung6:4				true	1787	false	true	wut6dung6	jyut6ping3.words.dict.yaml	single_corpus_signal	unreviewed	
2386	淘古井	16.260427	4	0	false	0.000000	l	l:4	0.000000	tou4gu2zeng2:4				false		false	true	tou4gu2zeng2	jyut6ping3.words.dict.yaml	single_corpus_signal	unreviewed	
2387	淡季	16.260427	4	0	false	0.000000	an	an:4	0.000000	daam6gwai3:4				false		false	true	daam6gwai3	jyut6ping3.words.dict.yaml	single_corpus_signal	unreviewed	
2388	深圳	16.260427	4	0	false	0.000000	ns	ns:4	1.000000	sam1zan3:4				false		false	true	sam1zan3	jyut6ping3.words.dict.yaml	proper_name_signal|single_corpus_signal	unreviewed	
2389	測	16.260427	4	0	false	0.000000	v	v:4	0.000000	caak1:4				false		false	true	caak1|cak1	jyut6ping3.chars.dict.yaml	single_corpus_signal	unreviewed	
2390	溶	16.260427	4	0	false	0.000000	v	v:3|a:1	0.000000	jung4:4				false		false	true	jung4	jyut6ping3.chars.dict.yaml	single_corpus_signal	unreviewed	
2391	演員	16.260427	4	0	false	0.000000	n	n:4	0.000000	jin2jyun4:4				false		false	true	jin2jyun4	jyut6ping3.words.dict.yaml	single_corpus_signal	unreviewed	
2392	火車站	16.260427	4	0	false	0.000000	n	n:4	0.000000	fo2ce1zaam6:4				false		false	true	fo2ce1zaam6	jyut6ping3.words.dict.yaml	single_corpus_signal	unreviewed	
2393	灰	16.260427	4	0	false	0.000000	a	a:4	0.000000	fui1:4				false		false	true	fui1	jyut6ping3.chars.dict.yaml	single_corpus_signal	unreviewed	
2394	炸彈	16.260427	4	0	false	0.000000	n	n:4	0.000000	zaa3daan2:4				false		false	true	zaa3daan2|zaa3daan6	jyut6ping3.words.dict.yaml	single_corpus_signal	unreviewed	
2395	無喇喇	16.260427	4	0	false	0.000000	d	d:3|z:1	0.000000	mou4laa1laa1:4				false		false	false			single_corpus_signal|rime_absent|particle_final_sequence	unreviewed	
2396	無字頭八九十	16.260427	4	0	false	0.000000	nz	nz:4	1.000000	mou4zi6tau4baat3gau2sap6:4				false		false	false			proper_name_signal|single_corpus_signal|rime_absent	unreviewed	
2397	燕梳	16.260427	4	0	false	0.000000	n	n:4	0.000000	jin3so1:4				true	1840	false	true	jin3so1	jyut6ping3.words.dict.yaml	single_corpus_signal	unreviewed	
2398	爸爸	16.260427	4	0	false	0.000000	n	n:4	0.000000	baa4baa1:4				true	714	false	true	baa4baa1	jyut6ping3.words.dict.yaml	single_corpus_signal	unreviewed	
2399	王	16.260427	4	0	false	0.000000	nr	nr:4	1.000000	wong4:4				false		false	true	wong4|wong6	jyut6ping3.chars.dict.yaml	proper_name_signal|single_corpus_signal	unreviewed	
2400	生意額	16.260427	4	0	false	0.000000	n	n:4	0.000000	saang1ji3ngaak2:4				false		false	false			single_corpus_signal|rime_absent	unreviewed	
2401	甩皮甩骨	16.260427	4	0	false	0.000000	l	l:4	0.000000	lat1pei4lat1gwat1:4				false		false	true	lat1pei4lat1gwat1	jyut6ping3.words.dict.yaml	single_corpus_signal	unreviewed	
2402	男性	16.260427	4	0	false	0.000000	n	n:3|b:1	0.000000	naam4sing3:4				true	1231	false	true	naam4sing3	jyut6ping3.words.dict.yaml	single_corpus_signal	unreviewed	
2403	留低	16.260427	4	0	false	0.000000	v	v:4	0.000000	lau4dai1:4				false		false	true	lau4dai1	jyut6ping3.words.dict.yaml	single_corpus_signal	unreviewed	
2404	當日	16.260427	4	0	false	0.000000	t	t:4	0.000000	dong1jat6:4				false		false	true	dong1jat6	jyut6ping3.words.dict.yaml	single_corpus_signal	unreviewed	
2405	登記	16.260427	4	0	false	0.000000	v	v:4	0.000000	dang1gei3:4				false		false	true	dang1gei3	jyut6ping3.words.dict.yaml	single_corpus_signal	unreviewed	
2406	發音	16.260427	4	0	false	0.000000	v	v:2|vn:2	0.000000	faat3jam1:4				false		false	true	faat3jam1	jyut6ping3.words.dict.yaml	single_corpus_signal	unreviewed	
2407	監考	16.260427	4	0	false	0.000000	v	v:4	0.000000	gaam1haau2:4				false		false	true	gaam1haau2	jyut6ping3.words.dict.yaml	single_corpus_signal	unreviewed	
2408	監製	16.260427	4	0	false	0.000000	vn	vn:3|n:1	0.000000	gaam1zai3:4				false		false	true	gaam1zai3	jyut6ping3.words.dict.yaml	single_corpus_signal	unreviewed	
2409	相機	16.260427	4	0	false	0.000000	n	n:4	0.000000	soeng2gei1:4				false		false	true	soeng2gei1	jyut6ping3.words.dict.yaml	single_corpus_signal	unreviewed	
2410	相當	16.260427	4	0	false	0.000000	d	d:4	0.000000	soeng1dong1:4				true	1238	false	true	soeng1dong1	jyut6ping3.words.dict.yaml	single_corpus_signal	unreviewed	
2411	眨	16.260427	4	0	false	0.000000	v	v:4	0.000000	zaam2:4				false		false	true	zaam2|zaap3|zaap6	jyut6ping3.chars.dict.yaml	single_corpus_signal	unreviewed	
2412	睇真Ｄ	16.260427	4	0	false	0.000000	nz	nz:4	1.000000	tai2zan1di1:4				false		false	false			proper_name_signal|single_corpus_signal|rime_absent	unreviewed	
2413	知識	16.260427	4	0	false	0.000000	n	n:4	0.000000	zi3sik1:4				false		false	true	zi1sik1|zi3sik1	jyut6ping3.words.dict.yaml	single_corpus_signal	unreviewed	
2414	石	16.260427	4	0	false	0.000000	n	n:4	0.000000	sek6:4				false		false	true	daam3|sek6	jyut6ping3.chars.dict.yaml	single_corpus_signal	unreviewed	
2415	碌	16.260427	4	0	false	0.000000	v	v:3|q:1	0.000000	luk1:4				false		false	true	luk1|luk6	jyut6ping3.chars.dict.yaml	single_corpus_signal	unreviewed	
2416	祈禱	16.260427	4	0	false	0.000000	v	v:4	0.000000	kei4tou2:4				false		false	true	kei4tou2	jyut6ping3.words.dict.yaml	single_corpus_signal	unreviewed	
2417	禮拜日	16.260427	4	0	false	0.000000	t	t:4	0.000000	lai5baai3jat6:4				false		false	true	lai5baai3jat6	jyut6ping3.words.dict.yaml	single_corpus_signal	unreviewed	
2418	禽流感	16.260427	4	0	false	0.000000	n	n:4	0.000000	kam4lau4gam2:4				false		false	true	kam4lau4gam2	jyut6ping3.words.dict.yaml	single_corpus_signal	unreviewed	
2419	科學	16.260427	4	0	false	0.000000	n	n:4	0.000000	fo1hok6:4				false		false	true	fo1hok6	jyut6ping3.words.dict.yaml	single_corpus_signal	unreviewed	
2420	秘密	16.260427	4	0	false	0.000000	n	n:4	0.000000	bei3mat6:4				false		false	false			single_corpus_signal|rime_absent	unreviewed	
2421	程度	16.260427	4	0	false	0.000000	n	n:4	0.000000	cing4dou6:4				true	1060	false	true	cing4dou6	jyut6ping3.words.dict.yaml	single_corpus_signal	unreviewed	
2422	空難	16.260427	4	0	false	0.000000	n	n:4	0.000000	hung1naan6:4				false		false	true	hung1naan6	jyut6ping3.words.dict.yaml	single_corpus_signal	unreviewed	
2423	竇	16.260427	4	0	false	0.000000	q	q:3|n:1	0.000000	dau3:4				false		false	true	dau3|dau6|duk6	jyut6ping3.chars.dict.yaml	single_corpus_signal	unreviewed	
2424	笑話	16.260427	4	0	false	0.000000	n	n:3|v:1	0.000000	siu3waa2:4				false		false	true	siu3waa2|siu3waa6	jyut6ping3.words.dict.yaml	single_corpus_signal	unreviewed	
2425	笠	16.260427	4	0	false	0.000000	v	v:3|Ng:1	0.000000	lap1:4				false		false	true	lap1|lap6	jyut6ping3.chars.dict.yaml	single_corpus_signal	unreviewed	
2426	等如	16.260427	4	0	false	0.000000	v	v:4	0.000000	dang2jyu4:4				true	953	false	true	dang2jyu4	jyut6ping3.words.dict.yaml	single_corpus_signal	unreviewed	
2427	糧	16.260427	4	0	false	0.000000	n	n:4	0.000000	loeng4:4				false		false	true	loeng4	jyut6ping3.chars.dict.yaml	single_corpus_signal	unreviewed	
2428	系列	16.260427	4	0	false	0.000000	n	n:4	0.000000	hai6lit6:4				false		false	true	hai6lit6	jyut6ping3.words.dict.yaml	single_corpus_signal	unreviewed	
2429	細路女	16.260427	4	0	false	0.000000	n	n:4	0.000000	sai3lou6neoi2:4				false		false	true	sai3lou6neoi2	jyut6ping3.words.dict.yaml	single_corpus_signal	unreviewed	
2430	結	16.260427	4	0	false	0.000000	v	v:4	0.000000	git3:4				true	1705	false	true	gai1|git3|lit3	jyut6ping3.chars.dict.yaml	single_corpus_signal	unreviewed	
2431	維也納	16.260427	4	0	false	0.000000	ns	ns:4	1.000000	wai4jaa5naap6:4				false		false	true	wai4jaa5naap6	jyut6ping3.words.dict.yaml	proper_name_signal|single_corpus_signal	unreviewed	
2432	罐頭	16.260427	4	0	false	0.000000	n	n:4	0.000000	gun3tau2:4				false		false	true	gun3tau2|gun3tau4	jyut6ping3.words.dict.yaml	single_corpus_signal	unreviewed	
2433	老師	16.260427	4	0	false	0.000000	n	n:4	0.000000	lou5si1:4				false		false	true	lou5si1	jyut6ping3.words.dict.yaml	single_corpus_signal	unreviewed	
2434	老爺	16.260427	4	0	false	0.000000	n	n:4	0.000000	lou5je4:4				false		false	true	lou5je4	jyut6ping3.words.dict.yaml	single_corpus_signal	unreviewed	
2435	聯想	16.260427	4	0	false	0.000000	v	v:2|vn:2	0.000000	lyun4soeng2:4				false		false	true	lyun4soeng2	jyut6ping3.words.dict.yaml	single_corpus_signal	unreviewed	
2436	職位	16.260427	4	0	false	0.000000	n	n:4	0.000000	zik1wai6:4				false		false	true	zik1wai6	jyut6ping3.words.dict.yaml	single_corpus_signal	unreviewed	
2437	聽眾	16.260427	4	0	false	0.000000	n	n:4	0.000000	ting3zung3:4				true	1136	false	false			single_corpus_signal|rime_absent	unreviewed	
2438	聽道	16.260427	4	0	false	0.000000	vn	vn:3|v:1	0.000000	teng1dou6:4				false		false	false			single_corpus_signal|rime_absent	unreviewed	
2439	肉酸	16.260427	4	0	false	0.000000	a	a:4	0.000000	juk6syun1:4				false		false	true	juk6syun1	jyut6ping3.words.dict.yaml	single_corpus_signal	unreviewed	
2440	肥豪	16.260427	4	0	false	0.000000	nr	nr:4	1.000000	fei4hou4:4				false		false	false			proper_name_signal|single_corpus_signal|rime_absent	unreviewed	
2441	腦	16.260427	4	0	false	0.000000	n	n:4	0.000000	nou5:4				false		false	true	nou5	jyut6ping3.chars.dict.yaml	single_corpus_signal	unreviewed	
2442	臨時	16.260427	4	0	false	0.000000	a	a:4	0.000000	lam4si4:4				false		false	true	lam4si4	jyut6ping3.words.dict.yaml	single_corpus_signal	unreviewed	
2443	自殺	16.260427	4	0	false	0.000000	v	v:4	0.000000	zi6saat3:4				false		false	true	zi6saat3	jyut6ping3.words.dict.yaml	single_corpus_signal	unreviewed	
2444	英航	16.260427	4	0	false	0.000000	jnt	jnt:2|nt:2	0.500000	jing1hong4:4				false		false	false			single_corpus_signal|rime_absent	unreviewed	
2445	荒謬	16.260427	4	0	false	0.000000	a	a:4	0.000000	fong1mau6:4				false		false	true	fong1mau6	jyut6ping3.words.dict.yaml	single_corpus_signal	unreviewed	
2446	菲律賓	16.260427	4	0	false	0.000000	ns	ns:4	1.000000	fei1leot6ban1:4				false		false	true	fei1leot6ban1	jyut6ping3.words.dict.yaml	proper_name_signal|single_corpus_signal	unreviewed	
2447	蒜蓉	16.260427	4	0	false	0.000000	n	n:4	0.000000	syun3jung4:4				false		false	false			single_corpus_signal|rime_absent	unreviewed	
2448	蓋	16.260427	4	0	false	0.000000	n	n:4	0.000000	goi3:4				false		false	true	gap3|gap6|goi3|hap6|koi3	jyut6ping3.chars.dict.yaml	single_corpus_signal	unreviewed	
2449	藝術家	16.260427	4	0	false	0.000000	n	n:4	0.000000	ngai6seot6gaa1:4				false		false	false			single_corpus_signal|rime_absent	unreviewed	
2450	表	16.260427	4	0	false	0.000000	n	n:3|Ng:1	0.000000	biu2:4				false		false	true	biu1|biu2	jyut6ping3.chars.dict.yaml	single_corpus_signal	unreviewed	
2451	製造業	16.260427	4	0	false	0.000000	n	n:4	0.000000	zai3zou6jip6:4				false		false	true	zai3zou6jip6	jyut6ping3.words.dict.yaml	single_corpus_signal	unreviewed	
2452	西施	16.260427	4	0	false	0.000000	nz	nz:4	1.000000	sai1si1:4				false		false	true	sai1si1	jyut6ping3.words.dict.yaml	proper_name_signal|single_corpus_signal	unreviewed	
2453	西裝	16.260427	4	0	false	0.000000	n	n:4	0.000000	sai1zong1:4				false		false	true	sai1zong1	jyut6ping3.words.dict.yaml	single_corpus_signal	unreviewed	
2454	西隧	16.260427	4	0	false	0.000000	jns	jns:4	0.000000	sai1seoi6:4				false		false	true	sai1seoi6	jyut6ping3.words.dict.yaml	single_corpus_signal	unreviewed	
2455	見工	16.260427	4	0	false	0.000000	v	v:4	0.000000	gin3gung1:4				false		false	true	gin3gung1	jyut6ping3.words.dict.yaml	single_corpus_signal	unreviewed	
2456	規模	16.260427	4	0	false	0.000000	n	n:4	0.000000	kwai1mou4:4				false		false	true	kwai1mou4	jyut6ping3.words.dict.yaml	single_corpus_signal	unreviewed	
2457	註冊	16.260427	4	0	false	0.000000	v	v:4	0.000000	zyu3caak3:4				false		false	true	zyu3caak3	jyut6ping3.words.dict.yaml	single_corpus_signal	unreviewed	
2458	話題	16.260427	4	0	false	0.000000	n	n:4	0.000000	waa6tai4:4				false		false	true	waa6tai4	jyut6ping3.words.dict.yaml	single_corpus_signal	unreviewed	
2459	認得	16.260427	4	0	false	0.000000	v	v:4	0.000000	jing6dak1:4				false		false	true	jing6dak1	jyut6ping3.words.dict.yaml	single_corpus_signal	unreviewed	
2460	講法	16.260427	4	0	false	0.000000	n	n:4	0.000000	gong2faat3:4				true	1847	false	true	gong2faat3	jyut6ping3.words.dict.yaml	single_corpus_signal	unreviewed	
2461	證書	16.260427	4	0	false	0.000000	n	n:4	0.000000	zing3syu1:4				false		false	true	zing3syu1	jyut6ping3.words.dict.yaml	single_corpus_signal	unreviewed	
2462	警察	16.260427	4	0	false	0.000000	n	n:4	0.000000	ging2caat3:4				false		false	true	ging2caat3	jyut6ping3.words.dict.yaml	single_corpus_signal	unreviewed	
2463	谷	16.260427	4	0	false	0.000000	nr	nr:4	1.000000	guk1:4				false		false	true	guk1|juk6|luk6	jyut6ping3.chars.dict.yaml	proper_name_signal|single_corpus_signal	unreviewed	
2464	跌打	16.260427	4	0	false	0.000000	n	n:4	0.000000	tit3daa2:4				false		false	true	dit3daa2|tit3daa2	jyut6ping3.words.dict.yaml	single_corpus_signal	unreviewed	
2465	跑出	16.260427	4	0	false	0.000000	v	v:4	0.000000	paau2ceot1:4				false		false	false			single_corpus_signal|rime_absent	unreviewed	
2466	跑步	16.260427	4	0	false	0.000000	v	v:4	0.000000	paau2bou6:4				false		false	true	paau2bou6	jyut6ping3.words.dict.yaml	single_corpus_signal	unreviewed	
2467	跑馬	16.260427	4	0	false	0.000000	v	v:3|vn:1	0.000000	paau2maa5:4				false		false	true	paau2maa5	jyut6ping3.words.dict.yaml	single_corpus_signal	unreviewed	
2468	踎	16.260427	4	0	false	0.000000	v	v:4	0.000000	mau1:4				false		false	true	mau1	jyut6ping3.chars.dict.yaml	single_corpus_signal	unreviewed	
2469	踢波	16.260427	4	0	false	0.000000	v	v:4	0.000000	tek3bo1:4				false		false	true	tek3bo1	jyut6ping3.words.dict.yaml	single_corpus_signal	unreviewed	
2470	躉	16.260427	4	0	false	0.000000	v	v:2|q:2	0.000000	dan2:4				false		false	true	dan2	jyut6ping3.chars.dict.yaml	single_corpus_signal	unreviewed	
2471	身邊	16.260427	4	0	false	0.000000	f	f:4	0.000000	san1bin1:4				true	1153	false	true	san1bin1	jyut6ping3.words.dict.yaml	single_corpus_signal	unreviewed	
2472	速度	16.260427	4	0	false	0.000000	n	n:4	0.000000	cuk1dou6:4				true	1603	false	true	cuk1dou6	jyut6ping3.words.dict.yaml	single_corpus_signal	unreviewed	
2473	連續	16.260427	4	0	false	0.000000	a	a:4	0.000000	lin4zuk6:4				false		false	true	lin4zuk6	jyut6ping3.words.dict.yaml	single_corpus_signal	unreviewed	
2474	運動會	16.260427	4	0	false	0.000000	n	n:4	0.000000	wan6dung6wui2:4				false		false	true	wan6dung6wui2	jyut6ping3.words.dict.yaml	single_corpus_signal	unreviewed	
2475	運程	16.260427	4	0	false	0.000000	n	n:4	0.000000	wan6cing4:4				false		false	true	wan6cing4	jyut6ping3.words.dict.yaml	single_corpus_signal	unreviewed	
2476	道歉	16.260427	4	0	false	0.000000	vn	vn:4	0.000000	dou6hip3:4				false		false	true	dou6hip3	jyut6ping3.words.dict.yaml	single_corpus_signal	unreviewed	
2477	適應	16.260427	4	0	false	0.000000	vn	vn:3|v:1	0.000000	sik1jing3:4				false		false	true	sik1jing3	jyut6ping3.words.dict.yaml	single_corpus_signal	unreviewed	
2478	釀	16.260427	4	0	false	0.000000	v	v:4	0.000000	joeng6:4				false		false	true	joeng6	jyut6ping3.chars.dict.yaml	single_corpus_signal	unreviewed	
2479	金錢	16.260427	4	0	false	0.000000	n	n:4	0.000000	gam1cin4:4				false		false	true	gam1cin4	jyut6ping3.words.dict.yaml	single_corpus_signal	unreviewed	
2480	金魚缸	16.260427	4	0	false	0.000000	n	n:4	0.000000	gam1jyu4gong1:4				false		false	true	gam1jyu4gong1	jyut6ping3.words.dict.yaml	single_corpus_signal	unreviewed	
2481	鎔基	16.260427	4	0	false	0.000000	nr	nr:4	1.000000	jung4gei1:4				false		false	false			proper_name_signal|single_corpus_signal|rime_absent	unreviewed	
2482	鏡頭	16.260427	4	0	false	0.000000	n	n:4	0.000000	geng3tau4:4				false		false	true	geng3tau4	jyut6ping3.words.dict.yaml	single_corpus_signal	unreviewed	
2483	開叉	16.260427	4	0	false	0.000000	v	v:4	0.000000	hoi1caa1:4				false		false	true	hoi1caa1	jyut6ping3.words.dict.yaml	single_corpus_signal	unreviewed	
2484	阿伯	16.260427	4	0	false	0.000000	n	n:4	0.000000	aa3baak3:4				false		false	true	aa3baak3	jyut6ping3.words.dict.yaml	single_corpus_signal	unreviewed	
2485	阿叔	16.260427	4	0	false	0.000000	n	n:4	0.000000	aa3suk1:4				false		false	true	aa3suk1	jyut6ping3.words.dict.yaml	single_corpus_signal	unreviewed	
2486	阿張	16.260427	4	0	false	0.000000	nr	nr:4	1.000000	aa3zoeng1:4				false		false	false			proper_name_signal|single_corpus_signal|rime_absent	unreviewed	
2487	阿慧	16.260427	4	0	false	0.000000	nr	nr:4	1.000000	aa3wai6:4				false		false	false			proper_name_signal|single_corpus_signal|rime_absent	unreviewed	
2488	阿表姐	16.260427	4	0	false	0.000000	n	n:4	0.000000	aa3biu2ze2:4				false		false	false			single_corpus_signal|rime_absent	unreviewed	
2489	阿諾	16.260427	4	0	false	0.000000	nr	nr:4	1.000000	aa3nok6:4				false		false	false			proper_name_signal|single_corpus_signal|rime_absent	unreviewed	
2490	限量	16.260427	4	0	false	0.000000	v	v:4	0.000000	haan6loeng6:4				false		false	true	haan6loeng6	jyut6ping3.words.dict.yaml	single_corpus_signal	unreviewed	
2491	陰公	16.260427	4	0	false	0.000000	a	a:4	0.000000	jam1gung1:4				false		false	true	jam1gung1	jyut6ping3.words.dict.yaml	single_corpus_signal	unreviewed	
2492	離譜	16.260427	4	0	false	0.000000	a	a:4	0.000000	lei4pou2:4				false		false	true	lei4pou2	jyut6ping3.words.dict.yaml	single_corpus_signal	unreviewed	
2493	離開	16.260427	4	0	false	0.000000	v	v:4	0.000000	lei4hoi1:4				true	1135	false	true	lei4hoi1	jyut6ping3.words.dict.yaml	single_corpus_signal	unreviewed	
2494	難得	16.260427	4	0	false	0.000000	a	a:4	0.000000	naan4dak1:4				false		false	true	naan4dak1	jyut6ping3.words.dict.yaml	single_corpus_signal	unreviewed	
2495	難忘	16.260427	4	0	false	0.000000	a	a:3|v:1	0.000000	naan4mong4:4				false		false	true	naan4mong4	jyut6ping3.words.dict.yaml	single_corpus_signal	unreviewed	
2496	難頂	16.260427	4	0	false	0.000000	a	a:4	0.000000	naan4ding2:4				false		false	true	naan4ding2	jyut6ping3.words.dict.yaml	single_corpus_signal	unreviewed	
2497	難食	16.260427	4	0	false	0.000000	a	a:4	0.000000	naan4sik6:4				false		false	true	naan4sik6	jyut6ping3.words.dict.yaml	single_corpus_signal	unreviewed	
2498	雪	16.260427	4	0	false	0.000000	n	n:2|v:2	0.000000	syut3:4				false		false	true	syut3	jyut6ping3.chars.dict.yaml	single_corpus_signal	unreviewed	
2499	雪碧	16.260427	4	0	false	0.000000	nr	nr:4	1.000000	syut3bik1:4				false		false	true	syut3bik1	jyut6ping3.words.dict.yaml	proper_name_signal|single_corpus_signal	unreviewed	
2500	頭腦	16.260427	4	0	false	0.000000	n	n:4	0.000000	tau4nou5:4				false		false	true	tau4nou5	jyut6ping3.words.dict.yaml	single_corpus_signal	unreviewed	
2501	頻密	16.260427	4	0	false	0.000000	a	a:4	0.000000	pan4mat6:4				false		false	true	pan4mat6	jyut6ping3.words.dict.yaml	single_corpus_signal	unreviewed	
2502	飛去	16.260427	4	0	false	0.000000	v	v:4	0.000000	fei1heoi3:4				false		false	false			single_corpus_signal|rime_absent	unreviewed	
2503	香港區	16.260427	4	0	false	0.000000	ns	ns:4	1.000000	hoeng1gong2keoi1:4				false		false	false			proper_name_signal|single_corpus_signal|rime_absent	unreviewed	
2504	騷擾	16.260427	4	0	false	0.000000	v	v:4	0.000000	sou1jiu2:4				false		false	true	sou1jiu2|sou1jiu5	jyut6ping3.words.dict.yaml	single_corpus_signal	unreviewed	
2505	高興	16.260427	4	0	false	0.000000	a	a:4	0.000000	gou1hing3:4				false		false	true	gou1hing3	jyut6ping3.words.dict.yaml	single_corpus_signal	unreviewed	
2506	鬼佬	16.260427	4	0	false	0.000000	n	n:4	0.000000	gwai2lou2:4				false		false	true	gwai2lou2	jyut6ping3.words.dict.yaml	single_corpus_signal	unreviewed	
2507	麥皮蟲	16.260427	4	0	false	0.000000	nz	nz:4	1.000000	mak6pei4cung4:4				false		false	false			proper_name_signal|single_corpus_signal|rime_absent	unreviewed	
2508	三十一	15.488508	0	3	false	0.000000			0.000000		m	m:3	saam1sap6jat1:3	false		false	false			single_corpus_signal|rime_absent|quantified_sequence	unreviewed	
2509	下低	15.488508	0	3	false	0.000000			0.000000		t	t:2|x:1	haa6dai1:3	false		false	true	haa6dai1	jyut6ping3.words.dict.yaml	single_corpus_signal	unreviewed	
2510	下半	15.488508	0	3	false	0.000000			0.000000		t	t:2|m:1	haa6bun3:3	false		false	true	haa6bun3	jyut6ping3.words.dict.yaml	single_corpus_signal	unreviewed	
2511	並排	15.488508	0	3	false	0.000000			0.000000		r	r:1|t:1|Vg:1	bing6paai4:3	false		false	true	bing6paai4	jyut6ping3.words.dict.yaml	single_corpus_signal	unreviewed	
2512	井	15.488508	0	3	false	0.000000			0.000000		n	n:2|i:1	zeng2:3	true	845	false	true	zeng2|zing2	jyut6ping3.chars.dict.yaml	single_corpus_signal	unreviewed	
2513	企人	15.488508	0	3	false	0.000000			0.000000		n	n:3	kei5jan4:3	false		false	false			single_corpus_signal|rime_absent	unreviewed	
2514	入嚟	15.488508	0	3	false	0.000000			0.000000		v	v:2|Nsg:1	jap6lai4:3	false		false	true	jap6lai4	jyut6ping3.words.dict.yaml	single_corpus_signal|directional_chain	unreviewed	
2515	兩者	15.488508	0	3	false	0.000000			0.000000		n	n:3	loeng5ze2:3	false		false	false			single_corpus_signal|rime_absent|quantified_sequence	unreviewed	
2516	共同	15.488508	0	3	false	0.000000			0.000000		v	v:2|x:1	gung6tung4:3	false		false	true	gung6tung4	jyut6ping3.words.dict.yaml	single_corpus_signal	unreviewed	
2517	冇問題	15.488508	0	3	false	0.000000			0.000000		v	v:1|a:1|xx:1	mou5man6tai4:3	true	478	false	true	mou5man6tai4	jyut6ping3.words.dict.yaml	single_corpus_signal|negated_sequence	unreviewed	
2518	再次	15.488508	0	3	false	0.000000			0.000000		r	r:2|t:1	zoi3ci3:3	false		false	true	zoi3ci3	jyut6ping3.words.dict.yaml	single_corpus_signal	unreviewed	
2519	冤枉	15.488508	0	3	false	0.000000			0.000000		v	v:2|nr:1	jun1wong2:3	false		false	true	jyun1wong2	jyut6ping3.words.dict.yaml	single_corpus_signal	unreviewed	
2520	勁盛	15.488508	0	3	false	0.000000			0.000000		d	d:2|nr:1	ging6sing6:3	false		false	false			single_corpus_signal|rime_absent	unreviewed	
2521	勇士	15.488508	0	3	false	0.000000			0.000000		n	n:3	jung5si6:3	false		false	true	jung5si6	jyut6ping3.words.dict.yaml	single_corpus_signal	unreviewed	
2522	勇腰帳	15.488508	0	3	false	0.000000			0.000000		xjnt	xjnt:1|nz:1|n:1	jung5jiu1zoeng3:3	false		false	false			single_corpus_signal|rime_absent	unreviewed	
2523	勇腰沙漠	15.488508	0	3	false	0.000000			0.000000		v	v:2|ns:1	jung5jiu1saa1mok6:3	false		false	false			single_corpus_signal|rime_absent	unreviewed	
2524	右下	15.488508	0	3	false	0.000000			0.000000		f	f:2|s:1	jau6haa6:3	true	1223	false	false			single_corpus_signal|rime_absent	unreviewed	
2525	右手方	15.488508	0	3	false	0.000000			0.000000		n	n:3	jau6sau2fong1:3	false		false	false			single_corpus_signal|rime_absent	unreviewed	
2526	唔得	15.488508	0	3	false	0.000000			0.000000		l	l:2|v:1	m4dak1:3	false		false	true	m4dak1	jyut6ping3.words.dict.yaml	single_corpus_signal|negated_sequence	unreviewed	
2527	善貧大廈	15.488508	0	3	false	0.000000			0.000000		n	n:2|v:1	sin6pan4daai6haa6:3	false		false	false			single_corpus_signal|rime_absent	unreviewed	
2528	噼噼	15.488508	0	3	false	0.000000			0.000000		a	a:1|n:1|v:1	pat1pat1:3	false		false	true	pet1pet1	jyut6ping3.words.dict.yaml	single_corpus_signal	unreviewed	
2529	四分三	15.488508	0	3	false	0.000000			0.000000		m	m:3	sei3fan6saam1:3	false		false	false			single_corpus_signal|rime_absent|numeric_measure_time_sequence|quantified_sequence	unreviewed	
2530	垂	15.488508	0	3	false	0.000000			0.000000		v	v:2|n:1	seoi4:3	false		false	true	seoi4	jyut6ping3.chars.dict.yaml	single_corpus_signal	unreviewed	
2531	大小	15.488508	0	3	false	0.000000			0.000000		a	a:3	daai6siu2:3	false		false	true	daai6siu2	jyut6ping3.words.dict.yaml	single_corpus_signal	unreviewed	
2532	始	15.488508	0	3	false	0.000000			0.000000		n	n:2|q:1	ci2:3	false		false	true	ci2	jyut6ping3.chars.dict.yaml	single_corpus_signal	unreviewed	
2533	姓氏	15.488508	0	3	false	0.000000			0.000000		v	v:1|e:1|a:1	sing3si1:3	false		false	true	sing3si6	jyut6ping3.words.dict.yaml	single_corpus_signal	unreviewed	
2534	實驗	15.488508	0	3	false	0.000000			0.000000		d	d:1|Ng:1|n:1	sat6jim6:3	false		false	true	sat6jim6	jyut6ping3.words.dict.yaml	single_corpus_signal	unreviewed	
2535	屋頂	15.488508	0	3	false	0.000000			0.000000		n	n:3	uk1deng2:3	false		false	true	uk1deng2	jyut6ping3.words.dict.yaml	single_corpus_signal	unreviewed	
2536	延伸	15.488508	0	3	false	0.000000			0.000000		v	v:3	jin4san1:3	false		false	true	jin4san1	jyut6ping3.words.dict.yaml	single_corpus_signal	unreviewed	
2537	彭洞山	15.488508	0	3	false	0.000000			0.000000		n	n:1|nr:1|a:1	paang4dung6saan1:3	false		false	false			single_corpus_signal|rime_absent	unreviewed	
2538	得唔得	15.488508	0	3	false	0.000000			0.000000		u	u:2|v:1	dak1m4dak1:3	false		false	true	dak1m4dak1	jyut6ping3.words.dict.yaml	single_corpus_signal	unreviewed	
2539	忍者	15.488508	0	3	false	0.000000			0.000000		n	n:3	jan2ze2:3	false		false	true	jan2ze2	jyut6ping3.words.dict.yaml	single_corpus_signal	unreviewed	
2540	怨恨	15.488508	0	3	false	0.000000			0.000000		v	v:2|a:1	jun3han6:3	false		false	true	jyun3han6	jyut6ping3.words.dict.yaml	single_corpus_signal	unreviewed	
2541	戀燕瀑布	15.488508	0	3	false	0.000000			0.000000		x	x:1|n:1|nr:1	lyun2jin3buk6bou3:3	false		false	false			single_corpus_signal|rime_absent	unreviewed	
2542	打側	15.488508	0	3	false	0.000000			0.000000		v	v:3	daa2zak1:3	false		false	true	daa2zak1	jyut6ping3.words.dict.yaml	single_corpus_signal	unreviewed	
2543	打平	15.488508	0	3	false	0.000000			0.000000		v	v:3	daa2ping4:3	false		false	false			single_corpus_signal|rime_absent	unreviewed	
2544	拱形	15.488508	0	3	false	0.000000			0.000000		n	n:3	gung2jing4:3	false		false	true	gung2jing4	jyut6ping3.words.dict.yaml	single_corpus_signal	unreviewed	
2545	指引	15.488508	0	3	false	0.000000			0.000000		v	v:3	zi2jan5:3	false		false	true	zi2jan5	jyut6ping3.words.dict.yaml	single_corpus_signal	unreviewed	
2546	排氣筒	15.488508	0	3	false	0.000000			0.000000		n	n:3	paai4hei3tung2:3	false		false	false			single_corpus_signal|rime_absent	unreviewed	
2547	提供者	15.488508	0	3	false	0.000000			0.000000		n	n:2|v:1	tai4gung1ze2:3	false		false	false			single_corpus_signal|rime_absent	unreviewed	
2548	擁抱	15.488508	0	3	false	0.000000			0.000000		v	v:2|n:1	jung2pou5:3	false		false	true	jung2pou5	jyut6ping3.words.dict.yaml	single_corpus_signal	unreviewed	
2549	擰憂	15.488508	0	3	false	0.000000			0.000000		v	v:3	ning2jau1:3	false		false	false			single_corpus_signal|rime_absent	unreviewed	
2550	效率	15.488508	0	3	false	0.000000			0.000000		n	n:3	haau6leot2:3	true	1510	false	true	haau6leot2|haau6leot6	jyut6ping3.words.dict.yaml	single_corpus_signal	unreviewed	
2551	方位	15.488508	0	3	false	0.000000			0.000000		n	n:3	fong1wai6:3	false		false	true	fong1wai2	jyut6ping3.words.dict.yaml	single_corpus_signal	unreviewed	
2552	時效	15.488508	0	3	false	0.000000			0.000000		n	n:3	si4haau6:3	true	1684	false	false			single_corpus_signal|rime_absent	unreviewed	
2553	時效城堡	15.488508	0	3	false	0.000000			0.000000		n	n:3	si4haau6sing4bou2:3	false		false	false			single_corpus_signal|rime_absent	unreviewed	
2554	火箭	15.488508	0	3	false	0.000000			0.000000		n	n:2|x:1	fo2zin3:3	false		false	true	fo2zin3	jyut6ping3.words.dict.yaml	single_corpus_signal	unreviewed	
2555	無視	15.488508	0	3	false	0.000000			0.000000		a	a:3	mou4si6:3	false		false	true	mou4si6	jyut6ping3.words.dict.yaml	single_corpus_signal	unreviewed	
2556	球號	15.488508	0	3	false	0.000000			0.000000		t	t:2|n:1	kau4hou6:3	false		false	false			single_corpus_signal|rime_absent	unreviewed	
2557	痛苦	15.488508	0	3	false	0.000000			0.000000		a	a:3	tung3fu2:3	false		false	true	tung3fu2	jyut6ping3.words.dict.yaml	single_corpus_signal	unreviewed	
2558	盾牌	15.488508	0	3	false	0.000000			0.000000		n	n:3	teon5paai4:3	false		false	true	teon5paai4	jyut6ping3.words.dict.yaml	single_corpus_signal	unreviewed	
2559	眼淚	15.488508	0	3	false	0.000000			0.000000		n	n:2|x:1	ngaan5leoi6:3	false		false	true	ngaan5leoi6	jyut6ping3.words.dict.yaml	single_corpus_signal	unreviewed	
2560	確定	15.488508	0	3	false	0.000000			0.000000		v	v:2|a:1	kok3ding6:3	false		false	true	kok3ding6	jyut6ping3.words.dict.yaml	single_corpus_signal	unreviewed	
2561	確認	15.488508	0	3	false	0.000000			0.000000		v	v:3	kok3jing6:3	false		false	true	kok3jing6	jyut6ping3.words.dict.yaml	single_corpus_signal	unreviewed	
2562	礦工	15.488508	0	3	false	0.000000			0.000000		a	a:2|v:1	kwong3gung1:3	false		false	true	kwong3gung1	jyut6ping3.words.dict.yaml	single_corpus_signal	unreviewed	
2563	空隙	15.488508	0	3	false	0.000000			0.000000		n	n:3	hung1kwik1:3	false		false	true	hung1gwik1|hung1kwik1	jyut6ping3.words.dict.yaml	single_corpus_signal	unreviewed	
2564	端	15.488508	0	3	false	0.000000			0.000000		d	d:2|Ng:1	dyun1:2|dong1:1	true	1991	false	true	dyun1	jyut6ping3.chars.dict.yaml	single_corpus_signal	unreviewed	
2565	等邊	15.488508	0	3	false	0.000000			0.000000		f	f:2|v:1	dang2bin1:3	false		false	true	dang2bin1	jyut6ping3.words.dict.yaml	single_corpus_signal	unreviewed	
2566	範圍	15.488508	0	3	false	0.000000			0.000000		n	n:2|v:1	faan6wai4:3	false		false	true	faan6wai4	jyut6ping3.words.dict.yaml	single_corpus_signal	unreviewed	
2567	精準	15.488508	0	3	false	0.000000			0.000000		a	a:3	zing1zeon2:3	false		false	true	zing1zeon2	jyut6ping3.words.dict.yaml	single_corpus_signal	unreviewed	
2568	純潔	15.488508	0	3	false	0.000000			0.000000		a	a:3	seon4git3:3	false		false	true	seon4git3	jyut6ping3.words.dict.yaml	single_corpus_signal	unreviewed	
2569	萍	15.488508	0	3	false	0.000000			0.000000		n	n:2|d:1	ping4:3	true	295	false	true	ping4	jyut6ping3.chars.dict.yaml	single_corpus_signal	unreviewed	
2570	萍恨	15.488508	0	3	false	0.000000			0.000000		Ng	Ng:1|x:1|n:1	ping4han6:3	false		false	false			single_corpus_signal|rime_absent	unreviewed	
2571	著	15.488508	0	3	false	0.000000			0.000000		v	v:2|n:1	zyu3:3	true	1446	false	true	zoek3|zoek6|zyu3	jyut6ping3.chars.dict.yaml	single_corpus_signal	unreviewed	
2572	蕩失路	15.488508	0	3	false	0.000000			0.000000		e	e:1|n:1|Ng:1	dong6sat1lou6:3	false		false	true	dong6sat1lou6	jyut6ping3.words.dict.yaml	single_corpus_signal	unreviewed	
2573	表達	15.488508	0	3	false	0.000000			0.000000		v	v:3	biu2daat6:3	true	791	false	true	biu2daat6	jyut6ping3.words.dict.yaml	single_corpus_signal	unreviewed	
2574	角落	15.488508	0	3	false	0.000000			0.000000		v	v:3	gok3lok1:3	false		false	true	gok3lok6	jyut6ping3.words.dict.yaml	single_corpus_signal	unreviewed	
2575	角落頭	15.488508	0	3	false	0.000000			0.000000		a	a:2|n:1	gok3lok1tau2:3	false		false	true	gok3lok1tau2	jyut6ping3.words.dict.yaml	single_corpus_signal	unreviewed	
2576	貧	15.488508	0	3	false	0.000000			0.000000		n	n:2|v:1	pan4:3	true	528	false	true	pan4	jyut6ping3.chars.dict.yaml	single_corpus_signal	unreviewed	
2577	貧善大廈	15.488508	0	3	false	0.000000			0.000000		v	v:2|n:1	pan4sin6daai6haa6:3	false		false	false			single_corpus_signal|rime_absent	unreviewed	
2578	賀	15.488508	0	3	false	0.000000			0.000000		Nsg	Nsg:1|n:1|v:1	ho6:3	true	1447	false	true	ho3|ho6	jyut6ping3.chars.dict.yaml	single_corpus_signal	unreviewed	
2579	達	15.488508	0	3	false	0.000000			0.000000		v	v:3	daat6:3	false		false	true	daat6|taat3	jyut6ping3.chars.dict.yaml	single_corpus_signal	unreviewed	
2580	遠怨墓	15.488508	0	3	false	0.000000			0.000000		v	v:2|n:1	jyun5jyun3mou6:3	false		false	false			single_corpus_signal|rime_absent	unreviewed	
2581	還是	15.488508	0	3	false	0.000000			0.000000		v	v:2|n:1	waan4si6:3	false		false	true	waan4si6	jyut6ping3.words.dict.yaml	single_corpus_signal	unreviewed	
2582	重覆	15.488508	0	3	false	0.000000			0.000000		v	v:2|a:1	cung4fuk1:3	false		false	true	cung4fuk1	jyut6ping3.words.dict.yaml	single_corpus_signal	unreviewed	
2583	野	15.488508	0	3	false	0.000000			0.000000		n	n:3	je5:3	false		false	true	je5	jyut6ping3.chars.dict.yaml	single_corpus_signal	unreviewed	
2584	長度	15.488508	0	3	false	0.000000			0.000000		n	n:3	coeng4dou6:3	false		false	true	coeng4dou6	jyut6ping3.words.dict.yaml	single_corpus_signal	unreviewed	
2585	陪提杯	15.488508	0	3	false	0.000000			0.000000		n	n:2|v:1	pui4tai4bui1:3	false		false	false			single_corpus_signal|rime_absent	unreviewed	
2586	陶排工場	15.488508	0	3	false	0.000000			0.000000		n	n:3	tou4paai4gung1coeng4:3	false		false	false			single_corpus_signal|rime_absent	unreviewed	
2587	陶瓷	15.488508	0	3	false	0.000000			0.000000		v	v:3	tou4ci4:3	false		false	true	tou4ci4	jyut6ping3.words.dict.yaml	single_corpus_signal	unreviewed	
2588	雞髀	15.488508	0	3	false	0.000000			0.000000		n	n:3	gai1bei2:3	false		false	true	gai1bei2	jyut6ping3.words.dict.yaml	single_corpus_signal	unreviewed	
2589	零點二	15.488508	0	3	false	0.000000			0.000000		m	m:2|n:1	ling4dim2ji6:3	false		false	false			single_corpus_signal|rime_absent|numeric_measure_time_sequence	unreviewed	
2590	韻靚洞	15.488508	0	3	false	0.000000			0.000000		v	v:1|n:1|Ng:1	wan5leng3dung6:3	false		false	false			single_corpus_signal|rime_absent	unreviewed	
2591	順利	15.488508	0	3	false	0.000000			0.000000		v	v:1|a:1|ns:1	seon6lei6:3	false		false	true	seon6lei6	jyut6ping3.words.dict.yaml	single_corpus_signal	unreviewed	
2592	領憂	15.488508	0	3	false	0.000000			0.000000		n	n:1|Vg:1|x:1	ling5jau1:3	false		false	false			single_corpus_signal|rime_absent	unreviewed	
2593	風車	15.488508	0	3	false	0.000000			0.000000		n	n:3	fung1ce1:3	true	376	false	true	fung1ce1	jyut6ping3.words.dict.yaml	single_corpus_signal	unreviewed	
2594	飯碗	15.488508	0	3	false	0.000000			0.000000		n	n:1|x:1|nr:1	faan6wun2:3	false		false	true	faan6wun2	jyut6ping3.words.dict.yaml	single_corpus_signal	unreviewed	
2595	駱駝	15.488508	0	3	false	0.000000			0.000000		n	n:2|v:1	lok3to4:3	false		false	true	lok3to4|lok6to4	jyut6ping3.words.dict.yaml	single_corpus_signal	unreviewed	
2596	默契	15.488508	0	3	false	0.000000			0.000000		v	v:2|vn:1	mak6kai3:3	false		false	true	mak6kai3	jyut6ping3.words.dict.yaml	single_corpus_signal	unreviewed	
2597	鼻樹	15.488508	0	3	false	0.000000			0.000000		n	n:1|x:1|v:1	bei6syu6:3	false		false	false			single_corpus_signal|rime_absent	unreviewed	
2598	七七八八	14.390778	1	2	true	0.393689	i	i:1	0.000000	cat1cat1baat3baat3:1	m	m:2	cat1cat1baat3baat3:2	false		false	true	cat1cat1baat3baat3	jyut6ping3.words.dict.yaml	quantified_sequence	unreviewed	
2615	第五	14.390778	1	2	true	0.393689	m	m:1	0.000000	dai6ng5:1	m	m:2	dai6ng5:2	false		false	false			rime_absent|quantified_sequence	unreviewed	
2623	三十二	13.293049	2	1	true	0.635018	m	m:2	0.000000	saam1sap6ji6:2	m	m:1	saam1sap6ji6:1	false		false	false			rime_absent|quantified_sequence	unreviewed	
2629	十二點鐘	13.293049	2	1	true	0.635018	t	t:2	0.000000	sap6ji6dim2zung1:2	t	t:1	sap6ji6dim2zung1:1	false		false	false			rime_absent|numeric_measure_time_sequence|quantified_sequence	unreviewed	
2630	唔覺意	13.293049	2	1	true	0.635018	v	v:2	0.000000	m4gok3ji3:2	n	n:1	m4gok3ji3:1	false		false	true	m4gok3ji3	jyut6ping3.words.dict.yaml	negated_sequence	unreviewed	
2631	四成	13.293049	2	1	true	0.635018	m	m:2	0.000000	sei3sing4:2	m	m:1	sei3sing4:1	false		false	false			rime_absent|numeric_measure_time_sequence|quantified_sequence	unreviewed	
2636	幾點鐘	13.293049	2	1	true	0.635018	r	r:2	0.000000	gei2dim2zung1:2	d	d:1	gei2dim2zung1:1	false		false	true	gei2dim2zung1	jyut6ping3.words.dict.yaml	numeric_measure_time_sequence|quantified_sequence	unreviewed	
2645	根	13.293049	2	1	true	0.635018	nr	nr:2	1.000000	gan1:2	n	n:1	gan1:1	false		false	true	gan1	jyut6ping3.chars.dict.yaml	proper_name_signal	unreviewed	
2648	稍為	13.293049	2	1	true	0.635018	d	d:2	0.000000	saau2wai4:2	d	d:1	saau2wai4:1	false		false	false			rime_absent	unreviewed	
2657	一五五零	12.195320	3	0	false	0.000000	m	m:3	0.000000	jat1ng5ng5ling4:3				false		false	false			single_corpus_signal|rime_absent|quantified_sequence	unreviewed	
2658	一六八	12.195320	3	0	false	0.000000	m	m:3	0.000000	jat1luk6baat3:3				false		false	false			single_corpus_signal|rime_absent|quantified_sequence	unreviewed	
2659	一千	12.195320	3	0	false	0.000000	m	m:3	0.000000	jat1cin1:3				false		false	true	jat1cin1	jyut6ping3.words.dict.yaml	single_corpus_signal|quantified_sequence	unreviewed	
2660	一時時	12.195320	3	0	false	0.000000	d	d:3	0.000000	jat1si2si4:2|jat1si4si4:1				false		false	true	jat1si2si4|jat1si4si4	jyut6ping3.words.dict.yaml	single_corpus_signal|quantified_sequence	unreviewed	
2661	一月	12.195320	3	0	false	0.000000	t	t:3	0.000000	jat1jyut6:3				false		false	true	jat1jyut6	jyut6ping3.words.dict.yaml	single_corpus_signal|numeric_measure_time_sequence|quantified_sequence	unreviewed	
2662	七彩神仙	12.195320	3	0	false	0.000000	n	n:3	0.000000	cat1coi2san4sin1:3				false		false	false			single_corpus_signal|rime_absent|quantified_sequence	unreviewed	
2663	七百	12.195320	3	0	false	0.000000	m	m:3	0.000000	cat1baak3:3				false		false	false			single_corpus_signal|rime_absent|quantified_sequence	unreviewed	
2664	三保	12.195320	3	0	false	0.000000	jn	jn:3	0.000000	saam1bou2:3				false		false	false			single_corpus_signal|rime_absent|quantified_sequence	unreviewed	
2665	三分一	12.195320	3	0	false	0.000000	m	m:3	0.000000	saam1fan6jat1:3				false		false	false			single_corpus_signal|rime_absent|numeric_measure_time_sequence|quantified_sequence	unreviewed	
2666	三千零	12.195320	3	0	false	0.000000	m	m:3	0.000000	saam1cin1leng4:3				false		false	false			single_corpus_signal|rime_absent|quantified_sequence	unreviewed	
2667	三流	12.195320	3	0	false	0.000000	b	b:3	0.000000	saam1lau4:3				false		false	false			single_corpus_signal|rime_absent|quantified_sequence	unreviewed	
2668	三百五十萬	12.195320	3	0	false	0.000000	m	m:3	0.000000	saam1baak3ng5sap6maan6:3				false		false	false			single_corpus_signal|rime_absent|quantified_sequence	unreviewed	
2669	不知所謂	12.195320	3	0	false	0.000000	i	i:3	0.000000	bat1zi1so2wai6:3				false		false	true	bat1zi1so2wai6	jyut6ping3.words.dict.yaml	single_corpus_signal	unreviewed	
2670	丙	12.195320	3	0	false	0.000000	v	v:3	0.000000	bing2:3				false		false	true	bing2	jyut6ping3.chars.dict.yaml	single_corpus_signal	unreviewed	
2671	中五	12.195320	3	0	false	0.000000	jb	jb:3	0.000000	zung1ng5:3				false		false	false			single_corpus_signal|rime_absent	unreviewed	
2672	中年	12.195320	3	0	false	0.000000	n	n:3	0.000000	zung1nin4:3				false		false	true	zung1nin4	jyut6ping3.words.dict.yaml	single_corpus_signal	unreviewed	
2673	中途	12.195320	3	0	false	0.000000	f	f:2|b:1	0.000000	zung1tou4:3				false		false	true	zung1tou4	jyut6ping3.words.dict.yaml	single_corpus_signal	unreviewed	
2674	主人zaa1	12.195320	3	0	false	0.000000	n	n:3	0.000000	zyu2jan4zaa1:3				false		false	false			single_corpus_signal|rime_absent	unreviewed	
2675	主人家	12.195320	3	0	false	0.000000	n	n:3	0.000000	zyu2jan4gaa1:3				false		false	true	zyu2jan4gaa1	jyut6ping3.words.dict.yaml	single_corpus_signal	unreviewed	
2676	之上	12.195320	3	0	false	0.000000	f	f:3	0.000000	zi1soeng6:3				false		false	true	zi1soeng6	jyut6ping3.words.dict.yaml	single_corpus_signal	unreviewed	
2677	乜野	12.195320	3	0	false	0.000000	r	r:3	0.000000	mat1je5:3				false		false	false			single_corpus_signal|rime_absent	unreviewed	
2678	九十幾	12.195320	3	0	false	0.000000	m	m:3	0.000000	gau2sap6gei2:3				false		false	false			single_corpus_signal|rime_absent|quantified_sequence	unreviewed	
2679	事件	12.195320	3	0	false	0.000000	n	n:3	0.000000	si6gin2:3				false		false	true	si6gin2	jyut6ping3.words.dict.yaml	single_corpus_signal	unreviewed	
2680	事關	12.195320	3	0	false	0.000000	v	v:3	0.000000	si6gwaan1:3				false		false	true	si6gwaan1	jyut6ping3.words.dict.yaml	single_corpus_signal	unreviewed	
2681	二月	12.195320	3	0	false	0.000000	t	t:3	0.000000	ji6jyut6:3				false		false	true	ji6jyut6	jyut6ping3.words.dict.yaml	single_corpus_signal|numeric_measure_time_sequence	unreviewed	
2682	五號	12.195320	3	0	false	0.000000	t	t:3	0.000000	ng5hou6:3				false		false	false			single_corpus_signal|rime_absent|numeric_measure_time_sequence|quantified_sequence	unreviewed	
2683	人名	12.195320	3	0	false	0.000000	n	n:3	0.000000	jan4meng2:3				false		false	true	jan4meng2	jyut6ping3.words.dict.yaml	single_corpus_signal	unreviewed	
2684	人心惶惶	12.195320	3	0	false	0.000000	i	i:3	0.000000	jan4sam1wong4wong4:3				false		false	true	jan4sam1wong4wong4	jyut6ping3.words.dict.yaml	single_corpus_signal	unreviewed	
2685	人生	12.195320	3	0	false	0.000000	n	n:3	0.000000	jan4sang1:3				true	1867	false	true	jan4sang1	jyut6ping3.words.dict.yaml	single_corpus_signal	unreviewed	
2686	代	12.195320	3	0	false	0.000000	q	q:3	0.000000	doi6:3				false		false	true	doi6	jyut6ping3.chars.dict.yaml	single_corpus_signal	unreviewed	
2687	以內	12.195320	3	0	false	0.000000	f	f:3	0.000000	ji5noi6:3				false		false	true	ji5noi6	jyut6ping3.words.dict.yaml	single_corpus_signal	unreviewed	
2688	以至	12.195320	3	0	false	0.000000	c	c:3	0.000000	ji5zi3:3				false		false	true	ji5zi3	jyut6ping3.words.dict.yaml	single_corpus_signal	unreviewed	
2689	仲係	12.195320	3	0	false	0.000000	d	d:3	0.000000	zung6hai6:3				false		false	true	zung6hai6	jyut6ping3.words.dict.yaml	single_corpus_signal	unreviewed	
2690	伸	12.195320	3	0	false	0.000000	v	v:3	0.000000	san1:3				false		false	true	san1	jyut6ping3.chars.dict.yaml	single_corpus_signal	unreviewed	
2691	余	12.195320	3	0	false	0.000000	nr	nr:3	1.000000	jyu4:3				false		false	true	jyu4	jyut6ping3.chars.dict.yaml	proper_name_signal|single_corpus_signal	unreviewed	
2692	佛教	12.195320	3	0	false	0.000000	n	n:3	0.000000	fat6gaau3:3				false		false	true	fat6gaau3	jyut6ping3.words.dict.yaml	single_corpus_signal	unreviewed	
2693	作弊	12.195320	3	0	false	0.000000	v	v:3	0.000000	zok3bai6:3				false		false	true	zok3bai6	jyut6ping3.words.dict.yaml	single_corpus_signal	unreviewed	
2694	來回	12.195320	3	0	false	0.000000	n	n:3	0.000000	loi4wui4:3				false		false	true	loi4wui4	jyut6ping3.words.dict.yaml	single_corpus_signal	unreviewed	
2695	來自	12.195320	3	0	false	0.000000	p	p:2|v:1	0.000000	lai4zi6:3				false		false	true	loi4zi6	jyut6ping3.words.dict.yaml	single_corpus_signal	unreviewed	
2696	供	12.195320	3	0	false	0.000000	v	v:3	0.000000	gung1:3				false		false	true	gung1|gung3	jyut6ping3.chars.dict.yaml	single_corpus_signal	unreviewed	
2697	侵犯	12.195320	3	0	false	0.000000	v	v:3	0.000000	cam1faan6:3				false		false	true	cam1faan6	jyut6ping3.words.dict.yaml	single_corpus_signal	unreviewed	
2698	俊興	12.195320	3	0	false	0.000000	nr	nr:3	1.000000	zeon3hing1:3				false		false	false			proper_name_signal|single_corpus_signal|rime_absent	unreviewed	
2699	信差	12.195320	3	0	false	0.000000	n	n:3	0.000000	seon3caai1:3				false		false	true	seon3caai1	jyut6ping3.words.dict.yaml	single_corpus_signal	unreviewed	
2700	個人	12.195320	3	0	false	0.000000	n	n:3	0.000000	go3jan4:3				true	140	false	true	go3jan4	jyut6ping3.words.dict.yaml	single_corpus_signal	unreviewed	
2701	個案	12.195320	3	0	false	0.000000	n	n:3	0.000000	go3on3:3				true	1946	false	true	go3on3	jyut6ping3.words.dict.yaml	single_corpus_signal	unreviewed	
2702	倒閉	12.195320	3	0	false	0.000000	v	v:3	0.000000	dou2bai3:3				false		false	true	dou2bai3	jyut6ping3.words.dict.yaml	single_corpus_signal	unreviewed	
2703	做成	12.195320	3	0	false	0.000000	v	v:3	0.000000	zou6sing4:3				false		false	false			single_corpus_signal|rime_absent	unreviewed	
2704	偷雞	12.195320	3	0	false	0.000000	v	v:3	0.000000	tau1gai1:3				false		false	true	tau1gai1	jyut6ping3.words.dict.yaml	single_corpus_signal	unreviewed	
2705	催	12.195320	3	0	false	0.000000	v	v:3	0.000000	ceoi1:3				false		false	true	ceoi1	jyut6ping3.chars.dict.yaml	single_corpus_signal	unreviewed	
2706	光	12.195320	3	0	false	0.000000	a	a:3	0.000000	gwong1:3				true	1757	false	true	gwong1	jyut6ping3.chars.dict.yaml	single_corpus_signal	unreviewed	
2707	光豬	12.195320	3	0	false	0.000000	n	n:3	0.000000	gwong1zyu1:3				false		false	false			single_corpus_signal|rime_absent	unreviewed	
2708	兔仔	12.195320	3	0	false	0.000000	n	n:3	0.000000	tou3zai2:3				true	1924	false	true	tou3zai2	jyut6ping3.words.dict.yaml	single_corpus_signal	unreviewed	
2709	入口	12.195320	3	0	false	0.000000	v	v:3	0.000000	jap6hau2:3				false		false	true	jap6hau2	jyut6ping3.words.dict.yaml	single_corpus_signal	unreviewed	
2710	內地	12.195320	3	0	false	0.000000	s	s:3	0.000000	noi6dei6:3				false		false	true	noi6dei6	jyut6ping3.words.dict.yaml	single_corpus_signal	unreviewed	
2711	八六年	12.195320	3	0	false	0.000000	t	t:3	0.000000	baat3luk6nin4:3				false		false	false			single_corpus_signal|rime_absent|numeric_measure_time_sequence|quantified_sequence	unreviewed	
2712	八號	12.195320	3	0	false	0.000000	t	t:3	0.000000	baat3hou6:3				false		false	true	baat3hou6	jyut6ping3.words.dict.yaml	single_corpus_signal|numeric_measure_time_sequence|quantified_sequence	unreviewed	
2713	六幾	12.195320	3	0	false	0.000000	t	t:3	0.000000	luk6gei2:3				false		false	false			single_corpus_signal|rime_absent|quantified_sequence	unreviewed	
2714	冇得頂	12.195320	3	0	false	0.000000	a	a:3	0.000000	mou5dak1ding2:3				false		false	true	mou5dak1ding2	jyut6ping3.words.dict.yaml	single_corpus_signal|negated_sequence	unreviewed	
2715	冒牌	12.195320	3	0	false	0.000000	a	a:3	0.000000	mou6paai4:3				false		false	true	mou6paai4	jyut6ping3.words.dict.yaml	single_corpus_signal	unreviewed	
2716	冷氣被	12.195320	3	0	false	0.000000	n	n:3	0.000000	laang5hei3pei5:3				false		false	false			single_corpus_signal|rime_absent	unreviewed	
2717	凱悅	12.195320	3	0	false	0.000000	ns	ns:2|nz:1	1.000000	hoi2jyut6:3				false		false	false			proper_name_signal|single_corpus_signal|rime_absent	unreviewed	
2718	出發	12.195320	3	0	false	0.000000	v	v:3	0.000000	ceot1faat3:3				false		false	true	ceot1faat3	jyut6ping3.words.dict.yaml	single_corpus_signal	unreviewed	
2719	刀	12.195320	3	0	false	0.000000	n	n:2|q:1	0.000000	dou1:3				false		false	true	dou1	jyut6ping3.chars.dict.yaml	single_corpus_signal	unreviewed	
2720	分擔	12.195320	3	0	false	0.000000	v	v:3	0.000000	fan1daam1:3				false		false	true	fan1daam1	jyut6ping3.words.dict.yaml	single_corpus_signal	unreviewed	
2721	刑事	12.195320	3	0	false	0.000000	n	n:3	0.000000	jing4si6:3				true	1042	false	true	jing4si6	jyut6ping3.words.dict.yaml	single_corpus_signal	unreviewed	
2722	初	12.195320	3	0	false	0.000000	t	t:2|f:1	0.000000	co1:3				false		false	true	co1	jyut6ping3.chars.dict.yaml	single_corpus_signal	unreviewed	
2723	利用	12.195320	3	0	false	0.000000	v	v:3	0.000000	lei6jung6:3				false		false	true	lei6jung6	jyut6ping3.words.dict.yaml	single_corpus_signal	unreviewed	
2724	前途	12.195320	3	0	false	0.000000	n	n:3	0.000000	cin4tou4:3				false		false	true	cin4tou4	jyut6ping3.words.dict.yaml	single_corpus_signal	unreviewed	
2725	功能	12.195320	3	0	false	0.000000	n	n:3	0.000000	gung1nang4:3				false		false	true	gung1nang4	jyut6ping3.words.dict.yaml	single_corpus_signal	unreviewed	
2726	劫	12.195320	3	0	false	0.000000	n	n:2|v:1	0.000000	gip3:3				false		false	true	gip3	jyut6ping3.chars.dict.yaml	single_corpus_signal	unreviewed	
2727	勝任	12.195320	3	0	false	0.000000	v	v:2|n:1	0.000000	sing1jam6:3				false		false	true	sing1jam6	jyut6ping3.words.dict.yaml	single_corpus_signal	unreviewed	
2728	匯豐	12.195320	3	0	false	0.000000	nt	nt:3	1.000000	wui6fung1:3				false		false	false			proper_name_signal|single_corpus_signal|rime_absent	unreviewed	
2729	千二	12.195320	3	0	false	0.000000	m	m:3	0.000000	cin1ji6:3				false		false	false			single_corpus_signal|rime_absent	unreviewed	
2730	卒之	12.195320	3	0	false	0.000000	c	c:2|d:1	0.000000	zeot1zi1:3				false		false	true	zeot1zi1	jyut6ping3.words.dict.yaml	single_corpus_signal	unreviewed	
2731	南洋	12.195320	3	0	false	0.000000	ns	ns:3	1.000000	naam4joeng2:3				false		false	true	naam4joeng2	jyut6ping3.words.dict.yaml	proper_name_signal|single_corpus_signal	unreviewed	
2732	危險	12.195320	3	0	false	0.000000	a	a:2|n:1	0.000000	ngai4him2:3				false		false	true	ngai4him2	jyut6ping3.words.dict.yaml	single_corpus_signal	unreviewed	
2733	卵	12.195320	3	0	false	0.000000	n	n:3	0.000000	leon2:3				false		false	true	leon2|leon5|lo5	jyut6ping3.chars.dict.yaml	single_corpus_signal	unreviewed	
2734	厚	12.195320	3	0	false	0.000000	a	a:3	0.000000	hau5:3				false		false	true	hau5	jyut6ping3.chars.dict.yaml	single_corpus_signal	unreviewed	
2735	原	12.195320	3	0	false	0.000000	Ag	Ag:3	0.000000	jyun4:3				true	1947	false	true	jyun4|jyun5	jyut6ping3.chars.dict.yaml	single_corpus_signal	unreviewed	
2736	厭	12.195320	3	0	false	0.000000	v	v:3	0.000000	jim3:3				false		false	true	jim1|jim3	jyut6ping3.chars.dict.yaml	single_corpus_signal	unreviewed	
2737	去邊	12.195320	3	0	false	0.000000	r	r:3	0.000000	heoi3bin1:3				true	847	true	false			known_invalid_atomic|single_corpus_signal|rime_absent	unreviewed	
2738	參考	12.195320	3	0	false	0.000000	v	v:3	0.000000	caam1haau2:3				true	1599	false	true	caam1haau2	jyut6ping3.words.dict.yaml	single_corpus_signal	unreviewed	
2739	取消	12.195320	3	0	false	0.000000	v	v:3	0.000000	ceoi2siu1:3				false		false	true	ceoi2siu1	jyut6ping3.words.dict.yaml	single_corpus_signal	unreviewed	
2740	口味	12.195320	3	0	false	0.000000	n	n:3	0.000000	hau2mei6:3				false		false	true	hau2mei6	jyut6ping3.words.dict.yaml	single_corpus_signal	unreviewed	
2741	另一個	12.195320	3	0	false	0.000000	r	r:3	0.000000	ling6jat1go3:3				false		false	false			single_corpus_signal|rime_absent|numeric_measure_time_sequence	unreviewed	
2742	合眼緣	12.195320	3	0	false	0.000000	l	l:3	0.000000	hap6ngaan5jyun4:3				false		false	true	hap6ngaan5jyun4	jyut6ping3.words.dict.yaml	single_corpus_signal	unreviewed	
2743	同步	12.195320	3	0	false	0.000000	d	d:2|a:1	0.000000	tung4bou6:3				false		false	true	tung4bou6	jyut6ping3.words.dict.yaml	single_corpus_signal	unreviewed	
2744	吧	12.195320	3	0	false	0.000000	n	n:3	0.000000	baa1:3				false		false	true	baa1|baa6	jyut6ping3.chars.dict.yaml	single_corpus_signal	unreviewed	
2745	吸納	12.195320	3	0	false	0.000000	v	v:3	0.000000	kap1naap6:3				false		false	true	kap1naap6	jyut6ping3.words.dict.yaml	single_corpus_signal	unreviewed	
2746	告	12.195320	3	0	false	0.000000	v	v:3	0.000000	gou3:3				true	1294	false	true	gou3|guk1	jyut6ping3.chars.dict.yaml	single_corpus_signal	unreviewed	
2747	哼	12.195320	3	0	false	0.000000	e	e:3	0.000000	hng1:3				false		false	true	hang1|hng1|hng6	jyut6ping3.chars.dict.yaml	single_corpus_signal	unreviewed	
2748	唏噓	12.195320	3	0	false	0.000000	v	v:3	0.000000	hei1heoi1:3				false		false	true	hei1heoi1	jyut6ping3.words.dict.yaml	single_corpus_signal	unreviewed	
2749	唔單止	12.195320	3	0	false	0.000000	d	d:2|c:1	0.000000	m4daan1zi2:3				false		false	true	m4daan1zi2	jyut6ping3.words.dict.yaml	single_corpus_signal|negated_sequence	unreviewed	
2750	唔止	12.195320	3	0	false	0.000000	d	d:2|v:1	0.000000	m4zi2:3				false		false	true	m4zi2	jyut6ping3.words.dict.yaml	single_corpus_signal|negated_sequence	unreviewed	
2751	唯有	12.195320	3	0	false	0.000000	d	d:3	0.000000	wai4jau5:3				true	1960	false	true	wai4jau5	jyut6ping3.words.dict.yaml	single_corpus_signal	unreviewed	
2752	商務	12.195320	3	0	false	0.000000	nz	nz:2|nt:1	1.000000	soeng1mou6:3				false		false	true	soeng1mou6	jyut6ping3.words.dict.yaml	proper_name_signal|single_corpus_signal	unreviewed	
2753	商台	12.195320	3	0	false	0.000000	jnt	jnt:2|nz:1	0.333333	soeng1toi4:3				false		false	false			single_corpus_signal|rime_absent	unreviewed	
2754	商場	12.195320	3	0	false	0.000000	n	n:3	0.000000	soeng1coeng4:3				false		false	true	soeng1coeng4	jyut6ping3.words.dict.yaml	single_corpus_signal	unreviewed	
2755	啪	12.195320	3	0	false	0.000000	o	o:3	0.000000	paak1:3				false		false	true	paa1|paak1	jyut6ping3.chars.dict.yaml	single_corpus_signal	unreviewed	
2756	喬	12.195320	3	0	false	0.000000	nr	nr:3	1.000000	kiu4:3				false		false	true	kiu4	jyut6ping3.chars.dict.yaml	proper_name_signal|single_corpus_signal	unreviewed	
2757	嗜好	12.195320	3	0	false	0.000000	n	n:3	0.000000	si3hou3:3				false		false	true	si3hou3	jyut6ping3.words.dict.yaml	single_corpus_signal	unreviewed	
2758	嗰輪	12.195320	3	0	false	0.000000	r	r:3	0.000000	go2leon4:3				false		false	false			single_corpus_signal|rime_absent|demonstrative_sequence	unreviewed	
2759	嘉樂仔	12.195320	3	0	false	0.000000	nr	nr:3	1.000000	gaa1lok6zai2:3				false		false	false			proper_name_signal|single_corpus_signal|rime_absent	unreviewed	
2760	四十幾	12.195320	3	0	false	0.000000	m	m:3	0.000000	sei3sap6gei2:3				false		false	false			single_corpus_signal|rime_absent|quantified_sequence	unreviewed	
2761	四百	12.195320	3	0	false	0.000000	m	m:3	0.000000	sei3baak3:3				false		false	false			single_corpus_signal|rime_absent|quantified_sequence	unreviewed	
2762	回魂	12.195320	3	0	false	0.000000	v	v:3	0.000000	wui4wan4:3				false		false	true	wui4wan4	jyut6ping3.words.dict.yaml	single_corpus_signal	unreviewed	
2763	困境	12.195320	3	0	false	0.000000	n	n:3	0.000000	kwan3ging2:3				false		false	true	kwan3ging2	jyut6ping3.words.dict.yaml	single_corpus_signal	unreviewed	
2764	國腳	12.195320	3	0	false	0.000000	n	n:3	0.000000	gwok3goek3:3				false		false	true	gwok3goek3	jyut6ping3.words.dict.yaml	single_corpus_signal	unreviewed	
2765	團友	12.195320	3	0	false	0.000000	n	n:3	0.000000	tyun4jau5:3				false		false	true	tyun4jau5	jyut6ping3.words.dict.yaml	single_corpus_signal	unreviewed	
2766	地道	12.195320	3	0	false	0.000000	a	a:3	0.000000	dei6dou6:3				false		false	true	dei6dou6	jyut6ping3.words.dict.yaml	single_corpus_signal	unreviewed	
2767	地鐵	12.195320	3	0	false	0.000000	n	n:3	0.000000	dei6tit3:3				true	1194	false	true	dei6tit3	jyut6ping3.words.dict.yaml	single_corpus_signal	unreviewed	
2768	城巴	12.195320	3	0	false	0.000000	jnt	jnt:3	0.000000	sing4baa1:3				false		false	true	sing4baa1	jyut6ping3.words.dict.yaml	single_corpus_signal	unreviewed	
2769	壯觀	12.195320	3	0	false	0.000000	a	a:3	0.000000	zong3gun1:3				false		false	true	zong3gun1	jyut6ping3.words.dict.yaml	single_corpus_signal	unreviewed	
2770	夢想	12.195320	3	0	false	0.000000	n	n:3	0.000000	mung6soeng2:3				false		false	true	mung6soeng2	jyut6ping3.words.dict.yaml	single_corpus_signal	unreviewed	
2771	大三巴	12.195320	3	0	false	0.000000	ns	ns:3	1.000000	daai6saam1baa1:3				false		false	true	daai6saam1baa1	jyut6ping3.words.dict.yaml	proper_name_signal|single_corpus_signal	unreviewed	
2772	大人	12.195320	3	0	false	0.000000	n	n:3	0.000000	daai6jan4:3				false		false	true	daai6jan4	jyut6ping3.words.dict.yaml	single_corpus_signal	unreviewed	
2773	大力	12.195320	3	0	false	0.000000	a	a:3	0.000000	daai6lik6:3				false		false	true	daai6lik6	jyut6ping3.words.dict.yaml	single_corpus_signal	unreviewed	
2774	大埔	12.195320	3	0	false	0.000000	ns	ns:3	1.000000	daai6bou3:3				false		false	true	daai6bou3	jyut6ping3.words.dict.yaml	proper_name_signal|single_corpus_signal	unreviewed	
2775	大班	12.195320	3	0	false	0.000000	nr	nr:3	1.000000	daai6baan1:3				false		false	true	daai6baan1	jyut6ping3.words.dict.yaml	proper_name_signal|single_corpus_signal	unreviewed	
2776	奇妙	12.195320	3	0	false	0.000000	a	a:3	0.000000	kei4miu6:3				false		false	true	kei4miu6	jyut6ping3.words.dict.yaml	single_corpus_signal	unreviewed	
2777	奇特	12.195320	3	0	false	0.000000	a	a:3	0.000000	kei4dak6:3				false		false	true	kei4dak6	jyut6ping3.words.dict.yaml	single_corpus_signal	unreviewed	
2778	好味道	12.195320	3	0	false	0.000000	a	a:3	0.000000	hou2mei6dou6:3				false		false	false			single_corpus_signal|rime_absent|degree_sequence	unreviewed	
2779	好在	12.195320	3	0	false	0.000000	v	v:2|a:1	0.000000	hou2zoi6:3				false		false	true	hou2zoi6	jyut6ping3.words.dict.yaml	single_corpus_signal|degree_sequence	unreviewed	
2780	好波	12.195320	3	0	false	0.000000	a	a:3	0.000000	hou2bo1:3				false		false	true	hou2bo1	jyut6ping3.words.dict.yaml	single_corpus_signal|degree_sequence	unreviewed	
2781	子由	12.195320	3	0	false	0.000000	nr	nr:3	1.000000	zi2jau4:3				false		false	false			proper_name_signal|single_corpus_signal|rime_absent	unreviewed	
2782	學位	12.195320	3	0	false	0.000000	n	n:3	0.000000	hok6wai2:3				false		false	true	hok6wai2|hok6wai6	jyut6ping3.words.dict.yaml	single_corpus_signal	unreviewed	
2783	學期	12.195320	3	0	false	0.000000	n	n:3	0.000000	hok6kei4:3				false		false	true	hok6kei4	jyut6ping3.words.dict.yaml	single_corpus_signal	unreviewed	
2784	學能	12.195320	3	0	false	0.000000	n	n:3	0.000000	hok6nang4:3				false		false	false			single_corpus_signal|rime_absent	unreviewed	
2785	安全感	12.195320	3	0	false	0.000000	n	n:3	0.000000	on1cyun4gam2:3				false		false	true	on1cyun4gam2	jyut6ping3.words.dict.yaml	single_corpus_signal	unreviewed	
2786	安排	12.195320	3	0	false	0.000000	v	v:3	0.000000	on1paai4:3				true	1346	false	true	on1paai4	jyut6ping3.words.dict.yaml	single_corpus_signal	unreviewed	
2787	家碧	12.195320	3	0	false	0.000000	nr	nr:3	1.000000	gaa1bik1:3				false		false	false			proper_name_signal|single_corpus_signal|rime_absent	unreviewed	
2788	宿舍	12.195320	3	0	false	0.000000	n	n:3	0.000000	suk1se5:3				false		false	true	suk1se3|suk1se5	jyut6ping3.words.dict.yaml	single_corpus_signal	unreviewed	
2789	實質	12.195320	3	0	false	0.000000	n	n:2|d:1	0.000000	sat6zat1:3				false		false	true	sat6zat1	jyut6ping3.words.dict.yaml	single_corpus_signal	unreviewed	
2790	將會	12.195320	3	0	false	0.000000	d	d:2|vu:1	0.000000	zoeng1wui5:3				false		false	true	zoeng1wui5	jyut6ping3.words.dict.yaml	single_corpus_signal	unreviewed	
2791	專家	12.195320	3	0	false	0.000000	n	n:3	0.000000	zyun1gaa1:3				false		false	true	zyun1gaa1	jyut6ping3.words.dict.yaml	single_corpus_signal	unreviewed	
2792	專心	12.195320	3	0	false	0.000000	a	a:3	0.000000	zyun1sam1:3				false		false	true	zyun1sam1	jyut6ping3.words.dict.yaml	single_corpus_signal	unreviewed	
2793	專注	12.195320	3	0	false	0.000000	v	v:3	0.000000	zyun1zyu3:3				false		false	true	zyun1zyu3	jyut6ping3.words.dict.yaml	single_corpus_signal	unreviewed	
2794	專登	12.195320	3	0	false	0.000000	v	v:2|d:1	0.000000	zyun1dang1:3				false		false	true	zyun1dang1	jyut6ping3.words.dict.yaml	single_corpus_signal	unreviewed	
2795	專科	12.195320	3	0	false	0.000000	n	n:3	0.000000	zyun1fo1:3				false		false	true	zyun1fo1	jyut6ping3.words.dict.yaml	single_corpus_signal	unreviewed	
2796	尊嚴	12.195320	3	0	false	0.000000	n	n:3	0.000000	zyun1jim4:3				true	1317	false	true	zyun1jim4	jyut6ping3.words.dict.yaml	single_corpus_signal	unreviewed	
2797	對上	12.195320	3	0	false	0.000000	f	f:2|a:1	0.000000	deoi3soeng6:2|deoi3soeng5:1				false		false	true	deoi3soeng6	jyut6ping3.words.dict.yaml	single_corpus_signal	unreviewed	
2798	導	12.195320	3	0	false	0.000000	v	v:2|Ng:1	0.000000	dou6:3				false		false	true	dou6	jyut6ping3.chars.dict.yaml	single_corpus_signal	unreviewed	
2799	導演	12.195320	3	0	false	0.000000	n	n:3	0.000000	dou6jin2:3				false		false	true	dou6jin2	jyut6ping3.words.dict.yaml	single_corpus_signal	unreviewed	
2800	小一	12.195320	3	0	false	0.000000	jb	jb:3	0.000000	siu2jat1:3				false		false	false			single_corpus_signal|rime_absent	unreviewed	
