candidate_id	source_file	source_file_sha256	file_index_zero_based	turn_index_zero_based	token_index_zero_based	participant	repetition_mode	base_surface	matched_surface_span	matched_hkcancor_pos	matched_ud_pos	matched_jyutping	second_token_form	second_token_hkcancor_pos	second_token_jyutping	utterance_initial_lexical	has_local_predicate_candidate	predicate_distance_lexical_tokens	local_predicate_form	local_predicate_hkcancor_pos	local_predicate_ud_pos	local_predicate_jyutping	local_predicate_token_index_zero_based	immediate_left_form	immediate_right_form	nearest_left_lexical_form	nearest_right_lexical_form	text	previous_text	next_text	duplicate_group_inputs_json	tokens_json	annotation_status
aa84br-3e2d1a00586940685386	FC-001_v2.cha	ed8e418f69346a704b065f4866a9a05b162c55172d99f83388a6948ccea41885	0	54	1	XXB	adjacent_identical_tokens	唔	唔唔	d	ADV	m4	唔	d	m4	False	True	3	會	vu	AUX	wui5	7	就	-	就	一定	就唔唔-,一定唔會七八月𡃉嚹.	即係不過要係淡季嘅時候呢.	吓,咪重好.	"{""repetitionMode"":""adjacent_identical_tokens"",""baseSurface"":""唔"",""matchedSurface"":""唔唔""}"	"[{""word"":""就"",""pos"":""d"",""jyutping"":""zau6""},{""word"":""唔"",""pos"":""d"",""jyutping"":""m4""},{""word"":""唔"",""pos"":""d"",""jyutping"":""m4""},{""word"":""-"",""pos"":"""",""jyutping"":null},{""word"":"","",""pos"":"""",""jyutping"":null},{""word"":""一定"",""pos"":""d"",""jyutping"":""jat1ding6""},{""word"":""唔"",""pos"":""d"",""jyutping"":""m4""},{""word"":""會"",""pos"":""vu"",""jyutping"":""wui5""},{""word"":""七"",""pos"":""m"",""jyutping"":""cat1""},{""word"":""八月"",""pos"":""t"",""jyutping"":""baat3jyut6""},{""word"":""𡃉"",""pos"":""y"",""jyutping"":""gaa3""},{""word"":""嚹"",""pos"":""y"",""jyutping"":""laa3""},{""word"":""."",""pos"":"""",""jyutping"":null}]"	REQUIRES_EXPERT_CONTEXT_REVIEW
aa84br-7cda56e8f5962c127d99	FC-001_v2.cha	ed8e418f69346a704b065f4866a9a05b162c55172d99f83388a6948ccea41885	0	105	4	XXB	adjacent_identical_tokens	嗰	嗰嗰	r	PRON	go2	嗰	r	go2	False	True	3	啱	a	ADJ	aam1	8	個	段	個	段	要睇佢個嗰嗰段時間啱呢就有一羣𡃉.	但係要-唔係啊,嗰啲要夾啱時間𡃉.	哩個去-哩個去帕斯咋喎.	"{""repetitionMode"":""adjacent_identical_tokens"",""baseSurface"":""嗰"",""matchedSurface"":""嗰嗰""}"	"[{""word"":""要"",""pos"":""vu"",""jyutping"":""jiu3""},{""word"":""睇"",""pos"":""v"",""jyutping"":""tai2""},{""word"":""佢"",""pos"":""r"",""jyutping"":""keoi5""},{""word"":""個"",""pos"":""q"",""jyutping"":""go3""},{""word"":""嗰"",""pos"":""r"",""jyutping"":""go2""},{""word"":""嗰"",""pos"":""r"",""jyutping"":""go2""},{""word"":""段"",""pos"":""q"",""jyutping"":""dyun6""},{""word"":""時間"",""pos"":""n"",""jyutping"":""si4gaan3""},{""word"":""啱"",""pos"":""a"",""jyutping"":""aam1""},{""word"":""呢"",""pos"":""y1"",""jyutping"":""ne1""},{""word"":""就"",""pos"":""d"",""jyutping"":""zau6""},{""word"":""有"",""pos"":""v1"",""jyutping"":""jau5""},{""word"":""一"",""pos"":""m"",""jyutping"":""jat1""},{""word"":""羣"",""pos"":""q"",""jyutping"":""kwan4""},{""word"":""𡃉"",""pos"":""y"",""jyutping"":""gaa3""},{""word"":""."",""pos"":"""",""jyutping"":null}]"	REQUIRES_EXPERT_CONTEXT_REVIEW
aa84br-d5baa4dcd60ef70bfb87	FC-001_v2.cha	ed8e418f69346a704b065f4866a9a05b162c55172d99f83388a6948ccea41885	0	196	2	XXB	internally_repeated_token	次	次次	q	NOUN	ci3ci3				False	True	1	返來	v	VERB	faan1lei4	3	老公	返來	老公	返來	我老公次次返來都黑晒噉.	都曬到好犀利𡃉喎.	咁緊要呀十二月.	"{""repetitionMode"":""internally_repeated_token"",""baseSurface"":""次"",""matchedSurface"":""次次""}"	"[{""word"":""我"",""pos"":""r"",""jyutping"":""ngo5""},{""word"":""老公"",""pos"":""n"",""jyutping"":""lou5gung1""},{""word"":""次次"",""pos"":""q"",""jyutping"":""ci3ci3""},{""word"":""返來"",""pos"":""v"",""jyutping"":""faan1lei4""},{""word"":""都"",""pos"":""d"",""jyutping"":""dou1""},{""word"":""黑"",""pos"":""a"",""jyutping"":""haak1""},{""word"":""晒"",""pos"":""u"",""jyutping"":""saai3""},{""word"":""噉"",""pos"":""r"",""jyutping"":""gam2""},{""word"":""."",""pos"":"""",""jyutping"":null}]"	REQUIRES_EXPERT_CONTEXT_REVIEW
aa84br-090285578e05a1b8ef34	FC-001_v2.cha	ed8e418f69346a704b065f4866a9a05b162c55172d99f83388a6948ccea41885	0	219	4	XXB	adjacent_identical_tokens	嗰啲	嗰啲嗰啲	r	PRON	go2di1	嗰啲	r	go2di1	False	True	1	叫做	v	VERB	giu3zou6	6	好多	叫做	好多	叫做	喺美國咪好多嗰啲嗰啲叫做出-嗰啲factoryoutlet呢.	冇啊,美國啊嗰啲喇.	冇喎,冇乜點去喎.	"{""repetitionMode"":""adjacent_identical_tokens"",""baseSurface"":""嗰啲"",""matchedSurface"":""嗰啲嗰啲""}"	"[{""word"":""喺"",""pos"":""p"",""jyutping"":""hai2""},{""word"":""美國"",""pos"":""ns"",""jyutping"":""mei5gwok3""},{""word"":""咪"",""pos"":""d"",""jyutping"":""mai6""},{""word"":""好多"",""pos"":""m"",""jyutping"":""hou2do1""},{""word"":""嗰啲"",""pos"":""r"",""jyutping"":""go2di1""},{""word"":""嗰啲"",""pos"":""r"",""jyutping"":""go2di1""},{""word"":""叫做"",""pos"":""v"",""jyutping"":""giu3zou6""},{""word"":""出"",""pos"":""v"",""jyutping"":""ceot1""},{""word"":""-"",""pos"":"""",""jyutping"":null},{""word"":""嗰啲"",""pos"":""r"",""jyutping"":""go2di1""},{""word"":""factory"",""pos"":""xn"",""jyutping"":null},{""word"":""outlet"",""pos"":""xn"",""jyutping"":null},{""word"":""呢"",""pos"":""y"",""jyutping"":""ne1""},{""word"":""."",""pos"":"""",""jyutping"":null}]"	REQUIRES_EXPERT_CONTEXT_REVIEW
aa84br-3bebc3466944e22b1f36	FC-005a_v2.cha	9da5c89fae262850960f6d5ad98151c3a780957b3581d357bce9c9a53ffce487	1	3	3	XXA	internally_repeated_token	哥	哥哥	n	NOUN	go4go1				False	False							尊重	噉樣樣	尊重	噉樣樣	係唔係尊重哥哥噉樣樣呢,即係大人就食大個,細人就食細個,噉樣樣呢.	噉喎,舊嗰個呢就係話呢,誒,孔融,誒,點解要讓個大梨俾個大哥,自己𠻺要個細梨呢,噉啊表現佢哋呢,就好有孝心,係唔係呢.	噉,但係呢,後來呢,有人呢,俾佢加咗新編落去啊.	"{""repetitionMode"":""internally_repeated_token"",""baseSurface"":""哥"",""matchedSurface"":""哥哥""}"	"[{""word"":""係"",""pos"":""v"",""jyutping"":""hai6""},{""word"":""唔係"",""pos"":""v"",""jyutping"":""m4hai6""},{""word"":""尊重"",""pos"":""v"",""jyutping"":""zyun1zung6""},{""word"":""哥哥"",""pos"":""n"",""jyutping"":""go4go1""},{""word"":""噉樣樣"",""pos"":""r"",""jyutping"":""gam2joeng2joeng2""},{""word"":""呢"",""pos"":""y"",""jyutping"":""ne1""},{""word"":"","",""pos"":"""",""jyutping"":null},{""word"":""即係"",""pos"":""c"",""jyutping"":""zik1hai6""},{""word"":""大人"",""pos"":""n"",""jyutping"":""daai6jan4""},{""word"":""就"",""pos"":""d"",""jyutping"":""zau6""},{""word"":""食"",""pos"":""v"",""jyutping"":""sik6""},{""word"":""大"",""pos"":""a"",""jyutping"":""daai6""},{""word"":""個"",""pos"":""q"",""jyutping"":""go3""},{""word"":"","",""pos"":"""",""jyutping"":null},{""word"":""細"",""pos"":""a"",""jyutping"":""sai3""},{""word"":""人"",""pos"":""n"",""jyutping"":""jan4""},{""word"":""就"",""pos"":""d"",""jyutping"":""zau6""},{""word"":""食"",""pos"":""v"",""jyutping"":""sik6""},{""word"":""細"",""pos"":""a"",""jyutping"":""sai3""},{""word"":""個"",""pos"":""q"",""jyutping"":""go3""},{""word"":"","",""pos"":"""",""jyutping"":null},{""word"":""噉樣樣"",""pos"":""r"",""jyutping"":""gam2joeng2joeng2""},{""word"":""呢"",""pos"":""y"",""jyutping"":""ne1""},{""word"":""."",""pos"":"""",""jyutping"":null}]"	REQUIRES_EXPERT_CONTEXT_REVIEW
aa84br-a138cb2c7b70ee787285	FC-005a_v2.cha	9da5c89fae262850960f6d5ad98151c3a780957b3581d357bce9c9a53ffce487	1	30	41	XXA	adjacent_identical_tokens	好似	好似好似	v	VERB	hou2ci5	好似	v	hou2ci5	False	True	4	包	v	VERB	baau1	47	即係	日本	即係	日本	即係你,十二蚊,係,當你十二蚊郵票,佢賣二十蚊,嗰多出來嗰八蚊呢,只係多個膠套啊,多版介紹啊,噉,即係好似好似日本仔噉樣,包到佢靚一靚噉樣,靚一靚噉又,嘩,你又要俾多八蚊出去.	係喇,我都覺得唔抵.	收藏.	"{""repetitionMode"":""adjacent_identical_tokens"",""baseSurface"":""好似"",""matchedSurface"":""好似好似""}"	"[{""word"":""即係"",""pos"":""c"",""jyutping"":""zik1hai6""},{""word"":""你"",""pos"":""r"",""jyutping"":""nei5""},{""word"":"","",""pos"":"""",""jyutping"":null},{""word"":""十二"",""pos"":""m"",""jyutping"":""sap6ji6""},{""word"":""蚊"",""pos"":""q"",""jyutping"":""man1""},{""word"":"","",""pos"":"""",""jyutping"":null},{""word"":""係"",""pos"":""v"",""jyutping"":""hai6""},{""word"":"","",""pos"":"""",""jyutping"":null},{""word"":""當"",""pos"":""v"",""jyutping"":""dong3""},{""word"":""你"",""pos"":""r"",""jyutping"":""nei5""},{""word"":""十二"",""pos"":""m"",""jyutping"":""sap6ji6""},{""word"":""蚊"",""pos"":""q"",""jyutping"":""man1""},{""word"":""郵票"",""pos"":""n"",""jyutping"":""jau4piu3""},{""word"":"","",""pos"":"""",""jyutping"":null},{""word"":""佢"",""pos"":""r"",""jyutping"":""keoi5""},{""word"":""賣"",""pos"":""v"",""jyutping"":""maai6""},{""word"":""二十"",""pos"":""m"",""jyutping"":""ji6sap6""},{""word"":""蚊"",""pos"":""q"",""jyutping"":""man1""},{""word"":"","",""pos"":"""",""jyutping"":null},{""word"":""嗰"",""pos"":""r"",""jyutping"":""go2""},{""word"":""多"",""pos"":""a"",""jyutping"":""do1""},{""word"":""出來"",""pos"":""v"",""jyutping"":""ceot1lai4""},{""word"":""嗰"",""pos"":""r"",""jyutping"":""go2""},{""word"":""八"",""pos"":""m"",""jyutping"":""baat3""},{""word"":""蚊"",""pos"":""q"",""jyutping"":""man1""},{""word"":""呢"",""pos"":""y1"",""jyutping"":""ne1""},{""word"":"","",""pos"":"""",""jyutping"":null},{""word"":""只係"",""pos"":""v"",""jyutping"":""zi2hai6""},{""word"":""多"",""pos"":""a"",""jyutping"":""do1""},{""word"":""個"",""pos"":""q"",""jyutping"":""go3""},{""word"":""膠套"",""pos"":""n"",""jyutping"":""gaau1tou3""},{""word"":""啊"",""pos"":""y1"",""jyutping"":""aa3""},{""word"":"","",""pos"":"""",""jyutping"":null},{""word"":""多"",""pos"":""a"",""jyutping"":""do1""},{""word"":""版"",""pos"":""q"",""jyutping"":""baan2""},{""word"":""介紹"",""pos"":""v"",""jyutping"":""gaai3siu6""},{""word"":""啊"",""pos"":""y1"",""jyutping"":""aa3""},{""word"":"","",""pos"":"""",""jyutping"":null},{""word"":""噉"",""pos"":""c"",""jyutping"":""gam2""},{""word"":"","",""pos"":"""",""jyutping"":null},{""word"":""即係"",""pos"":""c"",""jyutping"":""zik1hai6""},{""word"":""好似"",""pos"":""v"",""jyutping"":""hou2ci5""},{""word"":""好似"",""pos"":""v"",""jyutping"":""hou2ci5""},{""word"":""日本"",""pos"":""ns"",""jyutping"":""jat6bun2""},{""word"":""仔"",""pos"":""k"",""jyutping"":""zai2""},{""word"":""噉樣"",""pos"":""r"",""jyutping"":""gam2joeng2""},{""word"":"","",""pos"":"""",""jyutping"":null},{""word"":""包"",""pos"":""v"",""jyutping"":""baau1""},{""word"":""到"",""pos"":""p"",""jyutping"":""dou3""},{""word"":""佢"",""pos"":""r"",""jyutping"":""keoi5""},{""word"":""靚一靚"",""pos"":""a"",""jyutping"":""leng3jat1leng3""},{""word"":""噉樣"",""pos"":""r"",""jyutping"":""gam2joeng2""},{""word"":"","",""pos"":"""",""jyutping"":null},{""word"":""靚一靚"",""pos"":""a"",""jyutping"":""leng3jat1leng3""},{""word"":""噉"",""pos"":""r"",""jyutping"":""gam2""},{""word"":""又"",""pos"":""d"",""jyutping"":""jau6""},{""word"":"","",""pos"":"""",""jyutping"":null},{""word"":""嘩"",""pos"":""e"",""jyutping"":""waa3""},{""word"":"","",""pos"":"""",""jyutping"":null},{""word"":""你"",""pos"":""r"",""jyutping"":""nei5""},{""word"":""又"",""pos"":""d"",""jyutping"":""jau6""},{""word"":""要"",""pos"":""vu"",""jyutping"":""jiu3""},{""word"":""俾"",""pos"":""v"",""jyutping"":""bei2""},{""word"":""多"",""pos"":""a"",""jyutping"":""do1""},{""word"":""八"",""pos"":""m"",""jyutping"":""baat3""},{""word"":""蚊"",""pos"":""q"",""jyutping"":""man1""},{""word"":""出去"",""pos"":""v"",""jyutping"":""ceot1heoi3""},{""word"":""."",""pos"":"""",""jyutping"":null}]"	REQUIRES_EXPERT_CONTEXT_REVIEW
aa84br-7505538b2ad5de2d7094	FC-005a_v2.cha	9da5c89fae262850960f6d5ad98151c3a780957b3581d357bce9c9a53ffce487	1	94	33	XXA	internally_repeated_token	個	個個	q	NOUN	go3go3				False	True	1	好似	v	VERB	hou2ci5	34	所以	好似	所以	好似	即係乜嘢作-,即係嗰啲構思啊,即係邊個係設計啊,以乜嘢為主題啊,點樣樣,冚唪唥全部冇人講過,所以個個好似懵查查啊,好似斷估噉𡃉咋.	但係呢就,從來冇人講過嗰套嘢嘅樣係點樣樣嘅.	所以就出埋哩幾套之後就應該玩完嚹.	"{""repetitionMode"":""internally_repeated_token"",""baseSurface"":""個"",""matchedSurface"":""個個""}"	"[{""word"":""即係"",""pos"":""c"",""jyutping"":""zik1hai6""},{""word"":""乜嘢"",""pos"":""r"",""jyutping"":""mat1je5""},{""word"":""作"",""pos"":""v"",""jyutping"":""zok3""},{""word"":""-"",""pos"":"""",""jyutping"":null},{""word"":"","",""pos"":"""",""jyutping"":null},{""word"":""即係"",""pos"":""c"",""jyutping"":""zik1hai6""},{""word"":""嗰啲"",""pos"":""r"",""jyutping"":""go2di1""},{""word"":""構思"",""pos"":""n"",""jyutping"":""gau3si1""},{""word"":""啊"",""pos"":""y1"",""jyutping"":""aa3""},{""word"":"","",""pos"":"""",""jyutping"":null},{""word"":""即係"",""pos"":""c"",""jyutping"":""zik1hai6""},{""word"":""邊個"",""pos"":""r"",""jyutping"":""bin1go3""},{""word"":""係"",""pos"":""v"",""jyutping"":""hai6""},{""word"":""設計"",""pos"":""v"",""jyutping"":""cit3gai3""},{""word"":""啊"",""pos"":""y1"",""jyutping"":""aa3""},{""word"":"","",""pos"":"""",""jyutping"":null},{""word"":""以"",""pos"":""p"",""jyutping"":""ji5""},{""word"":""乜嘢"",""pos"":""r"",""jyutping"":""mat1je5""},{""word"":""為"",""pos"":""p"",""jyutping"":""wai4""},{""word"":""主題"",""pos"":""n"",""jyutping"":""zyu2tai4""},{""word"":""啊"",""pos"":""y1"",""jyutping"":""aa3""},{""word"":"","",""pos"":"""",""jyutping"":null},{""word"":""點樣"",""pos"":""r"",""jyutping"":""dim2joeng2""},{""word"":""樣"",""pos"":""n"",""jyutping"":""joeng2""},{""word"":"","",""pos"":"""",""jyutping"":null},{""word"":""冚唪唥"",""pos"":""m"",""jyutping"":""ham6baang6laang6""},{""word"":""全部"",""pos"":""m"",""jyutping"":""cyun4bou6""},{""word"":""冇"",""pos"":""v1"",""jyutping"":""mou5""},{""word"":""人"",""pos"":""n"",""jyutping"":""jan4""},{""word"":""講"",""pos"":""v"",""jyutping"":""gong2""},{""word"":""過"",""pos"":""u"",""jyutping"":""gwo3""},{""word"":"","",""pos"":"""",""jyutping"":null},{""word"":""所以"",""pos"":""c"",""jyutping"":""so2ji5""},{""word"":""個個"",""pos"":""q"",""jyutping"":""go3go3""},{""word"":""好似"",""pos"":""v"",""jyutping"":""hou2ci5""},{""word"":""懵查查"",""pos"":""z"",""jyutping"":""mung4caa4caa4""},{""word"":""啊"",""pos"":""y"",""jyutping"":""aa3""},{""word"":"","",""pos"":"""",""jyutping"":null},{""word"":""好似"",""pos"":""v"",""jyutping"":""hou2ci5""},{""word"":""斷估"",""pos"":""v"",""jyutping"":""dyun3gu2""},{""word"":""噉"",""pos"":""r"",""jyutping"":""gam2""},{""word"":""𡃉"",""pos"":""y"",""jyutping"":""gaa3""},{""word"":""咋"",""pos"":""y"",""jyutping"":""zaa3""},{""word"":""."",""pos"":"""",""jyutping"":null}]"	REQUIRES_EXPERT_CONTEXT_REVIEW
aa84br-cdc94bbcf8c0b3e35c89	FC-005a_v2.cha	9da5c89fae262850960f6d5ad98151c3a780957b3581d357bce9c9a53ffce487	1	100	41	XXA	adjacent_identical_tokens	見	見見	v	VERB	gin3	見	v	gin3	False	True	3	好	a	ADJ	hou2	45	臨時	個	臨時	個	七月一號嗰套咪有囖,即係佢一早已經預訂咗訂吖嗎,但係哩啲噉嘅其他嗰啲乜嘢啊,傷殘運動會啊,乜嘢經典系列啊,好似哩啲好似,臨時見見個市好嘍,噉𠻺即刻㧬多啲出來.	佢好似突然間先至話出噉樣.	即係好似收,好似,點呢?	"{""repetitionMode"":""adjacent_identical_tokens"",""baseSurface"":""見"",""matchedSurface"":""見見""}"	"[{""word"":""七月"",""pos"":""t"",""jyutping"":""cat1jyut6""},{""word"":""一號"",""pos"":""t"",""jyutping"":""jat1hou6""},{""word"":""嗰"",""pos"":""r"",""jyutping"":""go2""},{""word"":""套"",""pos"":""q"",""jyutping"":""tou3""},{""word"":""咪"",""pos"":""d"",""jyutping"":""mai6""},{""word"":""有"",""pos"":""v1"",""jyutping"":""jau5""},{""word"":""囖"",""pos"":""y"",""jyutping"":""lo1""},{""word"":"","",""pos"":"""",""jyutping"":null},{""word"":""即係"",""pos"":""c"",""jyutping"":""zik1hai6""},{""word"":""佢"",""pos"":""r"",""jyutping"":""keoi5""},{""word"":""一早"",""pos"":""t"",""jyutping"":""jat1zou2""},{""word"":""已經"",""pos"":""d"",""jyutping"":""ji5ging1""},{""word"":""預訂"",""pos"":""v"",""jyutping"":""jyu6deng6""},{""word"":""咗"",""pos"":""u"",""jyutping"":""zo2""},{""word"":""訂"",""pos"":""v"",""jyutping"":""deng6""},{""word"":""吖"",""pos"":""y"",""jyutping"":""aa1""},{""word"":""嗎"",""pos"":""y"",""jyutping"":""maa3""},{""word"":"","",""pos"":"""",""jyutping"":null},{""word"":""但係"",""pos"":""c"",""jyutping"":""daan6hai6""},{""word"":""哩啲"",""pos"":""r"",""jyutping"":""ni1di1""},{""word"":""噉"",""pos"":""r"",""jyutping"":""gam2""},{""word"":""嘅"",""pos"":""u"",""jyutping"":""ge3""},{""word"":""其他"",""pos"":""r"",""jyutping"":""kei4taa1""},{""word"":""嗰啲"",""pos"":""r"",""jyutping"":""go2di1""},{""word"":""乜嘢"",""pos"":""r"",""jyutping"":""mat1je5""},{""word"":""啊"",""pos"":""y"",""jyutping"":""aa3""},{""word"":"","",""pos"":"""",""jyutping"":null},{""word"":""傷殘"",""pos"":""a"",""jyutping"":""soeng1caan4""},{""word"":""運動會"",""pos"":""n"",""jyutping"":""wan6dung6wui2""},{""word"":""啊"",""pos"":""y1"",""jyutping"":""aa3""},{""word"":"","",""pos"":"""",""jyutping"":null},{""word"":""乜嘢"",""pos"":""r"",""jyutping"":""mat1je5""},{""word"":""經典"",""pos"":""a"",""jyutping"":""ging1din2""},{""word"":""系列"",""pos"":""n"",""jyutping"":""hai6lit6""},{""word"":""啊"",""pos"":""y1"",""jyutping"":""aa3""},{""word"":"","",""pos"":"""",""jyutping"":null},{""word"":""好似"",""pos"":""v"",""jyutping"":""hou2ci5""},{""word"":""哩啲"",""pos"":""r"",""jyutping"":""ni1di1""},{""word"":""好似"",""pos"":""v"",""jyutping"":""hou2ci5""},{""word"":"","",""pos"":"""",""jyutping"":null},{""word"":""臨時"",""pos"":""a"",""jyutping"":""lam4si4""},{""word"":""見"",""pos"":""v"",""jyutping"":""gin3""},{""word"":""見"",""pos"":""v"",""jyutping"":""gin3""},{""word"":""個"",""pos"":""q"",""jyutping"":""go3""},{""word"":""市"",""pos"":""n"",""jyutping"":""si5""},{""word"":""好"",""pos"":""a"",""jyutping"":""hou2""},{""word"":""嘍"",""pos"":""y"",""jyutping"":""lo3""},{""word"":"","",""pos"":"""",""jyutping"":null},{""word"":""噉"",""pos"":""r"",""jyutping"":""gam2""},{""word"":""𠻺"",""pos"":""d"",""jyutping"":""aa6""},{""word"":""即刻"",""pos"":""d"",""jyutping"":""zik1haak1""},{""word"":""㧬"",""pos"":""v"",""jyutping"":""ung2""},{""word"":""多"",""pos"":""a"",""jyutping"":""do1""},{""word"":""啲"",""pos"":""u"",""jyutping"":""di1""},{""word"":""出來"",""pos"":""v"",""jyutping"":""ceot1lai4""},{""word"":""."",""pos"":"""",""jyutping"":null}]"	REQUIRES_EXPERT_CONTEXT_REVIEW
aa84br-4be8148cfb08b8ed1430	FC-005a_v2.cha	9da5c89fae262850960f6d5ad98151c3a780957b3581d357bce9c9a53ffce487	1	117	56	XXA	adjacent_identical_tokens	訂	訂訂	v	VERB	deng6	訂	v	deng6	False	True	1	訂	v	VERB	deng6	58	咪	訂	咪	訂	連嗰啲嘢係點嘅樣,冚唪唥乜嘢你都唔知,好似有陣時,嗰啲首日封噉,佢有嗰,誒,特別嘅郵chop啲印呢,你訂嗰陣時,佢冇話俾你聽有個特別郵chop𡃉,噉你咪訂訂訂,訂晒嗰啲普通郵chop噉𡃉囖.	係喇,我唔鍾意噉樣.	到到嗰個時候佢真係,賣嘅時候呢,出嘅時候呢,佢就話俾你聽有個特別郵chop嘞.	"{""repetitionMode"":""adjacent_identical_tokens"",""baseSurface"":""訂"",""matchedSurface"":""訂訂""}"	"[{""word"":""連"",""pos"":""d"",""jyutping"":""lin4""},{""word"":""嗰啲"",""pos"":""r"",""jyutping"":""go2di1""},{""word"":""嘢"",""pos"":""n"",""jyutping"":""je5""},{""word"":""係"",""pos"":""v"",""jyutping"":""hai6""},{""word"":""點"",""pos"":""r"",""jyutping"":""dim2""},{""word"":""嘅"",""pos"":""u"",""jyutping"":""ge3""},{""word"":""樣"",""pos"":""n"",""jyutping"":""joeng2""},{""word"":"","",""pos"":"""",""jyutping"":null},{""word"":""冚唪唥"",""pos"":""m"",""jyutping"":""ham6baang6laang6""},{""word"":""乜嘢"",""pos"":""r"",""jyutping"":""mat1je5""},{""word"":""你"",""pos"":""r"",""jyutping"":""nei5""},{""word"":""都"",""pos"":""d"",""jyutping"":""dou1""},{""word"":""唔"",""pos"":""d"",""jyutping"":""m4""},{""word"":""知"",""pos"":""v"",""jyutping"":""zi1""},{""word"":"","",""pos"":"""",""jyutping"":null},{""word"":""好似"",""pos"":""v"",""jyutping"":""hou2ci5""},{""word"":""有陣時"",""pos"":""d"",""jyutping"":""jau5zan6si4""},{""word"":"","",""pos"":"""",""jyutping"":null},{""word"":""嗰啲"",""pos"":""r"",""jyutping"":""go2di1""},{""word"":""首日封"",""pos"":""n"",""jyutping"":""sau2jat6fung1""},{""word"":""噉"",""pos"":""r"",""jyutping"":""gam2""},{""word"":"","",""pos"":"""",""jyutping"":null},{""word"":""佢"",""pos"":""r"",""jyutping"":""keoi5""},{""word"":""有"",""pos"":""v1"",""jyutping"":""jau5""},{""word"":""嗰"",""pos"":""r"",""jyutping"":""go2""},{""word"":"","",""pos"":"""",""jyutping"":null},{""word"":""誒"",""pos"":""e"",""jyutping"":""e6""},{""word"":"","",""pos"":"""",""jyutping"":null},{""word"":""特別"",""pos"":""d"",""jyutping"":""dak6bit6""},{""word"":""嘅"",""pos"":""u"",""jyutping"":""ge3""},{""word"":""郵"",""pos"":""Ng"",""jyutping"":""jau4""},{""word"":""chop"",""pos"":""xn"",""jyutping"":null},{""word"":""啲"",""pos"":""q"",""jyutping"":""di1""},{""word"":""印"",""pos"":""n"",""jyutping"":""jan3""},{""word"":""呢"",""pos"":""y1"",""jyutping"":""ne1""},{""word"":"","",""pos"":"""",""jyutping"":null},{""word"":""你"",""pos"":""r"",""jyutping"":""nei5""},{""word"":""訂"",""pos"":""v"",""jyutping"":""deng6""},{""word"":""嗰陣時"",""pos"":""r"",""jyutping"":""go2zan6si4""},{""word"":"","",""pos"":"""",""jyutping"":null},{""word"":""佢"",""pos"":""r"",""jyutping"":""keoi5""},{""word"":""冇"",""pos"":""v1"",""jyutping"":""mou5""},{""word"":""話"",""pos"":""v"",""jyutping"":""waa6""},{""word"":""俾"",""pos"":""p"",""jyutping"":""bei2""},{""word"":""你"",""pos"":""r"",""jyutping"":""nei5""},{""word"":""聽"",""pos"":""v"",""jyutping"":""teng1""},{""word"":""有"",""pos"":""v1"",""jyutping"":""jau5""},{""word"":""個"",""pos"":""q"",""jyutping"":""go3""},{""word"":""特別"",""pos"":""d"",""jyutping"":""dak6bit6""},{""word"":""郵"",""pos"":""Ng"",""jyutping"":""jau4""},{""word"":""chop"",""pos"":""xn"",""jyutping"":null},{""word"":""𡃉"",""pos"":""y"",""jyutping"":""gaa3""},{""word"":"","",""pos"":"""",""jyutping"":null},{""word"":""噉"",""pos"":""c"",""jyutping"":""gam2""},{""word"":""你"",""pos"":""r"",""jyutping"":""nei5""},{""word"":""咪"",""pos"":""d"",""jyutping"":""mai6""},{""word"":""訂"",""pos"":""v"",""jyutping"":""deng6""},{""word"":""訂"",""pos"":""v"",""jyutping"":""deng6""},{""word"":""訂"",""pos"":""v"",""jyutping"":""deng6""},{""word"":"","",""pos"":"""",""jyutping"":null},{""word"":""訂"",""pos"":""v"",""jyutping"":""deng6""},{""word"":""晒"",""pos"":""u"",""jyutping"":""saai3""},{""word"":""嗰啲"",""pos"":""r"",""jyutping"":""go2di1""},{""word"":""普通"",""pos"":""a"",""jyutping"":""pou2tung1""},{""word"":""郵"",""pos"":""Ng"",""jyutping"":""jau4""},{""word"":""chop"",""pos"":""xn"",""jyutping"":null},{""word"":""噉"",""pos"":""r"",""jyutping"":""gam2""},{""word"":""𡃉"",""pos"":""y"",""jyutping"":""gaa3""},{""word"":""囖"",""pos"":""y"",""jyutping"":""lo1""},{""word"":""."",""pos"":"""",""jyutping"":null}]"	REQUIRES_EXPERT_CONTEXT_REVIEW
aa84br-972439266a37de9043e6	FC-005a_v2.cha	9da5c89fae262850960f6d5ad98151c3a780957b3581d357bce9c9a53ffce487	1	117	57	XXA	adjacent_identical_tokens	訂	訂訂	v	VERB	deng6	訂	v	deng6	False	True	1	訂	v	VERB	deng6	60	訂	,	訂	訂	連嗰啲嘢係點嘅樣,冚唪唥乜嘢你都唔知,好似有陣時,嗰啲首日封噉,佢有嗰,誒,特別嘅郵chop啲印呢,你訂嗰陣時,佢冇話俾你聽有個特別郵chop𡃉,噉你咪訂訂訂,訂晒嗰啲普通郵chop噉𡃉囖.	係喇,我唔鍾意噉樣.	到到嗰個時候佢真係,賣嘅時候呢,出嘅時候呢,佢就話俾你聽有個特別郵chop嘞.	"{""repetitionMode"":""adjacent_identical_tokens"",""baseSurface"":""訂"",""matchedSurface"":""訂訂""}"	"[{""word"":""連"",""pos"":""d"",""jyutping"":""lin4""},{""word"":""嗰啲"",""pos"":""r"",""jyutping"":""go2di1""},{""word"":""嘢"",""pos"":""n"",""jyutping"":""je5""},{""word"":""係"",""pos"":""v"",""jyutping"":""hai6""},{""word"":""點"",""pos"":""r"",""jyutping"":""dim2""},{""word"":""嘅"",""pos"":""u"",""jyutping"":""ge3""},{""word"":""樣"",""pos"":""n"",""jyutping"":""joeng2""},{""word"":"","",""pos"":"""",""jyutping"":null},{""word"":""冚唪唥"",""pos"":""m"",""jyutping"":""ham6baang6laang6""},{""word"":""乜嘢"",""pos"":""r"",""jyutping"":""mat1je5""},{""word"":""你"",""pos"":""r"",""jyutping"":""nei5""},{""word"":""都"",""pos"":""d"",""jyutping"":""dou1""},{""word"":""唔"",""pos"":""d"",""jyutping"":""m4""},{""word"":""知"",""pos"":""v"",""jyutping"":""zi1""},{""word"":"","",""pos"":"""",""jyutping"":null},{""word"":""好似"",""pos"":""v"",""jyutping"":""hou2ci5""},{""word"":""有陣時"",""pos"":""d"",""jyutping"":""jau5zan6si4""},{""word"":"","",""pos"":"""",""jyutping"":null},{""word"":""嗰啲"",""pos"":""r"",""jyutping"":""go2di1""},{""word"":""首日封"",""pos"":""n"",""jyutping"":""sau2jat6fung1""},{""word"":""噉"",""pos"":""r"",""jyutping"":""gam2""},{""word"":"","",""pos"":"""",""jyutping"":null},{""word"":""佢"",""pos"":""r"",""jyutping"":""keoi5""},{""word"":""有"",""pos"":""v1"",""jyutping"":""jau5""},{""word"":""嗰"",""pos"":""r"",""jyutping"":""go2""},{""word"":"","",""pos"":"""",""jyutping"":null},{""word"":""誒"",""pos"":""e"",""jyutping"":""e6""},{""word"":"","",""pos"":"""",""jyutping"":null},{""word"":""特別"",""pos"":""d"",""jyutping"":""dak6bit6""},{""word"":""嘅"",""pos"":""u"",""jyutping"":""ge3""},{""word"":""郵"",""pos"":""Ng"",""jyutping"":""jau4""},{""word"":""chop"",""pos"":""xn"",""jyutping"":null},{""word"":""啲"",""pos"":""q"",""jyutping"":""di1""},{""word"":""印"",""pos"":""n"",""jyutping"":""jan3""},{""word"":""呢"",""pos"":""y1"",""jyutping"":""ne1""},{""word"":"","",""pos"":"""",""jyutping"":null},{""word"":""你"",""pos"":""r"",""jyutping"":""nei5""},{""word"":""訂"",""pos"":""v"",""jyutping"":""deng6""},{""word"":""嗰陣時"",""pos"":""r"",""jyutping"":""go2zan6si4""},{""word"":"","",""pos"":"""",""jyutping"":null},{""word"":""佢"",""pos"":""r"",""jyutping"":""keoi5""},{""word"":""冇"",""pos"":""v1"",""jyutping"":""mou5""},{""word"":""話"",""pos"":""v"",""jyutping"":""waa6""},{""word"":""俾"",""pos"":""p"",""jyutping"":""bei2""},{""word"":""你"",""pos"":""r"",""jyutping"":""nei5""},{""word"":""聽"",""pos"":""v"",""jyutping"":""teng1""},{""word"":""有"",""pos"":""v1"",""jyutping"":""jau5""},{""word"":""個"",""pos"":""q"",""jyutping"":""go3""},{""word"":""特別"",""pos"":""d"",""jyutping"":""dak6bit6""},{""word"":""郵"",""pos"":""Ng"",""jyutping"":""jau4""},{""word"":""chop"",""pos"":""xn"",""jyutping"":null},{""word"":""𡃉"",""pos"":""y"",""jyutping"":""gaa3""},{""word"":"","",""pos"":"""",""jyutping"":null},{""word"":""噉"",""pos"":""c"",""jyutping"":""gam2""},{""word"":""你"",""pos"":""r"",""jyutping"":""nei5""},{""word"":""咪"",""pos"":""d"",""jyutping"":""mai6""},{""word"":""訂"",""pos"":""v"",""jyutping"":""deng6""},{""word"":""訂"",""pos"":""v"",""jyutping"":""deng6""},{""word"":""訂"",""pos"":""v"",""jyutping"":""deng6""},{""word"":"","",""pos"":"""",""jyutping"":null},{""word"":""訂"",""pos"":""v"",""jyutping"":""deng6""},{""word"":""晒"",""pos"":""u"",""jyutping"":""saai3""},{""word"":""嗰啲"",""pos"":""r"",""jyutping"":""go2di1""},{""word"":""普通"",""pos"":""a"",""jyutping"":""pou2tung1""},{""word"":""郵"",""pos"":""Ng"",""jyutping"":""jau4""},{""word"":""chop"",""pos"":""xn"",""jyutping"":null},{""word"":""噉"",""pos"":""r"",""jyutping"":""gam2""},{""word"":""𡃉"",""pos"":""y"",""jyutping"":""gaa3""},{""word"":""囖"",""pos"":""y"",""jyutping"":""lo1""},{""word"":""."",""pos"":"""",""jyutping"":null}]"	REQUIRES_EXPERT_CONTEXT_REVIEW
aa84br-8f38f5043596de8bf27a	FC-005a_v2.cha	9da5c89fae262850960f6d5ad98151c3a780957b3581d357bce9c9a53ffce487	1	118	0	XXA	adjacent_identical_tokens	到	到到	v	VERB	dou3	到	u	dou3	True	True	4	賣	v	VERB	maai6	6	<UTTERANCE_START>	嗰個時候	<UTTERANCE_START>	嗰個時候	到到嗰個時候佢真係,賣嘅時候呢,出嘅時候呢,佢就話俾你聽有個特別郵chop嘞.	連嗰啲嘢係點嘅樣,冚唪唥乜嘢你都唔知,好似有陣時,嗰啲首日封噉,佢有嗰,誒,特別嘅郵chop啲印呢,你訂嗰陣時,佢冇話俾你聽有個特別郵chop𡃉,噉你咪訂訂訂,訂晒嗰啲普通郵chop噉𡃉囖.	噉你如果你要個特別郵chop呢,你又要去再訂過嘞.	"{""repetitionMode"":""adjacent_identical_tokens"",""baseSurface"":""到"",""matchedSurface"":""到到""}"	"[{""word"":""到"",""pos"":""v"",""jyutping"":""dou3""},{""word"":""到"",""pos"":""u"",""jyutping"":""dou3""},{""word"":""嗰個時候"",""pos"":""t"",""jyutping"":""go2go3si4hau6""},{""word"":""佢"",""pos"":""r"",""jyutping"":""keoi5""},{""word"":""真係"",""pos"":""d"",""jyutping"":""zan1hai6""},{""word"":"","",""pos"":"""",""jyutping"":null},{""word"":""賣"",""pos"":""v"",""jyutping"":""maai6""},{""word"":""嘅"",""pos"":""u"",""jyutping"":""ge3""},{""word"":""時候"",""pos"":""n"",""jyutping"":""si4hau6""},{""word"":""呢"",""pos"":""y1"",""jyutping"":""ne1""},{""word"":"","",""pos"":"""",""jyutping"":null},{""word"":""出"",""pos"":""v"",""jyutping"":""ceot1""},{""word"":""嘅"",""pos"":""u"",""jyutping"":""ge3""},{""word"":""時候"",""pos"":""n"",""jyutping"":""si4hau6""},{""word"":""呢"",""pos"":""y1"",""jyutping"":""ne1""},{""word"":"","",""pos"":"""",""jyutping"":null},{""word"":""佢"",""pos"":""r"",""jyutping"":""keoi5""},{""word"":""就"",""pos"":""d"",""jyutping"":""zau6""},{""word"":""話"",""pos"":""v"",""jyutping"":""waa6""},{""word"":""俾"",""pos"":""p"",""jyutping"":""bei2""},{""word"":""你"",""pos"":""r"",""jyutping"":""nei5""},{""word"":""聽"",""pos"":""v"",""jyutping"":""teng1""},{""word"":""有"",""pos"":""v1"",""jyutping"":""jau5""},{""word"":""個"",""pos"":""q"",""jyutping"":""go3""},{""word"":""特別"",""pos"":""a"",""jyutping"":""dak6bit6""},{""word"":""郵"",""pos"":""Ng"",""jyutping"":""jau4""},{""word"":""chop"",""pos"":""xn"",""jyutping"":null},{""word"":""嘞"",""pos"":""y"",""jyutping"":""laak3""},{""word"":""."",""pos"":"""",""jyutping"":null}]"	REQUIRES_EXPERT_CONTEXT_REVIEW
aa84br-ce0012b2b672ebf3feb2	FC-005b_v2.cha	91e91321966b1ff126280a045553c91ec40d0f45daf3beba4fe5e84a7181f868	2	0	24	XXA	adjacent_identical_tokens	黏	黏黏	v	VERB	nim4	黏	v	nim4	False	True	3	諗	v	VERB	nam2	30	個八	晒	個八	晒	搭啲,兩三毫子先至搭夠再寄啲新嘅,噉嗰陣時就,快快脆脆猛咁將啲個八黏黏晒,嘩,諗下,ei3留喺度冇用𡃉嗎,寄寄寄.		好短時間𡃉咋,喺我寄晒,即係由佢開始加郵票,至到我寄晒啲個八嘅郵票,再至到個八開始升值嘅時候呢,只係個零兩個月間嘅事來𡃉咋.	"{""repetitionMode"":""adjacent_identical_tokens"",""baseSurface"":""黏"",""matchedSurface"":""黏黏""}"	"[{""word"":""搭"",""pos"":""v"",""jyutping"":""daap3""},{""word"":""啲"",""pos"":""q"",""jyutping"":""di1""},{""word"":"","",""pos"":"""",""jyutping"":null},{""word"":""兩"",""pos"":""m"",""jyutping"":""loeng5""},{""word"":""三"",""pos"":""m"",""jyutping"":""saam1""},{""word"":""毫子"",""pos"":""q"",""jyutping"":""hou4zi2""},{""word"":""先至"",""pos"":""d"",""jyutping"":""sin1zi3""},{""word"":""搭"",""pos"":""v"",""jyutping"":""daap3""},{""word"":""夠"",""pos"":""a"",""jyutping"":""gau3""},{""word"":""再"",""pos"":""d"",""jyutping"":""zoi3""},{""word"":""寄"",""pos"":""v"",""jyutping"":""gei3""},{""word"":""啲"",""pos"":""q"",""jyutping"":""di1""},{""word"":""新"",""pos"":""a"",""jyutping"":""san1""},{""word"":""嘅"",""pos"":""u"",""jyutping"":""ge3""},{""word"":"","",""pos"":"""",""jyutping"":null},{""word"":""噉"",""pos"":""c"",""jyutping"":""gam2""},{""word"":""嗰陣時"",""pos"":""r"",""jyutping"":""go2zan6si4""},{""word"":""就"",""pos"":""d"",""jyutping"":""zau6""},{""word"":"","",""pos"":"""",""jyutping"":null},{""word"":""快快脆脆"",""pos"":""d"",""jyutping"":""faai3faai3ceoi3ceoi3""},{""word"":""猛咁"",""pos"":""d"",""jyutping"":""maang5gam3""},{""word"":""將"",""pos"":""v"",""jyutping"":""zoeng1""},{""word"":""啲"",""pos"":""q"",""jyutping"":""di1""},{""word"":""個八"",""pos"":""m"",""jyutping"":""go3baat3""},{""word"":""黏"",""pos"":""v"",""jyutping"":""nim4""},{""word"":""黏"",""pos"":""v"",""jyutping"":""nim4""},{""word"":""晒"",""pos"":""u"",""jyutping"":""saai3""},{""word"":"","",""pos"":"""",""jyutping"":null},{""word"":""嘩"",""pos"":""e"",""jyutping"":""waa3""},{""word"":"","",""pos"":"""",""jyutping"":null},{""word"":""諗"",""pos"":""v"",""jyutping"":""nam2""},{""word"":""下"",""pos"":""u"",""jyutping"":""haa5""},{""word"":"","",""pos"":"""",""jyutping"":null},{""word"":""ei3"",""pos"":""e"",""jyutping"":""ei3""},{""word"":""留"",""pos"":""v"",""jyutping"":""lau4""},{""word"":""喺度"",""pos"":""d"",""jyutping"":""hai2dou6""},{""word"":""冇"",""pos"":""v1"",""jyutping"":""mou5""},{""word"":""用"",""pos"":""v"",""jyutping"":""jung6""},{""word"":""𡃉"",""pos"":""y"",""jyutping"":""gaa3""},{""word"":""嗎"",""pos"":""y"",""jyutping"":""maa3""},{""word"":"","",""pos"":"""",""jyutping"":null},{""word"":""寄"",""pos"":""v"",""jyutping"":""gei3""},{""word"":""寄"",""pos"":""v"",""jyutping"":""gei3""},{""word"":""寄"",""pos"":""v"",""jyutping"":""gei3""},{""word"":""."",""pos"":"""",""jyutping"":null}]"	REQUIRES_EXPERT_CONTEXT_REVIEW
aa84br-6762d92f9b384929e675	FC-005b_v2.cha	91e91321966b1ff126280a045553c91ec40d0f45daf3beba4fe5e84a7181f868	2	0	41	XXA	adjacent_identical_tokens	寄	寄寄	v	VERB	gei3	寄	v	gei3	False	True	1	寄	v	VERB	gei3	43	,	寄	嗎	寄	搭啲,兩三毫子先至搭夠再寄啲新嘅,噉嗰陣時就,快快脆脆猛咁將啲個八黏黏晒,嘩,諗下,ei3留喺度冇用𡃉嗎,寄寄寄.		好短時間𡃉咋,喺我寄晒,即係由佢開始加郵票,至到我寄晒啲個八嘅郵票,再至到個八開始升值嘅時候呢,只係個零兩個月間嘅事來𡃉咋.	"{""repetitionMode"":""adjacent_identical_tokens"",""baseSurface"":""寄"",""matchedSurface"":""寄寄""}"	"[{""word"":""搭"",""pos"":""v"",""jyutping"":""daap3""},{""word"":""啲"",""pos"":""q"",""jyutping"":""di1""},{""word"":"","",""pos"":"""",""jyutping"":null},{""word"":""兩"",""pos"":""m"",""jyutping"":""loeng5""},{""word"":""三"",""pos"":""m"",""jyutping"":""saam1""},{""word"":""毫子"",""pos"":""q"",""jyutping"":""hou4zi2""},{""word"":""先至"",""pos"":""d"",""jyutping"":""sin1zi3""},{""word"":""搭"",""pos"":""v"",""jyutping"":""daap3""},{""word"":""夠"",""pos"":""a"",""jyutping"":""gau3""},{""word"":""再"",""pos"":""d"",""jyutping"":""zoi3""},{""word"":""寄"",""pos"":""v"",""jyutping"":""gei3""},{""word"":""啲"",""pos"":""q"",""jyutping"":""di1""},{""word"":""新"",""pos"":""a"",""jyutping"":""san1""},{""word"":""嘅"",""pos"":""u"",""jyutping"":""ge3""},{""word"":"","",""pos"":"""",""jyutping"":null},{""word"":""噉"",""pos"":""c"",""jyutping"":""gam2""},{""word"":""嗰陣時"",""pos"":""r"",""jyutping"":""go2zan6si4""},{""word"":""就"",""pos"":""d"",""jyutping"":""zau6""},{""word"":"","",""pos"":"""",""jyutping"":null},{""word"":""快快脆脆"",""pos"":""d"",""jyutping"":""faai3faai3ceoi3ceoi3""},{""word"":""猛咁"",""pos"":""d"",""jyutping"":""maang5gam3""},{""word"":""將"",""pos"":""v"",""jyutping"":""zoeng1""},{""word"":""啲"",""pos"":""q"",""jyutping"":""di1""},{""word"":""個八"",""pos"":""m"",""jyutping"":""go3baat3""},{""word"":""黏"",""pos"":""v"",""jyutping"":""nim4""},{""word"":""黏"",""pos"":""v"",""jyutping"":""nim4""},{""word"":""晒"",""pos"":""u"",""jyutping"":""saai3""},{""word"":"","",""pos"":"""",""jyutping"":null},{""word"":""嘩"",""pos"":""e"",""jyutping"":""waa3""},{""word"":"","",""pos"":"""",""jyutping"":null},{""word"":""諗"",""pos"":""v"",""jyutping"":""nam2""},{""word"":""下"",""pos"":""u"",""jyutping"":""haa5""},{""word"":"","",""pos"":"""",""jyutping"":null},{""word"":""ei3"",""pos"":""e"",""jyutping"":""ei3""},{""word"":""留"",""pos"":""v"",""jyutping"":""lau4""},{""word"":""喺度"",""pos"":""d"",""jyutping"":""hai2dou6""},{""word"":""冇"",""pos"":""v1"",""jyutping"":""mou5""},{""word"":""用"",""pos"":""v"",""jyutping"":""jung6""},{""word"":""𡃉"",""pos"":""y"",""jyutping"":""gaa3""},{""word"":""嗎"",""pos"":""y"",""jyutping"":""maa3""},{""word"":"","",""pos"":"""",""jyutping"":null},{""word"":""寄"",""pos"":""v"",""jyutping"":""gei3""},{""word"":""寄"",""pos"":""v"",""jyutping"":""gei3""},{""word"":""寄"",""pos"":""v"",""jyutping"":""gei3""},{""word"":""."",""pos"":"""",""jyutping"":null}]"	REQUIRES_EXPERT_CONTEXT_REVIEW
aa84br-1fb73e490db214540eea	FC-005b_v2.cha	91e91321966b1ff126280a045553c91ec40d0f45daf3beba4fe5e84a7181f868	2	51	28	XXA	adjacent_identical_tokens	使	使使	v	VERB	sai2	使	v	sai2	False	True	1	使	v	VERB	sai2	30	就	使	就	使	譬如四個呢,佢𠻺得兩個啫,或者得三個𡃉啫,其他嗰啲我就唔知,我就使使使晒佢,即係黏晒佢,寄晒佢,噉樣樣.	就係唔齊嘅.	哦,即係你又唔係儲好舊嗰啲.	"{""repetitionMode"":""adjacent_identical_tokens"",""baseSurface"":""使"",""matchedSurface"":""使使""}"	"[{""word"":""譬如"",""pos"":""v"",""jyutping"":""pei3jyu4""},{""word"":""四"",""pos"":""m"",""jyutping"":""sei3""},{""word"":""個"",""pos"":""q"",""jyutping"":""go3""},{""word"":""呢"",""pos"":""y1"",""jyutping"":""ne1""},{""word"":"","",""pos"":"""",""jyutping"":null},{""word"":""佢"",""pos"":""r"",""jyutping"":""keoi5""},{""word"":""𠻺"",""pos"":""d"",""jyutping"":""aa6""},{""word"":""得"",""pos"":""v"",""jyutping"":""dak1""},{""word"":""兩"",""pos"":""m"",""jyutping"":""loeng5""},{""word"":""個"",""pos"":""q"",""jyutping"":""go3""},{""word"":""啫"",""pos"":""y"",""jyutping"":""ze1""},{""word"":"","",""pos"":"""",""jyutping"":null},{""word"":""或者"",""pos"":""c"",""jyutping"":""waak6ze2""},{""word"":""得"",""pos"":""v"",""jyutping"":""dak1""},{""word"":""三"",""pos"":""m"",""jyutping"":""saam1""},{""word"":""個"",""pos"":""q"",""jyutping"":""go3""},{""word"":""𡃉"",""pos"":""y"",""jyutping"":""gaa3""},{""word"":""啫"",""pos"":""y"",""jyutping"":""ze1""},{""word"":"","",""pos"":"""",""jyutping"":null},{""word"":""其他"",""pos"":""r"",""jyutping"":""kei4taa1""},{""word"":""嗰啲"",""pos"":""r"",""jyutping"":""go2di1""},{""word"":""我"",""pos"":""r"",""jyutping"":""ngo5""},{""word"":""就"",""pos"":""d"",""jyutping"":""zau6""},{""word"":""唔"",""pos"":""d"",""jyutping"":""m4""},{""word"":""知"",""pos"":""v"",""jyutping"":""zi1""},{""word"":"","",""pos"":"""",""jyutping"":null},{""word"":""我"",""pos"":""r"",""jyutping"":""ngo5""},{""word"":""就"",""pos"":""d"",""jyutping"":""zau6""},{""word"":""使"",""pos"":""v"",""jyutping"":""sai2""},{""word"":""使"",""pos"":""v"",""jyutping"":""sai2""},{""word"":""使"",""pos"":""v"",""jyutping"":""sai2""},{""word"":""晒"",""pos"":""u"",""jyutping"":""saai3""},{""word"":""佢"",""pos"":""r"",""jyutping"":""keoi5""},{""word"":"","",""pos"":"""",""jyutping"":null},{""word"":""即係"",""pos"":""c"",""jyutping"":""zik1hai6""},{""word"":""黏"",""pos"":""v"",""jyutping"":""nim4""},{""word"":""晒"",""pos"":""u"",""jyutping"":""saai3""},{""word"":""佢"",""pos"":""r"",""jyutping"":""keoi5""},{""word"":"","",""pos"":"""",""jyutping"":null},{""word"":""寄"",""pos"":""v"",""jyutping"":""gei3""},{""word"":""晒"",""pos"":""u"",""jyutping"":""saai3""},{""word"":""佢"",""pos"":""r"",""jyutping"":""keoi5""},{""word"":"","",""pos"":"""",""jyutping"":null},{""word"":""噉樣樣"",""pos"":""r"",""jyutping"":""gam2joeng2joeng2""},{""word"":""."",""pos"":"""",""jyutping"":null}]"	REQUIRES_EXPERT_CONTEXT_REVIEW
aa84br-a7495212df8e63cfb8a8	FC-005b_v2.cha	91e91321966b1ff126280a045553c91ec40d0f45daf3beba4fe5e84a7181f868	2	51	29	XXA	adjacent_identical_tokens	使	使使	v	VERB	sai2	使	v	sai2	False	True	4	黏	v	VERB	nim4	35	使	晒	使	晒	譬如四個呢,佢𠻺得兩個啫,或者得三個𡃉啫,其他嗰啲我就唔知,我就使使使晒佢,即係黏晒佢,寄晒佢,噉樣樣.	就係唔齊嘅.	哦,即係你又唔係儲好舊嗰啲.	"{""repetitionMode"":""adjacent_identical_tokens"",""baseSurface"":""使"",""matchedSurface"":""使使""}"	"[{""word"":""譬如"",""pos"":""v"",""jyutping"":""pei3jyu4""},{""word"":""四"",""pos"":""m"",""jyutping"":""sei3""},{""word"":""個"",""pos"":""q"",""jyutping"":""go3""},{""word"":""呢"",""pos"":""y1"",""jyutping"":""ne1""},{""word"":"","",""pos"":"""",""jyutping"":null},{""word"":""佢"",""pos"":""r"",""jyutping"":""keoi5""},{""word"":""𠻺"",""pos"":""d"",""jyutping"":""aa6""},{""word"":""得"",""pos"":""v"",""jyutping"":""dak1""},{""word"":""兩"",""pos"":""m"",""jyutping"":""loeng5""},{""word"":""個"",""pos"":""q"",""jyutping"":""go3""},{""word"":""啫"",""pos"":""y"",""jyutping"":""ze1""},{""word"":"","",""pos"":"""",""jyutping"":null},{""word"":""或者"",""pos"":""c"",""jyutping"":""waak6ze2""},{""word"":""得"",""pos"":""v"",""jyutping"":""dak1""},{""word"":""三"",""pos"":""m"",""jyutping"":""saam1""},{""word"":""個"",""pos"":""q"",""jyutping"":""go3""},{""word"":""𡃉"",""pos"":""y"",""jyutping"":""gaa3""},{""word"":""啫"",""pos"":""y"",""jyutping"":""ze1""},{""word"":"","",""pos"":"""",""jyutping"":null},{""word"":""其他"",""pos"":""r"",""jyutping"":""kei4taa1""},{""word"":""嗰啲"",""pos"":""r"",""jyutping"":""go2di1""},{""word"":""我"",""pos"":""r"",""jyutping"":""ngo5""},{""word"":""就"",""pos"":""d"",""jyutping"":""zau6""},{""word"":""唔"",""pos"":""d"",""jyutping"":""m4""},{""word"":""知"",""pos"":""v"",""jyutping"":""zi1""},{""word"":"","",""pos"":"""",""jyutping"":null},{""word"":""我"",""pos"":""r"",""jyutping"":""ngo5""},{""word"":""就"",""pos"":""d"",""jyutping"":""zau6""},{""word"":""使"",""pos"":""v"",""jyutping"":""sai2""},{""word"":""使"",""pos"":""v"",""jyutping"":""sai2""},{""word"":""使"",""pos"":""v"",""jyutping"":""sai2""},{""word"":""晒"",""pos"":""u"",""jyutping"":""saai3""},{""word"":""佢"",""pos"":""r"",""jyutping"":""keoi5""},{""word"":"","",""pos"":"""",""jyutping"":null},{""word"":""即係"",""pos"":""c"",""jyutping"":""zik1hai6""},{""word"":""黏"",""pos"":""v"",""jyutping"":""nim4""},{""word"":""晒"",""pos"":""u"",""jyutping"":""saai3""},{""word"":""佢"",""pos"":""r"",""jyutping"":""keoi5""},{""word"":"","",""pos"":"""",""jyutping"":null},{""word"":""寄"",""pos"":""v"",""jyutping"":""gei3""},{""word"":""晒"",""pos"":""u"",""jyutping"":""saai3""},{""word"":""佢"",""pos"":""r"",""jyutping"":""keoi5""},{""word"":"","",""pos"":"""",""jyutping"":null},{""word"":""噉樣樣"",""pos"":""r"",""jyutping"":""gam2joeng2joeng2""},{""word"":""."",""pos"":"""",""jyutping"":null}]"	REQUIRES_EXPERT_CONTEXT_REVIEW
aa84br-c6b2e74ad49da9cd56b1	FC-005b_v2.cha	91e91321966b1ff126280a045553c91ec40d0f45daf3beba4fe5e84a7181f868	2	102	4	XXA	adjacent_identical_tokens	收	收收	v	VERB	sau1	收	v	sau1	False	True	1	收	v	VERB	sau1	6	話	收	話	收	俾你人哋話收收收收收收晒.	究竟你幾多歲啊?	唔係啊.	"{""repetitionMode"":""adjacent_identical_tokens"",""baseSurface"":""收"",""matchedSurface"":""收收""}"	"[{""word"":""俾"",""pos"":""p"",""jyutping"":""bei2""},{""word"":""你"",""pos"":""r"",""jyutping"":""nei5""},{""word"":""人哋"",""pos"":""r"",""jyutping"":""jan4dei6""},{""word"":""話"",""pos"":""v"",""jyutping"":""waa6""},{""word"":""收"",""pos"":""v"",""jyutping"":""sau1""},{""word"":""收"",""pos"":""v"",""jyutping"":""sau1""},{""word"":""收"",""pos"":""v"",""jyutping"":""sau1""},{""word"":""收"",""pos"":""v"",""jyutping"":""sau1""},{""word"":""收"",""pos"":""v"",""jyutping"":""sau1""},{""word"":""收"",""pos"":""v"",""jyutping"":""sau1""},{""word"":""晒"",""pos"":""u"",""jyutping"":""saai3""},{""word"":""."",""pos"":"""",""jyutping"":null}]"	REQUIRES_EXPERT_CONTEXT_REVIEW
aa84br-97df40f56de129c2b1ca	FC-005b_v2.cha	91e91321966b1ff126280a045553c91ec40d0f45daf3beba4fe5e84a7181f868	2	102	5	XXA	adjacent_identical_tokens	收	收收	v	VERB	sau1	收	v	sau1	False	True	1	收	v	VERB	sau1	7	收	收	收	收	俾你人哋話收收收收收收晒.	究竟你幾多歲啊?	唔係啊.	"{""repetitionMode"":""adjacent_identical_tokens"",""baseSurface"":""收"",""matchedSurface"":""收收""}"	"[{""word"":""俾"",""pos"":""p"",""jyutping"":""bei2""},{""word"":""你"",""pos"":""r"",""jyutping"":""nei5""},{""word"":""人哋"",""pos"":""r"",""jyutping"":""jan4dei6""},{""word"":""話"",""pos"":""v"",""jyutping"":""waa6""},{""word"":""收"",""pos"":""v"",""jyutping"":""sau1""},{""word"":""收"",""pos"":""v"",""jyutping"":""sau1""},{""word"":""收"",""pos"":""v"",""jyutping"":""sau1""},{""word"":""收"",""pos"":""v"",""jyutping"":""sau1""},{""word"":""收"",""pos"":""v"",""jyutping"":""sau1""},{""word"":""收"",""pos"":""v"",""jyutping"":""sau1""},{""word"":""晒"",""pos"":""u"",""jyutping"":""saai3""},{""word"":""."",""pos"":"""",""jyutping"":null}]"	REQUIRES_EXPERT_CONTEXT_REVIEW
aa84br-724406688bc3cc07b45f	FC-005b_v2.cha	91e91321966b1ff126280a045553c91ec40d0f45daf3beba4fe5e84a7181f868	2	102	6	XXA	adjacent_identical_tokens	收	收收	v	VERB	sau1	收	v	sau1	False	True	1	收	v	VERB	sau1	8	收	收	收	收	俾你人哋話收收收收收收晒.	究竟你幾多歲啊?	唔係啊.	"{""repetitionMode"":""adjacent_identical_tokens"",""baseSurface"":""收"",""matchedSurface"":""收收""}"	"[{""word"":""俾"",""pos"":""p"",""jyutping"":""bei2""},{""word"":""你"",""pos"":""r"",""jyutping"":""nei5""},{""word"":""人哋"",""pos"":""r"",""jyutping"":""jan4dei6""},{""word"":""話"",""pos"":""v"",""jyutping"":""waa6""},{""word"":""收"",""pos"":""v"",""jyutping"":""sau1""},{""word"":""收"",""pos"":""v"",""jyutping"":""sau1""},{""word"":""收"",""pos"":""v"",""jyutping"":""sau1""},{""word"":""收"",""pos"":""v"",""jyutping"":""sau1""},{""word"":""收"",""pos"":""v"",""jyutping"":""sau1""},{""word"":""收"",""pos"":""v"",""jyutping"":""sau1""},{""word"":""晒"",""pos"":""u"",""jyutping"":""saai3""},{""word"":""."",""pos"":"""",""jyutping"":null}]"	REQUIRES_EXPERT_CONTEXT_REVIEW
aa84br-b6d868028ee1b2298a1a	FC-005b_v2.cha	91e91321966b1ff126280a045553c91ec40d0f45daf3beba4fe5e84a7181f868	2	102	7	XXA	adjacent_identical_tokens	收	收收	v	VERB	sau1	收	v	sau1	False	True	1	收	v	VERB	sau1	9	收	收	收	收	俾你人哋話收收收收收收晒.	究竟你幾多歲啊?	唔係啊.	"{""repetitionMode"":""adjacent_identical_tokens"",""baseSurface"":""收"",""matchedSurface"":""收收""}"	"[{""word"":""俾"",""pos"":""p"",""jyutping"":""bei2""},{""word"":""你"",""pos"":""r"",""jyutping"":""nei5""},{""word"":""人哋"",""pos"":""r"",""jyutping"":""jan4dei6""},{""word"":""話"",""pos"":""v"",""jyutping"":""waa6""},{""word"":""收"",""pos"":""v"",""jyutping"":""sau1""},{""word"":""收"",""pos"":""v"",""jyutping"":""sau1""},{""word"":""收"",""pos"":""v"",""jyutping"":""sau1""},{""word"":""收"",""pos"":""v"",""jyutping"":""sau1""},{""word"":""收"",""pos"":""v"",""jyutping"":""sau1""},{""word"":""收"",""pos"":""v"",""jyutping"":""sau1""},{""word"":""晒"",""pos"":""u"",""jyutping"":""saai3""},{""word"":""."",""pos"":"""",""jyutping"":null}]"	REQUIRES_EXPERT_CONTEXT_REVIEW
aa84br-b5a4fdb9b46866485411	FC-005b_v2.cha	91e91321966b1ff126280a045553c91ec40d0f45daf3beba4fe5e84a7181f868	2	106	0	XXB	internally_repeated_token	啱	啱啱	d	ADV	aam1aam1				True	True	4	大	a	ADJ	daai6	4	<UTTERANCE_START>	幾	<UTTERANCE_START>	幾	啱啱幾個月大已經識嘞.	點樣講,而係因為我六幾年嘅時候呢,好細個,我細個嗰陣時好鍾意錢.	你知唔知點解?	"{""repetitionMode"":""internally_repeated_token"",""baseSurface"":""啱"",""matchedSurface"":""啱啱""}"	"[{""word"":""啱啱"",""pos"":""d"",""jyutping"":""aam1aam1""},{""word"":""幾"",""pos"":""m"",""jyutping"":""gei2""},{""word"":""個"",""pos"":""q"",""jyutping"":""go3""},{""word"":""月"",""pos"":""n"",""jyutping"":""jyut6""},{""word"":""大"",""pos"":""a"",""jyutping"":""daai6""},{""word"":""已經"",""pos"":""d"",""jyutping"":""ji5ging1""},{""word"":""識"",""pos"":""v"",""jyutping"":""sik1""},{""word"":""嘞"",""pos"":""y"",""jyutping"":""laak3""},{""word"":""."",""pos"":"""",""jyutping"":null}]"	REQUIRES_EXPERT_CONTEXT_REVIEW
aa84br-a03246c6737eb5685f0b	FC-005b_v2.cha	91e91321966b1ff126280a045553c91ec40d0f45daf3beba4fe5e84a7181f868	2	112	7	XXA	internally_repeated_token	個	個個	q	NOUN	go3go3				False	True	1	俾	v	VERB	bei2	8	,	俾	呢	俾	"""噉買完上來呢,個個俾""啊,幾毫子你食嘢嘞."	"""嗰個""你幫我落樓下買菜,買斤菜,買餸."	"""所以我記得我細個嗰陣時呢,嘩,揸住個毫子好開心,所以我對於嗰啲毫子呢好有印象."	"{""repetitionMode"":""internally_repeated_token"",""baseSurface"":""個"",""matchedSurface"":""個個""}"	"[{""word"":""\"""",""pos"":"""",""jyutping"":null},{""word"":""噉"",""pos"":""c"",""jyutping"":""gam2""},{""word"":""買"",""pos"":""v"",""jyutping"":""maai5""},{""word"":""完"",""pos"":""u"",""jyutping"":""jyun4""},{""word"":""上來"",""pos"":""v"",""jyutping"":""soeng5lai4""},{""word"":""呢"",""pos"":""y1"",""jyutping"":""ne1""},{""word"":"","",""pos"":"""",""jyutping"":null},{""word"":""個個"",""pos"":""q"",""jyutping"":""go3go3""},{""word"":""俾"",""pos"":""v"",""jyutping"":""bei2""},{""word"":""\"""",""pos"":"""",""jyutping"":null},{""word"":""啊"",""pos"":""e"",""jyutping"":""aa3""},{""word"":"","",""pos"":"""",""jyutping"":null},{""word"":""幾"",""pos"":""m"",""jyutping"":""gei2""},{""word"":""毫子"",""pos"":""q"",""jyutping"":""hou4zi2""},{""word"":""你"",""pos"":""r"",""jyutping"":""nei5""},{""word"":""食"",""pos"":""v"",""jyutping"":""sik6""},{""word"":""嘢"",""pos"":""n"",""jyutping"":""je5""},{""word"":""嘞"",""pos"":""y"",""jyutping"":""laak3""},{""word"":""."",""pos"":"""",""jyutping"":null}]"	REQUIRES_EXPERT_CONTEXT_REVIEW
aa84br-13b704edee5900b8c0aa	FC-005b_v2.cha	91e91321966b1ff126280a045553c91ec40d0f45daf3beba4fe5e84a7181f868	2	135	10	XXA	internally_repeated_token	日	日日	q	NOUN	jat6jat6				False	True	3	知	v	VERB	zi1	14	,	,	嗰度	嗰啲	有啊,喺,乜嘢,旺角嗰度,日日,嗰啲唔知係唔係大陸人來嘅,走落來,黏張紙喺度,有年份嗰啲𠻺特別價錢囖,冇年份嗰啲求其,好似話女皇頭兩毫子嘅,佢就四毫子一個幫你收噉.	有啲噉嘅嘢咩?	你就俾一拃佢,佢咪照數俾你囖,你俾十個佢,佢俾四蚊你噉樣囖,喀,噉就佢就唔理你乜嘢年代嘞,佢收咗返去,佢自己點搞就唔理佢𡃉嚹,總言之佢就收晒你啲女皇頭嘅返去.	"{""repetitionMode"":""internally_repeated_token"",""baseSurface"":""日"",""matchedSurface"":""日日""}"	"[{""word"":""有"",""pos"":""v1"",""jyutping"":""jau5""},{""word"":""啊"",""pos"":""y"",""jyutping"":""aa3""},{""word"":"","",""pos"":"""",""jyutping"":null},{""word"":""喺"",""pos"":""p"",""jyutping"":""hai2""},{""word"":"","",""pos"":"""",""jyutping"":null},{""word"":""乜嘢"",""pos"":""r"",""jyutping"":""mat1je5""},{""word"":"","",""pos"":"""",""jyutping"":null},{""word"":""旺角"",""pos"":""ns"",""jyutping"":""wong6gok3""},{""word"":""嗰度"",""pos"":""r"",""jyutping"":""go2dou6""},{""word"":"","",""pos"":"""",""jyutping"":null},{""word"":""日日"",""pos"":""q"",""jyutping"":""jat6jat6""},{""word"":"","",""pos"":"""",""jyutping"":null},{""word"":""嗰啲"",""pos"":""r"",""jyutping"":""go2di1""},{""word"":""唔"",""pos"":""d"",""jyutping"":""m4""},{""word"":""知"",""pos"":""v"",""jyutping"":""zi1""},{""word"":""係"",""pos"":""v"",""jyutping"":""hai6""},{""word"":""唔係"",""pos"":""v"",""jyutping"":""m4hai6""},{""word"":""大陸"",""pos"":""ns"",""jyutping"":""daai6luk6""},{""word"":""人"",""pos"":""n"",""jyutping"":""jan4""},{""word"":""來"",""pos"":""v"",""jyutping"":""lai4""},{""word"":""嘅"",""pos"":""y"",""jyutping"":""ge3""},{""word"":"","",""pos"":"""",""jyutping"":null},{""word"":""走"",""pos"":""v"",""jyutping"":""zau2""},{""word"":""落來"",""pos"":""v"",""jyutping"":""lok6lai4""},{""word"":"","",""pos"":"""",""jyutping"":null},{""word"":""黏"",""pos"":""v"",""jyutping"":""nim4""},{""word"":""張"",""pos"":""q"",""jyutping"":""zoeng1""},{""word"":""紙"",""pos"":""n"",""jyutping"":""zi2""},{""word"":""喺度"",""pos"":""d"",""jyutping"":""hai2dou6""},{""word"":"","",""pos"":"""",""jyutping"":null},{""word"":""有"",""pos"":""v1"",""jyutping"":""jau5""},{""word"":""年份"",""pos"":""n"",""jyutping"":""nin4fan6""},{""word"":""嗰啲"",""pos"":""r"",""jyutping"":""go2di1""},{""word"":""𠻺"",""pos"":""d"",""jyutping"":""aa6""},{""word"":""特別"",""pos"":""d"",""jyutping"":""dak6bit6""},{""word"":""價錢"",""pos"":""n"",""jyutping"":""gaa3cin4""},{""word"":""囖"",""pos"":""y"",""jyutping"":""lo1""},{""word"":"","",""pos"":"""",""jyutping"":null},{""word"":""冇"",""pos"":""v1"",""jyutping"":""mou5""},{""word"":""年份"",""pos"":""n"",""jyutping"":""nin4fan6""},{""word"":""嗰啲"",""pos"":""r"",""jyutping"":""go2di1""},{""word"":""求其"",""pos"":""a"",""jyutping"":""kau4kei4""},{""word"":"","",""pos"":"""",""jyutping"":null},{""word"":""好似"",""pos"":""v"",""jyutping"":""hou2ci5""},{""word"":""話"",""pos"":""v"",""jyutping"":""waa6""},{""word"":""女皇"",""pos"":""nz"",""jyutping"":""neoi5wong4""},{""word"":""頭"",""pos"":""n"",""jyutping"":""tau4""},{""word"":""兩"",""pos"":""m"",""jyutping"":""loeng5""},{""word"":""毫子"",""pos"":""q"",""jyutping"":""hou4zi2""},{""word"":""嘅"",""pos"":""u"",""jyutping"":""ge3""},{""word"":"","",""pos"":"""",""jyutping"":null},{""word"":""佢"",""pos"":""r"",""jyutping"":""keoi5""},{""word"":""就"",""pos"":""d"",""jyutping"":""zau6""},{""word"":""四"",""pos"":""m"",""jyutping"":""sei3""},{""word"":""毫子"",""pos"":""q"",""jyutping"":""hou4zi2""},{""word"":""一"",""pos"":""m"",""jyutping"":""jat1""},{""word"":""個"",""pos"":""q"",""jyutping"":""go3""},{""word"":""幫"",""pos"":""v"",""jyutping"":""bong1""},{""word"":""你"",""pos"":""r"",""jyutping"":""nei5""},{""word"":""收"",""pos"":""v"",""jyutping"":""sau1""},{""word"":""噉"",""pos"":""r"",""jyutping"":""gam2""},{""word"":""."",""pos"":"""",""jyutping"":null}]"	REQUIRES_EXPERT_CONTEXT_REVIEW
aa84br-467b2bfc67201edc3ff6	FC-009b_v.cha	c9bfd5c37661f770dd4d42712f8484fdeb720eafc25e363ec3779da6aa48cdf5	3	8	3	XXA	internally_repeated_token	少	少少	m	NUM	siu2siu2				False	True	2	ding3	v	VERB	ding3	5	返	噉樣	返	噉樣	即係剩返少少噉樣ding3住喎.	跟住睇下隻鞋,原來嗰隻鞋呢就,誒,甩咗喇個底直程.	跟住後來呢我唔想跑𡃉嚹.	"{""repetitionMode"":""internally_repeated_token"",""baseSurface"":""少"",""matchedSurface"":""少少""}"	"[{""word"":""即係"",""pos"":""c"",""jyutping"":""zik1hai6""},{""word"":""剩"",""pos"":""v"",""jyutping"":""zing6""},{""word"":""返"",""pos"":""u"",""jyutping"":""faan1""},{""word"":""少少"",""pos"":""m"",""jyutping"":""siu2siu2""},{""word"":""噉樣"",""pos"":""r"",""jyutping"":""gam2joeng2""},{""word"":""ding3"",""pos"":""v"",""jyutping"":""ding3""},{""word"":""住"",""pos"":""u"",""jyutping"":""zyu6""},{""word"":""喎"",""pos"":""y"",""jyutping"":""wo3""},{""word"":""."",""pos"":"""",""jyutping"":null}]"	REQUIRES_EXPERT_CONTEXT_REVIEW
aa84br-7a140f4b02ff1620f5b8	FC-009b_v.cha	c9bfd5c37661f770dd4d42712f8484fdeb720eafc25e363ec3779da6aa48cdf5	3	12	1	XXA	internally_repeated_token	慢	慢慢	a	ADJ	maan6maan1				False	True	1	行	v	VERB	haang4	2	跟住	行	跟住	行	跟住慢慢行,趷趷下趷咗返去吖嗎.	完成埋佢.	喀.	"{""repetitionMode"":""internally_repeated_token"",""baseSurface"":""慢"",""matchedSurface"":""慢慢""}"	"[{""word"":""跟住"",""pos"":""c"",""jyutping"":""gan1zyu6""},{""word"":""慢慢"",""pos"":""a"",""jyutping"":""maan6maan1""},{""word"":""行"",""pos"":""v"",""jyutping"":""haang4""},{""word"":"","",""pos"":"""",""jyutping"":null},{""word"":""趷"",""pos"":""v"",""jyutping"":""gat6""},{""word"":""趷"",""pos"":""v"",""jyutping"":""gat6""},{""word"":""下"",""pos"":""u"",""jyutping"":""haa5""},{""word"":""趷"",""pos"":""v"",""jyutping"":""gat6""},{""word"":""咗"",""pos"":""u"",""jyutping"":""zo2""},{""word"":""返去"",""pos"":""v"",""jyutping"":""faan1heoi3""},{""word"":""吖"",""pos"":""y"",""jyutping"":""aa1""},{""word"":""嗎"",""pos"":""y"",""jyutping"":""maa3""},{""word"":""."",""pos"":"""",""jyutping"":null}]"	REQUIRES_EXPERT_CONTEXT_REVIEW
aa84br-f1fa972eda24bd09a925	FC-009b_v.cha	c9bfd5c37661f770dd4d42712f8484fdeb720eafc25e363ec3779da6aa48cdf5	3	12	4	XXA	adjacent_identical_tokens	趷	趷趷	v	VERB	gat6	趷	v	gat6	False	True	2	趷	v	VERB	gat6	7	,	下	行	下	跟住慢慢行,趷趷下趷咗返去吖嗎.	完成埋佢.	喀.	"{""repetitionMode"":""adjacent_identical_tokens"",""baseSurface"":""趷"",""matchedSurface"":""趷趷""}"	"[{""word"":""跟住"",""pos"":""c"",""jyutping"":""gan1zyu6""},{""word"":""慢慢"",""pos"":""a"",""jyutping"":""maan6maan1""},{""word"":""行"",""pos"":""v"",""jyutping"":""haang4""},{""word"":"","",""pos"":"""",""jyutping"":null},{""word"":""趷"",""pos"":""v"",""jyutping"":""gat6""},{""word"":""趷"",""pos"":""v"",""jyutping"":""gat6""},{""word"":""下"",""pos"":""u"",""jyutping"":""haa5""},{""word"":""趷"",""pos"":""v"",""jyutping"":""gat6""},{""word"":""咗"",""pos"":""u"",""jyutping"":""zo2""},{""word"":""返去"",""pos"":""v"",""jyutping"":""faan1heoi3""},{""word"":""吖"",""pos"":""y"",""jyutping"":""aa1""},{""word"":""嗎"",""pos"":""y"",""jyutping"":""maa3""},{""word"":""."",""pos"":"""",""jyutping"":null}]"	REQUIRES_EXPERT_CONTEXT_REVIEW
aa84br-d936b5c655da5a5811c7	FC-009b_v.cha	c9bfd5c37661f770dd4d42712f8484fdeb720eafc25e363ec3779da6aa48cdf5	3	46	0	XXA	internally_repeated_token	拜	拜拜	l1	X	baai1baai3				True	True	1	講	v	VERB	gong2	2	<UTTERANCE_START>	!	<UTTERANCE_START>	講	拜拜!講𡁵乜嘢啊跟住?	反彈得好犀利.	講𡁵你睇跌打.	"{""repetitionMode"":""internally_repeated_token"",""baseSurface"":""拜"",""matchedSurface"":""拜拜""}"	"[{""word"":""拜拜"",""pos"":""l1"",""jyutping"":""baai1baai3""},{""word"":""!"",""pos"":"""",""jyutping"":null},{""word"":""講"",""pos"":""v"",""jyutping"":""gong2""},{""word"":""𡁵"",""pos"":""u"",""jyutping"":""gan2""},{""word"":""乜嘢"",""pos"":""r"",""jyutping"":""mat1je5""},{""word"":""啊"",""pos"":""y"",""jyutping"":""aa3""},{""word"":""跟住"",""pos"":""c"",""jyutping"":""gan1zyu6""},{""word"":""?"",""pos"":"""",""jyutping"":null}]"	REQUIRES_EXPERT_CONTEXT_REVIEW
aa84br-7c764953a9f14061f617	FC-009b_v.cha	c9bfd5c37661f770dd4d42712f8484fdeb720eafc25e363ec3779da6aa48cdf5	3	64	16	XXB	internally_repeated_token	年	年年	q	NOUN	nin4nin4				False	True	3	好似	v	VERB	hou2ci5	19	會	呢	會	呢	但係嗰時呢,因為我嗰陣時呢又係成日我會-我會年年呢都好似有機會會扭親噉樣𡃉.	噉跟住,誒,佢係噉問我有冇好啲喎.	哦.	"{""repetitionMode"":""internally_repeated_token"",""baseSurface"":""年"",""matchedSurface"":""年年""}"	"[{""word"":""但係"",""pos"":""c"",""jyutping"":""daan6hai6""},{""word"":""嗰時"",""pos"":""r"",""jyutping"":""go2si4""},{""word"":""呢"",""pos"":""y1"",""jyutping"":""ne1""},{""word"":"","",""pos"":"""",""jyutping"":null},{""word"":""因為"",""pos"":""c"",""jyutping"":""jan1wai6""},{""word"":""我"",""pos"":""r"",""jyutping"":""ngo5""},{""word"":""嗰陣時"",""pos"":""r"",""jyutping"":""go2zan6si4""},{""word"":""呢"",""pos"":""y1"",""jyutping"":""ne1""},{""word"":""又"",""pos"":""d"",""jyutping"":""jau6""},{""word"":""係"",""pos"":""v"",""jyutping"":""hai6""},{""word"":""成日"",""pos"":""d"",""jyutping"":""seng4jat6""},{""word"":""我"",""pos"":""r"",""jyutping"":""ngo5""},{""word"":""會"",""pos"":""vu"",""jyutping"":""wui5""},{""word"":""-"",""pos"":"""",""jyutping"":null},{""word"":""我"",""pos"":""r"",""jyutping"":""ngo5""},{""word"":""會"",""pos"":""vu"",""jyutping"":""wui5""},{""word"":""年年"",""pos"":""q"",""jyutping"":""nin4nin4""},{""word"":""呢"",""pos"":""y1"",""jyutping"":""ne1""},{""word"":""都"",""pos"":""d"",""jyutping"":""dou1""},{""word"":""好似"",""pos"":""v"",""jyutping"":""hou2ci5""},{""word"":""有"",""pos"":""v1"",""jyutping"":""jau5""},{""word"":""機會"",""pos"":""n"",""jyutping"":""gei1wui6""},{""word"":""會"",""pos"":""vu"",""jyutping"":""wui5""},{""word"":""扭"",""pos"":""v"",""jyutping"":""nau2""},{""word"":""親"",""pos"":""u"",""jyutping"":""can1""},{""word"":""噉樣"",""pos"":""r"",""jyutping"":""gam2joeng2""},{""word"":""𡃉"",""pos"":""y"",""jyutping"":""gaa3""},{""word"":""."",""pos"":"""",""jyutping"":null}]"	REQUIRES_EXPERT_CONTEXT_REVIEW
aa84br-63c7c233054e9b4ece1e	FC-009b_v.cha	c9bfd5c37661f770dd4d42712f8484fdeb720eafc25e363ec3779da6aa48cdf5	3	66	26	XXB	internally_repeated_token	少	少少	m	NUM	siu2siu2				False	True	1	腫	a	ADJ	zung2	27	有	腫	有	腫	嗰個人呢同我講呢,佢話如果即係譬如,誒,你摸嗰個位呢譬如你見到有少少腫呢,即係有時你唔知係好返未吖,定係點𠺢嗎.	哦.	喀.	"{""repetitionMode"":""internally_repeated_token"",""baseSurface"":""少"",""matchedSurface"":""少少""}"	"[{""word"":""嗰個"",""pos"":""r"",""jyutping"":""go2go3""},{""word"":""人"",""pos"":""n"",""jyutping"":""jan4""},{""word"":""呢"",""pos"":""y1"",""jyutping"":""ne1""},{""word"":""同"",""pos"":""p"",""jyutping"":""tung4""},{""word"":""我"",""pos"":""r"",""jyutping"":""ngo5""},{""word"":""講"",""pos"":""v"",""jyutping"":""gong2""},{""word"":""呢"",""pos"":""y1"",""jyutping"":""ne1""},{""word"":"","",""pos"":"""",""jyutping"":null},{""word"":""佢"",""pos"":""r"",""jyutping"":""keoi5""},{""word"":""話"",""pos"":""v"",""jyutping"":""waa6""},{""word"":""如果"",""pos"":""c"",""jyutping"":""jyu4gwo2""},{""word"":""即係"",""pos"":""d"",""jyutping"":""zik1hai6""},{""word"":""譬如"",""pos"":""v"",""jyutping"":""pei3jyu4""},{""word"":"","",""pos"":"""",""jyutping"":null},{""word"":""誒"",""pos"":""e"",""jyutping"":""e6""},{""word"":"","",""pos"":"""",""jyutping"":null},{""word"":""你"",""pos"":""r"",""jyutping"":""nei5""},{""word"":""摸"",""pos"":""v"",""jyutping"":""mo2""},{""word"":""嗰個"",""pos"":""r"",""jyutping"":""go2go3""},{""word"":""位"",""pos"":""n"",""jyutping"":""wai2""},{""word"":""呢"",""pos"":""y1"",""jyutping"":""ne1""},{""word"":""譬如"",""pos"":""v"",""jyutping"":""pei3jyu4""},{""word"":""你"",""pos"":""r"",""jyutping"":""nei5""},{""word"":""見"",""pos"":""v"",""jyutping"":""gin3""},{""word"":""到"",""pos"":""u"",""jyutping"":""dou2""},{""word"":""有"",""pos"":""v1"",""jyutping"":""jau5""},{""word"":""少少"",""pos"":""m"",""jyutping"":""siu2siu2""},{""word"":""腫"",""pos"":""a"",""jyutping"":""zung2""},{""word"":""呢"",""pos"":""y1"",""jyutping"":""ne1""},{""word"":"","",""pos"":"""",""jyutping"":null},{""word"":""即係"",""pos"":""d"",""jyutping"":""zik1hai6""},{""word"":""有時"",""pos"":""d"",""jyutping"":""jau5si4""},{""word"":""你"",""pos"":""r"",""jyutping"":""nei5""},{""word"":""唔"",""pos"":""d"",""jyutping"":""m4""},{""word"":""知"",""pos"":""v"",""jyutping"":""zi1""},{""word"":""係"",""pos"":""v"",""jyutping"":""hai6""},{""word"":""好"",""pos"":""a"",""jyutping"":""hou2""},{""word"":""返"",""pos"":""u"",""jyutping"":""faan1""},{""word"":""未"",""pos"":""d"",""jyutping"":""mei6""},{""word"":""吖"",""pos"":""y"",""jyutping"":""aa1""},{""word"":"","",""pos"":"""",""jyutping"":null},{""word"":""定係"",""pos"":""c"",""jyutping"":""ding6hai6""},{""word"":""點"",""pos"":""r"",""jyutping"":""dim2""},{""word"":""𠺢"",""pos"":""y"",""jyutping"":""gaa1""},{""word"":""嗎"",""pos"":""y"",""jyutping"":""maa3""},{""word"":""."",""pos"":"""",""jyutping"":null}]"	REQUIRES_EXPERT_CONTEXT_REVIEW
aa84br-7a5c08f9dcf1879e39c3	FC-009b_v.cha	c9bfd5c37661f770dd4d42712f8484fdeb720eafc25e363ec3779da6aa48cdf5	3	106	8	XXA	internally_repeated_token	樣	樣樣	q	NOUN	joeng6joeng6				False	True	3	叻	a	ADJ	lek1	11	跑	都	跑	都	我識得嗰個人,佢跑樣樣都好叻嘅,但係佢好瘦𡃉喎.	我諗係體質嘅問題.	會唔會呢?	"{""repetitionMode"":""internally_repeated_token"",""baseSurface"":""樣"",""matchedSurface"":""樣樣""}"	"[{""word"":""我"",""pos"":""r"",""jyutping"":""ngo5""},{""word"":""識"",""pos"":""v"",""jyutping"":""sik1""},{""word"":""得"",""pos"":""u"",""jyutping"":""dak1""},{""word"":""嗰個"",""pos"":""r"",""jyutping"":""go2go3""},{""word"":""人"",""pos"":""n"",""jyutping"":""jan4""},{""word"":"","",""pos"":"""",""jyutping"":null},{""word"":""佢"",""pos"":""r"",""jyutping"":""keoi5""},{""word"":""跑"",""pos"":""v"",""jyutping"":""paau2""},{""word"":""樣樣"",""pos"":""q"",""jyutping"":""joeng6joeng6""},{""word"":""都"",""pos"":""d"",""jyutping"":""dou1""},{""word"":""好"",""pos"":""d"",""jyutping"":""hou2""},{""word"":""叻"",""pos"":""a"",""jyutping"":""lek1""},{""word"":""嘅"",""pos"":""u"",""jyutping"":""ge3""},{""word"":"","",""pos"":"""",""jyutping"":null},{""word"":""但係"",""pos"":""c"",""jyutping"":""daan6hai6""},{""word"":""佢"",""pos"":""r"",""jyutping"":""keoi5""},{""word"":""好"",""pos"":""d"",""jyutping"":""hou2""},{""word"":""瘦"",""pos"":""a"",""jyutping"":""sau3""},{""word"":""𡃉"",""pos"":""y"",""jyutping"":""gaa3""},{""word"":""喎"",""pos"":""y"",""jyutping"":""wo3""},{""word"":""."",""pos"":"""",""jyutping"":null}]"	REQUIRES_EXPERT_CONTEXT_REVIEW
aa84br-a7056a44c26306806832	FC-011_v.cha	8aee56f612436ff9ddb299b1d3e7f7b0c468ddc79ad7e25f6b2da7277d8d1866	4	52	0	XXA	internally_repeated_token	少	少少	m	NUM	siu2siu2				True	False							<UTTERANCE_START>	喇	<UTTERANCE_START>	喇	少少喇.	彌補你嘅創傷.	係喇.	"{""repetitionMode"":""internally_repeated_token"",""baseSurface"":""少"",""matchedSurface"":""少少""}"	"[{""word"":""少少"",""pos"":""m"",""jyutping"":""siu2siu2""},{""word"":""喇"",""pos"":""y"",""jyutping"":""laa1""},{""word"":""."",""pos"":"""",""jyutping"":null}]"	REQUIRES_EXPERT_CONTEXT_REVIEW
aa84br-738f0656815f475c6f09	FC-011_v.cha	8aee56f612436ff9ddb299b1d3e7f7b0c468ddc79ad7e25f6b2da7277d8d1866	4	56	15	XXB	internally_repeated_token	初	初初	f	ADV	co1co1				False	True	1	做	v	VERB	zou6	16	就	做	就	做	誒,我哩份-睇下先,我其實呢,就初初做呢,我就喺間雜誌社做嘅.	你份工點啊?	噉但係做-啱啱-啱啱probation過咗呢,即係三個月,噉𠻺啱啱哩度又請我.	"{""repetitionMode"":""internally_repeated_token"",""baseSurface"":""初"",""matchedSurface"":""初初""}"	"[{""word"":""誒"",""pos"":""e"",""jyutping"":""e6""},{""word"":"","",""pos"":"""",""jyutping"":null},{""word"":""我"",""pos"":""r"",""jyutping"":""ngo5""},{""word"":""哩"",""pos"":""r"",""jyutping"":""ni1""},{""word"":""份"",""pos"":""q"",""jyutping"":""fan6""},{""word"":""-"",""pos"":"""",""jyutping"":null},{""word"":""睇"",""pos"":""v"",""jyutping"":""tai2""},{""word"":""下"",""pos"":""u"",""jyutping"":""haa5""},{""word"":""先"",""pos"":""d"",""jyutping"":""sin1""},{""word"":"","",""pos"":"""",""jyutping"":null},{""word"":""我"",""pos"":""r"",""jyutping"":""ngo5""},{""word"":""其實"",""pos"":""d"",""jyutping"":""kei4sat6""},{""word"":""呢"",""pos"":""y1"",""jyutping"":""ne1""},{""word"":"","",""pos"":"""",""jyutping"":null},{""word"":""就"",""pos"":""d"",""jyutping"":""zau6""},{""word"":""初初"",""pos"":""f"",""jyutping"":""co1co1""},{""word"":""做"",""pos"":""v"",""jyutping"":""zou6""},{""word"":""呢"",""pos"":""y1"",""jyutping"":""ne1""},{""word"":"","",""pos"":"""",""jyutping"":null},{""word"":""我"",""pos"":""r"",""jyutping"":""ngo5""},{""word"":""就"",""pos"":""d"",""jyutping"":""zau6""},{""word"":""喺"",""pos"":""p"",""jyutping"":""hai2""},{""word"":""間"",""pos"":""q"",""jyutping"":""gaan1""},{""word"":""雜誌社"",""pos"":""n"",""jyutping"":""zaap6zi3se5""},{""word"":""做"",""pos"":""v"",""jyutping"":""zou6""},{""word"":""嘅"",""pos"":""u"",""jyutping"":""ge3""},{""word"":""."",""pos"":"""",""jyutping"":null}]"	REQUIRES_EXPERT_CONTEXT_REVIEW
aa84br-8b51b418c0ff1146fe0c	FC-011_v.cha	8aee56f612436ff9ddb299b1d3e7f7b0c468ddc79ad7e25f6b2da7277d8d1866	4	57	4	XXB	internally_repeated_token	啱	啱啱	d	ADV	aam1aam1				False	True	3	過	v	VERB	gwo3	8	-	-	做	啱啱	噉但係做-啱啱-啱啱probation過咗呢,即係三個月,噉𠻺啱啱哩度又請我.	誒,我哩份-睇下先,我其實呢,就初初做呢,我就喺間雜誌社做嘅.	即係而家轉做東亞銀行嚹.	"{""repetitionMode"":""internally_repeated_token"",""baseSurface"":""啱"",""matchedSurface"":""啱啱""}"	"[{""word"":""噉"",""pos"":""c"",""jyutping"":""gam2""},{""word"":""但係"",""pos"":""c"",""jyutping"":""daan6hai6""},{""word"":""做"",""pos"":""v"",""jyutping"":""zou6""},{""word"":""-"",""pos"":"""",""jyutping"":null},{""word"":""啱啱"",""pos"":""d"",""jyutping"":""aam1aam1""},{""word"":""-"",""pos"":"""",""jyutping"":null},{""word"":""啱啱"",""pos"":""d"",""jyutping"":""aam1aam1""},{""word"":""probation"",""pos"":""xn"",""jyutping"":null},{""word"":""過"",""pos"":""v"",""jyutping"":""gwo3""},{""word"":""咗"",""pos"":""u"",""jyutping"":""zo2""},{""word"":""呢"",""pos"":""y1"",""jyutping"":""ne1""},{""word"":"","",""pos"":"""",""jyutping"":null},{""word"":""即係"",""pos"":""c"",""jyutping"":""zik1hai6""},{""word"":""三"",""pos"":""m"",""jyutping"":""saam1""},{""word"":""個"",""pos"":""q"",""jyutping"":""go3""},{""word"":""月"",""pos"":""n"",""jyutping"":""jyut6""},{""word"":"","",""pos"":"""",""jyutping"":null},{""word"":""噉"",""pos"":""c"",""jyutping"":""gam2""},{""word"":""𠻺"",""pos"":""y1"",""jyutping"":""aa6""},{""word"":""啱啱"",""pos"":""d"",""jyutping"":""aam1aam1""},{""word"":""哩度"",""pos"":""r"",""jyutping"":""ni1dou6""},{""word"":""又"",""pos"":""d"",""jyutping"":""jau6""},{""word"":""請"",""pos"":""v"",""jyutping"":""ceng2""},{""word"":""我"",""pos"":""r"",""jyutping"":""ngo5""},{""word"":""."",""pos"":"""",""jyutping"":null}]"	REQUIRES_EXPERT_CONTEXT_REVIEW
aa84br-2e1ff38960f5051fce38	FC-011_v.cha	8aee56f612436ff9ddb299b1d3e7f7b0c468ddc79ad7e25f6b2da7277d8d1866	4	57	6	XXB	internally_repeated_token	啱	啱啱	d	ADV	aam1aam1				False	True	2	過	v	VERB	gwo3	8	-	probation	啱啱	probation	噉但係做-啱啱-啱啱probation過咗呢,即係三個月,噉𠻺啱啱哩度又請我.	誒,我哩份-睇下先,我其實呢,就初初做呢,我就喺間雜誌社做嘅.	即係而家轉做東亞銀行嚹.	"{""repetitionMode"":""internally_repeated_token"",""baseSurface"":""啱"",""matchedSurface"":""啱啱""}"	"[{""word"":""噉"",""pos"":""c"",""jyutping"":""gam2""},{""word"":""但係"",""pos"":""c"",""jyutping"":""daan6hai6""},{""word"":""做"",""pos"":""v"",""jyutping"":""zou6""},{""word"":""-"",""pos"":"""",""jyutping"":null},{""word"":""啱啱"",""pos"":""d"",""jyutping"":""aam1aam1""},{""word"":""-"",""pos"":"""",""jyutping"":null},{""word"":""啱啱"",""pos"":""d"",""jyutping"":""aam1aam1""},{""word"":""probation"",""pos"":""xn"",""jyutping"":null},{""word"":""過"",""pos"":""v"",""jyutping"":""gwo3""},{""word"":""咗"",""pos"":""u"",""jyutping"":""zo2""},{""word"":""呢"",""pos"":""y1"",""jyutping"":""ne1""},{""word"":"","",""pos"":"""",""jyutping"":null},{""word"":""即係"",""pos"":""c"",""jyutping"":""zik1hai6""},{""word"":""三"",""pos"":""m"",""jyutping"":""saam1""},{""word"":""個"",""pos"":""q"",""jyutping"":""go3""},{""word"":""月"",""pos"":""n"",""jyutping"":""jyut6""},{""word"":"","",""pos"":"""",""jyutping"":null},{""word"":""噉"",""pos"":""c"",""jyutping"":""gam2""},{""word"":""𠻺"",""pos"":""y1"",""jyutping"":""aa6""},{""word"":""啱啱"",""pos"":""d"",""jyutping"":""aam1aam1""},{""word"":""哩度"",""pos"":""r"",""jyutping"":""ni1dou6""},{""word"":""又"",""pos"":""d"",""jyutping"":""jau6""},{""word"":""請"",""pos"":""v"",""jyutping"":""ceng2""},{""word"":""我"",""pos"":""r"",""jyutping"":""ngo5""},{""word"":""."",""pos"":"""",""jyutping"":null}]"	REQUIRES_EXPERT_CONTEXT_REVIEW
aa84br-849b2ff3545692396134	FC-011_v.cha	8aee56f612436ff9ddb299b1d3e7f7b0c468ddc79ad7e25f6b2da7277d8d1866	4	57	19	XXB	internally_repeated_token	啱	啱啱	d	ADV	aam1aam1				False	True	3	請	v	VERB	ceng2	22	𠻺	哩度	𠻺	哩度	噉但係做-啱啱-啱啱probation過咗呢,即係三個月,噉𠻺啱啱哩度又請我.	誒,我哩份-睇下先,我其實呢,就初初做呢,我就喺間雜誌社做嘅.	即係而家轉做東亞銀行嚹.	"{""repetitionMode"":""internally_repeated_token"",""baseSurface"":""啱"",""matchedSurface"":""啱啱""}"	"[{""word"":""噉"",""pos"":""c"",""jyutping"":""gam2""},{""word"":""但係"",""pos"":""c"",""jyutping"":""daan6hai6""},{""word"":""做"",""pos"":""v"",""jyutping"":""zou6""},{""word"":""-"",""pos"":"""",""jyutping"":null},{""word"":""啱啱"",""pos"":""d"",""jyutping"":""aam1aam1""},{""word"":""-"",""pos"":"""",""jyutping"":null},{""word"":""啱啱"",""pos"":""d"",""jyutping"":""aam1aam1""},{""word"":""probation"",""pos"":""xn"",""jyutping"":null},{""word"":""過"",""pos"":""v"",""jyutping"":""gwo3""},{""word"":""咗"",""pos"":""u"",""jyutping"":""zo2""},{""word"":""呢"",""pos"":""y1"",""jyutping"":""ne1""},{""word"":"","",""pos"":"""",""jyutping"":null},{""word"":""即係"",""pos"":""c"",""jyutping"":""zik1hai6""},{""word"":""三"",""pos"":""m"",""jyutping"":""saam1""},{""word"":""個"",""pos"":""q"",""jyutping"":""go3""},{""word"":""月"",""pos"":""n"",""jyutping"":""jyut6""},{""word"":"","",""pos"":"""",""jyutping"":null},{""word"":""噉"",""pos"":""c"",""jyutping"":""gam2""},{""word"":""𠻺"",""pos"":""y1"",""jyutping"":""aa6""},{""word"":""啱啱"",""pos"":""d"",""jyutping"":""aam1aam1""},{""word"":""哩度"",""pos"":""r"",""jyutping"":""ni1dou6""},{""word"":""又"",""pos"":""d"",""jyutping"":""jau6""},{""word"":""請"",""pos"":""v"",""jyutping"":""ceng2""},{""word"":""我"",""pos"":""r"",""jyutping"":""ngo5""},{""word"":""."",""pos"":"""",""jyutping"":null}]"	REQUIRES_EXPERT_CONTEXT_REVIEW
aa84br-233bbc06b91cd70359eb	FC-011_v.cha	8aee56f612436ff9ddb299b1d3e7f7b0c468ddc79ad7e25f6b2da7277d8d1866	4	78	19	XXB	internally_repeated_token	個	個個	q	NOUN	go3go3				False	True	2	合作	v	VERB	hap6zok3	21	或者	department	或者	department	誒,出啲pressrelease喇,搞exhibition喇,誒,同埋啲branch啊或者個個department合作搞一啲promotion喇.	喀.	有時例如啲推廣日啊.	"{""repetitionMode"":""internally_repeated_token"",""baseSurface"":""個"",""matchedSurface"":""個個""}"	"[{""word"":""誒"",""pos"":""e"",""jyutping"":""e6""},{""word"":"","",""pos"":"""",""jyutping"":null},{""word"":""出"",""pos"":""v"",""jyutping"":""ceot1""},{""word"":""啲"",""pos"":""q"",""jyutping"":""di1""},{""word"":""press"",""pos"":""xn"",""jyutping"":null},{""word"":""release"",""pos"":""xn"",""jyutping"":null},{""word"":""喇"",""pos"":""y1"",""jyutping"":""laa1""},{""word"":"","",""pos"":"""",""jyutping"":null},{""word"":""搞"",""pos"":""v"",""jyutping"":""gaau2""},{""word"":""exhibition"",""pos"":""xn"",""jyutping"":null},{""word"":""喇"",""pos"":""y1"",""jyutping"":""laa1""},{""word"":"","",""pos"":"""",""jyutping"":null},{""word"":""誒"",""pos"":""e"",""jyutping"":""e6""},{""word"":"","",""pos"":"""",""jyutping"":null},{""word"":""同埋"",""pos"":""c"",""jyutping"":""tung4maai4""},{""word"":""啲"",""pos"":""q"",""jyutping"":""di1""},{""word"":""branch"",""pos"":""xn"",""jyutping"":null},{""word"":""啊"",""pos"":""y1"",""jyutping"":""aa3""},{""word"":""或者"",""pos"":""c"",""jyutping"":""waak6ze2""},{""word"":""個個"",""pos"":""q"",""jyutping"":""go3go3""},{""word"":""department"",""pos"":""xn"",""jyutping"":null},{""word"":""合作"",""pos"":""v"",""jyutping"":""hap6zok3""},{""word"":""搞"",""pos"":""v"",""jyutping"":""gaau2""},{""word"":""一啲"",""pos"":""m"",""jyutping"":""jat1di1""},{""word"":""promotion"",""pos"":""xn"",""jyutping"":null},{""word"":""喇"",""pos"":""y"",""jyutping"":""laa1""},{""word"":""."",""pos"":"""",""jyutping"":null}]"	REQUIRES_EXPERT_CONTEXT_REVIEW
aa84br-c481bd099e12b8fdbe24	FC-011_v.cha	8aee56f612436ff9ddb299b1d3e7f7b0c468ddc79ad7e25f6b2da7277d8d1866	4	88	23	XXB	adjacent_identical_tokens	撳	撳撳	v	VERB	gam6	撳	v	gam6	False	True	1	撳	v	VERB	gam6	25	人	撳	人	撳	即係,誒,喺啲銀行呢,你咪見到有啲機呢,擺咗喺度俾人撳撳撳來問嘢𠸏.	kiosk啊.	交錢嗰啲?	"{""repetitionMode"":""adjacent_identical_tokens"",""baseSurface"":""撳"",""matchedSurface"":""撳撳""}"	"[{""word"":""即係"",""pos"":""c"",""jyutping"":""zik1hai6""},{""word"":"","",""pos"":"""",""jyutping"":null},{""word"":""誒"",""pos"":""e"",""jyutping"":""e6""},{""word"":"","",""pos"":"""",""jyutping"":null},{""word"":""喺"",""pos"":""p"",""jyutping"":""hai2""},{""word"":""啲"",""pos"":""q"",""jyutping"":""di1""},{""word"":""銀行"",""pos"":""n"",""jyutping"":""ngan4hong4""},{""word"":""呢"",""pos"":""y1"",""jyutping"":""ne1""},{""word"":"","",""pos"":"""",""jyutping"":null},{""word"":""你"",""pos"":""r"",""jyutping"":""nei5""},{""word"":""咪"",""pos"":""d"",""jyutping"":""mai6""},{""word"":""見"",""pos"":""v"",""jyutping"":""gin3""},{""word"":""到"",""pos"":""u"",""jyutping"":""dou2""},{""word"":""有"",""pos"":""v1"",""jyutping"":""jau5""},{""word"":""啲"",""pos"":""q"",""jyutping"":""di1""},{""word"":""機"",""pos"":""n"",""jyutping"":""gei1""},{""word"":""呢"",""pos"":""y1"",""jyutping"":""ne1""},{""word"":"","",""pos"":"""",""jyutping"":null},{""word"":""擺"",""pos"":""v"",""jyutping"":""baai2""},{""word"":""咗"",""pos"":""u"",""jyutping"":""zo2""},{""word"":""喺度"",""pos"":""d"",""jyutping"":""hai2dou6""},{""word"":""俾"",""pos"":""p"",""jyutping"":""bei2""},{""word"":""人"",""pos"":""n"",""jyutping"":""jan4""},{""word"":""撳"",""pos"":""v"",""jyutping"":""gam6""},{""word"":""撳"",""pos"":""v"",""jyutping"":""gam6""},{""word"":""撳"",""pos"":""v"",""jyutping"":""gam6""},{""word"":""來"",""pos"":""vk"",""jyutping"":""lai4""},{""word"":""問"",""pos"":""v"",""jyutping"":""man6""},{""word"":""嘢"",""pos"":""n"",""jyutping"":""je5""},{""word"":""𠸏"",""pos"":""y"",""jyutping"":""ge2""},{""word"":""."",""pos"":"""",""jyutping"":null}]"	REQUIRES_EXPERT_CONTEXT_REVIEW
aa84br-bc2d8411796658866ce9	FC-011_v.cha	8aee56f612436ff9ddb299b1d3e7f7b0c468ddc79ad7e25f6b2da7277d8d1866	4	88	24	XXB	adjacent_identical_tokens	撳	撳撳	v	VERB	gam6	撳	v	gam6	False	True	1	來	vk	VERB	lai4	26	撳	來	撳	來	即係,誒,喺啲銀行呢,你咪見到有啲機呢,擺咗喺度俾人撳撳撳來問嘢𠸏.	kiosk啊.	交錢嗰啲?	"{""repetitionMode"":""adjacent_identical_tokens"",""baseSurface"":""撳"",""matchedSurface"":""撳撳""}"	"[{""word"":""即係"",""pos"":""c"",""jyutping"":""zik1hai6""},{""word"":"","",""pos"":"""",""jyutping"":null},{""word"":""誒"",""pos"":""e"",""jyutping"":""e6""},{""word"":"","",""pos"":"""",""jyutping"":null},{""word"":""喺"",""pos"":""p"",""jyutping"":""hai2""},{""word"":""啲"",""pos"":""q"",""jyutping"":""di1""},{""word"":""銀行"",""pos"":""n"",""jyutping"":""ngan4hong4""},{""word"":""呢"",""pos"":""y1"",""jyutping"":""ne1""},{""word"":"","",""pos"":"""",""jyutping"":null},{""word"":""你"",""pos"":""r"",""jyutping"":""nei5""},{""word"":""咪"",""pos"":""d"",""jyutping"":""mai6""},{""word"":""見"",""pos"":""v"",""jyutping"":""gin3""},{""word"":""到"",""pos"":""u"",""jyutping"":""dou2""},{""word"":""有"",""pos"":""v1"",""jyutping"":""jau5""},{""word"":""啲"",""pos"":""q"",""jyutping"":""di1""},{""word"":""機"",""pos"":""n"",""jyutping"":""gei1""},{""word"":""呢"",""pos"":""y1"",""jyutping"":""ne1""},{""word"":"","",""pos"":"""",""jyutping"":null},{""word"":""擺"",""pos"":""v"",""jyutping"":""baai2""},{""word"":""咗"",""pos"":""u"",""jyutping"":""zo2""},{""word"":""喺度"",""pos"":""d"",""jyutping"":""hai2dou6""},{""word"":""俾"",""pos"":""p"",""jyutping"":""bei2""},{""word"":""人"",""pos"":""n"",""jyutping"":""jan4""},{""word"":""撳"",""pos"":""v"",""jyutping"":""gam6""},{""word"":""撳"",""pos"":""v"",""jyutping"":""gam6""},{""word"":""撳"",""pos"":""v"",""jyutping"":""gam6""},{""word"":""來"",""pos"":""vk"",""jyutping"":""lai4""},{""word"":""問"",""pos"":""v"",""jyutping"":""man6""},{""word"":""嘢"",""pos"":""n"",""jyutping"":""je5""},{""word"":""𠸏"",""pos"":""y"",""jyutping"":""ge2""},{""word"":""."",""pos"":"""",""jyutping"":null}]"	REQUIRES_EXPERT_CONTEXT_REVIEW
aa84br-3212b949fac57c560c54	FC-011_v.cha	8aee56f612436ff9ddb299b1d3e7f7b0c468ddc79ad7e25f6b2da7277d8d1866	4	93	2	XXB	adjacent_identical_tokens	撳	撳撳	v	VERB	gam6	撳	v	gam6	False	True	1	撳	v	VERB	gam6	4	一路	撳	一路	撳	你一路撳撳撳囖查嘢啊.	即係你撳個-嗰個螢光幕呢,佢就會出啲嘢俾你睇噉樣.	我哋而家就喺度又搞𡁵嗰啲嘢囖.	"{""repetitionMode"":""adjacent_identical_tokens"",""baseSurface"":""撳"",""matchedSurface"":""撳撳""}"	"[{""word"":""你"",""pos"":""r"",""jyutping"":""nei5""},{""word"":""一路"",""pos"":""d"",""jyutping"":""jat1lou6""},{""word"":""撳"",""pos"":""v"",""jyutping"":""gam6""},{""word"":""撳"",""pos"":""v"",""jyutping"":""gam6""},{""word"":""撳"",""pos"":""v"",""jyutping"":""gam6""},{""word"":""囖"",""pos"":""y"",""jyutping"":""lo1""},{""word"":""查"",""pos"":""v"",""jyutping"":""caa4""},{""word"":""嘢"",""pos"":""n"",""jyutping"":""je5""},{""word"":""啊"",""pos"":""y"",""jyutping"":""aa3""},{""word"":""."",""pos"":"""",""jyutping"":null}]"	REQUIRES_EXPERT_CONTEXT_REVIEW
aa84br-09f5db0df1f2cf825dc7	FC-011_v.cha	8aee56f612436ff9ddb299b1d3e7f7b0c468ddc79ad7e25f6b2da7277d8d1866	4	93	3	XXB	adjacent_identical_tokens	撳	撳撳	v	VERB	gam6	撳	v	gam6	False	True	2	查	v	VERB	caa4	6	撳	囖	撳	囖	你一路撳撳撳囖查嘢啊.	即係你撳個-嗰個螢光幕呢,佢就會出啲嘢俾你睇噉樣.	我哋而家就喺度又搞𡁵嗰啲嘢囖.	"{""repetitionMode"":""adjacent_identical_tokens"",""baseSurface"":""撳"",""matchedSurface"":""撳撳""}"	"[{""word"":""你"",""pos"":""r"",""jyutping"":""nei5""},{""word"":""一路"",""pos"":""d"",""jyutping"":""jat1lou6""},{""word"":""撳"",""pos"":""v"",""jyutping"":""gam6""},{""word"":""撳"",""pos"":""v"",""jyutping"":""gam6""},{""word"":""撳"",""pos"":""v"",""jyutping"":""gam6""},{""word"":""囖"",""pos"":""y"",""jyutping"":""lo1""},{""word"":""查"",""pos"":""v"",""jyutping"":""caa4""},{""word"":""嘢"",""pos"":""n"",""jyutping"":""je5""},{""word"":""啊"",""pos"":""y"",""jyutping"":""aa3""},{""word"":""."",""pos"":"""",""jyutping"":null}]"	REQUIRES_EXPERT_CONTEXT_REVIEW
aa84br-bb189b38ed270e965b5c	FC-011_v.cha	8aee56f612436ff9ddb299b1d3e7f7b0c468ddc79ad7e25f6b2da7277d8d1866	4	98	17	XXB	internally_repeated_token	晚	晚晚	q	NOUN	maan5maan5				False	True	2	要	vu	AUX	jiu3	19	就	都	就	都	趕嗰輪呢,即係就來到-到日子要推出嘞,噉嗰輪就晚晚都要開O.T.啊,噉樣囖.	即係成日都會-即係尤其是趕嗰輪.	即係成team人做.	"{""repetitionMode"":""internally_repeated_token"",""baseSurface"":""晚"",""matchedSurface"":""晚晚""}"	"[{""word"":""趕"",""pos"":""v"",""jyutping"":""gon2""},{""word"":""嗰輪"",""pos"":""r"",""jyutping"":""go2leon4""},{""word"":""呢"",""pos"":""y1"",""jyutping"":""ne1""},{""word"":"","",""pos"":"""",""jyutping"":null},{""word"":""即係"",""pos"":""c"",""jyutping"":""zik1hai6""},{""word"":""就來"",""pos"":""d"",""jyutping"":""zau6lai4""},{""word"":""到"",""pos"":""v"",""jyutping"":""dou3""},{""word"":""-"",""pos"":"""",""jyutping"":null},{""word"":""到"",""pos"":""v"",""jyutping"":""dou3""},{""word"":""日子"",""pos"":""n"",""jyutping"":""jat6zi2""},{""word"":""要"",""pos"":""vu"",""jyutping"":""jiu3""},{""word"":""推出"",""pos"":""v"",""jyutping"":""teoi1ceot1""},{""word"":""嘞"",""pos"":""y"",""jyutping"":""laak3""},{""word"":"","",""pos"":"""",""jyutping"":null},{""word"":""噉"",""pos"":""c"",""jyutping"":""gam2""},{""word"":""嗰輪"",""pos"":""r"",""jyutping"":""go2leon4""},{""word"":""就"",""pos"":""d"",""jyutping"":""zau6""},{""word"":""晚晚"",""pos"":""q"",""jyutping"":""maan5maan5""},{""word"":""都"",""pos"":""d"",""jyutping"":""dou1""},{""word"":""要"",""pos"":""vu"",""jyutping"":""jiu3""},{""word"":""開"",""pos"":""v"",""jyutping"":""hoi1""},{""word"":""O.T."",""pos"":""xn"",""jyutping"":null},{""word"":""啊"",""pos"":""y"",""jyutping"":""aa3""},{""word"":"","",""pos"":"""",""jyutping"":null},{""word"":""噉樣"",""pos"":""r"",""jyutping"":""gam2joeng2""},{""word"":""囖"",""pos"":""y"",""jyutping"":""lo1""},{""word"":""."",""pos"":"""",""jyutping"":null}]"	REQUIRES_EXPERT_CONTEXT_REVIEW
aa84br-42576128ab22ac942837	FC-011_v.cha	8aee56f612436ff9ddb299b1d3e7f7b0c468ddc79ad7e25f6b2da7277d8d1866	4	115	2	XXB	adjacent_identical_tokens	搞	搞搞	v	VERB	gaau2	搞	v	gaau2	False	True	4	變	v	VERB	bin3	8	而家	下	而家	下	噉而家搞搞下呢,就變咗A.M.跟kiosk,我就跟internet.	喀.	即係一個人搞晒囖.	"{""repetitionMode"":""adjacent_identical_tokens"",""baseSurface"":""搞"",""matchedSurface"":""搞搞""}"	"[{""word"":""噉"",""pos"":""c"",""jyutping"":""gam2""},{""word"":""而家"",""pos"":""t"",""jyutping"":""ji4gaa1""},{""word"":""搞"",""pos"":""v"",""jyutping"":""gaau2""},{""word"":""搞"",""pos"":""v"",""jyutping"":""gaau2""},{""word"":""下"",""pos"":""u"",""jyutping"":""haa5""},{""word"":""呢"",""pos"":""y1"",""jyutping"":""ne1""},{""word"":"","",""pos"":"""",""jyutping"":null},{""word"":""就"",""pos"":""d"",""jyutping"":""zau6""},{""word"":""變"",""pos"":""v"",""jyutping"":""bin3""},{""word"":""咗"",""pos"":""u"",""jyutping"":""zo2""},{""word"":""A.M."",""pos"":""xn"",""jyutping"":null},{""word"":""跟"",""pos"":""v"",""jyutping"":""gan1""},{""word"":""kiosk"",""pos"":""xn"",""jyutping"":null},{""word"":"","",""pos"":"""",""jyutping"":null},{""word"":""我"",""pos"":""r"",""jyutping"":""ngo5""},{""word"":""就"",""pos"":""d"",""jyutping"":""zau6""},{""word"":""跟"",""pos"":""v"",""jyutping"":""gan1""},{""word"":""internet"",""pos"":""xn"",""jyutping"":null},{""word"":""."",""pos"":"""",""jyutping"":null}]"	REQUIRES_EXPERT_CONTEXT_REVIEW
aa84br-fbd3934dc4c047731ecc	FC-012_v.cha	f20df16972d89c85f64e6be62b97a17f09b1a4e67639833ff27f1610b3bd277a	5	0	5	XXA	internally_repeated_token	美	美美	nr	PROPN	mei5mei5				False	False							王	?	王	<UTTERANCE_END>	有冇養寵物𡃉王美美?		有.	"{""repetitionMode"":""internally_repeated_token"",""baseSurface"":""美"",""matchedSurface"":""美美""}"	"[{""word"":""有冇"",""pos"":""v1"",""jyutping"":""jau5mou5""},{""word"":""養"",""pos"":""v"",""jyutping"":""joeng5""},{""word"":""寵物"",""pos"":""n"",""jyutping"":""cung2mat6""},{""word"":""𡃉"",""pos"":""y"",""jyutping"":""gaa3""},{""word"":""王"",""pos"":""nr"",""jyutping"":""wong4""},{""word"":""美美"",""pos"":""nr"",""jyutping"":""mei5mei5""},{""word"":""?"",""pos"":"""",""jyutping"":null}]"	REQUIRES_EXPERT_CONTEXT_REVIEW
aa84br-ed603e1b7d9f99adc3bc	FC-012_v.cha	f20df16972d89c85f64e6be62b97a17f09b1a4e67639833ff27f1610b3bd277a	5	67	5	XXA	adjacent_identical_tokens	食	食食	v	VERB	sik6	食	v	sik6	False	True	3	發覺	v	VERB	faat3gok3	9	會	下	會	下	噉但係會唔會食食下飯發覺有啲狗毛嗰啲?	慣咗嗱?	會𡃉.	"{""repetitionMode"":""adjacent_identical_tokens"",""baseSurface"":""食"",""matchedSurface"":""食食""}"	"[{""word"":""噉"",""pos"":""c"",""jyutping"":""gam2""},{""word"":""但係"",""pos"":""c"",""jyutping"":""daan6hai6""},{""word"":""會"",""pos"":""vu"",""jyutping"":""wui5""},{""word"":""唔"",""pos"":""d"",""jyutping"":""m4""},{""word"":""會"",""pos"":""vu"",""jyutping"":""wui5""},{""word"":""食"",""pos"":""v"",""jyutping"":""sik6""},{""word"":""食"",""pos"":""v"",""jyutping"":""sik6""},{""word"":""下"",""pos"":""u"",""jyutping"":""haa5""},{""word"":""飯"",""pos"":""n"",""jyutping"":""faan6""},{""word"":""發覺"",""pos"":""v"",""jyutping"":""faat3gok3""},{""word"":""有"",""pos"":""v1"",""jyutping"":""jau5""},{""word"":""啲"",""pos"":""q"",""jyutping"":""di1""},{""word"":""狗毛"",""pos"":""n"",""jyutping"":""gau2mou4""},{""word"":""嗰啲"",""pos"":""r"",""jyutping"":""go2di1""},{""word"":""?"",""pos"":"""",""jyutping"":null}]"	REQUIRES_EXPERT_CONTEXT_REVIEW
aa84br-813630efc445a7115fad	FC-012_v.cha	f20df16972d89c85f64e6be62b97a17f09b1a4e67639833ff27f1610b3bd277a	5	75	11	XXA	internally_repeated_token	個	個個	q	NOUN	go3go3				False	True	3	鍾意	v	VERB	zung1ji3	14	唔係	人	唔係	人	但係你-其實你-其實你屋企係唔係個個人都鍾意哩隻寵物嘅先?	哦.	係啊.	"{""repetitionMode"":""internally_repeated_token"",""baseSurface"":""個"",""matchedSurface"":""個個""}"	"[{""word"":""但係"",""pos"":""c"",""jyutping"":""daan6hai6""},{""word"":""你"",""pos"":""r"",""jyutping"":""nei5""},{""word"":""-"",""pos"":"""",""jyutping"":null},{""word"":""其實"",""pos"":""d"",""jyutping"":""kei4sat6""},{""word"":""你"",""pos"":""r"",""jyutping"":""nei5""},{""word"":""-"",""pos"":"""",""jyutping"":null},{""word"":""其實"",""pos"":""d"",""jyutping"":""kei4sat6""},{""word"":""你"",""pos"":""r"",""jyutping"":""nei5""},{""word"":""屋企"",""pos"":""n"",""jyutping"":""uk1kei2""},{""word"":""係"",""pos"":""v"",""jyutping"":""hai6""},{""word"":""唔係"",""pos"":""v"",""jyutping"":""m4hai6""},{""word"":""個個"",""pos"":""q"",""jyutping"":""go3go3""},{""word"":""人"",""pos"":""n"",""jyutping"":""jan4""},{""word"":""都"",""pos"":""d"",""jyutping"":""dou1""},{""word"":""鍾意"",""pos"":""v"",""jyutping"":""zung1ji3""},{""word"":""哩"",""pos"":""r"",""jyutping"":""ni1""},{""word"":""隻"",""pos"":""q"",""jyutping"":""zek3""},{""word"":""寵物"",""pos"":""n"",""jyutping"":""cung2mat6""},{""word"":""嘅"",""pos"":""u"",""jyutping"":""ge3""},{""word"":""先"",""pos"":""y"",""jyutping"":""sin1""},{""word"":""?"",""pos"":"""",""jyutping"":null}]"	REQUIRES_EXPERT_CONTEXT_REVIEW
aa84br-d3dac6e7be68b9efcbf3	FC-012_v.cha	f20df16972d89c85f64e6be62b97a17f09b1a4e67639833ff27f1610b3bd277a	5	117	2	XXA	internally_repeated_token	明	明明	d	ADV	ming4ming4				False	True	1	唔同	a	ADJ	m4tung4	3	但係	唔同	但係	唔同	噉但係明明唔同種族𡃉喎兩隻狗.	好似-好似-好似好奇怪.	想搞啲乜嘢?	"{""repetitionMode"":""internally_repeated_token"",""baseSurface"":""明"",""matchedSurface"":""明明""}"	"[{""word"":""噉"",""pos"":""r"",""jyutping"":""gam2""},{""word"":""但係"",""pos"":""c"",""jyutping"":""daan6hai6""},{""word"":""明明"",""pos"":""d"",""jyutping"":""ming4ming4""},{""word"":""唔同"",""pos"":""a"",""jyutping"":""m4tung4""},{""word"":""種族"",""pos"":""n"",""jyutping"":""zung2zuk6""},{""word"":""𡃉"",""pos"":""y"",""jyutping"":""gaa3""},{""word"":""喎"",""pos"":""y"",""jyutping"":""wo3""},{""word"":""兩"",""pos"":""m"",""jyutping"":""loeng5""},{""word"":""隻"",""pos"":""q"",""jyutping"":""zek3""},{""word"":""狗"",""pos"":""n"",""jyutping"":""gau2""},{""word"":""."",""pos"":"""",""jyutping"":null}]"	REQUIRES_EXPERT_CONTEXT_REVIEW
aa84br-ba04699a8df0f5b6bd01	FC-012_v.cha	f20df16972d89c85f64e6be62b97a17f09b1a4e67639833ff27f1610b3bd277a	5	231	1	XXC	internally_repeated_token	通	通通	d	ADV	tung1tung1				False	True	1	瓜	v	VERB	gwaa1	2	跟住	瓜	跟住	瓜	跟住通通瓜晒.	跟住養幾廿條咁大.	我試過呢養嗰啲錦鯉呢,兩日唔記得俾-餵糧啊.	"{""repetitionMode"":""internally_repeated_token"",""baseSurface"":""通"",""matchedSurface"":""通通""}"	"[{""word"":""跟住"",""pos"":""c"",""jyutping"":""gan1zyu6""},{""word"":""通通"",""pos"":""d"",""jyutping"":""tung1tung1""},{""word"":""瓜"",""pos"":""v"",""jyutping"":""gwaa1""},{""word"":""晒"",""pos"":""u"",""jyutping"":""saai3""},{""word"":""."",""pos"":"""",""jyutping"":null}]"	REQUIRES_EXPERT_CONTEXT_REVIEW
aa84br-a2188a06055529393878	FC-012_v.cha	f20df16972d89c85f64e6be62b97a17f09b1a4e67639833ff27f1610b3bd277a	5	275	2	XXC	internally_repeated_token	條	條條	q	NOUN	tiu2tiu4				False	False							一	木	一	木	總之一條條木𡃉.	唔知啊.	跟住呢,佢喺地下行,唔識飛嗰啲呢.	"{""repetitionMode"":""internally_repeated_token"",""baseSurface"":""條"",""matchedSurface"":""條條""}"	"[{""word"":""總之"",""pos"":""d"",""jyutping"":""zung2zi1""},{""word"":""一"",""pos"":""m"",""jyutping"":""jat1""},{""word"":""條條"",""pos"":""q"",""jyutping"":""tiu2tiu4""},{""word"":""木"",""pos"":""n"",""jyutping"":""muk6""},{""word"":""𡃉"",""pos"":""y"",""jyutping"":""gaa3""},{""word"":""."",""pos"":"""",""jyutping"":null}]"	REQUIRES_EXPERT_CONTEXT_REVIEW
aa84br-ef3515a78dd0f0e4d92f	FC-012_v.cha	f20df16972d89c85f64e6be62b97a17f09b1a4e67639833ff27f1610b3bd277a	5	285	1	XXC	adjacent_identical_tokens	啄	啄啄	v	VERB	doek1	啄	v	doek1	False	True	1	啄	v	VERB	doek1	3	喺度	啄	喺度	啄	喺度啄啄啄啄啄啄啄噉樣.	又唔識飛喎.	乜嘢雀來𡃉?	"{""repetitionMode"":""adjacent_identical_tokens"",""baseSurface"":""啄"",""matchedSurface"":""啄啄""}"	"[{""word"":""喺度"",""pos"":""p"",""jyutping"":""hai2dou6""},{""word"":""啄"",""pos"":""v"",""jyutping"":""doek1""},{""word"":""啄"",""pos"":""v"",""jyutping"":""doek1""},{""word"":""啄"",""pos"":""v"",""jyutping"":""doek1""},{""word"":""啄"",""pos"":""v"",""jyutping"":""doek1""},{""word"":""啄"",""pos"":""v"",""jyutping"":""doek1""},{""word"":""啄"",""pos"":""v"",""jyutping"":""doek1""},{""word"":""啄"",""pos"":""v"",""jyutping"":""doek1""},{""word"":""噉樣"",""pos"":""r"",""jyutping"":""gam2joeng2""},{""word"":""."",""pos"":"""",""jyutping"":null}]"	REQUIRES_EXPERT_CONTEXT_REVIEW
aa84br-c91f897ca408d78bca57	FC-012_v.cha	f20df16972d89c85f64e6be62b97a17f09b1a4e67639833ff27f1610b3bd277a	5	285	2	XXC	adjacent_identical_tokens	啄	啄啄	v	VERB	doek1	啄	v	doek1	False	True	1	啄	v	VERB	doek1	4	啄	啄	啄	啄	喺度啄啄啄啄啄啄啄噉樣.	又唔識飛喎.	乜嘢雀來𡃉?	"{""repetitionMode"":""adjacent_identical_tokens"",""baseSurface"":""啄"",""matchedSurface"":""啄啄""}"	"[{""word"":""喺度"",""pos"":""p"",""jyutping"":""hai2dou6""},{""word"":""啄"",""pos"":""v"",""jyutping"":""doek1""},{""word"":""啄"",""pos"":""v"",""jyutping"":""doek1""},{""word"":""啄"",""pos"":""v"",""jyutping"":""doek1""},{""word"":""啄"",""pos"":""v"",""jyutping"":""doek1""},{""word"":""啄"",""pos"":""v"",""jyutping"":""doek1""},{""word"":""啄"",""pos"":""v"",""jyutping"":""doek1""},{""word"":""啄"",""pos"":""v"",""jyutping"":""doek1""},{""word"":""噉樣"",""pos"":""r"",""jyutping"":""gam2joeng2""},{""word"":""."",""pos"":"""",""jyutping"":null}]"	REQUIRES_EXPERT_CONTEXT_REVIEW
aa84br-30282ac507c87d774409	FC-012_v.cha	f20df16972d89c85f64e6be62b97a17f09b1a4e67639833ff27f1610b3bd277a	5	285	3	XXC	adjacent_identical_tokens	啄	啄啄	v	VERB	doek1	啄	v	doek1	False	True	1	啄	v	VERB	doek1	5	啄	啄	啄	啄	喺度啄啄啄啄啄啄啄噉樣.	又唔識飛喎.	乜嘢雀來𡃉?	"{""repetitionMode"":""adjacent_identical_tokens"",""baseSurface"":""啄"",""matchedSurface"":""啄啄""}"	"[{""word"":""喺度"",""pos"":""p"",""jyutping"":""hai2dou6""},{""word"":""啄"",""pos"":""v"",""jyutping"":""doek1""},{""word"":""啄"",""pos"":""v"",""jyutping"":""doek1""},{""word"":""啄"",""pos"":""v"",""jyutping"":""doek1""},{""word"":""啄"",""pos"":""v"",""jyutping"":""doek1""},{""word"":""啄"",""pos"":""v"",""jyutping"":""doek1""},{""word"":""啄"",""pos"":""v"",""jyutping"":""doek1""},{""word"":""啄"",""pos"":""v"",""jyutping"":""doek1""},{""word"":""噉樣"",""pos"":""r"",""jyutping"":""gam2joeng2""},{""word"":""."",""pos"":"""",""jyutping"":null}]"	REQUIRES_EXPERT_CONTEXT_REVIEW
aa84br-db36bf1198140ddab79e	FC-012_v.cha	f20df16972d89c85f64e6be62b97a17f09b1a4e67639833ff27f1610b3bd277a	5	285	4	XXC	adjacent_identical_tokens	啄	啄啄	v	VERB	doek1	啄	v	doek1	False	True	1	啄	v	VERB	doek1	6	啄	啄	啄	啄	喺度啄啄啄啄啄啄啄噉樣.	又唔識飛喎.	乜嘢雀來𡃉?	"{""repetitionMode"":""adjacent_identical_tokens"",""baseSurface"":""啄"",""matchedSurface"":""啄啄""}"	"[{""word"":""喺度"",""pos"":""p"",""jyutping"":""hai2dou6""},{""word"":""啄"",""pos"":""v"",""jyutping"":""doek1""},{""word"":""啄"",""pos"":""v"",""jyutping"":""doek1""},{""word"":""啄"",""pos"":""v"",""jyutping"":""doek1""},{""word"":""啄"",""pos"":""v"",""jyutping"":""doek1""},{""word"":""啄"",""pos"":""v"",""jyutping"":""doek1""},{""word"":""啄"",""pos"":""v"",""jyutping"":""doek1""},{""word"":""啄"",""pos"":""v"",""jyutping"":""doek1""},{""word"":""噉樣"",""pos"":""r"",""jyutping"":""gam2joeng2""},{""word"":""."",""pos"":"""",""jyutping"":null}]"	REQUIRES_EXPERT_CONTEXT_REVIEW
aa84br-1013d4d6cd14ba728863	FC-012_v.cha	f20df16972d89c85f64e6be62b97a17f09b1a4e67639833ff27f1610b3bd277a	5	285	5	XXC	adjacent_identical_tokens	啄	啄啄	v	VERB	doek1	啄	v	doek1	False	True	1	啄	v	VERB	doek1	7	啄	啄	啄	啄	喺度啄啄啄啄啄啄啄噉樣.	又唔識飛喎.	乜嘢雀來𡃉?	"{""repetitionMode"":""adjacent_identical_tokens"",""baseSurface"":""啄"",""matchedSurface"":""啄啄""}"	"[{""word"":""喺度"",""pos"":""p"",""jyutping"":""hai2dou6""},{""word"":""啄"",""pos"":""v"",""jyutping"":""doek1""},{""word"":""啄"",""pos"":""v"",""jyutping"":""doek1""},{""word"":""啄"",""pos"":""v"",""jyutping"":""doek1""},{""word"":""啄"",""pos"":""v"",""jyutping"":""doek1""},{""word"":""啄"",""pos"":""v"",""jyutping"":""doek1""},{""word"":""啄"",""pos"":""v"",""jyutping"":""doek1""},{""word"":""啄"",""pos"":""v"",""jyutping"":""doek1""},{""word"":""噉樣"",""pos"":""r"",""jyutping"":""gam2joeng2""},{""word"":""."",""pos"":"""",""jyutping"":null}]"	REQUIRES_EXPERT_CONTEXT_REVIEW
aa84br-2a79037bd37265cc2afb	FC-012_v.cha	f20df16972d89c85f64e6be62b97a17f09b1a4e67639833ff27f1610b3bd277a	5	302	2	XXA	internally_repeated_token	節	節節	q	NOUN	zit6zit6				False	False							一	噉	一	噉	黃色一節節噉𠺢嗎.	係啊,係啊,係啊,係啊,係啊.	係啊.	"{""repetitionMode"":""internally_repeated_token"",""baseSurface"":""節"",""matchedSurface"":""節節""}"	"[{""word"":""黃色"",""pos"":""n"",""jyutping"":""wong4sik1""},{""word"":""一"",""pos"":""m"",""jyutping"":""jat1""},{""word"":""節節"",""pos"":""q"",""jyutping"":""zit6zit6""},{""word"":""噉"",""pos"":""r"",""jyutping"":""gam2""},{""word"":""𠺢"",""pos"":""y"",""jyutping"":""gaa1""},{""word"":""嗎"",""pos"":""y"",""jyutping"":""maa3""},{""word"":""."",""pos"":"""",""jyutping"":null}]"	REQUIRES_EXPERT_CONTEXT_REVIEW
aa84br-1c957f37f52cb6a67410	FC-012_v.cha	f20df16972d89c85f64e6be62b97a17f09b1a4e67639833ff27f1610b3bd277a	5	317	5	XXC	internally_repeated_token	啱	啱啱	d	ADV	ngaam1ngaam1				False	True	1	食	v	VERB	sik6	6	,	食	嚹	食	唔好講嚹,啱啱食完飯.	哎吔.	要幫佢搣開,攤開晒,噉佢食入邊𠺢嗎.	"{""repetitionMode"":""internally_repeated_token"",""baseSurface"":""啱"",""matchedSurface"":""啱啱""}"	"[{""word"":""唔"",""pos"":""d"",""jyutping"":""m4""},{""word"":""好"",""pos"":""d"",""jyutping"":""hou2""},{""word"":""講"",""pos"":""v"",""jyutping"":""gong2""},{""word"":""嚹"",""pos"":""y"",""jyutping"":""laa3""},{""word"":"","",""pos"":"""",""jyutping"":null},{""word"":""啱啱"",""pos"":""d"",""jyutping"":""ngaam1ngaam1""},{""word"":""食"",""pos"":""v"",""jyutping"":""sik6""},{""word"":""完"",""pos"":""u"",""jyutping"":""jyun4""},{""word"":""飯"",""pos"":""n"",""jyutping"":""faan6""},{""word"":""."",""pos"":"""",""jyutping"":null}]"	REQUIRES_EXPERT_CONTEXT_REVIEW
aa84br-b0a1172918f7ea977b89	FC-012_v.cha	f20df16972d89c85f64e6be62b97a17f09b1a4e67639833ff27f1610b3bd277a	5	454	0	XXB	adjacent_identical_tokens	有	有有	v1	VERB	jau5	有	v1	jau5	True	True	1	有	v1	VERB	jau5	2	<UTTERANCE_START>	有	<UTTERANCE_START>	有	有有有.	有啊.	一定二啊,噉樣呢.	"{""repetitionMode"":""adjacent_identical_tokens"",""baseSurface"":""有"",""matchedSurface"":""有有""}"	"[{""word"":""有"",""pos"":""v1"",""jyutping"":""jau5""},{""word"":""有"",""pos"":""v1"",""jyutping"":""jau5""},{""word"":""有"",""pos"":""v1"",""jyutping"":""jau5""},{""word"":""."",""pos"":"""",""jyutping"":null}]"	REQUIRES_EXPERT_CONTEXT_REVIEW
aa84br-589c45c49db8ee904dec	FC-012_v.cha	f20df16972d89c85f64e6be62b97a17f09b1a4e67639833ff27f1610b3bd277a	5	460	11	XXC	internally_repeated_token	個	個個	q	NOUN	go3go3				False	True	3	諗	v	VERB	nam2	16	""""	""""	跑	鐘頭	"啲人越來越肥,就係諗住跑""個個""鐘頭步,諗住食返多啲嘢,跟住變咗肥仔肥妹."	噉,跑半個鐘頭步都唔掂.	唉!咦?	"{""repetitionMode"":""internally_repeated_token"",""baseSurface"":""個"",""matchedSurface"":""個個""}"	"[{""word"":""啲"",""pos"":""q"",""jyutping"":""di1""},{""word"":""人"",""pos"":""n"",""jyutping"":""jan4""},{""word"":""越來越"",""pos"":""d"",""jyutping"":""jyut6lai4jyut6""},{""word"":""肥"",""pos"":""a"",""jyutping"":""fei4""},{""word"":"","",""pos"":"""",""jyutping"":null},{""word"":""就"",""pos"":""d"",""jyutping"":""zau6""},{""word"":""係"",""pos"":""v"",""jyutping"":""hai6""},{""word"":""諗"",""pos"":""v"",""jyutping"":""nam2""},{""word"":""住"",""pos"":""u"",""jyutping"":""zyu6""},{""word"":""跑"",""pos"":""Vg"",""jyutping"":""paau2""},{""word"":""\"""",""pos"":"""",""jyutping"":null},{""word"":""個個"",""pos"":""q"",""jyutping"":""go3go3""},{""word"":""\"""",""pos"":"""",""jyutping"":null},{""word"":""鐘頭"",""pos"":""n"",""jyutping"":""zung1tau4""},{""word"":""步"",""pos"":""Ng"",""jyutping"":""bou6""},{""word"":"","",""pos"":"""",""jyutping"":null},{""word"":""諗"",""pos"":""v"",""jyutping"":""nam2""},{""word"":""住"",""pos"":""u"",""jyutping"":""zyu6""},{""word"":""食"",""pos"":""v"",""jyutping"":""sik6""},{""word"":""返"",""pos"":""u"",""jyutping"":""faan1""},{""word"":""多"",""pos"":""a"",""jyutping"":""do1""},{""word"":""啲"",""pos"":""u"",""jyutping"":""di1""},{""word"":""嘢"",""pos"":""n"",""jyutping"":""je5""},{""word"":"","",""pos"":"""",""jyutping"":null},{""word"":""跟住"",""pos"":""c"",""jyutping"":""gan1zyu6""},{""word"":""變"",""pos"":""v"",""jyutping"":""bin3""},{""word"":""咗"",""pos"":""u"",""jyutping"":""zo2""},{""word"":""肥仔"",""pos"":""n"",""jyutping"":""fei4zai2""},{""word"":""肥妹"",""pos"":""n"",""jyutping"":""fei4mui1""},{""word"":""."",""pos"":"""",""jyutping"":null}]"	REQUIRES_EXPERT_CONTEXT_REVIEW
aa84br-3373ec2ba2d7c416a41a	FC-012_v.cha	f20df16972d89c85f64e6be62b97a17f09b1a4e67639833ff27f1610b3bd277a	5	585	0	XXC	internally_repeated_token	下	下下	q	NOUN	haa5haa5				True	True	2	要	vu	AUX	jiu3	2	<UTTERANCE_START>	都	<UTTERANCE_START>	都	下下都要揾Kelly.	噉咪係囖.	冇啊.	"{""repetitionMode"":""internally_repeated_token"",""baseSurface"":""下"",""matchedSurface"":""下下""}"	"[{""word"":""下下"",""pos"":""q"",""jyutping"":""haa5haa5""},{""word"":""都"",""pos"":""d"",""jyutping"":""dou1""},{""word"":""要"",""pos"":""vu"",""jyutping"":""jiu3""},{""word"":""揾"",""pos"":""v"",""jyutping"":""wan2""},{""word"":""Kelly"",""pos"":""xnr"",""jyutping"":null},{""word"":""."",""pos"":"""",""jyutping"":null}]"	REQUIRES_EXPERT_CONTEXT_REVIEW
aa84br-10a0aab63c223cc84d3c	FC-013_v.cha	2cf5054351ef94e796f07577f24d4a0b66f4ca79b26047ae046600d3988d223b	6	22	2	XXA	internally_repeated_token	個	個個	q	NOUN	go3go3				False	True	2	係	v	VERB	hai6	4	你	都	你	都	噉你個個都係噉樣計.	之後就要計.	即係唔-唔會蝕𠺢嗎.	"{""repetitionMode"":""internally_repeated_token"",""baseSurface"":""個"",""matchedSurface"":""個個""}"	"[{""word"":""噉"",""pos"":""c"",""jyutping"":""gam2""},{""word"":""你"",""pos"":""r"",""jyutping"":""nei5""},{""word"":""個個"",""pos"":""q"",""jyutping"":""go3go3""},{""word"":""都"",""pos"":""d"",""jyutping"":""dou1""},{""word"":""係"",""pos"":""v"",""jyutping"":""hai6""},{""word"":""噉樣"",""pos"":""c"",""jyutping"":""gam2joeng2""},{""word"":""計"",""pos"":""v"",""jyutping"":""gai3""},{""word"":""."",""pos"":"""",""jyutping"":null}]"	REQUIRES_EXPERT_CONTEXT_REVIEW
aa84br-26fd048a7c04b636fc7a	FC-013_v.cha	2cf5054351ef94e796f07577f24d4a0b66f4ca79b26047ae046600d3988d223b	6	32	2	XXB	internally_repeated_token	B	BB	xn	NOUN					False	False							個	啊	個	啊	有個BB啊隻腳俾蚊咬咗好大粒啊.	哎吔.	你見唔見到啊?	"{""repetitionMode"":""internally_repeated_token"",""baseSurface"":""B"",""matchedSurface"":""BB""}"	"[{""word"":""有"",""pos"":""v1"",""jyutping"":""jau5""},{""word"":""個"",""pos"":""q"",""jyutping"":""go3""},{""word"":""BB"",""pos"":""xn"",""jyutping"":null},{""word"":""啊"",""pos"":""y"",""jyutping"":""aa3""},{""word"":""隻"",""pos"":""q"",""jyutping"":""zek3""},{""word"":""腳"",""pos"":""n"",""jyutping"":""goek3""},{""word"":""俾"",""pos"":""p"",""jyutping"":""bei2""},{""word"":""蚊"",""pos"":""n"",""jyutping"":""man1""},{""word"":""咬"",""pos"":""v"",""jyutping"":""ngaau5""},{""word"":""咗"",""pos"":""u"",""jyutping"":""zo2""},{""word"":""好"",""pos"":""d"",""jyutping"":""hou2""},{""word"":""大"",""pos"":""a"",""jyutping"":""daai6""},{""word"":""粒"",""pos"":""q"",""jyutping"":""lap1""},{""word"":""啊"",""pos"":""y"",""jyutping"":""aa3""},{""word"":""."",""pos"":"""",""jyutping"":null}]"	REQUIRES_EXPERT_CONTEXT_REVIEW
aa84br-5556cce700d6b1a713ab	FC-013_v.cha	2cf5054351ef94e796f07577f24d4a0b66f4ca79b26047ae046600d3988d223b	6	39	1	XXA	internally_repeated_token	啱	啱啱	d	ADV	ngaam1ngaam1				False	True	2	有	v1	VERB	jau5	3	我	呢	我	呢	我啱啱呢有個人呢去完日本啊.	唔係喎,噉但係乜嘢喎.	自己去定跟團啊?	"{""repetitionMode"":""internally_repeated_token"",""baseSurface"":""啱"",""matchedSurface"":""啱啱""}"	"[{""word"":""我"",""pos"":""r"",""jyutping"":""ngo5""},{""word"":""啱啱"",""pos"":""d"",""jyutping"":""ngaam1ngaam1""},{""word"":""呢"",""pos"":""y1"",""jyutping"":""ne1""},{""word"":""有"",""pos"":""v1"",""jyutping"":""jau5""},{""word"":""個"",""pos"":""q"",""jyutping"":""go3""},{""word"":""人"",""pos"":""n"",""jyutping"":""jan2""},{""word"":""呢"",""pos"":""y1"",""jyutping"":""ne1""},{""word"":""去"",""pos"":""v"",""jyutping"":""heoi3""},{""word"":""完"",""pos"":""u"",""jyutping"":""jyun4""},{""word"":""日本"",""pos"":""ns"",""jyutping"":""jat6bun2""},{""word"":""啊"",""pos"":""y"",""jyutping"":""aa3""},{""word"":""."",""pos"":"""",""jyutping"":null}]"	REQUIRES_EXPERT_CONTEXT_REVIEW
aa84br-5278a716ef9a5a7bcbff	FC-018_v.cha	ce62da97ef3381682529717fc362546c42a4f3a268990ca0afafe1a9f696d010	7	42	5	XXC	internally_repeated_token	啱	啱啱	d	ADV	ngaam1ngaam1				False	True	1	合格	v	VERB	hap6gaak3	6	,	合格	喎	合格	噉好差喎,啱啱合格.	五十分喳?	噉算合格𡃉嚹,你即係你要求高啊,冇得-冇得要求𡃉嚹.	"{""repetitionMode"":""internally_repeated_token"",""baseSurface"":""啱"",""matchedSurface"":""啱啱""}"	"[{""word"":""噉"",""pos"":""c"",""jyutping"":""gam2""},{""word"":""好"",""pos"":""d"",""jyutping"":""hou2""},{""word"":""差"",""pos"":""a"",""jyutping"":""caa1""},{""word"":""喎"",""pos"":""y1"",""jyutping"":""wo3""},{""word"":"","",""pos"":"""",""jyutping"":null},{""word"":""啱啱"",""pos"":""d"",""jyutping"":""ngaam1ngaam1""},{""word"":""合格"",""pos"":""v"",""jyutping"":""hap6gaak3""},{""word"":""."",""pos"":"""",""jyutping"":null}]"	REQUIRES_EXPERT_CONTEXT_REVIEW
aa84br-ecc7d25ab109beef7f52	FC-018_v.cha	ce62da97ef3381682529717fc362546c42a4f3a268990ca0afafe1a9f696d010	7	64	5	XXM	adjacent_identical_tokens	我	我我	r	PRON	ngo5	我	r	ngo5	False	True	2	睬	v	VERB	coi2	8	睬	唔	睬	唔	誒,你唔睬我我唔睬你噉樣.	係呀?	讕下讕下-讕好高Quali噉.	"{""repetitionMode"":""adjacent_identical_tokens"",""baseSurface"":""我"",""matchedSurface"":""我我""}"	"[{""word"":""誒"",""pos"":""e"",""jyutping"":""e6""},{""word"":"","",""pos"":"""",""jyutping"":null},{""word"":""你"",""pos"":""r"",""jyutping"":""nei5""},{""word"":""唔"",""pos"":""d"",""jyutping"":""m4""},{""word"":""睬"",""pos"":""v"",""jyutping"":""coi2""},{""word"":""我"",""pos"":""r"",""jyutping"":""ngo5""},{""word"":""我"",""pos"":""r"",""jyutping"":""ngo5""},{""word"":""唔"",""pos"":""d"",""jyutping"":""m4""},{""word"":""睬"",""pos"":""v"",""jyutping"":""coi2""},{""word"":""你"",""pos"":""r"",""jyutping"":""nei5""},{""word"":""噉樣"",""pos"":""c"",""jyutping"":""gam2joeng2""},{""word"":""."",""pos"":"""",""jyutping"":null}]"	REQUIRES_EXPERT_CONTEXT_REVIEW
aa84br-7f925f78759a45844493	FC-018_v.cha	ce62da97ef3381682529717fc362546c42a4f3a268990ca0afafe1a9f696d010	7	101	24	XXM	adjacent_identical_tokens	乜	乜乜	r	PRON	mat1	乜	r	mat1	False	True	5	話	v	VERB	waa6	31	乜	噉樣	乜	噉樣	唔識啊,佢講𠻺真係-真係好似-好似,誒,又話乜嘢氣功療法,又乜乜乜噉樣喎,哦又話乜嘢教授講啊盛噉囖.	有啲乜嘢成藥啊?	哎吔,噉都有呀?	"{""repetitionMode"":""adjacent_identical_tokens"",""baseSurface"":""乜"",""matchedSurface"":""乜乜""}"	"[{""word"":""唔"",""pos"":""d"",""jyutping"":""m4""},{""word"":""識"",""pos"":""v"",""jyutping"":""sik1""},{""word"":""啊"",""pos"":""y1"",""jyutping"":""aa3""},{""word"":"","",""pos"":"""",""jyutping"":null},{""word"":""佢"",""pos"":""r"",""jyutping"":""keoi5""},{""word"":""講"",""pos"":""v"",""jyutping"":""gong2""},{""word"":""𠻺"",""pos"":""y1"",""jyutping"":""aa6""},{""word"":""真係"",""pos"":""d"",""jyutping"":""zan1hai6""},{""word"":""-"",""pos"":"""",""jyutping"":null},{""word"":""真係"",""pos"":""d"",""jyutping"":""zan1hai6""},{""word"":""好似"",""pos"":""v"",""jyutping"":""hou2ci5""},{""word"":""-"",""pos"":"""",""jyutping"":null},{""word"":""好似"",""pos"":""v"",""jyutping"":""hou2ci5""},{""word"":"","",""pos"":"""",""jyutping"":null},{""word"":""誒"",""pos"":""e"",""jyutping"":""e6""},{""word"":"","",""pos"":"""",""jyutping"":null},{""word"":""又"",""pos"":""d"",""jyutping"":""jau6""},{""word"":""話"",""pos"":""v"",""jyutping"":""waa6""},{""word"":""乜嘢"",""pos"":""r"",""jyutping"":""mat1je5""},{""word"":""氣功"",""pos"":""n"",""jyutping"":""hei3gung1""},{""word"":""療法"",""pos"":""n"",""jyutping"":""liu4faat3""},{""word"":"","",""pos"":"""",""jyutping"":null},{""word"":""又"",""pos"":""d"",""jyutping"":""jau6""},{""word"":""乜"",""pos"":""r"",""jyutping"":""mat1""},{""word"":""乜"",""pos"":""r"",""jyutping"":""mat1""},{""word"":""乜"",""pos"":""r"",""jyutping"":""mat1""},{""word"":""噉樣"",""pos"":""c"",""jyutping"":""gam2joeng2""},{""word"":""喎"",""pos"":""y1"",""jyutping"":""wo3""},{""word"":"","",""pos"":"""",""jyutping"":null},{""word"":""哦"",""pos"":""e"",""jyutping"":""o3""},{""word"":""又"",""pos"":""d"",""jyutping"":""jau6""},{""word"":""話"",""pos"":""v"",""jyutping"":""waa6""},{""word"":""乜嘢"",""pos"":""r"",""jyutping"":""mat1je5""},{""word"":""教授"",""pos"":""n"",""jyutping"":""gaau3sau6""},{""word"":""講"",""pos"":""v"",""jyutping"":""gong2""},{""word"":""啊"",""pos"":""y"",""jyutping"":""aa3""},{""word"":""盛"",""pos"":""r"",""jyutping"":""sing6""},{""word"":""噉"",""pos"":""c"",""jyutping"":""gam2""},{""word"":""囖"",""pos"":""y"",""jyutping"":""lo1""},{""word"":""."",""pos"":"""",""jyutping"":null}]"	REQUIRES_EXPERT_CONTEXT_REVIEW
aa84br-5044fa3e2b1e52bce209	FC-018_v.cha	ce62da97ef3381682529717fc362546c42a4f3a268990ca0afafe1a9f696d010	7	147	6	XXM	internally_repeated_token	少	少少	m	NUM	siu2siu2				False	False							有	,	有	誒	"橫額就冇,淨係有少少,誒,即係嗰啲國旗啊,誒,特區個徽章啊,誒,""熱烈慶祝回歸""噉樣喇,係噉寫哩啲噉嘅嘢囖."	哦,即係周圍冇嗰啲橫額喺度呀?	哦.	"{""repetitionMode"":""internally_repeated_token"",""baseSurface"":""少"",""matchedSurface"":""少少""}"	"[{""word"":""橫額"",""pos"":""n"",""jyutping"":""waang4ngaak2""},{""word"":""就"",""pos"":""d"",""jyutping"":""zau6""},{""word"":""冇"",""pos"":""v1"",""jyutping"":""mou5""},{""word"":"","",""pos"":"""",""jyutping"":null},{""word"":""淨係"",""pos"":""d"",""jyutping"":""zing6hai6""},{""word"":""有"",""pos"":""v1"",""jyutping"":""jau5""},{""word"":""少少"",""pos"":""m"",""jyutping"":""siu2siu2""},{""word"":"","",""pos"":"""",""jyutping"":null},{""word"":""誒"",""pos"":""e"",""jyutping"":""e6""},{""word"":"","",""pos"":"""",""jyutping"":null},{""word"":""即係"",""pos"":""c"",""jyutping"":""zik1hai6""},{""word"":""嗰啲"",""pos"":""r"",""jyutping"":""go2di1""},{""word"":""國旗"",""pos"":""n"",""jyutping"":""gwok3kei4""},{""word"":""啊"",""pos"":""y1"",""jyutping"":""aa3""},{""word"":"","",""pos"":"""",""jyutping"":null},{""word"":""誒"",""pos"":""e"",""jyutping"":""e6""},{""word"":"","",""pos"":"""",""jyutping"":null},{""word"":""特區"",""pos"":""n"",""jyutping"":""dak6keoi1""},{""word"":""個"",""pos"":""q"",""jyutping"":""go3""},{""word"":""徽章"",""pos"":""n"",""jyutping"":""fai1zoeng1""},{""word"":""啊"",""pos"":""y1"",""jyutping"":""aa3""},{""word"":"","",""pos"":"""",""jyutping"":null},{""word"":""誒"",""pos"":""e"",""jyutping"":""e6""},{""word"":"","",""pos"":"""",""jyutping"":null},{""word"":""\"""",""pos"":"""",""jyutping"":null},{""word"":""熱烈"",""pos"":""a"",""jyutping"":""jit6lit6""},{""word"":""慶祝"",""pos"":""v"",""jyutping"":""hing3zuk1""},{""word"":""回歸"",""pos"":""vn"",""jyutping"":""wui4gwai1""},{""word"":""\"""",""pos"":"""",""jyutping"":null},{""word"":""噉樣"",""pos"":""c"",""jyutping"":""gam2joeng2""},{""word"":""喇"",""pos"":""y"",""jyutping"":""laa1""},{""word"":"","",""pos"":"""",""jyutping"":null},{""word"":""係噉"",""pos"":""d"",""jyutping"":""hai6gam2""},{""word"":""寫"",""pos"":""v"",""jyutping"":""se2""},{""word"":""哩啲"",""pos"":""r"",""jyutping"":""ni1di1""},{""word"":""噉"",""pos"":""r"",""jyutping"":""gam2""},{""word"":""嘅"",""pos"":""u"",""jyutping"":""ge3""},{""word"":""嘢"",""pos"":""n"",""jyutping"":""je5""},{""word"":""囖"",""pos"":""y"",""jyutping"":""lo1""},{""word"":""."",""pos"":"""",""jyutping"":null}]"	REQUIRES_EXPERT_CONTEXT_REVIEW
aa84br-6aa80f7eaa29e5e5d123	FC-018_v.cha	ce62da97ef3381682529717fc362546c42a4f3a268990ca0afafe1a9f696d010	7	160	4	XXM	internally_repeated_token	個	個個	q	NOUN	go3go3				False	True	2	好似	v	VERB	hou2ci5	6	,	都	平淡	都	即係好平淡,個個都好似,誒,其實一樣.	哦.	哦.	"{""repetitionMode"":""internally_repeated_token"",""baseSurface"":""個"",""matchedSurface"":""個個""}"	"[{""word"":""即係"",""pos"":""c"",""jyutping"":""zik1hai6""},{""word"":""好"",""pos"":""d"",""jyutping"":""hou2""},{""word"":""平淡"",""pos"":""a"",""jyutping"":""ping4daam6""},{""word"":"","",""pos"":"""",""jyutping"":null},{""word"":""個個"",""pos"":""q"",""jyutping"":""go3go3""},{""word"":""都"",""pos"":""d"",""jyutping"":""dou1""},{""word"":""好似"",""pos"":""v"",""jyutping"":""hou2ci5""},{""word"":"","",""pos"":"""",""jyutping"":null},{""word"":""誒"",""pos"":""e"",""jyutping"":""e6""},{""word"":"","",""pos"":"""",""jyutping"":null},{""word"":""其實"",""pos"":""d"",""jyutping"":""kei4sat6""},{""word"":""一樣"",""pos"":""a"",""jyutping"":""jat1joeng6""},{""word"":""."",""pos"":"""",""jyutping"":null}]"	REQUIRES_EXPERT_CONTEXT_REVIEW
aa84br-6a2d95ebc967d9d0859d	FC-018_v.cha	ce62da97ef3381682529717fc362546c42a4f3a268990ca0afafe1a9f696d010	7	213	2	XXM	adjacent_identical_tokens	返	返返	v	VERB	faan1	返	u	faan1	False	True	1	來	v	VERB	lai4	4	菲律賓	來	菲律賓	來	由菲律賓返返來香港,噉佢嗰日-佢阿媽以為-佢哋老豆老母以為佢死咗呢,就喺度整個回魂喇.	噉呢佢原來呢一早就已經去咗南洋吖嗎,原來佢去咗菲律賓.	回魂呢就點知呢就十二點鐘啊,佢搭嗰班船.	"{""repetitionMode"":""adjacent_identical_tokens"",""baseSurface"":""返"",""matchedSurface"":""返返""}"	"[{""word"":""由"",""pos"":""p"",""jyutping"":""jau4""},{""word"":""菲律賓"",""pos"":""ns"",""jyutping"":""fei1leot6ban1""},{""word"":""返"",""pos"":""v"",""jyutping"":""faan1""},{""word"":""返"",""pos"":""u"",""jyutping"":""faan1""},{""word"":""來"",""pos"":""v"",""jyutping"":""lai4""},{""word"":""香港"",""pos"":""ns"",""jyutping"":""hoeng1gong2""},{""word"":"","",""pos"":"""",""jyutping"":null},{""word"":""噉"",""pos"":""c"",""jyutping"":""gam2""},{""word"":""佢"",""pos"":""r"",""jyutping"":""keoi5""},{""word"":""嗰"",""pos"":""r"",""jyutping"":""go2""},{""word"":""日"",""pos"":""q"",""jyutping"":""jat6""},{""word"":""-"",""pos"":"""",""jyutping"":null},{""word"":""佢"",""pos"":""r"",""jyutping"":""keoi5""},{""word"":""阿媽"",""pos"":""n"",""jyutping"":""aa3maa1""},{""word"":""以為"",""pos"":""v"",""jyutping"":""ji5wai4""},{""word"":""-"",""pos"":"""",""jyutping"":null},{""word"":""佢哋"",""pos"":""r"",""jyutping"":""keoi5dei6""},{""word"":""老豆"",""pos"":""n"",""jyutping"":""lou5dau6""},{""word"":""老母"",""pos"":""n"",""jyutping"":""lou5mou2""},{""word"":""以為"",""pos"":""v"",""jyutping"":""ji5wai4""},{""word"":""佢"",""pos"":""r"",""jyutping"":""keoi5""},{""word"":""死"",""pos"":""v"",""jyutping"":""sei2""},{""word"":""咗"",""pos"":""u"",""jyutping"":""zo2""},{""word"":""呢"",""pos"":""y1"",""jyutping"":""ne1""},{""word"":"","",""pos"":"""",""jyutping"":null},{""word"":""就"",""pos"":""d"",""jyutping"":""zau6""},{""word"":""喺度"",""pos"":""p"",""jyutping"":""hai2dou6""},{""word"":""整"",""pos"":""v"",""jyutping"":""zing2""},{""word"":""個"",""pos"":""q"",""jyutping"":""go3""},{""word"":""回魂"",""pos"":""v"",""jyutping"":""wui4wan4""},{""word"":""喇"",""pos"":""y"",""jyutping"":""laa1""},{""word"":""."",""pos"":"""",""jyutping"":null}]"	REQUIRES_EXPERT_CONTEXT_REVIEW
aa84br-a7d64f2893eacac5d37b	FC-018_v.cha	ce62da97ef3381682529717fc362546c42a4f3a268990ca0afafe1a9f696d010	7	215	5	XXM	internally_repeated_token	啱	啱啱	d	ADV	ngaam1ngaam1				False	True	4	話	v	VERB	waa6	11	𠻺	十二點	𠻺	十二點	"返到來香港𠻺啱啱十二點,佢""又話""回魂回十二點."	回魂呢就點知呢就十二點鐘啊,佢搭嗰班船.	返到屋企,佢咪開門,噉咪間屋黑擝擝,噉佢條鎖匙跌咗落地下,噉佢屋企人呢以為真係啲牛鬼蛇神拖佢返來嘍喎.	"{""repetitionMode"":""internally_repeated_token"",""baseSurface"":""啱"",""matchedSurface"":""啱啱""}"	"[{""word"":""返"",""pos"":""v"",""jyutping"":""faan1""},{""word"":""到"",""pos"":""u"",""jyutping"":""dou3""},{""word"":""來"",""pos"":""v"",""jyutping"":""lai4""},{""word"":""香港"",""pos"":""ns"",""jyutping"":""hoeng1gong2""},{""word"":""𠻺"",""pos"":""y1"",""jyutping"":""aa6""},{""word"":""啱啱"",""pos"":""d"",""jyutping"":""ngaam1ngaam1""},{""word"":""十二點"",""pos"":""t"",""jyutping"":""sap6ji6dim2""},{""word"":"","",""pos"":"""",""jyutping"":null},{""word"":""佢"",""pos"":""r"",""jyutping"":""keoi5""},{""word"":""\"""",""pos"":"""",""jyutping"":null},{""word"":""又"",""pos"":""d"",""jyutping"":""jau6""},{""word"":""話"",""pos"":""v"",""jyutping"":""waa6""},{""word"":""\"""",""pos"":"""",""jyutping"":null},{""word"":""回魂"",""pos"":""v"",""jyutping"":""wui4wan4""},{""word"":""回"",""pos"":""v"",""jyutping"":""wui4""},{""word"":""十二點"",""pos"":""t"",""jyutping"":""sap6ji6dim2""},{""word"":""."",""pos"":"""",""jyutping"":null}]"	REQUIRES_EXPERT_CONTEXT_REVIEW
aa84br-d34e0c97e4075bd3fe4d	FC-018_v.cha	ce62da97ef3381682529717fc362546c42a4f3a268990ca0afafe1a9f696d010	7	217	27	XXM	internally_repeated_token	唥	唥唥	o	X	laang1laang1				False	True	2	以為	v	VERB	ji5wai4	30	就	聲	就	聲	拖阿謝賢返來,原來唔係,佢跌咗條鎖匙喺地下度,俾佢一腳踢咗落去,就唥唥聲,以為佢嗰啲鎖鏈-啲牛鬼蛇神拖佢返來.	返到屋企,佢咪開門,噉咪間屋黑擝擝,噉佢條鎖匙跌咗落地下,噉佢屋企人呢以為真係啲牛鬼蛇神拖佢返來嘍喎.	嚇到佢屋企人呢就喺個被竇度打晒冷震.	"{""repetitionMode"":""internally_repeated_token"",""baseSurface"":""唥"",""matchedSurface"":""唥唥""}"	"[{""word"":""拖"",""pos"":""v"",""jyutping"":""to1""},{""word"":""阿"",""pos"":""h"",""jyutping"":""aa3""},{""word"":""謝"",""pos"":""nr"",""jyutping"":""ze6""},{""word"":""賢"",""pos"":""nr"",""jyutping"":""jin4""},{""word"":""返來"",""pos"":""v"",""jyutping"":""faan1lai4""},{""word"":"","",""pos"":"""",""jyutping"":null},{""word"":""原來"",""pos"":""d"",""jyutping"":""jyun4loi4""},{""word"":""唔係"",""pos"":""v"",""jyutping"":""m4hai6""},{""word"":"","",""pos"":"""",""jyutping"":null},{""word"":""佢"",""pos"":""r"",""jyutping"":""keoi5""},{""word"":""跌"",""pos"":""v"",""jyutping"":""dit3""},{""word"":""咗"",""pos"":""u"",""jyutping"":""zo2""},{""word"":""條"",""pos"":""q"",""jyutping"":""tiu4""},{""word"":""鎖匙"",""pos"":""n"",""jyutping"":""so2si4""},{""word"":""喺"",""pos"":""p"",""jyutping"":""hai2""},{""word"":""地下"",""pos"":""s"",""jyutping"":""dei6haa2""},{""word"":""度"",""pos"":""f"",""jyutping"":""dou6""},{""word"":"","",""pos"":"""",""jyutping"":null},{""word"":""俾"",""pos"":""p"",""jyutping"":""bei2""},{""word"":""佢"",""pos"":""r"",""jyutping"":""keoi5""},{""word"":""一"",""pos"":""m"",""jyutping"":""jat1""},{""word"":""腳"",""pos"":""n"",""jyutping"":""goek3""},{""word"":""踢"",""pos"":""v"",""jyutping"":""tek3""},{""word"":""咗"",""pos"":""u"",""jyutping"":""zo2""},{""word"":""落去"",""pos"":""v"",""jyutping"":""lok6heoi3""},{""word"":"","",""pos"":"""",""jyutping"":null},{""word"":""就"",""pos"":""d"",""jyutping"":""zau6""},{""word"":""唥唥"",""pos"":""o"",""jyutping"":""laang1laang1""},{""word"":""聲"",""pos"":""n"",""jyutping"":""seng1""},{""word"":"","",""pos"":"""",""jyutping"":null},{""word"":""以為"",""pos"":""v"",""jyutping"":""ji5wai4""},{""word"":""佢"",""pos"":""r"",""jyutping"":""keoi5""},{""word"":""嗰啲"",""pos"":""r"",""jyutping"":""go2di1""},{""word"":""鎖鏈"",""pos"":""n"",""jyutping"":""so2lin2""},{""word"":""-"",""pos"":"""",""jyutping"":null},{""word"":""啲"",""pos"":""q"",""jyutping"":""di1""},{""word"":""牛鬼蛇神"",""pos"":""n"",""jyutping"":""ngau4gwai2se4san4""},{""word"":""拖"",""pos"":""v"",""jyutping"":""to1""},{""word"":""佢"",""pos"":""r"",""jyutping"":""keoi5""},{""word"":""返來"",""pos"":""n"",""jyutping"":""faan1lai4""},{""word"":""."",""pos"":"""",""jyutping"":null}]"	REQUIRES_EXPERT_CONTEXT_REVIEW
aa84br-3c231490e69ec141f92a	FC-018_v.cha	ce62da97ef3381682529717fc362546c42a4f3a268990ca0afafe1a9f696d010	7	234	4	XXM	internally_repeated_token	啱	啱啱	d	ADV	ngaam1ngaam1				False	True	2	食	v	VERB	sik6	6	𠻺	喺度	𠻺	喺度	點知謝賢𠻺啱啱喺度食𡁵條蕉喇,嘩以為佢條脷伸到咁長.	阿李奇坐喺-坐喺嗰張-擰轉個面又望到埲牆見到阿-阿謝賢嗰個影.	嚇到佢打晒冷震.	"{""repetitionMode"":""internally_repeated_token"",""baseSurface"":""啱"",""matchedSurface"":""啱啱""}"	"[{""word"":""點知"",""pos"":""r"",""jyutping"":""dim2zi1""},{""word"":""謝"",""pos"":""nr"",""jyutping"":""ze6""},{""word"":""賢"",""pos"":""nr"",""jyutping"":""jin4""},{""word"":""𠻺"",""pos"":""y1"",""jyutping"":""aa6""},{""word"":""啱啱"",""pos"":""d"",""jyutping"":""ngaam1ngaam1""},{""word"":""喺度"",""pos"":""d"",""jyutping"":""hai2dou6""},{""word"":""食"",""pos"":""v"",""jyutping"":""sik6""},{""word"":""𡁵"",""pos"":""u"",""jyutping"":""gan2""},{""word"":""條"",""pos"":""q"",""jyutping"":""tiu4""},{""word"":""蕉"",""pos"":""n"",""jyutping"":""ziu1""},{""word"":""喇"",""pos"":""y"",""jyutping"":""laa1""},{""word"":"","",""pos"":"""",""jyutping"":null},{""word"":""嘩"",""pos"":""e"",""jyutping"":""waa3""},{""word"":""以為"",""pos"":""v"",""jyutping"":""ji5wai4""},{""word"":""佢"",""pos"":""r"",""jyutping"":""keoi5""},{""word"":""條"",""pos"":""q"",""jyutping"":""tiu4""},{""word"":""脷"",""pos"":""n"",""jyutping"":""lei6""},{""word"":""伸"",""pos"":""v"",""jyutping"":""san1""},{""word"":""到"",""pos"":""u"",""jyutping"":""dou3""},{""word"":""咁"",""pos"":""d"",""jyutping"":""gam3""},{""word"":""長"",""pos"":""a"",""jyutping"":""coeng4""},{""word"":""."",""pos"":"""",""jyutping"":null}]"	REQUIRES_EXPERT_CONTEXT_REVIEW
aa84br-daa150409058fcc71198	FC-018_v.cha	ce62da97ef3381682529717fc362546c42a4f3a268990ca0afafe1a9f696d010	7	242	5	XXM	internally_repeated_token	個	個個	q	NOUN	go3go3				False	True	1	起身	v	VERB	hei2san1	6	,	起身	呢	起身	"到第二朝早呢,個個起身話""嘩,琴晚啊,阿謝賢啊,好猛啊真係返來."	噉佢返佢間-自己間房瞓喇.	"""講到呢就似層層噉嘍喎."	"{""repetitionMode"":""internally_repeated_token"",""baseSurface"":""個"",""matchedSurface"":""個個""}"	"[{""word"":""到"",""pos"":""d"",""jyutping"":""dou3""},{""word"":""第二"",""pos"":""m"",""jyutping"":""dai6ji6""},{""word"":""朝早"",""pos"":""t"",""jyutping"":""ziu1zou2""},{""word"":""呢"",""pos"":""y1"",""jyutping"":""ne1""},{""word"":"","",""pos"":"""",""jyutping"":null},{""word"":""個個"",""pos"":""q"",""jyutping"":""go3go3""},{""word"":""起身"",""pos"":""v"",""jyutping"":""hei2san1""},{""word"":""話"",""pos"":""v"",""jyutping"":""waa6""},{""word"":""\"""",""pos"":"""",""jyutping"":null},{""word"":""嘩"",""pos"":""e"",""jyutping"":""waa3""},{""word"":"","",""pos"":"""",""jyutping"":null},{""word"":""琴晚"",""pos"":""t"",""jyutping"":""kam4maan5""},{""word"":""啊"",""pos"":""y1"",""jyutping"":""aa3""},{""word"":"","",""pos"":"""",""jyutping"":null},{""word"":""阿"",""pos"":""h"",""jyutping"":""aa3""},{""word"":""謝"",""pos"":""nr"",""jyutping"":""ze6""},{""word"":""賢"",""pos"":""nr"",""jyutping"":""jin4""},{""word"":""啊"",""pos"":""y1"",""jyutping"":""aa3""},{""word"":"","",""pos"":"""",""jyutping"":null},{""word"":""好"",""pos"":""d"",""jyutping"":""hou2""},{""word"":""猛"",""pos"":""a"",""jyutping"":""maang5""},{""word"":""啊"",""pos"":""y"",""jyutping"":""aa3""},{""word"":""真係"",""pos"":""d"",""jyutping"":""zan1hai6""},{""word"":""返來"",""pos"":""v"",""jyutping"":""faan1lei4""},{""word"":""."",""pos"":"""",""jyutping"":null}]"	REQUIRES_EXPERT_CONTEXT_REVIEW
aa84br-f847a1457bc95847086d	FC-019_v.cha	81f02ee58db18cfc44dc76b96c0955b23acdfdc8be83e05a01b28d1667d4d264	8	28	7	XXJ	internally_repeated_token	少	少少	m	NUM	siu2siu2				False	True	1	攣	a	ADJ	lyun1	8	有	攣	有	攣	即係比較輕啲,同埋有少少攣攣哋噉樣呢.	"係啊好細個,""你知唔知""我啲頭髮又唔係好重嗰隻啊."	嗯.	"{""repetitionMode"":""internally_repeated_token"",""baseSurface"":""少"",""matchedSurface"":""少少""}"	"[{""word"":""即係"",""pos"":""c"",""jyutping"":""zik1hai6""},{""word"":""比較"",""pos"":""d"",""jyutping"":""bei2gaau3""},{""word"":""輕"",""pos"":""a"",""jyutping"":""heng1""},{""word"":""啲"",""pos"":""q"",""jyutping"":""di1""},{""word"":"","",""pos"":"""",""jyutping"":null},{""word"":""同埋"",""pos"":""c"",""jyutping"":""tung4maai4""},{""word"":""有"",""pos"":""v1"",""jyutping"":""jau5""},{""word"":""少少"",""pos"":""m"",""jyutping"":""siu2siu2""},{""word"":""攣"",""pos"":""a"",""jyutping"":""lyun1""},{""word"":""攣"",""pos"":""a"",""jyutping"":""lyun1""},{""word"":""哋"",""pos"":""u"",""jyutping"":""dei2""},{""word"":""噉樣"",""pos"":""r"",""jyutping"":""gam2joeng2""},{""word"":""呢"",""pos"":""y"",""jyutping"":""ne1""},{""word"":""."",""pos"":"""",""jyutping"":null}]"	REQUIRES_EXPERT_CONTEXT_REVIEW
aa84br-f873c8615f6999169103	FC-019_v.cha	81f02ee58db18cfc44dc76b96c0955b23acdfdc8be83e05a01b28d1667d4d264	8	35	0	XXC	adjacent_identical_tokens	削	削削	v	VERB	soek3	削	v	soek3	True	True	1	削	v	VERB	soek3	2	<UTTERANCE_START>	削	<UTTERANCE_START>	削	"削削削""""度削."	喀.	削呢,就削到我啲頭髮好傷.	"{""repetitionMode"":""adjacent_identical_tokens"",""baseSurface"":""削"",""matchedSurface"":""削削""}"	"[{""word"":""削"",""pos"":""v"",""jyutping"":""soek3""},{""word"":""削"",""pos"":""v"",""jyutping"":""soek3""},{""word"":""削"",""pos"":""v"",""jyutping"":""soek3""},{""word"":""\"""",""pos"":"""",""jyutping"":null},{""word"":""\"""",""pos"":"""",""jyutping"":null},{""word"":""度"",""pos"":""f"",""jyutping"":""dou6""},{""word"":""削"",""pos"":""v"",""jyutping"":""soek3""},{""word"":""."",""pos"":"""",""jyutping"":null}]"	REQUIRES_EXPERT_CONTEXT_REVIEW
aa84br-fe528d626ad0963aee3c	FC-019_v.cha	81f02ee58db18cfc44dc76b96c0955b23acdfdc8be83e05a01b28d1667d4d264	8	35	1	XXC	adjacent_identical_tokens	削	削削	v	VERB	soek3	削	v	soek3	False	True	2	削	v	VERB	soek3	6	削	""""	削	度	"削削削""""度削."	喀.	削呢,就削到我啲頭髮好傷.	"{""repetitionMode"":""adjacent_identical_tokens"",""baseSurface"":""削"",""matchedSurface"":""削削""}"	"[{""word"":""削"",""pos"":""v"",""jyutping"":""soek3""},{""word"":""削"",""pos"":""v"",""jyutping"":""soek3""},{""word"":""削"",""pos"":""v"",""jyutping"":""soek3""},{""word"":""\"""",""pos"":"""",""jyutping"":null},{""word"":""\"""",""pos"":"""",""jyutping"":null},{""word"":""度"",""pos"":""f"",""jyutping"":""dou6""},{""word"":""削"",""pos"":""v"",""jyutping"":""soek3""},{""word"":""."",""pos"":"""",""jyutping"":null}]"	REQUIRES_EXPERT_CONTEXT_REVIEW
aa84br-cc81bacb924834a80ad7	FC-019_v.cha	81f02ee58db18cfc44dc76b96c0955b23acdfdc8be83e05a01b28d1667d4d264	8	38	5	XXJ	adjacent_identical_tokens	剪	剪剪	v	VERB	zin2	剪	v	zin2	False	True	1	剪	v	VERB	zin2	7	噉	剪	噉	剪	如果佢唔削噉剪剪剪呢.	同埋好容易開叉啊.	喀喀喀.	"{""repetitionMode"":""adjacent_identical_tokens"",""baseSurface"":""剪"",""matchedSurface"":""剪剪""}"	"[{""word"":""如果"",""pos"":""c"",""jyutping"":""jyu4gwo2""},{""word"":""佢"",""pos"":""r"",""jyutping"":""keoi5""},{""word"":""唔"",""pos"":""d"",""jyutping"":""m4""},{""word"":""削"",""pos"":""v"",""jyutping"":""soek3""},{""word"":""噉"",""pos"":""c"",""jyutping"":""gam2""},{""word"":""剪"",""pos"":""v"",""jyutping"":""zin2""},{""word"":""剪"",""pos"":""v"",""jyutping"":""zin2""},{""word"":""剪"",""pos"":""v"",""jyutping"":""zin2""},{""word"":""呢"",""pos"":""y"",""jyutping"":""ne1""},{""word"":""."",""pos"":"""",""jyutping"":null}]"	REQUIRES_EXPERT_CONTEXT_REVIEW
aa84br-3071a3d5f9134b795426	FC-019_v.cha	81f02ee58db18cfc44dc76b96c0955b23acdfdc8be83e05a01b28d1667d4d264	8	132	4	XXJ	internally_repeated_token	少	少少	m	NUM	siu2siu2				False	True	2	會	vu	AUX	wui5	6	咗	就	咗	就	男仔佢長咗少少就會好肉酸𠺢嗎.	咪好似男仔噉其實.	噉如果你短頭髮-女仔短頭髮都一定要去-不時都要去修下噉樣喇.	"{""repetitionMode"":""internally_repeated_token"",""baseSurface"":""少"",""matchedSurface"":""少少""}"	"[{""word"":""男仔"",""pos"":""n"",""jyutping"":""naam4zai2""},{""word"":""佢"",""pos"":""r"",""jyutping"":""keoi5""},{""word"":""長"",""pos"":""a"",""jyutping"":""coeng4""},{""word"":""咗"",""pos"":""u"",""jyutping"":""zo2""},{""word"":""少少"",""pos"":""m"",""jyutping"":""siu2siu2""},{""word"":""就"",""pos"":""d"",""jyutping"":""zau6""},{""word"":""會"",""pos"":""vu"",""jyutping"":""wui5""},{""word"":""好"",""pos"":""d"",""jyutping"":""hou2""},{""word"":""肉酸"",""pos"":""a"",""jyutping"":""juk6syun1""},{""word"":""𠺢"",""pos"":""y"",""jyutping"":""gaa1""},{""word"":""嗎"",""pos"":""y"",""jyutping"":""maa3""},{""word"":""."",""pos"":"""",""jyutping"":null}]"	REQUIRES_EXPERT_CONTEXT_REVIEW
aa84br-5059a5b639451edeff37	FC-020_v.cha	6ec07be8de5bf5784dc1c6dba433bfb4eda92663c929a3e67c02103e0c8f0bf7	9	9	0	XXA	adjacent_identical_tokens	噉	噉噉	c	CCONJ	gam2	噉	c	gam2	True	True	4	話	v	VERB	waa6	5	<UTTERANCE_START>	最初	<UTTERANCE_START>	最初	"噉噉最初嗰陣時都話請咗我𡃉嚹,但係我又,""但係我又""一心即係諗住教書吖嗎,噉所以就即係推咗佢噉樣囖."	因為最初嗰陣時呢我都見咗份,誒,誒,translator噉樣嘅.	同埋我又覺得佢好似好辛苦𠺢嗎,因為佢之前佢譯報紙嗰啲嘢呢,噉譬如話十一點鐘之前呢就譯好多嘢,因為佢要趕住俾個客噉樣喇,噉所以呢我就覺得好辛苦囖.	"{""repetitionMode"":""adjacent_identical_tokens"",""baseSurface"":""噉"",""matchedSurface"":""噉噉""}"	"[{""word"":""噉"",""pos"":""c"",""jyutping"":""gam2""},{""word"":""噉"",""pos"":""c"",""jyutping"":""gam2""},{""word"":""最初"",""pos"":""t"",""jyutping"":""zeoi3co1""},{""word"":""嗰陣時"",""pos"":""r"",""jyutping"":""go2zan6si4""},{""word"":""都"",""pos"":""d"",""jyutping"":""dou1""},{""word"":""話"",""pos"":""v"",""jyutping"":""waa6""},{""word"":""請"",""pos"":""v"",""jyutping"":""ceng2""},{""word"":""咗"",""pos"":""u"",""jyutping"":""zo2""},{""word"":""我"",""pos"":""r"",""jyutping"":""ngo5""},{""word"":""𡃉"",""pos"":""y1"",""jyutping"":""gaa3""},{""word"":""嚹"",""pos"":""y1"",""jyutping"":""laa3""},{""word"":"","",""pos"":"""",""jyutping"":null},{""word"":""但係"",""pos"":""c"",""jyutping"":""daan6hai6""},{""word"":""我"",""pos"":""r"",""jyutping"":""ngo5""},{""word"":""又"",""pos"":""d"",""jyutping"":""jau6""},{""word"":"","",""pos"":"""",""jyutping"":null},{""word"":""\"""",""pos"":"""",""jyutping"":null},{""word"":""但係"",""pos"":""c"",""jyutping"":""daan6hai6""},{""word"":""我"",""pos"":""r"",""jyutping"":""ngo5""},{""word"":""又"",""pos"":""d"",""jyutping"":""jau6""},{""word"":""\"""",""pos"":"""",""jyutping"":null},{""word"":""一心"",""pos"":""d"",""jyutping"":""jat1sam1""},{""word"":""即係"",""pos"":""c"",""jyutping"":""zik1hai6""},{""word"":""諗"",""pos"":""v"",""jyutping"":""nam2""},{""word"":""住"",""pos"":""u"",""jyutping"":""zyu6""},{""word"":""教書"",""pos"":""v"",""jyutping"":""gaau3syu1""},{""word"":""吖"",""pos"":""y1"",""jyutping"":""aa1""},{""word"":""嗎"",""pos"":""y1"",""jyutping"":""maa3""},{""word"":"","",""pos"":"""",""jyutping"":null},{""word"":""噉"",""pos"":""c"",""jyutping"":""gam2""},{""word"":""所以"",""pos"":""c"",""jyutping"":""so2ji5""},{""word"":""就"",""pos"":""d"",""jyutping"":""zau6""},{""word"":""即係"",""pos"":""c"",""jyutping"":""zik1hai6""},{""word"":""推"",""pos"":""v"",""jyutping"":""teoi1""},{""word"":""咗"",""pos"":""u"",""jyutping"":""zo2""},{""word"":""佢"",""pos"":""r"",""jyutping"":""keoi5""},{""word"":""噉樣"",""pos"":""c"",""jyutping"":""gam2joeng2""},{""word"":""囖"",""pos"":""y"",""jyutping"":""lo1""},{""word"":""."",""pos"":"""",""jyutping"":null}]"	REQUIRES_EXPERT_CONTEXT_REVIEW
aa84br-af21cf3910fd1a3c8b0d	FC-020_v.cha	6ec07be8de5bf5784dc1c6dba433bfb4eda92663c929a3e67c02103e0c8f0bf7	9	174	1	XXB	internally_repeated_token	個	個個	q	NOUN	go3go3				False	True	2	係	v	VERB	hai6	3	即係	都	即係	都	即係個個都係成日都要overtime,佢話你以為-你話你有時禮拜六吖,或者禮拜日都要返來返工嘅,都要做嘢噉樣嘅.	係喇,係喇,因為佢都話,誒,即係佢話佢哋都係噉,因為佢哋而家喺度目前做𡁵嗰啲人呢,話都係噉樣𡃉嘞.	哦,係呀?	"{""repetitionMode"":""internally_repeated_token"",""baseSurface"":""個"",""matchedSurface"":""個個""}"	"[{""word"":""即係"",""pos"":""c"",""jyutping"":""zik1hai6""},{""word"":""個個"",""pos"":""q"",""jyutping"":""go3go3""},{""word"":""都"",""pos"":""d"",""jyutping"":""dou1""},{""word"":""係"",""pos"":""v"",""jyutping"":""hai6""},{""word"":""成日"",""pos"":""d"",""jyutping"":""seng4jat6""},{""word"":""都"",""pos"":""d"",""jyutping"":""dou1""},{""word"":""要"",""pos"":""vu"",""jyutping"":""jiu3""},{""word"":""overtime"",""pos"":""xa"",""jyutping"":null},{""word"":"","",""pos"":"""",""jyutping"":null},{""word"":""佢"",""pos"":""r"",""jyutping"":""keoi5""},{""word"":""話"",""pos"":""v"",""jyutping"":""waa6""},{""word"":""你"",""pos"":""r"",""jyutping"":""nei5""},{""word"":""以為"",""pos"":""v"",""jyutping"":""ji5wai4""},{""word"":""-"",""pos"":"""",""jyutping"":null},{""word"":""你"",""pos"":""r"",""jyutping"":""nei5""},{""word"":""話"",""pos"":""v"",""jyutping"":""waa6""},{""word"":""你"",""pos"":""r"",""jyutping"":""nei5""},{""word"":""有時"",""pos"":""d"",""jyutping"":""jau5si4""},{""word"":""禮拜六"",""pos"":""t"",""jyutping"":""lai5baai3luk6""},{""word"":""吖"",""pos"":""y1"",""jyutping"":""aa1""},{""word"":"","",""pos"":"""",""jyutping"":null},{""word"":""或者"",""pos"":""c"",""jyutping"":""waak6ze2""},{""word"":""禮拜日"",""pos"":""t"",""jyutping"":""lai5baai3jat6""},{""word"":""都"",""pos"":""d"",""jyutping"":""dou1""},{""word"":""要"",""pos"":""vu"",""jyutping"":""jiu3""},{""word"":""返來"",""pos"":""v"",""jyutping"":""faan1lei4""},{""word"":""返工"",""pos"":""v"",""jyutping"":""faan1gung1""},{""word"":""嘅"",""pos"":""u"",""jyutping"":""ge3""},{""word"":"","",""pos"":"""",""jyutping"":null},{""word"":""都"",""pos"":""d"",""jyutping"":""dou1""},{""word"":""要"",""pos"":""vu"",""jyutping"":""jiu3""},{""word"":""做嘢"",""pos"":""v"",""jyutping"":""zou6je5""},{""word"":""噉樣"",""pos"":""c"",""jyutping"":""gam2joeng2""},{""word"":""嘅"",""pos"":""u"",""jyutping"":""ge3""},{""word"":""."",""pos"":"""",""jyutping"":null}]"	REQUIRES_EXPERT_CONTEXT_REVIEW
aa84br-8bba4d83e71013862755	FC-020_v.cha	6ec07be8de5bf5784dc1c6dba433bfb4eda92663c929a3e67c02103e0c8f0bf7	9	274	7	XXB	internally_repeated_token	慢	慢慢	a	ADJ	maan6maan2				False	True	1	揾	v	VERB	wan2	8	要	揾	要	揾	係喇,即係都繼續要慢慢揾喇而家都.	唉!真係慘啊其實.	係喇都.	"{""repetitionMode"":""internally_repeated_token"",""baseSurface"":""慢"",""matchedSurface"":""慢慢""}"	"[{""word"":""係"",""pos"":""v"",""jyutping"":""hai6""},{""word"":""喇"",""pos"":""y1"",""jyutping"":""laa1""},{""word"":"","",""pos"":"""",""jyutping"":null},{""word"":""即係"",""pos"":""c"",""jyutping"":""zik1hai6""},{""word"":""都"",""pos"":""d"",""jyutping"":""dou1""},{""word"":""繼續"",""pos"":""v"",""jyutping"":""gai3zuk6""},{""word"":""要"",""pos"":""vu"",""jyutping"":""jiu3""},{""word"":""慢慢"",""pos"":""a"",""jyutping"":""maan6maan2""},{""word"":""揾"",""pos"":""v"",""jyutping"":""wan2""},{""word"":""喇"",""pos"":""y1"",""jyutping"":""laa1""},{""word"":""而家"",""pos"":""t"",""jyutping"":""ji4gaa1""},{""word"":""都"",""pos"":""d"",""jyutping"":""dou1""},{""word"":""."",""pos"":"""",""jyutping"":null}]"	REQUIRES_EXPERT_CONTEXT_REVIEW
aa84br-eb10bd37be91d2c61199	FC-020_v.cha	6ec07be8de5bf5784dc1c6dba433bfb4eda92663c929a3e67c02103e0c8f0bf7	9	356	7	XXB	internally_repeated_token	啱	啱啱	d	ADV	ngaam1ngaam1				False	True	1	係	v	VERB	hai6	8	嗰日	係	嗰日	係	佢出來-我明知佢嗰日啱啱係之前嗰日去旅行𠺢嗎.	即係你都唔expect會見到佢出現嘅.	哦,喀,喀,喀.	"{""repetitionMode"":""internally_repeated_token"",""baseSurface"":""啱"",""matchedSurface"":""啱啱""}"	"[{""word"":""佢"",""pos"":""r"",""jyutping"":""keoi5""},{""word"":""出來"",""pos"":""v"",""jyutping"":""ceot1lai4""},{""word"":""-"",""pos"":"""",""jyutping"":null},{""word"":""我"",""pos"":""r"",""jyutping"":""ngo5""},{""word"":""明知"",""pos"":""v"",""jyutping"":""ming4zi1""},{""word"":""佢"",""pos"":""r"",""jyutping"":""keoi5""},{""word"":""嗰日"",""pos"":""r"",""jyutping"":""go2jat6""},{""word"":""啱啱"",""pos"":""d"",""jyutping"":""ngaam1ngaam1""},{""word"":""係"",""pos"":""v"",""jyutping"":""hai6""},{""word"":""之前"",""pos"":""t"",""jyutping"":""zi1cin4""},{""word"":""嗰日"",""pos"":""r"",""jyutping"":""go2jat6""},{""word"":""去"",""pos"":""v"",""jyutping"":""heoi3""},{""word"":""旅行"",""pos"":""v"",""jyutping"":""leoi5hang4""},{""word"":""𠺢"",""pos"":""y"",""jyutping"":""gaa1""},{""word"":""嗎"",""pos"":""y"",""jyutping"":""maa3""},{""word"":""."",""pos"":"""",""jyutping"":null}]"	REQUIRES_EXPERT_CONTEXT_REVIEW
aa84br-d98cb912fd429759f2a2	FC-020_v.cha	6ec07be8de5bf5784dc1c6dba433bfb4eda92663c929a3e67c02103e0c8f0bf7	9	511	1	XXA	internally_repeated_token	個	個個	q	NOUN	go3go3				False	True	2	係	v	VERB	hai6	3	因為	都	因為	都	因為個個都係噉講嘅.	唔係啊,因為我覺得佢係禮貌上話好高興啊.	係啊,係啊,即係總之係打返去promote,佢都係話好高興囖.	"{""repetitionMode"":""internally_repeated_token"",""baseSurface"":""個"",""matchedSurface"":""個個""}"	"[{""word"":""因為"",""pos"":""c"",""jyutping"":""jan1wai6""},{""word"":""個個"",""pos"":""q"",""jyutping"":""go3go3""},{""word"":""都"",""pos"":""d"",""jyutping"":""dou1""},{""word"":""係"",""pos"":""v"",""jyutping"":""hai6""},{""word"":""噉"",""pos"":""r"",""jyutping"":""gam2""},{""word"":""講"",""pos"":""v"",""jyutping"":""gong2""},{""word"":""嘅"",""pos"":""u"",""jyutping"":""ge3""},{""word"":""."",""pos"":"""",""jyutping"":null}]"	REQUIRES_EXPERT_CONTEXT_REVIEW
aa84br-b67a6dd483ab1c93755b	FC-020_v.cha	6ec07be8de5bf5784dc1c6dba433bfb4eda92663c929a3e67c02103e0c8f0bf7	9	556	5	XXA	adjacent_identical_tokens	唉	唉唉	e	INTJ	aai5	唉	e	aai5	False	True	3	不如	v	VERB	bat1jyu4	10	-	,	不如	唉	係,噉不如-唉唉,唉噉不如噉喇,我遲啲再揾你喇,如果一有乜嘢消息你就話俾我知喇.	係啊.	好啊,好啊,好啊.	"{""repetitionMode"":""adjacent_identical_tokens"",""baseSurface"":""唉"",""matchedSurface"":""唉唉""}"	"[{""word"":""係"",""pos"":""v"",""jyutping"":""hai6""},{""word"":"","",""pos"":"""",""jyutping"":null},{""word"":""噉"",""pos"":""c"",""jyutping"":""gam2""},{""word"":""不如"",""pos"":""v"",""jyutping"":""bat1jyu4""},{""word"":""-"",""pos"":"""",""jyutping"":null},{""word"":""唉"",""pos"":""e"",""jyutping"":""aai5""},{""word"":""唉"",""pos"":""e"",""jyutping"":""aai5""},{""word"":"","",""pos"":"""",""jyutping"":null},{""word"":""唉"",""pos"":""e"",""jyutping"":""aai5""},{""word"":""噉"",""pos"":""c"",""jyutping"":""gam2""},{""word"":""不如"",""pos"":""v"",""jyutping"":""bat1jyu4""},{""word"":""噉"",""pos"":""c"",""jyutping"":""gam2""},{""word"":""喇"",""pos"":""y1"",""jyutping"":""laa1""},{""word"":"","",""pos"":"""",""jyutping"":null},{""word"":""我"",""pos"":""r"",""jyutping"":""ngo5""},{""word"":""遲啲"",""pos"":""t"",""jyutping"":""ci4di1""},{""word"":""再"",""pos"":""d"",""jyutping"":""zoi3""},{""word"":""揾"",""pos"":""v"",""jyutping"":""wan2""},{""word"":""你"",""pos"":""r"",""jyutping"":""nei5""},{""word"":""喇"",""pos"":""y1"",""jyutping"":""laa1""},{""word"":"","",""pos"":"""",""jyutping"":null},{""word"":""如果"",""pos"":""c"",""jyutping"":""jyu4gwo2""},{""word"":""一"",""pos"":""m"",""jyutping"":""jat1""},{""word"":""有"",""pos"":""v1"",""jyutping"":""jau5""},{""word"":""乜嘢"",""pos"":""r"",""jyutping"":""mat1je5""},{""word"":""消息"",""pos"":""n"",""jyutping"":""siu1sik1""},{""word"":""你"",""pos"":""r"",""jyutping"":""nei5""},{""word"":""就"",""pos"":""d"",""jyutping"":""zau6""},{""word"":""話"",""pos"":""v"",""jyutping"":""waa6""},{""word"":""俾"",""pos"":""p"",""jyutping"":""bei2""},{""word"":""我"",""pos"":""r"",""jyutping"":""ngo5""},{""word"":""知"",""pos"":""v"",""jyutping"":""zi1""},{""word"":""喇"",""pos"":""y"",""jyutping"":""laa1""},{""word"":""."",""pos"":"""",""jyutping"":null}]"	REQUIRES_EXPERT_CONTEXT_REVIEW
aa84br-bbe86256f5563f1c2663	FC-022a_v.cha	f1ac38cc97b07a9757a7a7e9274732b52679d76fd9980defa2fe57d5c562a43d	10	50	9	XXA	adjacent_identical_tokens	好似	好似好似	v	VERB	hou2ci5	好似	v	hou2ci5	False	True	2	知	v	VERB	zi1	12	覺得	唔	覺得	唔	噉我覺得如果冇咗,我覺得好似好似唔知點噉樣啊.	因為有時我哋譯嘢都會遇到啲,誒,即係專有名詞啊,地方名噉樣𠺢嗎.	誒,噉可唔可以兩本字典一齊用呢?	"{""repetitionMode"":""adjacent_identical_tokens"",""baseSurface"":""好似"",""matchedSurface"":""好似好似""}"	"[{""word"":""噉"",""pos"":""c"",""jyutping"":""gam2""},{""word"":""我"",""pos"":""r"",""jyutping"":""ngo5""},{""word"":""覺得"",""pos"":""v"",""jyutping"":""gok3dak1""},{""word"":""如果"",""pos"":""c"",""jyutping"":""jyu4gwo2""},{""word"":""冇"",""pos"":""v1"",""jyutping"":""mou5""},{""word"":""咗"",""pos"":""u"",""jyutping"":""zo2""},{""word"":"","",""pos"":"""",""jyutping"":null},{""word"":""我"",""pos"":""r"",""jyutping"":""ngo5""},{""word"":""覺得"",""pos"":""v"",""jyutping"":""gok3dak1""},{""word"":""好似"",""pos"":""v"",""jyutping"":""hou2ci5""},{""word"":""好似"",""pos"":""v"",""jyutping"":""hou2ci5""},{""word"":""唔"",""pos"":""d"",""jyutping"":""m4""},{""word"":""知"",""pos"":""v"",""jyutping"":""zi1""},{""word"":""點"",""pos"":""r"",""jyutping"":""dim2""},{""word"":""噉樣"",""pos"":""c"",""jyutping"":""gam2joeng2""},{""word"":""啊"",""pos"":""y"",""jyutping"":""aa3""},{""word"":""."",""pos"":"""",""jyutping"":null}]"	REQUIRES_EXPERT_CONTEXT_REVIEW
aa84br-f165c1997b9f7fc42f77	FC-022b_v.cha	3dec7b1713b09b5693df6af23cff8bf0de760909f321c6f56002b43baced849d	11	99	4	XXB	adjacent_identical_tokens	好	好好	d	ADV	hou2	好	a	hou2	False	True	2	幫	v	VERB	bong1	8	就	喇	就	喇	噉佢呢就好好喇,幫我帶埋落來𠻹.	係上去幫我買嘅.	喀.	"{""repetitionMode"":""adjacent_identical_tokens"",""baseSurface"":""好"",""matchedSurface"":""好好""}"	"[{""word"":""噉"",""pos"":""c"",""jyutping"":""gam2""},{""word"":""佢"",""pos"":""r"",""jyutping"":""keoi5""},{""word"":""呢"",""pos"":""y1"",""jyutping"":""ne1""},{""word"":""就"",""pos"":""d"",""jyutping"":""zau6""},{""word"":""好"",""pos"":""d"",""jyutping"":""hou2""},{""word"":""好"",""pos"":""a"",""jyutping"":""hou2""},{""word"":""喇"",""pos"":""y"",""jyutping"":""laa1""},{""word"":"","",""pos"":"""",""jyutping"":null},{""word"":""幫"",""pos"":""v"",""jyutping"":""bong1""},{""word"":""我"",""pos"":""r"",""jyutping"":""ngo5""},{""word"":""帶"",""pos"":""v"",""jyutping"":""daai3""},{""word"":""埋"",""pos"":""u"",""jyutping"":""maai4""},{""word"":""落來"",""pos"":""v"",""jyutping"":""lok6lai4""},{""word"":""𠻹"",""pos"":""y"",""jyutping"":""tim1""},{""word"":""."",""pos"":"""",""jyutping"":null}]"	REQUIRES_EXPERT_CONTEXT_REVIEW
aa84br-03a2da265058364c537c	FC-022b_v.cha	3dec7b1713b09b5693df6af23cff8bf0de760909f321c6f56002b43baced849d	11	133	5	XXA	adjacent_identical_tokens	真係	真係真係	d	ADV	zan1hai6	真係	d	zan1hai6	False	True	1	慶幸	a	ADJ	hing3hang6	7	我	慶幸	我	慶幸	噉但係我覺得我真係真係慶幸我嗰陣時買咗囖.	係.	哦.	"{""repetitionMode"":""adjacent_identical_tokens"",""baseSurface"":""真係"",""matchedSurface"":""真係真係""}"	"[{""word"":""噉"",""pos"":""c"",""jyutping"":""gam2""},{""word"":""但係"",""pos"":""c"",""jyutping"":""daan6hai6""},{""word"":""我"",""pos"":""r"",""jyutping"":""ngo5""},{""word"":""覺得"",""pos"":""v"",""jyutping"":""gok3dak1""},{""word"":""我"",""pos"":""r"",""jyutping"":""ngo5""},{""word"":""真係"",""pos"":""d"",""jyutping"":""zan1hai6""},{""word"":""真係"",""pos"":""d"",""jyutping"":""zan1hai6""},{""word"":""慶幸"",""pos"":""a"",""jyutping"":""hing3hang6""},{""word"":""我"",""pos"":""r"",""jyutping"":""ngo5""},{""word"":""嗰陣時"",""pos"":""t"",""jyutping"":""go2zan6si4""},{""word"":""買"",""pos"":""v"",""jyutping"":""maai5""},{""word"":""咗"",""pos"":""u"",""jyutping"":""zo2""},{""word"":""囖"",""pos"":""y"",""jyutping"":""lo1""},{""word"":""."",""pos"":"""",""jyutping"":null}]"	REQUIRES_EXPERT_CONTEXT_REVIEW
aa84br-dffabe6abad446fe4c25	FC-025_v.cha	de4c852f32310e64c446e91363e0db7332531bc8026287ddd750d7a6388f7131	12	71	1	XXY	internally_repeated_token	少	少少	m	NUM	siu2siu2				False	True	1	係咪	v	VERB	hai6mai6	3	爭	,	爭	係咪	爭少少,係咪?	唏,缺少咗南哥就爭啲嘅.	硬係爭啲.	"{""repetitionMode"":""internally_repeated_token"",""baseSurface"":""少"",""matchedSurface"":""少少""}"	"[{""word"":""爭"",""pos"":""v"",""jyutping"":""zaang1""},{""word"":""少少"",""pos"":""m"",""jyutping"":""siu2siu2""},{""word"":"","",""pos"":"""",""jyutping"":null},{""word"":""係咪"",""pos"":""v"",""jyutping"":""hai6mai6""},{""word"":""?"",""pos"":"""",""jyutping"":null}]"	REQUIRES_EXPERT_CONTEXT_REVIEW
aa84br-f5da5ae2c5e6ba718f1f	FC-025_v.cha	de4c852f32310e64c446e91363e0db7332531bc8026287ddd750d7a6388f7131	12	215	4	XXY	adjacent_identical_tokens	計	計計	v	VERB	gai3	計	v	gai3	False	True	3	好似	v	VERB	hou2ci5	8	,	吓	蚊	吓	不過五百五十八蚊,計計吓又好似幾貴噉喎.	其實幾抵喎,五百五十八蚊.	喂抵喇.	"{""repetitionMode"":""adjacent_identical_tokens"",""baseSurface"":""計"",""matchedSurface"":""計計""}"	"[{""word"":""不過"",""pos"":""c"",""jyutping"":""bat1gwo3""},{""word"":""五百五十八"",""pos"":""m"",""jyutping"":""ng5baak3ng5sap6baat3""},{""word"":""蚊"",""pos"":""q"",""jyutping"":""man1""},{""word"":"","",""pos"":"""",""jyutping"":null},{""word"":""計"",""pos"":""v"",""jyutping"":""gai3""},{""word"":""計"",""pos"":""v"",""jyutping"":""gai3""},{""word"":""吓"",""pos"":""u"",""jyutping"":""haa2""},{""word"":""又"",""pos"":""d"",""jyutping"":""jau6""},{""word"":""好似"",""pos"":""v"",""jyutping"":""hou2ci5""},{""word"":""幾"",""pos"":""d"",""jyutping"":""gei2""},{""word"":""貴"",""pos"":""a"",""jyutping"":""gwai3""},{""word"":""噉"",""pos"":""c"",""jyutping"":""gam2""},{""word"":""喎"",""pos"":""y"",""jyutping"":""wo3""},{""word"":""."",""pos"":"""",""jyutping"":null}]"	REQUIRES_EXPERT_CONTEXT_REVIEW
aa84br-7d7f222186faabb38a8e	FC-025_v.cha	de4c852f32310e64c446e91363e0db7332531bc8026287ddd750d7a6388f7131	12	240	6	XXX	internally_repeated_token	少	少少	m	NUM	siu2siu2				False	True	3	係	v	VERB	hai6	10	咗	𠻹	咗	𠻹	出得早,快咗少少𠻹,就係快少少.	冇得走.	哦.	"{""repetitionMode"":""internally_repeated_token"",""baseSurface"":""少"",""matchedSurface"":""少少""}"	"[{""word"":""出"",""pos"":""v"",""jyutping"":""ceot1""},{""word"":""得"",""pos"":""u"",""jyutping"":""dak1""},{""word"":""早"",""pos"":""a"",""jyutping"":""zou2""},{""word"":"","",""pos"":"""",""jyutping"":null},{""word"":""快"",""pos"":""a"",""jyutping"":""faai3""},{""word"":""咗"",""pos"":""u"",""jyutping"":""zo2""},{""word"":""少少"",""pos"":""m"",""jyutping"":""siu2siu2""},{""word"":""𠻹"",""pos"":""y"",""jyutping"":""tim1""},{""word"":"","",""pos"":"""",""jyutping"":null},{""word"":""就"",""pos"":""d"",""jyutping"":""zau6""},{""word"":""係"",""pos"":""v"",""jyutping"":""hai6""},{""word"":""快"",""pos"":""a"",""jyutping"":""faai3""},{""word"":""少少"",""pos"":""m"",""jyutping"":""siu2siu2""},{""word"":""."",""pos"":"""",""jyutping"":null}]"	REQUIRES_EXPERT_CONTEXT_REVIEW
aa84br-b4181d11e9162176dbb1	FC-025_v.cha	de4c852f32310e64c446e91363e0db7332531bc8026287ddd750d7a6388f7131	12	240	12	XXX	internally_repeated_token	少	少少	m	NUM	siu2siu2				False	False							快	.	快	<UTTERANCE_END>	出得早,快咗少少𠻹,就係快少少.	冇得走.	哦.	"{""repetitionMode"":""internally_repeated_token"",""baseSurface"":""少"",""matchedSurface"":""少少""}"	"[{""word"":""出"",""pos"":""v"",""jyutping"":""ceot1""},{""word"":""得"",""pos"":""u"",""jyutping"":""dak1""},{""word"":""早"",""pos"":""a"",""jyutping"":""zou2""},{""word"":"","",""pos"":"""",""jyutping"":null},{""word"":""快"",""pos"":""a"",""jyutping"":""faai3""},{""word"":""咗"",""pos"":""u"",""jyutping"":""zo2""},{""word"":""少少"",""pos"":""m"",""jyutping"":""siu2siu2""},{""word"":""𠻹"",""pos"":""y"",""jyutping"":""tim1""},{""word"":"","",""pos"":"""",""jyutping"":null},{""word"":""就"",""pos"":""d"",""jyutping"":""zau6""},{""word"":""係"",""pos"":""v"",""jyutping"":""hai6""},{""word"":""快"",""pos"":""a"",""jyutping"":""faai3""},{""word"":""少少"",""pos"":""m"",""jyutping"":""siu2siu2""},{""word"":""."",""pos"":"""",""jyutping"":null}]"	REQUIRES_EXPERT_CONTEXT_REVIEW
aa84br-1b7a90c7873e48435516	FC-025_v.cha	de4c852f32310e64c446e91363e0db7332531bc8026287ddd750d7a6388f7131	12	253	0	XXX	internally_repeated_token	日	日日	q	NOUN	jat6jat6				True	True	2	飛	v	VERB	fei1	2	<UTTERANCE_START>	係噉	<UTTERANCE_START>	係噉	日日係噉飛落秘書台.	飛落秘書台咪得囖.	只要有秘書台.	"{""repetitionMode"":""internally_repeated_token"",""baseSurface"":""日"",""matchedSurface"":""日日""}"	"[{""word"":""日日"",""pos"":""q"",""jyutping"":""jat6jat6""},{""word"":""係噉"",""pos"":""d"",""jyutping"":""hai6gam2""},{""word"":""飛"",""pos"":""v"",""jyutping"":""fei1""},{""word"":""落"",""pos"":""p"",""jyutping"":""lok6""},{""word"":""秘書台"",""pos"":""n"",""jyutping"":""bei3syu1toi4""},{""word"":""."",""pos"":"""",""jyutping"":null}]"	REQUIRES_EXPERT_CONTEXT_REVIEW
aa84br-b3aa861ec7264e1400a2	FC-025_v.cha	de4c852f32310e64c446e91363e0db7332531bc8026287ddd750d7a6388f7131	12	307	1	XXY	internally_repeated_token	叔	叔叔	n	NOUN	suk1suk1				False	False							Gordon	,	Gordon	我	Gordon叔叔,我同埋另外嗰個GT囖.	今年嗰三個.	GT?	"{""repetitionMode"":""internally_repeated_token"",""baseSurface"":""叔"",""matchedSurface"":""叔叔""}"	"[{""word"":""Gordon"",""pos"":""xnr"",""jyutping"":null},{""word"":""叔叔"",""pos"":""n"",""jyutping"":""suk1suk1""},{""word"":"","",""pos"":"""",""jyutping"":null},{""word"":""我"",""pos"":""r"",""jyutping"":""ngo5""},{""word"":""同埋"",""pos"":""c"",""jyutping"":""tung4maai4""},{""word"":""另外"",""pos"":""c"",""jyutping"":""ling6ngoi6""},{""word"":""嗰個"",""pos"":""r"",""jyutping"":""go2go3""},{""word"":""GT"",""pos"":""xjn"",""jyutping"":null},{""word"":""囖"",""pos"":""y"",""jyutping"":""lo1""},{""word"":""."",""pos"":"""",""jyutping"":null}]"	REQUIRES_EXPERT_CONTEXT_REVIEW
aa84br-0583daad45d9878d9eff	FC-025_v.cha	de4c852f32310e64c446e91363e0db7332531bc8026287ddd750d7a6388f7131	12	428	2	XXY	internally_repeated_token	吓	吓吓	q	NOUN	haa5haa5				False	True	1	細	a	ADJ	sai3	3	要	細	要	細	你要吓吓細分好麻煩𡃉.	即係無謂分得咁清吖嗎,真係吖.	你知啲title又鬼死咁多呢.	"{""repetitionMode"":""internally_repeated_token"",""baseSurface"":""吓"",""matchedSurface"":""吓吓""}"	"[{""word"":""你"",""pos"":""r"",""jyutping"":""nei5""},{""word"":""要"",""pos"":""v"",""jyutping"":""jiu3""},{""word"":""吓吓"",""pos"":""q"",""jyutping"":""haa5haa5""},{""word"":""細"",""pos"":""a"",""jyutping"":""sai3""},{""word"":""分"",""pos"":""v"",""jyutping"":""fan1""},{""word"":""好"",""pos"":""d"",""jyutping"":""hou2""},{""word"":""麻煩"",""pos"":""a"",""jyutping"":""maa4faan4""},{""word"":""𡃉"",""pos"":""y"",""jyutping"":""gaa3""},{""word"":""."",""pos"":"""",""jyutping"":null}]"	REQUIRES_EXPERT_CONTEXT_REVIEW
aa84br-03df5ea60881af6ce642	FC-025_v.cha	de4c852f32310e64c446e91363e0db7332531bc8026287ddd750d7a6388f7131	12	458	3	XXY	internally_repeated_token	少	少少	m	NUM	siu2siu2				False	False							麻煩	囖	麻煩	囖	噉就麻煩少少囖.	係囖.	唔好意思啊,我整𡁵支筆.	"{""repetitionMode"":""internally_repeated_token"",""baseSurface"":""少"",""matchedSurface"":""少少""}"	"[{""word"":""噉"",""pos"":""c"",""jyutping"":""gam2""},{""word"":""就"",""pos"":""d"",""jyutping"":""zau6""},{""word"":""麻煩"",""pos"":""v"",""jyutping"":""maa4faan4""},{""word"":""少少"",""pos"":""m"",""jyutping"":""siu2siu2""},{""word"":""囖"",""pos"":""y"",""jyutping"":""lo1""},{""word"":""."",""pos"":"""",""jyutping"":null}]"	REQUIRES_EXPERT_CONTEXT_REVIEW
aa84br-b874103fa80cce57e2ad	FC-025_v.cha	de4c852f32310e64c446e91363e0db7332531bc8026287ddd750d7a6388f7131	12	510	0	XXX	adjacent_identical_tokens	唔係	唔係唔係	v	VERB	m4hai6	唔係	v	m4hai6	True	True	1	唔係	v	VERB	m4hai6	2	<UTTERANCE_START>	唔係	<UTTERANCE_START>	唔係	唔係唔係唔係.	梗係唔係.	你又話靚啲又唔介紹我識,噉樣好唔應該𡃉喎.	"{""repetitionMode"":""adjacent_identical_tokens"",""baseSurface"":""唔係"",""matchedSurface"":""唔係唔係""}"	"[{""word"":""唔係"",""pos"":""v"",""jyutping"":""m4hai6""},{""word"":""唔係"",""pos"":""v"",""jyutping"":""m4hai6""},{""word"":""唔係"",""pos"":""v"",""jyutping"":""m4hai6""},{""word"":""."",""pos"":"""",""jyutping"":null}]"	REQUIRES_EXPERT_CONTEXT_REVIEW
aa84br-51253763c0312469a361	FC-025_v.cha	de4c852f32310e64c446e91363e0db7332531bc8026287ddd750d7a6388f7131	12	575	1	XXY	internally_repeated_token	少	少少	m	NUM	siu2siu2				False	False							肥	.	肥	<UTTERANCE_END>	肥少少.	有得減有得減.	但係最緊要佢其實佢mainpoint係佢有男朋友吖嗎.	"{""repetitionMode"":""internally_repeated_token"",""baseSurface"":""少"",""matchedSurface"":""少少""}"	"[{""word"":""肥"",""pos"":""a"",""jyutping"":""fei4""},{""word"":""少少"",""pos"":""m"",""jyutping"":""siu2siu2""},{""word"":""."",""pos"":"""",""jyutping"":null}]"	REQUIRES_EXPERT_CONTEXT_REVIEW
aa84br-b8954444bbbe77780de3	FC-025_v.cha	de4c852f32310e64c446e91363e0db7332531bc8026287ddd750d7a6388f7131	12	715	0	XXY	internally_repeated_token	啱	啱啱	d	ADV	ngaam1ngaam1				True	True	2	係	v	VERB	hai6	2	<UTTERANCE_START>	就	<UTTERANCE_START>	就	啱啱就係食正嗰條線.	就係嗰段時間咋.	八月底就係,應該八月二十,二十幾至到三十嗰段時間𡃉咋喎,應該係.	"{""repetitionMode"":""internally_repeated_token"",""baseSurface"":""啱"",""matchedSurface"":""啱啱""}"	"[{""word"":""啱啱"",""pos"":""d"",""jyutping"":""ngaam1ngaam1""},{""word"":""就"",""pos"":""d"",""jyutping"":""zau6""},{""word"":""係"",""pos"":""v"",""jyutping"":""hai6""},{""word"":""食"",""pos"":""v"",""jyutping"":""sik6""},{""word"":""正"",""pos"":""d"",""jyutping"":""zeng3""},{""word"":""嗰"",""pos"":""r"",""jyutping"":""go2""},{""word"":""條"",""pos"":""q"",""jyutping"":""tiu4""},{""word"":""線"",""pos"":""n"",""jyutping"":""sin3""},{""word"":""."",""pos"":"""",""jyutping"":null}]"	REQUIRES_EXPERT_CONTEXT_REVIEW
aa84br-1f04f7d0a0e01b76af51	FC-025_v.cha	de4c852f32310e64c446e91363e0db7332531bc8026287ddd750d7a6388f7131	12	725	6	XXY	internally_repeated_token	啱	啱啱	d	ADV	ngaam1ngaam1				False	False							嚹	.	嚹	<UTTERANCE_END>	我話舊年去完嚹啱啱.	佢九月頭去攞假去旅行,去泰國,問我去唔去.	噉但係我發覺舊年去好貴啊.	"{""repetitionMode"":""internally_repeated_token"",""baseSurface"":""啱"",""matchedSurface"":""啱啱""}"	"[{""word"":""我"",""pos"":""r"",""jyutping"":""ngo5""},{""word"":""話"",""pos"":""v"",""jyutping"":""waa6""},{""word"":""舊年"",""pos"":""t"",""jyutping"":""gau6nin2""},{""word"":""去"",""pos"":""v"",""jyutping"":""heoi3""},{""word"":""完"",""pos"":""u"",""jyutping"":""jyun4""},{""word"":""嚹"",""pos"":""y"",""jyutping"":""laa3""},{""word"":""啱啱"",""pos"":""d"",""jyutping"":""ngaam1ngaam1""},{""word"":""."",""pos"":"""",""jyutping"":null}]"	REQUIRES_EXPERT_CONTEXT_REVIEW
aa84br-1ed3d48be31d856a8b48	FC-025_v.cha	de4c852f32310e64c446e91363e0db7332531bc8026287ddd750d7a6388f7131	12	746	1	XXY	internally_repeated_token	次	次次	q	NOUN	ci3ci3				False	True	2	請	v	VERB	ceng2	3	我	都	我	都	我次次都請飲茶.	唔好嚹啩.	今日唔係你請飲茶?	"{""repetitionMode"":""internally_repeated_token"",""baseSurface"":""次"",""matchedSurface"":""次次""}"	"[{""word"":""我"",""pos"":""r"",""jyutping"":""ngo5""},{""word"":""次次"",""pos"":""q"",""jyutping"":""ci3ci3""},{""word"":""都"",""pos"":""d"",""jyutping"":""dou1""},{""word"":""請"",""pos"":""v"",""jyutping"":""ceng2""},{""word"":""飲茶"",""pos"":""v"",""jyutping"":""jam2caa4""},{""word"":""."",""pos"":"""",""jyutping"":null}]"	REQUIRES_EXPERT_CONTEXT_REVIEW
aa84br-12c4b42874d63964b8d1	FC-026_v2.cha	95fb9865802b2cfa9e0b5a593cff800e4a5559f62a4e713ce352f518c0c93e3c	13	37	6	XXJ	adjacent_identical_tokens	誒	誒誒	e	INTJ	e6	誒	e	e6	False	True	4	學	v	VERB	hok6	11	所以	都	所以	都	噉係囖,噉所以誒誒都幾多嘢學𠸏其實哩間公司.	噉我嗰邊嗰個division就佔三分一度喇.	乜嘢牌電芯啊?	"{""repetitionMode"":""adjacent_identical_tokens"",""baseSurface"":""誒"",""matchedSurface"":""誒誒""}"	"[{""word"":""噉"",""pos"":""c"",""jyutping"":""gam2""},{""word"":""係"",""pos"":""v"",""jyutping"":""hai6""},{""word"":""囖"",""pos"":""y"",""jyutping"":""lo1""},{""word"":"","",""pos"":"""",""jyutping"":null},{""word"":""噉"",""pos"":""c"",""jyutping"":""gam2""},{""word"":""所以"",""pos"":""c"",""jyutping"":""so2ji5""},{""word"":""誒"",""pos"":""e"",""jyutping"":""e6""},{""word"":""誒"",""pos"":""e"",""jyutping"":""e6""},{""word"":""都"",""pos"":""d"",""jyutping"":""dou1""},{""word"":""幾多"",""pos"":""r"",""jyutping"":""gei2do1""},{""word"":""嘢"",""pos"":""n"",""jyutping"":""je5""},{""word"":""學"",""pos"":""v"",""jyutping"":""hok6""},{""word"":""𠸏"",""pos"":""y"",""jyutping"":""ge2""},{""word"":""其實"",""pos"":""d"",""jyutping"":""kei4sat6""},{""word"":""哩"",""pos"":""r"",""jyutping"":""ni1""},{""word"":""間"",""pos"":""q"",""jyutping"":""gaan1""},{""word"":""公司"",""pos"":""n"",""jyutping"":""gung1si1""},{""word"":""."",""pos"":"""",""jyutping"":null}]"	REQUIRES_EXPERT_CONTEXT_REVIEW
aa84br-d0a0c77c48341fb552a3	FC-026_v2.cha	95fb9865802b2cfa9e0b5a593cff800e4a5559f62a4e713ce352f518c0c93e3c	13	102	21	XXJ	adjacent_identical_tokens	好似	好似好似	v	VERB	hou2ci5	好似	v	hou2ci5	False	True	2	變	v	VERB	bin3	26	經驗	,	經驗	誒	其實而家其實覺得唔係話即係成日讀書囖,你成日讀書變咗冇吸納啲工作經驗好似好似,誒,變得個人好似好-太過簡單嚹.	誒,哩啲嘢暫時未諗到啊,諗住睇下做幾年嘢,再算喇,係唔係先?	應該要即係吸納多啲工作經驗會比較好啲.	"{""repetitionMode"":""adjacent_identical_tokens"",""baseSurface"":""好似"",""matchedSurface"":""好似好似""}"	"[{""word"":""其實"",""pos"":""d"",""jyutping"":""kei4sat6""},{""word"":""而家"",""pos"":""t"",""jyutping"":""ji4gaa1""},{""word"":""其實"",""pos"":""d"",""jyutping"":""kei4sat6""},{""word"":""覺得"",""pos"":""v"",""jyutping"":""gok3dak1""},{""word"":""唔係"",""pos"":""v"",""jyutping"":""m4hai6""},{""word"":""話"",""pos"":""v"",""jyutping"":""waa6""},{""word"":""即係"",""pos"":""c"",""jyutping"":""zik1hai6""},{""word"":""成日"",""pos"":""d"",""jyutping"":""seng4jat6""},{""word"":""讀書"",""pos"":""v"",""jyutping"":""duk6syu1""},{""word"":""囖"",""pos"":""y"",""jyutping"":""lo1""},{""word"":"","",""pos"":"""",""jyutping"":null},{""word"":""你"",""pos"":""r"",""jyutping"":""nei5""},{""word"":""成日"",""pos"":""d"",""jyutping"":""seng4jat6""},{""word"":""讀書"",""pos"":""v"",""jyutping"":""duk6syu1""},{""word"":""變"",""pos"":""v"",""jyutping"":""bin3""},{""word"":""咗"",""pos"":""u"",""jyutping"":""zo2""},{""word"":""冇"",""pos"":""v1"",""jyutping"":""mou5""},{""word"":""吸納"",""pos"":""v"",""jyutping"":""kap1naap6""},{""word"":""啲"",""pos"":""q"",""jyutping"":""di1""},{""word"":""工作"",""pos"":""n"",""jyutping"":""gung1zok3""},{""word"":""經驗"",""pos"":""n"",""jyutping"":""ging1jim6""},{""word"":""好似"",""pos"":""v"",""jyutping"":""hou2ci5""},{""word"":""好似"",""pos"":""v"",""jyutping"":""hou2ci5""},{""word"":"","",""pos"":"""",""jyutping"":null},{""word"":""誒"",""pos"":""e"",""jyutping"":""e6""},{""word"":"","",""pos"":"""",""jyutping"":null},{""word"":""變"",""pos"":""v"",""jyutping"":""bin3""},{""word"":""得"",""pos"":""u"",""jyutping"":""dak1""},{""word"":""個"",""pos"":""q"",""jyutping"":""go3""},{""word"":""人"",""pos"":""n"",""jyutping"":""jan4""},{""word"":""好似"",""pos"":""v"",""jyutping"":""hou2ci5""},{""word"":""好"",""pos"":""d"",""jyutping"":""hou2""},{""word"":""-"",""pos"":"""",""jyutping"":null},{""word"":""太過"",""pos"":""d"",""jyutping"":""taai3gwo3""},{""word"":""簡單"",""pos"":""a"",""jyutping"":""gaan2daan1""},{""word"":""嚹"",""pos"":""y"",""jyutping"":""laa3""},{""word"":""."",""pos"":"""",""jyutping"":null}]"	REQUIRES_EXPERT_CONTEXT_REVIEW
aa84br-a018ca898c435b6c69fd	FC-026_v2.cha	95fb9865802b2cfa9e0b5a593cff800e4a5559f62a4e713ce352f518c0c93e3c	13	171	0	XXJ	adjacent_identical_tokens	有	有有	v1	VERB	jau5	有	v1	jau5	True	True	1	有	v1	VERB	jau5	2	<UTTERANCE_START>	有	<UTTERANCE_START>	有	有有有,十一,二月,十一二日度喇.	嗰次去咗.	哦.	"{""repetitionMode"":""adjacent_identical_tokens"",""baseSurface"":""有"",""matchedSurface"":""有有""}"	"[{""word"":""有"",""pos"":""v1"",""jyutping"":""jau5""},{""word"":""有"",""pos"":""v1"",""jyutping"":""jau5""},{""word"":""有"",""pos"":""v1"",""jyutping"":""jau5""},{""word"":"","",""pos"":"""",""jyutping"":null},{""word"":""十一"",""pos"":""Tg"",""jyutping"":""sap6jat1""},{""word"":"","",""pos"":"""",""jyutping"":null},{""word"":""二"",""pos"":""Tg"",""jyutping"":""ji6""},{""word"":""月"",""pos"":""Tg"",""jyutping"":""jyut6""},{""word"":"","",""pos"":"""",""jyutping"":null},{""word"":""十一"",""pos"":""m"",""jyutping"":""sap6jat1""},{""word"":""二"",""pos"":""m"",""jyutping"":""ji6""},{""word"":""日"",""pos"":""q"",""jyutping"":""jat6""},{""word"":""度"",""pos"":""m"",""jyutping"":""dou2""},{""word"":""喇"",""pos"":""y"",""jyutping"":""laa1""},{""word"":""."",""pos"":"""",""jyutping"":null}]"	REQUIRES_EXPERT_CONTEXT_REVIEW
aa84br-b4b263daab672e102ee7	FC-026_v2.cha	95fb9865802b2cfa9e0b5a593cff800e4a5559f62a4e713ce352f518c0c93e3c	13	275	2	XXJ	internally_repeated_token	少	少少	m	NUM	siu2siu2				False	False							得	喇	得	喇	識得少少喇.	我唔係好識啊.	噉但係嗰度啲人係講乜嘢話呢?	"{""repetitionMode"":""internally_repeated_token"",""baseSurface"":""少"",""matchedSurface"":""少少""}"	"[{""word"":""識"",""pos"":""v"",""jyutping"":""sik1""},{""word"":""得"",""pos"":""u"",""jyutping"":""dak1""},{""word"":""少少"",""pos"":""m"",""jyutping"":""siu2siu2""},{""word"":""喇"",""pos"":""y"",""jyutping"":""laa1""},{""word"":""."",""pos"":"""",""jyutping"":null}]"	REQUIRES_EXPERT_CONTEXT_REVIEW
aa84br-dca8811e9048b65d176b	FC-026_v2.cha	95fb9865802b2cfa9e0b5a593cff800e4a5559f62a4e713ce352f518c0c93e3c	13	293	11	XXJ	internally_repeated_token	少	少少	m	NUM	siu2siu2				False	False							方便	喇	方便	喇	噉變咗第時喺個工作上面就會方便少少喇.	嗯.	同埋-同埋見客囖.	"{""repetitionMode"":""internally_repeated_token"",""baseSurface"":""少"",""matchedSurface"":""少少""}"	"[{""word"":""噉"",""pos"":""c"",""jyutping"":""gam2""},{""word"":""變"",""pos"":""v"",""jyutping"":""bin3""},{""word"":""咗"",""pos"":""u"",""jyutping"":""zo2""},{""word"":""第時"",""pos"":""t"",""jyutping"":""dai6si4""},{""word"":""喺"",""pos"":""p"",""jyutping"":""hai2""},{""word"":""個"",""pos"":""q"",""jyutping"":""go3""},{""word"":""工作"",""pos"":""n"",""jyutping"":""gung1zok3""},{""word"":""上面"",""pos"":""f"",""jyutping"":""soeng6min6""},{""word"":""就"",""pos"":""d"",""jyutping"":""zau6""},{""word"":""會"",""pos"":""vu"",""jyutping"":""wui5""},{""word"":""方便"",""pos"":""a"",""jyutping"":""fong1bin6""},{""word"":""少少"",""pos"":""m"",""jyutping"":""siu2siu2""},{""word"":""喇"",""pos"":""y"",""jyutping"":""laa1""},{""word"":""."",""pos"":"""",""jyutping"":null}]"	REQUIRES_EXPERT_CONTEXT_REVIEW
aa84br-50118b29b059714db0eb	FC-026_v2.cha	95fb9865802b2cfa9e0b5a593cff800e4a5559f62a4e713ce352f518c0c93e3c	13	336	1	XXJ	internally_repeated_token	少	少少	m	NUM	siu2siu2				False	False							誒	喇	誒	喇	誒少少喇,少少喇.	阿Batgirl啊.	都有啲肥啊佢.	"{""repetitionMode"":""internally_repeated_token"",""baseSurface"":""少"",""matchedSurface"":""少少""}"	"[{""word"":""誒"",""pos"":""e"",""jyutping"":""e6""},{""word"":""少少"",""pos"":""m"",""jyutping"":""siu2siu2""},{""word"":""喇"",""pos"":""y"",""jyutping"":""laa1""},{""word"":"","",""pos"":"""",""jyutping"":null},{""word"":""少少"",""pos"":""m"",""jyutping"":""siu2siu2""},{""word"":""喇"",""pos"":""y"",""jyutping"":""laa1""},{""word"":""."",""pos"":"""",""jyutping"":null}]"	REQUIRES_EXPERT_CONTEXT_REVIEW
aa84br-d283aade5e4fcfbd4280	FC-026_v2.cha	95fb9865802b2cfa9e0b5a593cff800e4a5559f62a4e713ce352f518c0c93e3c	13	336	4	XXJ	internally_repeated_token	少	少少	m	NUM	siu2siu2				False	False							,	喇	喇	喇	誒少少喇,少少喇.	阿Batgirl啊.	都有啲肥啊佢.	"{""repetitionMode"":""internally_repeated_token"",""baseSurface"":""少"",""matchedSurface"":""少少""}"	"[{""word"":""誒"",""pos"":""e"",""jyutping"":""e6""},{""word"":""少少"",""pos"":""m"",""jyutping"":""siu2siu2""},{""word"":""喇"",""pos"":""y"",""jyutping"":""laa1""},{""word"":"","",""pos"":"""",""jyutping"":null},{""word"":""少少"",""pos"":""m"",""jyutping"":""siu2siu2""},{""word"":""喇"",""pos"":""y"",""jyutping"":""laa1""},{""word"":""."",""pos"":"""",""jyutping"":null}]"	REQUIRES_EXPERT_CONTEXT_REVIEW
aa84br-a34473dd13fd86c70363	FC-026_v2.cha	95fb9865802b2cfa9e0b5a593cff800e4a5559f62a4e713ce352f518c0c93e3c	13	338	2	XXJ	internally_repeated_token	少	少少	m	NUM	siu2siu2				False	True	1	肥	a	ADJ	fei4	3	喇	肥	喇	肥	係喇少少肥喇,個樣都okay吖,幾靚吖.	都有啲肥啊佢.	個樣幾喇.	"{""repetitionMode"":""internally_repeated_token"",""baseSurface"":""少"",""matchedSurface"":""少少""}"	"[{""word"":""係"",""pos"":""v"",""jyutping"":""hai6""},{""word"":""喇"",""pos"":""y"",""jyutping"":""laa1""},{""word"":""少少"",""pos"":""m"",""jyutping"":""siu2siu2""},{""word"":""肥"",""pos"":""a"",""jyutping"":""fei4""},{""word"":""喇"",""pos"":""y"",""jyutping"":""laa1""},{""word"":"","",""pos"":"""",""jyutping"":null},{""word"":""個"",""pos"":""q"",""jyutping"":""go3""},{""word"":""樣"",""pos"":""n"",""jyutping"":""joeng2""},{""word"":""都"",""pos"":""d"",""jyutping"":""dou1""},{""word"":""okay"",""pos"":""xa"",""jyutping"":null},{""word"":""吖"",""pos"":""y"",""jyutping"":""aa1""},{""word"":"","",""pos"":"""",""jyutping"":null},{""word"":""幾"",""pos"":""d"",""jyutping"":""gei2""},{""word"":""靚"",""pos"":""a"",""jyutping"":""leng3""},{""word"":""吖"",""pos"":""y"",""jyutping"":""aa1""},{""word"":""."",""pos"":"""",""jyutping"":null}]"	REQUIRES_EXPERT_CONTEXT_REVIEW
aa84br-c6daf3cd6662f670cb43	FC-026_v2.cha	95fb9865802b2cfa9e0b5a593cff800e4a5559f62a4e713ce352f518c0c93e3c	13	374	19	XXA	adjacent_identical_tokens	誒	誒誒	e	INTJ	e6	誒	e	e6	False	True	5	冷	a	ADJ	laang5	26	做	,	做	這個	我嗰次去誒喺誒,喺本雜誌度見到呢,話佢做誒誒,這個殺手不太冷嘅冇cut到嗰個版吖嗎.	係啊,係啊,係啊,做嗰啲係比較特別嗰啲戲𠺢嗎係唔係啊?	係咩?	"{""repetitionMode"":""adjacent_identical_tokens"",""baseSurface"":""誒"",""matchedSurface"":""誒誒""}"	"[{""word"":""我"",""pos"":""r"",""jyutping"":""ngo5""},{""word"":""嗰"",""pos"":""r"",""jyutping"":""go2""},{""word"":""次"",""pos"":""q"",""jyutping"":""ci3""},{""word"":""去"",""pos"":""v"",""jyutping"":""heoi3""},{""word"":""誒"",""pos"":""e"",""jyutping"":""e6""},{""word"":""喺"",""pos"":""p"",""jyutping"":""hai2""},{""word"":""誒"",""pos"":""e"",""jyutping"":""e6""},{""word"":"","",""pos"":"""",""jyutping"":null},{""word"":""喺"",""pos"":""p"",""jyutping"":""hai2""},{""word"":""本"",""pos"":""q"",""jyutping"":""bun2""},{""word"":""雜誌"",""pos"":""n"",""jyutping"":""zaap6zi3""},{""word"":""度"",""pos"":""f"",""jyutping"":""dou6""},{""word"":""見"",""pos"":""v"",""jyutping"":""gin3""},{""word"":""到"",""pos"":""u"",""jyutping"":""dou2""},{""word"":""呢"",""pos"":""y"",""jyutping"":""ne1""},{""word"":"","",""pos"":"""",""jyutping"":null},{""word"":""話"",""pos"":""v"",""jyutping"":""waa6""},{""word"":""佢"",""pos"":""r"",""jyutping"":""keoi5""},{""word"":""做"",""pos"":""v"",""jyutping"":""zou6""},{""word"":""誒"",""pos"":""e"",""jyutping"":""e6""},{""word"":""誒"",""pos"":""e"",""jyutping"":""e6""},{""word"":"","",""pos"":"""",""jyutping"":null},{""word"":""這個"",""pos"":""r"",""jyutping"":""ze2go3""},{""word"":""殺手"",""pos"":""n"",""jyutping"":""saat3sau2""},{""word"":""不"",""pos"":""d"",""jyutping"":""bat1""},{""word"":""太"",""pos"":""d"",""jyutping"":""taai3""},{""word"":""冷"",""pos"":""a"",""jyutping"":""laang5""},{""word"":""嘅"",""pos"":""u"",""jyutping"":""ge3""},{""word"":""冇"",""pos"":""v1"",""jyutping"":""mou5""},{""word"":""cut"",""pos"":""xv"",""jyutping"":null},{""word"":""到"",""pos"":""p"",""jyutping"":""dou3""},{""word"":""嗰個"",""pos"":""r"",""jyutping"":""go2go3""},{""word"":""版"",""pos"":""n"",""jyutping"":""baan2""},{""word"":""吖"",""pos"":""y"",""jyutping"":""aa1""},{""word"":""嗎"",""pos"":""y"",""jyutping"":""maa3""},{""word"":""."",""pos"":"""",""jyutping"":null}]"	REQUIRES_EXPERT_CONTEXT_REVIEW
aa84br-6e39151774b2e3db8f02	FC-026_v2.cha	95fb9865802b2cfa9e0b5a593cff800e4a5559f62a4e713ce352f518c0c93e3c	13	454	6	XXA	adjacent_identical_tokens	真係	真係真係	d	ADV	zan1hai6	真係	d	zan1hai6	False	True	1	無謂	a	ADJ	mou4wai6	8	,	無謂	囖	無謂	所有就係噉樣囖,真係真係無謂講我啲乜嘢嗰啲好勁啊嗰啲呢,完全係唔係𡃉.	哎吔好啊.	與事實不符.	"{""repetitionMode"":""adjacent_identical_tokens"",""baseSurface"":""真係"",""matchedSurface"":""真係真係""}"	"[{""word"":""所有"",""pos"":""b"",""jyutping"":""so2jau5""},{""word"":""就"",""pos"":""d"",""jyutping"":""zau6""},{""word"":""係"",""pos"":""v"",""jyutping"":""hai6""},{""word"":""噉樣"",""pos"":""r"",""jyutping"":""gam2joeng2""},{""word"":""囖"",""pos"":""y"",""jyutping"":""lo1""},{""word"":"","",""pos"":"""",""jyutping"":null},{""word"":""真係"",""pos"":""d"",""jyutping"":""zan1hai6""},{""word"":""真係"",""pos"":""d"",""jyutping"":""zan1hai6""},{""word"":""無謂"",""pos"":""a"",""jyutping"":""mou4wai6""},{""word"":""講"",""pos"":""v"",""jyutping"":""gong2""},{""word"":""我"",""pos"":""r"",""jyutping"":""ngo5""},{""word"":""啲"",""pos"":""q"",""jyutping"":""di1""},{""word"":""乜嘢"",""pos"":""r"",""jyutping"":""mat1je5""},{""word"":""嗰啲"",""pos"":""r"",""jyutping"":""go2di1""},{""word"":""好"",""pos"":""d"",""jyutping"":""hou2""},{""word"":""勁"",""pos"":""a"",""jyutping"":""ging6""},{""word"":""啊"",""pos"":""y1"",""jyutping"":""aa3""},{""word"":""嗰啲"",""pos"":""r"",""jyutping"":""go2di1""},{""word"":""呢"",""pos"":""y1"",""jyutping"":""ne1""},{""word"":"","",""pos"":"""",""jyutping"":null},{""word"":""完全"",""pos"":""d"",""jyutping"":""jyun4cyun4""},{""word"":""係"",""pos"":""v"",""jyutping"":""hai6""},{""word"":""唔係"",""pos"":""v"",""jyutping"":""m4hai6""},{""word"":""𡃉"",""pos"":""y"",""jyutping"":""gaa3""},{""word"":""."",""pos"":"""",""jyutping"":null}]"	REQUIRES_EXPERT_CONTEXT_REVIEW
aa84br-36574c822f5ed1d4efd1	FC-027_v2.cha	9021e0359557933ce4bd11e41871d555174f7fccc84bc0c4fb5ad7542f1a2dd1	14	239	0	XXA	adjacent_identical_tokens	B	BB	nx	NOUN		B	nx		True	True	4	可以	vu	AUX	ho2ji5	5	<UTTERANCE_START>	C	<UTTERANCE_START>	C	BBCC已經可以𡃉嚹.	有啲B都夠𡃉嚹喎.	係啊.	"{""repetitionMode"":""adjacent_identical_tokens"",""baseSurface"":""B"",""matchedSurface"":""BB""}"	"[{""word"":""B"",""pos"":""nx"",""jyutping"":null},{""word"":""B"",""pos"":""nx"",""jyutping"":null},{""word"":""C"",""pos"":""nx"",""jyutping"":null},{""word"":""C"",""pos"":""nx"",""jyutping"":null},{""word"":""已經"",""pos"":""d"",""jyutping"":""ji5ging1""},{""word"":""可以"",""pos"":""vu"",""jyutping"":""ho2ji5""},{""word"":""𡃉"",""pos"":""y"",""jyutping"":""gaa3""},{""word"":""嚹"",""pos"":""y"",""jyutping"":""laa3""},{""word"":""."",""pos"":"""",""jyutping"":null}]"	REQUIRES_EXPERT_CONTEXT_REVIEW
aa84br-1ca7edd222cd9367796b	FC-027_v2.cha	9021e0359557933ce4bd11e41871d555174f7fccc84bc0c4fb5ad7542f1a2dd1	14	239	2	XXA	adjacent_identical_tokens	C	CC	nx	NOUN		C	nx		False	True	2	可以	vu	AUX	ho2ji5	5	B	已經	B	已經	BBCC已經可以𡃉嚹.	有啲B都夠𡃉嚹喎.	係啊.	"{""repetitionMode"":""adjacent_identical_tokens"",""baseSurface"":""C"",""matchedSurface"":""CC""}"	"[{""word"":""B"",""pos"":""nx"",""jyutping"":null},{""word"":""B"",""pos"":""nx"",""jyutping"":null},{""word"":""C"",""pos"":""nx"",""jyutping"":null},{""word"":""C"",""pos"":""nx"",""jyutping"":null},{""word"":""已經"",""pos"":""d"",""jyutping"":""ji5ging1""},{""word"":""可以"",""pos"":""vu"",""jyutping"":""ho2ji5""},{""word"":""𡃉"",""pos"":""y"",""jyutping"":""gaa3""},{""word"":""嚹"",""pos"":""y"",""jyutping"":""laa3""},{""word"":""."",""pos"":"""",""jyutping"":null}]"	REQUIRES_EXPERT_CONTEXT_REVIEW
aa84br-0ff35332dfa1ab022adf	FC-027_v2.cha	9021e0359557933ce4bd11e41871d555174f7fccc84bc0c4fb5ad7542f1a2dd1	14	404	0	XXA	internally_repeated_token	啱	啱啱	d	ADV	aam1aam1				True	True	3	調轉	v	VERB	diu6zyun3	3	<UTTERANCE_START>	同	<UTTERANCE_START>	同	啱啱同我調轉.	不過A咗兩-,Apapertwopaperthree.	係咩?	"{""repetitionMode"":""internally_repeated_token"",""baseSurface"":""啱"",""matchedSurface"":""啱啱""}"	"[{""word"":""啱啱"",""pos"":""d"",""jyutping"":""aam1aam1""},{""word"":""同"",""pos"":""p"",""jyutping"":""tung4""},{""word"":""我"",""pos"":""r"",""jyutping"":""ngo5""},{""word"":""調轉"",""pos"":""v"",""jyutping"":""diu6zyun3""},{""word"":""."",""pos"":"""",""jyutping"":null}]"	REQUIRES_EXPERT_CONTEXT_REVIEW
aa84br-aedb2d3dea57585f1006	FC-027_v2.cha	9021e0359557933ce4bd11e41871d555174f7fccc84bc0c4fb5ad7542f1a2dd1	14	425	2	XXA	internally_repeated_token	本	本本	q	NOUN	bun2bun2				False	True	3	會	vu	AUX	wui5	5	而家	便利	而家	便利	嘿而家本本便利都會見到好多人𡃉喇.	嗰日喺一本便利見到Jacky喎.	就係囖.	"{""repetitionMode"":""internally_repeated_token"",""baseSurface"":""本"",""matchedSurface"":""本本""}"	"[{""word"":""嘿"",""pos"":""e"",""jyutping"":""hei3""},{""word"":""而家"",""pos"":""t"",""jyutping"":""ji4gaa1""},{""word"":""本本"",""pos"":""q"",""jyutping"":""bun2bun2""},{""word"":""便利"",""pos"":""nz"",""jyutping"":""bin6lei6""},{""word"":""都"",""pos"":""d"",""jyutping"":""dou1""},{""word"":""會"",""pos"":""vu"",""jyutping"":""wui5""},{""word"":""見"",""pos"":""v"",""jyutping"":""gin3""},{""word"":""到"",""pos"":""u"",""jyutping"":""dou2""},{""word"":""好多"",""pos"":""m"",""jyutping"":""hou2do1""},{""word"":""人"",""pos"":""n"",""jyutping"":""jan4""},{""word"":""𡃉"",""pos"":""y"",""jyutping"":""gaa3""},{""word"":""喇"",""pos"":""y"",""jyutping"":""laa1""},{""word"":""."",""pos"":"""",""jyutping"":null}]"	REQUIRES_EXPERT_CONTEXT_REVIEW
aa84br-235aee4a0208b384c2aa	FC-027_v2.cha	9021e0359557933ce4bd11e41871d555174f7fccc84bc0c4fb5ad7542f1a2dd1	14	537	3	XXB	internally_repeated_token	個	個個	q	NOUN	go3go3				False	False							佢哋	個	佢哋	個	我覺得佢哋個個個樣都差唔多.	係喇.	高度又差唔多噉樣.	"{""repetitionMode"":""internally_repeated_token"",""baseSurface"":""個"",""matchedSurface"":""個個""}"	"[{""word"":""我"",""pos"":""r"",""jyutping"":""ngo5""},{""word"":""覺得"",""pos"":""v"",""jyutping"":""gok3dak1""},{""word"":""佢哋"",""pos"":""r"",""jyutping"":""keoi5dei6""},{""word"":""個個"",""pos"":""q"",""jyutping"":""go3go3""},{""word"":""個"",""pos"":""q"",""jyutping"":""go3""},{""word"":""樣"",""pos"":""n"",""jyutping"":""joeng2""},{""word"":""都"",""pos"":""d"",""jyutping"":""dou1""},{""word"":""差唔多"",""pos"":""d"",""jyutping"":""caa1m4do1""},{""word"":""."",""pos"":"""",""jyutping"":null}]"	REQUIRES_EXPERT_CONTEXT_REVIEW
aa84br-0040e645cfa057b0f4e9	FC-027_v2.cha	9021e0359557933ce4bd11e41871d555174f7fccc84bc0c4fb5ad7542f1a2dd1	14	584	1	XXA	adjacent_identical_tokens	返	返返	v	VERB	faan1	返	u	faan1	False	True	1	來	v	VERB	lai4	3	跟住	來	跟住	來	跟住返返來屋企玩.	哦.	有冇睇戲啊?	"{""repetitionMode"":""adjacent_identical_tokens"",""baseSurface"":""返"",""matchedSurface"":""返返""}"	"[{""word"":""跟住"",""pos"":""c"",""jyutping"":""gan1zyu6""},{""word"":""返"",""pos"":""v"",""jyutping"":""faan1""},{""word"":""返"",""pos"":""u"",""jyutping"":""faan1""},{""word"":""來"",""pos"":""v"",""jyutping"":""lai4""},{""word"":""屋企"",""pos"":""n"",""jyutping"":""uk1kei2""},{""word"":""玩"",""pos"":""v"",""jyutping"":""waan2""},{""word"":""."",""pos"":"""",""jyutping"":null}]"	REQUIRES_EXPERT_CONTEXT_REVIEW
aa84br-9e0bde00f47dd38c1637	FC-027_v2.cha	9021e0359557933ce4bd11e41871d555174f7fccc84bc0c4fb5ad7542f1a2dd1	14	666	0	XXA	adjacent_identical_tokens	識	識識	v	VERB	sik1	識	v	sik1	True	True	3	識	v	VERB	sik1	4	<UTTERANCE_START>	下	<UTTERANCE_START>	下	識識下𠻺識晒𡃉喇自然就.	唔係D𠻺E噉撈來撈去.	哦,佢哋都真係幾好𠸏講真.	"{""repetitionMode"":""adjacent_identical_tokens"",""baseSurface"":""識"",""matchedSurface"":""識識""}"	"[{""word"":""識"",""pos"":""v"",""jyutping"":""sik1""},{""word"":""識"",""pos"":""v"",""jyutping"":""sik1""},{""word"":""下"",""pos"":""u"",""jyutping"":""haa5""},{""word"":""𠻺"",""pos"":""d"",""jyutping"":""aa6""},{""word"":""識"",""pos"":""v"",""jyutping"":""sik1""},{""word"":""晒"",""pos"":""u"",""jyutping"":""saai3""},{""word"":""𡃉"",""pos"":""y"",""jyutping"":""gaa3""},{""word"":""喇"",""pos"":""y"",""jyutping"":""laa1""},{""word"":""自然"",""pos"":""a"",""jyutping"":""zi6jin4""},{""word"":""就"",""pos"":""d"",""jyutping"":""zau6""},{""word"":""."",""pos"":"""",""jyutping"":null}]"	REQUIRES_EXPERT_CONTEXT_REVIEW
aa84br-02e211169083b4c89a9f	FC-027_v2.cha	9021e0359557933ce4bd11e41871d555174f7fccc84bc0c4fb5ad7542f1a2dd1	14	706	0	XXA	internally_repeated_token	日	日日	q	NOUN	jat6jat6				True	True	2	揾	v	VERB	wan2	2	<UTTERANCE_START>	都	<UTTERANCE_START>	都	日日都揾唔到.	點解呢?	點解?	"{""repetitionMode"":""internally_repeated_token"",""baseSurface"":""日"",""matchedSurface"":""日日""}"	"[{""word"":""日日"",""pos"":""q"",""jyutping"":""jat6jat6""},{""word"":""都"",""pos"":""d"",""jyutping"":""dou1""},{""word"":""揾"",""pos"":""v"",""jyutping"":""wan2""},{""word"":""唔"",""pos"":""d"",""jyutping"":""m4""},{""word"":""到"",""pos"":""u"",""jyutping"":""dou2""},{""word"":""."",""pos"":"""",""jyutping"":null}]"	REQUIRES_EXPERT_CONTEXT_REVIEW
aa84br-f4ef665705e1cb1b69f6	FC-027_v2.cha	9021e0359557933ce4bd11e41871d555174f7fccc84bc0c4fb5ad7542f1a2dd1	14	711	0	XXA	internally_repeated_token	個	個個	r	PRON	go3go3				True	True	1	去	v	VERB	heoi3	1	<UTTERANCE_START>	去	<UTTERANCE_START>	去	個個去完外國返來都返工.	係.	你哋但係你哋唔係好friend嘅咩?	"{""repetitionMode"":""internally_repeated_token"",""baseSurface"":""個"",""matchedSurface"":""個個""}"	"[{""word"":""個個"",""pos"":""r"",""jyutping"":""go3go3""},{""word"":""去"",""pos"":""v"",""jyutping"":""heoi3""},{""word"":""完"",""pos"":""u"",""jyutping"":""jyun4""},{""word"":""外國"",""pos"":""n"",""jyutping"":""ngoi6gwok3""},{""word"":""返來"",""pos"":""v"",""jyutping"":""faan1lei4""},{""word"":""都"",""pos"":""d"",""jyutping"":""dou1""},{""word"":""返工"",""pos"":""v"",""jyutping"":""faan1gung1""},{""word"":""."",""pos"":"""",""jyutping"":null}]"	REQUIRES_EXPERT_CONTEXT_REVIEW
aa84br-866254ce31b1b2d88dc4	FC-028_v2.cha	1c64c3e02fa481dcad61f4e9c85b8efe724799e910fc96fc24504bf15be32d2a	15	126	8	XXB	adjacent_identical_tokens	如果	如果如果	c	CCONJ	jyu4gwo2	如果	c	jyu4gwo2	False	True	2	去	v	VERB	heoi3	11	!	我	嗱	我	我射得入喇!嗱!如果如果我去到佢嗰度射波.	搞錯啊.	你講呀?	"{""repetitionMode"":""adjacent_identical_tokens"",""baseSurface"":""如果"",""matchedSurface"":""如果如果""}"	"[{""word"":""我"",""pos"":""r"",""jyutping"":""ngo5""},{""word"":""射"",""pos"":""v"",""jyutping"":""se6""},{""word"":""得"",""pos"":""u"",""jyutping"":""dak1""},{""word"":""入"",""pos"":""v"",""jyutping"":""jap6""},{""word"":""喇"",""pos"":""y"",""jyutping"":""laa1""},{""word"":""!"",""pos"":"""",""jyutping"":null},{""word"":""嗱"",""pos"":""y"",""jyutping"":""laa4""},{""word"":""!"",""pos"":"""",""jyutping"":null},{""word"":""如果"",""pos"":""c"",""jyutping"":""jyu4gwo2""},{""word"":""如果"",""pos"":""c"",""jyutping"":""jyu4gwo2""},{""word"":""我"",""pos"":""r"",""jyutping"":""ngo5""},{""word"":""去"",""pos"":""v"",""jyutping"":""heoi3""},{""word"":""到"",""pos"":""p"",""jyutping"":""dou3""},{""word"":""佢"",""pos"":""r"",""jyutping"":""keoi5""},{""word"":""嗰度"",""pos"":""r"",""jyutping"":""go2dou6""},{""word"":""射"",""pos"":""v"",""jyutping"":""se6""},{""word"":""波"",""pos"":""n"",""jyutping"":""bo1""},{""word"":""."",""pos"":"""",""jyutping"":null}]"	REQUIRES_EXPERT_CONTEXT_REVIEW
aa84br-ff2ff53c38994a4f3259	FC-028_v2.cha	1c64c3e02fa481dcad61f4e9c85b8efe724799e910fc96fc24504bf15be32d2a	15	185	1	XXB	internally_repeated_token	少	少少	m	NUM	siu2siu2				False	False							有	噉	有	噉	有少少噉嘅意思喇.	即係噉講.	喀.	"{""repetitionMode"":""internally_repeated_token"",""baseSurface"":""少"",""matchedSurface"":""少少""}"	"[{""word"":""有"",""pos"":""v1"",""jyutping"":""jau5""},{""word"":""少少"",""pos"":""m"",""jyutping"":""siu2siu2""},{""word"":""噉"",""pos"":""r"",""jyutping"":""gam2""},{""word"":""嘅"",""pos"":""u"",""jyutping"":""ge3""},{""word"":""意思"",""pos"":""n"",""jyutping"":""ji3si1""},{""word"":""喇"",""pos"":""y"",""jyutping"":""laa1""},{""word"":""."",""pos"":"""",""jyutping"":null}]"	REQUIRES_EXPERT_CONTEXT_REVIEW
aa84br-c6d4eebf0bb2919b29cf	FC-028_v2.cha	1c64c3e02fa481dcad61f4e9c85b8efe724799e910fc96fc24504bf15be32d2a	15	187	16	XXB	adjacent_identical_tokens	唔係	唔係唔係	v	VERB	m4hai6	唔係	v	m4hai6	False	True	2	冇	v1	VERB	mou5	20	""""	,	話	都	"啞!唔係,唔係,跟住佢又-即係兜返又話""唔係唔係,都冇乜咩𠸏,冇乜特別嘢𠸏."	喀.	喀.	"{""repetitionMode"":""adjacent_identical_tokens"",""baseSurface"":""唔係"",""matchedSurface"":""唔係唔係""}"	"[{""word"":""啞"",""pos"":""o"",""jyutping"":""aa5""},{""word"":""!"",""pos"":"""",""jyutping"":null},{""word"":""唔係"",""pos"":""v"",""jyutping"":""m4hai6""},{""word"":"","",""pos"":"""",""jyutping"":null},{""word"":""唔係"",""pos"":""v"",""jyutping"":""m4hai6""},{""word"":"","",""pos"":"""",""jyutping"":null},{""word"":""跟住"",""pos"":""c"",""jyutping"":""gan1zyu6""},{""word"":""佢"",""pos"":""r"",""jyutping"":""keoi5""},{""word"":""又"",""pos"":""d"",""jyutping"":""jau6""},{""word"":""-"",""pos"":"""",""jyutping"":null},{""word"":""即係"",""pos"":""c"",""jyutping"":""zik1hai6""},{""word"":""兜"",""pos"":""v"",""jyutping"":""dau1""},{""word"":""返"",""pos"":""u"",""jyutping"":""faan1""},{""word"":""又"",""pos"":""d"",""jyutping"":""jau6""},{""word"":""話"",""pos"":""v"",""jyutping"":""waa6""},{""word"":""\"""",""pos"":"""",""jyutping"":null},{""word"":""唔係"",""pos"":""v"",""jyutping"":""m4hai6""},{""word"":""唔係"",""pos"":""v"",""jyutping"":""m4hai6""},{""word"":"","",""pos"":"""",""jyutping"":null},{""word"":""都"",""pos"":""d"",""jyutping"":""dou1""},{""word"":""冇"",""pos"":""v1"",""jyutping"":""mou5""},{""word"":""乜"",""pos"":""r"",""jyutping"":""mat1""},{""word"":""咩"",""pos"":""r"",""jyutping"":""me1""},{""word"":""𠸏"",""pos"":""y"",""jyutping"":""ge2""},{""word"":"","",""pos"":"""",""jyutping"":null},{""word"":""冇"",""pos"":""v1"",""jyutping"":""mou5""},{""word"":""乜"",""pos"":""r"",""jyutping"":""mat1""},{""word"":""特別"",""pos"":""d"",""jyutping"":""dak6bit6""},{""word"":""嘢"",""pos"":""n"",""jyutping"":""je5""},{""word"":""𠸏"",""pos"":""y"",""jyutping"":""ge2""},{""word"":""."",""pos"":"""",""jyutping"":null}]"	REQUIRES_EXPERT_CONTEXT_REVIEW
aa84br-1f7a806e896c124096e4	FC-028_v2.cha	1c64c3e02fa481dcad61f4e9c85b8efe724799e910fc96fc24504bf15be32d2a	15	269	0	XXB	internally_repeated_token	個	個個	q	NOUN	go3go3				True	True	2	教書	v	VERB	gaau3syu1	2	<UTTERANCE_START>	都	<UTTERANCE_START>	都	個個都教書.	係啊.	小學?	"{""repetitionMode"":""internally_repeated_token"",""baseSurface"":""個"",""matchedSurface"":""個個""}"	"[{""word"":""個個"",""pos"":""q"",""jyutping"":""go3go3""},{""word"":""都"",""pos"":""d"",""jyutping"":""dou1""},{""word"":""教書"",""pos"":""v"",""jyutping"":""gaau3syu1""},{""word"":""."",""pos"":"""",""jyutping"":null}]"	REQUIRES_EXPERT_CONTEXT_REVIEW
aa84br-14ad19120ba9448565fe	FC-028_v2.cha	1c64c3e02fa481dcad61f4e9c85b8efe724799e910fc96fc24504bf15be32d2a	15	325	5	XXB	adjacent_identical_tokens	繼續	繼續繼續	v	VERB	gai3zuk6	繼續	v	gai3zuk6	False	True	1	支持	v	VERB	zi1ci4	7	,	支持	投	支持	下年轉投-,繼續繼續支持曼聯.	轉投利物浦喇.	點解啊?	"{""repetitionMode"":""adjacent_identical_tokens"",""baseSurface"":""繼續"",""matchedSurface"":""繼續繼續""}"	"[{""word"":""下年"",""pos"":""t"",""jyutping"":""haa6nin2""},{""word"":""轉"",""pos"":""v"",""jyutping"":""zyun2""},{""word"":""投"",""pos"":""v"",""jyutping"":""tau4""},{""word"":""-"",""pos"":"""",""jyutping"":null},{""word"":"","",""pos"":"""",""jyutping"":null},{""word"":""繼續"",""pos"":""v"",""jyutping"":""gai3zuk6""},{""word"":""繼續"",""pos"":""v"",""jyutping"":""gai3zuk6""},{""word"":""支持"",""pos"":""v"",""jyutping"":""zi1ci4""},{""word"":""曼聯"",""pos"":""nt"",""jyutping"":""maan6lyun4""},{""word"":""."",""pos"":"""",""jyutping"":null}]"	REQUIRES_EXPERT_CONTEXT_REVIEW
aa84br-10a32240453d96827e89	FC-028_v2.cha	1c64c3e02fa481dcad61f4e9c85b8efe724799e910fc96fc24504bf15be32d2a	15	388	7	XXB	internally_repeated_token	少	少少	m	NUM	siu2siu2				False	False							佢	喇	佢	喇	喂!靚仔都靚仔過佢少少喇起碼.	唉!係喎,真係吖,都啱嘅,都啱嘅.	你都真係唔識嘢.	"{""repetitionMode"":""internally_repeated_token"",""baseSurface"":""少"",""matchedSurface"":""少少""}"	"[{""word"":""喂"",""pos"":""e"",""jyutping"":""wai3""},{""word"":""!"",""pos"":"""",""jyutping"":null},{""word"":""靚仔"",""pos"":""a"",""jyutping"":""leng3zai2""},{""word"":""都"",""pos"":""d"",""jyutping"":""dou1""},{""word"":""靚仔"",""pos"":""a"",""jyutping"":""leng3zai2""},{""word"":""過"",""pos"":""u"",""jyutping"":""gwo3""},{""word"":""佢"",""pos"":""r"",""jyutping"":""keoi5""},{""word"":""少少"",""pos"":""m"",""jyutping"":""siu2siu2""},{""word"":""喇"",""pos"":""y"",""jyutping"":""laa1""},{""word"":""起碼"",""pos"":""d"",""jyutping"":""hei2maa5""},{""word"":""."",""pos"":"""",""jyutping"":null}]"	REQUIRES_EXPERT_CONTEXT_REVIEW
aa84br-3c984f69848f87c38a79	FC-028_v2.cha	1c64c3e02fa481dcad61f4e9c85b8efe724799e910fc96fc24504bf15be32d2a	15	439	4	XXB	adjacent_identical_tokens	次	次次	q	NOUN	ci3	次	q	ci3	False	True	1	輸	v	VERB	syu1	6	波	輸	波	輸	你捧隊波次次輸好似英格蘭噉點搞啊?	贏𠻺得𡃉喇最緊要.	好彩我唔係捧英格蘭嘅唧.	"{""repetitionMode"":""adjacent_identical_tokens"",""baseSurface"":""次"",""matchedSurface"":""次次""}"	"[{""word"":""你"",""pos"":""r"",""jyutping"":""nei5""},{""word"":""捧"",""pos"":""v"",""jyutping"":""pung2""},{""word"":""隊"",""pos"":""q"",""jyutping"":""deoi6""},{""word"":""波"",""pos"":""n"",""jyutping"":""bo1""},{""word"":""次"",""pos"":""q"",""jyutping"":""ci3""},{""word"":""次"",""pos"":""q"",""jyutping"":""ci3""},{""word"":""輸"",""pos"":""v"",""jyutping"":""syu1""},{""word"":""好似"",""pos"":""v"",""jyutping"":""hou2ci5""},{""word"":""英格蘭"",""pos"":""nt"",""jyutping"":""jing1gaak3laan4""},{""word"":""噉"",""pos"":""r"",""jyutping"":""gam2""},{""word"":""點"",""pos"":""r"",""jyutping"":""dim2""},{""word"":""搞"",""pos"":""v"",""jyutping"":""gaau2""},{""word"":""啊"",""pos"":""y"",""jyutping"":""aa3""},{""word"":""?"",""pos"":"""",""jyutping"":null}]"	REQUIRES_EXPERT_CONTEXT_REVIEW
aa84br-1273add89d6d97030917	FC-028_v2.cha	1c64c3e02fa481dcad61f4e9c85b8efe724799e910fc96fc24504bf15be32d2a	15	449	0	XXA	internally_repeated_token	個	個個	q	NOUN	go3go3				True	True	3	勁	a	ADJ	ging6	3	<UTTERANCE_START>	都	<UTTERANCE_START>	都	個個都咁勁啊.	邊個正啊?	你鍾意邊個唧?	"{""repetitionMode"":""internally_repeated_token"",""baseSurface"":""個"",""matchedSurface"":""個個""}"	"[{""word"":""個個"",""pos"":""q"",""jyutping"":""go3go3""},{""word"":""都"",""pos"":""d"",""jyutping"":""dou1""},{""word"":""咁"",""pos"":""d"",""jyutping"":""gam3""},{""word"":""勁"",""pos"":""a"",""jyutping"":""ging6""},{""word"":""啊"",""pos"":""y"",""jyutping"":""aa3""},{""word"":""."",""pos"":"""",""jyutping"":null}]"	REQUIRES_EXPERT_CONTEXT_REVIEW
aa84br-e25822cac5fdf8b7480d	FC-028_v2.cha	1c64c3e02fa481dcad61f4e9c85b8efe724799e910fc96fc24504bf15be32d2a	15	451	0	XXA	internally_repeated_token	個	個個	q	NOUN	go3go3				True	True	3	勁	a	ADJ	ging6	3	<UTTERANCE_START>	都	<UTTERANCE_START>	都	個個都咁勁.	你鍾意邊個唧?	你鍾意邊個唧?	"{""repetitionMode"":""internally_repeated_token"",""baseSurface"":""個"",""matchedSurface"":""個個""}"	"[{""word"":""個個"",""pos"":""q"",""jyutping"":""go3go3""},{""word"":""都"",""pos"":""d"",""jyutping"":""dou1""},{""word"":""咁"",""pos"":""d"",""jyutping"":""gam3""},{""word"":""勁"",""pos"":""a"",""jyutping"":""ging6""},{""word"":""."",""pos"":"""",""jyutping"":null}]"	REQUIRES_EXPERT_CONTEXT_REVIEW
aa84br-b9a3ac9abbd8ee835cac	FC-028_v2.cha	1c64c3e02fa481dcad61f4e9c85b8efe724799e910fc96fc24504bf15be32d2a	15	506	7	XXB	internally_repeated_token	個	個個	q	NOUN	go3go3				False	True	3	掂	a	ADJ	dim6	10	,	都	球員	都	都冇球星,冇球員,個個都唔掂噉好似.	點解冇呢噉樣?	奇連士文囖.	"{""repetitionMode"":""internally_repeated_token"",""baseSurface"":""個"",""matchedSurface"":""個個""}"	"[{""word"":""都"",""pos"":""d"",""jyutping"":""dou1""},{""word"":""冇"",""pos"":""v1"",""jyutping"":""mou5""},{""word"":""球星"",""pos"":""n"",""jyutping"":""kau4sing1""},{""word"":"","",""pos"":"""",""jyutping"":null},{""word"":""冇"",""pos"":""v1"",""jyutping"":""mou5""},{""word"":""球員"",""pos"":""n"",""jyutping"":""kau4jyun4""},{""word"":"","",""pos"":"""",""jyutping"":null},{""word"":""個個"",""pos"":""q"",""jyutping"":""go3go3""},{""word"":""都"",""pos"":""d"",""jyutping"":""dou1""},{""word"":""唔"",""pos"":""d"",""jyutping"":""m4""},{""word"":""掂"",""pos"":""a"",""jyutping"":""dim6""},{""word"":""噉"",""pos"":""r"",""jyutping"":""gam2""},{""word"":""好似"",""pos"":""v"",""jyutping"":""hou2ci5""},{""word"":""."",""pos"":"""",""jyutping"":null}]"	REQUIRES_EXPERT_CONTEXT_REVIEW
aa84br-e4d0b1d318a00a4c4715	FC-028_v2.cha	1c64c3e02fa481dcad61f4e9c85b8efe724799e910fc96fc24504bf15be32d2a	15	514	2	XXA	internally_repeated_token	等	等等	v	VERB	dang2dang2				False	False							我哋	佢	我哋	佢	一係我哋等等佢先喇.	老爺好遲囖.	等等佢,你錄完未唧?	"{""repetitionMode"":""internally_repeated_token"",""baseSurface"":""等"",""matchedSurface"":""等等""}"	"[{""word"":""一係"",""pos"":""d"",""jyutping"":""jat1hai6""},{""word"":""我哋"",""pos"":""r"",""jyutping"":""ngo5dei6""},{""word"":""等等"",""pos"":""v"",""jyutping"":""dang2dang2""},{""word"":""佢"",""pos"":""r"",""jyutping"":""keoi5""},{""word"":""先"",""pos"":""d"",""jyutping"":""sin1""},{""word"":""喇"",""pos"":""y"",""jyutping"":""laa1""},{""word"":""."",""pos"":"""",""jyutping"":null}]"	REQUIRES_EXPERT_CONTEXT_REVIEW
aa84br-755e6f8c2892c8aeb7d5	FC-028_v2.cha	1c64c3e02fa481dcad61f4e9c85b8efe724799e910fc96fc24504bf15be32d2a	15	515	0	XXB	internally_repeated_token	等	等等	v	VERB	dang2dang2				True	True	3	錄	v	VERB	luk6	4	<UTTERANCE_START>	佢	<UTTERANCE_START>	佢	等等佢,你錄完未唧?	一係我哋等等佢先喇.	唔好錄喇一係,等埋佢先.	"{""repetitionMode"":""internally_repeated_token"",""baseSurface"":""等"",""matchedSurface"":""等等""}"	"[{""word"":""等等"",""pos"":""v"",""jyutping"":""dang2dang2""},{""word"":""佢"",""pos"":""r"",""jyutping"":""keoi5""},{""word"":"","",""pos"":"""",""jyutping"":null},{""word"":""你"",""pos"":""r"",""jyutping"":""nei5""},{""word"":""錄"",""pos"":""v"",""jyutping"":""luk6""},{""word"":""完"",""pos"":""u"",""jyutping"":""jyun4""},{""word"":""未"",""pos"":""d"",""jyutping"":""mei6""},{""word"":""唧"",""pos"":""y"",""jyutping"":""zek1""},{""word"":""?"",""pos"":"""",""jyutping"":null}]"	REQUIRES_EXPERT_CONTEXT_REVIEW
aa84br-8bd3a2a7a14dc2966aef	FC-029_v.cha	f2a94065a152941f5cea9ec552fd343fb65c0c8532dda4c7b5b914b449d06f86	16	35	9	XXA	internally_repeated_token	少	少少	m	NUM	siu2siu2				False	True	2	係	v	VERB	hai6	11	貴	都	貴	都	噉𠻺係,都係貴-貴少少都係好𠸏.	係啊.	係啊.	"{""repetitionMode"":""internally_repeated_token"",""baseSurface"":""少"",""matchedSurface"":""少少""}"	"[{""word"":""噉"",""pos"":""c"",""jyutping"":""gam2""},{""word"":""𠻺"",""pos"":""d"",""jyutping"":""aa6""},{""word"":""係"",""pos"":""v"",""jyutping"":""hai6""},{""word"":"","",""pos"":"""",""jyutping"":null},{""word"":""都"",""pos"":""d"",""jyutping"":""dou1""},{""word"":""係"",""pos"":""v"",""jyutping"":""hai6""},{""word"":""貴"",""pos"":""a"",""jyutping"":""gwai3""},{""word"":""-"",""pos"":"""",""jyutping"":null},{""word"":""貴"",""pos"":""a"",""jyutping"":""gwai3""},{""word"":""少少"",""pos"":""m"",""jyutping"":""siu2siu2""},{""word"":""都"",""pos"":""d"",""jyutping"":""dou1""},{""word"":""係"",""pos"":""v"",""jyutping"":""hai6""},{""word"":""好"",""pos"":""a"",""jyutping"":""hou2""},{""word"":""𠸏"",""pos"":""y"",""jyutping"":""ge2""},{""word"":""."",""pos"":"""",""jyutping"":null}]"	REQUIRES_EXPERT_CONTEXT_REVIEW
aa84br-854686b7224869653095	FC-029_v.cha	f2a94065a152941f5cea9ec552fd343fb65c0c8532dda4c7b5b914b449d06f86	16	57	1	XXA	internally_repeated_token	c.	c.c.	xq	NOUN					False	False							千三	.	千三	<UTTERANCE_END>	千三c.c..	唔想-唔想同哩啲人做交易啊.	千三c.c.?	"{""repetitionMode"":""internally_repeated_token"",""baseSurface"":""c."",""matchedSurface"":""c.c.""}"	"[{""word"":""千三"",""pos"":""m"",""jyutping"":""cin1saam1""},{""word"":""c.c."",""pos"":""xq"",""jyutping"":null},{""word"":""."",""pos"":"""",""jyutping"":null}]"	REQUIRES_EXPERT_CONTEXT_REVIEW
aa84br-d07d741a39d09f6df8ea	FC-029_v.cha	f2a94065a152941f5cea9ec552fd343fb65c0c8532dda4c7b5b914b449d06f86	16	58	1	XXS	internally_repeated_token	c.	c.c.	xq	NOUN					False	False							千三	?	千三	<UTTERANCE_END>	千三c.c.?	千三c.c..	係啊,不過阿張可能唔鍾意啊,千三c.c..	"{""repetitionMode"":""internally_repeated_token"",""baseSurface"":""c."",""matchedSurface"":""c.c.""}"	"[{""word"":""千三"",""pos"":""m"",""jyutping"":""cin1saam1""},{""word"":""c.c."",""pos"":""xq"",""jyutping"":null},{""word"":""?"",""pos"":"""",""jyutping"":null}]"	REQUIRES_EXPERT_CONTEXT_REVIEW
aa84br-1584a32f8a6960b9c150	FC-029_v.cha	f2a94065a152941f5cea9ec552fd343fb65c0c8532dda4c7b5b914b449d06f86	16	59	11	XXA	internally_repeated_token	c.	c.c.	xq	NOUN					False	False							千三	.	千三	<UTTERANCE_END>	係啊,不過阿張可能唔鍾意啊,千三c.c..	千三c.c.?	哦,唔鍾意.	"{""repetitionMode"":""internally_repeated_token"",""baseSurface"":""c."",""matchedSurface"":""c.c.""}"	"[{""word"":""係"",""pos"":""v"",""jyutping"":""hai6""},{""word"":""啊"",""pos"":""y"",""jyutping"":""aa3""},{""word"":"","",""pos"":"""",""jyutping"":null},{""word"":""不過"",""pos"":""c"",""jyutping"":""bat1gwo3""},{""word"":""阿張"",""pos"":""nr"",""jyutping"":""aa3zoeng1""},{""word"":""可能"",""pos"":""vu"",""jyutping"":""ho2nang4""},{""word"":""唔"",""pos"":""d"",""jyutping"":""m4""},{""word"":""鍾意"",""pos"":""v"",""jyutping"":""zung1ji3""},{""word"":""啊"",""pos"":""y"",""jyutping"":""aa3""},{""word"":"","",""pos"":"""",""jyutping"":null},{""word"":""千三"",""pos"":""m"",""jyutping"":""cin1saam1""},{""word"":""c.c."",""pos"":""xq"",""jyutping"":null},{""word"":""."",""pos"":"""",""jyutping"":null}]"	REQUIRES_EXPERT_CONTEXT_REVIEW
aa84br-23dca8f8ca1a1c709d93	FC-029_v.cha	f2a94065a152941f5cea9ec552fd343fb65c0c8532dda4c7b5b914b449d06f86	16	63	1	XXA	internally_repeated_token	c.	c.c.	xq	NOUN					False	True	1	冇	v1	VERB	mou5	2	千三	冇	千三	冇	千三c.c.冇力𡃉喎完全.	"""好""鮓啊."	真係𠸏?	"{""repetitionMode"":""internally_repeated_token"",""baseSurface"":""c."",""matchedSurface"":""c.c.""}"	"[{""word"":""千三"",""pos"":""m"",""jyutping"":""cin1saam1""},{""word"":""c.c."",""pos"":""xq"",""jyutping"":null},{""word"":""冇"",""pos"":""v1"",""jyutping"":""mou5""},{""word"":""力"",""pos"":""n"",""jyutping"":""lik6""},{""word"":""𡃉"",""pos"":""y"",""jyutping"":""gaa3""},{""word"":""喎"",""pos"":""y"",""jyutping"":""wo3""},{""word"":""完全"",""pos"":""d"",""jyutping"":""jyun4cyun4""},{""word"":""."",""pos"":"""",""jyutping"":null}]"	REQUIRES_EXPERT_CONTEXT_REVIEW
aa84br-255666b113ab4e58940c	FC-029_v.cha	f2a94065a152941f5cea9ec552fd343fb65c0c8532dda4c7b5b914b449d06f86	16	78	3	XXS	internally_repeated_token	次	次次	q	NOUN	ci3ci3				False	True	2	出街	v	VERB	ceot1gaai1	5	,	都	啊	都	冇啊,次次都出街玩𠸏.	噉愛來做乜嘢啊?	即係出入用.	"{""repetitionMode"":""internally_repeated_token"",""baseSurface"":""次"",""matchedSurface"":""次次""}"	"[{""word"":""冇"",""pos"":""v1"",""jyutping"":""mou5""},{""word"":""啊"",""pos"":""y"",""jyutping"":""aa3""},{""word"":"","",""pos"":"""",""jyutping"":null},{""word"":""次次"",""pos"":""q"",""jyutping"":""ci3ci3""},{""word"":""都"",""pos"":""d"",""jyutping"":""dou1""},{""word"":""出街"",""pos"":""v"",""jyutping"":""ceot1gaai1""},{""word"":""玩"",""pos"":""v"",""jyutping"":""waan2""},{""word"":""𠸏"",""pos"":""y"",""jyutping"":""ge2""},{""word"":""."",""pos"":"""",""jyutping"":null}]"	REQUIRES_EXPERT_CONTEXT_REVIEW
aa84br-cf0a511883d834ec8c53	FC-029_v.cha	f2a94065a152941f5cea9ec552fd343fb65c0c8532dda4c7b5b914b449d06f86	16	166	0	XXS	adjacent_identical_tokens	唔係	唔係唔係	v	VERB	m4hai6	唔係	v	m4hai6	True	True	1	唔係	v	VERB	m4hai6	2	<UTTERANCE_START>	唔係	<UTTERANCE_START>	唔係	唔係唔係唔係,沙田廣場二千三.	喀.	喀.	"{""repetitionMode"":""adjacent_identical_tokens"",""baseSurface"":""唔係"",""matchedSurface"":""唔係唔係""}"	"[{""word"":""唔係"",""pos"":""v"",""jyutping"":""m4hai6""},{""word"":""唔係"",""pos"":""v"",""jyutping"":""m4hai6""},{""word"":""唔係"",""pos"":""v"",""jyutping"":""m4hai6""},{""word"":"","",""pos"":"""",""jyutping"":null},{""word"":""沙田廣場"",""pos"":""ns"",""jyutping"":""saa1tin4gwong2coeng4""},{""word"":""二千三"",""pos"":""m"",""jyutping"":""ji6cin1saam1""},{""word"":""."",""pos"":"""",""jyutping"":null}]"	REQUIRES_EXPERT_CONTEXT_REVIEW
aa84br-96ce821406fb143891d9	FC-029_v.cha	f2a94065a152941f5cea9ec552fd343fb65c0c8532dda4c7b5b914b449d06f86	16	179	2	XXS	adjacent_identical_tokens	揸	揸揸	v	VERB	zaa1	揸	v	zaa1	False	True	2	想	vu	AUX	soeng2	5	可能	下	可能	下	唔係可能揸揸下想會揸返學校囖.	但係又好想-但係又好想揸.	喀.	"{""repetitionMode"":""adjacent_identical_tokens"",""baseSurface"":""揸"",""matchedSurface"":""揸揸""}"	"[{""word"":""唔係"",""pos"":""v"",""jyutping"":""m4hai6""},{""word"":""可能"",""pos"":""vu"",""jyutping"":""ho2nang4""},{""word"":""揸"",""pos"":""v"",""jyutping"":""zaa1""},{""word"":""揸"",""pos"":""v"",""jyutping"":""zaa1""},{""word"":""下"",""pos"":""u"",""jyutping"":""haa5""},{""word"":""想"",""pos"":""vu"",""jyutping"":""soeng2""},{""word"":""會"",""pos"":""vu"",""jyutping"":""wui5""},{""word"":""揸"",""pos"":""v"",""jyutping"":""zaa1""},{""word"":""返"",""pos"":""u"",""jyutping"":""faan1""},{""word"":""學校"",""pos"":""n"",""jyutping"":""hok6haau6""},{""word"":""囖"",""pos"":""y"",""jyutping"":""lo1""},{""word"":""."",""pos"":"""",""jyutping"":null}]"	REQUIRES_EXPERT_CONTEXT_REVIEW
aa84br-180682f6186ea3554f1b	FC-029_v.cha	f2a94065a152941f5cea9ec552fd343fb65c0c8532dda4c7b5b914b449d06f86	16	253	1	XXA	internally_repeated_token	c.	c.c.	xq	NOUN					False	False							千六	?	千六	<UTTERANCE_END>	千六c.c.?	"Okay喇隻色,""""個款都幾靚,都幾新淨,我猛咁𥊙下𥊙下嚹已經,跟住但係佢千六囖."	係啊,係啊.	"{""repetitionMode"":""internally_repeated_token"",""baseSurface"":""c."",""matchedSurface"":""c.c.""}"	"[{""word"":""千六"",""pos"":""m"",""jyutping"":""cin1luk6""},{""word"":""c.c."",""pos"":""xq"",""jyutping"":null},{""word"":""?"",""pos"":"""",""jyutping"":null}]"	REQUIRES_EXPERT_CONTEXT_REVIEW
aa84br-df4ebee4d1d05a6384a2	FC-029_v.cha	f2a94065a152941f5cea9ec552fd343fb65c0c8532dda4c7b5b914b449d06f86	16	267	5	XXA	internally_repeated_token	啱	啱啱	d	ADV	ngaam1ngaam1				False	True	1	新	a	ADJ	san1	6	你	新	你	新	噉𠻺係,你啱啱新牌又揸架c.c.咁大嘅.	唔知啊,唔想買架千六囖,佢話.	係喇.	"{""repetitionMode"":""internally_repeated_token"",""baseSurface"":""啱"",""matchedSurface"":""啱啱""}"	"[{""word"":""噉"",""pos"":""c"",""jyutping"":""gam2""},{""word"":""𠻺"",""pos"":""d"",""jyutping"":""aa6""},{""word"":""係"",""pos"":""v"",""jyutping"":""hai6""},{""word"":"","",""pos"":"""",""jyutping"":null},{""word"":""你"",""pos"":""r"",""jyutping"":""nei5""},{""word"":""啱啱"",""pos"":""d"",""jyutping"":""ngaam1ngaam1""},{""word"":""新"",""pos"":""a"",""jyutping"":""san1""},{""word"":""牌"",""pos"":""n"",""jyutping"":""paai4""},{""word"":""又"",""pos"":""d"",""jyutping"":""jau6""},{""word"":""揸"",""pos"":""v"",""jyutping"":""zaa1""},{""word"":""架"",""pos"":""q"",""jyutping"":""gaa3""},{""word"":""c.c."",""pos"":""xq"",""jyutping"":null},{""word"":""咁"",""pos"":""d"",""jyutping"":""gam3""},{""word"":""大"",""pos"":""a"",""jyutping"":""daai6""},{""word"":""嘅"",""pos"":""u"",""jyutping"":""ge3""},{""word"":""."",""pos"":"""",""jyutping"":null}]"	REQUIRES_EXPERT_CONTEXT_REVIEW
aa84br-30874e55aa20af6ffa78	FC-029_v.cha	f2a94065a152941f5cea9ec552fd343fb65c0c8532dda4c7b5b914b449d06f86	16	267	11	XXA	internally_repeated_token	c.	c.c.	xq	NOUN					False	True	2	大	a	ADJ	daai6	13	架	咁	架	咁	噉𠻺係,你啱啱新牌又揸架c.c.咁大嘅.	唔知啊,唔想買架千六囖,佢話.	係喇.	"{""repetitionMode"":""internally_repeated_token"",""baseSurface"":""c."",""matchedSurface"":""c.c.""}"	"[{""word"":""噉"",""pos"":""c"",""jyutping"":""gam2""},{""word"":""𠻺"",""pos"":""d"",""jyutping"":""aa6""},{""word"":""係"",""pos"":""v"",""jyutping"":""hai6""},{""word"":"","",""pos"":"""",""jyutping"":null},{""word"":""你"",""pos"":""r"",""jyutping"":""nei5""},{""word"":""啱啱"",""pos"":""d"",""jyutping"":""ngaam1ngaam1""},{""word"":""新"",""pos"":""a"",""jyutping"":""san1""},{""word"":""牌"",""pos"":""n"",""jyutping"":""paai4""},{""word"":""又"",""pos"":""d"",""jyutping"":""jau6""},{""word"":""揸"",""pos"":""v"",""jyutping"":""zaa1""},{""word"":""架"",""pos"":""q"",""jyutping"":""gaa3""},{""word"":""c.c."",""pos"":""xq"",""jyutping"":null},{""word"":""咁"",""pos"":""d"",""jyutping"":""gam3""},{""word"":""大"",""pos"":""a"",""jyutping"":""daai6""},{""word"":""嘅"",""pos"":""u"",""jyutping"":""ge3""},{""word"":""."",""pos"":"""",""jyutping"":null}]"	REQUIRES_EXPERT_CONTEXT_REVIEW
aa84br-9074da3b5fb974f4bfbc	FC-029_v.cha	f2a94065a152941f5cea9ec552fd343fb65c0c8532dda4c7b5b914b449d06f86	16	278	20	XXS	internally_repeated_token	少	少少	m	NUM	siu2siu2				False	False							好	𡃉	好	𡃉	同埋又冇有蓋操場,曬都曬死,即係想揾返間個環境好少少𡃉囖.	太大嚹個操場,好辛苦啊.	噉𠻺係.	"{""repetitionMode"":""internally_repeated_token"",""baseSurface"":""少"",""matchedSurface"":""少少""}"	"[{""word"":""同埋"",""pos"":""c"",""jyutping"":""tung4maai4""},{""word"":""又"",""pos"":""d"",""jyutping"":""jau6""},{""word"":""冇"",""pos"":""v1"",""jyutping"":""mou5""},{""word"":""有"",""pos"":""v1"",""jyutping"":""jau5""},{""word"":""蓋"",""pos"":""n"",""jyutping"":""goi3""},{""word"":""操場"",""pos"":""n"",""jyutping"":""cou1coeng4""},{""word"":"","",""pos"":"""",""jyutping"":null},{""word"":""曬"",""pos"":""v"",""jyutping"":""saai3""},{""word"":""都"",""pos"":""d"",""jyutping"":""dou1""},{""word"":""曬"",""pos"":""v"",""jyutping"":""saai3""},{""word"":""死"",""pos"":""v"",""jyutping"":""sei2""},{""word"":"","",""pos"":"""",""jyutping"":null},{""word"":""即係"",""pos"":""c"",""jyutping"":""zik1hai6""},{""word"":""想"",""pos"":""vu"",""jyutping"":""soeng2""},{""word"":""揾"",""pos"":""v"",""jyutping"":""wan2""},{""word"":""返"",""pos"":""u"",""jyutping"":""faan1""},{""word"":""間"",""pos"":""q"",""jyutping"":""gaan1""},{""word"":""個"",""pos"":""q"",""jyutping"":""go3""},{""word"":""環境"",""pos"":""n"",""jyutping"":""waan4ging2""},{""word"":""好"",""pos"":""a"",""jyutping"":""hou2""},{""word"":""少少"",""pos"":""m"",""jyutping"":""siu2siu2""},{""word"":""𡃉"",""pos"":""y"",""jyutping"":""gaa3""},{""word"":""囖"",""pos"":""y"",""jyutping"":""lo1""},{""word"":""."",""pos"":"""",""jyutping"":null}]"	REQUIRES_EXPERT_CONTEXT_REVIEW
aa84br-412d39a47b57e9dbc27c	FC-029_v.cha	f2a94065a152941f5cea9ec552fd343fb65c0c8532dda4c7b5b914b449d06f86	16	281	4	XXS	internally_repeated_token	少	少少	m	NUM	siu2siu2				False	False							好	囖	好	囖	想間學校好少少囖banding.	嗯.	噉𠻺係,banding即係乜嘢意思啊?	"{""repetitionMode"":""internally_repeated_token"",""baseSurface"":""少"",""matchedSurface"":""少少""}"	"[{""word"":""想"",""pos"":""vu"",""jyutping"":""soeng2""},{""word"":""間"",""pos"":""q"",""jyutping"":""gaan1""},{""word"":""學校"",""pos"":""n"",""jyutping"":""hok6haau6""},{""word"":""好"",""pos"":""a"",""jyutping"":""hou2""},{""word"":""少少"",""pos"":""m"",""jyutping"":""siu2siu2""},{""word"":""囖"",""pos"":""y"",""jyutping"":""lo1""},{""word"":""banding"",""pos"":""xn"",""jyutping"":null},{""word"":""."",""pos"":"""",""jyutping"":null}]"	REQUIRES_EXPERT_CONTEXT_REVIEW
aa84br-9f36ca3c450adff46735	FC-029_v.cha	f2a94065a152941f5cea9ec552fd343fb65c0c8532dda4c7b5b914b449d06f86	16	316	6	XXA	internally_repeated_token	啱	啱啱	d	ADV	ngaam1ngaam1				False	True	4	有	v1	VERB	jau5	10	,	八月	八月	八月	係囖,七月八月,啱啱八月廿八就有兩個月糧出.	即係七月八月,哦,係喎,兩個月喎.	嘩,正啊真係,一份好好嘅生日禮物喇,真係唔使我哋多買嚹已經.	"{""repetitionMode"":""internally_repeated_token"",""baseSurface"":""啱"",""matchedSurface"":""啱啱""}"	"[{""word"":""係"",""pos"":""v"",""jyutping"":""hai6""},{""word"":""囖"",""pos"":""y"",""jyutping"":""lo1""},{""word"":"","",""pos"":"""",""jyutping"":null},{""word"":""七月"",""pos"":""t"",""jyutping"":""cat1jyut6""},{""word"":""八月"",""pos"":""t"",""jyutping"":""baat3jyut6""},{""word"":"","",""pos"":"""",""jyutping"":null},{""word"":""啱啱"",""pos"":""d"",""jyutping"":""ngaam1ngaam1""},{""word"":""八月"",""pos"":""t"",""jyutping"":""baat3jyut6""},{""word"":""廿八"",""pos"":""m"",""jyutping"":""jaa6baat3""},{""word"":""就"",""pos"":""d"",""jyutping"":""zau6""},{""word"":""有"",""pos"":""v1"",""jyutping"":""jau5""},{""word"":""兩"",""pos"":""m"",""jyutping"":""loeng5""},{""word"":""個"",""pos"":""q"",""jyutping"":""go3""},{""word"":""月"",""pos"":""n"",""jyutping"":""jyut6""},{""word"":""糧"",""pos"":""n"",""jyutping"":""loeng4""},{""word"":""出"",""pos"":""v"",""jyutping"":""ceot1""},{""word"":""."",""pos"":"""",""jyutping"":null}]"	REQUIRES_EXPERT_CONTEXT_REVIEW
aa84br-6395eea9bd7dc611ee6b	FC-029_v.cha	f2a94065a152941f5cea9ec552fd343fb65c0c8532dda4c7b5b914b449d06f86	16	376	17	XXA	internally_repeated_token	日	日日	q	NOUN	jat6jat6				False	True	3	早	a	ADJ	zou2	20	要	都	要	都	但係而家唔知係唔係呢因為朝頭早起身呢太早啊,又要日日都咁早起身呢.	咪係囖,真係吖.	幾點起身啊?	"{""repetitionMode"":""internally_repeated_token"",""baseSurface"":""日"",""matchedSurface"":""日日""}"	"[{""word"":""但係"",""pos"":""c"",""jyutping"":""daan6hai6""},{""word"":""而家"",""pos"":""t"",""jyutping"":""ji4gaa1""},{""word"":""唔"",""pos"":""d"",""jyutping"":""m4""},{""word"":""知"",""pos"":""v"",""jyutping"":""zi1""},{""word"":""係"",""pos"":""v"",""jyutping"":""hai6""},{""word"":""唔係"",""pos"":""v"",""jyutping"":""m4hai6""},{""word"":""呢"",""pos"":""y1"",""jyutping"":""ne1""},{""word"":""因為"",""pos"":""c"",""jyutping"":""jan1wai6""},{""word"":""朝頭早"",""pos"":""t"",""jyutping"":""ziu1tau4zou2""},{""word"":""起身"",""pos"":""v"",""jyutping"":""hei2san1""},{""word"":""呢"",""pos"":""y1"",""jyutping"":""ne1""},{""word"":""太"",""pos"":""d"",""jyutping"":""taai3""},{""word"":""早"",""pos"":""a"",""jyutping"":""zou2""},{""word"":""啊"",""pos"":""y"",""jyutping"":""aa3""},{""word"":"","",""pos"":"""",""jyutping"":null},{""word"":""又"",""pos"":""d"",""jyutping"":""jau6""},{""word"":""要"",""pos"":""vu"",""jyutping"":""jiu3""},{""word"":""日日"",""pos"":""q"",""jyutping"":""jat6jat6""},{""word"":""都"",""pos"":""d"",""jyutping"":""dou1""},{""word"":""咁"",""pos"":""d"",""jyutping"":""gam3""},{""word"":""早"",""pos"":""a"",""jyutping"":""zou2""},{""word"":""起身"",""pos"":""v"",""jyutping"":""hei2san1""},{""word"":""呢"",""pos"":""y"",""jyutping"":""ne1""},{""word"":""."",""pos"":"""",""jyutping"":null}]"	REQUIRES_EXPERT_CONTEXT_REVIEW
aa84br-6614a07ab32b85877115	FC-029_v.cha	f2a94065a152941f5cea9ec552fd343fb65c0c8532dda4c7b5b914b449d06f86	16	469	2	XXS	internally_repeated_token	啱	啱啱	d	ADV	ngaam1ngaam1				False	True	1	出來	v	VERB	ceot1lai4	3	係	出來	係	出來	都係啱啱出來做嘢,你當自己係一個小人物就啱𡃉嚹其實.	噉𠻺冇乜所謂.	係喇,最好就唔好得罪人喇.	"{""repetitionMode"":""internally_repeated_token"",""baseSurface"":""啱"",""matchedSurface"":""啱啱""}"	"[{""word"":""都"",""pos"":""d"",""jyutping"":""dou1""},{""word"":""係"",""pos"":""v"",""jyutping"":""hai6""},{""word"":""啱啱"",""pos"":""d"",""jyutping"":""ngaam1ngaam1""},{""word"":""出來"",""pos"":""v"",""jyutping"":""ceot1lai4""},{""word"":""做嘢"",""pos"":""v"",""jyutping"":""zou6je5""},{""word"":"","",""pos"":"""",""jyutping"":null},{""word"":""你"",""pos"":""r"",""jyutping"":""nei5""},{""word"":""當"",""pos"":""d"",""jyutping"":""dong3""},{""word"":""自己"",""pos"":""r"",""jyutping"":""zi6gei2""},{""word"":""係"",""pos"":""v"",""jyutping"":""hai6""},{""word"":""一"",""pos"":""m"",""jyutping"":""jat1""},{""word"":""個"",""pos"":""q"",""jyutping"":""go3""},{""word"":""小人物"",""pos"":""n"",""jyutping"":""siu2jan4mat2""},{""word"":""就"",""pos"":""d"",""jyutping"":""zau6""},{""word"":""啱"",""pos"":""a"",""jyutping"":""aam1""},{""word"":""𡃉"",""pos"":""y"",""jyutping"":""gaa3""},{""word"":""嚹"",""pos"":""y"",""jyutping"":""laa3""},{""word"":""其實"",""pos"":""d"",""jyutping"":""kei4sat6""},{""word"":""."",""pos"":"""",""jyutping"":null}]"	REQUIRES_EXPERT_CONTEXT_REVIEW
aa84br-20bf521eada3e7ec7762	FC-033_v2.cha	4a54d83cb2e8b32b1979c53bdf11706516fb3e1b8c6caa4bc72662a1e5fbf4e5	17	57	6	XXB	internally_repeated_token	細	細細	a	ADJ	sai3sai3				False	False							係	條	係	條	嗰陣時啲魚多數都係細細條𡃉啫.	噉𠻺噉𠻺攞啲水裝住你哩條魚囖.	冇咁大條.	"{""repetitionMode"":""internally_repeated_token"",""baseSurface"":""細"",""matchedSurface"":""細細""}"	"[{""word"":""嗰陣時"",""pos"":""r"",""jyutping"":""go2zan6si4""},{""word"":""啲"",""pos"":""q"",""jyutping"":""di1""},{""word"":""魚"",""pos"":""n"",""jyutping"":""jyu2""},{""word"":""多數"",""pos"":""m"",""jyutping"":""do1sou3""},{""word"":""都"",""pos"":""d"",""jyutping"":""dou1""},{""word"":""係"",""pos"":""v"",""jyutping"":""hai6""},{""word"":""細細"",""pos"":""a"",""jyutping"":""sai3sai3""},{""word"":""條"",""pos"":""n"",""jyutping"":""tiu4""},{""word"":""𡃉"",""pos"":""y"",""jyutping"":""gaa3""},{""word"":""啫"",""pos"":""y"",""jyutping"":""ze1""},{""word"":""."",""pos"":"""",""jyutping"":null}]"	REQUIRES_EXPERT_CONTEXT_REVIEW
aa84br-31fcaf5729efc4a7faed	FC-033_v2.cha	4a54d83cb2e8b32b1979c53bdf11706516fb3e1b8c6caa4bc72662a1e5fbf4e5	17	73	1	XXB	internally_repeated_token	個	個個	r	PRON	go3go3				False	True	2	識	v	VERB	sik1	3	而家	都	而家	都	而家個個都識做生意吖嗎.	而家𠻺梗係喇.	揾埋晒嗰啲奇形怪狀嗰啲魚,喀.	"{""repetitionMode"":""internally_repeated_token"",""baseSurface"":""個"",""matchedSurface"":""個個""}"	"[{""word"":""而家"",""pos"":""t"",""jyutping"":""ji4gaa1""},{""word"":""個個"",""pos"":""r"",""jyutping"":""go3go3""},{""word"":""都"",""pos"":""d"",""jyutping"":""dou1""},{""word"":""識"",""pos"":""v"",""jyutping"":""sik1""},{""word"":""做生意"",""pos"":""v"",""jyutping"":""zou6saang1ji3""},{""word"":""吖"",""pos"":""y"",""jyutping"":""aa1""},{""word"":""嗎"",""pos"":""y"",""jyutping"":""maa3""},{""word"":""."",""pos"":"""",""jyutping"":null}]"	REQUIRES_EXPERT_CONTEXT_REVIEW
aa84br-71a1534eb5df8ea65488	FC-033_v2.cha	4a54d83cb2e8b32b1979c53bdf11706516fb3e1b8c6caa4bc72662a1e5fbf4e5	17	79	0	XXA	internally_repeated_token	朝	朝朝	t	ADV	ziu1ziu1				True	True	1	換	v	VERB	wun6	1	<UTTERANCE_START>	換	<UTTERANCE_START>	換	朝朝換水好辛苦.	好辛苦𡃉喎噉養.	噉你鍾意就得𡃉喇.	"{""repetitionMode"":""internally_repeated_token"",""baseSurface"":""朝"",""matchedSurface"":""朝朝""}"	"[{""word"":""朝朝"",""pos"":""t"",""jyutping"":""ziu1ziu1""},{""word"":""換"",""pos"":""v"",""jyutping"":""wun6""},{""word"":""水"",""pos"":""n"",""jyutping"":""seoi2""},{""word"":""好"",""pos"":""d"",""jyutping"":""hou2""},{""word"":""辛苦"",""pos"":""a"",""jyutping"":""san1fu2""},{""word"":""."",""pos"":"""",""jyutping"":null}]"	REQUIRES_EXPERT_CONTEXT_REVIEW
aa84br-8db4a3da48b2facfbb3e	FC-033_v2.cha	4a54d83cb2e8b32b1979c53bdf11706516fb3e1b8c6caa4bc72662a1e5fbf4e5	17	82	3	XXB	adjacent_identical_tokens	真係	真係真係	d	ADV	zan1hai6	真係	d	zan1hai6	False	True	4	養	v	VERB	joeng5	9	呢	○	呢	乜嘢	我舊陣時呢真係真係○乜嘢魚都養過嚹.	噉𠻺係鍾意就得𡃉喇.	我乜嘢魚都-都覺得佢有佢嘅特別𠸏.	"{""repetitionMode"":""adjacent_identical_tokens"",""baseSurface"":""真係"",""matchedSurface"":""真係真係""}"	"[{""word"":""我"",""pos"":""r"",""jyutping"":""ngo5""},{""word"":""舊陣時"",""pos"":""t"",""jyutping"":""gau6zan6si4""},{""word"":""呢"",""pos"":""y1"",""jyutping"":""ne1""},{""word"":""真係"",""pos"":""d"",""jyutping"":""zan1hai6""},{""word"":""真係"",""pos"":""d"",""jyutping"":""zan1hai6""},{""word"":""○"",""pos"":""#"",""jyutping"":null},{""word"":""乜嘢"",""pos"":""r"",""jyutping"":""mat1je5""},{""word"":""魚"",""pos"":""n"",""jyutping"":""jyu2""},{""word"":""都"",""pos"":""d"",""jyutping"":""dou1""},{""word"":""養"",""pos"":""v"",""jyutping"":""joeng5""},{""word"":""過"",""pos"":""u"",""jyutping"":""gwo3""},{""word"":""嚹"",""pos"":""y"",""jyutping"":""laa3""},{""word"":""."",""pos"":"""",""jyutping"":null}]"	REQUIRES_EXPERT_CONTEXT_REVIEW
aa84br-28352a7d2283be8841a6	FC-033_v2.cha	4a54d83cb2e8b32b1979c53bdf11706516fb3e1b8c6caa4bc72662a1e5fbf4e5	17	139	2	XXA	adjacent_identical_tokens	睇	睇睇	v	VERB	tai2	睇	v	tai2	False	True	4	覺得	v	VERB	gok3dak1	8	而家	下	而家	下	但係而家睇睇下呢,都覺得都幾靚𠸏.	有啲人啊貪佢夠大條呢.	睇真啲又幾靚.	"{""repetitionMode"":""adjacent_identical_tokens"",""baseSurface"":""睇"",""matchedSurface"":""睇睇""}"	"[{""word"":""但係"",""pos"":""c"",""jyutping"":""daan6hai6""},{""word"":""而家"",""pos"":""t"",""jyutping"":""ji4gaa1""},{""word"":""睇"",""pos"":""v"",""jyutping"":""tai2""},{""word"":""睇"",""pos"":""v"",""jyutping"":""tai2""},{""word"":""下"",""pos"":""u"",""jyutping"":""haa5""},{""word"":""呢"",""pos"":""y1"",""jyutping"":""ne1""},{""word"":"","",""pos"":"""",""jyutping"":null},{""word"":""都"",""pos"":""d"",""jyutping"":""dou1""},{""word"":""覺得"",""pos"":""v"",""jyutping"":""gok3dak1""},{""word"":""都"",""pos"":""d"",""jyutping"":""dou1""},{""word"":""幾"",""pos"":""d"",""jyutping"":""gei2""},{""word"":""靚"",""pos"":""a"",""jyutping"":""leng3""},{""word"":""𠸏"",""pos"":""u"",""jyutping"":""ge2""},{""word"":""."",""pos"":"""",""jyutping"":null}]"	REQUIRES_EXPERT_CONTEXT_REVIEW
aa84br-342f5035b67016bcbeb8	FC-033_v2.cha	4a54d83cb2e8b32b1979c53bdf11706516fb3e1b8c6caa4bc72662a1e5fbf4e5	17	180	4	XXA	internally_repeated_token	B	BB	xn	NOUN					False	False							湊	仔	湊	仔	即係好似你湊BB仔噉樣.	啊,係啊.	睇見佢食到飽一飽嗰時呀,哎吔,你有一種滿足感囖.	"{""repetitionMode"":""internally_repeated_token"",""baseSurface"":""B"",""matchedSurface"":""BB""}"	"[{""word"":""即係"",""pos"":""c"",""jyutping"":""zik1hai6""},{""word"":""好似"",""pos"":""v"",""jyutping"":""hou2ci5""},{""word"":""你"",""pos"":""r"",""jyutping"":""nei5""},{""word"":""湊"",""pos"":""v"",""jyutping"":""cau3""},{""word"":""BB"",""pos"":""xn"",""jyutping"":null},{""word"":""仔"",""pos"":""k"",""jyutping"":""zai2""},{""word"":""噉樣"",""pos"":""r"",""jyutping"":""gam2joeng2""},{""word"":""."",""pos"":"""",""jyutping"":null}]"	REQUIRES_EXPERT_CONTEXT_REVIEW
aa84br-e0e4b03a9d84e2f2b149	FC-033_v2.cha	4a54d83cb2e8b32b1979c53bdf11706516fb3e1b8c6caa4bc72662a1e5fbf4e5	17	189	3	XXB	internally_repeated_token	度	度度	r	PRON	dou6dou6				False	True	2	有	v1	VERB	jau5	5	,	都	啊	都	台灣啊,度度都有.	嗰啲喺歐洲運來嘅都有啊.	養水草.	"{""repetitionMode"":""internally_repeated_token"",""baseSurface"":""度"",""matchedSurface"":""度度""}"	"[{""word"":""台灣"",""pos"":""ns"",""jyutping"":""toi4waan1""},{""word"":""啊"",""pos"":""y1"",""jyutping"":""aa3""},{""word"":"","",""pos"":"""",""jyutping"":null},{""word"":""度度"",""pos"":""r"",""jyutping"":""dou6dou6""},{""word"":""都"",""pos"":""d"",""jyutping"":""dou1""},{""word"":""有"",""pos"":""v1"",""jyutping"":""jau5""},{""word"":""."",""pos"":"""",""jyutping"":null}]"	REQUIRES_EXPERT_CONTEXT_REVIEW
aa84br-afa63be9ee9f5b8fdc5c	FC-033_v2.cha	4a54d83cb2e8b32b1979c53bdf11706516fb3e1b8c6caa4bc72662a1e5fbf4e5	17	256	0	XXB	internally_repeated_token	拜	拜拜	l1	X	baai1baai3				True	False							<UTTERANCE_START>	.	<UTTERANCE_START>	<UTTERANCE_END>	拜拜.	好啊,好啊.		"{""repetitionMode"":""internally_repeated_token"",""baseSurface"":""拜"",""matchedSurface"":""拜拜""}"	"[{""word"":""拜拜"",""pos"":""l1"",""jyutping"":""baai1baai3""},{""word"":""."",""pos"":"""",""jyutping"":null}]"	REQUIRES_EXPERT_CONTEXT_REVIEW
aa84br-4669d49cf1634a3b4f27	FC-035_v2.cha	ddb29bab01e3e932a9a80ffb3342df28e08dfc77d7f4527f5fc39d5a25ea4f5b	18	5	20	XXX	adjacent_identical_tokens	返	返返	v	VERB	faan1	返	u	faan1	False	True	4	坐	v	VERB	co5	26	去	意大利	去	意大利	"跟住我哋又臨時加插咗哩個希臘,噉樣,""""會坐哩個來回飛機哩個去返返意大利,跟住又坐夜車上哩個-死嘞,都唔係好記得𠻹."	跟住𠻺上返西德喇,就-跟住就會去哩個,誒,落返哩個瑞士喇,瑞士就之後就落意大利.	誒,去哩個法國,係嚹.	"{""repetitionMode"":""adjacent_identical_tokens"",""baseSurface"":""返"",""matchedSurface"":""返返""}"	"[{""word"":""跟住"",""pos"":""c"",""jyutping"":""gan1zyu6""},{""word"":""我哋"",""pos"":""r"",""jyutping"":""ngo5dei6""},{""word"":""又"",""pos"":""d"",""jyutping"":""jau6""},{""word"":""臨時"",""pos"":""a"",""jyutping"":""lam4si4""},{""word"":""加插"",""pos"":""v"",""jyutping"":""gaa1caap3""},{""word"":""咗"",""pos"":""u"",""jyutping"":""zo2""},{""word"":""哩個"",""pos"":""r"",""jyutping"":""ni1go3""},{""word"":""希臘"",""pos"":""ns"",""jyutping"":""hei1lip6""},{""word"":"","",""pos"":"""",""jyutping"":null},{""word"":""噉樣"",""pos"":""c"",""jyutping"":""gam2joeng2""},{""word"":"","",""pos"":"""",""jyutping"":null},{""word"":""\"""",""pos"":"""",""jyutping"":null},{""word"":""\"""",""pos"":"""",""jyutping"":null},{""word"":""會"",""pos"":""vu"",""jyutping"":""wui5""},{""word"":""坐"",""pos"":""v"",""jyutping"":""co5""},{""word"":""哩個"",""pos"":""r"",""jyutping"":""ni1go3""},{""word"":""來回"",""pos"":""n"",""jyutping"":""loi4wui4""},{""word"":""飛機"",""pos"":""n"",""jyutping"":""fei1gei1""},{""word"":""哩個"",""pos"":""r"",""jyutping"":""ni1go3""},{""word"":""去"",""pos"":""vk"",""jyutping"":""heoi3""},{""word"":""返"",""pos"":""v"",""jyutping"":""faan1""},{""word"":""返"",""pos"":""u"",""jyutping"":""faan1""},{""word"":""意大利"",""pos"":""ns"",""jyutping"":""ji3daai6lei6""},{""word"":"","",""pos"":"""",""jyutping"":null},{""word"":""跟住"",""pos"":""c"",""jyutping"":""gan1zyu6""},{""word"":""又"",""pos"":""d"",""jyutping"":""jau6""},{""word"":""坐"",""pos"":""v"",""jyutping"":""co5""},{""word"":""夜"",""pos"":""a"",""jyutping"":""je6""},{""word"":""車"",""pos"":""n"",""jyutping"":""ce1""},{""word"":""上"",""pos"":""v"",""jyutping"":""soeng5""},{""word"":""哩個"",""pos"":""r"",""jyutping"":""ni1go3""},{""word"":""-"",""pos"":"""",""jyutping"":null},{""word"":""死"",""pos"":""v"",""jyutping"":""sei2""},{""word"":""嘞"",""pos"":""y"",""jyutping"":""laak3""},{""word"":"","",""pos"":"""",""jyutping"":null},{""word"":""都"",""pos"":""d"",""jyutping"":""dou1""},{""word"":""唔係"",""pos"":""v"",""jyutping"":""m4hai6""},{""word"":""好"",""pos"":""d"",""jyutping"":""hou2""},{""word"":""記得"",""pos"":""v"",""jyutping"":""gei3dak1""},{""word"":""𠻹"",""pos"":""y"",""jyutping"":""tim1""},{""word"":""."",""pos"":"""",""jyutping"":null}]"	REQUIRES_EXPERT_CONTEXT_REVIEW
aa84br-88a537ee8fb07c0c1b7e	FC-035_v2.cha	ddb29bab01e3e932a9a80ffb3342df28e08dfc77d7f4527f5fc39d5a25ea4f5b	18	9	19	XXX	internally_repeated_token	少	少少	m	NUM	siu2siu2				False	True	2	開心	a	ADJ	hoi1sam1	21	有	唔	有	唔	噉,基本上呢哩個旅行呢都幾好喇,但係當然有同-都有少少唔開心𠸏.	跟住就去,誒,荷蘭喇,跟住就過英國嘞,跟住就可以返香港嘞.	始終啲生活習慣都唔係太相同.	"{""repetitionMode"":""internally_repeated_token"",""baseSurface"":""少"",""matchedSurface"":""少少""}"	"[{""word"":""噉"",""pos"":""c"",""jyutping"":""gam2""},{""word"":"","",""pos"":"""",""jyutping"":null},{""word"":""基本上"",""pos"":""d"",""jyutping"":""gei1bun2soeng6""},{""word"":""呢"",""pos"":""y1"",""jyutping"":""ne1""},{""word"":""哩個"",""pos"":""r"",""jyutping"":""ni1go3""},{""word"":""旅行"",""pos"":""vn"",""jyutping"":""leoi5hang4""},{""word"":""呢"",""pos"":""y1"",""jyutping"":""ne1""},{""word"":""都"",""pos"":""d"",""jyutping"":""dou1""},{""word"":""幾"",""pos"":""d"",""jyutping"":""gei2""},{""word"":""好"",""pos"":""a"",""jyutping"":""hou2""},{""word"":""喇"",""pos"":""y"",""jyutping"":""laa1""},{""word"":"","",""pos"":"""",""jyutping"":null},{""word"":""但係"",""pos"":""c"",""jyutping"":""daan6hai6""},{""word"":""當然"",""pos"":""d"",""jyutping"":""dong1jin4""},{""word"":""有"",""pos"":""v1"",""jyutping"":""jau5""},{""word"":""同"",""pos"":""c"",""jyutping"":""tung4""},{""word"":""-"",""pos"":"""",""jyutping"":null},{""word"":""都"",""pos"":""d"",""jyutping"":""dou1""},{""word"":""有"",""pos"":""v1"",""jyutping"":""jau5""},{""word"":""少少"",""pos"":""m"",""jyutping"":""siu2siu2""},{""word"":""唔"",""pos"":""d"",""jyutping"":""m4""},{""word"":""開心"",""pos"":""a"",""jyutping"":""hoi1sam1""},{""word"":""𠸏"",""pos"":""y"",""jyutping"":""ge2""},{""word"":""."",""pos"":"""",""jyutping"":null}]"	REQUIRES_EXPERT_CONTEXT_REVIEW
aa84br-1ae30253099194fc62b0	FC-035_v2.cha	ddb29bab01e3e932a9a80ffb3342df28e08dfc77d7f4527f5fc39d5a25ea4f5b	18	11	12	XXX	internally_repeated_token	少	少少	m	NUM	siu2siu2				False	False							差	喇	差	喇	同埋,嗯,可能個partner都係啲脾氣差少少喇,或者我自己又係差少少喇,不過,誒,整體來講都幾好𠸏.	始終啲生活習慣都唔係太相同.	同埋我個friend真係啲方向感好過我好多.	"{""repetitionMode"":""internally_repeated_token"",""baseSurface"":""少"",""matchedSurface"":""少少""}"	"[{""word"":""同埋"",""pos"":""c"",""jyutping"":""tung4maai4""},{""word"":"","",""pos"":"""",""jyutping"":null},{""word"":""嗯"",""pos"":""e"",""jyutping"":""m6""},{""word"":"","",""pos"":"""",""jyutping"":null},{""word"":""可能"",""pos"":""v"",""jyutping"":""ho2nang4""},{""word"":""個"",""pos"":""q"",""jyutping"":""go3""},{""word"":""partner"",""pos"":""xn"",""jyutping"":null},{""word"":""都"",""pos"":""d"",""jyutping"":""dou1""},{""word"":""係"",""pos"":""v"",""jyutping"":""hai6""},{""word"":""啲"",""pos"":""q"",""jyutping"":""di1""},{""word"":""脾氣"",""pos"":""n"",""jyutping"":""pei4hei3""},{""word"":""差"",""pos"":""a"",""jyutping"":""caa1""},{""word"":""少少"",""pos"":""m"",""jyutping"":""siu2siu2""},{""word"":""喇"",""pos"":""y1"",""jyutping"":""laa1""},{""word"":"","",""pos"":"""",""jyutping"":null},{""word"":""或者"",""pos"":""c"",""jyutping"":""waak6ze2""},{""word"":""我"",""pos"":""r"",""jyutping"":""ngo5""},{""word"":""自己"",""pos"":""r"",""jyutping"":""zi6gei2""},{""word"":""又"",""pos"":""d"",""jyutping"":""jau6""},{""word"":""係"",""pos"":""v"",""jyutping"":""hai6""},{""word"":""差"",""pos"":""a"",""jyutping"":""caa1""},{""word"":""少少"",""pos"":""m"",""jyutping"":""siu2siu2""},{""word"":""喇"",""pos"":""y1"",""jyutping"":""laa1""},{""word"":"","",""pos"":"""",""jyutping"":null},{""word"":""不過"",""pos"":""c"",""jyutping"":""bat1gwo3""},{""word"":"","",""pos"":"""",""jyutping"":null},{""word"":""誒"",""pos"":""e"",""jyutping"":""e6""},{""word"":"","",""pos"":"""",""jyutping"":null},{""word"":""整體"",""pos"":""n"",""jyutping"":""zing2tai2""},{""word"":""來"",""pos"":""vk"",""jyutping"":""lai4""},{""word"":""講"",""pos"":""v"",""jyutping"":""gong2""},{""word"":""都"",""pos"":""d"",""jyutping"":""dou1""},{""word"":""幾"",""pos"":""d"",""jyutping"":""gei2""},{""word"":""好"",""pos"":""a"",""jyutping"":""hou2""},{""word"":""𠸏"",""pos"":""y"",""jyutping"":""ge2""},{""word"":""."",""pos"":"""",""jyutping"":null}]"	REQUIRES_EXPERT_CONTEXT_REVIEW
aa84br-28e27e586eade3e6e7c3	FC-035_v2.cha	ddb29bab01e3e932a9a80ffb3342df28e08dfc77d7f4527f5fc39d5a25ea4f5b	18	11	21	XXX	internally_repeated_token	少	少少	m	NUM	siu2siu2				False	True	5	來	vk	VERB	lai4	29	差	喇	差	喇	同埋,嗯,可能個partner都係啲脾氣差少少喇,或者我自己又係差少少喇,不過,誒,整體來講都幾好𠸏.	始終啲生活習慣都唔係太相同.	同埋我個friend真係啲方向感好過我好多.	"{""repetitionMode"":""internally_repeated_token"",""baseSurface"":""少"",""matchedSurface"":""少少""}"	"[{""word"":""同埋"",""pos"":""c"",""jyutping"":""tung4maai4""},{""word"":"","",""pos"":"""",""jyutping"":null},{""word"":""嗯"",""pos"":""e"",""jyutping"":""m6""},{""word"":"","",""pos"":"""",""jyutping"":null},{""word"":""可能"",""pos"":""v"",""jyutping"":""ho2nang4""},{""word"":""個"",""pos"":""q"",""jyutping"":""go3""},{""word"":""partner"",""pos"":""xn"",""jyutping"":null},{""word"":""都"",""pos"":""d"",""jyutping"":""dou1""},{""word"":""係"",""pos"":""v"",""jyutping"":""hai6""},{""word"":""啲"",""pos"":""q"",""jyutping"":""di1""},{""word"":""脾氣"",""pos"":""n"",""jyutping"":""pei4hei3""},{""word"":""差"",""pos"":""a"",""jyutping"":""caa1""},{""word"":""少少"",""pos"":""m"",""jyutping"":""siu2siu2""},{""word"":""喇"",""pos"":""y1"",""jyutping"":""laa1""},{""word"":"","",""pos"":"""",""jyutping"":null},{""word"":""或者"",""pos"":""c"",""jyutping"":""waak6ze2""},{""word"":""我"",""pos"":""r"",""jyutping"":""ngo5""},{""word"":""自己"",""pos"":""r"",""jyutping"":""zi6gei2""},{""word"":""又"",""pos"":""d"",""jyutping"":""jau6""},{""word"":""係"",""pos"":""v"",""jyutping"":""hai6""},{""word"":""差"",""pos"":""a"",""jyutping"":""caa1""},{""word"":""少少"",""pos"":""m"",""jyutping"":""siu2siu2""},{""word"":""喇"",""pos"":""y1"",""jyutping"":""laa1""},{""word"":"","",""pos"":"""",""jyutping"":null},{""word"":""不過"",""pos"":""c"",""jyutping"":""bat1gwo3""},{""word"":"","",""pos"":"""",""jyutping"":null},{""word"":""誒"",""pos"":""e"",""jyutping"":""e6""},{""word"":"","",""pos"":"""",""jyutping"":null},{""word"":""整體"",""pos"":""n"",""jyutping"":""zing2tai2""},{""word"":""來"",""pos"":""vk"",""jyutping"":""lai4""},{""word"":""講"",""pos"":""v"",""jyutping"":""gong2""},{""word"":""都"",""pos"":""d"",""jyutping"":""dou1""},{""word"":""幾"",""pos"":""d"",""jyutping"":""gei2""},{""word"":""好"",""pos"":""a"",""jyutping"":""hou2""},{""word"":""𠸏"",""pos"":""y"",""jyutping"":""ge2""},{""word"":""."",""pos"":"""",""jyutping"":null}]"	REQUIRES_EXPERT_CONTEXT_REVIEW
aa84br-3f5d6d3cf8c439a0df39	FC-035_v2.cha	ddb29bab01e3e932a9a80ffb3342df28e08dfc77d7f4527f5fc39d5a25ea4f5b	18	17	15	XXX	internally_repeated_token	講	講講	v	VERB	gong2gong2				False	False							不如	哩個	不如	哩個	即係可能因為唔見過錢或者俾人扼過錢喇,不如講講哩個經過喇.	誒,如果講話邊度最好玩,或者,或者講邊度最剋我憎先喇,就係意大利喇.	就係有一日呢,我個friend呢就去,即係點啊?	"{""repetitionMode"":""internally_repeated_token"",""baseSurface"":""講"",""matchedSurface"":""講講""}"	"[{""word"":""即係"",""pos"":""c"",""jyutping"":""zik1hai6""},{""word"":""可能"",""pos"":""v"",""jyutping"":""ho2nang4""},{""word"":""因為"",""pos"":""c"",""jyutping"":""jan1wai6""},{""word"":""唔見"",""pos"":""v"",""jyutping"":""m4gin3""},{""word"":""過"",""pos"":""u"",""jyutping"":""gwo3""},{""word"":""錢"",""pos"":""n"",""jyutping"":""cin2""},{""word"":""或者"",""pos"":""c"",""jyutping"":""waak6ze2""},{""word"":""俾"",""pos"":""p"",""jyutping"":""bei2""},{""word"":""人"",""pos"":""n"",""jyutping"":""jan4""},{""word"":""扼"",""pos"":""v"",""jyutping"":""aak1""},{""word"":""過"",""pos"":""u"",""jyutping"":""gwo3""},{""word"":""錢"",""pos"":""n"",""jyutping"":""cin2""},{""word"":""喇"",""pos"":""y"",""jyutping"":""laa1""},{""word"":"","",""pos"":"""",""jyutping"":null},{""word"":""不如"",""pos"":""c"",""jyutping"":""bat1jyu4""},{""word"":""講講"",""pos"":""v"",""jyutping"":""gong2gong2""},{""word"":""哩個"",""pos"":""r"",""jyutping"":""ni1go3""},{""word"":""經過"",""pos"":""vn"",""jyutping"":""ging1gwo3""},{""word"":""喇"",""pos"":""y"",""jyutping"":""laa1""},{""word"":""."",""pos"":"""",""jyutping"":null}]"	REQUIRES_EXPERT_CONTEXT_REVIEW
aa84br-6b70bf57a47ab6e13b96	FC-035_v2.cha	ddb29bab01e3e932a9a80ffb3342df28e08dfc77d7f4527f5fc39d5a25ea4f5b	18	102	12	XXX	adjacent_identical_tokens	返	返返	v	VERB	faan1	返	u	faan1	False	True	1	出去	v	VERB	ceot1heoi3	14	園	出去	園	出去	先去到葡萄園,但係尾班車喺葡萄園返返出去市中心呢,就唔知係四點幾度喇.	同埋啲車啊,火車啊嗰啲就唔到時間呢,係搞到我,睇下先,三點幾去到.	噉於是乎,我哋得十五分鐘喺嗰個葡萄園度遊盪囖.	"{""repetitionMode"":""adjacent_identical_tokens"",""baseSurface"":""返"",""matchedSurface"":""返返""}"	"[{""word"":""先"",""pos"":""d"",""jyutping"":""sin1""},{""word"":""去"",""pos"":""v"",""jyutping"":""heoi3""},{""word"":""到"",""pos"":""p"",""jyutping"":""dou3""},{""word"":""葡萄"",""pos"":""n"",""jyutping"":""pou4tou4""},{""word"":""園"",""pos"":""n"",""jyutping"":""jyun4""},{""word"":"","",""pos"":"""",""jyutping"":null},{""word"":""但係"",""pos"":""c"",""jyutping"":""daan6hai6""},{""word"":""尾班"",""pos"":""b"",""jyutping"":""mei5baan1""},{""word"":""車"",""pos"":""n"",""jyutping"":""ce1""},{""word"":""喺"",""pos"":""p"",""jyutping"":""hai2""},{""word"":""葡萄"",""pos"":""n"",""jyutping"":""pou4tou4""},{""word"":""園"",""pos"":""n"",""jyutping"":""jyun4""},{""word"":""返"",""pos"":""v"",""jyutping"":""faan1""},{""word"":""返"",""pos"":""u"",""jyutping"":""faan1""},{""word"":""出去"",""pos"":""v"",""jyutping"":""ceot1heoi3""},{""word"":""市"",""pos"":""n"",""jyutping"":""si5""},{""word"":""中心"",""pos"":""n"",""jyutping"":""zung1sam1""},{""word"":""呢"",""pos"":""y"",""jyutping"":""ne1""},{""word"":"","",""pos"":"""",""jyutping"":null},{""word"":""就"",""pos"":""d"",""jyutping"":""zau6""},{""word"":""唔"",""pos"":""d"",""jyutping"":""m4""},{""word"":""知"",""pos"":""v"",""jyutping"":""zi1""},{""word"":""係"",""pos"":""v"",""jyutping"":""hai6""},{""word"":""四點幾"",""pos"":""t"",""jyutping"":""sei3dim2gei2""},{""word"":""度"",""pos"":""m"",""jyutping"":""dou2""},{""word"":""喇"",""pos"":""y"",""jyutping"":""laa1""},{""word"":""."",""pos"":"""",""jyutping"":null}]"	REQUIRES_EXPERT_CONTEXT_REVIEW
aa84br-9241f50cb0b15ad8d9ae	FC-035_v2.cha	ddb29bab01e3e932a9a80ffb3342df28e08dfc77d7f4527f5fc39d5a25ea4f5b	18	122	3	XXX	adjacent_identical_tokens	好	好好	d	ADV	hou2	好	a	hou2	False	True	2	掂	a	ADJ	dim6	7	真係	,	真係	好	啲氣氛真係好好,好掂.	巡遊日頭嗰個就冇乜點夜晚嗰個就真係幾正啊.	誒,煙花,又放煙花喇,但係影出來就唔掂囖,但係喺當場睇都幾開心𡃉.	"{""repetitionMode"":""adjacent_identical_tokens"",""baseSurface"":""好"",""matchedSurface"":""好好""}"	"[{""word"":""啲"",""pos"":""q"",""jyutping"":""di1""},{""word"":""氣氛"",""pos"":""n"",""jyutping"":""hei3fan1""},{""word"":""真係"",""pos"":""d"",""jyutping"":""zan1hai6""},{""word"":""好"",""pos"":""d"",""jyutping"":""hou2""},{""word"":""好"",""pos"":""a"",""jyutping"":""hou2""},{""word"":"","",""pos"":"""",""jyutping"":null},{""word"":""好"",""pos"":""d"",""jyutping"":""hou2""},{""word"":""掂"",""pos"":""a"",""jyutping"":""dim6""},{""word"":""."",""pos"":"""",""jyutping"":null}]"	REQUIRES_EXPERT_CONTEXT_REVIEW
aa84br-a5158a887fb7e19e0a00	FC-035_v2.cha	ddb29bab01e3e932a9a80ffb3342df28e08dfc77d7f4527f5fc39d5a25ea4f5b	18	124	12	XXX	adjacent_identical_tokens	好	好好	d	ADV	hou2	好	a	hou2	False	True	2	播	v	VERB	bo3	16	呢	囖	呢	囖	啲人又拍晒手噉樣,即係啲氣氛呢好好囖,播下音樂噉樣.	誒,煙花,又放煙花喇,但係影出來就唔掂囖,但係喺當場睇都幾開心𡃉.	噉,都係咁上下喇,都好充實𡃉嚹.	"{""repetitionMode"":""adjacent_identical_tokens"",""baseSurface"":""好"",""matchedSurface"":""好好""}"	"[{""word"":""啲"",""pos"":""q"",""jyutping"":""di1""},{""word"":""人"",""pos"":""n"",""jyutping"":""jan4""},{""word"":""又"",""pos"":""d"",""jyutping"":""jau6""},{""word"":""拍"",""pos"":""v"",""jyutping"":""paak3""},{""word"":""晒"",""pos"":""d"",""jyutping"":""saai3""},{""word"":""手"",""pos"":""n"",""jyutping"":""sau2""},{""word"":""噉樣"",""pos"":""c"",""jyutping"":""gam2joeng2""},{""word"":"","",""pos"":"""",""jyutping"":null},{""word"":""即係"",""pos"":""c"",""jyutping"":""zik1hai6""},{""word"":""啲"",""pos"":""q"",""jyutping"":""di1""},{""word"":""氣氛"",""pos"":""n"",""jyutping"":""hei3fan1""},{""word"":""呢"",""pos"":""y1"",""jyutping"":""ne1""},{""word"":""好"",""pos"":""d"",""jyutping"":""hou2""},{""word"":""好"",""pos"":""a"",""jyutping"":""hou2""},{""word"":""囖"",""pos"":""y"",""jyutping"":""lo1""},{""word"":"","",""pos"":"""",""jyutping"":null},{""word"":""播"",""pos"":""v"",""jyutping"":""bo3""},{""word"":""下"",""pos"":""u"",""jyutping"":""haa5""},{""word"":""音樂"",""pos"":""n"",""jyutping"":""jam1ngok6""},{""word"":""噉樣"",""pos"":""r"",""jyutping"":""gam2joeng2""},{""word"":""."",""pos"":"""",""jyutping"":null}]"	REQUIRES_EXPERT_CONTEXT_REVIEW
aa84br-6f81a34e32ff93fe2668	FC-035_v2.cha	ddb29bab01e3e932a9a80ffb3342df28e08dfc77d7f4527f5fc39d5a25ea4f5b	18	126	5	XXX	internally_repeated_token	度	度度	r	PRON	dou6dou6				False	True	3	好	a	ADJ	hou2	8	其實	都	其實	都	跟住其他國家,其實度度都好好囖,我覺得.	噉,都係咁上下喇,都好充實𡃉嚹.	又係,啲人好有文化囖,嗯,同埋真係好光鮮,可能比較有錢嘅國家.	"{""repetitionMode"":""internally_repeated_token"",""baseSurface"":""度"",""matchedSurface"":""度度""}"	"[{""word"":""跟住"",""pos"":""c"",""jyutping"":""gan1zyu6""},{""word"":""其他"",""pos"":""r"",""jyutping"":""kei4taa1""},{""word"":""國家"",""pos"":""n"",""jyutping"":""gwok3gaa1""},{""word"":"","",""pos"":"""",""jyutping"":null},{""word"":""其實"",""pos"":""d"",""jyutping"":""kei4sat6""},{""word"":""度度"",""pos"":""r"",""jyutping"":""dou6dou6""},{""word"":""都"",""pos"":""d"",""jyutping"":""dou1""},{""word"":""好"",""pos"":""d"",""jyutping"":""hou2""},{""word"":""好"",""pos"":""a"",""jyutping"":""hou2""},{""word"":""囖"",""pos"":""y"",""jyutping"":""lo1""},{""word"":"","",""pos"":"""",""jyutping"":null},{""word"":""我"",""pos"":""r"",""jyutping"":""ngo5""},{""word"":""覺得"",""pos"":""v"",""jyutping"":""gok3dak1""},{""word"":""."",""pos"":"""",""jyutping"":null}]"	REQUIRES_EXPERT_CONTEXT_REVIEW
aa84br-15f03d6daa8a11e6be59	FC-035_v2.cha	ddb29bab01e3e932a9a80ffb3342df28e08dfc77d7f4527f5fc39d5a25ea4f5b	18	126	7	XXX	adjacent_identical_tokens	好	好好	d	ADV	hou2	好	a	hou2	False	True	3	覺得	v	VERB	gok3dak1	12	都	囖	都	囖	跟住其他國家,其實度度都好好囖,我覺得.	噉,都係咁上下喇,都好充實𡃉嚹.	又係,啲人好有文化囖,嗯,同埋真係好光鮮,可能比較有錢嘅國家.	"{""repetitionMode"":""adjacent_identical_tokens"",""baseSurface"":""好"",""matchedSurface"":""好好""}"	"[{""word"":""跟住"",""pos"":""c"",""jyutping"":""gan1zyu6""},{""word"":""其他"",""pos"":""r"",""jyutping"":""kei4taa1""},{""word"":""國家"",""pos"":""n"",""jyutping"":""gwok3gaa1""},{""word"":"","",""pos"":"""",""jyutping"":null},{""word"":""其實"",""pos"":""d"",""jyutping"":""kei4sat6""},{""word"":""度度"",""pos"":""r"",""jyutping"":""dou6dou6""},{""word"":""都"",""pos"":""d"",""jyutping"":""dou1""},{""word"":""好"",""pos"":""d"",""jyutping"":""hou2""},{""word"":""好"",""pos"":""a"",""jyutping"":""hou2""},{""word"":""囖"",""pos"":""y"",""jyutping"":""lo1""},{""word"":"","",""pos"":"""",""jyutping"":null},{""word"":""我"",""pos"":""r"",""jyutping"":""ngo5""},{""word"":""覺得"",""pos"":""v"",""jyutping"":""gok3dak1""},{""word"":""."",""pos"":"""",""jyutping"":null}]"	REQUIRES_EXPERT_CONTEXT_REVIEW
aa84br-c5669fbd4a3fbe2d1af6	FC-035_v2.cha	ddb29bab01e3e932a9a80ffb3342df28e08dfc77d7f4527f5fc39d5a25ea4f5b	18	129	4	XXX	internally_repeated_token	少	少少	m	NUM	siu2siu2				False	False							悶	嘞	悶	嘞	英國就比較悶少少嘞.	其他嗰啲,我諗都咁上下喇.	因為可能留七日,唔係,八日七夜喇.	"{""repetitionMode"":""internally_repeated_token"",""baseSurface"":""少"",""matchedSurface"":""少少""}"	"[{""word"":""英國"",""pos"":""ns"",""jyutping"":""jing1gwok3""},{""word"":""就"",""pos"":""d"",""jyutping"":""zau6""},{""word"":""比較"",""pos"":""d"",""jyutping"":""bei2gaau3""},{""word"":""悶"",""pos"":""a"",""jyutping"":""mun6""},{""word"":""少少"",""pos"":""m"",""jyutping"":""siu2siu2""},{""word"":""嘞"",""pos"":""y"",""jyutping"":""laak3""},{""word"":""."",""pos"":"""",""jyutping"":null}]"	REQUIRES_EXPERT_CONTEXT_REVIEW
aa84br-7dce197ee264f5ac6b28	FC-035_v2.cha	ddb29bab01e3e932a9a80ffb3342df28e08dfc77d7f4527f5fc39d5a25ea4f5b	18	134	6	XXX	internally_repeated_token	個	個個	q	NOUN	go3go3				False	True	2	覺得	v	VERB	gok3dak1	8	人	都	人	都	跟住返到屋企啲人個個都覺得我哋好傑出囖.	跟住,啊,係啊,好傑出嘅一樣嘢,由我走嗰時,喺香港走,我同我個friend都成廿七點幾Kg嘅-嘅哩個行李囖.	都唔知點掅囖,四袋嘢走噉樣.	"{""repetitionMode"":""internally_repeated_token"",""baseSurface"":""個"",""matchedSurface"":""個個""}"	"[{""word"":""跟住"",""pos"":""c"",""jyutping"":""gan1zyu6""},{""word"":""返"",""pos"":""v"",""jyutping"":""faan1""},{""word"":""到"",""pos"":""p"",""jyutping"":""dou3""},{""word"":""屋企"",""pos"":""n"",""jyutping"":""uk1kei2""},{""word"":""啲"",""pos"":""q"",""jyutping"":""di1""},{""word"":""人"",""pos"":""n"",""jyutping"":""jan4""},{""word"":""個個"",""pos"":""q"",""jyutping"":""go3go3""},{""word"":""都"",""pos"":""d"",""jyutping"":""dou1""},{""word"":""覺得"",""pos"":""v"",""jyutping"":""gok3dak1""},{""word"":""我哋"",""pos"":""r"",""jyutping"":""ngo5dei6""},{""word"":""好"",""pos"":""d"",""jyutping"":""hou2""},{""word"":""傑出"",""pos"":""a"",""jyutping"":""git6ceot1""},{""word"":""囖"",""pos"":""y"",""jyutping"":""lo1""},{""word"":""."",""pos"":"""",""jyutping"":null}]"	REQUIRES_EXPERT_CONTEXT_REVIEW
aa84br-64426c1bd3a17ea9c264	FC-035_v2.cha	ddb29bab01e3e932a9a80ffb3342df28e08dfc77d7f4527f5fc39d5a25ea4f5b	18	136	10	XXX	internally_repeated_token	少	少少	m	NUM	siu2siu2				False	True	1	無謂	a	ADJ	mou4wai6	11	咗	無謂	咗	無謂	同埋返到之後發現,可能都買咗少少無謂嘅衫囖,睇返都.	都唔知點掅囖,四袋嘢走噉樣.	咦,點解我會買?	"{""repetitionMode"":""internally_repeated_token"",""baseSurface"":""少"",""matchedSurface"":""少少""}"	"[{""word"":""同埋"",""pos"":""c"",""jyutping"":""tung4maai4""},{""word"":""返"",""pos"":""v"",""jyutping"":""faan1""},{""word"":""到"",""pos"":""p"",""jyutping"":""dou3""},{""word"":""之後"",""pos"":""f"",""jyutping"":""zi1hau6""},{""word"":""發現"",""pos"":""v"",""jyutping"":""faat3jin6""},{""word"":"","",""pos"":"""",""jyutping"":null},{""word"":""可能"",""pos"":""v"",""jyutping"":""ho2nang4""},{""word"":""都"",""pos"":""d"",""jyutping"":""dou1""},{""word"":""買"",""pos"":""v"",""jyutping"":""maai5""},{""word"":""咗"",""pos"":""u"",""jyutping"":""zo2""},{""word"":""少少"",""pos"":""m"",""jyutping"":""siu2siu2""},{""word"":""無謂"",""pos"":""a"",""jyutping"":""mou4wai6""},{""word"":""嘅"",""pos"":""u"",""jyutping"":""ge3""},{""word"":""衫"",""pos"":""n"",""jyutping"":""saam1""},{""word"":""囖"",""pos"":""y"",""jyutping"":""lo1""},{""word"":"","",""pos"":"""",""jyutping"":null},{""word"":""睇"",""pos"":""v"",""jyutping"":""tai2""},{""word"":""返"",""pos"":""u"",""jyutping"":""faan1""},{""word"":""都"",""pos"":""d"",""jyutping"":""dou1""},{""word"":""."",""pos"":"""",""jyutping"":null}]"	REQUIRES_EXPERT_CONTEXT_REVIEW
aa84br-3f41573638df372b4107	FC-038a_v2.cha	cd4ad166269f1a897199628fbebf608cca6cf01ecdb49fe51e80ed7340d7fc37	19	134	2	XXX	internally_repeated_token	少	少少	m	NUM	siu2siu2				False	True	3	幸運	a	ADJ	hang6wan6	7	,	,	誒	誒	誒,少少,誒,少少幸運喇.	噉都係步你後塵啫.	哦.	"{""repetitionMode"":""internally_repeated_token"",""baseSurface"":""少"",""matchedSurface"":""少少""}"	"[{""word"":""誒"",""pos"":""e"",""jyutping"":""e6""},{""word"":"","",""pos"":"""",""jyutping"":null},{""word"":""少少"",""pos"":""m"",""jyutping"":""siu2siu2""},{""word"":"","",""pos"":"""",""jyutping"":null},{""word"":""誒"",""pos"":""e"",""jyutping"":""e6""},{""word"":"","",""pos"":"""",""jyutping"":null},{""word"":""少少"",""pos"":""m"",""jyutping"":""siu2siu2""},{""word"":""幸運"",""pos"":""a"",""jyutping"":""hang6wan6""},{""word"":""喇"",""pos"":""y"",""jyutping"":""laa1""},{""word"":""."",""pos"":"""",""jyutping"":null}]"	REQUIRES_EXPERT_CONTEXT_REVIEW
aa84br-e1c4bc6091f6ba30aec3	FC-038a_v2.cha	cd4ad166269f1a897199628fbebf608cca6cf01ecdb49fe51e80ed7340d7fc37	19	134	6	XXX	internally_repeated_token	少	少少	m	NUM	siu2siu2				False	True	1	幸運	a	ADJ	hang6wan6	7	,	幸運	誒	幸運	誒,少少,誒,少少幸運喇.	噉都係步你後塵啫.	哦.	"{""repetitionMode"":""internally_repeated_token"",""baseSurface"":""少"",""matchedSurface"":""少少""}"	"[{""word"":""誒"",""pos"":""e"",""jyutping"":""e6""},{""word"":"","",""pos"":"""",""jyutping"":null},{""word"":""少少"",""pos"":""m"",""jyutping"":""siu2siu2""},{""word"":"","",""pos"":"""",""jyutping"":null},{""word"":""誒"",""pos"":""e"",""jyutping"":""e6""},{""word"":"","",""pos"":"""",""jyutping"":null},{""word"":""少少"",""pos"":""m"",""jyutping"":""siu2siu2""},{""word"":""幸運"",""pos"":""a"",""jyutping"":""hang6wan6""},{""word"":""喇"",""pos"":""y"",""jyutping"":""laa1""},{""word"":""."",""pos"":"""",""jyutping"":null}]"	REQUIRES_EXPERT_CONTEXT_REVIEW
aa84br-e552208cda80f056adf4	FC-038a_v2.cha	cd4ad166269f1a897199628fbebf608cca6cf01ecdb49fe51e80ed7340d7fc37	19	138	1	XXX	internally_repeated_token	少	少少	m	NUM	siu2siu2				False	True	1	意外	a	ADJ	ji3ngoi6	2	有	意外	有	意外	有少少意外喇佢哋,喀.	幾喇,幾喇,幾喇.	我平時冇咁-冇咁叻𠺢嗎.	"{""repetitionMode"":""internally_repeated_token"",""baseSurface"":""少"",""matchedSurface"":""少少""}"	"[{""word"":""有"",""pos"":""v1"",""jyutping"":""jau5""},{""word"":""少少"",""pos"":""m"",""jyutping"":""siu2siu2""},{""word"":""意外"",""pos"":""a"",""jyutping"":""ji3ngoi6""},{""word"":""喇"",""pos"":""y"",""jyutping"":""laa1""},{""word"":""佢哋"",""pos"":""r"",""jyutping"":""keoi5dei6""},{""word"":"","",""pos"":"""",""jyutping"":null},{""word"":""喀"",""pos"":""e"",""jyutping"":""haak6""},{""word"":""."",""pos"":"""",""jyutping"":null}]"	REQUIRES_EXPERT_CONTEXT_REVIEW
aa84br-aa29d9c5b2245101ddd6	FC-038a_v2.cha	cd4ad166269f1a897199628fbebf608cca6cf01ecdb49fe51e80ed7340d7fc37	19	140	1	XXX	internally_repeated_token	次	次次	r	PRON	ci3ci3				False	True	2	話	v	VERB	waa6	3	佢哋	都	佢哋	都	佢哋次次都話我臨尾先爆冷噉樣.	我平時冇咁-冇咁叻𠺢嗎.	噉都好吖,有得爆冷.	"{""repetitionMode"":""internally_repeated_token"",""baseSurface"":""次"",""matchedSurface"":""次次""}"	"[{""word"":""佢哋"",""pos"":""r"",""jyutping"":""keoi5dei6""},{""word"":""次次"",""pos"":""r"",""jyutping"":""ci3ci3""},{""word"":""都"",""pos"":""d"",""jyutping"":""dou1""},{""word"":""話"",""pos"":""v"",""jyutping"":""waa6""},{""word"":""我"",""pos"":""r"",""jyutping"":""ngo5""},{""word"":""臨尾"",""pos"":""f"",""jyutping"":""lam4mei1""},{""word"":""先"",""pos"":""d"",""jyutping"":""sin1""},{""word"":""爆冷"",""pos"":""v"",""jyutping"":""baau3laang5""},{""word"":""噉樣"",""pos"":""r"",""jyutping"":""gam2joeng2""},{""word"":""."",""pos"":"""",""jyutping"":null}]"	REQUIRES_EXPERT_CONTEXT_REVIEW
aa84br-a45975136398715caca1	FC-038b_v2.cha	4c6527d34ac3e5109b2cea1099627e8bc3a58f7f6ceadfe76f91ccdae2944eb4	20	28	11	XXX	internally_repeated_token	爸	爸爸	n	NOUN	baa4baa1				False	True	2	發覺	v	VERB	faat3gok3	14	個	,	個	就	噉𠻺可能未同佢溫書喇,即係個爸爸,就發覺佢唔係好掂喇.	嗯.	係.	"{""repetitionMode"":""internally_repeated_token"",""baseSurface"":""爸"",""matchedSurface"":""爸爸""}"	"[{""word"":""噉"",""pos"":""c"",""jyutping"":""gam2""},{""word"":""𠻺"",""pos"":""d"",""jyutping"":""aa6""},{""word"":""可能"",""pos"":""vu"",""jyutping"":""ho2nang4""},{""word"":""未"",""pos"":""d"",""jyutping"":""mei6""},{""word"":""同"",""pos"":""v"",""jyutping"":""tung4""},{""word"":""佢"",""pos"":""r"",""jyutping"":""keoi5""},{""word"":""溫書"",""pos"":""v"",""jyutping"":""wan1syu1""},{""word"":""喇"",""pos"":""y"",""jyutping"":""laa1""},{""word"":"","",""pos"":"""",""jyutping"":null},{""word"":""即係"",""pos"":""c"",""jyutping"":""zik1hai6""},{""word"":""個"",""pos"":""q"",""jyutping"":""go3""},{""word"":""爸爸"",""pos"":""n"",""jyutping"":""baa4baa1""},{""word"":"","",""pos"":"""",""jyutping"":null},{""word"":""就"",""pos"":""d"",""jyutping"":""zau6""},{""word"":""發覺"",""pos"":""v"",""jyutping"":""faat3gok3""},{""word"":""佢"",""pos"":""r"",""jyutping"":""keoi5""},{""word"":""唔係"",""pos"":""v"",""jyutping"":""m4hai6""},{""word"":""好"",""pos"":""d"",""jyutping"":""hou2""},{""word"":""掂"",""pos"":""a"",""jyutping"":""dim6""},{""word"":""喇"",""pos"":""y"",""jyutping"":""laa1""},{""word"":""."",""pos"":"""",""jyutping"":null}]"	REQUIRES_EXPERT_CONTEXT_REVIEW
aa84br-b1752cd089459cfe5b50	FC-038b_v2.cha	4c6527d34ac3e5109b2cea1099627e8bc3a58f7f6ceadfe76f91ccdae2944eb4	20	77	5	XXX	internally_repeated_token	個	個個	q	NOUN	go3go3				False	False							,	都	呢	都	噉𠻺好似呢,個個都,即係狀元嗰啲就會好威喇,喀.	係啊.	噉樣.	"{""repetitionMode"":""internally_repeated_token"",""baseSurface"":""個"",""matchedSurface"":""個個""}"	"[{""word"":""噉"",""pos"":""c"",""jyutping"":""gam2""},{""word"":""𠻺"",""pos"":""d"",""jyutping"":""aa6""},{""word"":""好似"",""pos"":""v"",""jyutping"":""hou2ci5""},{""word"":""呢"",""pos"":""y1"",""jyutping"":""ne1""},{""word"":"","",""pos"":"""",""jyutping"":null},{""word"":""個個"",""pos"":""q"",""jyutping"":""go3go3""},{""word"":""都"",""pos"":""d"",""jyutping"":""dou1""},{""word"":"","",""pos"":"""",""jyutping"":null},{""word"":""即係"",""pos"":""c"",""jyutping"":""zik1hai6""},{""word"":""狀元"",""pos"":""n"",""jyutping"":""zong6jyun4""},{""word"":""嗰啲"",""pos"":""r"",""jyutping"":""go2di1""},{""word"":""就"",""pos"":""d"",""jyutping"":""zau6""},{""word"":""會"",""pos"":""vu"",""jyutping"":""wui5""},{""word"":""好"",""pos"":""d"",""jyutping"":""hou2""},{""word"":""威"",""pos"":""a"",""jyutping"":""wai1""},{""word"":""喇"",""pos"":""y"",""jyutping"":""laa1""},{""word"":"","",""pos"":"""",""jyutping"":null},{""word"":""喀"",""pos"":""e"",""jyutping"":""haak6""},{""word"":""."",""pos"":"""",""jyutping"":null}]"	REQUIRES_EXPERT_CONTEXT_REVIEW
aa84br-a570d2966bc9e35973f8	FC-038b_v2.cha	4c6527d34ac3e5109b2cea1099627e8bc3a58f7f6ceadfe76f91ccdae2944eb4	20	103	21	XXX	internally_repeated_token	爸	爸爸	n	NOUN	baa4baa1				False	True	1	有	v1	VERB	jau5	22	定	有	定	有	噉我阿哥呢,噚日傾開哩個問題嘅時候,噉我又唔知我阿哥定爸爸有另外一個講法就話.	始終都係要自己努力喇,係唔係先?	噉應該呢就係,叫佢努力啲去讀書先,臨到最尾,先俾啲題目佢,俾啲答案佢望一望,即係話呢,即係佢本身已經有一個好好嘅基礎,你明唔明啊?	"{""repetitionMode"":""internally_repeated_token"",""baseSurface"":""爸"",""matchedSurface"":""爸爸""}"	"[{""word"":""噉"",""pos"":""c"",""jyutping"":""gam2""},{""word"":""我"",""pos"":""r"",""jyutping"":""ngo5""},{""word"":""阿哥"",""pos"":""n"",""jyutping"":""aa3go1""},{""word"":""呢"",""pos"":""y1"",""jyutping"":""ne1""},{""word"":"","",""pos"":"""",""jyutping"":null},{""word"":""噚日"",""pos"":""t"",""jyutping"":""cam4jat6""},{""word"":""傾"",""pos"":""v"",""jyutping"":""king1""},{""word"":""開"",""pos"":""u"",""jyutping"":""hoi1""},{""word"":""哩個"",""pos"":""r"",""jyutping"":""ni1go3""},{""word"":""問題"",""pos"":""n"",""jyutping"":""man6tai4""},{""word"":""嘅"",""pos"":""u"",""jyutping"":""ge3""},{""word"":""時候"",""pos"":""n"",""jyutping"":""si4hau6""},{""word"":"","",""pos"":"""",""jyutping"":null},{""word"":""噉"",""pos"":""c"",""jyutping"":""gam2""},{""word"":""我"",""pos"":""r"",""jyutping"":""ngo5""},{""word"":""又"",""pos"":""d"",""jyutping"":""jau6""},{""word"":""唔"",""pos"":""d"",""jyutping"":""m4""},{""word"":""知"",""pos"":""v"",""jyutping"":""zi1""},{""word"":""我"",""pos"":""r"",""jyutping"":""ngo5""},{""word"":""阿哥"",""pos"":""n"",""jyutping"":""aa3go1""},{""word"":""定"",""pos"":""c"",""jyutping"":""ding6""},{""word"":""爸爸"",""pos"":""n"",""jyutping"":""baa4baa1""},{""word"":""有"",""pos"":""v1"",""jyutping"":""jau5""},{""word"":""另外"",""pos"":""c"",""jyutping"":""ling6ngoi6""},{""word"":""一"",""pos"":""m"",""jyutping"":""jat1""},{""word"":""個"",""pos"":""q"",""jyutping"":""go3""},{""word"":""講法"",""pos"":""n"",""jyutping"":""gong2faat3""},{""word"":""就"",""pos"":""d"",""jyutping"":""zau6""},{""word"":""話"",""pos"":""v"",""jyutping"":""waa6""},{""word"":""."",""pos"":"""",""jyutping"":null}]"	REQUIRES_EXPERT_CONTEXT_REVIEW
aa84br-ad5f78a1a489a7a38c9a	FC-038b_v2.cha	4c6527d34ac3e5109b2cea1099627e8bc3a58f7f6ceadfe76f91ccdae2944eb4	20	104	43	XXX	adjacent_identical_tokens	好	好好	d	ADV	hou2	好	a	hou2	False	True	4	明	v	VERB	ming4	49	個	嘅	個	嘅	噉應該呢就係,叫佢努力啲去讀書先,臨到最尾,先俾啲題目佢,俾啲答案佢望一望,即係話呢,即係佢本身已經有一個好好嘅基礎,你明唔明啊?	噉我阿哥呢,噚日傾開哩個問題嘅時候,噉我又唔知我阿哥定爸爸有另外一個講法就話.	明白,明白.	"{""repetitionMode"":""adjacent_identical_tokens"",""baseSurface"":""好"",""matchedSurface"":""好好""}"	"[{""word"":""噉"",""pos"":""c"",""jyutping"":""gam2""},{""word"":""應該"",""pos"":""vu"",""jyutping"":""jing1goi1""},{""word"":""呢"",""pos"":""y1"",""jyutping"":""ne1""},{""word"":""就"",""pos"":""d"",""jyutping"":""zau6""},{""word"":""係"",""pos"":""v"",""jyutping"":""hai6""},{""word"":"","",""pos"":"""",""jyutping"":null},{""word"":""叫"",""pos"":""v"",""jyutping"":""giu3""},{""word"":""佢"",""pos"":""r"",""jyutping"":""keoi5""},{""word"":""努力"",""pos"":""v"",""jyutping"":""nou5lik6""},{""word"":""啲"",""pos"":""q"",""jyutping"":""di1""},{""word"":""去"",""pos"":""vk"",""jyutping"":""heoi3""},{""word"":""讀書"",""pos"":""v"",""jyutping"":""duk6syu1""},{""word"":""先"",""pos"":""d"",""jyutping"":""sin1""},{""word"":"","",""pos"":"""",""jyutping"":null},{""word"":""臨"",""pos"":""v"",""jyutping"":""lam4""},{""word"":""到"",""pos"":""v"",""jyutping"":""dou3""},{""word"":""最尾"",""pos"":""f"",""jyutping"":""zeoi3mei1""},{""word"":"","",""pos"":"""",""jyutping"":null},{""word"":""先"",""pos"":""d"",""jyutping"":""sin1""},{""word"":""俾"",""pos"":""p"",""jyutping"":""bei2""},{""word"":""啲"",""pos"":""q"",""jyutping"":""di1""},{""word"":""題目"",""pos"":""n"",""jyutping"":""tai4muk6""},{""word"":""佢"",""pos"":""r"",""jyutping"":""keoi5""},{""word"":"","",""pos"":"""",""jyutping"":null},{""word"":""俾"",""pos"":""p"",""jyutping"":""bei2""},{""word"":""啲"",""pos"":""q"",""jyutping"":""di1""},{""word"":""答案"",""pos"":""n"",""jyutping"":""daap3on3""},{""word"":""佢"",""pos"":""r"",""jyutping"":""keoi5""},{""word"":""望"",""pos"":""v"",""jyutping"":""mong6""},{""word"":""一"",""pos"":""m"",""jyutping"":""jat1""},{""word"":""望"",""pos"":""v"",""jyutping"":""mong6""},{""word"":"","",""pos"":"""",""jyutping"":null},{""word"":""即係"",""pos"":""c"",""jyutping"":""zik1hai6""},{""word"":""話"",""pos"":""v"",""jyutping"":""waa6""},{""word"":""呢"",""pos"":""y1"",""jyutping"":""ne1""},{""word"":"","",""pos"":"""",""jyutping"":null},{""word"":""即係"",""pos"":""c"",""jyutping"":""zik1hai6""},{""word"":""佢"",""pos"":""r"",""jyutping"":""keoi5""},{""word"":""本身"",""pos"":""r"",""jyutping"":""bun2san1""},{""word"":""已經"",""pos"":""d"",""jyutping"":""ji5ging1""},{""word"":""有"",""pos"":""v1"",""jyutping"":""jau5""},{""word"":""一"",""pos"":""m"",""jyutping"":""jat1""},{""word"":""個"",""pos"":""q"",""jyutping"":""go3""},{""word"":""好"",""pos"":""d"",""jyutping"":""hou2""},{""word"":""好"",""pos"":""a"",""jyutping"":""hou2""},{""word"":""嘅"",""pos"":""u"",""jyutping"":""ge3""},{""word"":""基礎"",""pos"":""n"",""jyutping"":""gei1co2""},{""word"":"","",""pos"":"""",""jyutping"":null},{""word"":""你"",""pos"":""r"",""jyutping"":""nei5""},{""word"":""明"",""pos"":""v"",""jyutping"":""ming4""},{""word"":""唔"",""pos"":""m"",""jyutping"":""m4""},{""word"":""明"",""pos"":""v"",""jyutping"":""ming4""},{""word"":""啊"",""pos"":""y"",""jyutping"":""aa3""},{""word"":""?"",""pos"":"""",""jyutping"":null}]"	REQUIRES_EXPERT_CONTEXT_REVIEW
aa84br-117d21d578fcd42f30ff	FC-038b_v2.cha	4c6527d34ac3e5109b2cea1099627e8bc3a58f7f6ceadfe76f91ccdae2944eb4	20	154	1	XXY	internally_repeated_token	姐	姐姐	n	NOUN	ze4ze1				False	True	2	陪	v	VERB	pui4	3	佢	都	佢	都	佢姐姐都陪住佢一齊去玩噉樣.	放榜完之後即刻去哩個漫畫城嗰度就買幾本漫畫睇噉樣.	喀.	"{""repetitionMode"":""internally_repeated_token"",""baseSurface"":""姐"",""matchedSurface"":""姐姐""}"	"[{""word"":""佢"",""pos"":""r"",""jyutping"":""keoi5""},{""word"":""姐姐"",""pos"":""n"",""jyutping"":""ze4ze1""},{""word"":""都"",""pos"":""d"",""jyutping"":""dou1""},{""word"":""陪"",""pos"":""v"",""jyutping"":""pui4""},{""word"":""住"",""pos"":""u"",""jyutping"":""zyu6""},{""word"":""佢"",""pos"":""r"",""jyutping"":""keoi5""},{""word"":""一齊"",""pos"":""d"",""jyutping"":""jat1cai4""},{""word"":""去"",""pos"":""vk"",""jyutping"":""heoi3""},{""word"":""玩"",""pos"":""v"",""jyutping"":""waan2""},{""word"":""噉樣"",""pos"":""r"",""jyutping"":""gam2joeng2""},{""word"":""."",""pos"":"""",""jyutping"":null}]"	REQUIRES_EXPERT_CONTEXT_REVIEW
aa84br-667424542cf4f48bbc7a	FC-038b_v2.cha	4c6527d34ac3e5109b2cea1099627e8bc3a58f7f6ceadfe76f91ccdae2944eb4	20	160	4	XXY	internally_repeated_token	下	下下	q	NOUN	haa5haa5				False	True	2	要	vu	AUX	jiu3	6	唔係	都	唔係	都	噉哩個社會唔係下下都要讀成書先得𠺢嗎.	喀.	嗯.	"{""repetitionMode"":""internally_repeated_token"",""baseSurface"":""下"",""matchedSurface"":""下下""}"	"[{""word"":""噉"",""pos"":""c"",""jyutping"":""gam2""},{""word"":""哩個"",""pos"":""r"",""jyutping"":""ni1go3""},{""word"":""社會"",""pos"":""n"",""jyutping"":""se5wui2""},{""word"":""唔係"",""pos"":""v"",""jyutping"":""m4hai6""},{""word"":""下下"",""pos"":""q"",""jyutping"":""haa5haa5""},{""word"":""都"",""pos"":""d"",""jyutping"":""dou1""},{""word"":""要"",""pos"":""vu"",""jyutping"":""jiu3""},{""word"":""讀"",""pos"":""v"",""jyutping"":""duk6""},{""word"":""成"",""pos"":""a"",""jyutping"":""seng4""},{""word"":""書"",""pos"":""n"",""jyutping"":""syu1""},{""word"":""先"",""pos"":""d"",""jyutping"":""sin1""},{""word"":""得"",""pos"":""v"",""jyutping"":""dak1""},{""word"":""𠺢"",""pos"":""y"",""jyutping"":""gaa1""},{""word"":""嗎"",""pos"":""y"",""jyutping"":""maa3""},{""word"":""."",""pos"":"""",""jyutping"":null}]"	REQUIRES_EXPERT_CONTEXT_REVIEW
aa84br-1469e88a192f79e2cc60	FC-038b_v2.cha	4c6527d34ac3e5109b2cea1099627e8bc3a58f7f6ceadfe76f91ccdae2944eb4	20	286	0	XXX	adjacent_identical_tokens	好	好好	a	ADJ	hou2	好	a	hou2	True	True	1	好	a	ADJ	hou2	3	<UTTERANCE_START>	,	<UTTERANCE_START>	好	好好,好.	食飯嚹,好唔好啊?		"{""repetitionMode"":""adjacent_identical_tokens"",""baseSurface"":""好"",""matchedSurface"":""好好""}"	"[{""word"":""好"",""pos"":""a"",""jyutping"":""hou2""},{""word"":""好"",""pos"":""a"",""jyutping"":""hou2""},{""word"":"","",""pos"":"""",""jyutping"":null},{""word"":""好"",""pos"":""a"",""jyutping"":""hou2""},{""word"":""."",""pos"":"""",""jyutping"":null}]"	REQUIRES_EXPERT_CONTEXT_REVIEW
aa84br-e5cd363cf000fd3f6262	FC-042_v.cha	4e8f9e2f767cf276afec05255706706cb3505cd646b2f5c1db21014db4405d20	21	43	18	XXH	internally_repeated_token	等	等等	u	PART	dang2dang2				False	False							啊	.	啊	<UTTERANCE_END>	走上去驗啊,劏開佢來割啊,解剖啊,攞標本啊等等.	我成日會覺得會有啲飛碟呢來地球拐帶啲人.	我都覺得有噉嘅可能囖.	"{""repetitionMode"":""internally_repeated_token"",""baseSurface"":""等"",""matchedSurface"":""等等""}"	"[{""word"":""走"",""pos"":""v"",""jyutping"":""zau2""},{""word"":""上去"",""pos"":""v"",""jyutping"":""soeng5heoi3""},{""word"":""驗"",""pos"":""v"",""jyutping"":""jim6""},{""word"":""啊"",""pos"":""y1"",""jyutping"":""aa3""},{""word"":"","",""pos"":"""",""jyutping"":null},{""word"":""劏"",""pos"":""v"",""jyutping"":""tong1""},{""word"":""開"",""pos"":""u"",""jyutping"":""hoi1""},{""word"":""佢"",""pos"":""r"",""jyutping"":""keoi5""},{""word"":""來"",""pos"":""p"",""jyutping"":""lai4""},{""word"":""割"",""pos"":""v"",""jyutping"":""got3""},{""word"":""啊"",""pos"":""y1"",""jyutping"":""aa3""},{""word"":"","",""pos"":"""",""jyutping"":null},{""word"":""解剖"",""pos"":""v"",""jyutping"":""gaai2fau2""},{""word"":""啊"",""pos"":""y1"",""jyutping"":""aa3""},{""word"":"","",""pos"":"""",""jyutping"":null},{""word"":""攞"",""pos"":""v"",""jyutping"":""lo2""},{""word"":""標本"",""pos"":""n"",""jyutping"":""biu1bun2""},{""word"":""啊"",""pos"":""y1"",""jyutping"":""aa3""},{""word"":""等等"",""pos"":""u"",""jyutping"":""dang2dang2""},{""word"":""."",""pos"":"""",""jyutping"":null}]"	REQUIRES_EXPERT_CONTEXT_REVIEW
aa84br-11dcedaad2654b277d35	FC-042_v.cha	4e8f9e2f767cf276afec05255706706cb3505cd646b2f5c1db21014db4405d20	21	46	12	XXH	internally_repeated_token	少	少少	m	NUM	siu2siu2				False	True	1	覺得	v	VERB	gok3dak1	13	有	覺得	有	覺得	即係我compare我with一個普通人呢,我有少少覺得自己格格不入.	唔係啊.	噉可能佢哋已經唔覺意換咗我個腦囖!不過哩個題外話喇.	"{""repetitionMode"":""internally_repeated_token"",""baseSurface"":""少"",""matchedSurface"":""少少""}"	"[{""word"":""即係"",""pos"":""c"",""jyutping"":""zik1hai6""},{""word"":""我"",""pos"":""r"",""jyutping"":""ngo5""},{""word"":""compare"",""pos"":""xv"",""jyutping"":null},{""word"":""我"",""pos"":""r"",""jyutping"":""ngo5""},{""word"":""with"",""pos"":""xp"",""jyutping"":null},{""word"":""一"",""pos"":""m"",""jyutping"":""jat1""},{""word"":""個"",""pos"":""q"",""jyutping"":""go3""},{""word"":""普通人"",""pos"":""n"",""jyutping"":""pou2tung1jan4""},{""word"":""呢"",""pos"":""y1"",""jyutping"":""ne1""},{""word"":"","",""pos"":"""",""jyutping"":null},{""word"":""我"",""pos"":""r"",""jyutping"":""ngo5""},{""word"":""有"",""pos"":""v1"",""jyutping"":""jau5""},{""word"":""少少"",""pos"":""m"",""jyutping"":""siu2siu2""},{""word"":""覺得"",""pos"":""v"",""jyutping"":""gok3dak1""},{""word"":""自己"",""pos"":""r"",""jyutping"":""zi6gei2""},{""word"":""格格不入"",""pos"":""i"",""jyutping"":""gaak3gaak3bat1jap6""},{""word"":""."",""pos"":"""",""jyutping"":null}]"	REQUIRES_EXPERT_CONTEXT_REVIEW
aa84br-e100b2e8510d4bface50	FC-042_v.cha	4e8f9e2f767cf276afec05255706706cb3505cd646b2f5c1db21014db4405d20	21	76	5	XXH	internally_repeated_token	少	少少	m	NUM	siu2siu2				False	False							有	唔同	有	唔同	但係其實原來重有少少唔同嘅形狀𡃉.	噉唔知點解之後見親啲嘢都係碟形.	有隻好common嘅雪茄形囖.	"{""repetitionMode"":""internally_repeated_token"",""baseSurface"":""少"",""matchedSurface"":""少少""}"	"[{""word"":""但係"",""pos"":""c"",""jyutping"":""daan6hai6""},{""word"":""其實"",""pos"":""d"",""jyutping"":""kei4sat6""},{""word"":""原來"",""pos"":""d"",""jyutping"":""jyun4loi4""},{""word"":""重"",""pos"":""a"",""jyutping"":""zung6""},{""word"":""有"",""pos"":""v1"",""jyutping"":""jau5""},{""word"":""少少"",""pos"":""m"",""jyutping"":""siu2siu2""},{""word"":""唔同"",""pos"":""d"",""jyutping"":""m4tung4""},{""word"":""嘅"",""pos"":""u"",""jyutping"":""ge3""},{""word"":""形狀"",""pos"":""n"",""jyutping"":""jing4zong6""},{""word"":""𡃉"",""pos"":""y"",""jyutping"":""gaa3""},{""word"":""."",""pos"":"""",""jyutping"":null}]"	REQUIRES_EXPERT_CONTEXT_REVIEW
aa84br-5223508c8b1a773f0da2	FC-044_v2.cha	72dc24a95d5582e7e52a6748c1ac01d08fe1918399ebfb107c551c6656435430	22	39	0	XXM	adjacent_identical_tokens	Zip1	Zip1Zip1	o	X	zip1	Zip1	o	zip1	True	True	3	上堂	v	VERB	soeng5tong4	5	<UTTERANCE_START>	聲	<UTTERANCE_START>	聲	Zip1Zip1聲啊,上堂唔明,Zip1Zip1聲啊.	可能係噉樣都唔定.	嗰啲呢.	"{""repetitionMode"":""adjacent_identical_tokens"",""baseSurface"":""Zip1"",""matchedSurface"":""Zip1Zip1""}"	"[{""word"":""Zip1"",""pos"":""o"",""jyutping"":""zip1""},{""word"":""Zip1"",""pos"":""o"",""jyutping"":""zip1""},{""word"":""聲"",""pos"":""n"",""jyutping"":""seng1""},{""word"":""啊"",""pos"":""y"",""jyutping"":""aa3""},{""word"":"","",""pos"":"""",""jyutping"":null},{""word"":""上堂"",""pos"":""v"",""jyutping"":""soeng5tong4""},{""word"":""唔"",""pos"":""d"",""jyutping"":""m4""},{""word"":""明"",""pos"":""v"",""jyutping"":""ming4""},{""word"":"","",""pos"":"""",""jyutping"":null},{""word"":""Zip1"",""pos"":""o"",""jyutping"":""zip1""},{""word"":""Zip1"",""pos"":""o"",""jyutping"":""zip1""},{""word"":""聲"",""pos"":""n"",""jyutping"":""seng1""},{""word"":""啊"",""pos"":""y"",""jyutping"":""aa3""},{""word"":""."",""pos"":"""",""jyutping"":null}]"	REQUIRES_EXPERT_CONTEXT_REVIEW
aa84br-325ab1234e95ee8d2a10	FC-044_v2.cha	72dc24a95d5582e7e52a6748c1ac01d08fe1918399ebfb107c551c6656435430	22	105	0	XXM	adjacent_identical_tokens	即係	即係即係	c	CCONJ	zik1hai6	即係	c	zik1hai6	True	True	1	平	a	ADJ	peng4	2	<UTTERANCE_START>	平	<UTTERANCE_START>	平	即係即係平平哋每人夾百-百零蚊就算𡃉喇嗎.	BigEcho賣廣告十蚊一餐咋喎.	有冇見到豬仔食到嘔嗰次啊?	"{""repetitionMode"":""adjacent_identical_tokens"",""baseSurface"":""即係"",""matchedSurface"":""即係即係""}"	"[{""word"":""即係"",""pos"":""c"",""jyutping"":""zik1hai6""},{""word"":""即係"",""pos"":""c"",""jyutping"":""zik1hai6""},{""word"":""平"",""pos"":""a"",""jyutping"":""peng4""},{""word"":""平"",""pos"":""a"",""jyutping"":""peng4""},{""word"":""哋"",""pos"":""u"",""jyutping"":""dei2""},{""word"":""每"",""pos"":""d"",""jyutping"":""mui5""},{""word"":""人"",""pos"":""n"",""jyutping"":""jan4""},{""word"":""夾"",""pos"":""v"",""jyutping"":""gaap3""},{""word"":""百"",""pos"":""m"",""jyutping"":""baak3""},{""word"":""-"",""pos"":"""",""jyutping"":null},{""word"":""百"",""pos"":""m"",""jyutping"":""baak3""},{""word"":""零"",""pos"":""m"",""jyutping"":""leng4""},{""word"":""蚊"",""pos"":""q"",""jyutping"":""man1""},{""word"":""就"",""pos"":""d"",""jyutping"":""zau6""},{""word"":""算"",""pos"":""v"",""jyutping"":""syun3""},{""word"":""𡃉"",""pos"":""y"",""jyutping"":""gaa3""},{""word"":""喇"",""pos"":""y"",""jyutping"":""laa1""},{""word"":""嗎"",""pos"":""y"",""jyutping"":""maa3""},{""word"":""."",""pos"":"""",""jyutping"":null}]"	REQUIRES_EXPERT_CONTEXT_REVIEW
aa84br-592a1942da97de6ecd3c	FC-044_v2.cha	72dc24a95d5582e7e52a6748c1ac01d08fe1918399ebfb107c551c6656435430	22	105	2	XXM	adjacent_identical_tokens	平	平平	a	ADJ	peng4	平	a	peng4	False	True	4	夾	v	VERB	gaap3	7	即係	哋	即係	哋	即係即係平平哋每人夾百-百零蚊就算𡃉喇嗎.	BigEcho賣廣告十蚊一餐咋喎.	有冇見到豬仔食到嘔嗰次啊?	"{""repetitionMode"":""adjacent_identical_tokens"",""baseSurface"":""平"",""matchedSurface"":""平平""}"	"[{""word"":""即係"",""pos"":""c"",""jyutping"":""zik1hai6""},{""word"":""即係"",""pos"":""c"",""jyutping"":""zik1hai6""},{""word"":""平"",""pos"":""a"",""jyutping"":""peng4""},{""word"":""平"",""pos"":""a"",""jyutping"":""peng4""},{""word"":""哋"",""pos"":""u"",""jyutping"":""dei2""},{""word"":""每"",""pos"":""d"",""jyutping"":""mui5""},{""word"":""人"",""pos"":""n"",""jyutping"":""jan4""},{""word"":""夾"",""pos"":""v"",""jyutping"":""gaap3""},{""word"":""百"",""pos"":""m"",""jyutping"":""baak3""},{""word"":""-"",""pos"":"""",""jyutping"":null},{""word"":""百"",""pos"":""m"",""jyutping"":""baak3""},{""word"":""零"",""pos"":""m"",""jyutping"":""leng4""},{""word"":""蚊"",""pos"":""q"",""jyutping"":""man1""},{""word"":""就"",""pos"":""d"",""jyutping"":""zau6""},{""word"":""算"",""pos"":""v"",""jyutping"":""syun3""},{""word"":""𡃉"",""pos"":""y"",""jyutping"":""gaa3""},{""word"":""喇"",""pos"":""y"",""jyutping"":""laa1""},{""word"":""嗎"",""pos"":""y"",""jyutping"":""maa3""},{""word"":""."",""pos"":"""",""jyutping"":null}]"	REQUIRES_EXPERT_CONTEXT_REVIEW
aa84br-7322cddd2e1503b2caca	FC-044_v2.cha	72dc24a95d5582e7e52a6748c1ac01d08fe1918399ebfb107c551c6656435430	22	119	1	XXE	internally_repeated_token	個	個個	q	NOUN	go3go3				False	True	2	食	v	VERB	sik6	3	我哋	一齊	我哋	一齊	我哋個個一齊食都冇事.	嘔咗兩次咁多.	得佢一個有事啫嗎.	"{""repetitionMode"":""internally_repeated_token"",""baseSurface"":""個"",""matchedSurface"":""個個""}"	"[{""word"":""我哋"",""pos"":""r"",""jyutping"":""ngo5dei6""},{""word"":""個個"",""pos"":""q"",""jyutping"":""go3go3""},{""word"":""一齊"",""pos"":""d"",""jyutping"":""jat1cai4""},{""word"":""食"",""pos"":""v"",""jyutping"":""sik6""},{""word"":""都"",""pos"":""d"",""jyutping"":""dou1""},{""word"":""冇事"",""pos"":""v"",""jyutping"":""mou5si6""},{""word"":""."",""pos"":"""",""jyutping"":null}]"	REQUIRES_EXPERT_CONTEXT_REVIEW
aa84br-76bea0a9241809d68ee6	FC-044_v2.cha	72dc24a95d5582e7e52a6748c1ac01d08fe1918399ebfb107c551c6656435430	22	130	4	XXE	adjacent_identical_tokens	又	又又	d	ADV	jau6	又	d	jau6	False	True	1	齊頭	a	ADJ	cai4tau4	6	""""	齊頭	又	齊頭	"但係又""""又又齊頭剪到啱啱齊喎."	係啊.	邊學似Lily咁有錢成日可以搬屋𡃉吖.	"{""repetitionMode"":""adjacent_identical_tokens"",""baseSurface"":""又"",""matchedSurface"":""又又""}"	"[{""word"":""但係"",""pos"":""c"",""jyutping"":""daan6hai6""},{""word"":""又"",""pos"":""d"",""jyutping"":""jau6""},{""word"":""\"""",""pos"":"""",""jyutping"":null},{""word"":""\"""",""pos"":"""",""jyutping"":null},{""word"":""又"",""pos"":""d"",""jyutping"":""jau6""},{""word"":""又"",""pos"":""d"",""jyutping"":""jau6""},{""word"":""齊頭"",""pos"":""a"",""jyutping"":""cai4tau4""},{""word"":""剪"",""pos"":""v"",""jyutping"":""zin2""},{""word"":""到"",""pos"":""u"",""jyutping"":""dou3""},{""word"":""啱啱"",""pos"":""d"",""jyutping"":""ngaam1ngaam1""},{""word"":""齊"",""pos"":""a"",""jyutping"":""cai4""},{""word"":""喎"",""pos"":""y"",""jyutping"":""wo3""},{""word"":""."",""pos"":"""",""jyutping"":null}]"	REQUIRES_EXPERT_CONTEXT_REVIEW
aa84br-51ba30d63032a2028018	FC-044_v2.cha	72dc24a95d5582e7e52a6748c1ac01d08fe1918399ebfb107c551c6656435430	22	130	9	XXE	internally_repeated_token	啱	啱啱	d	ADV	ngaam1ngaam1				False	True	1	齊	a	ADJ	cai4	10	到	齊	到	齊	"但係又""""又又齊頭剪到啱啱齊喎."	係啊.	邊學似Lily咁有錢成日可以搬屋𡃉吖.	"{""repetitionMode"":""internally_repeated_token"",""baseSurface"":""啱"",""matchedSurface"":""啱啱""}"	"[{""word"":""但係"",""pos"":""c"",""jyutping"":""daan6hai6""},{""word"":""又"",""pos"":""d"",""jyutping"":""jau6""},{""word"":""\"""",""pos"":"""",""jyutping"":null},{""word"":""\"""",""pos"":"""",""jyutping"":null},{""word"":""又"",""pos"":""d"",""jyutping"":""jau6""},{""word"":""又"",""pos"":""d"",""jyutping"":""jau6""},{""word"":""齊頭"",""pos"":""a"",""jyutping"":""cai4tau4""},{""word"":""剪"",""pos"":""v"",""jyutping"":""zin2""},{""word"":""到"",""pos"":""u"",""jyutping"":""dou3""},{""word"":""啱啱"",""pos"":""d"",""jyutping"":""ngaam1ngaam1""},{""word"":""齊"",""pos"":""a"",""jyutping"":""cai4""},{""word"":""喎"",""pos"":""y"",""jyutping"":""wo3""},{""word"":""."",""pos"":"""",""jyutping"":null}]"	REQUIRES_EXPERT_CONTEXT_REVIEW
aa84br-5f74bf0580fc1f9959cb	FC-044_v2.cha	72dc24a95d5582e7e52a6748c1ac01d08fe1918399ebfb107c551c6656435430	22	143	14	XXE	internally_repeated_token	少	少少	d	ADV	siu2siu2				False	True	2	多	a	ADJ	do1	16	咗	咁	咗	咁	嗱,第一次搬𠻺搬咗之後就-就遠咗少少咁多.	你應該一次過搬去屯門吖嗎應該.	跟住而家搬咗荃灣都唔係真係遠得幾多咋喎,話時話.	"{""repetitionMode"":""internally_repeated_token"",""baseSurface"":""少"",""matchedSurface"":""少少""}"	"[{""word"":""嗱"",""pos"":""y"",""jyutping"":""laa4""},{""word"":"","",""pos"":"""",""jyutping"":null},{""word"":""第一"",""pos"":""m"",""jyutping"":""dai6jat1""},{""word"":""次"",""pos"":""q"",""jyutping"":""ci3""},{""word"":""搬"",""pos"":""v"",""jyutping"":""bun1""},{""word"":""𠻺"",""pos"":""d"",""jyutping"":""aa6""},{""word"":""搬"",""pos"":""v"",""jyutping"":""bun1""},{""word"":""咗"",""pos"":""u"",""jyutping"":""zo2""},{""word"":""之後"",""pos"":""f"",""jyutping"":""zi1hau6""},{""word"":""就"",""pos"":""d"",""jyutping"":""zau6""},{""word"":""-"",""pos"":"""",""jyutping"":null},{""word"":""就"",""pos"":""d"",""jyutping"":""zau6""},{""word"":""遠"",""pos"":""a"",""jyutping"":""jyun5""},{""word"":""咗"",""pos"":""u"",""jyutping"":""zo2""},{""word"":""少少"",""pos"":""d"",""jyutping"":""siu2siu2""},{""word"":""咁"",""pos"":""d"",""jyutping"":""gam3""},{""word"":""多"",""pos"":""a"",""jyutping"":""do1""},{""word"":""."",""pos"":"""",""jyutping"":null}]"	REQUIRES_EXPERT_CONTEXT_REVIEW
aa84br-c3c9957b7c847b653281	FC-044_v2.cha	72dc24a95d5582e7e52a6748c1ac01d08fe1918399ebfb107c551c6656435430	22	169	1	XXE	internally_repeated_token	流	流流	n	NOUN	lau4lau4				False	True	2	講	v	VERB	gong2	3	生日	真係	生日	真係	生日流流真係講埋啲噉嘅嘢.	係喇.	阿老爺,借問聲你買咗啲衰人禮物未啊?	"{""repetitionMode"":""internally_repeated_token"",""baseSurface"":""流"",""matchedSurface"":""流流""}"	"[{""word"":""生日"",""pos"":""n"",""jyutping"":""saang1jat6""},{""word"":""流流"",""pos"":""n"",""jyutping"":""lau4lau4""},{""word"":""真係"",""pos"":""d"",""jyutping"":""zan1hai6""},{""word"":""講"",""pos"":""v"",""jyutping"":""gong2""},{""word"":""埋"",""pos"":""u"",""jyutping"":""maai4""},{""word"":""啲"",""pos"":""q"",""jyutping"":""di1""},{""word"":""噉"",""pos"":""r"",""jyutping"":""gam2""},{""word"":""嘅"",""pos"":""u"",""jyutping"":""ge3""},{""word"":""嘢"",""pos"":""n"",""jyutping"":""je5""},{""word"":""."",""pos"":"""",""jyutping"":null}]"	REQUIRES_EXPERT_CONTEXT_REVIEW
aa84br-a5d512c879a1d74bd7c0	FC-044_v2.cha	72dc24a95d5582e7e52a6748c1ac01d08fe1918399ebfb107c551c6656435430	22	175	0	XXE	internally_repeated_token	啱	啱啱	d	ADV	ngaam1ngaam1				True	True	4	隔離	v	VERB	gaak3lei4	5	<UTTERANCE_START>	又	<UTTERANCE_START>	又	啱啱又-又喺隔離噉樣呢.	點答你好呢?	佢又唔出聲喎真係.	"{""repetitionMode"":""internally_repeated_token"",""baseSurface"":""啱"",""matchedSurface"":""啱啱""}"	"[{""word"":""啱啱"",""pos"":""d"",""jyutping"":""ngaam1ngaam1""},{""word"":""又"",""pos"":""d"",""jyutping"":""jau6""},{""word"":""-"",""pos"":"""",""jyutping"":null},{""word"":""又"",""pos"":""d"",""jyutping"":""jau6""},{""word"":""喺"",""pos"":""p"",""jyutping"":""hai2""},{""word"":""隔離"",""pos"":""v"",""jyutping"":""gaak3lei4""},{""word"":""噉樣"",""pos"":""c"",""jyutping"":""gam2joeng2""},{""word"":""呢"",""pos"":""y"",""jyutping"":""ne1""},{""word"":""."",""pos"":"""",""jyutping"":null}]"	REQUIRES_EXPERT_CONTEXT_REVIEW
aa84br-b794ce91e16a89279f38	FC-044_v2.cha	72dc24a95d5582e7e52a6748c1ac01d08fe1918399ebfb107c551c6656435430	22	225	2	XXE	internally_repeated_token	試	試試	v	VERB	si3si3				False	False							不妨	喇	不妨	喇	噉不妨試試喇.	係啊.	等陣先!有啲斷-斷尾.	"{""repetitionMode"":""internally_repeated_token"",""baseSurface"":""試"",""matchedSurface"":""試試""}"	"[{""word"":""噉"",""pos"":""c"",""jyutping"":""gam2""},{""word"":""不妨"",""pos"":""d"",""jyutping"":""bat1fong4""},{""word"":""試試"",""pos"":""v"",""jyutping"":""si3si3""},{""word"":""喇"",""pos"":""y"",""jyutping"":""laa1""},{""word"":""."",""pos"":"""",""jyutping"":null}]"	REQUIRES_EXPERT_CONTEXT_REVIEW
aa84br-d0b0b268432e8035158f	FC-044_v2.cha	72dc24a95d5582e7e52a6748c1ac01d08fe1918399ebfb107c551c6656435430	22	298	2	XXE	adjacent_identical_tokens	食	食食	v	VERB	sik6	食	v	sik6	False	True	5	行	v	VERB	haang4	9	我哋	下	我哋	下	如果我哋食食下飯突然間,或者行行下街突然間會有一班人衝出來.	但係我諗噉樣會幾壯觀𡃉囖到時.	有班人出來劈友啊.	"{""repetitionMode"":""adjacent_identical_tokens"",""baseSurface"":""食"",""matchedSurface"":""食食""}"	"[{""word"":""如果"",""pos"":""c"",""jyutping"":""jyu4gwo2""},{""word"":""我哋"",""pos"":""r"",""jyutping"":""ngo5dei6""},{""word"":""食"",""pos"":""v"",""jyutping"":""sik6""},{""word"":""食"",""pos"":""v"",""jyutping"":""sik6""},{""word"":""下"",""pos"":""u"",""jyutping"":""haa5""},{""word"":""飯"",""pos"":""n"",""jyutping"":""faan6""},{""word"":""突然間"",""pos"":""d"",""jyutping"":""dat6jin4gaan1""},{""word"":"","",""pos"":"""",""jyutping"":null},{""word"":""或者"",""pos"":""c"",""jyutping"":""waak6ze2""},{""word"":""行"",""pos"":""v"",""jyutping"":""haang4""},{""word"":""行"",""pos"":""v"",""jyutping"":""haang4""},{""word"":""下"",""pos"":""u"",""jyutping"":""haa5""},{""word"":""街"",""pos"":""n"",""jyutping"":""gaai1""},{""word"":""突然間"",""pos"":""d"",""jyutping"":""dat6jin4gaan1""},{""word"":""會"",""pos"":""vu"",""jyutping"":""wui5""},{""word"":""有"",""pos"":""v1"",""jyutping"":""jau5""},{""word"":""一"",""pos"":""m"",""jyutping"":""jat1""},{""word"":""班"",""pos"":""q"",""jyutping"":""baan1""},{""word"":""人"",""pos"":""n"",""jyutping"":""jan4""},{""word"":""衝"",""pos"":""v"",""jyutping"":""cung1""},{""word"":""出來"",""pos"":""v"",""jyutping"":""ceot1lai4""},{""word"":""."",""pos"":"""",""jyutping"":null}]"	REQUIRES_EXPERT_CONTEXT_REVIEW
aa84br-9ea53fccb7d36f1cdc32	FC-044_v2.cha	72dc24a95d5582e7e52a6748c1ac01d08fe1918399ebfb107c551c6656435430	22	298	9	XXE	adjacent_identical_tokens	行	行行	v	VERB	haang4	行	v	haang4	False	True	4	會	vu	AUX	wui5	14	或者	下	或者	下	如果我哋食食下飯突然間,或者行行下街突然間會有一班人衝出來.	但係我諗噉樣會幾壯觀𡃉囖到時.	有班人出來劈友啊.	"{""repetitionMode"":""adjacent_identical_tokens"",""baseSurface"":""行"",""matchedSurface"":""行行""}"	"[{""word"":""如果"",""pos"":""c"",""jyutping"":""jyu4gwo2""},{""word"":""我哋"",""pos"":""r"",""jyutping"":""ngo5dei6""},{""word"":""食"",""pos"":""v"",""jyutping"":""sik6""},{""word"":""食"",""pos"":""v"",""jyutping"":""sik6""},{""word"":""下"",""pos"":""u"",""jyutping"":""haa5""},{""word"":""飯"",""pos"":""n"",""jyutping"":""faan6""},{""word"":""突然間"",""pos"":""d"",""jyutping"":""dat6jin4gaan1""},{""word"":"","",""pos"":"""",""jyutping"":null},{""word"":""或者"",""pos"":""c"",""jyutping"":""waak6ze2""},{""word"":""行"",""pos"":""v"",""jyutping"":""haang4""},{""word"":""行"",""pos"":""v"",""jyutping"":""haang4""},{""word"":""下"",""pos"":""u"",""jyutping"":""haa5""},{""word"":""街"",""pos"":""n"",""jyutping"":""gaai1""},{""word"":""突然間"",""pos"":""d"",""jyutping"":""dat6jin4gaan1""},{""word"":""會"",""pos"":""vu"",""jyutping"":""wui5""},{""word"":""有"",""pos"":""v1"",""jyutping"":""jau5""},{""word"":""一"",""pos"":""m"",""jyutping"":""jat1""},{""word"":""班"",""pos"":""q"",""jyutping"":""baan1""},{""word"":""人"",""pos"":""n"",""jyutping"":""jan4""},{""word"":""衝"",""pos"":""v"",""jyutping"":""cung1""},{""word"":""出來"",""pos"":""v"",""jyutping"":""ceot1lai4""},{""word"":""."",""pos"":"""",""jyutping"":null}]"	REQUIRES_EXPERT_CONTEXT_REVIEW
aa84br-87d53e071e935f813b96	FC-044_v2.cha	72dc24a95d5582e7e52a6748c1ac01d08fe1918399ebfb107c551c6656435430	22	305	4	XXE	internally_repeated_token	少	少少	m	NUM	siu2siu2				False	False							咗	真係	咗	真係	噉又過份咗少少真係.	吓?	你最多話鍾意你噉嘅噉樣嘅安排.	"{""repetitionMode"":""internally_repeated_token"",""baseSurface"":""少"",""matchedSurface"":""少少""}"	"[{""word"":""噉"",""pos"":""c"",""jyutping"":""gam2""},{""word"":""又"",""pos"":""d"",""jyutping"":""jau6""},{""word"":""過份"",""pos"":""a"",""jyutping"":""gwo3fan6""},{""word"":""咗"",""pos"":""u"",""jyutping"":""zo2""},{""word"":""少少"",""pos"":""m"",""jyutping"":""siu2siu2""},{""word"":""真係"",""pos"":""d"",""jyutping"":""zan1hai6""},{""word"":""."",""pos"":"""",""jyutping"":null}]"	REQUIRES_EXPERT_CONTEXT_REVIEW
aa84br-7ba98e1ba2e5a02a49be	FC-044_v2.cha	72dc24a95d5582e7e52a6748c1ac01d08fe1918399ebfb107c551c6656435430	22	312	0	XXE	internally_repeated_token	啱	啱啱	d	ADV	ngaam1ngaam1				True	True	1	砌	v	VERB	cai3	1	<UTTERANCE_START>	砌	<UTTERANCE_START>	砌	啱啱砌到咁-啱啱好𠸏又會.	唔係喎我諗阿Maggie佢都-喂,你都幾齊𡃉喎.	係囖.	"{""repetitionMode"":""internally_repeated_token"",""baseSurface"":""啱"",""matchedSurface"":""啱啱""}"	"[{""word"":""啱啱"",""pos"":""d"",""jyutping"":""ngaam1ngaam1""},{""word"":""砌"",""pos"":""v"",""jyutping"":""cai3""},{""word"":""到"",""pos"":""u"",""jyutping"":""dou3""},{""word"":""咁"",""pos"":""d"",""jyutping"":""gam3""},{""word"":""-"",""pos"":"""",""jyutping"":null},{""word"":""啱啱"",""pos"":""d"",""jyutping"":""ngaam1ngaam1""},{""word"":""好"",""pos"":""a"",""jyutping"":""hou2""},{""word"":""𠸏"",""pos"":""y"",""jyutping"":""ge2""},{""word"":""又"",""pos"":""d"",""jyutping"":""jau6""},{""word"":""會"",""pos"":""vu"",""jyutping"":""wui5""},{""word"":""."",""pos"":"""",""jyutping"":null}]"	REQUIRES_EXPERT_CONTEXT_REVIEW
aa84br-ca75415b8c5ed8e76771	FC-044_v2.cha	72dc24a95d5582e7e52a6748c1ac01d08fe1918399ebfb107c551c6656435430	22	312	5	XXE	internally_repeated_token	啱	啱啱	d	ADV	ngaam1ngaam1				False	True	1	好	a	ADJ	hou2	6	-	好	咁	好	啱啱砌到咁-啱啱好𠸏又會.	唔係喎我諗阿Maggie佢都-喂,你都幾齊𡃉喎.	係囖.	"{""repetitionMode"":""internally_repeated_token"",""baseSurface"":""啱"",""matchedSurface"":""啱啱""}"	"[{""word"":""啱啱"",""pos"":""d"",""jyutping"":""ngaam1ngaam1""},{""word"":""砌"",""pos"":""v"",""jyutping"":""cai3""},{""word"":""到"",""pos"":""u"",""jyutping"":""dou3""},{""word"":""咁"",""pos"":""d"",""jyutping"":""gam3""},{""word"":""-"",""pos"":"""",""jyutping"":null},{""word"":""啱啱"",""pos"":""d"",""jyutping"":""ngaam1ngaam1""},{""word"":""好"",""pos"":""a"",""jyutping"":""hou2""},{""word"":""𠸏"",""pos"":""y"",""jyutping"":""ge2""},{""word"":""又"",""pos"":""d"",""jyutping"":""jau6""},{""word"":""會"",""pos"":""vu"",""jyutping"":""wui5""},{""word"":""."",""pos"":"""",""jyutping"":null}]"	REQUIRES_EXPERT_CONTEXT_REVIEW
aa84br-2645e978cc072977461f	FC-044_v2.cha	72dc24a95d5582e7e52a6748c1ac01d08fe1918399ebfb107c551c6656435430	22	352	0	XXE	internally_repeated_token	個	個個	q	NOUN	go3go3				True	True	2	係	v	VERB	hai6	2	<UTTERANCE_START>	都	<UTTERANCE_START>	都	個個都係掛住子陵𡃉.	唉,真係.	見-見-見親我都話掛住子陵𡃉.	"{""repetitionMode"":""internally_repeated_token"",""baseSurface"":""個"",""matchedSurface"":""個個""}"	"[{""word"":""個個"",""pos"":""q"",""jyutping"":""go3go3""},{""word"":""都"",""pos"":""d"",""jyutping"":""dou1""},{""word"":""係"",""pos"":""v"",""jyutping"":""hai6""},{""word"":""掛住"",""pos"":""v"",""jyutping"":""gwaa3zyu6""},{""word"":""子陵"",""pos"":""nr"",""jyutping"":""zi2ling4""},{""word"":""𡃉"",""pos"":""y"",""jyutping"":""gaa3""},{""word"":""."",""pos"":"""",""jyutping"":null}]"	REQUIRES_EXPERT_CONTEXT_REVIEW
aa84br-9de9f593770fbc5e2ba8	FC-044_v2.cha	72dc24a95d5582e7e52a6748c1ac01d08fe1918399ebfb107c551c6656435430	22	360	7	XXE	adjacent_identical_tokens	就	就就	d	ADV	zau6	就	d	zau6	False	True	1	返	v	VERB	faan1	9	跟住	返	跟住	返	噉但係去幾日呢跟住就就返鄉下囖.	噉𠻺佢哋其實去短線團呢去幾日𡃉咋.	吓?	"{""repetitionMode"":""adjacent_identical_tokens"",""baseSurface"":""就"",""matchedSurface"":""就就""}"	"[{""word"":""噉"",""pos"":""c"",""jyutping"":""gam2""},{""word"":""但係"",""pos"":""c"",""jyutping"":""daan6hai6""},{""word"":""去"",""pos"":""v"",""jyutping"":""heoi3""},{""word"":""幾"",""pos"":""m"",""jyutping"":""gei2""},{""word"":""日"",""pos"":""q"",""jyutping"":""jat6""},{""word"":""呢"",""pos"":""y"",""jyutping"":""ne1""},{""word"":""跟住"",""pos"":""c"",""jyutping"":""gan1zyu6""},{""word"":""就"",""pos"":""d"",""jyutping"":""zau6""},{""word"":""就"",""pos"":""d"",""jyutping"":""zau6""},{""word"":""返"",""pos"":""v"",""jyutping"":""faan1""},{""word"":""鄉下"",""pos"":""s"",""jyutping"":""hoeng1haa2""},{""word"":""囖"",""pos"":""y"",""jyutping"":""lo1""},{""word"":""."",""pos"":"""",""jyutping"":null}]"	REQUIRES_EXPERT_CONTEXT_REVIEW
aa84br-7dde0963fdf888671c8a	FC-044_v2.cha	72dc24a95d5582e7e52a6748c1ac01d08fe1918399ebfb107c551c6656435430	22	401	8	XXE	internally_repeated_token	少	少少	m	NUM	siu2siu2				False	False							咗	即係	咗	即係	噉但係睇戲又好似即係無聊咗少少即係.	哦噉𠻺係.	雖然我哩排都有好多戲想睇,但係冇-,苦冇人同我睇囖.	"{""repetitionMode"":""internally_repeated_token"",""baseSurface"":""少"",""matchedSurface"":""少少""}"	"[{""word"":""噉"",""pos"":""c"",""jyutping"":""gam2""},{""word"":""但係"",""pos"":""c"",""jyutping"":""daan6hai6""},{""word"":""睇戲"",""pos"":""v"",""jyutping"":""tai2hei3""},{""word"":""又"",""pos"":""d"",""jyutping"":""jau6""},{""word"":""好似"",""pos"":""v"",""jyutping"":""hou2ci5""},{""word"":""即係"",""pos"":""c"",""jyutping"":""zik1hai6""},{""word"":""無聊"",""pos"":""a"",""jyutping"":""mou4liu4""},{""word"":""咗"",""pos"":""u"",""jyutping"":""zo2""},{""word"":""少少"",""pos"":""m"",""jyutping"":""siu2siu2""},{""word"":""即係"",""pos"":""c"",""jyutping"":""zik1hai6""},{""word"":""."",""pos"":"""",""jyutping"":null}]"	REQUIRES_EXPERT_CONTEXT_REVIEW
aa84br-65dfc5f42d2e9780702d	FC-044_v2.cha	72dc24a95d5582e7e52a6748c1ac01d08fe1918399ebfb107c551c6656435430	22	421	3	XXM	adjacent_identical_tokens	嗰個	嗰個嗰個	r	PRON	go2go3	嗰個	r	go2go3	False	True	2	係	v	VERB	hai6	6	○	呢	隔離	呢	我隔離○嗰個嗰個呢係阿婆來.	好搞笑啊.	阿婆呢成日搭嘴啊.	"{""repetitionMode"":""adjacent_identical_tokens"",""baseSurface"":""嗰個"",""matchedSurface"":""嗰個嗰個""}"	"[{""word"":""我"",""pos"":""r"",""jyutping"":""ngo5""},{""word"":""隔離"",""pos"":""v"",""jyutping"":""gaak3lei4""},{""word"":""○"",""pos"":""#"",""jyutping"":null},{""word"":""嗰個"",""pos"":""r"",""jyutping"":""go2go3""},{""word"":""嗰個"",""pos"":""r"",""jyutping"":""go2go3""},{""word"":""呢"",""pos"":""y1"",""jyutping"":""ne1""},{""word"":""係"",""pos"":""v"",""jyutping"":""hai6""},{""word"":""阿婆"",""pos"":""n"",""jyutping"":""aa3po4""},{""word"":""來"",""pos"":""v"",""jyutping"":""lai4""},{""word"":""."",""pos"":"""",""jyutping"":null}]"	REQUIRES_EXPERT_CONTEXT_REVIEW
aa84br-6909ada1aeacdd97bb40	FC-044_v2.cha	72dc24a95d5582e7e52a6748c1ac01d08fe1918399ebfb107c551c6656435430	22	426	10	XXM	internally_repeated_token	個	個個	q	NOUN	go3go3				False	True	2	霎	v	VERB	saap6	12	,	都	呢	都	跟住呢另外嗰幾個新先生呢,個個都霎吓霎吓噉樣呢.	阿婆對面嗰個都係阿婆.	但係佢哋後唔後生先最緊要.	"{""repetitionMode"":""internally_repeated_token"",""baseSurface"":""個"",""matchedSurface"":""個個""}"	"[{""word"":""跟住"",""pos"":""c"",""jyutping"":""gan1zyu6""},{""word"":""呢"",""pos"":""y1"",""jyutping"":""ne1""},{""word"":""另外"",""pos"":""c"",""jyutping"":""ling6ngoi6""},{""word"":""嗰"",""pos"":""r"",""jyutping"":""go2""},{""word"":""幾"",""pos"":""m"",""jyutping"":""gei2""},{""word"":""個"",""pos"":""q"",""jyutping"":""go3""},{""word"":""新"",""pos"":""a"",""jyutping"":""san1""},{""word"":""先生"",""pos"":""n"",""jyutping"":""sin1saang1""},{""word"":""呢"",""pos"":""y1"",""jyutping"":""ne1""},{""word"":"","",""pos"":"""",""jyutping"":null},{""word"":""個個"",""pos"":""q"",""jyutping"":""go3go3""},{""word"":""都"",""pos"":""d"",""jyutping"":""dou1""},{""word"":""霎"",""pos"":""v"",""jyutping"":""saap6""},{""word"":""吓"",""pos"":""u"",""jyutping"":""haa5""},{""word"":""霎"",""pos"":""v"",""jyutping"":""saap6""},{""word"":""吓"",""pos"":""u"",""jyutping"":""haa5""},{""word"":""噉樣"",""pos"":""c"",""jyutping"":""gam2joeng2""},{""word"":""呢"",""pos"":""y"",""jyutping"":""ne1""},{""word"":""."",""pos"":"""",""jyutping"":null}]"	REQUIRES_EXPERT_CONTEXT_REVIEW
aa84br-cfddbea25d22f65197a1	FC-044_v2.cha	72dc24a95d5582e7e52a6748c1ac01d08fe1918399ebfb107c551c6656435430	22	455	6	XXE	internally_repeated_token	少	少少	m	NUM	siu2siu2				False	False							咗	.	咗	<UTTERANCE_END>	話細有啲那個咗少少.	"點只唔係"""",直程細,噉又唔可以話細真係."	點都細過你,係唔係啊?	"{""repetitionMode"":""internally_repeated_token"",""baseSurface"":""少"",""matchedSurface"":""少少""}"	"[{""word"":""話"",""pos"":""v"",""jyutping"":""waa6""},{""word"":""細"",""pos"":""a"",""jyutping"":""sai3""},{""word"":""有"",""pos"":""v1"",""jyutping"":""jau5""},{""word"":""啲"",""pos"":""m"",""jyutping"":""di1""},{""word"":""那個"",""pos"":""r"",""jyutping"":""naa5go3""},{""word"":""咗"",""pos"":""u"",""jyutping"":""zo2""},{""word"":""少少"",""pos"":""m"",""jyutping"":""siu2siu2""},{""word"":""."",""pos"":"""",""jyutping"":null}]"	REQUIRES_EXPERT_CONTEXT_REVIEW
aa84br-4b1495e30f373edd750f	FC-045_v2.cha	3b1b5ada7cebf940e99af50b4056be09f644177155a8627e1e9b28c4239e9c0d	23	0	3	XXK	internally_repeated_token	B	BB	xn	NOUN					False	False							好多	啊	好多	啊	嘩,好多BB啊.		"""""靜晒啊你?"	"{""repetitionMode"":""internally_repeated_token"",""baseSurface"":""B"",""matchedSurface"":""BB""}"	"[{""word"":""嘩"",""pos"":""e"",""jyutping"":""waa3""},{""word"":"","",""pos"":"""",""jyutping"":null},{""word"":""好多"",""pos"":""m"",""jyutping"":""hou2do1""},{""word"":""BB"",""pos"":""xn"",""jyutping"":null},{""word"":""啊"",""pos"":""y"",""jyutping"":""aa3""},{""word"":""."",""pos"":"""",""jyutping"":null}]"	REQUIRES_EXPERT_CONTEXT_REVIEW
aa84br-cc3fa9b6c2792e127f4b	FC-045_v2.cha	3b1b5ada7cebf940e99af50b4056be09f644177155a8627e1e9b28c4239e9c0d	23	10	4	XXK	internally_repeated_token	B	BB	xn	NOUN					False	False							都	𠸏	都	𠸏	嘩,全部都BB𠸏?	點解要口罩呢其實?	喺火山上邊吖嗎.	"{""repetitionMode"":""internally_repeated_token"",""baseSurface"":""B"",""matchedSurface"":""BB""}"	"[{""word"":""嘩"",""pos"":""e"",""jyutping"":""waa3""},{""word"":"","",""pos"":"""",""jyutping"":null},{""word"":""全部"",""pos"":""m"",""jyutping"":""cyun4bou6""},{""word"":""都"",""pos"":""d"",""jyutping"":""dou1""},{""word"":""BB"",""pos"":""xn"",""jyutping"":null},{""word"":""𠸏"",""pos"":""y"",""jyutping"":""ge2""},{""word"":""?"",""pos"":"""",""jyutping"":null}]"	REQUIRES_EXPERT_CONTEXT_REVIEW
aa84br-c165c6211e235b27a187	FC-045_v2.cha	3b1b5ada7cebf940e99af50b4056be09f644177155a8627e1e9b28c4239e9c0d	23	38	1	XXK	internally_repeated_token	啱	啱啱	t	ADV	aam1aam1				False	True	1	返來	v	VERB	faan1lai4	2	埃塞俄比亞	返來	埃塞俄比亞	返來	埃塞俄比亞啱啱返來噉樣.	黐線.	係囖.	"{""repetitionMode"":""internally_repeated_token"",""baseSurface"":""啱"",""matchedSurface"":""啱啱""}"	"[{""word"":""埃塞俄比亞"",""pos"":""ns"",""jyutping"":""aai1coi3ngo4bei2aa3""},{""word"":""啱啱"",""pos"":""t"",""jyutping"":""aam1aam1""},{""word"":""返來"",""pos"":""v"",""jyutping"":""faan1lai4""},{""word"":""噉樣"",""pos"":""r"",""jyutping"":""gam2joeng2""},{""word"":""."",""pos"":"""",""jyutping"":null}]"	REQUIRES_EXPERT_CONTEXT_REVIEW
aa84br-5f825836fdc7b5156fc1	FC-045_v2.cha	3b1b5ada7cebf940e99af50b4056be09f644177155a8627e1e9b28c4239e9c0d	23	47	2	XXE	internally_repeated_token	啱	啱啱	t	ADV	aam1aam1				False	True	1	跣低	v	VERB	sin3dai1	3	唔係	跣低	唔係	跣低	"係唔係啱啱跣低哩-嗰位,""""揸機嗰個?"	做乜嘢搞張噉嘅嘢啊?	哩部都幾多你啊,Lily.	"{""repetitionMode"":""internally_repeated_token"",""baseSurface"":""啱"",""matchedSurface"":""啱啱""}"	"[{""word"":""係"",""pos"":""v"",""jyutping"":""hai6""},{""word"":""唔係"",""pos"":""v"",""jyutping"":""m4hai6""},{""word"":""啱啱"",""pos"":""t"",""jyutping"":""aam1aam1""},{""word"":""跣低"",""pos"":""v"",""jyutping"":""sin3dai1""},{""word"":""哩"",""pos"":""r"",""jyutping"":""ni1""},{""word"":""-"",""pos"":"""",""jyutping"":null},{""word"":""嗰"",""pos"":""r"",""jyutping"":""go2""},{""word"":""位"",""pos"":""q"",""jyutping"":""wai2""},{""word"":"","",""pos"":"""",""jyutping"":null},{""word"":""\"""",""pos"":"""",""jyutping"":null},{""word"":""\"""",""pos"":"""",""jyutping"":null},{""word"":""揸"",""pos"":""v"",""jyutping"":""zaa1""},{""word"":""機"",""pos"":""n"",""jyutping"":""gei1""},{""word"":""嗰個"",""pos"":""r"",""jyutping"":""go2go3""},{""word"":""?"",""pos"":"""",""jyutping"":null}]"	REQUIRES_EXPERT_CONTEXT_REVIEW
aa84br-82aeb01790e955539cad	FC-045_v2.cha	3b1b5ada7cebf940e99af50b4056be09f644177155a8627e1e9b28c4239e9c0d	23	74	0	XXB	internally_repeated_token	個	個個	r	PRON	go3go3				True	True	2	談論	v	VERB	taam4leon6	2	<UTTERANCE_START>	都	<UTTERANCE_START>	都	個個都談論𡁵嗰個啊.	佢講邊個啊?	哦.	"{""repetitionMode"":""internally_repeated_token"",""baseSurface"":""個"",""matchedSurface"":""個個""}"	"[{""word"":""個個"",""pos"":""r"",""jyutping"":""go3go3""},{""word"":""都"",""pos"":""d"",""jyutping"":""dou1""},{""word"":""談論"",""pos"":""v"",""jyutping"":""taam4leon6""},{""word"":""𡁵"",""pos"":""u"",""jyutping"":""gan2""},{""word"":""嗰個"",""pos"":""r"",""jyutping"":""go2go3""},{""word"":""啊"",""pos"":""y"",""jyutping"":""aa3""},{""word"":""."",""pos"":"""",""jyutping"":null}]"	REQUIRES_EXPERT_CONTEXT_REVIEW
aa84br-2657271a746ee084df76	FC-045_v2.cha	3b1b5ada7cebf940e99af50b4056be09f644177155a8627e1e9b28c4239e9c0d	23	123	2	XXK	adjacent_identical_tokens	個	個個	q	NOUN	go3	個	q	go3	False	True	4	係	v	VERB	hai6	7	兩	嘴型	兩	嘴型	你兩個個嘴型永遠都係一樣,都唔會笑𡃉.	你又話食蛋糕𠸏?	笑乜嘢吖.	"{""repetitionMode"":""adjacent_identical_tokens"",""baseSurface"":""個"",""matchedSurface"":""個個""}"	"[{""word"":""你"",""pos"":""r"",""jyutping"":""nei5""},{""word"":""兩"",""pos"":""m"",""jyutping"":""loeng5""},{""word"":""個"",""pos"":""q"",""jyutping"":""go3""},{""word"":""個"",""pos"":""q"",""jyutping"":""go3""},{""word"":""嘴型"",""pos"":""n"",""jyutping"":""zeoi2jing4""},{""word"":""永遠"",""pos"":""d"",""jyutping"":""wing5jyun5""},{""word"":""都"",""pos"":""d"",""jyutping"":""dou1""},{""word"":""係"",""pos"":""v"",""jyutping"":""hai6""},{""word"":""一樣"",""pos"":""a"",""jyutping"":""jat1joeng6""},{""word"":"","",""pos"":"""",""jyutping"":null},{""word"":""都"",""pos"":""d"",""jyutping"":""dou1""},{""word"":""唔"",""pos"":""d"",""jyutping"":""m4""},{""word"":""會"",""pos"":""vu"",""jyutping"":""wui5""},{""word"":""笑"",""pos"":""v"",""jyutping"":""siu3""},{""word"":""𡃉"",""pos"":""y"",""jyutping"":""gaa3""},{""word"":""."",""pos"":"""",""jyutping"":null}]"	REQUIRES_EXPERT_CONTEXT_REVIEW
aa84br-1310da001f7cfc88833e	FC-045_v2.cha	3b1b5ada7cebf940e99af50b4056be09f644177155a8627e1e9b28c4239e9c0d	23	157	9	XXE	adjacent_identical_tokens	個	個個	q	NOUN	go3	個	q	go3	False	True	4	緊張	a	ADJ	gan2zoeng1	14	兩	神情	兩	神情	咦,哩個大家-,兩-兩個個神情都比較緊張喎.	嘩,捧隻鷹噉樣,邊個影隻鷹?	睇下.	"{""repetitionMode"":""adjacent_identical_tokens"",""baseSurface"":""個"",""matchedSurface"":""個個""}"	"[{""word"":""咦"",""pos"":""e"",""jyutping"":""ji2""},{""word"":"","",""pos"":"""",""jyutping"":null},{""word"":""哩個"",""pos"":""r"",""jyutping"":""ni1go3""},{""word"":""大家"",""pos"":""r"",""jyutping"":""daai6gaa1""},{""word"":""-"",""pos"":"""",""jyutping"":null},{""word"":"","",""pos"":"""",""jyutping"":null},{""word"":""兩"",""pos"":""m"",""jyutping"":""loeng5""},{""word"":""-"",""pos"":"""",""jyutping"":null},{""word"":""兩"",""pos"":""m"",""jyutping"":""loeng5""},{""word"":""個"",""pos"":""q"",""jyutping"":""go3""},{""word"":""個"",""pos"":""q"",""jyutping"":""go3""},{""word"":""神情"",""pos"":""n"",""jyutping"":""san4cing4""},{""word"":""都"",""pos"":""d"",""jyutping"":""dou1""},{""word"":""比較"",""pos"":""d"",""jyutping"":""bei2gaau3""},{""word"":""緊張"",""pos"":""a"",""jyutping"":""gan2zoeng1""},{""word"":""喎"",""pos"":""y"",""jyutping"":""wo3""},{""word"":""."",""pos"":"""",""jyutping"":null}]"	REQUIRES_EXPERT_CONTEXT_REVIEW
aa84br-1c7f2853ab4310fd3bfc	FC-045_v2.cha	3b1b5ada7cebf940e99af50b4056be09f644177155a8627e1e9b28c4239e9c0d	23	251	0	XXK	internally_repeated_token	少	少少	m	NUM	siu2siu2				True	False							<UTTERANCE_START>	喇	<UTTERANCE_START>	喇	少少喇.	個身都好肥吖.	條腳𠻺粗啲啊,對腳講真就.	"{""repetitionMode"":""internally_repeated_token"",""baseSurface"":""少"",""matchedSurface"":""少少""}"	"[{""word"":""少少"",""pos"":""m"",""jyutping"":""siu2siu2""},{""word"":""喇"",""pos"":""y"",""jyutping"":""laa1""},{""word"":""."",""pos"":"""",""jyutping"":null}]"	REQUIRES_EXPERT_CONTEXT_REVIEW
aa84br-a10d45a175b12a555a4b	FC-045_v2.cha	3b1b5ada7cebf940e99af50b4056be09f644177155a8627e1e9b28c4239e9c0d	23	264	4	XXM	internally_repeated_token	B	BB	xn	NOUN					False	True	2	得意	a	ADJ	dak1ji3	6	哩個	好	哩個	好	我真係覺得哩個BB好得意.	原本係校出邊𡃉.	"半個吖嗎""""."	"{""repetitionMode"":""internally_repeated_token"",""baseSurface"":""B"",""matchedSurface"":""BB""}"	"[{""word"":""我"",""pos"":""r"",""jyutping"":""ngo5""},{""word"":""真係"",""pos"":""d"",""jyutping"":""zan1hai6""},{""word"":""覺得"",""pos"":""v"",""jyutping"":""gok3dak1""},{""word"":""哩個"",""pos"":""r"",""jyutping"":""ni1go3""},{""word"":""BB"",""pos"":""xn"",""jyutping"":null},{""word"":""好"",""pos"":""d"",""jyutping"":""hou2""},{""word"":""得意"",""pos"":""a"",""jyutping"":""dak1ji3""},{""word"":""."",""pos"":"""",""jyutping"":null}]"	REQUIRES_EXPERT_CONTEXT_REVIEW
aa84br-4b4113e15286ef008e08	FC-045_v2.cha	3b1b5ada7cebf940e99af50b4056be09f644177155a8627e1e9b28c4239e9c0d	23	276	5	XXM	internally_repeated_token	B	BB	xn	NOUN					False	True	4	影	v	VERB	jing2	9	哩個	仔	哩個	仔	喂,借問聲點解哩個BB仔下邊唔影得𡃉?	咦咦.	口生瘡.	"{""repetitionMode"":""internally_repeated_token"",""baseSurface"":""B"",""matchedSurface"":""BB""}"	"[{""word"":""喂"",""pos"":""e"",""jyutping"":""wai3""},{""word"":"","",""pos"":"""",""jyutping"":null},{""word"":""借問聲"",""pos"":""v"",""jyutping"":""ze3man6seng1""},{""word"":""點解"",""pos"":""r"",""jyutping"":""dim2gaai2""},{""word"":""哩個"",""pos"":""r"",""jyutping"":""ni1go3""},{""word"":""BB"",""pos"":""xn"",""jyutping"":null},{""word"":""仔"",""pos"":""n"",""jyutping"":""zai2""},{""word"":""下邊"",""pos"":""f"",""jyutping"":""haa6bin6""},{""word"":""唔"",""pos"":""d"",""jyutping"":""m4""},{""word"":""影"",""pos"":""v"",""jyutping"":""jing2""},{""word"":""得"",""pos"":""u"",""jyutping"":""dak1""},{""word"":""𡃉"",""pos"":""y"",""jyutping"":""gaa3""},{""word"":""?"",""pos"":"""",""jyutping"":null}]"	REQUIRES_EXPERT_CONTEXT_REVIEW
aa84br-13f67c3149569c32b90d	FC-045_v2.cha	3b1b5ada7cebf940e99af50b4056be09f644177155a8627e1e9b28c4239e9c0d	23	287	3	XXM	internally_repeated_token	B	BB	xn	NOUN					False	True	1	係	v	VERB	hai6	4	個	係	個	係	哩兩個BB係唔係兩兄弟來㗎?	我-我嗰陣時都唔喺度.	我想問下.	"{""repetitionMode"":""internally_repeated_token"",""baseSurface"":""B"",""matchedSurface"":""BB""}"	"[{""word"":""哩"",""pos"":""r"",""jyutping"":""ni1""},{""word"":""兩"",""pos"":""m"",""jyutping"":""loeng5""},{""word"":""個"",""pos"":""q"",""jyutping"":""go3""},{""word"":""BB"",""pos"":""xn"",""jyutping"":null},{""word"":""係"",""pos"":""v"",""jyutping"":""hai6""},{""word"":""唔係"",""pos"":""v"",""jyutping"":""m4hai6""},{""word"":""兩"",""pos"":""m"",""jyutping"":""loeng5""},{""word"":""兄弟"",""pos"":""n"",""jyutping"":""hing1dai6""},{""word"":""來"",""pos"":""y"",""jyutping"":""lai4""},{""word"":""㗎"",""pos"":""y"",""jyutping"":""gaa4""},{""word"":""?"",""pos"":"""",""jyutping"":null}]"	REQUIRES_EXPERT_CONTEXT_REVIEW
aa84br-420b857e482efcd022fb	FC-046_v2.cha	27d9b748a81260c501362591915da1946c27f25638d6769eef22991158693f0a	24	20	9	XXA	internally_repeated_token	少	少少	m	NUM	siu2siu2				False	False							咗	.	咗	<UTTERANCE_END>	對我來講,都係複雜咗少少.	所以係唔係好難𡃉咋.	有一張-有一張紙可以講晒啲指令都夠𡃉.	"{""repetitionMode"":""internally_repeated_token"",""baseSurface"":""少"",""matchedSurface"":""少少""}"	"[{""word"":""對"",""pos"":""v"",""jyutping"":""deoi3""},{""word"":""我"",""pos"":""r"",""jyutping"":""ngo5""},{""word"":""來"",""pos"":""vk"",""jyutping"":""lai4""},{""word"":""講"",""pos"":""v"",""jyutping"":""gong2""},{""word"":"","",""pos"":"""",""jyutping"":null},{""word"":""都"",""pos"":""d"",""jyutping"":""dou1""},{""word"":""係"",""pos"":""v"",""jyutping"":""hai6""},{""word"":""複雜"",""pos"":""a"",""jyutping"":""fuk1zaap6""},{""word"":""咗"",""pos"":""u"",""jyutping"":""zo2""},{""word"":""少少"",""pos"":""m"",""jyutping"":""siu2siu2""},{""word"":""."",""pos"":"""",""jyutping"":null}]"	REQUIRES_EXPERT_CONTEXT_REVIEW
aa84br-b12759680d3f475abfb9	FC-046_v2.cha	27d9b748a81260c501362591915da1946c27f25638d6769eef22991158693f0a	24	81	2	XXB	internally_repeated_token	間	間間	q	NOUN	gaan1gaan1				False	True	1	會	vu	AUX	wui5	3	唔係	會	唔係	會	即係唔係間間會噉做,不過,不過,因為你相機可能傳統上好多人都唔識用喇,因為啲傻瓜機好難用𡃉好多都.	我覺得佢好professional喎.	唔係.	"{""repetitionMode"":""internally_repeated_token"",""baseSurface"":""間"",""matchedSurface"":""間間""}"	"[{""word"":""即係"",""pos"":""c"",""jyutping"":""zik1hai6""},{""word"":""唔係"",""pos"":""v"",""jyutping"":""m4hai6""},{""word"":""間間"",""pos"":""q"",""jyutping"":""gaan1gaan1""},{""word"":""會"",""pos"":""vu"",""jyutping"":""wui5""},{""word"":""噉"",""pos"":""r"",""jyutping"":""gam2""},{""word"":""做"",""pos"":""v"",""jyutping"":""zou6""},{""word"":"","",""pos"":"""",""jyutping"":null},{""word"":""不過"",""pos"":""c"",""jyutping"":""bat1gwo3""},{""word"":"","",""pos"":"""",""jyutping"":null},{""word"":""不過"",""pos"":""c"",""jyutping"":""bat1gwo3""},{""word"":"","",""pos"":"""",""jyutping"":null},{""word"":""因為"",""pos"":""c"",""jyutping"":""jan1wai6""},{""word"":""你"",""pos"":""r"",""jyutping"":""nei5""},{""word"":""相機"",""pos"":""n"",""jyutping"":""soeng2gei1""},{""word"":""可能"",""pos"":""vu"",""jyutping"":""ho2nang4""},{""word"":""傳統上"",""pos"":""d"",""jyutping"":""cyun4tung2soeng6""},{""word"":""好多"",""pos"":""m"",""jyutping"":""hou2do1""},{""word"":""人"",""pos"":""n"",""jyutping"":""jan4""},{""word"":""都"",""pos"":""d"",""jyutping"":""dou1""},{""word"":""唔"",""pos"":""d"",""jyutping"":""m4""},{""word"":""識"",""pos"":""v"",""jyutping"":""sik1""},{""word"":""用"",""pos"":""v"",""jyutping"":""jung6""},{""word"":""喇"",""pos"":""y"",""jyutping"":""laa1""},{""word"":"","",""pos"":"""",""jyutping"":null},{""word"":""因為"",""pos"":""c"",""jyutping"":""jan1wai6""},{""word"":""啲"",""pos"":""q"",""jyutping"":""di1""},{""word"":""傻瓜機"",""pos"":""n"",""jyutping"":""so4gwaa1gei1""},{""word"":""好"",""pos"":""d"",""jyutping"":""hou2""},{""word"":""難"",""pos"":""a"",""jyutping"":""naan4""},{""word"":""用"",""pos"":""v"",""jyutping"":""jung6""},{""word"":""𡃉"",""pos"":""y"",""jyutping"":""gaa3""},{""word"":""好多"",""pos"":""m"",""jyutping"":""hou2do1""},{""word"":""都"",""pos"":""d"",""jyutping"":""dou1""},{""word"":""."",""pos"":"""",""jyutping"":null}]"	REQUIRES_EXPERT_CONTEXT_REVIEW
aa84br-ab9096cc956e39b097fa	FC-046_v2.cha	27d9b748a81260c501362591915da1946c27f25638d6769eef22991158693f0a	24	112	11	XXB	internally_repeated_token	部	部部	q	NOUN	bou6bou6				False	True	2	有	v1	VERB	jau5	13	就	機	就	機	有啲特登要pit3咗佢噉嗰啲呢就部部機有啲唔同嘅.	係啊,有啲要遮住個鏡頭拍一下先𠺢嗎?	噉所以呢,就都要講下嘅.	"{""repetitionMode"":""internally_repeated_token"",""baseSurface"":""部"",""matchedSurface"":""部部""}"	"[{""word"":""有"",""pos"":""v1"",""jyutping"":""jau5""},{""word"":""啲"",""pos"":""m"",""jyutping"":""di1""},{""word"":""特登"",""pos"":""d"",""jyutping"":""dak6dang1""},{""word"":""要"",""pos"":""vu"",""jyutping"":""jiu3""},{""word"":""pit3"",""pos"":""v"",""jyutping"":""pit3""},{""word"":""咗"",""pos"":""u"",""jyutping"":""zo2""},{""word"":""佢"",""pos"":""r"",""jyutping"":""keoi5""},{""word"":""噉"",""pos"":""r"",""jyutping"":""gam2""},{""word"":""嗰啲"",""pos"":""r"",""jyutping"":""go2di1""},{""word"":""呢"",""pos"":""y1"",""jyutping"":""ne1""},{""word"":""就"",""pos"":""d"",""jyutping"":""zau6""},{""word"":""部部"",""pos"":""q"",""jyutping"":""bou6bou6""},{""word"":""機"",""pos"":""n"",""jyutping"":""gei1""},{""word"":""有"",""pos"":""v1"",""jyutping"":""jau5""},{""word"":""啲"",""pos"":""q"",""jyutping"":""di1""},{""word"":""唔同"",""pos"":""a"",""jyutping"":""m4tung4""},{""word"":""嘅"",""pos"":""u"",""jyutping"":""ge3""},{""word"":""."",""pos"":"""",""jyutping"":null}]"	REQUIRES_EXPERT_CONTEXT_REVIEW
aa84br-17a75a7cd5238fe8081a	FC-046_v2.cha	27d9b748a81260c501362591915da1946c27f25638d6769eef22991158693f0a	24	117	18	XXC	internally_repeated_token	哥	哥哥	n	NOUN	go4go1				False	True	2	係	v	VERB	hai6	20	位	呢	位	呢	"唔係喎,但係上次我買嗰陣時呢,最初呢介紹俾我嗰位哥哥呢係唔識𡃉喎,""唔識啊,唔識啊."	所以呢應該係五六分鐘喇,可以教晒.	"""噉樣."	"{""repetitionMode"":""internally_repeated_token"",""baseSurface"":""哥"",""matchedSurface"":""哥哥""}"	"[{""word"":""唔係"",""pos"":""v"",""jyutping"":""m4hai6""},{""word"":""喎"",""pos"":""y"",""jyutping"":""wo3""},{""word"":"","",""pos"":"""",""jyutping"":null},{""word"":""但係"",""pos"":""c"",""jyutping"":""daan6hai6""},{""word"":""上"",""pos"":""f"",""jyutping"":""soeng6""},{""word"":""次"",""pos"":""q"",""jyutping"":""ci3""},{""word"":""我"",""pos"":""r"",""jyutping"":""ngo5""},{""word"":""買"",""pos"":""v"",""jyutping"":""maai5""},{""word"":""嗰陣時"",""pos"":""r"",""jyutping"":""go2zan6si4""},{""word"":""呢"",""pos"":""y1"",""jyutping"":""ne1""},{""word"":"","",""pos"":"""",""jyutping"":null},{""word"":""最初"",""pos"":""t"",""jyutping"":""zeoi3co1""},{""word"":""呢"",""pos"":""y1"",""jyutping"":""ne1""},{""word"":""介紹"",""pos"":""v"",""jyutping"":""gaai3siu6""},{""word"":""俾"",""pos"":""p"",""jyutping"":""bei2""},{""word"":""我"",""pos"":""r"",""jyutping"":""ngo5""},{""word"":""嗰"",""pos"":""r"",""jyutping"":""go2""},{""word"":""位"",""pos"":""q"",""jyutping"":""wai2""},{""word"":""哥哥"",""pos"":""n"",""jyutping"":""go4go1""},{""word"":""呢"",""pos"":""y1"",""jyutping"":""ne1""},{""word"":""係"",""pos"":""v"",""jyutping"":""hai6""},{""word"":""唔"",""pos"":""d"",""jyutping"":""m4""},{""word"":""識"",""pos"":""v"",""jyutping"":""sik1""},{""word"":""𡃉"",""pos"":""y"",""jyutping"":""gaa3""},{""word"":""喎"",""pos"":""y"",""jyutping"":""wo3""},{""word"":"","",""pos"":"""",""jyutping"":null},{""word"":""\"""",""pos"":"""",""jyutping"":null},{""word"":""唔"",""pos"":""d"",""jyutping"":""m4""},{""word"":""識"",""pos"":""v"",""jyutping"":""sik1""},{""word"":""啊"",""pos"":""y"",""jyutping"":""aa3""},{""word"":"","",""pos"":"""",""jyutping"":null},{""word"":""唔"",""pos"":""d"",""jyutping"":""m4""},{""word"":""識"",""pos"":""v"",""jyutping"":""sik1""},{""word"":""啊"",""pos"":""y"",""jyutping"":""aa3""},{""word"":""."",""pos"":"""",""jyutping"":null}]"	REQUIRES_EXPERT_CONTEXT_REVIEW
aa84br-3167ffbf5285f65b7a26	FC-046_v2.cha	27d9b748a81260c501362591915da1946c27f25638d6769eef22991158693f0a	24	119	6	XXC	internally_repeated_token	哥	哥哥	n	NOUN	go4go1				False	False							位	呢	位	呢	跟住係問入邊嗰位哥哥呢,跟住佢就好詳盡噉樣介紹一次俾我聽嘞.	"""噉樣."	噉介紹咗幾-幾多分鐘俾你聽啊?	"{""repetitionMode"":""internally_repeated_token"",""baseSurface"":""哥"",""matchedSurface"":""哥哥""}"	"[{""word"":""跟住"",""pos"":""c"",""jyutping"":""gan1zyu6""},{""word"":""係"",""pos"":""v"",""jyutping"":""hai6""},{""word"":""問"",""pos"":""v"",""jyutping"":""man6""},{""word"":""入邊"",""pos"":""f"",""jyutping"":""jap6bin6""},{""word"":""嗰"",""pos"":""r"",""jyutping"":""go2""},{""word"":""位"",""pos"":""q"",""jyutping"":""wai2""},{""word"":""哥哥"",""pos"":""n"",""jyutping"":""go4go1""},{""word"":""呢"",""pos"":""y1"",""jyutping"":""ne1""},{""word"":"","",""pos"":"""",""jyutping"":null},{""word"":""跟住"",""pos"":""c"",""jyutping"":""gan1zyu6""},{""word"":""佢"",""pos"":""r"",""jyutping"":""keoi5""},{""word"":""就"",""pos"":""d"",""jyutping"":""zau6""},{""word"":""好"",""pos"":""d"",""jyutping"":""hou2""},{""word"":""詳盡"",""pos"":""a"",""jyutping"":""coeng4zeon6""},{""word"":""噉樣"",""pos"":""r"",""jyutping"":""gam2joeng2""},{""word"":""介紹"",""pos"":""v"",""jyutping"":""gaai3siu6""},{""word"":""一"",""pos"":""m"",""jyutping"":""jat1""},{""word"":""次"",""pos"":""q"",""jyutping"":""ci3""},{""word"":""俾"",""pos"":""p"",""jyutping"":""bei2""},{""word"":""我"",""pos"":""r"",""jyutping"":""ngo5""},{""word"":""聽"",""pos"":""v"",""jyutping"":""teng1""},{""word"":""嘞"",""pos"":""y"",""jyutping"":""laak3""},{""word"":""."",""pos"":"""",""jyutping"":null}]"	REQUIRES_EXPERT_CONTEXT_REVIEW
aa84br-74367244b673232be824	FC-046_v2.cha	27d9b748a81260c501362591915da1946c27f25638d6769eef22991158693f0a	24	208	2	XXE	internally_repeated_token	人	人人	n	NOUN	jan4jan4				False	True	2	叫	v	VERB	giu3	4	知	都	知	都	唔知人人都叫佢做阿牛,可能懶喇.	哦.	哎吔,死嘞,錄𡁵音.	"{""repetitionMode"":""internally_repeated_token"",""baseSurface"":""人"",""matchedSurface"":""人人""}"	"[{""word"":""唔"",""pos"":""d"",""jyutping"":""m4""},{""word"":""知"",""pos"":""v"",""jyutping"":""zi1""},{""word"":""人人"",""pos"":""n"",""jyutping"":""jan4jan4""},{""word"":""都"",""pos"":""d"",""jyutping"":""dou1""},{""word"":""叫"",""pos"":""v"",""jyutping"":""giu3""},{""word"":""佢"",""pos"":""r"",""jyutping"":""keoi5""},{""word"":""做"",""pos"":""v"",""jyutping"":""zou6""},{""word"":""阿牛"",""pos"":""nr"",""jyutping"":""aa3ngau4""},{""word"":"","",""pos"":"""",""jyutping"":null},{""word"":""可能"",""pos"":""vu"",""jyutping"":""ho2nang4""},{""word"":""懶"",""pos"":""a"",""jyutping"":""laan5""},{""word"":""喇"",""pos"":""y"",""jyutping"":""laa1""},{""word"":""."",""pos"":"""",""jyutping"":null}]"	REQUIRES_EXPERT_CONTEXT_REVIEW
aa84br-861929261b645f6867f1	FC-048_v2.cha	4f33e6b5f6b073270b0c7c81d2a3a9c9d840632ba44b2c1513dfc253dd3ba6e4	25	8	0	XXB	internally_repeated_token	哈	哈哈	e	INTJ	haa1haa1				True	False							<UTTERANCE_START>	.	<UTTERANCE_START>	<UTTERANCE_END>	哈哈.	飲完杯奶茶,噉煲支煙.	歎杯奶茶,睇下報紙哩樣,梗𡃉如果有時間的話.	"{""repetitionMode"":""internally_repeated_token"",""baseSurface"":""哈"",""matchedSurface"":""哈哈""}"	"[{""word"":""哈哈"",""pos"":""e"",""jyutping"":""haa1haa1""},{""word"":""."",""pos"":"""",""jyutping"":null}]"	REQUIRES_EXPERT_CONTEXT_REVIEW
aa84br-7079c04849e9ed91ccb7	FC-048_v2.cha	4f33e6b5f6b073270b0c7c81d2a3a9c9d840632ba44b2c1513dfc253dd3ba6e4	25	10	0	XXC	adjacent_identical_tokens	但係	但係但係	c	CCONJ	daan6hai6	但係	c	daan6hai6	True	True	1	係	v	VERB	hai6	3	<UTTERANCE_START>	,	<UTTERANCE_START>	係	但係但係,係吖.	歎杯奶茶,睇下報紙哩樣,梗𡃉如果有時間的話.	吓.	"{""repetitionMode"":""adjacent_identical_tokens"",""baseSurface"":""但係"",""matchedSurface"":""但係但係""}"	"[{""word"":""但係"",""pos"":""c"",""jyutping"":""daan6hai6""},{""word"":""但係"",""pos"":""c"",""jyutping"":""daan6hai6""},{""word"":"","",""pos"":"""",""jyutping"":null},{""word"":""係"",""pos"":""v"",""jyutping"":""hai6""},{""word"":""吖"",""pos"":""y"",""jyutping"":""aa1""},{""word"":""."",""pos"":"""",""jyutping"":null}]"	REQUIRES_EXPERT_CONTEXT_REVIEW
aa84br-f6dd203399e998ecee73	FC-048_v2.cha	4f33e6b5f6b073270b0c7c81d2a3a9c9d840632ba44b2c1513dfc253dd3ba6e4	25	53	1	XXB	internally_repeated_token	啱	啱啱	d	ADV	aam1aam1				False	False							你	今日	你	今日	你啱啱今日,啱啱琴日先第一日跑馬.	之前.	點刨吖?	"{""repetitionMode"":""internally_repeated_token"",""baseSurface"":""啱"",""matchedSurface"":""啱啱""}"	"[{""word"":""你"",""pos"":""r"",""jyutping"":""nei5""},{""word"":""啱啱"",""pos"":""d"",""jyutping"":""aam1aam1""},{""word"":""今日"",""pos"":""t"",""jyutping"":""gam1jat6""},{""word"":"","",""pos"":"""",""jyutping"":null},{""word"":""啱啱"",""pos"":""d"",""jyutping"":""aam1aam1""},{""word"":""琴日"",""pos"":""t"",""jyutping"":""kam4jat6""},{""word"":""先"",""pos"":""d"",""jyutping"":""sin1""},{""word"":""第一"",""pos"":""m"",""jyutping"":""dai6jat1""},{""word"":""日"",""pos"":""q"",""jyutping"":""jat6""},{""word"":""跑馬"",""pos"":""vn"",""jyutping"":""paau2maa5""},{""word"":""."",""pos"":"""",""jyutping"":null}]"	REQUIRES_EXPERT_CONTEXT_REVIEW
aa84br-c47ade990401bd1d099d	FC-048_v2.cha	4f33e6b5f6b073270b0c7c81d2a3a9c9d840632ba44b2c1513dfc253dd3ba6e4	25	53	4	XXB	internally_repeated_token	啱	啱啱	d	ADV	aam1aam1				False	False							,	琴日	今日	琴日	你啱啱今日,啱啱琴日先第一日跑馬.	之前.	點刨吖?	"{""repetitionMode"":""internally_repeated_token"",""baseSurface"":""啱"",""matchedSurface"":""啱啱""}"	"[{""word"":""你"",""pos"":""r"",""jyutping"":""nei5""},{""word"":""啱啱"",""pos"":""d"",""jyutping"":""aam1aam1""},{""word"":""今日"",""pos"":""t"",""jyutping"":""gam1jat6""},{""word"":"","",""pos"":"""",""jyutping"":null},{""word"":""啱啱"",""pos"":""d"",""jyutping"":""aam1aam1""},{""word"":""琴日"",""pos"":""t"",""jyutping"":""kam4jat6""},{""word"":""先"",""pos"":""d"",""jyutping"":""sin1""},{""word"":""第一"",""pos"":""m"",""jyutping"":""dai6jat1""},{""word"":""日"",""pos"":""q"",""jyutping"":""jat6""},{""word"":""跑馬"",""pos"":""vn"",""jyutping"":""paau2maa5""},{""word"":""."",""pos"":"""",""jyutping"":null}]"	REQUIRES_EXPERT_CONTEXT_REVIEW
aa84br-2b0e3b95be58f9a98c96	FC-048_v2.cha	4f33e6b5f6b073270b0c7c81d2a3a9c9d840632ba44b2c1513dfc253dd3ba6e4	25	64	1	XXA	internally_repeated_token	朝	朝朝	t	ADV	ziu1ziu1				False	False							我	檸茶	我	檸茶	我朝朝檸茶囖.	黐線.	我唔飲會頭痛𡃉係.	"{""repetitionMode"":""internally_repeated_token"",""baseSurface"":""朝"",""matchedSurface"":""朝朝""}"	"[{""word"":""我"",""pos"":""r"",""jyutping"":""ngo5""},{""word"":""朝朝"",""pos"":""t"",""jyutping"":""ziu1ziu1""},{""word"":""檸茶"",""pos"":""n"",""jyutping"":""ling2caa4""},{""word"":""囖"",""pos"":""y"",""jyutping"":""lo1""},{""word"":""."",""pos"":"""",""jyutping"":null}]"	REQUIRES_EXPERT_CONTEXT_REVIEW
aa84br-e32e16d98fa64695136d	FC-048_v2.cha	4f33e6b5f6b073270b0c7c81d2a3a9c9d840632ba44b2c1513dfc253dd3ba6e4	25	69	1	XXA	internally_repeated_token	朝	朝朝	t	ADV	ziu1ziu1				False	True	1	飲	v	VERB	jam2	2	我	飲	我	飲	我朝朝飲檸茶.	係啊.	飲檸茶我覺得重削胃,檸檬.	"{""repetitionMode"":""internally_repeated_token"",""baseSurface"":""朝"",""matchedSurface"":""朝朝""}"	"[{""word"":""我"",""pos"":""r"",""jyutping"":""ngo5""},{""word"":""朝朝"",""pos"":""t"",""jyutping"":""ziu1ziu1""},{""word"":""飲"",""pos"":""v"",""jyutping"":""jam2""},{""word"":""檸茶"",""pos"":""n"",""jyutping"":""ling2caa4""},{""word"":""."",""pos"":"""",""jyutping"":null}]"	REQUIRES_EXPERT_CONTEXT_REVIEW
aa84br-65949ba1d2e6ae5b08cf	FC-048_v2.cha	4f33e6b5f6b073270b0c7c81d2a3a9c9d840632ba44b2c1513dfc253dd3ba6e4	25	112	3	XXA	internally_repeated_token	慢	慢慢	a	ADJ	maan6maan2				False	True	1	歎	v	VERB	taan3	4	可以	歎	可以	歎	你咪可以慢慢歎囖.	熱天就都係飲凍嘅.	唔係啊.	"{""repetitionMode"":""internally_repeated_token"",""baseSurface"":""慢"",""matchedSurface"":""慢慢""}"	"[{""word"":""你"",""pos"":""r"",""jyutping"":""nei5""},{""word"":""咪"",""pos"":""d"",""jyutping"":""mai6""},{""word"":""可以"",""pos"":""vu"",""jyutping"":""ho2ji5""},{""word"":""慢慢"",""pos"":""a"",""jyutping"":""maan6maan2""},{""word"":""歎"",""pos"":""v"",""jyutping"":""taan3""},{""word"":""囖"",""pos"":""y"",""jyutping"":""lo1""},{""word"":""."",""pos"":"""",""jyutping"":null}]"	REQUIRES_EXPERT_CONTEXT_REVIEW
aa84br-eee7ecfcd9233fb5eea4	FC-048_v2.cha	4f33e6b5f6b073270b0c7c81d2a3a9c9d840632ba44b2c1513dfc253dd3ba6e4	25	152	5	XXB	internally_repeated_token	度	度度	q	NOUN	dou6dou6				False	True	1	有	v1	VERB	jau5	6	唔係	有	唔係	有	因為咖啡你又唔係度度有𠺢嗎又.	而家唔飲.	噉𠻺係.	"{""repetitionMode"":""internally_repeated_token"",""baseSurface"":""度"",""matchedSurface"":""度度""}"	"[{""word"":""因為"",""pos"":""c"",""jyutping"":""jan1wai6""},{""word"":""咖啡"",""pos"":""n"",""jyutping"":""gaa3fe1""},{""word"":""你"",""pos"":""r"",""jyutping"":""nei5""},{""word"":""又"",""pos"":""d"",""jyutping"":""jau6""},{""word"":""唔係"",""pos"":""v"",""jyutping"":""m4hai6""},{""word"":""度度"",""pos"":""q"",""jyutping"":""dou6dou6""},{""word"":""有"",""pos"":""v1"",""jyutping"":""jau5""},{""word"":""𠺢"",""pos"":""y"",""jyutping"":""gaa1""},{""word"":""嗎"",""pos"":""y"",""jyutping"":""maa3""},{""word"":""又"",""pos"":""d"",""jyutping"":""jau6""},{""word"":""."",""pos"":"""",""jyutping"":null}]"	REQUIRES_EXPERT_CONTEXT_REVIEW
aa84br-e8d744fcabe116330ad5	FC-048_v2.cha	4f33e6b5f6b073270b0c7c81d2a3a9c9d840632ba44b2c1513dfc253dd3ba6e4	25	209	14	XXC	internally_repeated_token	少	少少	m	NUM	siu2siu2				False	True	3	會	vu	AUX	wui5	18	咗	,	咗	我	我-我覺得咖啡嗰個人有陣時沖錯咗,落咗少少,我都會覺得唔好飲𡃉杯奶茶.	同埋唔係啊.	變咗唔同咗味.	"{""repetitionMode"":""internally_repeated_token"",""baseSurface"":""少"",""matchedSurface"":""少少""}"	"[{""word"":""我"",""pos"":""r"",""jyutping"":""ngo5""},{""word"":""-"",""pos"":"""",""jyutping"":null},{""word"":""我"",""pos"":""r"",""jyutping"":""ngo5""},{""word"":""覺得"",""pos"":""v"",""jyutping"":""gok3dak1""},{""word"":""咖啡"",""pos"":""n"",""jyutping"":""gaa3fe1""},{""word"":""嗰個"",""pos"":""r"",""jyutping"":""go2go3""},{""word"":""人"",""pos"":""n"",""jyutping"":""jan4""},{""word"":""有陣時"",""pos"":""d"",""jyutping"":""jau5zan6si4""},{""word"":""沖"",""pos"":""v"",""jyutping"":""cung1""},{""word"":""錯"",""pos"":""a"",""jyutping"":""co3""},{""word"":""咗"",""pos"":""u"",""jyutping"":""zo2""},{""word"":"","",""pos"":"""",""jyutping"":null},{""word"":""落"",""pos"":""v"",""jyutping"":""lok6""},{""word"":""咗"",""pos"":""u"",""jyutping"":""zo2""},{""word"":""少少"",""pos"":""m"",""jyutping"":""siu2siu2""},{""word"":"","",""pos"":"""",""jyutping"":null},{""word"":""我"",""pos"":""r"",""jyutping"":""ngo5""},{""word"":""都"",""pos"":""d"",""jyutping"":""dou1""},{""word"":""會"",""pos"":""vu"",""jyutping"":""wui5""},{""word"":""覺得"",""pos"":""v"",""jyutping"":""gok3dak1""},{""word"":""唔"",""pos"":""d"",""jyutping"":""m4""},{""word"":""好飲"",""pos"":""a"",""jyutping"":""hou2jam2""},{""word"":""𡃉"",""pos"":""y"",""jyutping"":""gaa3""},{""word"":""杯"",""pos"":""q"",""jyutping"":""bui1""},{""word"":""奶茶"",""pos"":""n"",""jyutping"":""naai5caa4""},{""word"":""."",""pos"":"""",""jyutping"":null}]"	REQUIRES_EXPERT_CONTEXT_REVIEW
aa84br-1522dfbe2434fad38e52	FC-048_v2.cha	4f33e6b5f6b073270b0c7c81d2a3a9c9d840632ba44b2c1513dfc253dd3ba6e4	25	245	11	XXC	adjacent_identical_tokens	卜	卜卜	o	X	buk4	卜	o	buk2	False	True	2	係	v	VERB	hai6	15	,	聲	呢	聲	嘩飲到呢,個心跳到呢,卜卜聲,係唔敢飲噉.	我都試過.	唔係啊.	"{""repetitionMode"":""adjacent_identical_tokens"",""baseSurface"":""卜"",""matchedSurface"":""卜卜""}"	"[{""word"":""嘩"",""pos"":""e"",""jyutping"":""waa3""},{""word"":""飲"",""pos"":""v"",""jyutping"":""jam2""},{""word"":""到"",""pos"":""u"",""jyutping"":""dou3""},{""word"":""呢"",""pos"":""y1"",""jyutping"":""ne1""},{""word"":"","",""pos"":"""",""jyutping"":null},{""word"":""個"",""pos"":""q"",""jyutping"":""go3""},{""word"":""心"",""pos"":""n"",""jyutping"":""sam1""},{""word"":""跳"",""pos"":""v"",""jyutping"":""tiu3""},{""word"":""到"",""pos"":""u"",""jyutping"":""dou3""},{""word"":""呢"",""pos"":""y1"",""jyutping"":""ne1""},{""word"":"","",""pos"":"""",""jyutping"":null},{""word"":""卜"",""pos"":""o"",""jyutping"":""buk4""},{""word"":""卜"",""pos"":""o"",""jyutping"":""buk2""},{""word"":""聲"",""pos"":""n"",""jyutping"":""seng1""},{""word"":"","",""pos"":"""",""jyutping"":null},{""word"":""係"",""pos"":""v"",""jyutping"":""hai6""},{""word"":""唔"",""pos"":""d"",""jyutping"":""m4""},{""word"":""敢"",""pos"":""vu"",""jyutping"":""gam2""},{""word"":""飲"",""pos"":""v"",""jyutping"":""jam2""},{""word"":""噉"",""pos"":""r"",""jyutping"":""gam2""},{""word"":""."",""pos"":"""",""jyutping"":null}]"	REQUIRES_EXPERT_CONTEXT_REVIEW
aa84br-aca408cc8f31ab817c1f	FC-048_v2.cha	4f33e6b5f6b073270b0c7c81d2a3a9c9d840632ba44b2c1513dfc253dd3ba6e4	25	338	3	XXA	internally_repeated_token	次	次次	q	NOUN	ci3ci3				False	True	2	隔	v	VERB	gaak3	5	,	都	你	都	因為你,次次都隔到好耐𠺢嗎.	係咩?	你八-八幾年啊你?	"{""repetitionMode"":""internally_repeated_token"",""baseSurface"":""次"",""matchedSurface"":""次次""}"	"[{""word"":""因為"",""pos"":""c"",""jyutping"":""jan1wai6""},{""word"":""你"",""pos"":""r"",""jyutping"":""nei5""},{""word"":"","",""pos"":"""",""jyutping"":null},{""word"":""次次"",""pos"":""q"",""jyutping"":""ci3ci3""},{""word"":""都"",""pos"":""d"",""jyutping"":""dou1""},{""word"":""隔"",""pos"":""v"",""jyutping"":""gaak3""},{""word"":""到"",""pos"":""u"",""jyutping"":""dou3""},{""word"":""好"",""pos"":""d"",""jyutping"":""hou2""},{""word"":""耐"",""pos"":""a"",""jyutping"":""noi6""},{""word"":""𠺢"",""pos"":""y"",""jyutping"":""gaa1""},{""word"":""嗎"",""pos"":""y"",""jyutping"":""maa3""},{""word"":""."",""pos"":"""",""jyutping"":null}]"	REQUIRES_EXPERT_CONTEXT_REVIEW
aa84br-e7a20b612e319c0b37f6	FC-049_v2.cha	5c9c6be3f062387a0f7ac4bff22603b2386c10e071a1a7e256731abc2b39f53f	26	161	1	XXA	adjacent_identical_tokens	一	一一	m	NUM	jat1	一	m	jat1	False	True	1	大	a	ADJ	daai6	3	即係	大	即係	大	即係一一大堆噉唔知乜鬼廢-廢柴噉.	即係大家都係喺度𠻺揾唔到嘢寫,亂咁aa5寫大○呢.	噉唔係.	"{""repetitionMode"":""adjacent_identical_tokens"",""baseSurface"":""一"",""matchedSurface"":""一一""}"	"[{""word"":""即係"",""pos"":""c"",""jyutping"":""zik1hai6""},{""word"":""一"",""pos"":""m"",""jyutping"":""jat1""},{""word"":""一"",""pos"":""m"",""jyutping"":""jat1""},{""word"":""大"",""pos"":""a"",""jyutping"":""daai6""},{""word"":""堆"",""pos"":""q"",""jyutping"":""deoi1""},{""word"":""噉"",""pos"":""c"",""jyutping"":""gam2""},{""word"":""唔"",""pos"":""d"",""jyutping"":""m4""},{""word"":""知"",""pos"":""v"",""jyutping"":""zi1""},{""word"":""乜鬼"",""pos"":""r"",""jyutping"":""mat1gwai2""},{""word"":""廢"",""pos"":""a"",""jyutping"":""fai3""},{""word"":""-"",""pos"":"""",""jyutping"":null},{""word"":""廢柴"",""pos"":""n"",""jyutping"":""fai3caai4""},{""word"":""噉"",""pos"":""c"",""jyutping"":""gam2""},{""word"":""."",""pos"":"""",""jyutping"":null}]"	REQUIRES_EXPERT_CONTEXT_REVIEW
aa84br-cf73cd0900337d9ec287	FC-052_v2.cha	f2678d2a43de8262a35444c40be0f5102f47032037d8a75763e98b4eae11e8a0	27	62	5	XXB	adjacent_identical_tokens	好	好好	d	ADV	hou2	好	a	hou2	False	True	4	來	v	VERB	lai4	10	係	一	係	一	其實就係-係好好一部機來𠸏.	DVD就唔係唔流行𠸏.	喀喀.	"{""repetitionMode"":""adjacent_identical_tokens"",""baseSurface"":""好"",""matchedSurface"":""好好""}"	"[{""word"":""其實"",""pos"":""d"",""jyutping"":""kei4sat6""},{""word"":""就"",""pos"":""d"",""jyutping"":""zau6""},{""word"":""係"",""pos"":""v"",""jyutping"":""hai6""},{""word"":""-"",""pos"":"""",""jyutping"":null},{""word"":""係"",""pos"":""v"",""jyutping"":""hai6""},{""word"":""好"",""pos"":""d"",""jyutping"":""hou2""},{""word"":""好"",""pos"":""a"",""jyutping"":""hou2""},{""word"":""一"",""pos"":""m"",""jyutping"":""jat1""},{""word"":""部"",""pos"":""q"",""jyutping"":""bou6""},{""word"":""機"",""pos"":""n"",""jyutping"":""gei1""},{""word"":""來"",""pos"":""v"",""jyutping"":""lai4""},{""word"":""𠸏"",""pos"":""y"",""jyutping"":""ge2""},{""word"":""."",""pos"":"""",""jyutping"":null}]"	REQUIRES_EXPERT_CONTEXT_REVIEW
aa84br-1d5d3035ad25e62d5800	FC-052_v2.cha	f2678d2a43de8262a35444c40be0f5102f47032037d8a75763e98b4eae11e8a0	27	64	7	XXB	internally_repeated_token	啱	啱啱	d	ADV	aam1aam1				False	True	1	出	v	VERB	ceot1	8	係	出	係	出	就係佢而家即係可能係啱啱出,就嗰啲碟就比較少咗.	喀喀.	所以呢就市場呢暫時係做唔到咁好囖.	"{""repetitionMode"":""internally_repeated_token"",""baseSurface"":""啱"",""matchedSurface"":""啱啱""}"	"[{""word"":""就"",""pos"":""d"",""jyutping"":""zau6""},{""word"":""係"",""pos"":""v"",""jyutping"":""hai6""},{""word"":""佢"",""pos"":""r"",""jyutping"":""keoi5""},{""word"":""而家"",""pos"":""t"",""jyutping"":""ji4gaa1""},{""word"":""即係"",""pos"":""c"",""jyutping"":""zik1hai6""},{""word"":""可能"",""pos"":""vu"",""jyutping"":""ho2nang4""},{""word"":""係"",""pos"":""v"",""jyutping"":""hai6""},{""word"":""啱啱"",""pos"":""d"",""jyutping"":""aam1aam1""},{""word"":""出"",""pos"":""v"",""jyutping"":""ceot1""},{""word"":"","",""pos"":"""",""jyutping"":null},{""word"":""就"",""pos"":""d"",""jyutping"":""zau6""},{""word"":""嗰啲"",""pos"":""r"",""jyutping"":""go2di1""},{""word"":""碟"",""pos"":""n"",""jyutping"":""dip2""},{""word"":""就"",""pos"":""d"",""jyutping"":""zau6""},{""word"":""比較"",""pos"":""d"",""jyutping"":""bei2gaau3""},{""word"":""少"",""pos"":""a"",""jyutping"":""siu2""},{""word"":""咗"",""pos"":""u"",""jyutping"":""zo2""},{""word"":""."",""pos"":"""",""jyutping"":null}]"	REQUIRES_EXPERT_CONTEXT_REVIEW
aa84br-f6e8a40d0c048ceb15d6	FC-052_v2.cha	f2678d2a43de8262a35444c40be0f5102f47032037d8a75763e98b4eae11e8a0	27	117	6	XXB	internally_repeated_token	少	少少	m	NUM	siu2siu2				False	False							為咗	嘅	為咗	嘅	即係冇理由話係為咗少少嘅金錢,而部機壞嗰陣時損失重大.	即係我驚第一即係你鍾意玩,你就會錫嗰部機.	寧願唔夠嘅唔買住囖.	"{""repetitionMode"":""internally_repeated_token"",""baseSurface"":""少"",""matchedSurface"":""少少""}"	"[{""word"":""即係"",""pos"":""c"",""jyutping"":""zik1hai6""},{""word"":""冇"",""pos"":""v1"",""jyutping"":""mou5""},{""word"":""理由"",""pos"":""n"",""jyutping"":""lei5jau4""},{""word"":""話"",""pos"":""v"",""jyutping"":""waa6""},{""word"":""係"",""pos"":""v"",""jyutping"":""hai6""},{""word"":""為咗"",""pos"":""p"",""jyutping"":""wai6zo2""},{""word"":""少少"",""pos"":""m"",""jyutping"":""siu2siu2""},{""word"":""嘅"",""pos"":""u"",""jyutping"":""ge3""},{""word"":""金錢"",""pos"":""n"",""jyutping"":""gam1cin4""},{""word"":"","",""pos"":"""",""jyutping"":null},{""word"":""而"",""pos"":""c"",""jyutping"":""ji4""},{""word"":""部"",""pos"":""q"",""jyutping"":""bou6""},{""word"":""機"",""pos"":""n"",""jyutping"":""gei1""},{""word"":""壞"",""pos"":""a"",""jyutping"":""waai6""},{""word"":""嗰陣時"",""pos"":""r"",""jyutping"":""go2zan6si4""},{""word"":""損失"",""pos"":""v"",""jyutping"":""syun2sat1""},{""word"":""重"",""pos"":""d"",""jyutping"":""zung6""},{""word"":""大"",""pos"":""a"",""jyutping"":""daai6""},{""word"":""."",""pos"":"""",""jyutping"":null}]"	REQUIRES_EXPERT_CONTEXT_REVIEW
aa84br-a0e6047d72343fc8a2c1	FC-053_v2.cha	61eeb21a6a84b7e227ebc0f14b3bd6221ea93939fed296e55cb78cd4c268b7bb	28	0	12	XXA	adjacent_identical_tokens	上	上上	v	VERB	soeng5	上	v	soeng5	False	True	3	喊	v	VERB	haam3	16	呢	下	呢	下	喂MissLam呀,聽講呢你上個禮拜呢上上下堂喊喎.		點解𠸏?	"{""repetitionMode"":""adjacent_identical_tokens"",""baseSurface"":""上"",""matchedSurface"":""上上""}"	"[{""word"":""喂"",""pos"":""e"",""jyutping"":""wai3""},{""word"":""Miss"",""pos"":""xn"",""jyutping"":null},{""word"":""Lam"",""pos"":""xnr"",""jyutping"":null},{""word"":""呀"",""pos"":""y"",""jyutping"":""aa4""},{""word"":"","",""pos"":"""",""jyutping"":null},{""word"":""聽講"",""pos"":""v"",""jyutping"":""teng1gong2""},{""word"":""呢"",""pos"":""y1"",""jyutping"":""ne1""},{""word"":""你"",""pos"":""r"",""jyutping"":""nei5""},{""word"":""上"",""pos"":""f"",""jyutping"":""soeng6""},{""word"":""個"",""pos"":""q"",""jyutping"":""go3""},{""word"":""禮拜"",""pos"":""n"",""jyutping"":""lai5baai3""},{""word"":""呢"",""pos"":""y1"",""jyutping"":""ne1""},{""word"":""上"",""pos"":""v"",""jyutping"":""soeng5""},{""word"":""上"",""pos"":""v"",""jyutping"":""soeng5""},{""word"":""下"",""pos"":""u"",""jyutping"":""haa5""},{""word"":""堂"",""pos"":""n"",""jyutping"":""tong4""},{""word"":""喊"",""pos"":""v"",""jyutping"":""haam3""},{""word"":""喎"",""pos"":""y"",""jyutping"":""wo3""},{""word"":""."",""pos"":"""",""jyutping"":null}]"	REQUIRES_EXPERT_CONTEXT_REVIEW
aa84br-495d8fb99953e62dc345	FC-053_v2.cha	61eeb21a6a84b7e227ebc0f14b3bd6221ea93939fed296e55cb78cd4c268b7bb	28	3	5	XXB	adjacent_identical_tokens	上	上上	v	VERB	soeng5	上	v	soeng5	False	True	4	有	v1	VERB	jau5	10	我	下	我	下	有一日呢我上上下堂噉有個學生傾偈.	係啊.	噉我呢就,誒,整咗個口罩噉就幫佢戴咗上個口嗰度喇.	"{""repetitionMode"":""adjacent_identical_tokens"",""baseSurface"":""上"",""matchedSurface"":""上上""}"	"[{""word"":""有"",""pos"":""v1"",""jyutping"":""jau5""},{""word"":""一"",""pos"":""m"",""jyutping"":""jat1""},{""word"":""日"",""pos"":""q"",""jyutping"":""jat6""},{""word"":""呢"",""pos"":""y1"",""jyutping"":""ne1""},{""word"":""我"",""pos"":""r"",""jyutping"":""ngo5""},{""word"":""上"",""pos"":""v"",""jyutping"":""soeng5""},{""word"":""上"",""pos"":""v"",""jyutping"":""soeng5""},{""word"":""下"",""pos"":""u"",""jyutping"":""haa5""},{""word"":""堂"",""pos"":""n"",""jyutping"":""tong4""},{""word"":""噉"",""pos"":""c"",""jyutping"":""gam2""},{""word"":""有"",""pos"":""v1"",""jyutping"":""jau5""},{""word"":""個"",""pos"":""q"",""jyutping"":""go3""},{""word"":""學生"",""pos"":""n"",""jyutping"":""hok6saang1""},{""word"":""傾偈"",""pos"":""v"",""jyutping"":""king1gai2""},{""word"":""."",""pos"":"""",""jyutping"":null}]"	REQUIRES_EXPERT_CONTEXT_REVIEW
aa84br-2bcd2c46bce7e6994d5f	FC-053_v2.cha	61eeb21a6a84b7e227ebc0f14b3bd6221ea93939fed296e55cb78cd4c268b7bb	28	38	12	XXA	internally_repeated_token	少	少少	m	NUM	siu2siu2				False	False							咗	喇	咗	喇	佢哋啲行為呢都好似呢,啊-衝動咗少少喇.	同埋我諗佢哋已經開始呢知道呢自己有錯𡃉嚹.	當住全班面前啊抌咗個口罩啊.	"{""repetitionMode"":""internally_repeated_token"",""baseSurface"":""少"",""matchedSurface"":""少少""}"	"[{""word"":""佢哋"",""pos"":""r"",""jyutping"":""keoi5dei6""},{""word"":""啲"",""pos"":""q"",""jyutping"":""di1""},{""word"":""行為"",""pos"":""n"",""jyutping"":""hang4wai4""},{""word"":""呢"",""pos"":""y1"",""jyutping"":""ne1""},{""word"":""都"",""pos"":""d"",""jyutping"":""dou1""},{""word"":""好似"",""pos"":""v"",""jyutping"":""hou2ci5""},{""word"":""呢"",""pos"":""y1"",""jyutping"":""ne1""},{""word"":"","",""pos"":"""",""jyutping"":null},{""word"":""啊"",""pos"":""y1"",""jyutping"":""aa3""},{""word"":""-"",""pos"":"""",""jyutping"":null},{""word"":""衝動"",""pos"":""a"",""jyutping"":""cung1dung6""},{""word"":""咗"",""pos"":""u"",""jyutping"":""zo2""},{""word"":""少少"",""pos"":""m"",""jyutping"":""siu2siu2""},{""word"":""喇"",""pos"":""y"",""jyutping"":""laa1""},{""word"":""."",""pos"":"""",""jyutping"":null}]"	REQUIRES_EXPERT_CONTEXT_REVIEW
aa84br-1a8199e2a316c1eac078	FC-053_v2.cha	61eeb21a6a84b7e227ebc0f14b3bd6221ea93939fed296e55cb78cd4c268b7bb	28	58	0	XXA	adjacent_identical_tokens	到	到到	v	VERB	dou3	到	u	dou3	True	True	3	到	v	VERB	dou3	5	<UTTERANCE_START>	午餐	<UTTERANCE_START>	午餐	到到午餐嚹,到到小息嘅時候呢,個家長就會要拎埋晒啲嘢食來到學校送俾個仔食喎.	譬如包括晒佢哋早午晚三餐都控制晒喇,譬如話朝頭早食早餐就一定要係食邊幾樣喇.	好嚹,唔單止哩樣嘢喎.	"{""repetitionMode"":""adjacent_identical_tokens"",""baseSurface"":""到"",""matchedSurface"":""到到""}"	"[{""word"":""到"",""pos"":""v"",""jyutping"":""dou3""},{""word"":""到"",""pos"":""u"",""jyutping"":""dou3""},{""word"":""午餐"",""pos"":""n"",""jyutping"":""ng5saam1""},{""word"":""嚹"",""pos"":""y"",""jyutping"":""laa3""},{""word"":"","",""pos"":"""",""jyutping"":null},{""word"":""到"",""pos"":""v"",""jyutping"":""dou3""},{""word"":""到"",""pos"":""u"",""jyutping"":""dou3""},{""word"":""小息"",""pos"":""n"",""jyutping"":""siu2sik1""},{""word"":""嘅"",""pos"":""u"",""jyutping"":""ge3""},{""word"":""時候"",""pos"":""n"",""jyutping"":""si4hau6""},{""word"":""呢"",""pos"":""y1"",""jyutping"":""ne1""},{""word"":"","",""pos"":"""",""jyutping"":null},{""word"":""個"",""pos"":""q"",""jyutping"":""go3""},{""word"":""家長"",""pos"":""n"",""jyutping"":""gaa1zoeng2""},{""word"":""就"",""pos"":""d"",""jyutping"":""zau6""},{""word"":""會"",""pos"":""vu"",""jyutping"":""wui5""},{""word"":""要"",""pos"":""vu"",""jyutping"":""jiu3""},{""word"":""拎"",""pos"":""v"",""jyutping"":""ling1""},{""word"":""埋"",""pos"":""u"",""jyutping"":""maai4""},{""word"":""晒"",""pos"":""u"",""jyutping"":""saai3""},{""word"":""啲"",""pos"":""q"",""jyutping"":""di1""},{""word"":""嘢食"",""pos"":""n"",""jyutping"":""je5sik6""},{""word"":""來到"",""pos"":""v"",""jyutping"":""lai4dou3""},{""word"":""學校"",""pos"":""n"",""jyutping"":""hok6haau6""},{""word"":""送"",""pos"":""v"",""jyutping"":""sung3""},{""word"":""俾"",""pos"":""p"",""jyutping"":""bei2""},{""word"":""個"",""pos"":""q"",""jyutping"":""go3""},{""word"":""仔"",""pos"":""n"",""jyutping"":""zai2""},{""word"":""食"",""pos"":""v"",""jyutping"":""sik6""},{""word"":""喎"",""pos"":""y"",""jyutping"":""wo3""},{""word"":""."",""pos"":"""",""jyutping"":null}]"	REQUIRES_EXPERT_CONTEXT_REVIEW
aa84br-37d8893cdfa919195b2d	FC-053_v2.cha	61eeb21a6a84b7e227ebc0f14b3bd6221ea93939fed296e55cb78cd4c268b7bb	28	64	10	XXA	internally_repeated_token	爸	爸爸	n	NOUN	baa4baa1				False	True	3	會	vu	AUX	wui5	13	係	媽媽	係	媽媽	同埋呢嗰個同學呢一到小息呢係爸爸媽媽呢會入來睇佢放小息𡃉喎.	噉所以而家學校呢喺我個課室又一定要開住個冷氣機嘞.	噉所以呢爸爸媽媽同埋佢一齊嘅時候呢,噉嗰啲學生-其他同學呢就唔敢同哩個同學呢傾偈-同佢玩𡃉嚹喎.	"{""repetitionMode"":""internally_repeated_token"",""baseSurface"":""爸"",""matchedSurface"":""爸爸""}"	"[{""word"":""同埋"",""pos"":""c"",""jyutping"":""tung4maai4""},{""word"":""呢"",""pos"":""y1"",""jyutping"":""ne1""},{""word"":""嗰個"",""pos"":""r"",""jyutping"":""go2go3""},{""word"":""同學"",""pos"":""n"",""jyutping"":""tung4hok6""},{""word"":""呢"",""pos"":""y1"",""jyutping"":""ne1""},{""word"":""一"",""pos"":""m"",""jyutping"":""jat1""},{""word"":""到"",""pos"":""v"",""jyutping"":""dou3""},{""word"":""小息"",""pos"":""n"",""jyutping"":""siu2sik1""},{""word"":""呢"",""pos"":""y1"",""jyutping"":""ne1""},{""word"":""係"",""pos"":""v"",""jyutping"":""hai6""},{""word"":""爸爸"",""pos"":""n"",""jyutping"":""baa4baa1""},{""word"":""媽媽"",""pos"":""n"",""jyutping"":""maa4maa1""},{""word"":""呢"",""pos"":""y1"",""jyutping"":""ne1""},{""word"":""會"",""pos"":""vu"",""jyutping"":""wui5""},{""word"":""入來"",""pos"":""v"",""jyutping"":""jap6lai4""},{""word"":""睇"",""pos"":""v"",""jyutping"":""tai2""},{""word"":""佢"",""pos"":""r"",""jyutping"":""keoi5""},{""word"":""放"",""pos"":""v"",""jyutping"":""fong3""},{""word"":""小息"",""pos"":""n"",""jyutping"":""siu2sik1""},{""word"":""𡃉"",""pos"":""y"",""jyutping"":""gaa3""},{""word"":""喎"",""pos"":""y"",""jyutping"":""wo3""},{""word"":""."",""pos"":"""",""jyutping"":null}]"	REQUIRES_EXPERT_CONTEXT_REVIEW
aa84br-268af71a6afbd8363536	FC-053_v2.cha	61eeb21a6a84b7e227ebc0f14b3bd6221ea93939fed296e55cb78cd4c268b7bb	28	64	11	XXA	internally_repeated_token	媽	媽媽	n	NOUN	maa4maa1				False	True	2	會	vu	AUX	wui5	13	爸爸	呢	爸爸	呢	同埋呢嗰個同學呢一到小息呢係爸爸媽媽呢會入來睇佢放小息𡃉喎.	噉所以而家學校呢喺我個課室又一定要開住個冷氣機嘞.	噉所以呢爸爸媽媽同埋佢一齊嘅時候呢,噉嗰啲學生-其他同學呢就唔敢同哩個同學呢傾偈-同佢玩𡃉嚹喎.	"{""repetitionMode"":""internally_repeated_token"",""baseSurface"":""媽"",""matchedSurface"":""媽媽""}"	"[{""word"":""同埋"",""pos"":""c"",""jyutping"":""tung4maai4""},{""word"":""呢"",""pos"":""y1"",""jyutping"":""ne1""},{""word"":""嗰個"",""pos"":""r"",""jyutping"":""go2go3""},{""word"":""同學"",""pos"":""n"",""jyutping"":""tung4hok6""},{""word"":""呢"",""pos"":""y1"",""jyutping"":""ne1""},{""word"":""一"",""pos"":""m"",""jyutping"":""jat1""},{""word"":""到"",""pos"":""v"",""jyutping"":""dou3""},{""word"":""小息"",""pos"":""n"",""jyutping"":""siu2sik1""},{""word"":""呢"",""pos"":""y1"",""jyutping"":""ne1""},{""word"":""係"",""pos"":""v"",""jyutping"":""hai6""},{""word"":""爸爸"",""pos"":""n"",""jyutping"":""baa4baa1""},{""word"":""媽媽"",""pos"":""n"",""jyutping"":""maa4maa1""},{""word"":""呢"",""pos"":""y1"",""jyutping"":""ne1""},{""word"":""會"",""pos"":""vu"",""jyutping"":""wui5""},{""word"":""入來"",""pos"":""v"",""jyutping"":""jap6lai4""},{""word"":""睇"",""pos"":""v"",""jyutping"":""tai2""},{""word"":""佢"",""pos"":""r"",""jyutping"":""keoi5""},{""word"":""放"",""pos"":""v"",""jyutping"":""fong3""},{""word"":""小息"",""pos"":""n"",""jyutping"":""siu2sik1""},{""word"":""𡃉"",""pos"":""y"",""jyutping"":""gaa3""},{""word"":""喎"",""pos"":""y"",""jyutping"":""wo3""},{""word"":""."",""pos"":"""",""jyutping"":null}]"	REQUIRES_EXPERT_CONTEXT_REVIEW
aa84br-7b8e95e9d9c443e0f34c	FC-053_v2.cha	61eeb21a6a84b7e227ebc0f14b3bd6221ea93939fed296e55cb78cd4c268b7bb	28	65	3	XXA	internally_repeated_token	爸	爸爸	n	NOUN	baa4baa1				False	False							呢	媽媽	呢	媽媽	噉所以呢爸爸媽媽同埋佢一齊嘅時候呢,噉嗰啲學生-其他同學呢就唔敢同哩個同學呢傾偈-同佢玩𡃉嚹喎.	同埋呢嗰個同學呢一到小息呢係爸爸媽媽呢會入來睇佢放小息𡃉喎.	噉所以哩個同學就已經退咗學𡃉嚹.	"{""repetitionMode"":""internally_repeated_token"",""baseSurface"":""爸"",""matchedSurface"":""爸爸""}"	"[{""word"":""噉"",""pos"":""c"",""jyutping"":""gam2""},{""word"":""所以"",""pos"":""c"",""jyutping"":""so2ji5""},{""word"":""呢"",""pos"":""y1"",""jyutping"":""ne1""},{""word"":""爸爸"",""pos"":""n"",""jyutping"":""baa4baa1""},{""word"":""媽媽"",""pos"":""n"",""jyutping"":""maa4maa1""},{""word"":""同埋"",""pos"":""c"",""jyutping"":""tung4maai4""},{""word"":""佢"",""pos"":""r"",""jyutping"":""keoi5""},{""word"":""一齊"",""pos"":""d"",""jyutping"":""jat1cai4""},{""word"":""嘅"",""pos"":""u"",""jyutping"":""ge3""},{""word"":""時候"",""pos"":""n"",""jyutping"":""si4hau6""},{""word"":""呢"",""pos"":""y1"",""jyutping"":""ne1""},{""word"":"","",""pos"":"""",""jyutping"":null},{""word"":""噉"",""pos"":""c"",""jyutping"":""gam2""},{""word"":""嗰啲"",""pos"":""r"",""jyutping"":""go2di1""},{""word"":""學生"",""pos"":""n"",""jyutping"":""hok6saang1""},{""word"":""-"",""pos"":"""",""jyutping"":null},{""word"":""其他"",""pos"":""r"",""jyutping"":""kei4taa1""},{""word"":""同學"",""pos"":""n"",""jyutping"":""tung4hok6""},{""word"":""呢"",""pos"":""y1"",""jyutping"":""ne1""},{""word"":""就"",""pos"":""d"",""jyutping"":""zau6""},{""word"":""唔"",""pos"":""d"",""jyutping"":""m4""},{""word"":""敢"",""pos"":""v"",""jyutping"":""gam2""},{""word"":""同"",""pos"":""p"",""jyutping"":""tung4""},{""word"":""哩個"",""pos"":""r"",""jyutping"":""ni1go3""},{""word"":""同學"",""pos"":""n"",""jyutping"":""tung4hok6""},{""word"":""呢"",""pos"":""y1"",""jyutping"":""ne1""},{""word"":""傾偈"",""pos"":""v"",""jyutping"":""king1gai2""},{""word"":""-"",""pos"":"""",""jyutping"":null},{""word"":""同"",""pos"":""p"",""jyutping"":""tung4""},{""word"":""佢"",""pos"":""r"",""jyutping"":""keoi5""},{""word"":""玩"",""pos"":""v"",""jyutping"":""waan2""},{""word"":""𡃉"",""pos"":""y"",""jyutping"":""gaa3""},{""word"":""嚹"",""pos"":""y"",""jyutping"":""laa3""},{""word"":""喎"",""pos"":""y"",""jyutping"":""wo3""},{""word"":""."",""pos"":"""",""jyutping"":null}]"	REQUIRES_EXPERT_CONTEXT_REVIEW
aa84br-4d2deff0addd6b19b4dd	FC-053_v2.cha	61eeb21a6a84b7e227ebc0f14b3bd6221ea93939fed296e55cb78cd4c268b7bb	28	65	4	XXA	internally_repeated_token	媽	媽媽	n	NOUN	maa4maa1				False	False							爸爸	同埋	爸爸	同埋	噉所以呢爸爸媽媽同埋佢一齊嘅時候呢,噉嗰啲學生-其他同學呢就唔敢同哩個同學呢傾偈-同佢玩𡃉嚹喎.	同埋呢嗰個同學呢一到小息呢係爸爸媽媽呢會入來睇佢放小息𡃉喎.	噉所以哩個同學就已經退咗學𡃉嚹.	"{""repetitionMode"":""internally_repeated_token"",""baseSurface"":""媽"",""matchedSurface"":""媽媽""}"	"[{""word"":""噉"",""pos"":""c"",""jyutping"":""gam2""},{""word"":""所以"",""pos"":""c"",""jyutping"":""so2ji5""},{""word"":""呢"",""pos"":""y1"",""jyutping"":""ne1""},{""word"":""爸爸"",""pos"":""n"",""jyutping"":""baa4baa1""},{""word"":""媽媽"",""pos"":""n"",""jyutping"":""maa4maa1""},{""word"":""同埋"",""pos"":""c"",""jyutping"":""tung4maai4""},{""word"":""佢"",""pos"":""r"",""jyutping"":""keoi5""},{""word"":""一齊"",""pos"":""d"",""jyutping"":""jat1cai4""},{""word"":""嘅"",""pos"":""u"",""jyutping"":""ge3""},{""word"":""時候"",""pos"":""n"",""jyutping"":""si4hau6""},{""word"":""呢"",""pos"":""y1"",""jyutping"":""ne1""},{""word"":"","",""pos"":"""",""jyutping"":null},{""word"":""噉"",""pos"":""c"",""jyutping"":""gam2""},{""word"":""嗰啲"",""pos"":""r"",""jyutping"":""go2di1""},{""word"":""學生"",""pos"":""n"",""jyutping"":""hok6saang1""},{""word"":""-"",""pos"":"""",""jyutping"":null},{""word"":""其他"",""pos"":""r"",""jyutping"":""kei4taa1""},{""word"":""同學"",""pos"":""n"",""jyutping"":""tung4hok6""},{""word"":""呢"",""pos"":""y1"",""jyutping"":""ne1""},{""word"":""就"",""pos"":""d"",""jyutping"":""zau6""},{""word"":""唔"",""pos"":""d"",""jyutping"":""m4""},{""word"":""敢"",""pos"":""v"",""jyutping"":""gam2""},{""word"":""同"",""pos"":""p"",""jyutping"":""tung4""},{""word"":""哩個"",""pos"":""r"",""jyutping"":""ni1go3""},{""word"":""同學"",""pos"":""n"",""jyutping"":""tung4hok6""},{""word"":""呢"",""pos"":""y1"",""jyutping"":""ne1""},{""word"":""傾偈"",""pos"":""v"",""jyutping"":""king1gai2""},{""word"":""-"",""pos"":"""",""jyutping"":null},{""word"":""同"",""pos"":""p"",""jyutping"":""tung4""},{""word"":""佢"",""pos"":""r"",""jyutping"":""keoi5""},{""word"":""玩"",""pos"":""v"",""jyutping"":""waan2""},{""word"":""𡃉"",""pos"":""y"",""jyutping"":""gaa3""},{""word"":""嚹"",""pos"":""y"",""jyutping"":""laa3""},{""word"":""喎"",""pos"":""y"",""jyutping"":""wo3""},{""word"":""."",""pos"":"""",""jyutping"":null}]"	REQUIRES_EXPERT_CONTEXT_REVIEW
aa84br-6b5149c571f743fd3cb3	FC-053_v2.cha	61eeb21a6a84b7e227ebc0f14b3bd6221ea93939fed296e55cb78cd4c268b7bb	28	67	14	XXA	internally_repeated_token	少	少少	m	NUM	siu2siu2				False	True	1	開心	a	ADJ	hoi1sam1	15	有	開心	有	開心	所以我都覺得嗯-哩個同學退學呢我都覺得有少少開心啊.	噉所以哩個同學就已經退咗學𡃉嚹.	噉其他同學點睇啊?	"{""repetitionMode"":""internally_repeated_token"",""baseSurface"":""少"",""matchedSurface"":""少少""}"	"[{""word"":""所以"",""pos"":""c"",""jyutping"":""so2ji5""},{""word"":""我"",""pos"":""r"",""jyutping"":""ngo5""},{""word"":""都"",""pos"":""d"",""jyutping"":""dou1""},{""word"":""覺得"",""pos"":""v"",""jyutping"":""gok3dak1""},{""word"":""嗯"",""pos"":""e"",""jyutping"":""m6""},{""word"":""-"",""pos"":"""",""jyutping"":null},{""word"":""哩個"",""pos"":""r"",""jyutping"":""ni1go3""},{""word"":""同學"",""pos"":""n"",""jyutping"":""tung4hok6""},{""word"":""退學"",""pos"":""v"",""jyutping"":""teoi3hok6""},{""word"":""呢"",""pos"":""y1"",""jyutping"":""ne1""},{""word"":""我"",""pos"":""r"",""jyutping"":""ngo5""},{""word"":""都"",""pos"":""d"",""jyutping"":""dou1""},{""word"":""覺得"",""pos"":""v"",""jyutping"":""gok3dak1""},{""word"":""有"",""pos"":""v1"",""jyutping"":""jau5""},{""word"":""少少"",""pos"":""m"",""jyutping"":""siu2siu2""},{""word"":""開心"",""pos"":""a"",""jyutping"":""hoi1sam1""},{""word"":""啊"",""pos"":""y"",""jyutping"":""aa3""},{""word"":""."",""pos"":"""",""jyutping"":null}]"	REQUIRES_EXPERT_CONTEXT_REVIEW
aa84br-58d84166120c5c99bf7d	FC-055_v2.cha	9240a3126c82dce64b5d2ddb7b81d4240c371bc4a991e440297dfedc78a7a3f6	29	25	2	XXM	internally_repeated_token	偏	偏偏	d	ADV	pin1pin1				False	True	4	揀	v	VERB	gaan2	6	佢哋	又	佢哋	又	但係佢哋偏偏又喺香港揀來上市,因為可以揾大錢吖嗎.	但係佢哋嘅分別呢,就係,H股呢,就係佢哋嘅註冊地呢,就喺大陸.	但係紅籌股呢,就唔同嘞.	"{""repetitionMode"":""internally_repeated_token"",""baseSurface"":""偏"",""matchedSurface"":""偏偏""}"	"[{""word"":""但係"",""pos"":""c"",""jyutping"":""daan6hai6""},{""word"":""佢哋"",""pos"":""r"",""jyutping"":""keoi5dei6""},{""word"":""偏偏"",""pos"":""d"",""jyutping"":""pin1pin1""},{""word"":""又"",""pos"":""d"",""jyutping"":""jau6""},{""word"":""喺"",""pos"":""p"",""jyutping"":""hai2""},{""word"":""香港"",""pos"":""ns"",""jyutping"":""hoeng1gong2""},{""word"":""揀"",""pos"":""v"",""jyutping"":""gaan2""},{""word"":""來"",""pos"":""vk"",""jyutping"":""lai4""},{""word"":""上市"",""pos"":""v"",""jyutping"":""soeng5si5""},{""word"":"","",""pos"":"""",""jyutping"":null},{""word"":""因為"",""pos"":""c"",""jyutping"":""jan1wai6""},{""word"":""可以"",""pos"":""vu"",""jyutping"":""ho2ji5""},{""word"":""揾"",""pos"":""v"",""jyutping"":""wan2""},{""word"":""大"",""pos"":""a"",""jyutping"":""daai6""},{""word"":""錢"",""pos"":""n"",""jyutping"":""cin2""},{""word"":""吖"",""pos"":""y"",""jyutping"":""aa1""},{""word"":""嗎"",""pos"":""y"",""jyutping"":""maa3""},{""word"":""."",""pos"":"""",""jyutping"":null}]"	REQUIRES_EXPERT_CONTEXT_REVIEW
aa84br-69919703ec79bac295bc	FC-055_v2.cha	9240a3126c82dce64b5d2ddb7b81d4240c371bc4a991e440297dfedc78a7a3f6	29	52	7	XXM	internally_repeated_token	啲	啲啲	m	NUM	di1di1				False	True	2	俾	v	VERB	bei2	9	返	咪	返	咪	其他三分二海外啊,留返啲啲咪俾啲大陸嗰啲人買囖.	噉有幾多分,有三分一𠻺,喺香港集資啊.	但係大陸買股票好鬼艱難𠺢嗎.	"{""repetitionMode"":""internally_repeated_token"",""baseSurface"":""啲"",""matchedSurface"":""啲啲""}"	"[{""word"":""其他"",""pos"":""r"",""jyutping"":""kei4taa1""},{""word"":""三分二"",""pos"":""m"",""jyutping"":""saam1fan6ji6""},{""word"":""海外"",""pos"":""s"",""jyutping"":""hoi2ngoi6""},{""word"":""啊"",""pos"":""y"",""jyutping"":""aa3""},{""word"":"","",""pos"":"""",""jyutping"":null},{""word"":""留"",""pos"":""v"",""jyutping"":""lau4""},{""word"":""返"",""pos"":""v"",""jyutping"":""faan1""},{""word"":""啲啲"",""pos"":""m"",""jyutping"":""di1di1""},{""word"":""咪"",""pos"":""d"",""jyutping"":""mai6""},{""word"":""俾"",""pos"":""v"",""jyutping"":""bei2""},{""word"":""啲"",""pos"":""r"",""jyutping"":""di1""},{""word"":""大陸"",""pos"":""ns"",""jyutping"":""daai6luk6""},{""word"":""嗰啲"",""pos"":""r"",""jyutping"":""go2di1""},{""word"":""人"",""pos"":""n"",""jyutping"":""jan4""},{""word"":""買"",""pos"":""v"",""jyutping"":""maai5""},{""word"":""囖"",""pos"":""y"",""jyutping"":""lo1""},{""word"":""."",""pos"":"""",""jyutping"":null}]"	REQUIRES_EXPERT_CONTEXT_REVIEW
aa84br-45b2230ded2a5b7ffb98	FC-055_v2.cha	9240a3126c82dce64b5d2ddb7b81d4240c371bc4a991e440297dfedc78a7a3f6	29	82	9	XXM	internally_repeated_token	升	升升	Vg	VERB	sing1sing1				False	True	1	升升跌跌	v	VERB	sing1sing1dit3dit3	11	人	,	人	升升跌跌	恆生指數有佢份𡃉,佢嘅人升升,升升跌跌.	係嘞.	哦.	"{""repetitionMode"":""internally_repeated_token"",""baseSurface"":""升"",""matchedSurface"":""升升""}"	"[{""word"":""恆生指數"",""pos"":""n"",""jyutping"":""hang4sang1zi2sou3""},{""word"":""有"",""pos"":""v1"",""jyutping"":""jau5""},{""word"":""佢"",""pos"":""r"",""jyutping"":""keoi5""},{""word"":""份"",""pos"":""n"",""jyutping"":""fan2""},{""word"":""𡃉"",""pos"":""y"",""jyutping"":""gaa3""},{""word"":"","",""pos"":"""",""jyutping"":null},{""word"":""佢"",""pos"":""r"",""jyutping"":""keoi5""},{""word"":""嘅"",""pos"":""u"",""jyutping"":""ge3""},{""word"":""人"",""pos"":""n"",""jyutping"":""jan4""},{""word"":""升升"",""pos"":""Vg"",""jyutping"":""sing1sing1""},{""word"":"","",""pos"":"""",""jyutping"":null},{""word"":""升升跌跌"",""pos"":""v"",""jyutping"":""sing1sing1dit3dit3""},{""word"":""."",""pos"":"""",""jyutping"":null}]"	REQUIRES_EXPERT_CONTEXT_REVIEW
aa84br-222e9c15384409d50537	FC-055_v2.cha	9240a3126c82dce64b5d2ddb7b81d4240c371bc4a991e440297dfedc78a7a3f6	29	164	0	XXM	internally_repeated_token	個	個個	n	NOUN	go3go3				True	True	2	走去	v	VERB	zau2heoi3	2	<UTTERANCE_START>	都	<UTTERANCE_START>	都	個個都走去排隊攞表,排隊抽獎啊.	成個香港人都失控啊.	黐線.	"{""repetitionMode"":""internally_repeated_token"",""baseSurface"":""個"",""matchedSurface"":""個個""}"	"[{""word"":""個個"",""pos"":""n"",""jyutping"":""go3go3""},{""word"":""都"",""pos"":""d"",""jyutping"":""dou1""},{""word"":""走去"",""pos"":""v"",""jyutping"":""zau2heoi3""},{""word"":""排隊"",""pos"":""v"",""jyutping"":""paai4deoi2""},{""word"":""攞"",""pos"":""v"",""jyutping"":""lo2""},{""word"":""表"",""pos"":""Ng"",""jyutping"":""biu2""},{""word"":"","",""pos"":"""",""jyutping"":null},{""word"":""排隊"",""pos"":""v"",""jyutping"":""paai4deoi2""},{""word"":""抽獎"",""pos"":""v"",""jyutping"":""zau1zoeng2""},{""word"":""啊"",""pos"":""y"",""jyutping"":""aa3""},{""word"":""."",""pos"":"""",""jyutping"":null}]"	REQUIRES_EXPERT_CONTEXT_REVIEW
aa84br-2c4573de1e346162dcf2	FC-055_v2.cha	9240a3126c82dce64b5d2ddb7b81d4240c371bc4a991e440297dfedc78a7a3f6	29	199	0	XXM	internally_repeated_token	日	日日	t	ADV	jat6jat6				True	True	1	哺	v	VERB	bou6	1	<UTTERANCE_START>	哺	<UTTERANCE_START>	哺	日日哺住喺嗰度咪得.	係啊.	係啊.	"{""repetitionMode"":""internally_repeated_token"",""baseSurface"":""日"",""matchedSurface"":""日日""}"	"[{""word"":""日日"",""pos"":""t"",""jyutping"":""jat6jat6""},{""word"":""哺"",""pos"":""v"",""jyutping"":""bou6""},{""word"":""住"",""pos"":""u"",""jyutping"":""zyu6""},{""word"":""喺"",""pos"":""p"",""jyutping"":""hai2""},{""word"":""嗰度"",""pos"":""r"",""jyutping"":""go2dou6""},{""word"":""咪"",""pos"":""d"",""jyutping"":""mai6""},{""word"":""得"",""pos"":""u"",""jyutping"":""dak1""},{""word"":""."",""pos"":"""",""jyutping"":null}]"	REQUIRES_EXPERT_CONTEXT_REVIEW
aa84br-a46e188f80f95a2eb7e0	FC-055_v2.cha	9240a3126c82dce64b5d2ddb7b81d4240c371bc4a991e440297dfedc78a7a3f6	29	236	2	XXM	internally_repeated_token	dan4dan3	dan4dan3dan4dan3	o	X	dan4dan3dan4dan3				False	False							講	.	講	<UTTERANCE_END>	噉講dan4dan3dan4dan3.	唔講肥貓呀?	你都黐線嘅.	"{""repetitionMode"":""internally_repeated_token"",""baseSurface"":""dan4dan3"",""matchedSurface"":""dan4dan3dan4dan3""}"	"[{""word"":""噉"",""pos"":""c"",""jyutping"":""gam2""},{""word"":""講"",""pos"":""v"",""jyutping"":""gong2""},{""word"":""dan4dan3dan4dan3"",""pos"":""o"",""jyutping"":""dan4dan3dan4dan3""},{""word"":""."",""pos"":"""",""jyutping"":null}]"	REQUIRES_EXPERT_CONTEXT_REVIEW
aa84br-ab1dcdc24619fe7a5aac	FC-055_v2.cha	9240a3126c82dce64b5d2ddb7b81d4240c371bc4a991e440297dfedc78a7a3f6	29	301	0	XXM	internally_repeated_token	dan4dan3	dan4dan3dan4dan3	o	X	dan4dan3dan4dan3				True	False							<UTTERANCE_START>	.	<UTTERANCE_START>	<UTTERANCE_END>	dan4dan3dan4dan3.	都叫你睇鐘𡃉喇.	dan1dan1dan1dan1.	"{""repetitionMode"":""internally_repeated_token"",""baseSurface"":""dan4dan3"",""matchedSurface"":""dan4dan3dan4dan3""}"	"[{""word"":""dan4dan3dan4dan3"",""pos"":""o"",""jyutping"":""dan4dan3dan4dan3""},{""word"":""."",""pos"":"""",""jyutping"":null}]"	REQUIRES_EXPERT_CONTEXT_REVIEW
aa84br-ee5fad8bd6bb54167528	FC-055_v2.cha	9240a3126c82dce64b5d2ddb7b81d4240c371bc4a991e440297dfedc78a7a3f6	29	302	0	XXF	internally_repeated_token	dan1dan1	dan1dan1dan1dan1	o	X	dan1dan1dan1dan1				True	False							<UTTERANCE_START>	.	<UTTERANCE_START>	<UTTERANCE_END>	dan1dan1dan1dan1.	dan4dan3dan4dan3.	time'sup.	"{""repetitionMode"":""internally_repeated_token"",""baseSurface"":""dan1dan1"",""matchedSurface"":""dan1dan1dan1dan1""}"	"[{""word"":""dan1dan1dan1dan1"",""pos"":""o"",""jyutping"":""dan1dan1dan1dan1""},{""word"":""."",""pos"":"""",""jyutping"":null}]"	REQUIRES_EXPERT_CONTEXT_REVIEW
aa84br-1740ac3ce4c49718d909	FC-055_v2.cha	9240a3126c82dce64b5d2ddb7b81d4240c371bc4a991e440297dfedc78a7a3f6	29	305	0	XXM	internally_repeated_token	拜	拜拜	l1	X	baai1baai3				True	False							<UTTERANCE_START>	.	<UTTERANCE_START>	<UTTERANCE_END>	拜拜.	十五分鐘時限已到.	but1but1.	"{""repetitionMode"":""internally_repeated_token"",""baseSurface"":""拜"",""matchedSurface"":""拜拜""}"	"[{""word"":""拜拜"",""pos"":""l1"",""jyutping"":""baai1baai3""},{""word"":""."",""pos"":"""",""jyutping"":null}]"	REQUIRES_EXPERT_CONTEXT_REVIEW
aa84br-aa95c41e82960149c3bc	FC-055_v2.cha	9240a3126c82dce64b5d2ddb7b81d4240c371bc4a991e440297dfedc78a7a3f6	29	306	0	XXF	internally_repeated_token	but1	but1but1	o	X	but1but1				True	False							<UTTERANCE_START>	.	<UTTERANCE_START>	<UTTERANCE_END>	but1but1.	拜拜.	發覺唔夠時間.	"{""repetitionMode"":""internally_repeated_token"",""baseSurface"":""but1"",""matchedSurface"":""but1but1""}"	"[{""word"":""but1but1"",""pos"":""o"",""jyutping"":""but1but1""},{""word"":""."",""pos"":"""",""jyutping"":null}]"	REQUIRES_EXPERT_CONTEXT_REVIEW
aa84br-63167d7cf6df3a98e07e	FC-055_v2.cha	9240a3126c82dce64b5d2ddb7b81d4240c371bc4a991e440297dfedc78a7a3f6	29	312	3	XXM	adjacent_identical_tokens	咩	咩咩	r	PRON	me1	咩	r	me1	False	True	3	助理	v	VERB	zo6lei5	8	,	咩	係	咩	我係,咩咩咩,廉政公署助理調查主任.	重有五分鐘.	而家時間係下午十時四十三分.	"{""repetitionMode"":""adjacent_identical_tokens"",""baseSurface"":""咩"",""matchedSurface"":""咩咩""}"	"[{""word"":""我"",""pos"":""r"",""jyutping"":""ngo5""},{""word"":""係"",""pos"":""v"",""jyutping"":""hai6""},{""word"":"","",""pos"":"""",""jyutping"":null},{""word"":""咩"",""pos"":""r"",""jyutping"":""me1""},{""word"":""咩"",""pos"":""r"",""jyutping"":""me1""},{""word"":""咩"",""pos"":""r"",""jyutping"":""me1""},{""word"":"","",""pos"":"""",""jyutping"":null},{""word"":""廉政公署"",""pos"":""nt"",""jyutping"":""lim4zing3gung1cyu5""},{""word"":""助理"",""pos"":""v"",""jyutping"":""zo6lei5""},{""word"":""調查"",""pos"":""v"",""jyutping"":""tiu4caa4""},{""word"":""主任"",""pos"":""n"",""jyutping"":""zyu2jam6""},{""word"":""."",""pos"":"""",""jyutping"":null}]"	REQUIRES_EXPERT_CONTEXT_REVIEW
aa84br-f833adfb0cdd9e4318fd	FC-055_v2.cha	9240a3126c82dce64b5d2ddb7b81d4240c371bc4a991e440297dfedc78a7a3f6	29	312	4	XXM	adjacent_identical_tokens	咩	咩咩	r	PRON	me1	咩	r	me1	False	True	2	助理	v	VERB	zo6lei5	8	咩	,	咩	廉政公署	我係,咩咩咩,廉政公署助理調查主任.	重有五分鐘.	而家時間係下午十時四十三分.	"{""repetitionMode"":""adjacent_identical_tokens"",""baseSurface"":""咩"",""matchedSurface"":""咩咩""}"	"[{""word"":""我"",""pos"":""r"",""jyutping"":""ngo5""},{""word"":""係"",""pos"":""v"",""jyutping"":""hai6""},{""word"":"","",""pos"":"""",""jyutping"":null},{""word"":""咩"",""pos"":""r"",""jyutping"":""me1""},{""word"":""咩"",""pos"":""r"",""jyutping"":""me1""},{""word"":""咩"",""pos"":""r"",""jyutping"":""me1""},{""word"":"","",""pos"":"""",""jyutping"":null},{""word"":""廉政公署"",""pos"":""nt"",""jyutping"":""lim4zing3gung1cyu5""},{""word"":""助理"",""pos"":""v"",""jyutping"":""zo6lei5""},{""word"":""調查"",""pos"":""v"",""jyutping"":""tiu4caa4""},{""word"":""主任"",""pos"":""n"",""jyutping"":""zyu2jam6""},{""word"":""."",""pos"":"""",""jyutping"":null}]"	REQUIRES_EXPERT_CONTEXT_REVIEW
aa84br-954526eeea0d22f1d747	FC-055_v2.cha	9240a3126c82dce64b5d2ddb7b81d4240c371bc4a991e440297dfedc78a7a3f6	29	469	0	XXM	internally_repeated_token	dan4dan3	dan4dan3dan4dan3	xx	X	dan4dan3dan4dan3				True	False							<UTTERANCE_START>	.	<UTTERANCE_START>	<UTTERANCE_END>	dan4dan3dan4dan3.	係唔係哩個啊?	eu1eu1eu1eu1.	"{""repetitionMode"":""internally_repeated_token"",""baseSurface"":""dan4dan3"",""matchedSurface"":""dan4dan3dan4dan3""}"	"[{""word"":""dan4dan3dan4dan3"",""pos"":""xx"",""jyutping"":""dan4dan3dan4dan3""},{""word"":""."",""pos"":"""",""jyutping"":null}]"	REQUIRES_EXPERT_CONTEXT_REVIEW
aa84br-3971ba80f5622dcc5a16	FC-055_v2.cha	9240a3126c82dce64b5d2ddb7b81d4240c371bc4a991e440297dfedc78a7a3f6	29	470	0	XXM	internally_repeated_token	eu1eu1	eu1eu1eu1eu1	xx	X	eu1eu1eu1eu1				True	False							<UTTERANCE_START>	.	<UTTERANCE_START>	<UTTERANCE_END>	eu1eu1eu1eu1.	dan4dan3dan4dan3.	eu1eu1eu1eu1.	"{""repetitionMode"":""internally_repeated_token"",""baseSurface"":""eu1eu1"",""matchedSurface"":""eu1eu1eu1eu1""}"	"[{""word"":""eu1eu1eu1eu1"",""pos"":""xx"",""jyutping"":""eu1eu1eu1eu1""},{""word"":""."",""pos"":"""",""jyutping"":null}]"	REQUIRES_EXPERT_CONTEXT_REVIEW
aa84br-a43ed52136b3107dd7e9	FC-055_v2.cha	9240a3126c82dce64b5d2ddb7b81d4240c371bc4a991e440297dfedc78a7a3f6	29	471	0	XXF	internally_repeated_token	eu1eu1	eu1eu1eu1eu1	xx	X	eu1eu1eu1eu1				True	False							<UTTERANCE_START>	.	<UTTERANCE_START>	<UTTERANCE_END>	eu1eu1eu1eu1.	eu1eu1eu1eu1.	夠鐘,夠鐘.	"{""repetitionMode"":""internally_repeated_token"",""baseSurface"":""eu1eu1"",""matchedSurface"":""eu1eu1eu1eu1""}"	"[{""word"":""eu1eu1eu1eu1"",""pos"":""xx"",""jyutping"":""eu1eu1eu1eu1""},{""word"":""."",""pos"":"""",""jyutping"":null}]"	REQUIRES_EXPERT_CONTEXT_REVIEW
aa84br-edfef2fa8b295cbbcecf	FC-055_v2.cha	9240a3126c82dce64b5d2ddb7b81d4240c371bc4a991e440297dfedc78a7a3f6	29	473	0	XXF	internally_repeated_token	拜	拜拜	l1	X	baai1baai3				True	False							<UTTERANCE_START>	.	<UTTERANCE_START>	<UTTERANCE_END>	拜拜.	夠鐘,夠鐘.		"{""repetitionMode"":""internally_repeated_token"",""baseSurface"":""拜"",""matchedSurface"":""拜拜""}"	"[{""word"":""拜拜"",""pos"":""l1"",""jyutping"":""baai1baai3""},{""word"":""."",""pos"":"""",""jyutping"":null}]"	REQUIRES_EXPERT_CONTEXT_REVIEW
aa84br-6f6bb0f37ac966842e18	FC-056_v2.cha	b18efc20cede350d53f2adca793f6102ee87bdb5295b9b462a790b22d037eb8c	30	77	7	XXY	internally_repeated_token	盒	盒盒	q	NOUN	hap6hap6				False	True	3	貴	a	ADJ	gwai3	10	一	帶	一	帶	同埋啲game呢,係一盒盒帶好貴吖.	但係嗰度宣傳唔夠啊所以.	出唔到翻版,噉又好少人去玩囖.	"{""repetitionMode"":""internally_repeated_token"",""baseSurface"":""盒"",""matchedSurface"":""盒盒""}"	"[{""word"":""同埋"",""pos"":""c"",""jyutping"":""tung4maai4""},{""word"":""啲"",""pos"":""r"",""jyutping"":""di1""},{""word"":""game"",""pos"":""xn"",""jyutping"":null},{""word"":""呢"",""pos"":""y1"",""jyutping"":""ne1""},{""word"":"","",""pos"":"""",""jyutping"":null},{""word"":""係"",""pos"":""v"",""jyutping"":""hai6""},{""word"":""一"",""pos"":""m"",""jyutping"":""jat1""},{""word"":""盒盒"",""pos"":""q"",""jyutping"":""hap6hap6""},{""word"":""帶"",""pos"":""n"",""jyutping"":""daai2""},{""word"":""好"",""pos"":""d"",""jyutping"":""hou2""},{""word"":""貴"",""pos"":""a"",""jyutping"":""gwai3""},{""word"":""吖"",""pos"":""y"",""jyutping"":""aa1""},{""word"":""."",""pos"":"""",""jyutping"":null}]"	REQUIRES_EXPERT_CONTEXT_REVIEW
aa84br-82ec4c0ac0e623a61081	FC-101_v2.cha	6ea8fb15323f1b5b3017f243d968ae2b36d0ea1097e4fec84723242a2e023041	31	27	3	XXB	internally_repeated_token	桀	桀桀	o	X	kit1kit1				False	False							會	卡卡	會	卡卡	有時你會桀桀卡卡.	同人傾生意?	跟住你又-又對-社會觸覺又冇喎.	"{""repetitionMode"":""internally_repeated_token"",""baseSurface"":""桀"",""matchedSurface"":""桀桀""}"	"[{""word"":""有時"",""pos"":""d"",""jyutping"":""jau5si4""},{""word"":""你"",""pos"":""r"",""jyutping"":""nei5""},{""word"":""會"",""pos"":""vu"",""jyutping"":""wui5""},{""word"":""桀桀"",""pos"":""o"",""jyutping"":""kit1kit1""},{""word"":""卡卡"",""pos"":""o"",""jyutping"":""kaa1kaa1""},{""word"":""."",""pos"":"""",""jyutping"":null}]"	REQUIRES_EXPERT_CONTEXT_REVIEW
aa84br-357d9d500a2bdabb7fa8	FC-101_v2.cha	6ea8fb15323f1b5b3017f243d968ae2b36d0ea1097e4fec84723242a2e023041	31	27	4	XXB	internally_repeated_token	卡	卡卡	o	X	kaa1kaa1				False	False							桀桀	.	桀桀	<UTTERANCE_END>	有時你會桀桀卡卡.	同人傾生意?	跟住你又-又對-社會觸覺又冇喎.	"{""repetitionMode"":""internally_repeated_token"",""baseSurface"":""卡"",""matchedSurface"":""卡卡""}"	"[{""word"":""有時"",""pos"":""d"",""jyutping"":""jau5si4""},{""word"":""你"",""pos"":""r"",""jyutping"":""nei5""},{""word"":""會"",""pos"":""vu"",""jyutping"":""wui5""},{""word"":""桀桀"",""pos"":""o"",""jyutping"":""kit1kit1""},{""word"":""卡卡"",""pos"":""o"",""jyutping"":""kaa1kaa1""},{""word"":""."",""pos"":"""",""jyutping"":null}]"	REQUIRES_EXPERT_CONTEXT_REVIEW
aa84br-3f07e442fc1e1c98da02	FC-101_v2.cha	6ea8fb15323f1b5b3017f243d968ae2b36d0ea1097e4fec84723242a2e023041	31	57	1	XXB	internally_repeated_token	下	下下	q	NOUN	haa5haa5				False	True	1	要	vu	AUX	jiu3	2	如果	要	如果	要	如果下下要人點呢,就唔掂𡃉嚹.	譬如佢可能噉樣講,噉你就要知道佢內裏含意係講乜嘢𡃉喇.	喂,噉梗係做做下學-一邊做一邊學𡃉喇.	"{""repetitionMode"":""internally_repeated_token"",""baseSurface"":""下"",""matchedSurface"":""下下""}"	"[{""word"":""如果"",""pos"":""c"",""jyutping"":""jyu4gwo2""},{""word"":""下下"",""pos"":""q"",""jyutping"":""haa5haa5""},{""word"":""要"",""pos"":""vu"",""jyutping"":""jiu3""},{""word"":""人"",""pos"":""n"",""jyutping"":""jan4""},{""word"":""點"",""pos"":""v"",""jyutping"":""dim2""},{""word"":""呢"",""pos"":""y1"",""jyutping"":""ne1""},{""word"":"","",""pos"":"""",""jyutping"":null},{""word"":""就"",""pos"":""d"",""jyutping"":""zau6""},{""word"":""唔"",""pos"":""d"",""jyutping"":""m4""},{""word"":""掂"",""pos"":""a"",""jyutping"":""dim6""},{""word"":""𡃉"",""pos"":""y"",""jyutping"":""gaa3""},{""word"":""嚹"",""pos"":""y"",""jyutping"":""laa3""},{""word"":""."",""pos"":"""",""jyutping"":null}]"	REQUIRES_EXPERT_CONTEXT_REVIEW
aa84br-c0d44270f0867d384b56	FC-101_v2.cha	6ea8fb15323f1b5b3017f243d968ae2b36d0ea1097e4fec84723242a2e023041	31	58	4	XXG	adjacent_identical_tokens	做	做做	v	VERB	zou6	做	v	zou6	False	True	2	學	v	VERB	hok6	7	梗係	下	梗係	下	喂,噉梗係做做下學-一邊做一邊學𡃉喇.	如果下下要人點呢,就唔掂𡃉嚹.	我知.	"{""repetitionMode"":""adjacent_identical_tokens"",""baseSurface"":""做"",""matchedSurface"":""做做""}"	"[{""word"":""喂"",""pos"":""e"",""jyutping"":""wai3""},{""word"":"","",""pos"":"""",""jyutping"":null},{""word"":""噉"",""pos"":""c"",""jyutping"":""gam2""},{""word"":""梗係"",""pos"":""d"",""jyutping"":""gang2hai6""},{""word"":""做"",""pos"":""v"",""jyutping"":""zou6""},{""word"":""做"",""pos"":""v"",""jyutping"":""zou6""},{""word"":""下"",""pos"":""u"",""jyutping"":""haa5""},{""word"":""學"",""pos"":""v"",""jyutping"":""hok6""},{""word"":""-"",""pos"":"""",""jyutping"":null},{""word"":""一邊"",""pos"":""d"",""jyutping"":""jat1bin1""},{""word"":""做"",""pos"":""v"",""jyutping"":""zou6""},{""word"":""一邊"",""pos"":""d"",""jyutping"":""jat1bin1""},{""word"":""學"",""pos"":""v"",""jyutping"":""hok6""},{""word"":""𡃉"",""pos"":""y"",""jyutping"":""gaa3""},{""word"":""喇"",""pos"":""y"",""jyutping"":""laa1""},{""word"":""."",""pos"":"""",""jyutping"":null}]"	REQUIRES_EXPERT_CONTEXT_REVIEW
aa84br-76f174b27007daf228a7	FC-101_v2.cha	6ea8fb15323f1b5b3017f243d968ae2b36d0ea1097e4fec84723242a2e023041	31	60	1	XXG	internally_repeated_token	個	個個	q	NOUN	go3go3				False	True	1	出	v	VERB	ceot1	2	噉	出	噉	出	噉個個出到來都係噉𡃉喇.	我知.	梗係唔係喇.	"{""repetitionMode"":""internally_repeated_token"",""baseSurface"":""個"",""matchedSurface"":""個個""}"	"[{""word"":""噉"",""pos"":""c"",""jyutping"":""gam2""},{""word"":""個個"",""pos"":""q"",""jyutping"":""go3go3""},{""word"":""出"",""pos"":""v"",""jyutping"":""ceot1""},{""word"":""到"",""pos"":""d"",""jyutping"":""dou3""},{""word"":""來"",""pos"":""v"",""jyutping"":""lai4""},{""word"":""都"",""pos"":""d"",""jyutping"":""dou1""},{""word"":""係"",""pos"":""v"",""jyutping"":""hai6""},{""word"":""噉"",""pos"":""r"",""jyutping"":""gam2""},{""word"":""𡃉"",""pos"":""y"",""jyutping"":""gaa3""},{""word"":""喇"",""pos"":""y"",""jyutping"":""laa1""},{""word"":""."",""pos"":"""",""jyutping"":null}]"	REQUIRES_EXPERT_CONTEXT_REVIEW
aa84br-150bb3dbfeef79414cba	FC-103_v2.cha	7925d9e37ec562965f598ebe225c43503865e03be344815bf1c5e6f40cb67f05	32	42	16	XXB	internally_repeated_token	啱	啱啱	d	ADV	ngaam1ngaam1				False	True	3	係	v	VERB	hai6	20	即係	嗰個	即係	嗰個	所以我返咗屋企好-好少時間咋,嗰個禮拜,即係啱啱嗰個禮拜,係夜晚食餐飯,跟住第二朝,第二朝八點鐘起身又要出返來哩度.	跟住就晨早帶返佢出去九龍嗰邊,俾另一個親戚,即係探另一個親戚噉樣囖.	不過都好,做功課囖.	"{""repetitionMode"":""internally_repeated_token"",""baseSurface"":""啱"",""matchedSurface"":""啱啱""}"	"[{""word"":""所以"",""pos"":""c"",""jyutping"":""so2ji5""},{""word"":""我"",""pos"":""r"",""jyutping"":""ngo5""},{""word"":""返"",""pos"":""v"",""jyutping"":""faan1""},{""word"":""咗"",""pos"":""u"",""jyutping"":""zo2""},{""word"":""屋企"",""pos"":""n"",""jyutping"":""uk1kei2""},{""word"":""好"",""pos"":""d"",""jyutping"":""hou2""},{""word"":""-"",""pos"":"""",""jyutping"":null},{""word"":""好"",""pos"":""d"",""jyutping"":""hou2""},{""word"":""少"",""pos"":""a"",""jyutping"":""siu2""},{""word"":""時間"",""pos"":""n"",""jyutping"":""si4gaan3""},{""word"":""咋"",""pos"":""y"",""jyutping"":""zaa3""},{""word"":"","",""pos"":"""",""jyutping"":null},{""word"":""嗰個"",""pos"":""r"",""jyutping"":""go2go3""},{""word"":""禮拜"",""pos"":""n"",""jyutping"":""lai5baai3""},{""word"":"","",""pos"":"""",""jyutping"":null},{""word"":""即係"",""pos"":""d"",""jyutping"":""zik1hai6""},{""word"":""啱啱"",""pos"":""d"",""jyutping"":""ngaam1ngaam1""},{""word"":""嗰個"",""pos"":""r"",""jyutping"":""go2go3""},{""word"":""禮拜"",""pos"":""n"",""jyutping"":""lai5baai3""},{""word"":"","",""pos"":"""",""jyutping"":null},{""word"":""係"",""pos"":""v"",""jyutping"":""hai6""},{""word"":""夜晚"",""pos"":""t"",""jyutping"":""je6maan5""},{""word"":""食"",""pos"":""v"",""jyutping"":""sik6""},{""word"":""餐"",""pos"":""q"",""jyutping"":""caan1""},{""word"":""飯"",""pos"":""n"",""jyutping"":""faan6""},{""word"":"","",""pos"":"""",""jyutping"":null},{""word"":""跟住"",""pos"":""c"",""jyutping"":""gan1zyu6""},{""word"":""第二"",""pos"":""m"",""jyutping"":""dai6ji6""},{""word"":""朝"",""pos"":""t"",""jyutping"":""ziu1""},{""word"":"","",""pos"":"""",""jyutping"":null},{""word"":""第二"",""pos"":""m"",""jyutping"":""dai6ji6""},{""word"":""朝"",""pos"":""t"",""jyutping"":""ziu1""},{""word"":""八點鐘"",""pos"":""t"",""jyutping"":""baat3dim2zung1""},{""word"":""起身"",""pos"":""v"",""jyutping"":""hei2san1""},{""word"":""又"",""pos"":""d"",""jyutping"":""jau6""},{""word"":""要"",""pos"":""vu"",""jyutping"":""jiu3""},{""word"":""出"",""pos"":""v"",""jyutping"":""ceot1""},{""word"":""返"",""pos"":""u"",""jyutping"":""faan1""},{""word"":""來"",""pos"":""v"",""jyutping"":""lai4""},{""word"":""哩度"",""pos"":""r"",""jyutping"":""ni1dou6""},{""word"":""."",""pos"":"""",""jyutping"":null}]"	REQUIRES_EXPERT_CONTEXT_REVIEW
aa84br-7ab90dc926e234b9d33e	FC-103_v2.cha	7925d9e37ec562965f598ebe225c43503865e03be344815bf1c5e6f40cb67f05	32	58	1	XXB	internally_repeated_token	啱	啱啱	d	ADV	ngaam1ngaam1				False	True	4	係	v	VERB	hai6	5	我	星期日	我	星期日	我啱啱星期日嗰日係第一日呀?	係啊佢,九日啊.	定星期六係第一日呢?	"{""repetitionMode"":""internally_repeated_token"",""baseSurface"":""啱"",""matchedSurface"":""啱啱""}"	"[{""word"":""我"",""pos"":""r"",""jyutping"":""ngo5""},{""word"":""啱啱"",""pos"":""d"",""jyutping"":""ngaam1ngaam1""},{""word"":""星期日"",""pos"":""t"",""jyutping"":""sing1kei4jat6""},{""word"":""嗰"",""pos"":""r"",""jyutping"":""go2""},{""word"":""日"",""pos"":""q"",""jyutping"":""jat6""},{""word"":""係"",""pos"":""v"",""jyutping"":""hai6""},{""word"":""第一"",""pos"":""m"",""jyutping"":""dai6jat1""},{""word"":""日"",""pos"":""q"",""jyutping"":""jat6""},{""word"":""呀"",""pos"":""y"",""jyutping"":""aa4""},{""word"":""?"",""pos"":"""",""jyutping"":null}]"	REQUIRES_EXPERT_CONTEXT_REVIEW
aa84br-4ec2377c05e9f1c425e7	FC-103_v2.cha	7925d9e37ec562965f598ebe225c43503865e03be344815bf1c5e6f40cb67f05	32	63	14	XXB	internally_repeated_token	乜	乜乜	r	PRON	mat1mat1				False	False							知	同鄉會	知	同鄉會	佢喺佢個大本營就喺九龍嘅,有個唔知乜乜同鄉會之類嗰啲嘢,即係專招呼佢哋.	所以就...係喇,聽晚會來我哋屋企食飯喇,嗯,跟住就唔知嚹,跟住佢可能住多一-一,兩日啩喺我哋屋企.	哦.	"{""repetitionMode"":""internally_repeated_token"",""baseSurface"":""乜"",""matchedSurface"":""乜乜""}"	"[{""word"":""佢"",""pos"":""r"",""jyutping"":""keoi5""},{""word"":""喺"",""pos"":""p"",""jyutping"":""hai2""},{""word"":""佢"",""pos"":""r"",""jyutping"":""keoi5""},{""word"":""個"",""pos"":""q"",""jyutping"":""go3""},{""word"":""大本營"",""pos"":""n"",""jyutping"":""daai6bun2jing4""},{""word"":""就"",""pos"":""d"",""jyutping"":""zau6""},{""word"":""喺"",""pos"":""p"",""jyutping"":""hai2""},{""word"":""九龍"",""pos"":""ns"",""jyutping"":""gau2lung4""},{""word"":""嘅"",""pos"":""u"",""jyutping"":""ge3""},{""word"":"","",""pos"":"""",""jyutping"":null},{""word"":""有"",""pos"":""v1"",""jyutping"":""jau5""},{""word"":""個"",""pos"":""q"",""jyutping"":""go3""},{""word"":""唔"",""pos"":""d"",""jyutping"":""m4""},{""word"":""知"",""pos"":""v"",""jyutping"":""zi1""},{""word"":""乜乜"",""pos"":""r"",""jyutping"":""mat1mat1""},{""word"":""同鄉會"",""pos"":""n"",""jyutping"":""tung4hoeng1wui2""},{""word"":""之類"",""pos"":""r"",""jyutping"":""zi1leoi2""},{""word"":""嗰啲"",""pos"":""r"",""jyutping"":""go2di1""},{""word"":""嘢"",""pos"":""n"",""jyutping"":""je5""},{""word"":"","",""pos"":"""",""jyutping"":null},{""word"":""即係"",""pos"":""d"",""jyutping"":""zik1hai6""},{""word"":""專"",""pos"":""d"",""jyutping"":""zyun1""},{""word"":""招呼"",""pos"":""v"",""jyutping"":""ziu1fu1""},{""word"":""佢哋"",""pos"":""r"",""jyutping"":""keoi5dei6""},{""word"":""."",""pos"":"""",""jyutping"":null}]"	REQUIRES_EXPERT_CONTEXT_REVIEW
aa84br-8a787f1b69e913af8f05	FC-103_v2.cha	7925d9e37ec562965f598ebe225c43503865e03be344815bf1c5e6f40cb67f05	32	78	3	XXB	adjacent_identical_tokens	傾	傾傾	v	VERB	king1	傾	v	king1	False	True	1	傾偈	v	VERB	king1gai2	5	,	傾偈	喇	傾偈	傾偈喇,傾傾傾偈傾得多囖.	係喇,幾好吖,都幾好玩,係喇.	我問阿威呢,邊個玩得最癲,佢話佢喎.	"{""repetitionMode"":""adjacent_identical_tokens"",""baseSurface"":""傾"",""matchedSurface"":""傾傾""}"	"[{""word"":""傾偈"",""pos"":""v"",""jyutping"":""king1gai2""},{""word"":""喇"",""pos"":""y"",""jyutping"":""laa1""},{""word"":"","",""pos"":"""",""jyutping"":null},{""word"":""傾"",""pos"":""v"",""jyutping"":""king1""},{""word"":""傾"",""pos"":""v"",""jyutping"":""king1""},{""word"":""傾偈"",""pos"":""v"",""jyutping"":""king1gai2""},{""word"":""傾"",""pos"":""v"",""jyutping"":""king1""},{""word"":""得"",""pos"":""u"",""jyutping"":""dak1""},{""word"":""多"",""pos"":""a"",""jyutping"":""do1""},{""word"":""囖"",""pos"":""y"",""jyutping"":""lo1""},{""word"":""."",""pos"":"""",""jyutping"":null}]"	REQUIRES_EXPERT_CONTEXT_REVIEW
aa84br-36048e65f547e9a28bcc	FC-103_v2.cha	7925d9e37ec562965f598ebe225c43503865e03be344815bf1c5e6f40cb67f05	32	80	7	XXB	internally_repeated_token	個	個個	q	NOUN	go3go3				False	True	4	開心	a	ADJ	hoi1sam1	12	,	都	喇	都	好笑,阿威,係喇,個個都幾-幾開心啊見,但係臨-走嗰陣時,即係坐船呢,個個都-有好多人都瞓晒覺喇已經,太攰喇可能.	我問阿威呢,邊個玩得最癲,佢話佢喎.	係啊,我哋前晚查經呢,阿Eliza同阿威都重係好攰啊.	"{""repetitionMode"":""internally_repeated_token"",""baseSurface"":""個"",""matchedSurface"":""個個""}"	"[{""word"":""好笑"",""pos"":""a"",""jyutping"":""hou2siu3""},{""word"":"","",""pos"":"""",""jyutping"":null},{""word"":""阿威"",""pos"":""nr"",""jyutping"":""aa3wai1""},{""word"":"","",""pos"":"""",""jyutping"":null},{""word"":""係"",""pos"":""v"",""jyutping"":""hai6""},{""word"":""喇"",""pos"":""y"",""jyutping"":""laa1""},{""word"":"","",""pos"":"""",""jyutping"":null},{""word"":""個個"",""pos"":""q"",""jyutping"":""go3go3""},{""word"":""都"",""pos"":""d"",""jyutping"":""dou1""},{""word"":""幾"",""pos"":""d"",""jyutping"":""gei2""},{""word"":""-"",""pos"":"""",""jyutping"":null},{""word"":""幾"",""pos"":""d"",""jyutping"":""gei2""},{""word"":""開心"",""pos"":""a"",""jyutping"":""hoi1sam1""},{""word"":""啊"",""pos"":""y"",""jyutping"":""aa3""},{""word"":""見"",""pos"":""v"",""jyutping"":""gin3""},{""word"":"","",""pos"":"""",""jyutping"":null},{""word"":""但係"",""pos"":""c"",""jyutping"":""daan6hai6""},{""word"":""臨"",""pos"":""p"",""jyutping"":""lam4""},{""word"":""-"",""pos"":"""",""jyutping"":null},{""word"":""走"",""pos"":""v"",""jyutping"":""zau2""},{""word"":""嗰陣時"",""pos"":""r"",""jyutping"":""go2zan6si4""},{""word"":"","",""pos"":"""",""jyutping"":null},{""word"":""即係"",""pos"":""d"",""jyutping"":""zik1hai6""},{""word"":""坐船"",""pos"":""v"",""jyutping"":""co5syun4""},{""word"":""呢"",""pos"":""y1"",""jyutping"":""ne1""},{""word"":"","",""pos"":"""",""jyutping"":null},{""word"":""個個"",""pos"":""q"",""jyutping"":""go3go3""},{""word"":""都"",""pos"":""d"",""jyutping"":""dou1""},{""word"":""-"",""pos"":"""",""jyutping"":null},{""word"":""有"",""pos"":""v1"",""jyutping"":""jau5""},{""word"":""好多"",""pos"":""m"",""jyutping"":""hou2do1""},{""word"":""人"",""pos"":""n"",""jyutping"":""jan4""},{""word"":""都"",""pos"":""d"",""jyutping"":""dou1""},{""word"":""瞓"",""pos"":""v"",""jyutping"":""fan3""},{""word"":""晒"",""pos"":""u"",""jyutping"":""saai3""},{""word"":""覺"",""pos"":""Ng"",""jyutping"":""gaau3""},{""word"":""喇"",""pos"":""y"",""jyutping"":""laa1""},{""word"":""已經"",""pos"":""d"",""jyutping"":""ji5ging1""},{""word"":"","",""pos"":"""",""jyutping"":null},{""word"":""太"",""pos"":""d"",""jyutping"":""taai3""},{""word"":""攰"",""pos"":""a"",""jyutping"":""gui6""},{""word"":""喇"",""pos"":""y"",""jyutping"":""laa1""},{""word"":""可能"",""pos"":""vu"",""jyutping"":""ho2nang4""},{""word"":""."",""pos"":"""",""jyutping"":null}]"	REQUIRES_EXPERT_CONTEXT_REVIEW
aa84br-43324a2c7c5095f4464a	FC-103_v2.cha	7925d9e37ec562965f598ebe225c43503865e03be344815bf1c5e6f40cb67f05	32	80	26	XXB	internally_repeated_token	個	個個	q	NOUN	go3go3				False	True	2	有	v1	VERB	jau5	29	,	都	呢	都	好笑,阿威,係喇,個個都幾-幾開心啊見,但係臨-走嗰陣時,即係坐船呢,個個都-有好多人都瞓晒覺喇已經,太攰喇可能.	我問阿威呢,邊個玩得最癲,佢話佢喎.	係啊,我哋前晚查經呢,阿Eliza同阿威都重係好攰啊.	"{""repetitionMode"":""internally_repeated_token"",""baseSurface"":""個"",""matchedSurface"":""個個""}"	"[{""word"":""好笑"",""pos"":""a"",""jyutping"":""hou2siu3""},{""word"":"","",""pos"":"""",""jyutping"":null},{""word"":""阿威"",""pos"":""nr"",""jyutping"":""aa3wai1""},{""word"":"","",""pos"":"""",""jyutping"":null},{""word"":""係"",""pos"":""v"",""jyutping"":""hai6""},{""word"":""喇"",""pos"":""y"",""jyutping"":""laa1""},{""word"":"","",""pos"":"""",""jyutping"":null},{""word"":""個個"",""pos"":""q"",""jyutping"":""go3go3""},{""word"":""都"",""pos"":""d"",""jyutping"":""dou1""},{""word"":""幾"",""pos"":""d"",""jyutping"":""gei2""},{""word"":""-"",""pos"":"""",""jyutping"":null},{""word"":""幾"",""pos"":""d"",""jyutping"":""gei2""},{""word"":""開心"",""pos"":""a"",""jyutping"":""hoi1sam1""},{""word"":""啊"",""pos"":""y"",""jyutping"":""aa3""},{""word"":""見"",""pos"":""v"",""jyutping"":""gin3""},{""word"":"","",""pos"":"""",""jyutping"":null},{""word"":""但係"",""pos"":""c"",""jyutping"":""daan6hai6""},{""word"":""臨"",""pos"":""p"",""jyutping"":""lam4""},{""word"":""-"",""pos"":"""",""jyutping"":null},{""word"":""走"",""pos"":""v"",""jyutping"":""zau2""},{""word"":""嗰陣時"",""pos"":""r"",""jyutping"":""go2zan6si4""},{""word"":"","",""pos"":"""",""jyutping"":null},{""word"":""即係"",""pos"":""d"",""jyutping"":""zik1hai6""},{""word"":""坐船"",""pos"":""v"",""jyutping"":""co5syun4""},{""word"":""呢"",""pos"":""y1"",""jyutping"":""ne1""},{""word"":"","",""pos"":"""",""jyutping"":null},{""word"":""個個"",""pos"":""q"",""jyutping"":""go3go3""},{""word"":""都"",""pos"":""d"",""jyutping"":""dou1""},{""word"":""-"",""pos"":"""",""jyutping"":null},{""word"":""有"",""pos"":""v1"",""jyutping"":""jau5""},{""word"":""好多"",""pos"":""m"",""jyutping"":""hou2do1""},{""word"":""人"",""pos"":""n"",""jyutping"":""jan4""},{""word"":""都"",""pos"":""d"",""jyutping"":""dou1""},{""word"":""瞓"",""pos"":""v"",""jyutping"":""fan3""},{""word"":""晒"",""pos"":""u"",""jyutping"":""saai3""},{""word"":""覺"",""pos"":""Ng"",""jyutping"":""gaau3""},{""word"":""喇"",""pos"":""y"",""jyutping"":""laa1""},{""word"":""已經"",""pos"":""d"",""jyutping"":""ji5ging1""},{""word"":"","",""pos"":"""",""jyutping"":null},{""word"":""太"",""pos"":""d"",""jyutping"":""taai3""},{""word"":""攰"",""pos"":""a"",""jyutping"":""gui6""},{""word"":""喇"",""pos"":""y"",""jyutping"":""laa1""},{""word"":""可能"",""pos"":""vu"",""jyutping"":""ho2nang4""},{""word"":""."",""pos"":"""",""jyutping"":null}]"	REQUIRES_EXPERT_CONTEXT_REVIEW
aa84br-a60158dbfef2819be74c	FC-103_v2.cha	7925d9e37ec562965f598ebe225c43503865e03be344815bf1c5e6f40cb67f05	32	83	4	XXA	adjacent_identical_tokens	直程	直程直程	d	ADV	zik6cing4	直程	d	zik6cing4	False	True	2	攰	a	ADJ	gui6	8	Eliza	呢	Eliza	呢	係啊,Eliza直程直程呢,攰到呢,好緊要好緊要,冇精神噉囖.	係咩?	我諗係去camp令到係會攰啲𡃉.	"{""repetitionMode"":""adjacent_identical_tokens"",""baseSurface"":""直程"",""matchedSurface"":""直程直程""}"	"[{""word"":""係"",""pos"":""v"",""jyutping"":""hai6""},{""word"":""啊"",""pos"":""y"",""jyutping"":""aa3""},{""word"":"","",""pos"":"""",""jyutping"":null},{""word"":""Eliza"",""pos"":""xnr"",""jyutping"":null},{""word"":""直程"",""pos"":""d"",""jyutping"":""zik6cing4""},{""word"":""直程"",""pos"":""d"",""jyutping"":""zik6cing4""},{""word"":""呢"",""pos"":""y1"",""jyutping"":""ne1""},{""word"":"","",""pos"":"""",""jyutping"":null},{""word"":""攰"",""pos"":""a"",""jyutping"":""gui6""},{""word"":""到"",""pos"":""u"",""jyutping"":""dou3""},{""word"":""呢"",""pos"":""y1"",""jyutping"":""ne1""},{""word"":"","",""pos"":"""",""jyutping"":null},{""word"":""好"",""pos"":""d"",""jyutping"":""hou2""},{""word"":""緊要"",""pos"":""a"",""jyutping"":""gan2jiu3""},{""word"":""好"",""pos"":""d"",""jyutping"":""hou2""},{""word"":""緊要"",""pos"":""a"",""jyutping"":""gan2jiu3""},{""word"":"","",""pos"":"""",""jyutping"":null},{""word"":""冇"",""pos"":""v1"",""jyutping"":""mou5""},{""word"":""精神"",""pos"":""a"",""jyutping"":""zing1san4""},{""word"":""噉"",""pos"":""r"",""jyutping"":""gam2""},{""word"":""囖"",""pos"":""y"",""jyutping"":""lo1""},{""word"":""."",""pos"":"""",""jyutping"":null}]"	REQUIRES_EXPERT_CONTEXT_REVIEW
aa84br-9ea1c2140f85d50c9b1b	FC-103_v2.cha	7925d9e37ec562965f598ebe225c43503865e03be344815bf1c5e6f40cb67f05	32	88	23	XXB	internally_repeated_token	走	走走	v	VERB	zau2zau2				False	True	1	糴糴	v	VERB	dek3dek3	24	,	糴糴	啊	糴糴	係,噉又係,我諗佢哋係夜瞓咗,同埋即係要好多行來行去啊,走走糴糴啊噉樣囖,係囖我哋就冇乜嘢啊都係噉樣.	都係噉樣.	嗱,噉哩一個chapter就講信心喇,不過我發覺後面有啲經文就唔係幾拏更嘅,所以我就揀咗另外一啲嘅經文.	"{""repetitionMode"":""internally_repeated_token"",""baseSurface"":""走"",""matchedSurface"":""走走""}"	"[{""word"":""係"",""pos"":""v"",""jyutping"":""hai6""},{""word"":"","",""pos"":"""",""jyutping"":null},{""word"":""噉"",""pos"":""r"",""jyutping"":""gam2""},{""word"":""又"",""pos"":""d"",""jyutping"":""jau6""},{""word"":""係"",""pos"":""v"",""jyutping"":""hai6""},{""word"":"","",""pos"":"""",""jyutping"":null},{""word"":""我"",""pos"":""r"",""jyutping"":""ngo5""},{""word"":""諗"",""pos"":""v"",""jyutping"":""nam2""},{""word"":""佢哋"",""pos"":""r"",""jyutping"":""keoi5dei6""},{""word"":""係"",""pos"":""v"",""jyutping"":""hai6""},{""word"":""夜瞓"",""pos"":""a"",""jyutping"":""je6fan3""},{""word"":""咗"",""pos"":""u"",""jyutping"":""zo2""},{""word"":"","",""pos"":"""",""jyutping"":null},{""word"":""同埋"",""pos"":""c"",""jyutping"":""tung4maai4""},{""word"":""即係"",""pos"":""c"",""jyutping"":""zik1hai6""},{""word"":""要"",""pos"":""vu"",""jyutping"":""jiu3""},{""word"":""好多"",""pos"":""m"",""jyutping"":""hou2do1""},{""word"":""行"",""pos"":""v"",""jyutping"":""haang4""},{""word"":""來"",""pos"":""v"",""jyutping"":""lai4""},{""word"":""行"",""pos"":""v"",""jyutping"":""haang4""},{""word"":""去"",""pos"":""v"",""jyutping"":""heoi3""},{""word"":""啊"",""pos"":""y"",""jyutping"":""aa3""},{""word"":"","",""pos"":"""",""jyutping"":null},{""word"":""走走"",""pos"":""v"",""jyutping"":""zau2zau2""},{""word"":""糴糴"",""pos"":""v"",""jyutping"":""dek3dek3""},{""word"":""啊"",""pos"":""y"",""jyutping"":""aa3""},{""word"":""噉樣"",""pos"":""r"",""jyutping"":""gam2joeng2""},{""word"":""囖"",""pos"":""y"",""jyutping"":""lo1""},{""word"":"","",""pos"":"""",""jyutping"":null},{""word"":""係"",""pos"":""v"",""jyutping"":""hai6""},{""word"":""囖"",""pos"":""y"",""jyutping"":""lo1""},{""word"":""我哋"",""pos"":""r"",""jyutping"":""ngo5dei6""},{""word"":""就"",""pos"":""d"",""jyutping"":""zau6""},{""word"":""冇"",""pos"":""v1"",""jyutping"":""mou5""},{""word"":""乜嘢"",""pos"":""r"",""jyutping"":""mat1je5""},{""word"":""啊"",""pos"":""y"",""jyutping"":""aa3""},{""word"":""都"",""pos"":""d"",""jyutping"":""dou1""},{""word"":""係"",""pos"":""v"",""jyutping"":""hai6""},{""word"":""噉樣"",""pos"":""r"",""jyutping"":""gam2joeng2""},{""word"":""."",""pos"":"""",""jyutping"":null}]"	REQUIRES_EXPERT_CONTEXT_REVIEW
aa84br-d6d690f0968e9d47e488	FC-103_v2.cha	7925d9e37ec562965f598ebe225c43503865e03be344815bf1c5e6f40cb67f05	32	88	24	XXB	internally_repeated_token	糴	糴糴	v	VERB	dek3dek3				False	True	4	係	v	VERB	hai6	29	走走	啊	走走	啊	係,噉又係,我諗佢哋係夜瞓咗,同埋即係要好多行來行去啊,走走糴糴啊噉樣囖,係囖我哋就冇乜嘢啊都係噉樣.	都係噉樣.	嗱,噉哩一個chapter就講信心喇,不過我發覺後面有啲經文就唔係幾拏更嘅,所以我就揀咗另外一啲嘅經文.	"{""repetitionMode"":""internally_repeated_token"",""baseSurface"":""糴"",""matchedSurface"":""糴糴""}"	"[{""word"":""係"",""pos"":""v"",""jyutping"":""hai6""},{""word"":"","",""pos"":"""",""jyutping"":null},{""word"":""噉"",""pos"":""r"",""jyutping"":""gam2""},{""word"":""又"",""pos"":""d"",""jyutping"":""jau6""},{""word"":""係"",""pos"":""v"",""jyutping"":""hai6""},{""word"":"","",""pos"":"""",""jyutping"":null},{""word"":""我"",""pos"":""r"",""jyutping"":""ngo5""},{""word"":""諗"",""pos"":""v"",""jyutping"":""nam2""},{""word"":""佢哋"",""pos"":""r"",""jyutping"":""keoi5dei6""},{""word"":""係"",""pos"":""v"",""jyutping"":""hai6""},{""word"":""夜瞓"",""pos"":""a"",""jyutping"":""je6fan3""},{""word"":""咗"",""pos"":""u"",""jyutping"":""zo2""},{""word"":"","",""pos"":"""",""jyutping"":null},{""word"":""同埋"",""pos"":""c"",""jyutping"":""tung4maai4""},{""word"":""即係"",""pos"":""c"",""jyutping"":""zik1hai6""},{""word"":""要"",""pos"":""vu"",""jyutping"":""jiu3""},{""word"":""好多"",""pos"":""m"",""jyutping"":""hou2do1""},{""word"":""行"",""pos"":""v"",""jyutping"":""haang4""},{""word"":""來"",""pos"":""v"",""jyutping"":""lai4""},{""word"":""行"",""pos"":""v"",""jyutping"":""haang4""},{""word"":""去"",""pos"":""v"",""jyutping"":""heoi3""},{""word"":""啊"",""pos"":""y"",""jyutping"":""aa3""},{""word"":"","",""pos"":"""",""jyutping"":null},{""word"":""走走"",""pos"":""v"",""jyutping"":""zau2zau2""},{""word"":""糴糴"",""pos"":""v"",""jyutping"":""dek3dek3""},{""word"":""啊"",""pos"":""y"",""jyutping"":""aa3""},{""word"":""噉樣"",""pos"":""r"",""jyutping"":""gam2joeng2""},{""word"":""囖"",""pos"":""y"",""jyutping"":""lo1""},{""word"":"","",""pos"":"""",""jyutping"":null},{""word"":""係"",""pos"":""v"",""jyutping"":""hai6""},{""word"":""囖"",""pos"":""y"",""jyutping"":""lo1""},{""word"":""我哋"",""pos"":""r"",""jyutping"":""ngo5dei6""},{""word"":""就"",""pos"":""d"",""jyutping"":""zau6""},{""word"":""冇"",""pos"":""v1"",""jyutping"":""mou5""},{""word"":""乜嘢"",""pos"":""r"",""jyutping"":""mat1je5""},{""word"":""啊"",""pos"":""y"",""jyutping"":""aa3""},{""word"":""都"",""pos"":""d"",""jyutping"":""dou1""},{""word"":""係"",""pos"":""v"",""jyutping"":""hai6""},{""word"":""噉樣"",""pos"":""r"",""jyutping"":""gam2joeng2""},{""word"":""."",""pos"":"""",""jyutping"":null}]"	REQUIRES_EXPERT_CONTEXT_REVIEW
aa84br-d1201a6ced134107de5a	FC-103_v2.cha	7925d9e37ec562965f598ebe225c43503865e03be344815bf1c5e6f40cb67f05	32	113	51	XXA	adjacent_identical_tokens	好	好好	d	ADV	hou2	好	a	hou2	False	True	2	有	v1	VERB	jau5	55	係	,	係	好	"佢就話,""faithisbeingsureofwhatwehopefor""喇,同埋係""certainofweare,certainofwhatwedonotsee""就好似正話你所講,即係對一啲你想發生嘅嘢呢,係好好,好有嗰個certainty同埋好sure嘅,你可以肯定到,但係未發生𡃉喎."	好喇.	嗯.	"{""repetitionMode"":""adjacent_identical_tokens"",""baseSurface"":""好"",""matchedSurface"":""好好""}"	"[{""word"":""佢"",""pos"":""r"",""jyutping"":""keoi5""},{""word"":""就"",""pos"":""d"",""jyutping"":""zau6""},{""word"":""話"",""pos"":""v"",""jyutping"":""waa6""},{""word"":"","",""pos"":"""",""jyutping"":null},{""word"":""\"""",""pos"":"""",""jyutping"":null},{""word"":""faith"",""pos"":""xn"",""jyutping"":null},{""word"":""is"",""pos"":""xv"",""jyutping"":null},{""word"":""being"",""pos"":""xv"",""jyutping"":null},{""word"":""sure"",""pos"":""xa"",""jyutping"":null},{""word"":""of"",""pos"":""xp"",""jyutping"":null},{""word"":""what"",""pos"":""xr"",""jyutping"":null},{""word"":""we"",""pos"":""xr"",""jyutping"":null},{""word"":""hope"",""pos"":""xv"",""jyutping"":null},{""word"":""for"",""pos"":""xp"",""jyutping"":null},{""word"":""\"""",""pos"":"""",""jyutping"":null},{""word"":""喇"",""pos"":""y"",""jyutping"":""laa1""},{""word"":"","",""pos"":"""",""jyutping"":null},{""word"":""同埋"",""pos"":""c"",""jyutping"":""tung4maai4""},{""word"":""係"",""pos"":""v"",""jyutping"":""hai6""},{""word"":""\"""",""pos"":"""",""jyutping"":null},{""word"":""certain"",""pos"":""xv"",""jyutping"":null},{""word"":""of"",""pos"":""xp"",""jyutping"":null},{""word"":""we"",""pos"":""xr"",""jyutping"":null},{""word"":""are"",""pos"":""xv"",""jyutping"":null},{""word"":"","",""pos"":"""",""jyutping"":null},{""word"":""certain"",""pos"":""xv"",""jyutping"":null},{""word"":""of"",""pos"":""xp"",""jyutping"":null},{""word"":""what"",""pos"":""xr"",""jyutping"":null},{""word"":""we"",""pos"":""xr"",""jyutping"":null},{""word"":""do"",""pos"":""xv"",""jyutping"":null},{""word"":""not"",""pos"":""xd"",""jyutping"":null},{""word"":""see"",""pos"":""xv"",""jyutping"":null},{""word"":""\"""",""pos"":"""",""jyutping"":null},{""word"":""就"",""pos"":""d"",""jyutping"":""zau6""},{""word"":""好似"",""pos"":""v"",""jyutping"":""hou2ci5""},{""word"":""正話"",""pos"":""d"",""jyutping"":""zing3waa6""},{""word"":""你"",""pos"":""r"",""jyutping"":""nei5""},{""word"":""所"",""pos"":""r"",""jyutping"":""so2""},{""word"":""講"",""pos"":""v"",""jyutping"":""gong2""},{""word"":"","",""pos"":"""",""jyutping"":null},{""word"":""即係"",""pos"":""d"",""jyutping"":""zik1hai6""},{""word"":""對"",""pos"":""v"",""jyutping"":""deoi3""},{""word"":""一啲"",""pos"":""m"",""jyutping"":""jat1di1""},{""word"":""你"",""pos"":""r"",""jyutping"":""nei5""},{""word"":""想"",""pos"":""vu"",""jyutping"":""soeng2""},{""word"":""發生"",""pos"":""v"",""jyutping"":""faat3sang1""},{""word"":""嘅"",""pos"":""u"",""jyutping"":""ge3""},{""word"":""嘢"",""pos"":""n"",""jyutping"":""je5""},{""word"":""呢"",""pos"":""y1"",""jyutping"":""ne1""},{""word"":"","",""pos"":"""",""jyutping"":null},{""word"":""係"",""pos"":""v"",""jyutping"":""hai6""},{""word"":""好"",""pos"":""d"",""jyutping"":""hou2""},{""word"":""好"",""pos"":""a"",""jyutping"":""hou2""},{""word"":"","",""pos"":"""",""jyutping"":null},{""word"":""好"",""pos"":""d"",""jyutping"":""hou2""},{""word"":""有"",""pos"":""v1"",""jyutping"":""jau5""},{""word"":""嗰個"",""pos"":""r"",""jyutping"":""go2go3""},{""word"":""certainty"",""pos"":""xn"",""jyutping"":null},{""word"":""同埋"",""pos"":""c"",""jyutping"":""tung4maai4""},{""word"":""好"",""pos"":""d"",""jyutping"":""hou2""},{""word"":""sure"",""pos"":""xa"",""jyutping"":null},{""word"":""嘅"",""pos"":""u"",""jyutping"":""ge3""},{""word"":"","",""pos"":"""",""jyutping"":null},{""word"":""你"",""pos"":""r"",""jyutping"":""nei5""},{""word"":""可以"",""pos"":""vu"",""jyutping"":""ho2ji5""},{""word"":""肯定"",""pos"":""v"",""jyutping"":""hang2ding6""},{""word"":""到"",""pos"":""u"",""jyutping"":""dou2""},{""word"":"","",""pos"":"""",""jyutping"":null},{""word"":""但係"",""pos"":""c"",""jyutping"":""daan6hai6""},{""word"":""未"",""pos"":""d"",""jyutping"":""mei6""},{""word"":""發生"",""pos"":""v"",""jyutping"":""faat3sang1""},{""word"":""𡃉"",""pos"":""y"",""jyutping"":""gaa3""},{""word"":""喎"",""pos"":""y"",""jyutping"":""wo3""},{""word"":""."",""pos"":"""",""jyutping"":null}]"	REQUIRES_EXPERT_CONTEXT_REVIEW
aa84br-6a7187bd83d02bc6fc8f	FC-103_v2.cha	7925d9e37ec562965f598ebe225c43503865e03be344815bf1c5e6f40cb67f05	32	183	10	XXA	adjacent_identical_tokens	好	好好	d	ADV	hou2	好	a	hou2	False	True	4	俾	v	VERB	bei2	16	多瑪	,	多瑪	佢	"噉當然喇,即係其實耶穌都對多瑪好好,佢都終於俾佢真係見到佢,即係耶穌佢都講喇,佢特登喺廿七節嘅時候,同多瑪講,佢話""你伸隻手來摸下我隻手喇,同埋摸下我個肋膀喇噉."	嗯.	"""因為其實耶穌就知道之前多瑪唔信𡃉,所以耶穌就對佢好好,即係佢特登俾佢experience,同埋俾佢見到."	"{""repetitionMode"":""adjacent_identical_tokens"",""baseSurface"":""好"",""matchedSurface"":""好好""}"	"[{""word"":""噉"",""pos"":""c"",""jyutping"":""gam2""},{""word"":""當然"",""pos"":""d"",""jyutping"":""dong1jin4""},{""word"":""喇"",""pos"":""y1"",""jyutping"":""laa1""},{""word"":"","",""pos"":"""",""jyutping"":null},{""word"":""即係"",""pos"":""c"",""jyutping"":""zik1hai6""},{""word"":""其實"",""pos"":""d"",""jyutping"":""kei4sat6""},{""word"":""耶穌"",""pos"":""nr"",""jyutping"":""je4sou1""},{""word"":""都"",""pos"":""d"",""jyutping"":""dou1""},{""word"":""對"",""pos"":""v"",""jyutping"":""deoi3""},{""word"":""多瑪"",""pos"":""nr"",""jyutping"":""do1maa5""},{""word"":""好"",""pos"":""d"",""jyutping"":""hou2""},{""word"":""好"",""pos"":""a"",""jyutping"":""hou2""},{""word"":"","",""pos"":"""",""jyutping"":null},{""word"":""佢"",""pos"":""r"",""jyutping"":""keoi5""},{""word"":""都"",""pos"":""d"",""jyutping"":""dou1""},{""word"":""終於"",""pos"":""d"",""jyutping"":""zung1jyu1""},{""word"":""俾"",""pos"":""v"",""jyutping"":""bei2""},{""word"":""佢"",""pos"":""r"",""jyutping"":""keoi5""},{""word"":""真係"",""pos"":""d"",""jyutping"":""zan1hai6""},{""word"":""見"",""pos"":""v"",""jyutping"":""gin3""},{""word"":""到"",""pos"":""u"",""jyutping"":""dou2""},{""word"":""佢"",""pos"":""r"",""jyutping"":""keoi5""},{""word"":"","",""pos"":"""",""jyutping"":null},{""word"":""即係"",""pos"":""d"",""jyutping"":""zik1hai6""},{""word"":""耶穌"",""pos"":""nr"",""jyutping"":""je4sou1""},{""word"":""佢"",""pos"":""r"",""jyutping"":""keoi5""},{""word"":""都"",""pos"":""d"",""jyutping"":""dou1""},{""word"":""講"",""pos"":""v"",""jyutping"":""gong2""},{""word"":""喇"",""pos"":""y"",""jyutping"":""laa1""},{""word"":"","",""pos"":"""",""jyutping"":null},{""word"":""佢"",""pos"":""r"",""jyutping"":""keoi5""},{""word"":""特登"",""pos"":""d"",""jyutping"":""dak6dang1""},{""word"":""喺"",""pos"":""p"",""jyutping"":""hai2""},{""word"":""廿七"",""pos"":""m"",""jyutping"":""jaa6cat1""},{""word"":""節"",""pos"":""q"",""jyutping"":""zit3""},{""word"":""嘅"",""pos"":""u"",""jyutping"":""ge3""},{""word"":""時候"",""pos"":""n"",""jyutping"":""si4hau6""},{""word"":"","",""pos"":"""",""jyutping"":null},{""word"":""同"",""pos"":""p"",""jyutping"":""tung4""},{""word"":""多瑪"",""pos"":""nr"",""jyutping"":""do1maa5""},{""word"":""講"",""pos"":""v"",""jyutping"":""gong2""},{""word"":"","",""pos"":"""",""jyutping"":null},{""word"":""佢"",""pos"":""r"",""jyutping"":""keoi5""},{""word"":""話"",""pos"":""v"",""jyutping"":""waa6""},{""word"":""\"""",""pos"":"""",""jyutping"":null},{""word"":""你"",""pos"":""r"",""jyutping"":""nei5""},{""word"":""伸"",""pos"":""v"",""jyutping"":""san1""},{""word"":""隻"",""pos"":""q"",""jyutping"":""zek3""},{""word"":""手"",""pos"":""n"",""jyutping"":""sau2""},{""word"":""來"",""pos"":""v"",""jyutping"":""lai4""},{""word"":""摸"",""pos"":""v"",""jyutping"":""mo2""},{""word"":""下"",""pos"":""u"",""jyutping"":""haa5""},{""word"":""我"",""pos"":""r"",""jyutping"":""ngo5""},{""word"":""隻"",""pos"":""q"",""jyutping"":""zek3""},{""word"":""手"",""pos"":""n"",""jyutping"":""sau2""},{""word"":""喇"",""pos"":""y1"",""jyutping"":""laa1""},{""word"":"","",""pos"":"""",""jyutping"":null},{""word"":""同埋"",""pos"":""c"",""jyutping"":""tung4maai4""},{""word"":""摸"",""pos"":""v"",""jyutping"":""mo2""},{""word"":""下"",""pos"":""u"",""jyutping"":""haa5""},{""word"":""我"",""pos"":""r"",""jyutping"":""ngo5""},{""word"":""個"",""pos"":""q"",""jyutping"":""go3""},{""word"":""肋膀"",""pos"":""n"",""jyutping"":""laak6pong4""},{""word"":""喇"",""pos"":""y"",""jyutping"":""laa1""},{""word"":""噉"",""pos"":""r"",""jyutping"":""gam2""},{""word"":""."",""pos"":"""",""jyutping"":null}]"	REQUIRES_EXPERT_CONTEXT_REVIEW
aa84br-0aa6d0ff7d1d15ed68bb	FC-103_v2.cha	7925d9e37ec562965f598ebe225c43503865e03be344815bf1c5e6f40cb67f05	32	184	17	XXA	adjacent_identical_tokens	好	好好	d	ADV	hou2	好	a	hou2	False	True	4	俾	v	VERB	bei2	23	佢	,	佢	即係	"""因為其實耶穌就知道之前多瑪唔信𡃉,所以耶穌就對佢好好,即係佢特登俾佢experience,同埋俾佢見到."	"噉當然喇,即係其實耶穌都對多瑪好好,佢都終於俾佢真係見到佢,即係耶穌佢都講喇,佢特登喺廿七節嘅時候,同多瑪講,佢話""你伸隻手來摸下我隻手喇,同埋摸下我個肋膀喇噉."	不過我諗,即係唔係個個人可以見到,即係耶穌復活哩件事喇,噉所以-所以即係耶穌expect,或者佢話嗰啲冇親眼見到,但係都信嗰啲呢就更加好啊比起哩啲.	"{""repetitionMode"":""adjacent_identical_tokens"",""baseSurface"":""好"",""matchedSurface"":""好好""}"	"[{""word"":""\"""",""pos"":"""",""jyutping"":null},{""word"":""因為"",""pos"":""c"",""jyutping"":""jan1wai6""},{""word"":""其實"",""pos"":""d"",""jyutping"":""kei4sat6""},{""word"":""耶穌"",""pos"":""nr"",""jyutping"":""je4sou1""},{""word"":""就"",""pos"":""d"",""jyutping"":""zau6""},{""word"":""知道"",""pos"":""v"",""jyutping"":""zi1dou3""},{""word"":""之前"",""pos"":""t"",""jyutping"":""zi1cin4""},{""word"":""多瑪"",""pos"":""nr"",""jyutping"":""do1maa5""},{""word"":""唔"",""pos"":""d"",""jyutping"":""m4""},{""word"":""信"",""pos"":""v"",""jyutping"":""seon3""},{""word"":""𡃉"",""pos"":""y"",""jyutping"":""gaa3""},{""word"":"","",""pos"":"""",""jyutping"":null},{""word"":""所以"",""pos"":""c"",""jyutping"":""so2ji5""},{""word"":""耶穌"",""pos"":""nr"",""jyutping"":""je4sou1""},{""word"":""就"",""pos"":""d"",""jyutping"":""zau6""},{""word"":""對"",""pos"":""v"",""jyutping"":""deoi3""},{""word"":""佢"",""pos"":""r"",""jyutping"":""keoi5""},{""word"":""好"",""pos"":""d"",""jyutping"":""hou2""},{""word"":""好"",""pos"":""a"",""jyutping"":""hou2""},{""word"":"","",""pos"":"""",""jyutping"":null},{""word"":""即係"",""pos"":""d"",""jyutping"":""zik1hai6""},{""word"":""佢"",""pos"":""r"",""jyutping"":""keoi5""},{""word"":""特登"",""pos"":""d"",""jyutping"":""dak6dang1""},{""word"":""俾"",""pos"":""v"",""jyutping"":""bei2""},{""word"":""佢"",""pos"":""r"",""jyutping"":""keoi5""},{""word"":""experience"",""pos"":""xn"",""jyutping"":null},{""word"":"","",""pos"":"""",""jyutping"":null},{""word"":""同埋"",""pos"":""c"",""jyutping"":""tung4maai4""},{""word"":""俾"",""pos"":""p"",""jyutping"":""bei2""},{""word"":""佢"",""pos"":""r"",""jyutping"":""keoi5""},{""word"":""見"",""pos"":""v"",""jyutping"":""gin3""},{""word"":""到"",""pos"":""u"",""jyutping"":""dou2""},{""word"":""."",""pos"":"""",""jyutping"":null}]"	REQUIRES_EXPERT_CONTEXT_REVIEW
aa84br-200043d9d8f398be0d95	FC-103_v2.cha	7925d9e37ec562965f598ebe225c43503865e03be344815bf1c5e6f40cb67f05	32	185	6	XXA	internally_repeated_token	個	個個	q	NOUN	go3go3				False	True	2	可以	vu	AUX	ho2ji5	8	唔係	人	唔係	人	不過我諗,即係唔係個個人可以見到,即係耶穌復活哩件事喇,噉所以-所以即係耶穌expect,或者佢話嗰啲冇親眼見到,但係都信嗰啲呢就更加好啊比起哩啲.	"""因為其實耶穌就知道之前多瑪唔信𡃉,所以耶穌就對佢好好,即係佢特登俾佢experience,同埋俾佢見到."	嗯.	"{""repetitionMode"":""internally_repeated_token"",""baseSurface"":""個"",""matchedSurface"":""個個""}"	"[{""word"":""不過"",""pos"":""c"",""jyutping"":""bat1gwo3""},{""word"":""我"",""pos"":""r"",""jyutping"":""ngo5""},{""word"":""諗"",""pos"":""v"",""jyutping"":""nam2""},{""word"":"","",""pos"":"""",""jyutping"":null},{""word"":""即係"",""pos"":""d"",""jyutping"":""zik1hai6""},{""word"":""唔係"",""pos"":""v"",""jyutping"":""m4hai6""},{""word"":""個個"",""pos"":""q"",""jyutping"":""go3go3""},{""word"":""人"",""pos"":""n"",""jyutping"":""jan4""},{""word"":""可以"",""pos"":""vu"",""jyutping"":""ho2ji5""},{""word"":""見"",""pos"":""v"",""jyutping"":""gin3""},{""word"":""到"",""pos"":""u"",""jyutping"":""dou2""},{""word"":"","",""pos"":"""",""jyutping"":null},{""word"":""即係"",""pos"":""d"",""jyutping"":""zik1hai6""},{""word"":""耶穌"",""pos"":""nr"",""jyutping"":""je4sou1""},{""word"":""復活"",""pos"":""v"",""jyutping"":""fuk6wut6""},{""word"":""哩"",""pos"":""r"",""jyutping"":""ni1""},{""word"":""件"",""pos"":""q"",""jyutping"":""gin6""},{""word"":""事"",""pos"":""n"",""jyutping"":""si6""},{""word"":""喇"",""pos"":""y"",""jyutping"":""laa1""},{""word"":"","",""pos"":"""",""jyutping"":null},{""word"":""噉"",""pos"":""c"",""jyutping"":""gam2""},{""word"":""所以"",""pos"":""c"",""jyutping"":""so2ji5""},{""word"":""-"",""pos"":"""",""jyutping"":null},{""word"":""所以"",""pos"":""c"",""jyutping"":""so2ji5""},{""word"":""即係"",""pos"":""c"",""jyutping"":""zik1hai6""},{""word"":""耶穌"",""pos"":""nr"",""jyutping"":""je4sou1""},{""word"":""expect"",""pos"":""xv"",""jyutping"":null},{""word"":"","",""pos"":"""",""jyutping"":null},{""word"":""或者"",""pos"":""c"",""jyutping"":""waak6ze2""},{""word"":""佢"",""pos"":""r"",""jyutping"":""keoi5""},{""word"":""話"",""pos"":""v"",""jyutping"":""waa6""},{""word"":""嗰啲"",""pos"":""r"",""jyutping"":""go2di1""},{""word"":""冇"",""pos"":""v1"",""jyutping"":""mou5""},{""word"":""親眼"",""pos"":""d"",""jyutping"":""can1ngaan5""},{""word"":""見"",""pos"":""v"",""jyutping"":""gin3""},{""word"":""到"",""pos"":""u"",""jyutping"":""dou2""},{""word"":"","",""pos"":"""",""jyutping"":null},{""word"":""但係"",""pos"":""c"",""jyutping"":""daan6hai6""},{""word"":""都"",""pos"":""d"",""jyutping"":""dou1""},{""word"":""信"",""pos"":""v"",""jyutping"":""seon3""},{""word"":""嗰啲"",""pos"":""r"",""jyutping"":""go2di1""},{""word"":""呢"",""pos"":""y1"",""jyutping"":""ne1""},{""word"":""就"",""pos"":""d"",""jyutping"":""zau6""},{""word"":""更加"",""pos"":""d"",""jyutping"":""gang3gaa1""},{""word"":""好"",""pos"":""a"",""jyutping"":""hou2""},{""word"":""啊"",""pos"":""y"",""jyutping"":""aa3""},{""word"":""比起"",""pos"":""v"",""jyutping"":""bei2hei2""},{""word"":""哩啲"",""pos"":""r"",""jyutping"":""ni1di1""},{""word"":""."",""pos"":"""",""jyutping"":null}]"	REQUIRES_EXPERT_CONTEXT_REVIEW
aa84br-9fa37df4fb0489aa6663	FC-103_v2.cha	7925d9e37ec562965f598ebe225c43503865e03be344815bf1c5e6f40cb67f05	32	216	13	XXA	adjacent_identical_tokens	一	一一	m	NUM	jat1	一	m	jat1	False	True	3	係	v	VERB	hai6	18	咗	樣	咗	樣	所以嗰本書呢入邊呢,喀,都講咗一一樣,就係個信心係乜嘢來𡃉呢,就係人聽到福音之後一個自然嘅反應,哩個就係個信心.	喀,就係聽神嘅道理,聽神嘅話囖,或者聽福音囖.	喀,就係人聽到福音之後一個自然嘅反應喇.	"{""repetitionMode"":""adjacent_identical_tokens"",""baseSurface"":""一"",""matchedSurface"":""一一""}"	"[{""word"":""所以"",""pos"":""c"",""jyutping"":""so2ji5""},{""word"":""嗰"",""pos"":""r"",""jyutping"":""go2""},{""word"":""本"",""pos"":""q"",""jyutping"":""bun2""},{""word"":""書"",""pos"":""n"",""jyutping"":""syu1""},{""word"":""呢"",""pos"":""y1"",""jyutping"":""ne1""},{""word"":""入邊"",""pos"":""f"",""jyutping"":""jap6bin6""},{""word"":""呢"",""pos"":""y1"",""jyutping"":""ne1""},{""word"":"","",""pos"":"""",""jyutping"":null},{""word"":""喀"",""pos"":""e"",""jyutping"":""haak6""},{""word"":"","",""pos"":"""",""jyutping"":null},{""word"":""都"",""pos"":""d"",""jyutping"":""dou1""},{""word"":""講"",""pos"":""v"",""jyutping"":""gong2""},{""word"":""咗"",""pos"":""u"",""jyutping"":""zo2""},{""word"":""一"",""pos"":""m"",""jyutping"":""jat1""},{""word"":""一"",""pos"":""m"",""jyutping"":""jat1""},{""word"":""樣"",""pos"":""q"",""jyutping"":""joeng2""},{""word"":"","",""pos"":"""",""jyutping"":null},{""word"":""就"",""pos"":""d"",""jyutping"":""zau6""},{""word"":""係"",""pos"":""v"",""jyutping"":""hai6""},{""word"":""個"",""pos"":""q"",""jyutping"":""go3""},{""word"":""信心"",""pos"":""n"",""jyutping"":""seon3sam1""},{""word"":""係"",""pos"":""v"",""jyutping"":""hai6""},{""word"":""乜嘢"",""pos"":""r"",""jyutping"":""mat1je5""},{""word"":""來"",""pos"":""v"",""jyutping"":""lai4""},{""word"":""𡃉"",""pos"":""y"",""jyutping"":""gaa3""},{""word"":""呢"",""pos"":""y"",""jyutping"":""ne1""},{""word"":"","",""pos"":"""",""jyutping"":null},{""word"":""就"",""pos"":""d"",""jyutping"":""zau6""},{""word"":""係"",""pos"":""v"",""jyutping"":""hai6""},{""word"":""人"",""pos"":""n"",""jyutping"":""jan4""},{""word"":""聽"",""pos"":""v"",""jyutping"":""teng1""},{""word"":""到"",""pos"":""u"",""jyutping"":""dou2""},{""word"":""福音"",""pos"":""n"",""jyutping"":""fuk1jam1""},{""word"":""之後"",""pos"":""f"",""jyutping"":""zi1hau6""},{""word"":""一"",""pos"":""m"",""jyutping"":""jat1""},{""word"":""個"",""pos"":""q"",""jyutping"":""go3""},{""word"":""自然"",""pos"":""a"",""jyutping"":""zi6jin4""},{""word"":""嘅"",""pos"":""u"",""jyutping"":""ge3""},{""word"":""反應"",""pos"":""n"",""jyutping"":""faan2jing3""},{""word"":"","",""pos"":"""",""jyutping"":null},{""word"":""哩個"",""pos"":""r"",""jyutping"":""ni1go3""},{""word"":""就"",""pos"":""d"",""jyutping"":""zau6""},{""word"":""係"",""pos"":""v"",""jyutping"":""hai6""},{""word"":""個"",""pos"":""q"",""jyutping"":""go3""},{""word"":""信心"",""pos"":""n"",""jyutping"":""seon3sam1""},{""word"":""."",""pos"":"""",""jyutping"":null}]"	REQUIRES_EXPERT_CONTEXT_REVIEW
aa84br-1ce826983ba4f833b448	FC-104_v2.cha	f544c88469cf6947b3781401a683cc89afbe60b9a7ddfac523735a78cc30ba93	33	46	2	XXB	adjacent_identical_tokens	好	好好	d	ADV	hou2	好	d	hou2	False	True	1	怪	a	ADJ	gwaai3	4	好似	怪	好似	怪	佢好似好好怪啊我覺得佢個樣好唔自然.	你-你留意睇下吖,琴日幾鬼老土,成日木起個咀噉樣囖.	嗰時周海媚應該幾多歲啊?	"{""repetitionMode"":""adjacent_identical_tokens"",""baseSurface"":""好"",""matchedSurface"":""好好""}"	"[{""word"":""佢"",""pos"":""r"",""jyutping"":""keoi5""},{""word"":""好似"",""pos"":""v"",""jyutping"":""hou2ci5""},{""word"":""好"",""pos"":""d"",""jyutping"":""hou2""},{""word"":""好"",""pos"":""d"",""jyutping"":""hou2""},{""word"":""怪"",""pos"":""a"",""jyutping"":""gwaai3""},{""word"":""啊"",""pos"":""y1"",""jyutping"":""aa3""},{""word"":""我"",""pos"":""r"",""jyutping"":""ngo5""},{""word"":""覺得"",""pos"":""v"",""jyutping"":""gok3dak1""},{""word"":""佢"",""pos"":""r"",""jyutping"":""keoi5""},{""word"":""個"",""pos"":""q"",""jyutping"":""go3""},{""word"":""樣"",""pos"":""n"",""jyutping"":""joeng2""},{""word"":""好"",""pos"":""d"",""jyutping"":""hou2""},{""word"":""唔自然"",""pos"":""a"",""jyutping"":""m4zi6jin4""},{""word"":""."",""pos"":"""",""jyutping"":null}]"	REQUIRES_EXPERT_CONTEXT_REVIEW
aa84br-5fe5228b31bc91fcbfde	FC-104_v2.cha	f544c88469cf6947b3781401a683cc89afbe60b9a7ddfac523735a78cc30ba93	33	115	8	XXB	adjacent_identical_tokens	再	再再	d	ADV	zoi3	再	d	zoi3	False	True	1	係	v	VERB	hai6	10	,	係	嘅	係	望你另外一個地方嘅,再再係嗰個offi-official嗰度呢,上去嘅.	好大風嗰度?	嗯,𠻺.	"{""repetitionMode"":""adjacent_identical_tokens"",""baseSurface"":""再"",""matchedSurface"":""再再""}"	"[{""word"":""望"",""pos"":""v"",""jyutping"":""mong6""},{""word"":""你"",""pos"":""r"",""jyutping"":""nei5""},{""word"":""另外"",""pos"":""c"",""jyutping"":""ling6ngoi6""},{""word"":""一"",""pos"":""m"",""jyutping"":""jat1""},{""word"":""個"",""pos"":""q"",""jyutping"":""go3""},{""word"":""地方"",""pos"":""n"",""jyutping"":""dei6fong1""},{""word"":""嘅"",""pos"":""u"",""jyutping"":""ge3""},{""word"":"","",""pos"":"""",""jyutping"":null},{""word"":""再"",""pos"":""d"",""jyutping"":""zoi3""},{""word"":""再"",""pos"":""d"",""jyutping"":""zoi3""},{""word"":""係"",""pos"":""v"",""jyutping"":""hai6""},{""word"":""嗰個"",""pos"":""r"",""jyutping"":""go2go3""},{""word"":""offi"",""pos"":""xx"",""jyutping"":null},{""word"":""-"",""pos"":"""",""jyutping"":null},{""word"":""official"",""pos"":""xa"",""jyutping"":null},{""word"":""嗰度"",""pos"":""r"",""jyutping"":""go2dou6""},{""word"":""呢"",""pos"":""y1"",""jyutping"":""ne1""},{""word"":"","",""pos"":"""",""jyutping"":null},{""word"":""上去"",""pos"":""v"",""jyutping"":""soeng5heoi3""},{""word"":""嘅"",""pos"":""u"",""jyutping"":""ge3""},{""word"":""."",""pos"":"""",""jyutping"":null}]"	REQUIRES_EXPERT_CONTEXT_REVIEW
aa84br-1a4f5672456b8863f3d3	FC-104_v2.cha	f544c88469cf6947b3781401a683cc89afbe60b9a7ddfac523735a78cc30ba93	33	119	1	XXB	adjacent_identical_tokens	到	到到	u	PART	dou2	到	u	dou2	False	True	3	係	v	VERB	hai6	5	見	囖	見	囖	"見到到囖就係話,""咦係唔係未來呢?"	見唔見到我吖?	我太靚,唔認得喇.	"{""repetitionMode"":""adjacent_identical_tokens"",""baseSurface"":""到"",""matchedSurface"":""到到""}"	"[{""word"":""見"",""pos"":""v"",""jyutping"":""gin3""},{""word"":""到"",""pos"":""u"",""jyutping"":""dou2""},{""word"":""到"",""pos"":""u"",""jyutping"":""dou2""},{""word"":""囖"",""pos"":""y"",""jyutping"":""lo1""},{""word"":""就"",""pos"":""d"",""jyutping"":""zau6""},{""word"":""係"",""pos"":""v"",""jyutping"":""hai6""},{""word"":""話"",""pos"":""v"",""jyutping"":""waa6""},{""word"":"","",""pos"":"""",""jyutping"":null},{""word"":""\"""",""pos"":"""",""jyutping"":null},{""word"":""咦"",""pos"":""e"",""jyutping"":""ji2""},{""word"":""係"",""pos"":""v"",""jyutping"":""hai6""},{""word"":""唔係"",""pos"":""v"",""jyutping"":""m4hai6""},{""word"":""未"",""pos"":""d"",""jyutping"":""mei6""},{""word"":""來"",""pos"":""v"",""jyutping"":""lai4""},{""word"":""呢"",""pos"":""y"",""jyutping"":""ne1""},{""word"":""?"",""pos"":"""",""jyutping"":null}]"	REQUIRES_EXPERT_CONTEXT_REVIEW
aa84br-6072c7dffadd3a332af9	FC-104_v2.cha	f544c88469cf6947b3781401a683cc89afbe60b9a7ddfac523735a78cc30ba93	33	148	14	XXA	adjacent_identical_tokens	咪	咪咪	d	ADV	mai6	咪	d	mai6	False	True	1	揾	v	VERB	wan2	16	,	揾	咪	揾	阿勇,阿勇揾過我借書啊去HongKongU咪,咪咪揾我囖.	有𡃉,你唔-冇申請啫嗎.	佢有哩張証,但係就唔借得吖嗎.	"{""repetitionMode"":""adjacent_identical_tokens"",""baseSurface"":""咪"",""matchedSurface"":""咪咪""}"	"[{""word"":""阿勇"",""pos"":""nr"",""jyutping"":""aa3jung5""},{""word"":"","",""pos"":"""",""jyutping"":null},{""word"":""阿勇"",""pos"":""nr"",""jyutping"":""aa3jung5""},{""word"":""揾"",""pos"":""v"",""jyutping"":""wan2""},{""word"":""過"",""pos"":""u"",""jyutping"":""gwo3""},{""word"":""我"",""pos"":""r"",""jyutping"":""ngo5""},{""word"":""借書"",""pos"":""v"",""jyutping"":""ze3syu1""},{""word"":""啊"",""pos"":""y"",""jyutping"":""aa3""},{""word"":""去"",""pos"":""v"",""jyutping"":""heoi3""},{""word"":""Hong"",""pos"":""JNTg"",""jyutping"":null},{""word"":""Kong"",""pos"":""JNTg"",""jyutping"":null},{""word"":""U"",""pos"":""JNTg"",""jyutping"":null},{""word"":""咪"",""pos"":""d"",""jyutping"":""mai6""},{""word"":"","",""pos"":"""",""jyutping"":null},{""word"":""咪"",""pos"":""d"",""jyutping"":""mai6""},{""word"":""咪"",""pos"":""d"",""jyutping"":""mai6""},{""word"":""揾"",""pos"":""v"",""jyutping"":""wan2""},{""word"":""我"",""pos"":""r"",""jyutping"":""ngo5""},{""word"":""囖"",""pos"":""y"",""jyutping"":""lo1""},{""word"":""."",""pos"":"""",""jyutping"":null}]"	REQUIRES_EXPERT_CONTEXT_REVIEW
aa84br-140a77350f069338a1dc	FC-104_v2.cha	f544c88469cf6947b3781401a683cc89afbe60b9a7ddfac523735a78cc30ba93	33	212	8	XXB	adjacent_identical_tokens	杏	杏杏	a	ADJ	hang6	杏	a	hang2	False	True	4	差唔多	a	ADJ	caa1m4do1	13	噉樣	哋	噉樣	哋	係,格仔𡃉,又係噉樣杏杏哋色囖差唔多.	但係影-原本係乜嘢色𡃉你件衫?	即係唔係灰因為有少少灰啊我覺得.	"{""repetitionMode"":""adjacent_identical_tokens"",""baseSurface"":""杏"",""matchedSurface"":""杏杏""}"	"[{""word"":""係"",""pos"":""v"",""jyutping"":""hai6""},{""word"":"","",""pos"":"""",""jyutping"":null},{""word"":""格仔"",""pos"":""n"",""jyutping"":""gaak3zai2""},{""word"":""𡃉"",""pos"":""y"",""jyutping"":""gaa3""},{""word"":"","",""pos"":"""",""jyutping"":null},{""word"":""又"",""pos"":""d"",""jyutping"":""jau6""},{""word"":""係"",""pos"":""v"",""jyutping"":""hai6""},{""word"":""噉樣"",""pos"":""r"",""jyutping"":""gam2joeng2""},{""word"":""杏"",""pos"":""a"",""jyutping"":""hang6""},{""word"":""杏"",""pos"":""a"",""jyutping"":""hang2""},{""word"":""哋"",""pos"":""u"",""jyutping"":""dei2""},{""word"":""色"",""pos"":""n"",""jyutping"":""sik1""},{""word"":""囖"",""pos"":""y"",""jyutping"":""lo1""},{""word"":""差唔多"",""pos"":""a"",""jyutping"":""caa1m4do1""},{""word"":""."",""pos"":"""",""jyutping"":null}]"	REQUIRES_EXPERT_CONTEXT_REVIEW
aa84br-7fa3b97a5b002bb0eef5	FC-104_v2.cha	f544c88469cf6947b3781401a683cc89afbe60b9a7ddfac523735a78cc30ba93	33	213	5	XXA	internally_repeated_token	少	少少	m	NUM	siu2siu2				False	True	1	灰	a	ADJ	fui1	6	有	灰	有	灰	即係唔係灰因為有少少灰啊我覺得.	係,格仔𡃉,又係噉樣杏杏哋色囖差唔多.	係,係有格仔紅線𡃉,但係影出來就等如冇囖.	"{""repetitionMode"":""internally_repeated_token"",""baseSurface"":""少"",""matchedSurface"":""少少""}"	"[{""word"":""即係"",""pos"":""d"",""jyutping"":""zik1hai6""},{""word"":""唔係"",""pos"":""v"",""jyutping"":""m4hai6""},{""word"":""灰"",""pos"":""a"",""jyutping"":""fui1""},{""word"":""因為"",""pos"":""c"",""jyutping"":""jan1wai6""},{""word"":""有"",""pos"":""v1"",""jyutping"":""jau5""},{""word"":""少少"",""pos"":""m"",""jyutping"":""siu2siu2""},{""word"":""灰"",""pos"":""a"",""jyutping"":""fui1""},{""word"":""啊"",""pos"":""y"",""jyutping"":""aa3""},{""word"":""我"",""pos"":""r"",""jyutping"":""ngo5""},{""word"":""覺得"",""pos"":""v"",""jyutping"":""gok3dak1""},{""word"":""."",""pos"":"""",""jyutping"":null}]"	REQUIRES_EXPERT_CONTEXT_REVIEW
aa84br-d4843b812470d2cdf0ac	FC-104_v2.cha	f544c88469cf6947b3781401a683cc89afbe60b9a7ddfac523735a78cc30ba93	33	230	19	XXA	internally_repeated_token	et1	et1et1	z	ADJ	et1et1				False	False							近	少少	近	少少	啊,maybe啊,但係你唔覺得即係我覺得個遠近差唔多,或者可以近et1et1少少.	唔係,哩個假㗎?	係.	"{""repetitionMode"":""internally_repeated_token"",""baseSurface"":""et1"",""matchedSurface"":""et1et1""}"	"[{""word"":""啊"",""pos"":""e"",""jyutping"":""aa3""},{""word"":"","",""pos"":"""",""jyutping"":null},{""word"":""maybe"",""pos"":""xd"",""jyutping"":null},{""word"":""啊"",""pos"":""y"",""jyutping"":""aa3""},{""word"":"","",""pos"":"""",""jyutping"":null},{""word"":""但係"",""pos"":""c"",""jyutping"":""daan6hai6""},{""word"":""你"",""pos"":""r"",""jyutping"":""nei5""},{""word"":""唔"",""pos"":""d"",""jyutping"":""m4""},{""word"":""覺得"",""pos"":""v"",""jyutping"":""gok3dak1""},{""word"":""即係"",""pos"":""d"",""jyutping"":""zik1hai6""},{""word"":""我"",""pos"":""r"",""jyutping"":""ngo5""},{""word"":""覺得"",""pos"":""v"",""jyutping"":""gok3dak1""},{""word"":""個"",""pos"":""q"",""jyutping"":""go3""},{""word"":""遠近"",""pos"":""n"",""jyutping"":""jyun5kan5""},{""word"":""差唔多"",""pos"":""d"",""jyutping"":""caa1m4do1""},{""word"":"","",""pos"":"""",""jyutping"":null},{""word"":""或者"",""pos"":""c"",""jyutping"":""waak6ze2""},{""word"":""可以"",""pos"":""v"",""jyutping"":""ho2ji5""},{""word"":""近"",""pos"":""a"",""jyutping"":""kan5""},{""word"":""et1et1"",""pos"":""z"",""jyutping"":""et1et1""},{""word"":""少少"",""pos"":""m"",""jyutping"":""siu2siu2""},{""word"":""."",""pos"":"""",""jyutping"":null}]"	REQUIRES_EXPERT_CONTEXT_REVIEW
aa84br-b2af46f5f5fe21d68a88	FC-104_v2.cha	f544c88469cf6947b3781401a683cc89afbe60b9a7ddfac523735a78cc30ba93	33	230	20	XXA	internally_repeated_token	少	少少	m	NUM	siu2siu2				False	False							et1et1	.	et1et1	<UTTERANCE_END>	啊,maybe啊,但係你唔覺得即係我覺得個遠近差唔多,或者可以近et1et1少少.	唔係,哩個假㗎?	係.	"{""repetitionMode"":""internally_repeated_token"",""baseSurface"":""少"",""matchedSurface"":""少少""}"	"[{""word"":""啊"",""pos"":""e"",""jyutping"":""aa3""},{""word"":"","",""pos"":"""",""jyutping"":null},{""word"":""maybe"",""pos"":""xd"",""jyutping"":null},{""word"":""啊"",""pos"":""y"",""jyutping"":""aa3""},{""word"":"","",""pos"":"""",""jyutping"":null},{""word"":""但係"",""pos"":""c"",""jyutping"":""daan6hai6""},{""word"":""你"",""pos"":""r"",""jyutping"":""nei5""},{""word"":""唔"",""pos"":""d"",""jyutping"":""m4""},{""word"":""覺得"",""pos"":""v"",""jyutping"":""gok3dak1""},{""word"":""即係"",""pos"":""d"",""jyutping"":""zik1hai6""},{""word"":""我"",""pos"":""r"",""jyutping"":""ngo5""},{""word"":""覺得"",""pos"":""v"",""jyutping"":""gok3dak1""},{""word"":""個"",""pos"":""q"",""jyutping"":""go3""},{""word"":""遠近"",""pos"":""n"",""jyutping"":""jyun5kan5""},{""word"":""差唔多"",""pos"":""d"",""jyutping"":""caa1m4do1""},{""word"":"","",""pos"":"""",""jyutping"":null},{""word"":""或者"",""pos"":""c"",""jyutping"":""waak6ze2""},{""word"":""可以"",""pos"":""v"",""jyutping"":""ho2ji5""},{""word"":""近"",""pos"":""a"",""jyutping"":""kan5""},{""word"":""et1et1"",""pos"":""z"",""jyutping"":""et1et1""},{""word"":""少少"",""pos"":""m"",""jyutping"":""siu2siu2""},{""word"":""."",""pos"":"""",""jyutping"":null}]"	REQUIRES_EXPERT_CONTEXT_REVIEW
aa84br-1cd80dd541c301f3957c	FC-104_v2.cha	f544c88469cf6947b3781401a683cc89afbe60b9a7ddfac523735a78cc30ba93	33	232	10	XXA	internally_repeated_token	et1	et1et1	z	ADJ	et1et1				False	True	3	覺得	v	VERB	gok3dak1	14	深	少少	深	少少	但係個,你個唇膏比較淺色,深et1et1少少,我覺得可以.	係.	係喇,我就係覺得唔夠深.	"{""repetitionMode"":""internally_repeated_token"",""baseSurface"":""et1"",""matchedSurface"":""et1et1""}"	"[{""word"":""但係"",""pos"":""c"",""jyutping"":""daan6hai6""},{""word"":""個"",""pos"":""q"",""jyutping"":""go3""},{""word"":"","",""pos"":"""",""jyutping"":null},{""word"":""你"",""pos"":""r"",""jyutping"":""nei5""},{""word"":""個"",""pos"":""q"",""jyutping"":""go3""},{""word"":""唇膏"",""pos"":""n"",""jyutping"":""seon4gou1""},{""word"":""比較"",""pos"":""v"",""jyutping"":""bei2gaau3""},{""word"":""淺色"",""pos"":""a"",""jyutping"":""cin2sik1""},{""word"":"","",""pos"":"""",""jyutping"":null},{""word"":""深"",""pos"":""a"",""jyutping"":""sam1""},{""word"":""et1et1"",""pos"":""z"",""jyutping"":""et1et1""},{""word"":""少少"",""pos"":""m"",""jyutping"":""siu2siu2""},{""word"":"","",""pos"":"""",""jyutping"":null},{""word"":""我"",""pos"":""r"",""jyutping"":""ngo5""},{""word"":""覺得"",""pos"":""v"",""jyutping"":""gok3dak1""},{""word"":""可以"",""pos"":""vu"",""jyutping"":""ho2ji5""},{""word"":""."",""pos"":"""",""jyutping"":null}]"	REQUIRES_EXPERT_CONTEXT_REVIEW
aa84br-547cea587766ed4094f4	FC-104_v2.cha	f544c88469cf6947b3781401a683cc89afbe60b9a7ddfac523735a78cc30ba93	33	232	11	XXA	internally_repeated_token	少	少少	m	NUM	siu2siu2				False	True	2	覺得	v	VERB	gok3dak1	14	et1et1	,	et1et1	我	但係個,你個唇膏比較淺色,深et1et1少少,我覺得可以.	係.	係喇,我就係覺得唔夠深.	"{""repetitionMode"":""internally_repeated_token"",""baseSurface"":""少"",""matchedSurface"":""少少""}"	"[{""word"":""但係"",""pos"":""c"",""jyutping"":""daan6hai6""},{""word"":""個"",""pos"":""q"",""jyutping"":""go3""},{""word"":"","",""pos"":"""",""jyutping"":null},{""word"":""你"",""pos"":""r"",""jyutping"":""nei5""},{""word"":""個"",""pos"":""q"",""jyutping"":""go3""},{""word"":""唇膏"",""pos"":""n"",""jyutping"":""seon4gou1""},{""word"":""比較"",""pos"":""v"",""jyutping"":""bei2gaau3""},{""word"":""淺色"",""pos"":""a"",""jyutping"":""cin2sik1""},{""word"":"","",""pos"":"""",""jyutping"":null},{""word"":""深"",""pos"":""a"",""jyutping"":""sam1""},{""word"":""et1et1"",""pos"":""z"",""jyutping"":""et1et1""},{""word"":""少少"",""pos"":""m"",""jyutping"":""siu2siu2""},{""word"":"","",""pos"":"""",""jyutping"":null},{""word"":""我"",""pos"":""r"",""jyutping"":""ngo5""},{""word"":""覺得"",""pos"":""v"",""jyutping"":""gok3dak1""},{""word"":""可以"",""pos"":""vu"",""jyutping"":""ho2ji5""},{""word"":""."",""pos"":"""",""jyutping"":null}]"	REQUIRES_EXPERT_CONTEXT_REVIEW
aa84br-3b33d029967595233fc8	FC-104_v2.cha	f544c88469cf6947b3781401a683cc89afbe60b9a7ddfac523735a78cc30ba93	33	234	4	XXA	internally_repeated_token	少	少少	m	NUM	siu2siu2				False	False							咗	囖	咗	囖	唔係,pale咗少少囖個面.	係喇,我就係覺得唔夠深.	你搽咗粉,係唔係啊?	"{""repetitionMode"":""internally_repeated_token"",""baseSurface"":""少"",""matchedSurface"":""少少""}"	"[{""word"":""唔係"",""pos"":""v"",""jyutping"":""m4hai6""},{""word"":"","",""pos"":"""",""jyutping"":null},{""word"":""pale"",""pos"":""a"",""jyutping"":null},{""word"":""咗"",""pos"":""u"",""jyutping"":""zo2""},{""word"":""少少"",""pos"":""m"",""jyutping"":""siu2siu2""},{""word"":""囖"",""pos"":""y"",""jyutping"":""lo1""},{""word"":""個"",""pos"":""q"",""jyutping"":""go3""},{""word"":""面"",""pos"":""n"",""jyutping"":""min6""},{""word"":""."",""pos"":"""",""jyutping"":null}]"	REQUIRES_EXPERT_CONTEXT_REVIEW
aa84br-dcde86f90941022c1425	FC-105_v2.cha	be40fc4738cbeb0e2a3e44ed4ef60c4b8e3bca467cc5d6b441b2896dc3110fcb	34	12	0	XXB	internally_repeated_token	年	年年	q	NOUN	nin4nin4				True	True	2	係	v	VERB	hai6	2	<UTTERANCE_START>	都	<UTTERANCE_START>	都	年年都係噉打電話俾佢𡃉喇.	長途電話梗係得喇.	哦.	"{""repetitionMode"":""internally_repeated_token"",""baseSurface"":""年"",""matchedSurface"":""年年""}"	"[{""word"":""年年"",""pos"":""q"",""jyutping"":""nin4nin4""},{""word"":""都"",""pos"":""d"",""jyutping"":""dou1""},{""word"":""係"",""pos"":""v"",""jyutping"":""hai6""},{""word"":""噉"",""pos"":""r"",""jyutping"":""gam2""},{""word"":""打電話"",""pos"":""v"",""jyutping"":""daa2din6waa2""},{""word"":""俾"",""pos"":""p"",""jyutping"":""bei2""},{""word"":""佢"",""pos"":""r"",""jyutping"":""keoi5""},{""word"":""𡃉"",""pos"":""y"",""jyutping"":""gaa3""},{""word"":""喇"",""pos"":""y"",""jyutping"":""laa1""},{""word"":""."",""pos"":"""",""jyutping"":null}]"	REQUIRES_EXPERT_CONTEXT_REVIEW
aa84br-f13a491585d6905408b1	FC-105_v2.cha	be40fc4738cbeb0e2a3e44ed4ef60c4b8e3bca467cc5d6b441b2896dc3110fcb	34	49	9	XXB	internally_repeated_token	睇	睇睇	v	VERB	tai2tai2				False	True	2	得	vu	AUX	dak1	11	佢	先	佢	先	所以呢今日返屋企要去幫佢睇睇先得.	佢買中文版.	哦.	"{""repetitionMode"":""internally_repeated_token"",""baseSurface"":""睇"",""matchedSurface"":""睇睇""}"	"[{""word"":""所以"",""pos"":""c"",""jyutping"":""so2ji5""},{""word"":""呢"",""pos"":""y1"",""jyutping"":""ne1""},{""word"":""今日"",""pos"":""t"",""jyutping"":""gam1jat6""},{""word"":""返"",""pos"":""v"",""jyutping"":""faan1""},{""word"":""屋企"",""pos"":""n"",""jyutping"":""uk1kei2""},{""word"":""要"",""pos"":""vu"",""jyutping"":""jiu3""},{""word"":""去"",""pos"":""v"",""jyutping"":""heoi3""},{""word"":""幫"",""pos"":""v"",""jyutping"":""bong1""},{""word"":""佢"",""pos"":""r"",""jyutping"":""keoi5""},{""word"":""睇睇"",""pos"":""v"",""jyutping"":""tai2tai2""},{""word"":""先"",""pos"":""d"",""jyutping"":""sin1""},{""word"":""得"",""pos"":""vu"",""jyutping"":""dak1""},{""word"":""."",""pos"":"""",""jyutping"":null}]"	REQUIRES_EXPERT_CONTEXT_REVIEW
aa84br-f3bfc7bfad173d170a8b	FC-105_v2.cha	be40fc4738cbeb0e2a3e44ed4ef60c4b8e3bca467cc5d6b441b2896dc3110fcb	34	256	4	XXA	internally_repeated_token	年	年年	q	NOUN	nin4nin4				False	True	3	final	xa	ADJ		7	唔係	呢	唔係	呢	唔知係唔係年年呢啲finalyear嗰啲學生呢都會噉嘅呢?	係喇.	但係我覺得其實大部份人都冇郁囖.	"{""repetitionMode"":""internally_repeated_token"",""baseSurface"":""年"",""matchedSurface"":""年年""}"	"[{""word"":""唔"",""pos"":""d"",""jyutping"":""m4""},{""word"":""知"",""pos"":""v"",""jyutping"":""zi1""},{""word"":""係"",""pos"":""v"",""jyutping"":""hai6""},{""word"":""唔係"",""pos"":""v"",""jyutping"":""m4hai6""},{""word"":""年年"",""pos"":""q"",""jyutping"":""nin4nin4""},{""word"":""呢"",""pos"":""y1"",""jyutping"":""ne1""},{""word"":""啲"",""pos"":""q"",""jyutping"":""di1""},{""word"":""final"",""pos"":""xa"",""jyutping"":null},{""word"":""year"",""pos"":""xn"",""jyutping"":null},{""word"":""嗰啲"",""pos"":""r"",""jyutping"":""go2di1""},{""word"":""學生"",""pos"":""n"",""jyutping"":""hok6saang1""},{""word"":""呢"",""pos"":""y1"",""jyutping"":""ne1""},{""word"":""都"",""pos"":""d"",""jyutping"":""dou1""},{""word"":""會"",""pos"":""vu"",""jyutping"":""wui5""},{""word"":""噉"",""pos"":""r"",""jyutping"":""gam2""},{""word"":""嘅"",""pos"":""u"",""jyutping"":""ge3""},{""word"":""呢"",""pos"":""y"",""jyutping"":""ne1""},{""word"":""?"",""pos"":"""",""jyutping"":null}]"	REQUIRES_EXPERT_CONTEXT_REVIEW
aa84br-5abb9467887c54b1d770	FC-105_v2.cha	be40fc4738cbeb0e2a3e44ed4ef60c4b8e3bca467cc5d6b441b2896dc3110fcb	34	265	2	XXA	internally_repeated_token	年	年年	q	NOUN	nin4nin4				False	True	2	係	v	VERB	hai6	4	係	都	係	都	定係年年都係噉?	係唔係就係好似今年嘅情況會即係咁犀利呢?	我就唔知嚹.	"{""repetitionMode"":""internally_repeated_token"",""baseSurface"":""年"",""matchedSurface"":""年年""}"	"[{""word"":""定"",""pos"":""v"",""jyutping"":""ding6""},{""word"":""係"",""pos"":""v"",""jyutping"":""hai6""},{""word"":""年年"",""pos"":""q"",""jyutping"":""nin4nin4""},{""word"":""都"",""pos"":""d"",""jyutping"":""dou1""},{""word"":""係"",""pos"":""v"",""jyutping"":""hai6""},{""word"":""噉"",""pos"":""r"",""jyutping"":""gam2""},{""word"":""?"",""pos"":"""",""jyutping"":null}]"	REQUIRES_EXPERT_CONTEXT_REVIEW
aa84br-3789dbd604904b69a043	FC-105_v2.cha	be40fc4738cbeb0e2a3e44ed4ef60c4b8e3bca467cc5d6b441b2896dc3110fcb	34	308	5	XXB	adjacent_identical_tokens	咁	咁咁	d	ADV	gam3	咁	d	gam3	False	True	1	競爭	v	VERB	ging3zang1	7	產品	競爭	產品	競爭	佢製造出來嘅產品咁咁競爭咁大.	而且呢香港嗰啲人呢,根本嗰啲僱主,而家競爭咁大.	噉佢哋係唔係即係afford唔起噉嘅人工去請一個香港嘅工人囖.	"{""repetitionMode"":""adjacent_identical_tokens"",""baseSurface"":""咁"",""matchedSurface"":""咁咁""}"	"[{""word"":""佢"",""pos"":""r"",""jyutping"":""keoi5""},{""word"":""製造"",""pos"":""v"",""jyutping"":""zai3zou6""},{""word"":""出來"",""pos"":""v"",""jyutping"":""ceot1lai4""},{""word"":""嘅"",""pos"":""u"",""jyutping"":""ge3""},{""word"":""產品"",""pos"":""n"",""jyutping"":""caan2ban2""},{""word"":""咁"",""pos"":""d"",""jyutping"":""gam3""},{""word"":""咁"",""pos"":""d"",""jyutping"":""gam3""},{""word"":""競爭"",""pos"":""v"",""jyutping"":""ging3zang1""},{""word"":""咁"",""pos"":""d"",""jyutping"":""gam3""},{""word"":""大"",""pos"":""a"",""jyutping"":""daai6""},{""word"":""."",""pos"":"""",""jyutping"":null}]"	REQUIRES_EXPERT_CONTEXT_REVIEW
aa84br-6b59a343abb071ada8aa	FC-105_v2.cha	be40fc4738cbeb0e2a3e44ed4ef60c4b8e3bca467cc5d6b441b2896dc3110fcb	34	335	6	XXB	adjacent_identical_tokens	乜嘢	乜嘢乜嘢	r	PRON	mat1je5	乜嘢	r	mat1je5	False	True	4	鍾意	v	VERB	zung1ji3	11	你	服務	你	服務	求其來到哩度,你乜嘢乜嘢服務人哋都鍾意.	嗰啲遊客你估佢懵㗎?	梗係唔係喇.	"{""repetitionMode"":""adjacent_identical_tokens"",""baseSurface"":""乜嘢"",""matchedSurface"":""乜嘢乜嘢""}"	"[{""word"":""求其"",""pos"":""d"",""jyutping"":""kau4kei4""},{""word"":""來"",""pos"":""v"",""jyutping"":""lai4""},{""word"":""到"",""pos"":""u"",""jyutping"":""dou3""},{""word"":""哩度"",""pos"":""r"",""jyutping"":""ni1dou6""},{""word"":"","",""pos"":"""",""jyutping"":null},{""word"":""你"",""pos"":""r"",""jyutping"":""nei5""},{""word"":""乜嘢"",""pos"":""r"",""jyutping"":""mat1je5""},{""word"":""乜嘢"",""pos"":""r"",""jyutping"":""mat1je5""},{""word"":""服務"",""pos"":""vn"",""jyutping"":""fuk6mou6""},{""word"":""人哋"",""pos"":""r"",""jyutping"":""jan4dei6""},{""word"":""都"",""pos"":""d"",""jyutping"":""dou1""},{""word"":""鍾意"",""pos"":""v"",""jyutping"":""zung1ji3""},{""word"":""."",""pos"":"""",""jyutping"":null}]"	REQUIRES_EXPERT_CONTEXT_REVIEW
aa84br-32b7c81fa8877294fe5c	FC-105_v2.cha	be40fc4738cbeb0e2a3e44ed4ef60c4b8e3bca467cc5d6b441b2896dc3110fcb	34	339	17	XXB	adjacent_identical_tokens	去	去去	vk	VERB	heoi3	去	vk	heoi3	False	True	1	提供	v	VERB	tai4gung1	19	,	提供	去	提供	但係一個好嘅service呢,你係要訓練好多嘅人手去,去去提供𠺢嗎.	你一定要provide一個好嘅service.	噉嗰啲人手冇返咁上下知識水平嘅話,又唔掂嚹喎.	"{""repetitionMode"":""adjacent_identical_tokens"",""baseSurface"":""去"",""matchedSurface"":""去去""}"	"[{""word"":""但係"",""pos"":""c"",""jyutping"":""daan6hai6""},{""word"":""一"",""pos"":""m"",""jyutping"":""jat1""},{""word"":""個"",""pos"":""q"",""jyutping"":""go3""},{""word"":""好"",""pos"":""a"",""jyutping"":""hou2""},{""word"":""嘅"",""pos"":""u"",""jyutping"":""ge3""},{""word"":""service"",""pos"":""xx"",""jyutping"":null},{""word"":""呢"",""pos"":""y1"",""jyutping"":""ne1""},{""word"":"","",""pos"":"""",""jyutping"":null},{""word"":""你"",""pos"":""r"",""jyutping"":""nei5""},{""word"":""係"",""pos"":""v"",""jyutping"":""hai6""},{""word"":""要"",""pos"":""vu"",""jyutping"":""jiu3""},{""word"":""訓練"",""pos"":""v"",""jyutping"":""fan3lin6""},{""word"":""好多"",""pos"":""m"",""jyutping"":""hou2do1""},{""word"":""嘅"",""pos"":""u"",""jyutping"":""ge3""},{""word"":""人手"",""pos"":""n"",""jyutping"":""jan4sau2""},{""word"":""去"",""pos"":""vk"",""jyutping"":""heoi3""},{""word"":"","",""pos"":"""",""jyutping"":null},{""word"":""去"",""pos"":""vk"",""jyutping"":""heoi3""},{""word"":""去"",""pos"":""vk"",""jyutping"":""heoi3""},{""word"":""提供"",""pos"":""v"",""jyutping"":""tai4gung1""},{""word"":""𠺢"",""pos"":""y"",""jyutping"":""gaa1""},{""word"":""嗎"",""pos"":""y"",""jyutping"":""maa3""},{""word"":""."",""pos"":"""",""jyutping"":null}]"	REQUIRES_EXPERT_CONTEXT_REVIEW
aa84br-3cba473154b1c1e027c0	FC-105_v2.cha	be40fc4738cbeb0e2a3e44ed4ef60c4b8e3bca467cc5d6b441b2896dc3110fcb	34	347	18	XXA	internally_repeated_token	麻	麻麻	z	ADJ	maa4maa4				False	False							係	𡃉	係	𡃉	唉,總之啊哩個我覺得真係,九七年之前啊,香港哩個環境都係麻麻𡃉嚹.	係囖.	基本上未必香港𠸏.	"{""repetitionMode"":""internally_repeated_token"",""baseSurface"":""麻"",""matchedSurface"":""麻麻""}"	"[{""word"":""唉"",""pos"":""e"",""jyutping"":""aai5""},{""word"":"","",""pos"":"""",""jyutping"":null},{""word"":""總之"",""pos"":""d"",""jyutping"":""zung2zi1""},{""word"":""啊"",""pos"":""y"",""jyutping"":""aa3""},{""word"":""哩個"",""pos"":""r"",""jyutping"":""ni1go3""},{""word"":""我"",""pos"":""r"",""jyutping"":""ngo5""},{""word"":""覺得"",""pos"":""v"",""jyutping"":""gok3dak1""},{""word"":""真係"",""pos"":""d"",""jyutping"":""zan1hai6""},{""word"":"","",""pos"":"""",""jyutping"":null},{""word"":""九七年"",""pos"":""t"",""jyutping"":""gau2cat1nin4""},{""word"":""之前"",""pos"":""f"",""jyutping"":""zi1cin4""},{""word"":""啊"",""pos"":""y"",""jyutping"":""aa3""},{""word"":"","",""pos"":"""",""jyutping"":null},{""word"":""香港"",""pos"":""ns"",""jyutping"":""hoeng1gong2""},{""word"":""哩個"",""pos"":""r"",""jyutping"":""ni1go3""},{""word"":""環境"",""pos"":""n"",""jyutping"":""waan4ging2""},{""word"":""都"",""pos"":""d"",""jyutping"":""dou1""},{""word"":""係"",""pos"":""v"",""jyutping"":""hai6""},{""word"":""麻麻"",""pos"":""z"",""jyutping"":""maa4maa4""},{""word"":""𡃉"",""pos"":""y"",""jyutping"":""gaa3""},{""word"":""嚹"",""pos"":""y"",""jyutping"":""laa3""},{""word"":""."",""pos"":"""",""jyutping"":null}]"	REQUIRES_EXPERT_CONTEXT_REVIEW
aa84br-6cb8033b21eede9615da	FC-106a_v2.cha	44eff3fa5ca6b53344bd5d64ad3c7a36c51c2707c411d06a307fbd0d93eacdbb	35	56	12	XXA	internally_repeated_token	少	少少	m	NUM	siu2siu2				False	True	3	失望	v	VERB	sat1mong6	15	有	令	有	令	同埋-不過我覺得最後嗰度呢,其實都有少少令人失望囖,你以為呢佢會有啲好大件事發生𠺢嗎.	我覺得唔係啊,我覺得嗰個人好無聊啊.	係囖.	"{""repetitionMode"":""internally_repeated_token"",""baseSurface"":""少"",""matchedSurface"":""少少""}"	"[{""word"":""同埋"",""pos"":""c"",""jyutping"":""tung4maai4""},{""word"":""-"",""pos"":"""",""jyutping"":null},{""word"":""不過"",""pos"":""c"",""jyutping"":""bat1gwo3""},{""word"":""我"",""pos"":""r"",""jyutping"":""ngo5""},{""word"":""覺得"",""pos"":""v"",""jyutping"":""gok3dak1""},{""word"":""最後"",""pos"":""t"",""jyutping"":""zeoi3hau6""},{""word"":""嗰度"",""pos"":""r"",""jyutping"":""go2dou6""},{""word"":""呢"",""pos"":""y1"",""jyutping"":""ne1""},{""word"":"","",""pos"":"""",""jyutping"":null},{""word"":""其實"",""pos"":""d"",""jyutping"":""kei4sat6""},{""word"":""都"",""pos"":""d"",""jyutping"":""dou1""},{""word"":""有"",""pos"":""v1"",""jyutping"":""jau5""},{""word"":""少少"",""pos"":""m"",""jyutping"":""siu2siu2""},{""word"":""令"",""pos"":""p"",""jyutping"":""ling6""},{""word"":""人"",""pos"":""n"",""jyutping"":""jan4""},{""word"":""失望"",""pos"":""v"",""jyutping"":""sat1mong6""},{""word"":""囖"",""pos"":""y"",""jyutping"":""lo1""},{""word"":"","",""pos"":"""",""jyutping"":null},{""word"":""你"",""pos"":""r"",""jyutping"":""nei5""},{""word"":""以為"",""pos"":""v"",""jyutping"":""ji5wai4""},{""word"":""呢"",""pos"":""y1"",""jyutping"":""ne1""},{""word"":""佢"",""pos"":""r"",""jyutping"":""keoi5""},{""word"":""會"",""pos"":""vu"",""jyutping"":""wui5""},{""word"":""有啲"",""pos"":""r"",""jyutping"":""jau5di1""},{""word"":""好"",""pos"":""d"",""jyutping"":""hou2""},{""word"":""大"",""pos"":""a"",""jyutping"":""daai6""},{""word"":""件"",""pos"":""q"",""jyutping"":""gin6""},{""word"":""事"",""pos"":""n"",""jyutping"":""si6""},{""word"":""發生"",""pos"":""v"",""jyutping"":""faat3sang1""},{""word"":""𠺢"",""pos"":""y"",""jyutping"":""gaa1""},{""word"":""嗎"",""pos"":""y"",""jyutping"":""maa3""},{""word"":""."",""pos"":"""",""jyutping"":null}]"	REQUIRES_EXPERT_CONTEXT_REVIEW
aa84br-7968eeed3140f1006cbe	FC-106a_v2.cha	44eff3fa5ca6b53344bd5d64ad3c7a36c51c2707c411d06a307fbd0d93eacdbb	35	139	16	XXB	internally_repeated_token	啱	啱啱	d	ADV	ngaam1ngaam1				False	True	1	炒	v	VERB	caau2	17	,	炒	啊	炒	阿浩呢佢啊,個弟婦呢,話佢哋嗰間公司啊,啱啱炒咗個,誒,信差呢,都有八K啊.	不過呢,係-不過係我哋咁差𡃉咋.	幾犀利啊.	"{""repetitionMode"":""internally_repeated_token"",""baseSurface"":""啱"",""matchedSurface"":""啱啱""}"	"[{""word"":""阿浩"",""pos"":""nr"",""jyutping"":""aa3hou6""},{""word"":""呢"",""pos"":""y1"",""jyutping"":""ne1""},{""word"":""佢"",""pos"":""r"",""jyutping"":""keoi5""},{""word"":""啊"",""pos"":""y"",""jyutping"":""aa3""},{""word"":"","",""pos"":"""",""jyutping"":null},{""word"":""個"",""pos"":""q"",""jyutping"":""go3""},{""word"":""弟婦"",""pos"":""n"",""jyutping"":""dai6fu5""},{""word"":""呢"",""pos"":""y1"",""jyutping"":""ne1""},{""word"":"","",""pos"":"""",""jyutping"":null},{""word"":""話"",""pos"":""v"",""jyutping"":""waa6""},{""word"":""佢哋"",""pos"":""r"",""jyutping"":""keoi5dei6""},{""word"":""嗰"",""pos"":""r"",""jyutping"":""go2""},{""word"":""間"",""pos"":""q"",""jyutping"":""gaan1""},{""word"":""公司"",""pos"":""n"",""jyutping"":""gung1si1""},{""word"":""啊"",""pos"":""y"",""jyutping"":""aa3""},{""word"":"","",""pos"":"""",""jyutping"":null},{""word"":""啱啱"",""pos"":""d"",""jyutping"":""ngaam1ngaam1""},{""word"":""炒"",""pos"":""v"",""jyutping"":""caau2""},{""word"":""咗"",""pos"":""u"",""jyutping"":""zo2""},{""word"":""個"",""pos"":""q"",""jyutping"":""go3""},{""word"":"","",""pos"":"""",""jyutping"":null},{""word"":""誒"",""pos"":""e"",""jyutping"":""e6""},{""word"":"","",""pos"":"""",""jyutping"":null},{""word"":""信差"",""pos"":""n"",""jyutping"":""seon3caai1""},{""word"":""呢"",""pos"":""y"",""jyutping"":""ne1""},{""word"":"","",""pos"":"""",""jyutping"":null},{""word"":""都"",""pos"":""d"",""jyutping"":""dou1""},{""word"":""有"",""pos"":""v1"",""jyutping"":""jau5""},{""word"":""八"",""pos"":""m"",""jyutping"":""baat3""},{""word"":""K"",""pos"":""xm"",""jyutping"":null},{""word"":""啊"",""pos"":""y"",""jyutping"":""aa3""},{""word"":""."",""pos"":"""",""jyutping"":null}]"	REQUIRES_EXPERT_CONTEXT_REVIEW
aa84br-cd65c731786a1a72f7bc	FC-106b_v2.cha	7d29a8affa8870dbd0a22592241753942dedbcba4f42fa8fd70348fb31ec4d9a	36	0	2	XXB	internally_repeated_token	凱	凱凱	nr	PROPN	hoi2hoi2				False	True	3	有冇	v1	VERB	jau5mou5	5	!	佢哋	喂	佢哋	喂!凱凱佢哋琴日有冇來哩度啊?		有呃.	"{""repetitionMode"":""internally_repeated_token"",""baseSurface"":""凱"",""matchedSurface"":""凱凱""}"	"[{""word"":""喂"",""pos"":""e"",""jyutping"":""wai3""},{""word"":""!"",""pos"":"""",""jyutping"":null},{""word"":""凱凱"",""pos"":""nr"",""jyutping"":""hoi2hoi2""},{""word"":""佢哋"",""pos"":""r"",""jyutping"":""keoi5dei6""},{""word"":""琴日"",""pos"":""t"",""jyutping"":""kam4jat6""},{""word"":""有冇"",""pos"":""v1"",""jyutping"":""jau5mou5""},{""word"":""來"",""pos"":""v"",""jyutping"":""lai4""},{""word"":""哩度"",""pos"":""r"",""jyutping"":""ni1dou6""},{""word"":""啊"",""pos"":""y"",""jyutping"":""aa3""},{""word"":""?"",""pos"":"""",""jyutping"":null}]"	REQUIRES_EXPERT_CONTEXT_REVIEW
aa84br-b50cd23075e9caa71f61	FC-106b_v2.cha	7d29a8affa8870dbd0a22592241753942dedbcba4f42fa8fd70348fb31ec4d9a	36	3	1	XXA	internally_repeated_token	禮	禮禮	nr	PROPN	lai5lai5				False	True	1	冇	v1	VERB	mou5	2	不過	冇	不過	冇	不過禮禮冇來喎.	誒,三點零鐘吖嗎.	去咗邊啊?	"{""repetitionMode"":""internally_repeated_token"",""baseSurface"":""禮"",""matchedSurface"":""禮禮""}"	"[{""word"":""不過"",""pos"":""c"",""jyutping"":""bat1gwo3""},{""word"":""禮禮"",""pos"":""nr"",""jyutping"":""lai5lai5""},{""word"":""冇"",""pos"":""v1"",""jyutping"":""mou5""},{""word"":""來"",""pos"":""v"",""jyutping"":""lai4""},{""word"":""喎"",""pos"":""y"",""jyutping"":""wo3""},{""word"":""."",""pos"":"""",""jyutping"":null}]"	REQUIRES_EXPERT_CONTEXT_REVIEW
aa84br-9d4e74c72700789fddf5	FC-106b_v2.cha	7d29a8affa8870dbd0a22592241753942dedbcba4f42fa8fd70348fb31ec4d9a	36	5	0	XXA	internally_repeated_token	禮	禮禮	nr	PROPN	lai5lai5				True	False							<UTTERANCE_START>	?	<UTTERANCE_START>	<UTTERANCE_END>	禮禮?	去咗邊啊?	咪跟佢阿嬸去咗阿玲玲屋企囖.	"{""repetitionMode"":""internally_repeated_token"",""baseSurface"":""禮"",""matchedSurface"":""禮禮""}"	"[{""word"":""禮禮"",""pos"":""nr"",""jyutping"":""lai5lai5""},{""word"":""?"",""pos"":"""",""jyutping"":null}]"	REQUIRES_EXPERT_CONTEXT_REVIEW
aa84br-55d763a6e0923a5ed7cc	FC-106b_v2.cha	7d29a8affa8870dbd0a22592241753942dedbcba4f42fa8fd70348fb31ec4d9a	36	6	7	XXA	internally_repeated_token	玲	玲玲	nr	PROPN	ling4ling2				False	False							阿	屋企	阿	屋企	咪跟佢阿嬸去咗阿玲玲屋企囖.	禮禮?	佢都制?	"{""repetitionMode"":""internally_repeated_token"",""baseSurface"":""玲"",""matchedSurface"":""玲玲""}"	"[{""word"":""咪"",""pos"":""c"",""jyutping"":""mai6""},{""word"":""跟"",""pos"":""v"",""jyutping"":""gan1""},{""word"":""佢"",""pos"":""r"",""jyutping"":""keoi5""},{""word"":""阿嬸"",""pos"":""n"",""jyutping"":""aa3sam2""},{""word"":""去"",""pos"":""v"",""jyutping"":""heoi3""},{""word"":""咗"",""pos"":""u"",""jyutping"":""zo2""},{""word"":""阿"",""pos"":""h"",""jyutping"":""aa3""},{""word"":""玲玲"",""pos"":""nr"",""jyutping"":""ling4ling2""},{""word"":""屋企"",""pos"":""n"",""jyutping"":""uk1kei2""},{""word"":""囖"",""pos"":""y"",""jyutping"":""lo1""},{""word"":""."",""pos"":"""",""jyutping"":null}]"	REQUIRES_EXPERT_CONTEXT_REVIEW
aa84br-ef8a1d5b80ba319afe7f	FC-106b_v2.cha	7d29a8affa8870dbd0a22592241753942dedbcba4f42fa8fd70348fb31ec4d9a	36	12	5	XXA	internally_repeated_token	玲	玲玲	nr	PROPN	ling4ling2				False	False							阿	嗰度	阿	嗰度	但係好鍾意去阿玲玲嗰度𡃉喎.	如果去第二度就唔得.	哼,又會咁鍾意阿玲玲𠸏,呵?	"{""repetitionMode"":""internally_repeated_token"",""baseSurface"":""玲"",""matchedSurface"":""玲玲""}"	"[{""word"":""但係"",""pos"":""c"",""jyutping"":""daan6hai6""},{""word"":""好"",""pos"":""d"",""jyutping"":""hou2""},{""word"":""鍾意"",""pos"":""v"",""jyutping"":""zung1ji3""},{""word"":""去"",""pos"":""v"",""jyutping"":""heoi3""},{""word"":""阿"",""pos"":""h"",""jyutping"":""aa3""},{""word"":""玲玲"",""pos"":""nr"",""jyutping"":""ling4ling2""},{""word"":""嗰度"",""pos"":""r"",""jyutping"":""go2dou6""},{""word"":""𡃉"",""pos"":""y"",""jyutping"":""gaa3""},{""word"":""喎"",""pos"":""y"",""jyutping"":""wo3""},{""word"":""."",""pos"":"""",""jyutping"":null}]"	REQUIRES_EXPERT_CONTEXT_REVIEW
aa84br-a3c769f5e9079c524953	FC-106b_v2.cha	7d29a8affa8870dbd0a22592241753942dedbcba4f42fa8fd70348fb31ec4d9a	36	13	7	XXB	internally_repeated_token	玲	玲玲	nr	PROPN	ling4ling2				False	False							阿	𠸏	阿	𠸏	哼,又會咁鍾意阿玲玲𠸏,呵?	但係好鍾意去阿玲玲嗰度𡃉喎.	係囖.	"{""repetitionMode"":""internally_repeated_token"",""baseSurface"":""玲"",""matchedSurface"":""玲玲""}"	"[{""word"":""哼"",""pos"":""e"",""jyutping"":""hng1""},{""word"":"","",""pos"":"""",""jyutping"":null},{""word"":""又"",""pos"":""d"",""jyutping"":""jau6""},{""word"":""會"",""pos"":""vu"",""jyutping"":""wui5""},{""word"":""咁"",""pos"":""d"",""jyutping"":""gam3""},{""word"":""鍾意"",""pos"":""v"",""jyutping"":""zung1ji3""},{""word"":""阿"",""pos"":""h"",""jyutping"":""aa3""},{""word"":""玲玲"",""pos"":""nr"",""jyutping"":""ling4ling2""},{""word"":""𠸏"",""pos"":""y"",""jyutping"":""ge2""},{""word"":"","",""pos"":"""",""jyutping"":null},{""word"":""呵"",""pos"":""y"",""jyutping"":""ho2""},{""word"":""?"",""pos"":"""",""jyutping"":null}]"	REQUIRES_EXPERT_CONTEXT_REVIEW
aa84br-08c963a64e4d96dd7aab	FC-106b_v2.cha	7d29a8affa8870dbd0a22592241753942dedbcba4f42fa8fd70348fb31ec4d9a	36	40	2	XXB	adjacent_identical_tokens	大	大大	a	ADJ	daai6	大	a	daai6	False	True	3	自然	a	ADJ	zi6jin4	6	佢	下	佢	下	噉佢大大下就自然識𡃉喇.	但係扣分𠺢嗎.	大大下又錯第二啲𡃉啫.	"{""repetitionMode"":""adjacent_identical_tokens"",""baseSurface"":""大"",""matchedSurface"":""大大""}"	"[{""word"":""噉"",""pos"":""c"",""jyutping"":""gam2""},{""word"":""佢"",""pos"":""r"",""jyutping"":""keoi5""},{""word"":""大"",""pos"":""a"",""jyutping"":""daai6""},{""word"":""大"",""pos"":""a"",""jyutping"":""daai6""},{""word"":""下"",""pos"":""u"",""jyutping"":""haa5""},{""word"":""就"",""pos"":""d"",""jyutping"":""zau6""},{""word"":""自然"",""pos"":""a"",""jyutping"":""zi6jin4""},{""word"":""識"",""pos"":""v"",""jyutping"":""sik1""},{""word"":""𡃉"",""pos"":""y"",""jyutping"":""gaa3""},{""word"":""喇"",""pos"":""y"",""jyutping"":""laa1""},{""word"":""."",""pos"":"""",""jyutping"":null}]"	REQUIRES_EXPERT_CONTEXT_REVIEW
aa84br-9f37751e3a3735984c96	FC-106b_v2.cha	7d29a8affa8870dbd0a22592241753942dedbcba4f42fa8fd70348fb31ec4d9a	36	41	0	XXA	adjacent_identical_tokens	大	大大	a	ADJ	daai6	大	a	daai6	True	True	3	錯	a	ADJ	co3	4	<UTTERANCE_START>	下	<UTTERANCE_START>	下	大大下又錯第二啲𡃉啫.	噉佢大大下就自然識𡃉喇.	噉咪係囖,噉-細個嗰啲嘢就自然會識返𡃉喇.	"{""repetitionMode"":""adjacent_identical_tokens"",""baseSurface"":""大"",""matchedSurface"":""大大""}"	"[{""word"":""大"",""pos"":""a"",""jyutping"":""daai6""},{""word"":""大"",""pos"":""a"",""jyutping"":""daai6""},{""word"":""下"",""pos"":""u"",""jyutping"":""haa5""},{""word"":""又"",""pos"":""d"",""jyutping"":""jau6""},{""word"":""錯"",""pos"":""a"",""jyutping"":""co3""},{""word"":""第二"",""pos"":""m"",""jyutping"":""dai6ji6""},{""word"":""啲"",""pos"":""u"",""jyutping"":""di1""},{""word"":""𡃉"",""pos"":""y"",""jyutping"":""gaa3""},{""word"":""啫"",""pos"":""y"",""jyutping"":""ze1""},{""word"":""."",""pos"":"""",""jyutping"":null}]"	REQUIRES_EXPERT_CONTEXT_REVIEW
aa84br-aebcec9c19c135d413b8	FC-106b_v2.cha	7d29a8affa8870dbd0a22592241753942dedbcba4f42fa8fd70348fb31ec4d9a	36	52	11	XXA	internally_repeated_token	啱	啱啱	d	ADV	ngaam1ngaam1				False	True	1	開始	v	VERB	hoi1ci2	12	又	開始	又	開始	然之後阿表姐上來接佢哋嗰陣呢,佢哋呢又啱啱開始睇SailorMoon喎.	做功課啊做到成七點鐘啊.	噉阿表姐又迫佢哋要佢哋落去喎.	"{""repetitionMode"":""internally_repeated_token"",""baseSurface"":""啱"",""matchedSurface"":""啱啱""}"	"[{""word"":""然之後"",""pos"":""c"",""jyutping"":""jin4zi1hau6""},{""word"":""阿表姐"",""pos"":""n"",""jyutping"":""aa3biu2ze2""},{""word"":""上來"",""pos"":""v"",""jyutping"":""soeng5lai4""},{""word"":""接"",""pos"":""v"",""jyutping"":""zip3""},{""word"":""佢哋"",""pos"":""r"",""jyutping"":""keoi5dei6""},{""word"":""嗰陣"",""pos"":""r"",""jyutping"":""go2zan6""},{""word"":""呢"",""pos"":""y1"",""jyutping"":""ne1""},{""word"":"","",""pos"":"""",""jyutping"":null},{""word"":""佢哋"",""pos"":""r"",""jyutping"":""keoi5dei6""},{""word"":""呢"",""pos"":""y"",""jyutping"":""ne1""},{""word"":""又"",""pos"":""d"",""jyutping"":""jau6""},{""word"":""啱啱"",""pos"":""d"",""jyutping"":""ngaam1ngaam1""},{""word"":""開始"",""pos"":""v"",""jyutping"":""hoi1ci2""},{""word"":""睇"",""pos"":""v"",""jyutping"":""tai2""},{""word"":""Sailor"",""pos"":""xn"",""jyutping"":null},{""word"":""Moon"",""pos"":""xn"",""jyutping"":null},{""word"":""喎"",""pos"":""y"",""jyutping"":""wo3""},{""word"":""."",""pos"":"""",""jyutping"":null}]"	REQUIRES_EXPERT_CONTEXT_REVIEW
aa84br-598d9abc7012de309c88	FC-106b_v2.cha	7d29a8affa8870dbd0a22592241753942dedbcba4f42fa8fd70348fb31ec4d9a	36	90	6	XXB	internally_repeated_token	度	度度	q	NOUN	dou6dou6				False	True	2	有	v1	VERB	jau5	8	親	都	親	都	喂!你係唔係去親度度都有影𡃉?	你揾個咁光嘅夜晚俾我睇嘞.	好似除咗大三巴多幾張之外,就冇乜其他地方影過嘅.	"{""repetitionMode"":""internally_repeated_token"",""baseSurface"":""度"",""matchedSurface"":""度度""}"	"[{""word"":""喂"",""pos"":""e"",""jyutping"":""wai3""},{""word"":""!"",""pos"":"""",""jyutping"":null},{""word"":""你"",""pos"":""r"",""jyutping"":""nei5""},{""word"":""係唔係"",""pos"":""v"",""jyutping"":""hai6m4hai6""},{""word"":""去"",""pos"":""v"",""jyutping"":""heoi3""},{""word"":""親"",""pos"":""u"",""jyutping"":""can1""},{""word"":""度度"",""pos"":""q"",""jyutping"":""dou6dou6""},{""word"":""都"",""pos"":""d"",""jyutping"":""dou1""},{""word"":""有"",""pos"":""v1"",""jyutping"":""jau5""},{""word"":""影"",""pos"":""v"",""jyutping"":""jing2""},{""word"":""𡃉"",""pos"":""y"",""jyutping"":""gaa3""},{""word"":""?"",""pos"":"""",""jyutping"":null}]"	REQUIRES_EXPERT_CONTEXT_REVIEW
aa84br-d7dc7cb3e5758c0f06d5	FC-106b_v2.cha	7d29a8affa8870dbd0a22592241753942dedbcba4f42fa8fd70348fb31ec4d9a	36	137	0	XXA	internally_repeated_token	張	張張	q	NOUN	zoeng1zoeng1				True	True	2	影	v	VERB	jing2	2	<UTTERANCE_START>	淨係	<UTTERANCE_START>	淨係	張張淨係影人唔影景喎.	你睇佢吖,唔知影乜嘢𡃉.	算喇.	"{""repetitionMode"":""internally_repeated_token"",""baseSurface"":""張"",""matchedSurface"":""張張""}"	"[{""word"":""張張"",""pos"":""q"",""jyutping"":""zoeng1zoeng1""},{""word"":""淨係"",""pos"":""d"",""jyutping"":""zing6hai6""},{""word"":""影"",""pos"":""v"",""jyutping"":""jing2""},{""word"":""人"",""pos"":""n"",""jyutping"":""jan4""},{""word"":""唔"",""pos"":""d"",""jyutping"":""m4""},{""word"":""影"",""pos"":""v"",""jyutping"":""jing2""},{""word"":""景"",""pos"":""n"",""jyutping"":""ging2""},{""word"":""喎"",""pos"":""y"",""jyutping"":""wo3""},{""word"":""."",""pos"":"""",""jyutping"":null}]"	REQUIRES_EXPERT_CONTEXT_REVIEW
aa84br-da21b12f07bacb243344	FC-107_v2.cha	6a9ccf096315b60363014accae5aaedca6689638bc5f09fb6f2344c44883a1d6	37	78	16	XXB	adjacent_identical_tokens	去	去去	vk	VERB	heoi3	去	vk	heoi3	False	True	1	玩	v	VERB	waan2	18	-	玩	行	玩	冇啊,但係後尾行咗去佢班同事嗰圍去行-去去玩啫嗎.	乜嘢主人家,嗰啲最玩喎我成日覺得.	佢同事啊?	"{""repetitionMode"":""adjacent_identical_tokens"",""baseSurface"":""去"",""matchedSurface"":""去去""}"	"[{""word"":""冇"",""pos"":""v1"",""jyutping"":""mou5""},{""word"":""啊"",""pos"":""y"",""jyutping"":""aa3""},{""word"":"","",""pos"":"""",""jyutping"":null},{""word"":""但係"",""pos"":""c"",""jyutping"":""daan6hai6""},{""word"":""後尾"",""pos"":""t"",""jyutping"":""hau6mei1""},{""word"":""行"",""pos"":""v"",""jyutping"":""haang4""},{""word"":""咗"",""pos"":""u"",""jyutping"":""zo2""},{""word"":""去"",""pos"":""v"",""jyutping"":""heoi3""},{""word"":""佢"",""pos"":""r"",""jyutping"":""keoi5""},{""word"":""班"",""pos"":""q"",""jyutping"":""baan1""},{""word"":""同事"",""pos"":""n"",""jyutping"":""tung4si6""},{""word"":""嗰"",""pos"":""r"",""jyutping"":""go2""},{""word"":""圍"",""pos"":""n"",""jyutping"":""wai4""},{""word"":""去"",""pos"":""vk"",""jyutping"":""heoi3""},{""word"":""行"",""pos"":""v"",""jyutping"":""haang4""},{""word"":""-"",""pos"":"""",""jyutping"":null},{""word"":""去"",""pos"":""vk"",""jyutping"":""heoi3""},{""word"":""去"",""pos"":""vk"",""jyutping"":""heoi3""},{""word"":""玩"",""pos"":""v"",""jyutping"":""waan2""},{""word"":""啫"",""pos"":""y"",""jyutping"":""ze1""},{""word"":""嗎"",""pos"":""y"",""jyutping"":""maa3""},{""word"":""."",""pos"":"""",""jyutping"":null}]"	REQUIRES_EXPERT_CONTEXT_REVIEW
aa84br-f8817399f1bf85bf462e	FC-107_v2.cha	6a9ccf096315b60363014accae5aaedca6689638bc5f09fb6f2344c44883a1d6	37	101	19	XXA	adjacent_identical_tokens	好	好好	d	ADV	hou2	好	d	hou2	False	True	2	好	a	ADJ	hou2	22	好似	好	好似	好	可能係喇,但係有時,冇啊,我打電話去你屋企呢,好似好好好好態度噉𡃉佢.	噉佢係好惡𡃉喎,佢係真係好惡,可能佢對佢老婆唔惡吖嗎.	一時時咯,都話睇下心情咯.	"{""repetitionMode"":""adjacent_identical_tokens"",""baseSurface"":""好"",""matchedSurface"":""好好""}"	"[{""word"":""可能"",""pos"":""vu"",""jyutping"":""ho2nang4""},{""word"":""係"",""pos"":""v"",""jyutping"":""hai6""},{""word"":""喇"",""pos"":""y"",""jyutping"":""laa1""},{""word"":"","",""pos"":"""",""jyutping"":null},{""word"":""但係"",""pos"":""c"",""jyutping"":""daan6hai6""},{""word"":""有時"",""pos"":""d"",""jyutping"":""jau5si4""},{""word"":"","",""pos"":"""",""jyutping"":null},{""word"":""冇"",""pos"":""v1"",""jyutping"":""mou5""},{""word"":""啊"",""pos"":""y"",""jyutping"":""aa3""},{""word"":"","",""pos"":"""",""jyutping"":null},{""word"":""我"",""pos"":""r"",""jyutping"":""ngo5""},{""word"":""打"",""pos"":""v"",""jyutping"":""daa2""},{""word"":""電話"",""pos"":""n"",""jyutping"":""din6waa2""},{""word"":""去"",""pos"":""v"",""jyutping"":""heoi3""},{""word"":""你"",""pos"":""r"",""jyutping"":""nei5""},{""word"":""屋企"",""pos"":""n"",""jyutping"":""uk1kei2""},{""word"":""呢"",""pos"":""y"",""jyutping"":""ne1""},{""word"":"","",""pos"":"""",""jyutping"":null},{""word"":""好似"",""pos"":""v"",""jyutping"":""hou2ci5""},{""word"":""好"",""pos"":""d"",""jyutping"":""hou2""},{""word"":""好"",""pos"":""d"",""jyutping"":""hou2""},{""word"":""好"",""pos"":""d"",""jyutping"":""hou2""},{""word"":""好"",""pos"":""a"",""jyutping"":""hou2""},{""word"":""態度"",""pos"":""n"",""jyutping"":""taai3dou6""},{""word"":""噉"",""pos"":""r"",""jyutping"":""gam2""},{""word"":""𡃉"",""pos"":""y"",""jyutping"":""gaa3""},{""word"":""佢"",""pos"":""r"",""jyutping"":""keoi5""},{""word"":""."",""pos"":"""",""jyutping"":null}]"	REQUIRES_EXPERT_CONTEXT_REVIEW
aa84br-53cfc56b18ab05ba8be6	FC-107_v2.cha	6a9ccf096315b60363014accae5aaedca6689638bc5f09fb6f2344c44883a1d6	37	101	20	XXA	adjacent_identical_tokens	好	好好	d	ADV	hou2	好	d	hou2	False	True	1	好	a	ADJ	hou2	22	好	好	好	好	可能係喇,但係有時,冇啊,我打電話去你屋企呢,好似好好好好態度噉𡃉佢.	噉佢係好惡𡃉喎,佢係真係好惡,可能佢對佢老婆唔惡吖嗎.	一時時咯,都話睇下心情咯.	"{""repetitionMode"":""adjacent_identical_tokens"",""baseSurface"":""好"",""matchedSurface"":""好好""}"	"[{""word"":""可能"",""pos"":""vu"",""jyutping"":""ho2nang4""},{""word"":""係"",""pos"":""v"",""jyutping"":""hai6""},{""word"":""喇"",""pos"":""y"",""jyutping"":""laa1""},{""word"":"","",""pos"":"""",""jyutping"":null},{""word"":""但係"",""pos"":""c"",""jyutping"":""daan6hai6""},{""word"":""有時"",""pos"":""d"",""jyutping"":""jau5si4""},{""word"":"","",""pos"":"""",""jyutping"":null},{""word"":""冇"",""pos"":""v1"",""jyutping"":""mou5""},{""word"":""啊"",""pos"":""y"",""jyutping"":""aa3""},{""word"":"","",""pos"":"""",""jyutping"":null},{""word"":""我"",""pos"":""r"",""jyutping"":""ngo5""},{""word"":""打"",""pos"":""v"",""jyutping"":""daa2""},{""word"":""電話"",""pos"":""n"",""jyutping"":""din6waa2""},{""word"":""去"",""pos"":""v"",""jyutping"":""heoi3""},{""word"":""你"",""pos"":""r"",""jyutping"":""nei5""},{""word"":""屋企"",""pos"":""n"",""jyutping"":""uk1kei2""},{""word"":""呢"",""pos"":""y"",""jyutping"":""ne1""},{""word"":"","",""pos"":"""",""jyutping"":null},{""word"":""好似"",""pos"":""v"",""jyutping"":""hou2ci5""},{""word"":""好"",""pos"":""d"",""jyutping"":""hou2""},{""word"":""好"",""pos"":""d"",""jyutping"":""hou2""},{""word"":""好"",""pos"":""d"",""jyutping"":""hou2""},{""word"":""好"",""pos"":""a"",""jyutping"":""hou2""},{""word"":""態度"",""pos"":""n"",""jyutping"":""taai3dou6""},{""word"":""噉"",""pos"":""r"",""jyutping"":""gam2""},{""word"":""𡃉"",""pos"":""y"",""jyutping"":""gaa3""},{""word"":""佢"",""pos"":""r"",""jyutping"":""keoi5""},{""word"":""."",""pos"":"""",""jyutping"":null}]"	REQUIRES_EXPERT_CONTEXT_REVIEW
aa84br-c07bf4d8fc2d083b10f5	FC-107_v2.cha	6a9ccf096315b60363014accae5aaedca6689638bc5f09fb6f2344c44883a1d6	37	105	9	XXA	internally_repeated_token	等	等等	v	VERB	dang2dang2				False	False							你	吓	你	吓	"""跟住佢𠻺誒,""麻煩你等等吓."	"""喂唔該阿邊個啊."	"""噉跟住又駁入來㗎嚹喎,好好人𡃉喎."	"{""repetitionMode"":""internally_repeated_token"",""baseSurface"":""等"",""matchedSurface"":""等等""}"	"[{""word"":""\"""",""pos"":"""",""jyutping"":null},{""word"":""跟住"",""pos"":""c"",""jyutping"":""gan1zyu6""},{""word"":""佢"",""pos"":""r"",""jyutping"":""keoi5""},{""word"":""𠻺"",""pos"":""d"",""jyutping"":""aa6""},{""word"":""誒"",""pos"":""e"",""jyutping"":""e6""},{""word"":"","",""pos"":"""",""jyutping"":null},{""word"":""\"""",""pos"":"""",""jyutping"":null},{""word"":""麻煩"",""pos"":""v"",""jyutping"":""maa4faan4""},{""word"":""你"",""pos"":""r"",""jyutping"":""nei5""},{""word"":""等等"",""pos"":""v"",""jyutping"":""dang2dang2""},{""word"":""吓"",""pos"":""y"",""jyutping"":""haa2""},{""word"":""."",""pos"":"""",""jyutping"":null}]"	REQUIRES_EXPERT_CONTEXT_REVIEW
aa84br-9f606044230c67343334	FC-107_v2.cha	6a9ccf096315b60363014accae5aaedca6689638bc5f09fb6f2344c44883a1d6	37	146	1	XXB	internally_repeated_token	少	少少	d	ADV	siu2siu2				False	True	1	係	v	VERB	hai6	2	有	係	有	係	有少少係吖.	不過你發唔發覺我哋學校個library都廢𡃉.	唔止少少,永遠都借唔到書𠸏.	"{""repetitionMode"":""internally_repeated_token"",""baseSurface"":""少"",""matchedSurface"":""少少""}"	"[{""word"":""有"",""pos"":""v1"",""jyutping"":""jau5""},{""word"":""少少"",""pos"":""d"",""jyutping"":""siu2siu2""},{""word"":""係"",""pos"":""v"",""jyutping"":""hai6""},{""word"":""吖"",""pos"":""y"",""jyutping"":""aa1""},{""word"":""."",""pos"":"""",""jyutping"":null}]"	REQUIRES_EXPERT_CONTEXT_REVIEW
aa84br-10a4579fed3a22e0def8	FC-107_v2.cha	6a9ccf096315b60363014accae5aaedca6689638bc5f09fb6f2344c44883a1d6	37	147	2	XXA	internally_repeated_token	少	少少	d	ADV	siu2siu2				False	True	3	借	v	VERB	ze3	6	止	,	止	永遠	唔止少少,永遠都借唔到書𠸏.	有少少係吖.	一係俾人收埋吖嗎有就.	"{""repetitionMode"":""internally_repeated_token"",""baseSurface"":""少"",""matchedSurface"":""少少""}"	"[{""word"":""唔"",""pos"":""d"",""jyutping"":""m4""},{""word"":""止"",""pos"":""v"",""jyutping"":""zi2""},{""word"":""少少"",""pos"":""d"",""jyutping"":""siu2siu2""},{""word"":"","",""pos"":"""",""jyutping"":null},{""word"":""永遠"",""pos"":""d"",""jyutping"":""wing5jyun5""},{""word"":""都"",""pos"":""d"",""jyutping"":""dou1""},{""word"":""借"",""pos"":""v"",""jyutping"":""ze3""},{""word"":""唔"",""pos"":""d"",""jyutping"":""m4""},{""word"":""到"",""pos"":""u"",""jyutping"":""dou2""},{""word"":""書"",""pos"":""n"",""jyutping"":""syu1""},{""word"":""𠸏"",""pos"":""y"",""jyutping"":""ge2""},{""word"":""."",""pos"":"""",""jyutping"":null}]"	REQUIRES_EXPERT_CONTEXT_REVIEW
aa84br-9fbedf57a0cea972f4a7	FC-107_v2.cha	6a9ccf096315b60363014accae5aaedca6689638bc5f09fb6f2344c44883a1d6	37	195	1	XXB	internally_repeated_token	啲	啲啲	d	ADV	di1di1				False	True	2	有	v1	VERB	jau5	4	自己	,	自己	稍為	自己啲啲,稍為有少少零用錢都冇喎我思疑,重慘過返學啊.	噉𠻺係.	唉,返學,返學都好冇錢啊其實.	"{""repetitionMode"":""internally_repeated_token"",""baseSurface"":""啲"",""matchedSurface"":""啲啲""}"	"[{""word"":""自己"",""pos"":""r"",""jyutping"":""zi6gei2""},{""word"":""啲啲"",""pos"":""d"",""jyutping"":""di1di1""},{""word"":"","",""pos"":"""",""jyutping"":null},{""word"":""稍為"",""pos"":""d"",""jyutping"":""saau2wai4""},{""word"":""有"",""pos"":""v1"",""jyutping"":""jau5""},{""word"":""少少"",""pos"":""m"",""jyutping"":""siu2siu2""},{""word"":""零用錢"",""pos"":""n"",""jyutping"":""ling4jung6cin2""},{""word"":""都"",""pos"":""d"",""jyutping"":""dou1""},{""word"":""冇"",""pos"":""v1"",""jyutping"":""mou5""},{""word"":""喎"",""pos"":""y"",""jyutping"":""wo3""},{""word"":""我"",""pos"":""r"",""jyutping"":""ngo5""},{""word"":""思疑"",""pos"":""v"",""jyutping"":""si1ji4""},{""word"":"","",""pos"":"""",""jyutping"":null},{""word"":""重"",""pos"":""d"",""jyutping"":""zung6""},{""word"":""慘"",""pos"":""a"",""jyutping"":""caam2""},{""word"":""過"",""pos"":""u"",""jyutping"":""gwo3""},{""word"":""返學"",""pos"":""v"",""jyutping"":""faan1hok6""},{""word"":""啊"",""pos"":""y"",""jyutping"":""aa3""},{""word"":""."",""pos"":"""",""jyutping"":null}]"	REQUIRES_EXPERT_CONTEXT_REVIEW
aa84br-358b83983d725a7215a8	FC-107_v2.cha	6a9ccf096315b60363014accae5aaedca6689638bc5f09fb6f2344c44883a1d6	37	195	5	XXB	internally_repeated_token	少	少少	m	NUM	siu2siu2				False	True	3	冇	v1	VERB	mou5	8	有	零用錢	有	零用錢	自己啲啲,稍為有少少零用錢都冇喎我思疑,重慘過返學啊.	噉𠻺係.	唉,返學,返學都好冇錢啊其實.	"{""repetitionMode"":""internally_repeated_token"",""baseSurface"":""少"",""matchedSurface"":""少少""}"	"[{""word"":""自己"",""pos"":""r"",""jyutping"":""zi6gei2""},{""word"":""啲啲"",""pos"":""d"",""jyutping"":""di1di1""},{""word"":"","",""pos"":"""",""jyutping"":null},{""word"":""稍為"",""pos"":""d"",""jyutping"":""saau2wai4""},{""word"":""有"",""pos"":""v1"",""jyutping"":""jau5""},{""word"":""少少"",""pos"":""m"",""jyutping"":""siu2siu2""},{""word"":""零用錢"",""pos"":""n"",""jyutping"":""ling4jung6cin2""},{""word"":""都"",""pos"":""d"",""jyutping"":""dou1""},{""word"":""冇"",""pos"":""v1"",""jyutping"":""mou5""},{""word"":""喎"",""pos"":""y"",""jyutping"":""wo3""},{""word"":""我"",""pos"":""r"",""jyutping"":""ngo5""},{""word"":""思疑"",""pos"":""v"",""jyutping"":""si1ji4""},{""word"":"","",""pos"":"""",""jyutping"":null},{""word"":""重"",""pos"":""d"",""jyutping"":""zung6""},{""word"":""慘"",""pos"":""a"",""jyutping"":""caam2""},{""word"":""過"",""pos"":""u"",""jyutping"":""gwo3""},{""word"":""返學"",""pos"":""v"",""jyutping"":""faan1hok6""},{""word"":""啊"",""pos"":""y"",""jyutping"":""aa3""},{""word"":""."",""pos"":"""",""jyutping"":null}]"	REQUIRES_EXPERT_CONTEXT_REVIEW
aa84br-d7cafcff9e5cb173cc0f	FC-108a_v2.cha	9c80f4488c8c32be66bc3f01baadf77bb99f9e3f6b73138a4b1e18e027f5a964	38	4	6	XXA	internally_repeated_token	啱	啱啱	d	ADV	ngaam1ngaam1				False	True	3	放	v	VERB	fong3	9	,	今日	啊	今日	我都放𡁵啊,啱啱今日先放咋不過.	係啊.	係啊.	"{""repetitionMode"":""internally_repeated_token"",""baseSurface"":""啱"",""matchedSurface"":""啱啱""}"	"[{""word"":""我"",""pos"":""r"",""jyutping"":""ngo5""},{""word"":""都"",""pos"":""d"",""jyutping"":""dou1""},{""word"":""放"",""pos"":""v"",""jyutping"":""fong3""},{""word"":""𡁵"",""pos"":""u"",""jyutping"":""gan2""},{""word"":""啊"",""pos"":""y"",""jyutping"":""aa3""},{""word"":"","",""pos"":"""",""jyutping"":null},{""word"":""啱啱"",""pos"":""d"",""jyutping"":""ngaam1ngaam1""},{""word"":""今日"",""pos"":""t"",""jyutping"":""gam1jat6""},{""word"":""先"",""pos"":""d"",""jyutping"":""sin1""},{""word"":""放"",""pos"":""v"",""jyutping"":""fong3""},{""word"":""咋"",""pos"":""y"",""jyutping"":""zaa3""},{""word"":""不過"",""pos"":""c"",""jyutping"":""bat1gwo3""},{""word"":""."",""pos"":"""",""jyutping"":null}]"	REQUIRES_EXPERT_CONTEXT_REVIEW
aa84br-6cdf6c61b664c98fc732	FC-108a_v2.cha	9c80f4488c8c32be66bc3f01baadf77bb99f9e3f6b73138a4b1e18e027f5a964	38	39	0	XXA	adjacent_identical_tokens	嗯	嗯嗯	e	INTJ	m6	嗯	e	m6	True	True	1	做	v	VERB	zou6	3	<UTTERANCE_START>	,	<UTTERANCE_START>	做	嗯嗯,做啲乜嘢𡃉?	做咗一晚咋不過,同-同小豬吖嗎,同小豬去監考吖嗎.	喺邊度做啊?	"{""repetitionMode"":""adjacent_identical_tokens"",""baseSurface"":""嗯"",""matchedSurface"":""嗯嗯""}"	"[{""word"":""嗯"",""pos"":""e"",""jyutping"":""m6""},{""word"":""嗯"",""pos"":""e"",""jyutping"":""m6""},{""word"":"","",""pos"":"""",""jyutping"":null},{""word"":""做"",""pos"":""v"",""jyutping"":""zou6""},{""word"":""啲"",""pos"":""q"",""jyutping"":""di1""},{""word"":""乜嘢"",""pos"":""r"",""jyutping"":""mat1je5""},{""word"":""𡃉"",""pos"":""y"",""jyutping"":""gaa3""},{""word"":""?"",""pos"":"""",""jyutping"":null}]"	REQUIRES_EXPERT_CONTEXT_REVIEW
aa84br-3d5bbea60353ff367473	FC-108a_v2.cha	9c80f4488c8c32be66bc3f01baadf77bb99f9e3f6b73138a4b1e18e027f5a964	38	65	14	XXB	adjacent_identical_tokens	好	好好	d	ADV	hou2	好	d	hou2	False	True	2	惡劣	a	ADJ	ok3lyut6	17	態度	好	態度	好	係囖!幾衰啊!佢話-小豬話佢態度好好好惡劣啊話,搞到小豬呢即係發晒脾氣嗰隻呢.	點解噉𡃉?	喀.	"{""repetitionMode"":""adjacent_identical_tokens"",""baseSurface"":""好"",""matchedSurface"":""好好""}"	"[{""word"":""係"",""pos"":""v"",""jyutping"":""hai6""},{""word"":""囖"",""pos"":""y"",""jyutping"":""lo1""},{""word"":""!"",""pos"":"""",""jyutping"":null},{""word"":""幾"",""pos"":""d"",""jyutping"":""gei2""},{""word"":""衰"",""pos"":""a"",""jyutping"":""seoi1""},{""word"":""啊"",""pos"":""y"",""jyutping"":""aa3""},{""word"":""!"",""pos"":"""",""jyutping"":null},{""word"":""佢"",""pos"":""r"",""jyutping"":""keoi5""},{""word"":""話"",""pos"":""v"",""jyutping"":""waa6""},{""word"":""-"",""pos"":"""",""jyutping"":null},{""word"":""小豬"",""pos"":""nr"",""jyutping"":""siu2zyu1""},{""word"":""話"",""pos"":""v"",""jyutping"":""waa6""},{""word"":""佢"",""pos"":""r"",""jyutping"":""keoi5""},{""word"":""態度"",""pos"":""n"",""jyutping"":""taai3dou6""},{""word"":""好"",""pos"":""d"",""jyutping"":""hou2""},{""word"":""好"",""pos"":""d"",""jyutping"":""hou2""},{""word"":""好"",""pos"":""d"",""jyutping"":""hou2""},{""word"":""惡劣"",""pos"":""a"",""jyutping"":""ok3lyut6""},{""word"":""啊"",""pos"":""y"",""jyutping"":""aa3""},{""word"":""話"",""pos"":""v"",""jyutping"":""waa6""},{""word"":"","",""pos"":"""",""jyutping"":null},{""word"":""搞"",""pos"":""v"",""jyutping"":""gaau2""},{""word"":""到"",""pos"":""u"",""jyutping"":""dou3""},{""word"":""小豬"",""pos"":""nr"",""jyutping"":""siu2zyu1""},{""word"":""呢"",""pos"":""y1"",""jyutping"":""ne1""},{""word"":""即係"",""pos"":""c"",""jyutping"":""zik1hai6""},{""word"":""發"",""pos"":""v"",""jyutping"":""faat3""},{""word"":""晒"",""pos"":""u"",""jyutping"":""saai3""},{""word"":""脾氣"",""pos"":""n"",""jyutping"":""pei4hei3""},{""word"":""嗰"",""pos"":""r"",""jyutping"":""go2""},{""word"":""隻"",""pos"":""q"",""jyutping"":""zek3""},{""word"":""呢"",""pos"":""y"",""jyutping"":""ne1""},{""word"":""."",""pos"":"""",""jyutping"":null}]"	REQUIRES_EXPERT_CONTEXT_REVIEW
aa84br-54f6d04866deb1db18cc	FC-108a_v2.cha	9c80f4488c8c32be66bc3f01baadf77bb99f9e3f6b73138a4b1e18e027f5a964	38	65	15	XXB	adjacent_identical_tokens	好	好好	d	ADV	hou2	好	d	hou2	False	True	1	惡劣	a	ADJ	ok3lyut6	17	好	惡劣	好	惡劣	係囖!幾衰啊!佢話-小豬話佢態度好好好惡劣啊話,搞到小豬呢即係發晒脾氣嗰隻呢.	點解噉𡃉?	喀.	"{""repetitionMode"":""adjacent_identical_tokens"",""baseSurface"":""好"",""matchedSurface"":""好好""}"	"[{""word"":""係"",""pos"":""v"",""jyutping"":""hai6""},{""word"":""囖"",""pos"":""y"",""jyutping"":""lo1""},{""word"":""!"",""pos"":"""",""jyutping"":null},{""word"":""幾"",""pos"":""d"",""jyutping"":""gei2""},{""word"":""衰"",""pos"":""a"",""jyutping"":""seoi1""},{""word"":""啊"",""pos"":""y"",""jyutping"":""aa3""},{""word"":""!"",""pos"":"""",""jyutping"":null},{""word"":""佢"",""pos"":""r"",""jyutping"":""keoi5""},{""word"":""話"",""pos"":""v"",""jyutping"":""waa6""},{""word"":""-"",""pos"":"""",""jyutping"":null},{""word"":""小豬"",""pos"":""nr"",""jyutping"":""siu2zyu1""},{""word"":""話"",""pos"":""v"",""jyutping"":""waa6""},{""word"":""佢"",""pos"":""r"",""jyutping"":""keoi5""},{""word"":""態度"",""pos"":""n"",""jyutping"":""taai3dou6""},{""word"":""好"",""pos"":""d"",""jyutping"":""hou2""},{""word"":""好"",""pos"":""d"",""jyutping"":""hou2""},{""word"":""好"",""pos"":""d"",""jyutping"":""hou2""},{""word"":""惡劣"",""pos"":""a"",""jyutping"":""ok3lyut6""},{""word"":""啊"",""pos"":""y"",""jyutping"":""aa3""},{""word"":""話"",""pos"":""v"",""jyutping"":""waa6""},{""word"":"","",""pos"":"""",""jyutping"":null},{""word"":""搞"",""pos"":""v"",""jyutping"":""gaau2""},{""word"":""到"",""pos"":""u"",""jyutping"":""dou3""},{""word"":""小豬"",""pos"":""nr"",""jyutping"":""siu2zyu1""},{""word"":""呢"",""pos"":""y1"",""jyutping"":""ne1""},{""word"":""即係"",""pos"":""c"",""jyutping"":""zik1hai6""},{""word"":""發"",""pos"":""v"",""jyutping"":""faat3""},{""word"":""晒"",""pos"":""u"",""jyutping"":""saai3""},{""word"":""脾氣"",""pos"":""n"",""jyutping"":""pei4hei3""},{""word"":""嗰"",""pos"":""r"",""jyutping"":""go2""},{""word"":""隻"",""pos"":""q"",""jyutping"":""zek3""},{""word"":""呢"",""pos"":""y"",""jyutping"":""ne1""},{""word"":""."",""pos"":"""",""jyutping"":null}]"	REQUIRES_EXPERT_CONTEXT_REVIEW
aa84br-bb8cc991d426236c1df0	FC-108a_v2.cha	9c80f4488c8c32be66bc3f01baadf77bb99f9e3f6b73138a4b1e18e027f5a964	38	192	29	XXA	internally_repeated_token	好	好好	d	ADV	hou2hou2				False	True	1	對	v	VERB	deoi3	30	即係	對	即係	對	噉佢有時有乜嘢事唔係成日揾嗰個男仔幫佢手吖,但係自己即係-佢又-佢又唔會話即係好好對返人哋啊,即係淨係有事先揾人哋囖.	噉呢最近嗰排喇,噉同舊時啲小學同學傾開偈呢,啲男仔講開喇,噉佢呢成日呢有乜嘢事都-因為我哋有-有個小學同學呢,佢呢就有架van仔嘅,噉佢就係幫人送貨嗰啲嘅.	噉跟住誒,誒,即係嗰個同學同我講開嗰陣時我都感覺到囖.	"{""repetitionMode"":""internally_repeated_token"",""baseSurface"":""好"",""matchedSurface"":""好好""}"	"[{""word"":""噉"",""pos"":""c"",""jyutping"":""gam2""},{""word"":""佢"",""pos"":""r"",""jyutping"":""keoi5""},{""word"":""有時"",""pos"":""d"",""jyutping"":""jau5si4""},{""word"":""有"",""pos"":""v1"",""jyutping"":""jau5""},{""word"":""乜嘢"",""pos"":""r"",""jyutping"":""mat1je5""},{""word"":""事"",""pos"":""n"",""jyutping"":""si6""},{""word"":""唔係"",""pos"":""v"",""jyutping"":""m4hai6""},{""word"":""成日"",""pos"":""d"",""jyutping"":""seng4jat6""},{""word"":""揾"",""pos"":""v"",""jyutping"":""wan2""},{""word"":""嗰個"",""pos"":""r"",""jyutping"":""go2go3""},{""word"":""男仔"",""pos"":""n"",""jyutping"":""naam4zai2""},{""word"":""幫"",""pos"":""v"",""jyutping"":""bong1""},{""word"":""佢"",""pos"":""r"",""jyutping"":""keoi5""},{""word"":""手"",""pos"":""n"",""jyutping"":""sau2""},{""word"":""吖"",""pos"":""y"",""jyutping"":""aa1""},{""word"":"","",""pos"":"""",""jyutping"":null},{""word"":""但係"",""pos"":""c"",""jyutping"":""daan6hai6""},{""word"":""自己"",""pos"":""r"",""jyutping"":""zi6gei2""},{""word"":""即係"",""pos"":""c"",""jyutping"":""zik1hai6""},{""word"":""-"",""pos"":"""",""jyutping"":null},{""word"":""佢"",""pos"":""r"",""jyutping"":""keoi5""},{""word"":""又"",""pos"":""d"",""jyutping"":""jau6""},{""word"":""-"",""pos"":"""",""jyutping"":null},{""word"":""佢"",""pos"":""r"",""jyutping"":""keoi5""},{""word"":""又"",""pos"":""d"",""jyutping"":""jau6""},{""word"":""唔"",""pos"":""d"",""jyutping"":""m4""},{""word"":""會"",""pos"":""vu"",""jyutping"":""wui5""},{""word"":""話"",""pos"":""v"",""jyutping"":""waa6""},{""word"":""即係"",""pos"":""c"",""jyutping"":""zik1hai6""},{""word"":""好好"",""pos"":""d"",""jyutping"":""hou2hou2""},{""word"":""對"",""pos"":""v"",""jyutping"":""deoi3""},{""word"":""返"",""pos"":""u"",""jyutping"":""faan1""},{""word"":""人哋"",""pos"":""r"",""jyutping"":""jan4dei6""},{""word"":""啊"",""pos"":""y"",""jyutping"":""aa3""},{""word"":"","",""pos"":"""",""jyutping"":null},{""word"":""即係"",""pos"":""c"",""jyutping"":""zik1hai6""},{""word"":""淨係"",""pos"":""d"",""jyutping"":""zing6hai6""},{""word"":""有事"",""pos"":""v"",""jyutping"":""jau5si6""},{""word"":""先"",""pos"":""d"",""jyutping"":""sin1""},{""word"":""揾"",""pos"":""v"",""jyutping"":""wan2""},{""word"":""人哋"",""pos"":""r"",""jyutping"":""jan4dei6""},{""word"":""囖"",""pos"":""y"",""jyutping"":""lo1""},{""word"":""."",""pos"":"""",""jyutping"":null}]"	REQUIRES_EXPERT_CONTEXT_REVIEW
aa84br-c34db3106a15c8ba219f	FC-108a_v2.cha	9c80f4488c8c32be66bc3f01baadf77bb99f9e3f6b73138a4b1e18e027f5a964	38	205	70	XXA	internally_repeated_token	奶	奶奶	n	NOUN	naai4naai2				False	True	2	食	v	VERB	sik6	72	你	度	你	度	佢話,誒,誒,噉跟住褸尾嗰次喺佢嗰度傾,話佢結婚嗰日嗰啲嘢嗰陣時,佢重搞笑到呢,你講真啊,你啊,如果平時人哋結婚啊,你啲,誒,兄弟姊妹啊,你都會即係,誒,譬如晏晝食飯啊,如果你喺你奶奶度食,你都會訂張檯俾人哋去茶樓食飯喇,係唔係先?	跟住呢,我同啲同學即係嗰-嗰幾個小學同學講開呢,佢哋都話係囖,覺得佢而家好現實囖,噉樣講.	唔係你唔通唔理人哋食飯嗰啲嘢咩,係唔係先?	"{""repetitionMode"":""internally_repeated_token"",""baseSurface"":""奶"",""matchedSurface"":""奶奶""}"	"[{""word"":""佢"",""pos"":""r"",""jyutping"":""keoi5""},{""word"":""話"",""pos"":""v"",""jyutping"":""waa6""},{""word"":"","",""pos"":"""",""jyutping"":null},{""word"":""誒"",""pos"":""e"",""jyutping"":""e6""},{""word"":"","",""pos"":"""",""jyutping"":null},{""word"":""誒"",""pos"":""e"",""jyutping"":""e6""},{""word"":"","",""pos"":"""",""jyutping"":null},{""word"":""噉"",""pos"":""c"",""jyutping"":""gam2""},{""word"":""跟住"",""pos"":""c"",""jyutping"":""gan1zyu6""},{""word"":""褸尾"",""pos"":""t"",""jyutping"":""lau1mei1""},{""word"":""嗰"",""pos"":""r"",""jyutping"":""go2""},{""word"":""次"",""pos"":""q"",""jyutping"":""ci3""},{""word"":""喺"",""pos"":""p"",""jyutping"":""hai2""},{""word"":""佢"",""pos"":""r"",""jyutping"":""keoi5""},{""word"":""嗰度"",""pos"":""r"",""jyutping"":""go2dou6""},{""word"":""傾"",""pos"":""v"",""jyutping"":""king1""},{""word"":"","",""pos"":"""",""jyutping"":null},{""word"":""話"",""pos"":""v"",""jyutping"":""waa6""},{""word"":""佢"",""pos"":""r"",""jyutping"":""keoi5""},{""word"":""結婚"",""pos"":""v"",""jyutping"":""git3fan1""},{""word"":""嗰"",""pos"":""r"",""jyutping"":""go2""},{""word"":""日"",""pos"":""q"",""jyutping"":""jat6""},{""word"":""嗰啲"",""pos"":""r"",""jyutping"":""go2di1""},{""word"":""嘢"",""pos"":""n"",""jyutping"":""je5""},{""word"":""嗰陣時"",""pos"":""r"",""jyutping"":""go2zan6si4""},{""word"":"","",""pos"":"""",""jyutping"":null},{""word"":""佢"",""pos"":""r"",""jyutping"":""keoi5""},{""word"":""重"",""pos"":""d"",""jyutping"":""zung6""},{""word"":""搞笑"",""pos"":""a"",""jyutping"":""gaau2siu3""},{""word"":""到"",""pos"":""u"",""jyutping"":""dou3""},{""word"":""呢"",""pos"":""y1"",""jyutping"":""ne1""},{""word"":"","",""pos"":"""",""jyutping"":null},{""word"":""你"",""pos"":""r"",""jyutping"":""nei5""},{""word"":""講真"",""pos"":""v"",""jyutping"":""gong2zan1""},{""word"":""啊"",""pos"":""y"",""jyutping"":""aa3""},{""word"":"","",""pos"":"""",""jyutping"":null},{""word"":""你"",""pos"":""r"",""jyutping"":""nei5""},{""word"":""啊"",""pos"":""y1"",""jyutping"":""aa3""},{""word"":"","",""pos"":"""",""jyutping"":null},{""word"":""如果"",""pos"":""c"",""jyutping"":""jyu4gwo2""},{""word"":""平時"",""pos"":""d"",""jyutping"":""ping4si4""},{""word"":""人哋"",""pos"":""r"",""jyutping"":""jan4dei6""},{""word"":""結婚"",""pos"":""v"",""jyutping"":""git3fan1""},{""word"":""啊"",""pos"":""y1"",""jyutping"":""aa3""},{""word"":"","",""pos"":"""",""jyutping"":null},{""word"":""你"",""pos"":""r"",""jyutping"":""nei5""},{""word"":""啲"",""pos"":""q"",""jyutping"":""di1""},{""word"":"","",""pos"":"""",""jyutping"":null},{""word"":""誒"",""pos"":""e"",""jyutping"":""e6""},{""word"":"","",""pos"":"""",""jyutping"":null},{""word"":""兄弟"",""pos"":""n"",""jyutping"":""hing1dai6""},{""word"":""姊妹"",""pos"":""n"",""jyutping"":""zi2mui6""},{""word"":""啊"",""pos"":""y1"",""jyutping"":""aa3""},{""word"":"","",""pos"":"""",""jyutping"":null},{""word"":""你"",""pos"":""r"",""jyutping"":""nei5""},{""word"":""都"",""pos"":""d"",""jyutping"":""dou1""},{""word"":""會"",""pos"":""vu"",""jyutping"":""wui5""},{""word"":""即係"",""pos"":""c"",""jyutping"":""zik1hai6""},{""word"":"","",""pos"":"""",""jyutping"":null},{""word"":""誒"",""pos"":""e"",""jyutping"":""e6""},{""word"":"","",""pos"":"""",""jyutping"":null},{""word"":""譬如"",""pos"":""v"",""jyutping"":""pei3jyu4""},{""word"":""晏晝"",""pos"":""n"",""jyutping"":""aan3zau3""},{""word"":""食飯"",""pos"":""v"",""jyutping"":""sik6faan6""},{""word"":""啊"",""pos"":""y1"",""jyutping"":""aa3""},{""word"":"","",""pos"":"""",""jyutping"":null},{""word"":""如果"",""pos"":""c"",""jyutping"":""jyu4gwo2""},{""word"":""你"",""pos"":""r"",""jyutping"":""nei5""},{""word"":""喺"",""pos"":""p"",""jyutping"":""hai2""},{""word"":""你"",""pos"":""r"",""jyutping"":""nei5""},{""word"":""奶奶"",""pos"":""n"",""jyutping"":""naai4naai2""},{""word"":""度"",""pos"":""f"",""jyutping"":""dou6""},{""word"":""食"",""pos"":""v"",""jyutping"":""sik6""},{""word"":"","",""pos"":"""",""jyutping"":null},{""word"":""你"",""pos"":""r"",""jyutping"":""nei5""},{""word"":""都"",""pos"":""d"",""jyutping"":""dou1""},{""word"":""會"",""pos"":""vu"",""jyutping"":""wui5""},{""word"":""訂"",""pos"":""v"",""jyutping"":""deng6""},{""word"":""張"",""pos"":""q"",""jyutping"":""zoeng1""},{""word"":""檯"",""pos"":""n"",""jyutping"":""toi2""},{""word"":""俾"",""pos"":""p"",""jyutping"":""bei2""},{""word"":""人哋"",""pos"":""r"",""jyutping"":""jan4dei6""},{""word"":""去"",""pos"":""v"",""jyutping"":""heoi3""},{""word"":""茶樓"",""pos"":""n"",""jyutping"":""caa4lau4""},{""word"":""食飯"",""pos"":""v"",""jyutping"":""sik6faan6""},{""word"":""喇"",""pos"":""y1"",""jyutping"":""laa1""},{""word"":"","",""pos"":"""",""jyutping"":null},{""word"":""係"",""pos"":""v"",""jyutping"":""hai6""},{""word"":""唔係"",""pos"":""v"",""jyutping"":""m4hai6""},{""word"":""先"",""pos"":""d"",""jyutping"":""sin1""},{""word"":""?"",""pos"":"""",""jyutping"":null}]"	REQUIRES_EXPERT_CONTEXT_REVIEW
aa84br-285013b5cdaef980ab09	FC-108a_v2.cha	9c80f4488c8c32be66bc3f01baadf77bb99f9e3f6b73138a4b1e18e027f5a964	38	212	14	XXA	internally_repeated_token	啱	啱啱	d	ADV	ngaam1ngaam1				False	True	1	返來	v	VERB	faan1lei4	15	佢	返來	佢	返來	跟住呢我-我又諗返起呢,嗰陣時呢佢啱啱返來呢香港嗰陣時呢佢成日問我喎.	嗯-我覺得好搞笑囖.	"佢話""誒,你覺唔覺得呢我而家講中文呢好似有啲怪怪哋?"	"{""repetitionMode"":""internally_repeated_token"",""baseSurface"":""啱"",""matchedSurface"":""啱啱""}"	"[{""word"":""跟住"",""pos"":""c"",""jyutping"":""gan1zyu6""},{""word"":""呢"",""pos"":""y1"",""jyutping"":""ne1""},{""word"":""我"",""pos"":""r"",""jyutping"":""ngo5""},{""word"":""-"",""pos"":"""",""jyutping"":null},{""word"":""我"",""pos"":""r"",""jyutping"":""ngo5""},{""word"":""又"",""pos"":""d"",""jyutping"":""jau6""},{""word"":""諗"",""pos"":""v"",""jyutping"":""nam2""},{""word"":""返"",""pos"":""u"",""jyutping"":""faan1""},{""word"":""起"",""pos"":""v"",""jyutping"":""hei2""},{""word"":""呢"",""pos"":""y1"",""jyutping"":""ne1""},{""word"":"","",""pos"":"""",""jyutping"":null},{""word"":""嗰陣時"",""pos"":""r"",""jyutping"":""go2zan6si4""},{""word"":""呢"",""pos"":""y1"",""jyutping"":""ne1""},{""word"":""佢"",""pos"":""r"",""jyutping"":""keoi5""},{""word"":""啱啱"",""pos"":""d"",""jyutping"":""ngaam1ngaam1""},{""word"":""返來"",""pos"":""v"",""jyutping"":""faan1lei4""},{""word"":""呢"",""pos"":""y1"",""jyutping"":""ne1""},{""word"":""香港"",""pos"":""ns"",""jyutping"":""hoeng1gong2""},{""word"":""嗰陣時"",""pos"":""r"",""jyutping"":""go2zan6si4""},{""word"":""呢"",""pos"":""y1"",""jyutping"":""ne1""},{""word"":""佢"",""pos"":""r"",""jyutping"":""keoi5""},{""word"":""成日"",""pos"":""d"",""jyutping"":""seng4jat6""},{""word"":""問"",""pos"":""v"",""jyutping"":""man6""},{""word"":""我"",""pos"":""r"",""jyutping"":""ngo5""},{""word"":""喎"",""pos"":""y"",""jyutping"":""wo3""},{""word"":""."",""pos"":"""",""jyutping"":null}]"	REQUIRES_EXPERT_CONTEXT_REVIEW
aa84br-c42e215ef778403177f6	FC-108a_v2.cha	9c80f4488c8c32be66bc3f01baadf77bb99f9e3f6b73138a4b1e18e027f5a964	38	256	0	XXA	adjacent_identical_tokens	可能	可能可能	vu	AUX	ho2nang4	可能	vu	ho2nang4	True	True	2	係	v	VERB	hai6	3	<UTTERANCE_START>	噉樣	<UTTERANCE_START>	噉樣	可能可能噉樣係樂趣喇.	噉我唔知嚹.	但係好搞笑囖.	"{""repetitionMode"":""adjacent_identical_tokens"",""baseSurface"":""可能"",""matchedSurface"":""可能可能""}"	"[{""word"":""可能"",""pos"":""vu"",""jyutping"":""ho2nang4""},{""word"":""可能"",""pos"":""vu"",""jyutping"":""ho2nang4""},{""word"":""噉樣"",""pos"":""r"",""jyutping"":""gam2joeng2""},{""word"":""係"",""pos"":""v"",""jyutping"":""hai6""},{""word"":""樂趣"",""pos"":""n"",""jyutping"":""lok6ceoi3""},{""word"":""喇"",""pos"":""y"",""jyutping"":""laa1""},{""word"":""."",""pos"":"""",""jyutping"":null}]"	REQUIRES_EXPERT_CONTEXT_REVIEW
aa84br-1e32c26bc05e0cc830e9	FC-108a_v2.cha	9c80f4488c8c32be66bc3f01baadf77bb99f9e3f6b73138a4b1e18e027f5a964	38	283	35	XXA	adjacent_identical_tokens	小一	小一小一	jb	ADJ	siu2jat1	小一	jb	siu2jat1	False	True	1	開始	v	VERB	hoi1ci2	37	嚹	開始	嚹	開始	算係噉喇,咁耐都有聯絡,識咗好多年嚹都,十幾年嚹,成廿年都有嚹可能,十幾年嚹小一小一開始囖.	係啊.	小學,幾多年班先?	"{""repetitionMode"":""adjacent_identical_tokens"",""baseSurface"":""小一"",""matchedSurface"":""小一小一""}"	"[{""word"":""算"",""pos"":""v"",""jyutping"":""syun3""},{""word"":""係"",""pos"":""v"",""jyutping"":""hai6""},{""word"":""噉"",""pos"":""r"",""jyutping"":""gam2""},{""word"":""喇"",""pos"":""y"",""jyutping"":""laa1""},{""word"":"","",""pos"":"""",""jyutping"":null},{""word"":""咁"",""pos"":""d"",""jyutping"":""gam3""},{""word"":""耐"",""pos"":""a"",""jyutping"":""noi6""},{""word"":""都"",""pos"":""d"",""jyutping"":""dou1""},{""word"":""有"",""pos"":""v1"",""jyutping"":""jau5""},{""word"":""聯絡"",""pos"":""v"",""jyutping"":""lyun4lok3""},{""word"":"","",""pos"":"""",""jyutping"":null},{""word"":""識"",""pos"":""v"",""jyutping"":""sik1""},{""word"":""咗"",""pos"":""u"",""jyutping"":""zo2""},{""word"":""好多"",""pos"":""m"",""jyutping"":""hou2do1""},{""word"":""年"",""pos"":""q"",""jyutping"":""nin4""},{""word"":""嚹"",""pos"":""y"",""jyutping"":""laa3""},{""word"":""都"",""pos"":""d"",""jyutping"":""dou1""},{""word"":"","",""pos"":"""",""jyutping"":null},{""word"":""十"",""pos"":""m"",""jyutping"":""sap6""},{""word"":""幾"",""pos"":""m"",""jyutping"":""gei2""},{""word"":""年"",""pos"":""q"",""jyutping"":""nin4""},{""word"":""嚹"",""pos"":""y"",""jyutping"":""laa3""},{""word"":"","",""pos"":"""",""jyutping"":null},{""word"":""成"",""pos"":""m"",""jyutping"":""sing4""},{""word"":""廿"",""pos"":""m"",""jyutping"":""jaa6""},{""word"":""年"",""pos"":""q"",""jyutping"":""nin4""},{""word"":""都"",""pos"":""d"",""jyutping"":""dou1""},{""word"":""有"",""pos"":""v1"",""jyutping"":""jau5""},{""word"":""嚹"",""pos"":""y"",""jyutping"":""laa3""},{""word"":""可能"",""pos"":""vu"",""jyutping"":""ho2nang4""},{""word"":"","",""pos"":"""",""jyutping"":null},{""word"":""十"",""pos"":""m"",""jyutping"":""sap6""},{""word"":""幾"",""pos"":""m"",""jyutping"":""gei2""},{""word"":""年"",""pos"":""q"",""jyutping"":""nin4""},{""word"":""嚹"",""pos"":""y"",""jyutping"":""laa3""},{""word"":""小一"",""pos"":""jb"",""jyutping"":""siu2jat1""},{""word"":""小一"",""pos"":""jb"",""jyutping"":""siu2jat1""},{""word"":""開始"",""pos"":""v"",""jyutping"":""hoi1ci2""},{""word"":""囖"",""pos"":""y"",""jyutping"":""lo1""},{""word"":""."",""pos"":"""",""jyutping"":null}]"	REQUIRES_EXPERT_CONTEXT_REVIEW
aa84br-62dc15c343dc13b70bf1	FC-108a_v2.cha	9c80f4488c8c32be66bc3f01baadf77bb99f9e3f6b73138a4b1e18e027f5a964	38	288	4	XXA	internally_repeated_token	姐	姐姐	n	NOUN	ze4ze1				False	False							啊	.	啊	<UTTERANCE_END>	六年小學啊姐姐.	嘩!七年小學七年中學.	啊,係喎,六年小學,七年中學,十三年,跟住而家.	"{""repetitionMode"":""internally_repeated_token"",""baseSurface"":""姐"",""matchedSurface"":""姐姐""}"	"[{""word"":""六"",""pos"":""m"",""jyutping"":""luk6""},{""word"":""年"",""pos"":""q"",""jyutping"":""nin4""},{""word"":""小學"",""pos"":""n"",""jyutping"":""siu2hok6""},{""word"":""啊"",""pos"":""y"",""jyutping"":""aa3""},{""word"":""姐姐"",""pos"":""n"",""jyutping"":""ze4ze1""},{""word"":""."",""pos"":"""",""jyutping"":null}]"	REQUIRES_EXPERT_CONTEXT_REVIEW
aa84br-82dc4d4ccb451c91d288	FC-108a_v2.cha	9c80f4488c8c32be66bc3f01baadf77bb99f9e3f6b73138a4b1e18e027f5a964	38	314	6	XXA	adjacent_identical_tokens	認	認認	v	VERB	jing6	認	v	jing6	False	True	3	差唔多	a	ADJ	caa1m4do1	10	,	下	都	下	好老𡃉嚹都,認認下就差唔多𡃉嚹,唔係啊我嗰陣時我堂家姐同我講呢,佢話呢一過二十呢,就覺得呢,嗰個時間好快過,佢話好快就廿一好快廿二,好快廿三,一路過𡃉嚹.	咁快認老,幾時認到老啊真係.	係啊,噉𠻺係啊,真係一過咗二十一就真係眨下眼.	"{""repetitionMode"":""adjacent_identical_tokens"",""baseSurface"":""認"",""matchedSurface"":""認認""}"	"[{""word"":""好"",""pos"":""d"",""jyutping"":""hou2""},{""word"":""老"",""pos"":""a"",""jyutping"":""lou5""},{""word"":""𡃉"",""pos"":""y"",""jyutping"":""gaa3""},{""word"":""嚹"",""pos"":""y"",""jyutping"":""laa3""},{""word"":""都"",""pos"":""d"",""jyutping"":""dou1""},{""word"":"","",""pos"":"""",""jyutping"":null},{""word"":""認"",""pos"":""v"",""jyutping"":""jing6""},{""word"":""認"",""pos"":""v"",""jyutping"":""jing6""},{""word"":""下"",""pos"":""u"",""jyutping"":""haa5""},{""word"":""就"",""pos"":""d"",""jyutping"":""zau6""},{""word"":""差唔多"",""pos"":""a"",""jyutping"":""caa1m4do1""},{""word"":""𡃉"",""pos"":""y"",""jyutping"":""gaa3""},{""word"":""嚹"",""pos"":""y"",""jyutping"":""laa3""},{""word"":"","",""pos"":"""",""jyutping"":null},{""word"":""唔係"",""pos"":""v"",""jyutping"":""m4hai6""},{""word"":""啊"",""pos"":""y"",""jyutping"":""aa3""},{""word"":""我"",""pos"":""r"",""jyutping"":""ngo5""},{""word"":""嗰陣時"",""pos"":""r"",""jyutping"":""go2zan6si4""},{""word"":""我"",""pos"":""r"",""jyutping"":""ngo5""},{""word"":""堂家姐"",""pos"":""n"",""jyutping"":""tong4gaa1ze1""},{""word"":""同"",""pos"":""p"",""jyutping"":""tung4""},{""word"":""我"",""pos"":""r"",""jyutping"":""ngo5""},{""word"":""講"",""pos"":""v"",""jyutping"":""gong2""},{""word"":""呢"",""pos"":""y1"",""jyutping"":""ne1""},{""word"":"","",""pos"":"""",""jyutping"":null},{""word"":""佢"",""pos"":""r"",""jyutping"":""keoi5""},{""word"":""話"",""pos"":""v"",""jyutping"":""waa6""},{""word"":""呢"",""pos"":""y1"",""jyutping"":""ne1""},{""word"":""一"",""pos"":""m"",""jyutping"":""jat1""},{""word"":""過"",""pos"":""v"",""jyutping"":""gwo3""},{""word"":""二十"",""pos"":""m"",""jyutping"":""ji6sap6""},{""word"":""呢"",""pos"":""y1"",""jyutping"":""ne1""},{""word"":"","",""pos"":"""",""jyutping"":null},{""word"":""就"",""pos"":""d"",""jyutping"":""zau6""},{""word"":""覺得"",""pos"":""v"",""jyutping"":""gok3dak1""},{""word"":""呢"",""pos"":""y1"",""jyutping"":""ne1""},{""word"":"","",""pos"":"""",""jyutping"":null},{""word"":""嗰個"",""pos"":""r"",""jyutping"":""go2go3""},{""word"":""時間"",""pos"":""n"",""jyutping"":""si4gaan3""},{""word"":""好"",""pos"":""d"",""jyutping"":""hou2""},{""word"":""快"",""pos"":""a"",""jyutping"":""faai3""},{""word"":""過"",""pos"":""v"",""jyutping"":""gwo3""},{""word"":"","",""pos"":"""",""jyutping"":null},{""word"":""佢"",""pos"":""r"",""jyutping"":""keoi5""},{""word"":""話"",""pos"":""v"",""jyutping"":""waa6""},{""word"":""好"",""pos"":""d"",""jyutping"":""hou2""},{""word"":""快"",""pos"":""a"",""jyutping"":""faai3""},{""word"":""就"",""pos"":""d"",""jyutping"":""zau6""},{""word"":""廿一"",""pos"":""m"",""jyutping"":""jaa6jat1""},{""word"":""好"",""pos"":""d"",""jyutping"":""hou2""},{""word"":""快"",""pos"":""a"",""jyutping"":""faai3""},{""word"":""廿二"",""pos"":""m"",""jyutping"":""jaa6ji6""},{""word"":"","",""pos"":"""",""jyutping"":null},{""word"":""好"",""pos"":""d"",""jyutping"":""hou2""},{""word"":""快"",""pos"":""a"",""jyutping"":""faai3""},{""word"":""廿三"",""pos"":""m"",""jyutping"":""jaa6saam1""},{""word"":"","",""pos"":"""",""jyutping"":null},{""word"":""一路"",""pos"":""d"",""jyutping"":""jat1lou6""},{""word"":""過"",""pos"":""v"",""jyutping"":""gwo3""},{""word"":""𡃉"",""pos"":""y"",""jyutping"":""gaa3""},{""word"":""嚹"",""pos"":""y"",""jyutping"":""laa3""},{""word"":""."",""pos"":"""",""jyutping"":null}]"	REQUIRES_EXPERT_CONTEXT_REVIEW
aa84br-3aa69187668f571fa991	FC-108a_v2.cha	9c80f4488c8c32be66bc3f01baadf77bb99f9e3f6b73138a4b1e18e027f5a964	38	324	8	XXA	internally_repeated_token	日	日日	q	NOUN	jat6jat6				False	True	1	係	v	VERB	hai6	9	根本	係	根本	係	係-係你忙到,根本日日係-啲時間呢係冇得停啊,你根本係淨係用來做功課,做-做哩樣做嗰樣,根本係冇時間俾你覺得呢你有時間空檔出來𡃉.	未完𠺢嗎都.	不過你都幾辛苦我覺得,重辛苦過A-level啊真係.	"{""repetitionMode"":""internally_repeated_token"",""baseSurface"":""日"",""matchedSurface"":""日日""}"	"[{""word"":""係"",""pos"":""v"",""jyutping"":""hai6""},{""word"":""-"",""pos"":"""",""jyutping"":null},{""word"":""係"",""pos"":""v"",""jyutping"":""hai6""},{""word"":""你"",""pos"":""r"",""jyutping"":""nei5""},{""word"":""忙"",""pos"":""a"",""jyutping"":""mong4""},{""word"":""到"",""pos"":""u"",""jyutping"":""dou3""},{""word"":"","",""pos"":"""",""jyutping"":null},{""word"":""根本"",""pos"":""d"",""jyutping"":""gan1bun2""},{""word"":""日日"",""pos"":""q"",""jyutping"":""jat6jat6""},{""word"":""係"",""pos"":""v"",""jyutping"":""hai6""},{""word"":""-"",""pos"":"""",""jyutping"":null},{""word"":""啲"",""pos"":""q"",""jyutping"":""di1""},{""word"":""時間"",""pos"":""n"",""jyutping"":""si4gaan3""},{""word"":""呢"",""pos"":""y1"",""jyutping"":""ne1""},{""word"":""係"",""pos"":""v"",""jyutping"":""hai6""},{""word"":""冇得"",""pos"":""vu"",""jyutping"":""mou5dak1""},{""word"":""停"",""pos"":""v"",""jyutping"":""ting4""},{""word"":""啊"",""pos"":""y"",""jyutping"":""aa3""},{""word"":"","",""pos"":"""",""jyutping"":null},{""word"":""你"",""pos"":""r"",""jyutping"":""nei5""},{""word"":""根本"",""pos"":""d"",""jyutping"":""gan1bun2""},{""word"":""係"",""pos"":""v"",""jyutping"":""hai6""},{""word"":""淨係"",""pos"":""d"",""jyutping"":""zing6hai6""},{""word"":""用"",""pos"":""v"",""jyutping"":""jung6""},{""word"":""來"",""pos"":""vk"",""jyutping"":""lai4""},{""word"":""做"",""pos"":""v"",""jyutping"":""zou6""},{""word"":""功課"",""pos"":""n"",""jyutping"":""gung1fo3""},{""word"":"","",""pos"":"""",""jyutping"":null},{""word"":""做"",""pos"":""v"",""jyutping"":""zou6""},{""word"":""-"",""pos"":"""",""jyutping"":null},{""word"":""做"",""pos"":""v"",""jyutping"":""zou6""},{""word"":""哩樣"",""pos"":""r"",""jyutping"":""ni1joeng6""},{""word"":""做"",""pos"":""v"",""jyutping"":""zou6""},{""word"":""嗰樣"",""pos"":""r"",""jyutping"":""go2joeng6""},{""word"":"","",""pos"":"""",""jyutping"":null},{""word"":""根本"",""pos"":""d"",""jyutping"":""gan1bun2""},{""word"":""係"",""pos"":""v"",""jyutping"":""hai6""},{""word"":""冇"",""pos"":""v1"",""jyutping"":""mou5""},{""word"":""時間"",""pos"":""n"",""jyutping"":""si4gaan3""},{""word"":""俾"",""pos"":""p"",""jyutping"":""bei2""},{""word"":""你"",""pos"":""r"",""jyutping"":""nei5""},{""word"":""覺得"",""pos"":""v"",""jyutping"":""gok3dak1""},{""word"":""呢"",""pos"":""y1"",""jyutping"":""ne1""},{""word"":""你"",""pos"":""r"",""jyutping"":""nei5""},{""word"":""有"",""pos"":""v1"",""jyutping"":""jau5""},{""word"":""時間"",""pos"":""n"",""jyutping"":""si4gaan3""},{""word"":""空檔"",""pos"":""v"",""jyutping"":""hung1dong3""},{""word"":""出來"",""pos"":""v"",""jyutping"":""ceot1lai4""},{""word"":""𡃉"",""pos"":""y"",""jyutping"":""gaa3""},{""word"":""."",""pos"":"""",""jyutping"":null}]"	REQUIRES_EXPERT_CONTEXT_REVIEW
aa84br-fb7f08a4eb099bc73d40	FC-108a_v2.cha	9c80f4488c8c32be66bc3f01baadf77bb99f9e3f6b73138a4b1e18e027f5a964	38	336	4	XXA	adjacent_identical_tokens	做	做做	v	VERB	zou6	做	v	zou6	False	True	3	夜	a	ADJ	je6	8	,	到	喇	到	跟住做喇,做做到好夜,做到三點幾先瞓喎.	喀.	"跟住第二朝返到學校呢,我有個同學問我""嘩!做乜嘢你-你隻眼成隻熊貓噉𠸏."	"{""repetitionMode"":""adjacent_identical_tokens"",""baseSurface"":""做"",""matchedSurface"":""做做""}"	"[{""word"":""跟住"",""pos"":""c"",""jyutping"":""gan1zyu6""},{""word"":""做"",""pos"":""v"",""jyutping"":""zou6""},{""word"":""喇"",""pos"":""y"",""jyutping"":""laa1""},{""word"":"","",""pos"":"""",""jyutping"":null},{""word"":""做"",""pos"":""v"",""jyutping"":""zou6""},{""word"":""做"",""pos"":""v"",""jyutping"":""zou6""},{""word"":""到"",""pos"":""u"",""jyutping"":""dou3""},{""word"":""好"",""pos"":""d"",""jyutping"":""hou2""},{""word"":""夜"",""pos"":""a"",""jyutping"":""je6""},{""word"":"","",""pos"":"""",""jyutping"":null},{""word"":""做"",""pos"":""v"",""jyutping"":""zou6""},{""word"":""到"",""pos"":""u"",""jyutping"":""dou3""},{""word"":""三點"",""pos"":""t"",""jyutping"":""saam1dim2""},{""word"":""幾"",""pos"":""m"",""jyutping"":""gei2""},{""word"":""先"",""pos"":""d"",""jyutping"":""sin1""},{""word"":""瞓"",""pos"":""v"",""jyutping"":""fan3""},{""word"":""喎"",""pos"":""y"",""jyutping"":""wo3""},{""word"":""."",""pos"":"""",""jyutping"":null}]"	REQUIRES_EXPERT_CONTEXT_REVIEW
aa84br-df0ea9ca0bcc67b63279	FC-108a_v2.cha	9c80f4488c8c32be66bc3f01baadf77bb99f9e3f6b73138a4b1e18e027f5a964	38	361	6	XXA	adjacent_identical_tokens	好	好好	d	ADV	hou2	好	d	hou2	False	True	1	易	a	ADJ	ji6	8	其實	易	其實	易	係啊,所以咪其實好好易有病囖啲人.	噉其實如果有乜嘢病菌嗰啲都會傳染噉樣喎.	係囖.	"{""repetitionMode"":""adjacent_identical_tokens"",""baseSurface"":""好"",""matchedSurface"":""好好""}"	"[{""word"":""係"",""pos"":""v"",""jyutping"":""hai6""},{""word"":""啊"",""pos"":""y"",""jyutping"":""aa3""},{""word"":"","",""pos"":"""",""jyutping"":null},{""word"":""所以"",""pos"":""c"",""jyutping"":""so2ji5""},{""word"":""咪"",""pos"":""d"",""jyutping"":""mai6""},{""word"":""其實"",""pos"":""d"",""jyutping"":""kei4sat6""},{""word"":""好"",""pos"":""d"",""jyutping"":""hou2""},{""word"":""好"",""pos"":""d"",""jyutping"":""hou2""},{""word"":""易"",""pos"":""a"",""jyutping"":""ji6""},{""word"":""有"",""pos"":""v1"",""jyutping"":""jau5""},{""word"":""病"",""pos"":""n"",""jyutping"":""beng6""},{""word"":""囖"",""pos"":""y"",""jyutping"":""lo1""},{""word"":""啲"",""pos"":""q"",""jyutping"":""di1""},{""word"":""人"",""pos"":""n"",""jyutping"":""jan4""},{""word"":""."",""pos"":"""",""jyutping"":null}]"	REQUIRES_EXPERT_CONTEXT_REVIEW
aa84br-6614c91e40ed51ff7f99	FC-108a_v2.cha	9c80f4488c8c32be66bc3f01baadf77bb99f9e3f6b73138a4b1e18e027f5a964	38	402	13	XXA	adjacent_identical_tokens	我	我我	r	PRON	ngo5	我	r	ngo5	False	True	1	洗	v	VERB	sai2	15	即係	洗	即係	洗	佢呢佢即係好唔小心囖,我試過即係我我洗過我我其實我洗過一次牙𡃉唧.	嘩!個醫生呢做嘢做得好揦西𡃉.	喀.	"{""repetitionMode"":""adjacent_identical_tokens"",""baseSurface"":""我"",""matchedSurface"":""我我""}"	"[{""word"":""佢"",""pos"":""r"",""jyutping"":""keoi5""},{""word"":""呢"",""pos"":""y1"",""jyutping"":""ne1""},{""word"":""佢"",""pos"":""r"",""jyutping"":""keoi5""},{""word"":""即係"",""pos"":""c"",""jyutping"":""zik1hai6""},{""word"":""好"",""pos"":""d"",""jyutping"":""hou2""},{""word"":""唔"",""pos"":""d"",""jyutping"":""m4""},{""word"":""小心"",""pos"":""a"",""jyutping"":""siu2sam1""},{""word"":""囖"",""pos"":""y"",""jyutping"":""lo1""},{""word"":"","",""pos"":"""",""jyutping"":null},{""word"":""我"",""pos"":""r"",""jyutping"":""ngo5""},{""word"":""試"",""pos"":""v"",""jyutping"":""si3""},{""word"":""過"",""pos"":""u"",""jyutping"":""gwo3""},{""word"":""即係"",""pos"":""c"",""jyutping"":""zik1hai6""},{""word"":""我"",""pos"":""r"",""jyutping"":""ngo5""},{""word"":""我"",""pos"":""r"",""jyutping"":""ngo5""},{""word"":""洗"",""pos"":""v"",""jyutping"":""sai2""},{""word"":""過"",""pos"":""u"",""jyutping"":""gwo3""},{""word"":""我"",""pos"":""r"",""jyutping"":""ngo5""},{""word"":""我"",""pos"":""r"",""jyutping"":""ngo5""},{""word"":""其實"",""pos"":""d"",""jyutping"":""kei4sat6""},{""word"":""我"",""pos"":""r"",""jyutping"":""ngo5""},{""word"":""洗"",""pos"":""v"",""jyutping"":""sai2""},{""word"":""過"",""pos"":""u"",""jyutping"":""gwo3""},{""word"":""一"",""pos"":""m"",""jyutping"":""jat1""},{""word"":""次"",""pos"":""q"",""jyutping"":""ci3""},{""word"":""牙"",""pos"":""n"",""jyutping"":""ngaa4""},{""word"":""𡃉"",""pos"":""y"",""jyutping"":""gaa3""},{""word"":""唧"",""pos"":""y"",""jyutping"":""zek1""},{""word"":""."",""pos"":"""",""jyutping"":null}]"	REQUIRES_EXPERT_CONTEXT_REVIEW
aa84br-375a34959c406e0cdfd5	FC-108a_v2.cha	9c80f4488c8c32be66bc3f01baadf77bb99f9e3f6b73138a4b1e18e027f5a964	38	402	17	XXA	adjacent_identical_tokens	我	我我	r	PRON	ngo5	我	r	ngo5	False	True	3	洗	v	VERB	sai2	21	過	其實	過	其實	佢呢佢即係好唔小心囖,我試過即係我我洗過我我其實我洗過一次牙𡃉唧.	嘩!個醫生呢做嘢做得好揦西𡃉.	喀.	"{""repetitionMode"":""adjacent_identical_tokens"",""baseSurface"":""我"",""matchedSurface"":""我我""}"	"[{""word"":""佢"",""pos"":""r"",""jyutping"":""keoi5""},{""word"":""呢"",""pos"":""y1"",""jyutping"":""ne1""},{""word"":""佢"",""pos"":""r"",""jyutping"":""keoi5""},{""word"":""即係"",""pos"":""c"",""jyutping"":""zik1hai6""},{""word"":""好"",""pos"":""d"",""jyutping"":""hou2""},{""word"":""唔"",""pos"":""d"",""jyutping"":""m4""},{""word"":""小心"",""pos"":""a"",""jyutping"":""siu2sam1""},{""word"":""囖"",""pos"":""y"",""jyutping"":""lo1""},{""word"":"","",""pos"":"""",""jyutping"":null},{""word"":""我"",""pos"":""r"",""jyutping"":""ngo5""},{""word"":""試"",""pos"":""v"",""jyutping"":""si3""},{""word"":""過"",""pos"":""u"",""jyutping"":""gwo3""},{""word"":""即係"",""pos"":""c"",""jyutping"":""zik1hai6""},{""word"":""我"",""pos"":""r"",""jyutping"":""ngo5""},{""word"":""我"",""pos"":""r"",""jyutping"":""ngo5""},{""word"":""洗"",""pos"":""v"",""jyutping"":""sai2""},{""word"":""過"",""pos"":""u"",""jyutping"":""gwo3""},{""word"":""我"",""pos"":""r"",""jyutping"":""ngo5""},{""word"":""我"",""pos"":""r"",""jyutping"":""ngo5""},{""word"":""其實"",""pos"":""d"",""jyutping"":""kei4sat6""},{""word"":""我"",""pos"":""r"",""jyutping"":""ngo5""},{""word"":""洗"",""pos"":""v"",""jyutping"":""sai2""},{""word"":""過"",""pos"":""u"",""jyutping"":""gwo3""},{""word"":""一"",""pos"":""m"",""jyutping"":""jat1""},{""word"":""次"",""pos"":""q"",""jyutping"":""ci3""},{""word"":""牙"",""pos"":""n"",""jyutping"":""ngaa4""},{""word"":""𡃉"",""pos"":""y"",""jyutping"":""gaa3""},{""word"":""唧"",""pos"":""y"",""jyutping"":""zek1""},{""word"":""."",""pos"":"""",""jyutping"":null}]"	REQUIRES_EXPERT_CONTEXT_REVIEW
aa84br-41f82ed8eebf1e58ff9d	FC-108a_v2.cha	9c80f4488c8c32be66bc3f01baadf77bb99f9e3f6b73138a4b1e18e027f5a964	38	417	4	XXB	adjacent_identical_tokens	出邊	出邊出邊	f	ADV	ceot1bin6	出邊	f	ceot1bin6	False	True	1	洗	v	VERB	sai2	6	喺	洗	喺	洗	我覺得應該喺出邊出邊洗好過.	係啊.	學校.	"{""repetitionMode"":""adjacent_identical_tokens"",""baseSurface"":""出邊"",""matchedSurface"":""出邊出邊""}"	"[{""word"":""我"",""pos"":""r"",""jyutping"":""ngo5""},{""word"":""覺得"",""pos"":""v"",""jyutping"":""gok3dak1""},{""word"":""應該"",""pos"":""vu"",""jyutping"":""jing1goi1""},{""word"":""喺"",""pos"":""p"",""jyutping"":""hai2""},{""word"":""出邊"",""pos"":""f"",""jyutping"":""ceot1bin6""},{""word"":""出邊"",""pos"":""f"",""jyutping"":""ceot1bin6""},{""word"":""洗"",""pos"":""v"",""jyutping"":""sai2""},{""word"":""好過"",""pos"":""a"",""jyutping"":""hou2gwo3""},{""word"":""."",""pos"":"""",""jyutping"":null}]"	REQUIRES_EXPERT_CONTEXT_REVIEW
aa84br-c2a463e996f105d5f827	FC-108a_v2.cha	9c80f4488c8c32be66bc3f01baadf77bb99f9e3f6b73138a4b1e18e027f5a964	38	432	4	XXA	adjacent_identical_tokens	佢	佢佢	r	PRON	keoi5	佢	r	keoi5	False	True	3	慫恿	v	VERB	sung2jung2	8	但係	又	但係	又	噉佢-但係佢佢又好慫恿我去剝喎,我都唔係好明點解啊.	一次過吖嗎.	一次過吖嗎,無後顧之憂啊哩啲叫做.	"{""repetitionMode"":""adjacent_identical_tokens"",""baseSurface"":""佢"",""matchedSurface"":""佢佢""}"	"[{""word"":""噉"",""pos"":""c"",""jyutping"":""gam2""},{""word"":""佢"",""pos"":""r"",""jyutping"":""keoi5""},{""word"":""-"",""pos"":"""",""jyutping"":null},{""word"":""但係"",""pos"":""c"",""jyutping"":""daan6hai6""},{""word"":""佢"",""pos"":""r"",""jyutping"":""keoi5""},{""word"":""佢"",""pos"":""r"",""jyutping"":""keoi5""},{""word"":""又"",""pos"":""d"",""jyutping"":""jau6""},{""word"":""好"",""pos"":""d"",""jyutping"":""hou2""},{""word"":""慫恿"",""pos"":""v"",""jyutping"":""sung2jung2""},{""word"":""我"",""pos"":""r"",""jyutping"":""ngo5""},{""word"":""去"",""pos"":""v"",""jyutping"":""heoi3""},{""word"":""剝"",""pos"":""v"",""jyutping"":""mok1""},{""word"":""喎"",""pos"":""y"",""jyutping"":""wo3""},{""word"":"","",""pos"":"""",""jyutping"":null},{""word"":""我"",""pos"":""r"",""jyutping"":""ngo5""},{""word"":""都"",""pos"":""d"",""jyutping"":""dou1""},{""word"":""唔係"",""pos"":""v"",""jyutping"":""m4hai6""},{""word"":""好"",""pos"":""d"",""jyutping"":""hou2""},{""word"":""明"",""pos"":""v"",""jyutping"":""ming4""},{""word"":""點解"",""pos"":""r"",""jyutping"":""dim2gaai2""},{""word"":""啊"",""pos"":""y"",""jyutping"":""aa3""},{""word"":""."",""pos"":"""",""jyutping"":null}]"	REQUIRES_EXPERT_CONTEXT_REVIEW
aa84br-ff4f63f7714fa9d2eb53	FC-108c_v2.cha	fbcb6cc27819deede6136fc8c59e4dd93b76655d15892095972f387d4ad2bc36	39	47	2	XXB	adjacent_identical_tokens	寫	寫寫	v	VERB	se2	寫	v	se2	False	True	4	怕	v	VERB	paa3	7	!	下	唉	下	唉!寫寫下都好怕啊而家.	好慘啊其實寫聖誕咭.	係喇我都係啊.	"{""repetitionMode"":""adjacent_identical_tokens"",""baseSurface"":""寫"",""matchedSurface"":""寫寫""}"	"[{""word"":""唉"",""pos"":""e"",""jyutping"":""aai5""},{""word"":""!"",""pos"":"""",""jyutping"":null},{""word"":""寫"",""pos"":""v"",""jyutping"":""se2""},{""word"":""寫"",""pos"":""v"",""jyutping"":""se2""},{""word"":""下"",""pos"":""u"",""jyutping"":""haa5""},{""word"":""都"",""pos"":""d"",""jyutping"":""dou1""},{""word"":""好"",""pos"":""d"",""jyutping"":""hou2""},{""word"":""怕"",""pos"":""v"",""jyutping"":""paa3""},{""word"":""啊"",""pos"":""y"",""jyutping"":""aa3""},{""word"":""而家"",""pos"":""t"",""jyutping"":""ji4gaa1""},{""word"":""."",""pos"":"""",""jyutping"":null}]"	REQUIRES_EXPERT_CONTEXT_REVIEW
aa84br-978c3a6c4d52f1d4a2a3	FC-108c_v2.cha	fbcb6cc27819deede6136fc8c59e4dd93b76655d15892095972f387d4ad2bc36	39	151	2	XXB	internally_repeated_token	年	年年	q	NOUN	nin4nin4				False	True	2	有	v1	VERB	jau5	4	你哋	都	你哋	都	以為你哋年年都有𡃉𠻹.	係啊.	唔係啊學一年𡃉咋.	"{""repetitionMode"":""internally_repeated_token"",""baseSurface"":""年"",""matchedSurface"":""年年""}"	"[{""word"":""以為"",""pos"":""v"",""jyutping"":""ji5wai4""},{""word"":""你哋"",""pos"":""r"",""jyutping"":""nei5dei6""},{""word"":""年年"",""pos"":""q"",""jyutping"":""nin4nin4""},{""word"":""都"",""pos"":""d"",""jyutping"":""dou1""},{""word"":""有"",""pos"":""v1"",""jyutping"":""jau5""},{""word"":""𡃉"",""pos"":""y"",""jyutping"":""gaa3""},{""word"":""𠻹"",""pos"":""y"",""jyutping"":""tim1""},{""word"":""."",""pos"":"""",""jyutping"":null}]"	REQUIRES_EXPERT_CONTEXT_REVIEW
aa84br-31643afb26ef88c1841c	FC-108c_v2.cha	fbcb6cc27819deede6136fc8c59e4dd93b76655d15892095972f387d4ad2bc36	39	153	7	XXB	internally_repeated_token	年	年年	q	NOUN	nin4nin4				False	True	2	有	v1	VERB	jau5	9	以為	都	以為	都	你哋讀哩啲Finance應該我以為年年都有𠸏𠻹.	唔係啊學一年𡃉咋.	讀一年𡃉咋,嘩你知唔知我哋普通話嗰個Miss呢,佢喺南京來𠺢嗎.	"{""repetitionMode"":""internally_repeated_token"",""baseSurface"":""年"",""matchedSurface"":""年年""}"	"[{""word"":""你哋"",""pos"":""r"",""jyutping"":""nei5dei6""},{""word"":""讀"",""pos"":""v"",""jyutping"":""duk6""},{""word"":""哩啲"",""pos"":""r"",""jyutping"":""ni1di1""},{""word"":""Finance"",""pos"":""xn"",""jyutping"":null},{""word"":""應該"",""pos"":""vu"",""jyutping"":""jing1goi1""},{""word"":""我"",""pos"":""r"",""jyutping"":""ngo5""},{""word"":""以為"",""pos"":""v"",""jyutping"":""ji5wai4""},{""word"":""年年"",""pos"":""q"",""jyutping"":""nin4nin4""},{""word"":""都"",""pos"":""d"",""jyutping"":""dou1""},{""word"":""有"",""pos"":""v1"",""jyutping"":""jau5""},{""word"":""𠸏"",""pos"":""y"",""jyutping"":""ge2""},{""word"":""𠻹"",""pos"":""y"",""jyutping"":""tim1""},{""word"":""."",""pos"":"""",""jyutping"":null}]"	REQUIRES_EXPERT_CONTEXT_REVIEW
aa84br-83346d9ef1dc836f8afe	FC-108c_v2.cha	fbcb6cc27819deede6136fc8c59e4dd93b76655d15892095972f387d4ad2bc36	39	176	50	XXA	internally_repeated_token	拜	拜拜	v	VERB	baai1baai3				False	True	2	Miss	xb	ADJ		52	""""	嚹	話	嚹	"我同埋呢好搞笑𡃉佢呢好似成個細路女噉𡃉,嗰次呢,幾搞笑啊,噉我哋上完普通話堂喇,噉啲同學喺度同佢玩,跟住呢-誒,噉呢啲同學話""拜拜嚹Miss."	係喇,所以幾好.	"""跟住呢有個人呢見到見到Miss喇,跟住呢嗰個人話""吓!乜嗰個係Miss來𡃉,點解咁細個𠸏個樣?"	"{""repetitionMode"":""internally_repeated_token"",""baseSurface"":""拜"",""matchedSurface"":""拜拜""}"	"[{""word"":""我"",""pos"":""r"",""jyutping"":""ngo5""},{""word"":""同埋"",""pos"":""c"",""jyutping"":""tung4maai4""},{""word"":""呢"",""pos"":""y1"",""jyutping"":""ne1""},{""word"":""好"",""pos"":""d"",""jyutping"":""hou2""},{""word"":""搞笑"",""pos"":""a"",""jyutping"":""gaau2siu3""},{""word"":""𡃉"",""pos"":""y"",""jyutping"":""gaa3""},{""word"":""佢"",""pos"":""r"",""jyutping"":""keoi5""},{""word"":""呢"",""pos"":""y1"",""jyutping"":""ne1""},{""word"":""好似"",""pos"":""v"",""jyutping"":""hou2ci5""},{""word"":""成"",""pos"":""m"",""jyutping"":""sing4""},{""word"":""個"",""pos"":""q"",""jyutping"":""go3""},{""word"":""細路女"",""pos"":""n"",""jyutping"":""sai3lou6neoi2""},{""word"":""噉"",""pos"":""r"",""jyutping"":""gam2""},{""word"":""𡃉"",""pos"":""y"",""jyutping"":""gaa3""},{""word"":"","",""pos"":"""",""jyutping"":null},{""word"":""嗰"",""pos"":""r"",""jyutping"":""go2""},{""word"":""次"",""pos"":""q"",""jyutping"":""ci3""},{""word"":""呢"",""pos"":""y1"",""jyutping"":""ne1""},{""word"":"","",""pos"":"""",""jyutping"":null},{""word"":""幾"",""pos"":""d"",""jyutping"":""gei2""},{""word"":""搞笑"",""pos"":""a"",""jyutping"":""gaau2siu3""},{""word"":""啊"",""pos"":""y"",""jyutping"":""aa3""},{""word"":"","",""pos"":"""",""jyutping"":null},{""word"":""噉"",""pos"":""c"",""jyutping"":""gam2""},{""word"":""我哋"",""pos"":""r"",""jyutping"":""ngo5dei6""},{""word"":""上"",""pos"":""v"",""jyutping"":""soeng6""},{""word"":""完"",""pos"":""u"",""jyutping"":""jyun4""},{""word"":""普通話"",""pos"":""n"",""jyutping"":""pou2tung1waa2""},{""word"":""堂"",""pos"":""n"",""jyutping"":""tong4""},{""word"":""喇"",""pos"":""y"",""jyutping"":""laa1""},{""word"":"","",""pos"":"""",""jyutping"":null},{""word"":""噉"",""pos"":""c"",""jyutping"":""gam2""},{""word"":""啲"",""pos"":""q"",""jyutping"":""di1""},{""word"":""同學"",""pos"":""n"",""jyutping"":""tung4hok6""},{""word"":""喺度"",""pos"":""d"",""jyutping"":""hai2dou6""},{""word"":""同"",""pos"":""p"",""jyutping"":""tung4""},{""word"":""佢"",""pos"":""r"",""jyutping"":""keoi5""},{""word"":""玩"",""pos"":""v"",""jyutping"":""waan2""},{""word"":"","",""pos"":"""",""jyutping"":null},{""word"":""跟住"",""pos"":""c"",""jyutping"":""gan1zyu6""},{""word"":""呢"",""pos"":""y1"",""jyutping"":""ne1""},{""word"":""-"",""pos"":"""",""jyutping"":null},{""word"":""誒"",""pos"":""e"",""jyutping"":""e6""},{""word"":"","",""pos"":"""",""jyutping"":null},{""word"":""噉"",""pos"":""c"",""jyutping"":""gam2""},{""word"":""呢"",""pos"":""y1"",""jyutping"":""ne1""},{""word"":""啲"",""pos"":""q"",""jyutping"":""di1""},{""word"":""同學"",""pos"":""n"",""jyutping"":""tung4hok6""},{""word"":""話"",""pos"":""v"",""jyutping"":""waa6""},{""word"":""\"""",""pos"":"""",""jyutping"":null},{""word"":""拜拜"",""pos"":""v"",""jyutping"":""baai1baai3""},{""word"":""嚹"",""pos"":""y1"",""jyutping"":""laa3""},{""word"":""Miss"",""pos"":""xb"",""jyutping"":null},{""word"":""."",""pos"":"""",""jyutping"":null}]"	REQUIRES_EXPERT_CONTEXT_REVIEW
aa84br-b05c927933c5504e1d5a	FC-108c_v2.cha	fbcb6cc27819deede6136fc8c59e4dd93b76655d15892095972f387d4ad2bc36	39	250	0	XXA	adjacent_identical_tokens	唔係	唔係唔係	v	VERB	m4hai6	唔係	v	m4hai6	True	True	3	覺得	v	VERB	gok3dak1	5	<UTTERANCE_START>	,	<UTTERANCE_START>	但係	唔係唔係,但係我覺得呢如果半個sem即係半個sem考一次,冇咁辛苦喎.	你係唔係好認同啊你而家?	你唔使堆埋啲嘢,有時你真係堆埋啲嘢呢,你唔願做嗰陣時呢,你堆到成年呢,嘩!你做-最後嗰陣時真係辛苦死啊.	"{""repetitionMode"":""adjacent_identical_tokens"",""baseSurface"":""唔係"",""matchedSurface"":""唔係唔係""}"	"[{""word"":""唔係"",""pos"":""v"",""jyutping"":""m4hai6""},{""word"":""唔係"",""pos"":""v"",""jyutping"":""m4hai6""},{""word"":"","",""pos"":"""",""jyutping"":null},{""word"":""但係"",""pos"":""c"",""jyutping"":""daan6hai6""},{""word"":""我"",""pos"":""r"",""jyutping"":""ngo5""},{""word"":""覺得"",""pos"":""v"",""jyutping"":""gok3dak1""},{""word"":""呢"",""pos"":""y1"",""jyutping"":""ne1""},{""word"":""如果"",""pos"":""c"",""jyutping"":""jyu4gwo2""},{""word"":""半"",""pos"":""m"",""jyutping"":""bun3""},{""word"":""個"",""pos"":""q"",""jyutping"":""go3""},{""word"":""sem"",""pos"":""xn"",""jyutping"":null},{""word"":""即係"",""pos"":""c"",""jyutping"":""zik1hai6""},{""word"":""半"",""pos"":""m"",""jyutping"":""bun3""},{""word"":""個"",""pos"":""q"",""jyutping"":""go3""},{""word"":""sem"",""pos"":""xn"",""jyutping"":null},{""word"":""考"",""pos"":""v"",""jyutping"":""haau2""},{""word"":""一"",""pos"":""m"",""jyutping"":""jat1""},{""word"":""次"",""pos"":""q"",""jyutping"":""ci3""},{""word"":"","",""pos"":"""",""jyutping"":null},{""word"":""冇"",""pos"":""v1"",""jyutping"":""mou5""},{""word"":""咁"",""pos"":""d"",""jyutping"":""gam3""},{""word"":""辛苦"",""pos"":""a"",""jyutping"":""san1fu2""},{""word"":""喎"",""pos"":""y"",""jyutping"":""wo3""},{""word"":""."",""pos"":"""",""jyutping"":null}]"	REQUIRES_EXPERT_CONTEXT_REVIEW
aa84br-4bd04ea33abb7d51c96a	FC-108c_v2.cha	fbcb6cc27819deede6136fc8c59e4dd93b76655d15892095972f387d4ad2bc36	39	263	0	XXA	adjacent_identical_tokens	嗯	嗯嗯	e	INTJ	m6	嗯	e	m6	True	True	3	係	v	VERB	hai6	5	<UTTERANCE_START>	,	<UTTERANCE_START>	我	嗯嗯,我都係喇.	玩埋哩幾日咋,我諗都係.	係喇,咦,今日我收到一個電話.	"{""repetitionMode"":""adjacent_identical_tokens"",""baseSurface"":""嗯"",""matchedSurface"":""嗯嗯""}"	"[{""word"":""嗯"",""pos"":""e"",""jyutping"":""m6""},{""word"":""嗯"",""pos"":""e"",""jyutping"":""m6""},{""word"":"","",""pos"":"""",""jyutping"":null},{""word"":""我"",""pos"":""r"",""jyutping"":""ngo5""},{""word"":""都"",""pos"":""d"",""jyutping"":""dou1""},{""word"":""係"",""pos"":""v"",""jyutping"":""hai6""},{""word"":""喇"",""pos"":""y"",""jyutping"":""laa1""},{""word"":""."",""pos"":"""",""jyutping"":null}]"	REQUIRES_EXPERT_CONTEXT_REVIEW
aa84br-0bab6a1c370dc2bd3417	FC-108c_v2.cha	fbcb6cc27819deede6136fc8c59e4dd93b76655d15892095972f387d4ad2bc36	39	295	12	XXA	internally_repeated_token	慢	慢慢	a	ADJ	maan6maan2				False	True	1	來	v	VERB	lai4	13	噉	來	噉	來	你去到人哋嗰度呢,你會好自由自在噉慢慢來𡃉乜都.	係喇,真係好煩啊有時呢啲嘢呢你做-做乜嘢呢,譬如呢,行步路真係快過人𡃉真係.	係啊,如果喺條街呢慢慢行呢啲人又係噉行呢,會覺得自己好怪囖,行得咁慢.	"{""repetitionMode"":""internally_repeated_token"",""baseSurface"":""慢"",""matchedSurface"":""慢慢""}"	"[{""word"":""你"",""pos"":""r"",""jyutping"":""nei5""},{""word"":""去"",""pos"":""v"",""jyutping"":""heoi3""},{""word"":""到"",""pos"":""u"",""jyutping"":""dou3""},{""word"":""人哋"",""pos"":""r"",""jyutping"":""jan4dei6""},{""word"":""嗰度"",""pos"":""r"",""jyutping"":""go2dou6""},{""word"":""呢"",""pos"":""y1"",""jyutping"":""ne1""},{""word"":"","",""pos"":"""",""jyutping"":null},{""word"":""你"",""pos"":""r"",""jyutping"":""nei5""},{""word"":""會"",""pos"":""vu"",""jyutping"":""wui5""},{""word"":""好"",""pos"":""d"",""jyutping"":""hou2""},{""word"":""自由自在"",""pos"":""a"",""jyutping"":""zi6jau4zi6zoi6""},{""word"":""噉"",""pos"":""r"",""jyutping"":""gam2""},{""word"":""慢慢"",""pos"":""a"",""jyutping"":""maan6maan2""},{""word"":""來"",""pos"":""v"",""jyutping"":""lai4""},{""word"":""𡃉"",""pos"":""y"",""jyutping"":""gaa3""},{""word"":""乜"",""pos"":""r"",""jyutping"":""mat1""},{""word"":""都"",""pos"":""d"",""jyutping"":""dou1""},{""word"":""."",""pos"":"""",""jyutping"":null}]"	REQUIRES_EXPERT_CONTEXT_REVIEW
aa84br-8dc9389d196feaa88861	FC-108c_v2.cha	fbcb6cc27819deede6136fc8c59e4dd93b76655d15892095972f387d4ad2bc36	39	296	8	XXB	internally_repeated_token	慢	慢慢	a	ADJ	maan6maan2				False	True	1	行	v	VERB	haang4	9	呢	行	呢	行	係啊,如果喺條街呢慢慢行呢啲人又係噉行呢,會覺得自己好怪囖,行得咁慢.	你去到人哋嗰度呢,你會好自由自在噉慢慢來𡃉乜都.	係囖,可能係香港啲人真係實在太急嘞做嘢,好舒服囖.	"{""repetitionMode"":""internally_repeated_token"",""baseSurface"":""慢"",""matchedSurface"":""慢慢""}"	"[{""word"":""係"",""pos"":""v"",""jyutping"":""hai6""},{""word"":""啊"",""pos"":""y"",""jyutping"":""aa3""},{""word"":"","",""pos"":"""",""jyutping"":null},{""word"":""如果"",""pos"":""c"",""jyutping"":""jyu4gwo2""},{""word"":""喺"",""pos"":""p"",""jyutping"":""hai2""},{""word"":""條"",""pos"":""q"",""jyutping"":""tiu4""},{""word"":""街"",""pos"":""n"",""jyutping"":""gaai1""},{""word"":""呢"",""pos"":""y1"",""jyutping"":""ne1""},{""word"":""慢慢"",""pos"":""a"",""jyutping"":""maan6maan2""},{""word"":""行"",""pos"":""v"",""jyutping"":""haang4""},{""word"":""呢"",""pos"":""y1"",""jyutping"":""ne1""},{""word"":""啲"",""pos"":""q"",""jyutping"":""di1""},{""word"":""人"",""pos"":""n"",""jyutping"":""jan4""},{""word"":""又"",""pos"":""d"",""jyutping"":""jau6""},{""word"":""係"",""pos"":""v"",""jyutping"":""hai6""},{""word"":""噉"",""pos"":""r"",""jyutping"":""gam2""},{""word"":""行"",""pos"":""v"",""jyutping"":""haang4""},{""word"":""呢"",""pos"":""y1"",""jyutping"":""ne1""},{""word"":"","",""pos"":"""",""jyutping"":null},{""word"":""會"",""pos"":""vu"",""jyutping"":""wui5""},{""word"":""覺得"",""pos"":""v"",""jyutping"":""gok3dak1""},{""word"":""自己"",""pos"":""r"",""jyutping"":""zi6gei2""},{""word"":""好"",""pos"":""d"",""jyutping"":""hou2""},{""word"":""怪"",""pos"":""a"",""jyutping"":""gwaai3""},{""word"":""囖"",""pos"":""y"",""jyutping"":""lo1""},{""word"":"","",""pos"":"""",""jyutping"":null},{""word"":""行"",""pos"":""v"",""jyutping"":""haang4""},{""word"":""得"",""pos"":""u"",""jyutping"":""dak1""},{""word"":""咁"",""pos"":""d"",""jyutping"":""gam3""},{""word"":""慢"",""pos"":""a"",""jyutping"":""maan6""},{""word"":""."",""pos"":"""",""jyutping"":null}]"	REQUIRES_EXPERT_CONTEXT_REVIEW
aa84br-3bf823ea21b1bbe89306	FC-108c_v2.cha	fbcb6cc27819deede6136fc8c59e4dd93b76655d15892095972f387d4ad2bc36	39	317	0	XXA	adjacent_identical_tokens	嗯	嗯嗯	e	INTJ	m6	嗯	e	m6	True	True	2	揾工	v	VERB	wan2gung1	4	<UTTERANCE_START>	,	<UTTERANCE_START>	不過	嗯嗯,不過揾工都係緊要啲𠸏.	又驚嘥好多錢喎.	噉𠻺係.	"{""repetitionMode"":""adjacent_identical_tokens"",""baseSurface"":""嗯"",""matchedSurface"":""嗯嗯""}"	"[{""word"":""嗯"",""pos"":""e"",""jyutping"":""m6""},{""word"":""嗯"",""pos"":""e"",""jyutping"":""m6""},{""word"":"","",""pos"":"""",""jyutping"":null},{""word"":""不過"",""pos"":""c"",""jyutping"":""bat1gwo3""},{""word"":""揾工"",""pos"":""v"",""jyutping"":""wan2gung1""},{""word"":""都"",""pos"":""d"",""jyutping"":""dou1""},{""word"":""係"",""pos"":""v"",""jyutping"":""hai6""},{""word"":""緊要"",""pos"":""a"",""jyutping"":""gan2jiu3""},{""word"":""啲"",""pos"":""u"",""jyutping"":""di1""},{""word"":""𠸏"",""pos"":""y"",""jyutping"":""ge2""},{""word"":""."",""pos"":"""",""jyutping"":null}]"	REQUIRES_EXPERT_CONTEXT_REVIEW
aa84br-0318ddd01aa2f754bfa3	FC-108c_v2.cha	fbcb6cc27819deede6136fc8c59e4dd93b76655d15892095972f387d4ad2bc36	39	338	15	XXA	adjacent_identical_tokens	好	好好	d	ADV	hou2	好	d	hou2	False	True	1	叻	a	ADJ	lek1	17	係	叻	係	叻	噉呢佢就佢嗰種感-俾我種感覺呢係好好叻𡃉,即係好-好有leadership𡃉.	嗯.	有樣睇𡃉哩啲有時我都覺得.	"{""repetitionMode"":""adjacent_identical_tokens"",""baseSurface"":""好"",""matchedSurface"":""好好""}"	"[{""word"":""噉"",""pos"":""r"",""jyutping"":""gam2""},{""word"":""呢"",""pos"":""y1"",""jyutping"":""ne1""},{""word"":""佢"",""pos"":""r"",""jyutping"":""keoi5""},{""word"":""就"",""pos"":""d"",""jyutping"":""zau6""},{""word"":""佢"",""pos"":""r"",""jyutping"":""keoi5""},{""word"":""嗰"",""pos"":""r"",""jyutping"":""go2""},{""word"":""種"",""pos"":""q"",""jyutping"":""zung2""},{""word"":""感"",""pos"":""n"",""jyutping"":""gam2""},{""word"":""-"",""pos"":"""",""jyutping"":null},{""word"":""俾"",""pos"":""v"",""jyutping"":""bei2""},{""word"":""我"",""pos"":""r"",""jyutping"":""ngo5""},{""word"":""種"",""pos"":""q"",""jyutping"":""zung2""},{""word"":""感覺"",""pos"":""n"",""jyutping"":""gam2gok3""},{""word"":""呢"",""pos"":""y1"",""jyutping"":""ne1""},{""word"":""係"",""pos"":""v"",""jyutping"":""hai6""},{""word"":""好"",""pos"":""d"",""jyutping"":""hou2""},{""word"":""好"",""pos"":""d"",""jyutping"":""hou2""},{""word"":""叻"",""pos"":""a"",""jyutping"":""lek1""},{""word"":""𡃉"",""pos"":""y"",""jyutping"":""gaa3""},{""word"":"","",""pos"":"""",""jyutping"":null},{""word"":""即係"",""pos"":""c"",""jyutping"":""zik1hai6""},{""word"":""好"",""pos"":""d"",""jyutping"":""hou2""},{""word"":""-"",""pos"":"""",""jyutping"":null},{""word"":""好"",""pos"":""d"",""jyutping"":""hou2""},{""word"":""有"",""pos"":""v1"",""jyutping"":""jau5""},{""word"":""leadership"",""pos"":""xn"",""jyutping"":null},{""word"":""𡃉"",""pos"":""y"",""jyutping"":""gaa3""},{""word"":""."",""pos"":"""",""jyutping"":null}]"	REQUIRES_EXPERT_CONTEXT_REVIEW
aa84br-119e34d0e5f16c196c40	FC-108c_v2.cha	fbcb6cc27819deede6136fc8c59e4dd93b76655d15892095972f387d4ad2bc36	39	342	69	XXA	adjacent_identical_tokens	玩	玩玩	v	VERB	waan2	玩	v	waan2	False	True	2	玩	v	VERB	waan2	72	噉	下	噉	下	噉跟住我都覺得係𠸏,同埋我覺得,誒,即係有時會學到真係而家真係唔好再好似-自己呢好似成個細路女噉囖做嘢,要,誒,即係俾啲係-即係俾人哋感覺你做嘢係認真,開始,誒,係大個嚹,唔係重細路女噉玩玩下玩玩下噉,噉先好囖我覺得.	嗯.	噉𠻺係.	"{""repetitionMode"":""adjacent_identical_tokens"",""baseSurface"":""玩"",""matchedSurface"":""玩玩""}"	"[{""word"":""噉"",""pos"":""c"",""jyutping"":""gam2""},{""word"":""跟住"",""pos"":""c"",""jyutping"":""gan1zyu6""},{""word"":""我"",""pos"":""r"",""jyutping"":""ngo5""},{""word"":""都"",""pos"":""d"",""jyutping"":""dou1""},{""word"":""覺得"",""pos"":""v"",""jyutping"":""gok3dak1""},{""word"":""係"",""pos"":""v"",""jyutping"":""hai6""},{""word"":""𠸏"",""pos"":""y"",""jyutping"":""ge2""},{""word"":"","",""pos"":"""",""jyutping"":null},{""word"":""同埋"",""pos"":""c"",""jyutping"":""tung4maai4""},{""word"":""我"",""pos"":""r"",""jyutping"":""ngo5""},{""word"":""覺得"",""pos"":""v"",""jyutping"":""gok3dak1""},{""word"":"","",""pos"":"""",""jyutping"":null},{""word"":""誒"",""pos"":""e"",""jyutping"":""e6""},{""word"":"","",""pos"":"""",""jyutping"":null},{""word"":""即係"",""pos"":""c"",""jyutping"":""zik1hai6""},{""word"":""有時"",""pos"":""d"",""jyutping"":""jau5si4""},{""word"":""會"",""pos"":""vu"",""jyutping"":""wui5""},{""word"":""學"",""pos"":""v"",""jyutping"":""hok6""},{""word"":""到"",""pos"":""u"",""jyutping"":""dou2""},{""word"":""真係"",""pos"":""d"",""jyutping"":""zan1hai6""},{""word"":""而家"",""pos"":""t"",""jyutping"":""ji4gaa1""},{""word"":""真係"",""pos"":""d"",""jyutping"":""zan1hai6""},{""word"":""唔"",""pos"":""d"",""jyutping"":""m4""},{""word"":""好"",""pos"":""a"",""jyutping"":""hou2""},{""word"":""再"",""pos"":""d"",""jyutping"":""zoi3""},{""word"":""好似"",""pos"":""v"",""jyutping"":""hou2ci5""},{""word"":""-"",""pos"":"""",""jyutping"":null},{""word"":""自己"",""pos"":""r"",""jyutping"":""zi6gei2""},{""word"":""呢"",""pos"":""y1"",""jyutping"":""ne1""},{""word"":""好似"",""pos"":""v"",""jyutping"":""hou2ci5""},{""word"":""成"",""pos"":""m"",""jyutping"":""sing4""},{""word"":""個"",""pos"":""q"",""jyutping"":""go3""},{""word"":""細路女"",""pos"":""n"",""jyutping"":""sai3lou6neoi2""},{""word"":""噉"",""pos"":""r"",""jyutping"":""gam2""},{""word"":""囖"",""pos"":""y"",""jyutping"":""lo1""},{""word"":""做"",""pos"":""v"",""jyutping"":""zou6""},{""word"":""嘢"",""pos"":""n"",""jyutping"":""je5""},{""word"":"","",""pos"":"""",""jyutping"":null},{""word"":""要"",""pos"":""vu"",""jyutping"":""jiu3""},{""word"":"","",""pos"":"""",""jyutping"":null},{""word"":""誒"",""pos"":""e"",""jyutping"":""e6""},{""word"":"","",""pos"":"""",""jyutping"":null},{""word"":""即係"",""pos"":""c"",""jyutping"":""zik1hai6""},{""word"":""俾"",""pos"":""v"",""jyutping"":""bei2""},{""word"":""啲"",""pos"":""u"",""jyutping"":""di1""},{""word"":""係"",""pos"":""v"",""jyutping"":""hai6""},{""word"":""-"",""pos"":"""",""jyutping"":null},{""word"":""即係"",""pos"":""c"",""jyutping"":""zik1hai6""},{""word"":""俾"",""pos"":""v"",""jyutping"":""bei2""},{""word"":""人哋"",""pos"":""r"",""jyutping"":""jan4dei6""},{""word"":""感覺"",""pos"":""v"",""jyutping"":""gam2gok3""},{""word"":""你"",""pos"":""r"",""jyutping"":""nei5""},{""word"":""做"",""pos"":""v"",""jyutping"":""zou6""},{""word"":""嘢"",""pos"":""n"",""jyutping"":""je5""},{""word"":""係"",""pos"":""v"",""jyutping"":""hai6""},{""word"":""認真"",""pos"":""a"",""jyutping"":""jing6zan1""},{""word"":"","",""pos"":"""",""jyutping"":null},{""word"":""開始"",""pos"":""v"",""jyutping"":""hoi1ci2""},{""word"":"","",""pos"":"""",""jyutping"":null},{""word"":""誒"",""pos"":""e"",""jyutping"":""e6""},{""word"":"","",""pos"":"""",""jyutping"":null},{""word"":""係"",""pos"":""v"",""jyutping"":""hai6""},{""word"":""大個"",""pos"":""a"",""jyutping"":""daai6go3""},{""word"":""嚹"",""pos"":""y"",""jyutping"":""laa3""},{""word"":"","",""pos"":"""",""jyutping"":null},{""word"":""唔係"",""pos"":""v"",""jyutping"":""m4hai6""},{""word"":""重"",""pos"":""d"",""jyutping"":""zung6""},{""word"":""細路女"",""pos"":""n"",""jyutping"":""sai3lou6neoi2""},{""word"":""噉"",""pos"":""r"",""jyutping"":""gam2""},{""word"":""玩"",""pos"":""v"",""jyutping"":""waan2""},{""word"":""玩"",""pos"":""v"",""jyutping"":""waan2""},{""word"":""下"",""pos"":""u"",""jyutping"":""haa5""},{""word"":""玩"",""pos"":""v"",""jyutping"":""waan2""},{""word"":""玩"",""pos"":""v"",""jyutping"":""waan2""},{""word"":""下"",""pos"":""u"",""jyutping"":""haa5""},{""word"":""噉"",""pos"":""r"",""jyutping"":""gam2""},{""word"":"","",""pos"":"""",""jyutping"":null},{""word"":""噉"",""pos"":""r"",""jyutping"":""gam2""},{""word"":""先"",""pos"":""d"",""jyutping"":""sin1""},{""word"":""好"",""pos"":""a"",""jyutping"":""hou2""},{""word"":""囖"",""pos"":""y"",""jyutping"":""lo1""},{""word"":""我"",""pos"":""r"",""jyutping"":""ngo5""},{""word"":""覺得"",""pos"":""v"",""jyutping"":""gok3dak1""},{""word"":""."",""pos"":"""",""jyutping"":null}]"	REQUIRES_EXPERT_CONTEXT_REVIEW
aa84br-c63762bb4a4fc3e60a35	FC-108c_v2.cha	fbcb6cc27819deede6136fc8c59e4dd93b76655d15892095972f387d4ad2bc36	39	342	72	XXA	adjacent_identical_tokens	玩	玩玩	v	VERB	waan2	玩	v	waan2	False	True	5	好	a	ADJ	hou2	79	下	下	下	下	噉跟住我都覺得係𠸏,同埋我覺得,誒,即係有時會學到真係而家真係唔好再好似-自己呢好似成個細路女噉囖做嘢,要,誒,即係俾啲係-即係俾人哋感覺你做嘢係認真,開始,誒,係大個嚹,唔係重細路女噉玩玩下玩玩下噉,噉先好囖我覺得.	嗯.	噉𠻺係.	"{""repetitionMode"":""adjacent_identical_tokens"",""baseSurface"":""玩"",""matchedSurface"":""玩玩""}"	"[{""word"":""噉"",""pos"":""c"",""jyutping"":""gam2""},{""word"":""跟住"",""pos"":""c"",""jyutping"":""gan1zyu6""},{""word"":""我"",""pos"":""r"",""jyutping"":""ngo5""},{""word"":""都"",""pos"":""d"",""jyutping"":""dou1""},{""word"":""覺得"",""pos"":""v"",""jyutping"":""gok3dak1""},{""word"":""係"",""pos"":""v"",""jyutping"":""hai6""},{""word"":""𠸏"",""pos"":""y"",""jyutping"":""ge2""},{""word"":"","",""pos"":"""",""jyutping"":null},{""word"":""同埋"",""pos"":""c"",""jyutping"":""tung4maai4""},{""word"":""我"",""pos"":""r"",""jyutping"":""ngo5""},{""word"":""覺得"",""pos"":""v"",""jyutping"":""gok3dak1""},{""word"":"","",""pos"":"""",""jyutping"":null},{""word"":""誒"",""pos"":""e"",""jyutping"":""e6""},{""word"":"","",""pos"":"""",""jyutping"":null},{""word"":""即係"",""pos"":""c"",""jyutping"":""zik1hai6""},{""word"":""有時"",""pos"":""d"",""jyutping"":""jau5si4""},{""word"":""會"",""pos"":""vu"",""jyutping"":""wui5""},{""word"":""學"",""pos"":""v"",""jyutping"":""hok6""},{""word"":""到"",""pos"":""u"",""jyutping"":""dou2""},{""word"":""真係"",""pos"":""d"",""jyutping"":""zan1hai6""},{""word"":""而家"",""pos"":""t"",""jyutping"":""ji4gaa1""},{""word"":""真係"",""pos"":""d"",""jyutping"":""zan1hai6""},{""word"":""唔"",""pos"":""d"",""jyutping"":""m4""},{""word"":""好"",""pos"":""a"",""jyutping"":""hou2""},{""word"":""再"",""pos"":""d"",""jyutping"":""zoi3""},{""word"":""好似"",""pos"":""v"",""jyutping"":""hou2ci5""},{""word"":""-"",""pos"":"""",""jyutping"":null},{""word"":""自己"",""pos"":""r"",""jyutping"":""zi6gei2""},{""word"":""呢"",""pos"":""y1"",""jyutping"":""ne1""},{""word"":""好似"",""pos"":""v"",""jyutping"":""hou2ci5""},{""word"":""成"",""pos"":""m"",""jyutping"":""sing4""},{""word"":""個"",""pos"":""q"",""jyutping"":""go3""},{""word"":""細路女"",""pos"":""n"",""jyutping"":""sai3lou6neoi2""},{""word"":""噉"",""pos"":""r"",""jyutping"":""gam2""},{""word"":""囖"",""pos"":""y"",""jyutping"":""lo1""},{""word"":""做"",""pos"":""v"",""jyutping"":""zou6""},{""word"":""嘢"",""pos"":""n"",""jyutping"":""je5""},{""word"":"","",""pos"":"""",""jyutping"":null},{""word"":""要"",""pos"":""vu"",""jyutping"":""jiu3""},{""word"":"","",""pos"":"""",""jyutping"":null},{""word"":""誒"",""pos"":""e"",""jyutping"":""e6""},{""word"":"","",""pos"":"""",""jyutping"":null},{""word"":""即係"",""pos"":""c"",""jyutping"":""zik1hai6""},{""word"":""俾"",""pos"":""v"",""jyutping"":""bei2""},{""word"":""啲"",""pos"":""u"",""jyutping"":""di1""},{""word"":""係"",""pos"":""v"",""jyutping"":""hai6""},{""word"":""-"",""pos"":"""",""jyutping"":null},{""word"":""即係"",""pos"":""c"",""jyutping"":""zik1hai6""},{""word"":""俾"",""pos"":""v"",""jyutping"":""bei2""},{""word"":""人哋"",""pos"":""r"",""jyutping"":""jan4dei6""},{""word"":""感覺"",""pos"":""v"",""jyutping"":""gam2gok3""},{""word"":""你"",""pos"":""r"",""jyutping"":""nei5""},{""word"":""做"",""pos"":""v"",""jyutping"":""zou6""},{""word"":""嘢"",""pos"":""n"",""jyutping"":""je5""},{""word"":""係"",""pos"":""v"",""jyutping"":""hai6""},{""word"":""認真"",""pos"":""a"",""jyutping"":""jing6zan1""},{""word"":"","",""pos"":"""",""jyutping"":null},{""word"":""開始"",""pos"":""v"",""jyutping"":""hoi1ci2""},{""word"":"","",""pos"":"""",""jyutping"":null},{""word"":""誒"",""pos"":""e"",""jyutping"":""e6""},{""word"":"","",""pos"":"""",""jyutping"":null},{""word"":""係"",""pos"":""v"",""jyutping"":""hai6""},{""word"":""大個"",""pos"":""a"",""jyutping"":""daai6go3""},{""word"":""嚹"",""pos"":""y"",""jyutping"":""laa3""},{""word"":"","",""pos"":"""",""jyutping"":null},{""word"":""唔係"",""pos"":""v"",""jyutping"":""m4hai6""},{""word"":""重"",""pos"":""d"",""jyutping"":""zung6""},{""word"":""細路女"",""pos"":""n"",""jyutping"":""sai3lou6neoi2""},{""word"":""噉"",""pos"":""r"",""jyutping"":""gam2""},{""word"":""玩"",""pos"":""v"",""jyutping"":""waan2""},{""word"":""玩"",""pos"":""v"",""jyutping"":""waan2""},{""word"":""下"",""pos"":""u"",""jyutping"":""haa5""},{""word"":""玩"",""pos"":""v"",""jyutping"":""waan2""},{""word"":""玩"",""pos"":""v"",""jyutping"":""waan2""},{""word"":""下"",""pos"":""u"",""jyutping"":""haa5""},{""word"":""噉"",""pos"":""r"",""jyutping"":""gam2""},{""word"":"","",""pos"":"""",""jyutping"":null},{""word"":""噉"",""pos"":""r"",""jyutping"":""gam2""},{""word"":""先"",""pos"":""d"",""jyutping"":""sin1""},{""word"":""好"",""pos"":""a"",""jyutping"":""hou2""},{""word"":""囖"",""pos"":""y"",""jyutping"":""lo1""},{""word"":""我"",""pos"":""r"",""jyutping"":""ngo5""},{""word"":""覺得"",""pos"":""v"",""jyutping"":""gok3dak1""},{""word"":""."",""pos"":"""",""jyutping"":null}]"	REQUIRES_EXPERT_CONTEXT_REVIEW
aa84br-44bd221f8248aac15c71	FC-108c_v2.cha	fbcb6cc27819deede6136fc8c59e4dd93b76655d15892095972f387d4ad2bc36	39	376	12	XXB	internally_repeated_token	個	個個	q	NOUN	go3go3				False	True	2	話	v	VERB	waa6	14	,	都	喎	都	嘩!但係嗰次試都好似幾深喎,個個都話深啊真係.	唔知幾時知啊我都,佢好似係個別個-嗰啲post嗰啲呢就會-如果你OK呢,佢就會即係揾你interview噉樣囖.	嗯嗯.	"{""repetitionMode"":""internally_repeated_token"",""baseSurface"":""個"",""matchedSurface"":""個個""}"	"[{""word"":""嘩"",""pos"":""e"",""jyutping"":""waa3""},{""word"":""!"",""pos"":"""",""jyutping"":null},{""word"":""但係"",""pos"":""c"",""jyutping"":""daan6hai6""},{""word"":""嗰"",""pos"":""r"",""jyutping"":""go2""},{""word"":""次"",""pos"":""q"",""jyutping"":""ci3""},{""word"":""試"",""pos"":""n"",""jyutping"":""si5""},{""word"":""都"",""pos"":""d"",""jyutping"":""dou1""},{""word"":""好似"",""pos"":""v"",""jyutping"":""hou2ci5""},{""word"":""幾"",""pos"":""d"",""jyutping"":""gei2""},{""word"":""深"",""pos"":""a"",""jyutping"":""sam1""},{""word"":""喎"",""pos"":""y"",""jyutping"":""wo3""},{""word"":"","",""pos"":"""",""jyutping"":null},{""word"":""個個"",""pos"":""q"",""jyutping"":""go3go3""},{""word"":""都"",""pos"":""d"",""jyutping"":""dou1""},{""word"":""話"",""pos"":""v"",""jyutping"":""waa6""},{""word"":""深"",""pos"":""a"",""jyutping"":""sam1""},{""word"":""啊"",""pos"":""y"",""jyutping"":""aa3""},{""word"":""真係"",""pos"":""d"",""jyutping"":""zan1hai6""},{""word"":""."",""pos"":"""",""jyutping"":null}]"	REQUIRES_EXPERT_CONTEXT_REVIEW
aa84br-3598b6218cd541e48d79	FC-108c_v2.cha	fbcb6cc27819deede6136fc8c59e4dd93b76655d15892095972f387d4ad2bc36	39	392	0	XXB	internally_repeated_token	樣	樣樣	q	NOUN	joeng6joeng6				True	True	2	話	v	VERB	waa6	2	<UTTERANCE_START>	都	<UTTERANCE_START>	都	"樣樣都話唔得,噉咪即係唔使考,唔使見嚹,份份工都話""唉都唔會到我喇."	係囖.	"""噉份份都唔使做啊."	"{""repetitionMode"":""internally_repeated_token"",""baseSurface"":""樣"",""matchedSurface"":""樣樣""}"	"[{""word"":""樣樣"",""pos"":""q"",""jyutping"":""joeng6joeng6""},{""word"":""都"",""pos"":""d"",""jyutping"":""dou1""},{""word"":""話"",""pos"":""v"",""jyutping"":""waa6""},{""word"":""唔"",""pos"":""d"",""jyutping"":""m4""},{""word"":""得"",""pos"":""v"",""jyutping"":""dak1""},{""word"":"","",""pos"":"""",""jyutping"":null},{""word"":""噉"",""pos"":""c"",""jyutping"":""gam2""},{""word"":""咪"",""pos"":""d"",""jyutping"":""mai6""},{""word"":""即係"",""pos"":""d"",""jyutping"":""zik1hai6""},{""word"":""唔使"",""pos"":""vu"",""jyutping"":""m4sai2""},{""word"":""考"",""pos"":""v"",""jyutping"":""haau2""},{""word"":"","",""pos"":"""",""jyutping"":null},{""word"":""唔使"",""pos"":""vu"",""jyutping"":""m4sai2""},{""word"":""見"",""pos"":""v"",""jyutping"":""gin3""},{""word"":""嚹"",""pos"":""y"",""jyutping"":""laa3""},{""word"":"","",""pos"":"""",""jyutping"":null},{""word"":""份份"",""pos"":""q"",""jyutping"":""fan6fan6""},{""word"":""工"",""pos"":""n"",""jyutping"":""gung1""},{""word"":""都"",""pos"":""d"",""jyutping"":""dou1""},{""word"":""話"",""pos"":""v"",""jyutping"":""waa6""},{""word"":""\"""",""pos"":"""",""jyutping"":null},{""word"":""唉"",""pos"":""e"",""jyutping"":""aai5""},{""word"":""都"",""pos"":""d"",""jyutping"":""dou1""},{""word"":""唔"",""pos"":""d"",""jyutping"":""m4""},{""word"":""會"",""pos"":""vu"",""jyutping"":""wui5""},{""word"":""到"",""pos"":""v"",""jyutping"":""dou3""},{""word"":""我"",""pos"":""r"",""jyutping"":""ngo5""},{""word"":""喇"",""pos"":""y"",""jyutping"":""laa1""},{""word"":""."",""pos"":"""",""jyutping"":null}]"	REQUIRES_EXPERT_CONTEXT_REVIEW
aa84br-b33845dce56e4fa67e0e	FC-108c_v2.cha	fbcb6cc27819deede6136fc8c59e4dd93b76655d15892095972f387d4ad2bc36	39	392	16	XXB	internally_repeated_token	份	份份	q	NOUN	fan6fan6				False	True	3	話	v	VERB	waa6	19	,	工	嚹	工	"樣樣都話唔得,噉咪即係唔使考,唔使見嚹,份份工都話""唉都唔會到我喇."	係囖.	"""噉份份都唔使做啊."	"{""repetitionMode"":""internally_repeated_token"",""baseSurface"":""份"",""matchedSurface"":""份份""}"	"[{""word"":""樣樣"",""pos"":""q"",""jyutping"":""joeng6joeng6""},{""word"":""都"",""pos"":""d"",""jyutping"":""dou1""},{""word"":""話"",""pos"":""v"",""jyutping"":""waa6""},{""word"":""唔"",""pos"":""d"",""jyutping"":""m4""},{""word"":""得"",""pos"":""v"",""jyutping"":""dak1""},{""word"":"","",""pos"":"""",""jyutping"":null},{""word"":""噉"",""pos"":""c"",""jyutping"":""gam2""},{""word"":""咪"",""pos"":""d"",""jyutping"":""mai6""},{""word"":""即係"",""pos"":""d"",""jyutping"":""zik1hai6""},{""word"":""唔使"",""pos"":""vu"",""jyutping"":""m4sai2""},{""word"":""考"",""pos"":""v"",""jyutping"":""haau2""},{""word"":"","",""pos"":"""",""jyutping"":null},{""word"":""唔使"",""pos"":""vu"",""jyutping"":""m4sai2""},{""word"":""見"",""pos"":""v"",""jyutping"":""gin3""},{""word"":""嚹"",""pos"":""y"",""jyutping"":""laa3""},{""word"":"","",""pos"":"""",""jyutping"":null},{""word"":""份份"",""pos"":""q"",""jyutping"":""fan6fan6""},{""word"":""工"",""pos"":""n"",""jyutping"":""gung1""},{""word"":""都"",""pos"":""d"",""jyutping"":""dou1""},{""word"":""話"",""pos"":""v"",""jyutping"":""waa6""},{""word"":""\"""",""pos"":"""",""jyutping"":null},{""word"":""唉"",""pos"":""e"",""jyutping"":""aai5""},{""word"":""都"",""pos"":""d"",""jyutping"":""dou1""},{""word"":""唔"",""pos"":""d"",""jyutping"":""m4""},{""word"":""會"",""pos"":""vu"",""jyutping"":""wui5""},{""word"":""到"",""pos"":""v"",""jyutping"":""dou3""},{""word"":""我"",""pos"":""r"",""jyutping"":""ngo5""},{""word"":""喇"",""pos"":""y"",""jyutping"":""laa1""},{""word"":""."",""pos"":"""",""jyutping"":null}]"	REQUIRES_EXPERT_CONTEXT_REVIEW
aa84br-c6e474672c93a2a77edb	FC-108c_v2.cha	fbcb6cc27819deede6136fc8c59e4dd93b76655d15892095972f387d4ad2bc36	39	393	2	XXB	internally_repeated_token	份	份份	q	NOUN	fan6fan6				False	True	2	唔使	vu	AUX	m4sai2	4	噉	都	噉	都	"""噉份份都唔使做啊."	"樣樣都話唔得,噉咪即係唔使考,唔使見嚹,份份工都話""唉都唔會到我喇."	係囖,噉你咪唔使做,係囖,係喇.	"{""repetitionMode"":""internally_repeated_token"",""baseSurface"":""份"",""matchedSurface"":""份份""}"	"[{""word"":""\"""",""pos"":"""",""jyutping"":null},{""word"":""噉"",""pos"":""r"",""jyutping"":""gam2""},{""word"":""份份"",""pos"":""q"",""jyutping"":""fan6fan6""},{""word"":""都"",""pos"":""d"",""jyutping"":""dou1""},{""word"":""唔使"",""pos"":""vu"",""jyutping"":""m4sai2""},{""word"":""做"",""pos"":""v"",""jyutping"":""zou6""},{""word"":""啊"",""pos"":""y"",""jyutping"":""aa3""},{""word"":""."",""pos"":"""",""jyutping"":null}]"	REQUIRES_EXPERT_CONTEXT_REVIEW
aa84br-7e0c9e240c3d52902c24	FC-108d_v2.cha	13970f9d8cd7a1a59e819cee5f8b0bdca4f5ff11c44e2a6d1545fd587bf87a88	40	2	7	XXB	internally_repeated_token	啱	啱啱	d	ADV	ngaam1ngaam1				False	True	3	考	v	VERB	haau2	10	佢	今日	佢	今日	係啊,今日先-佢啱啱今日先至考完最後一科.	係呀?	嗯嗯.	"{""repetitionMode"":""internally_repeated_token"",""baseSurface"":""啱"",""matchedSurface"":""啱啱""}"	"[{""word"":""係"",""pos"":""v"",""jyutping"":""hai6""},{""word"":""啊"",""pos"":""y"",""jyutping"":""aa3""},{""word"":"","",""pos"":"""",""jyutping"":null},{""word"":""今日"",""pos"":""t"",""jyutping"":""gam1jat6""},{""word"":""先"",""pos"":""d"",""jyutping"":""sin1""},{""word"":""-"",""pos"":"""",""jyutping"":null},{""word"":""佢"",""pos"":""r"",""jyutping"":""keoi5""},{""word"":""啱啱"",""pos"":""d"",""jyutping"":""ngaam1ngaam1""},{""word"":""今日"",""pos"":""t"",""jyutping"":""gam1jat6""},{""word"":""先至"",""pos"":""d"",""jyutping"":""sin1zi3""},{""word"":""考"",""pos"":""v"",""jyutping"":""haau2""},{""word"":""完"",""pos"":""u"",""jyutping"":""jyun4""},{""word"":""最後"",""pos"":""f"",""jyutping"":""zeoi3hau6""},{""word"":""一"",""pos"":""m"",""jyutping"":""jat1""},{""word"":""科"",""pos"":""q"",""jyutping"":""fo1""},{""word"":""."",""pos"":"""",""jyutping"":null}]"	REQUIRES_EXPERT_CONTEXT_REVIEW
aa84br-9292103a9d0f231db5ae	FC-108d_v2.cha	13970f9d8cd7a1a59e819cee5f8b0bdca4f5ff11c44e2a6d1545fd587bf87a88	40	10	6	XXB	internally_repeated_token	啱	啱啱	d	ADV	ngaam1ngaam1				False	False							今日	最尾	今日	最尾	考到,係喇今日啱啱最尾一日.	係囖.	嗯嗯.	"{""repetitionMode"":""internally_repeated_token"",""baseSurface"":""啱"",""matchedSurface"":""啱啱""}"	"[{""word"":""考"",""pos"":""v"",""jyutping"":""haau2""},{""word"":""到"",""pos"":""u"",""jyutping"":""dou3""},{""word"":"","",""pos"":"""",""jyutping"":null},{""word"":""係"",""pos"":""v"",""jyutping"":""hai6""},{""word"":""喇"",""pos"":""y"",""jyutping"":""laa1""},{""word"":""今日"",""pos"":""t"",""jyutping"":""gam1jat6""},{""word"":""啱啱"",""pos"":""d"",""jyutping"":""ngaam1ngaam1""},{""word"":""最尾"",""pos"":""f"",""jyutping"":""zeoi3mei1""},{""word"":""一"",""pos"":""m"",""jyutping"":""jat1""},{""word"":""日"",""pos"":""q"",""jyutping"":""jat6""},{""word"":""."",""pos"":"""",""jyutping"":null}]"	REQUIRES_EXPERT_CONTEXT_REVIEW
aa84br-7d0998093c48d73780f5	FC-108d_v2.cha	13970f9d8cd7a1a59e819cee5f8b0bdca4f5ff11c44e2a6d1545fd587bf87a88	40	32	0	XXA	adjacent_identical_tokens	嗯	嗯嗯	e	INTJ	m6	嗯	e	m6	True	True	2	好	a	ADJ	hou2	4	<UTTERANCE_START>	,	<UTTERANCE_START>	咁	嗯嗯,咁好𠸏.	公司有開.	係啊.	"{""repetitionMode"":""adjacent_identical_tokens"",""baseSurface"":""嗯"",""matchedSurface"":""嗯嗯""}"	"[{""word"":""嗯"",""pos"":""e"",""jyutping"":""m6""},{""word"":""嗯"",""pos"":""e"",""jyutping"":""m6""},{""word"":"","",""pos"":"""",""jyutping"":null},{""word"":""咁"",""pos"":""d"",""jyutping"":""gam3""},{""word"":""好"",""pos"":""a"",""jyutping"":""hou2""},{""word"":""𠸏"",""pos"":""y"",""jyutping"":""ge2""},{""word"":""."",""pos"":"""",""jyutping"":null}]"	REQUIRES_EXPERT_CONTEXT_REVIEW
aa84br-592118a295f5e187cabf	FC-108d_v2.cha	13970f9d8cd7a1a59e819cee5f8b0bdca4f5ff11c44e2a6d1545fd587bf87a88	40	87	34	XXA	internally_repeated_token	少	少少	a	ADJ	siu2siu2				False	True	4	複	v	VERB	fuk1	39	爭	喇	爭	喇	係啊,係啊,算幾好喇,幫到做功課囖,哩個測過一次驗,所以practical就都可以話,重有爭少少喇,自己再複下噉囖.	噉咪幾好.	"咦,Practical即係唔係用電腦""""嗰啲啊."	"{""repetitionMode"":""internally_repeated_token"",""baseSurface"":""少"",""matchedSurface"":""少少""}"	"[{""word"":""係"",""pos"":""v"",""jyutping"":""hai6""},{""word"":""啊"",""pos"":""y"",""jyutping"":""aa3""},{""word"":"","",""pos"":"""",""jyutping"":null},{""word"":""係"",""pos"":""v"",""jyutping"":""hai6""},{""word"":""啊"",""pos"":""y"",""jyutping"":""aa3""},{""word"":"","",""pos"":"""",""jyutping"":null},{""word"":""算"",""pos"":""v"",""jyutping"":""syun3""},{""word"":""幾"",""pos"":""d"",""jyutping"":""gei2""},{""word"":""好"",""pos"":""a"",""jyutping"":""hou2""},{""word"":""喇"",""pos"":""y"",""jyutping"":""laa1""},{""word"":"","",""pos"":"""",""jyutping"":null},{""word"":""幫"",""pos"":""v"",""jyutping"":""bong1""},{""word"":""到"",""pos"":""u"",""jyutping"":""dou2""},{""word"":""做"",""pos"":""v"",""jyutping"":""zou6""},{""word"":""功課"",""pos"":""n"",""jyutping"":""gung1fo3""},{""word"":""囖"",""pos"":""y"",""jyutping"":""lo1""},{""word"":"","",""pos"":"""",""jyutping"":null},{""word"":""哩個"",""pos"":""r"",""jyutping"":""ni1go3""},{""word"":""測"",""pos"":""v"",""jyutping"":""caak1""},{""word"":""過"",""pos"":""u"",""jyutping"":""gwo3""},{""word"":""一"",""pos"":""m"",""jyutping"":""jat1""},{""word"":""次"",""pos"":""q"",""jyutping"":""ci3""},{""word"":""驗"",""pos"":""Ng"",""jyutping"":""jim6""},{""word"":"","",""pos"":"""",""jyutping"":null},{""word"":""所以"",""pos"":""c"",""jyutping"":""so2ji5""},{""word"":""practical"",""pos"":""xn"",""jyutping"":null},{""word"":""就"",""pos"":""d"",""jyutping"":""zau6""},{""word"":""都"",""pos"":""d"",""jyutping"":""dou1""},{""word"":""可以"",""pos"":""vu"",""jyutping"":""ho2ji5""},{""word"":""話"",""pos"":""v"",""jyutping"":""waa6""},{""word"":"","",""pos"":"""",""jyutping"":null},{""word"":""重"",""pos"":""d"",""jyutping"":""zung6""},{""word"":""有"",""pos"":""v1"",""jyutping"":""jau5""},{""word"":""爭"",""pos"":""v"",""jyutping"":""zaang1""},{""word"":""少少"",""pos"":""a"",""jyutping"":""siu2siu2""},{""word"":""喇"",""pos"":""y"",""jyutping"":""laa1""},{""word"":"","",""pos"":"""",""jyutping"":null},{""word"":""自己"",""pos"":""r"",""jyutping"":""zi6gei2""},{""word"":""再"",""pos"":""d"",""jyutping"":""zoi3""},{""word"":""複"",""pos"":""v"",""jyutping"":""fuk1""},{""word"":""下"",""pos"":""u"",""jyutping"":""haa5""},{""word"":""噉"",""pos"":""r"",""jyutping"":""gam2""},{""word"":""囖"",""pos"":""y"",""jyutping"":""lo1""},{""word"":""."",""pos"":"""",""jyutping"":null}]"	REQUIRES_EXPERT_CONTEXT_REVIEW
aa84br-eefd6469f2dde039c248	FC-108d_v2.cha	13970f9d8cd7a1a59e819cee5f8b0bdca4f5ff11c44e2a6d1545fd587bf87a88	40	210	6	XXB	internally_repeated_token	啱	啱啱	d	ADV	ngaam1ngaam1				False	True	1	去	v	VERB	heoi3	7	-	去	今	去	張家碧佢阿哥今-啱啱去旅行啊佢.	嗯嗯.	又去旅行呀?	"{""repetitionMode"":""internally_repeated_token"",""baseSurface"":""啱"",""matchedSurface"":""啱啱""}"	"[{""word"":""張"",""pos"":""nr"",""jyutping"":""zoeng1""},{""word"":""家碧"",""pos"":""nr"",""jyutping"":""gaa1bik1""},{""word"":""佢"",""pos"":""r"",""jyutping"":""keoi5""},{""word"":""阿哥"",""pos"":""n"",""jyutping"":""aa3go1""},{""word"":""今"",""pos"":""Rg"",""jyutping"":""gam1""},{""word"":""-"",""pos"":"""",""jyutping"":null},{""word"":""啱啱"",""pos"":""d"",""jyutping"":""ngaam1ngaam1""},{""word"":""去"",""pos"":""v"",""jyutping"":""heoi3""},{""word"":""旅行"",""pos"":""v"",""jyutping"":""leoi5hang4""},{""word"":""啊"",""pos"":""y"",""jyutping"":""aa3""},{""word"":""佢"",""pos"":""r"",""jyutping"":""keoi5""},{""word"":""."",""pos"":"""",""jyutping"":null}]"	REQUIRES_EXPERT_CONTEXT_REVIEW
aa84br-cdf206ee3e26eebc1a9f	FC-108d_v2.cha	13970f9d8cd7a1a59e819cee5f8b0bdca4f5ff11c44e2a6d1545fd587bf87a88	40	218	13	XXB	internally_repeated_token	日	日日	q	NOUN	jat6jat6				False	True	3	儲	v	VERB	cou5	17	,	都	嗎	都	成日都開OT開-做到好夜吖嗎,日日都,後尾儲咗成個月假期啊.	係呀?	嗯.	"{""repetitionMode"":""internally_repeated_token"",""baseSurface"":""日"",""matchedSurface"":""日日""}"	"[{""word"":""成日"",""pos"":""d"",""jyutping"":""seng4jat6""},{""word"":""都"",""pos"":""d"",""jyutping"":""dou1""},{""word"":""開"",""pos"":""v"",""jyutping"":""hoi1""},{""word"":""OT"",""pos"":""xn"",""jyutping"":null},{""word"":""開"",""pos"":""v"",""jyutping"":""hoi1""},{""word"":""-"",""pos"":"""",""jyutping"":null},{""word"":""做"",""pos"":""v"",""jyutping"":""zou6""},{""word"":""到"",""pos"":""u"",""jyutping"":""dou3""},{""word"":""好"",""pos"":""d"",""jyutping"":""hou2""},{""word"":""夜"",""pos"":""a"",""jyutping"":""je6""},{""word"":""吖"",""pos"":""y"",""jyutping"":""aa1""},{""word"":""嗎"",""pos"":""y"",""jyutping"":""maa3""},{""word"":"","",""pos"":"""",""jyutping"":null},{""word"":""日日"",""pos"":""q"",""jyutping"":""jat6jat6""},{""word"":""都"",""pos"":""d"",""jyutping"":""dou1""},{""word"":"","",""pos"":"""",""jyutping"":null},{""word"":""後尾"",""pos"":""f"",""jyutping"":""hau6mei1""},{""word"":""儲"",""pos"":""v"",""jyutping"":""cou5""},{""word"":""咗"",""pos"":""u"",""jyutping"":""zo2""},{""word"":""成"",""pos"":""m"",""jyutping"":""sing4""},{""word"":""個"",""pos"":""q"",""jyutping"":""go3""},{""word"":""月"",""pos"":""n"",""jyutping"":""jyut6""},{""word"":""假期"",""pos"":""n"",""jyutping"":""gaa3kei4""},{""word"":""啊"",""pos"":""y"",""jyutping"":""aa3""},{""word"":""."",""pos"":"""",""jyutping"":null}]"	REQUIRES_EXPERT_CONTEXT_REVIEW
aa84br-39181c268330c8a4e5e5	FC-108d_v2.cha	13970f9d8cd7a1a59e819cee5f8b0bdca4f5ff11c44e2a6d1545fd587bf87a88	40	220	3	XXB	internally_repeated_token	啱	啱啱	d	ADV	ngaam1ngaam1				False	True	2	開始	v	VERB	hoi1ci2	5	佢	九號	佢	九號	跟住然之後佢啱啱九號開始放,放到而家啊.	嗯.	嗯.	"{""repetitionMode"":""internally_repeated_token"",""baseSurface"":""啱"",""matchedSurface"":""啱啱""}"	"[{""word"":""跟住"",""pos"":""v"",""jyutping"":""gan1zyu6""},{""word"":""然之後"",""pos"":""c"",""jyutping"":""jin4zi1hau6""},{""word"":""佢"",""pos"":""r"",""jyutping"":""keoi5""},{""word"":""啱啱"",""pos"":""d"",""jyutping"":""ngaam1ngaam1""},{""word"":""九號"",""pos"":""t"",""jyutping"":""gau2hou6""},{""word"":""開始"",""pos"":""v"",""jyutping"":""hoi1ci2""},{""word"":""放"",""pos"":""v"",""jyutping"":""fong3""},{""word"":"","",""pos"":"""",""jyutping"":null},{""word"":""放"",""pos"":""v"",""jyutping"":""fong3""},{""word"":""到"",""pos"":""d"",""jyutping"":""dou3""},{""word"":""而家"",""pos"":""t"",""jyutping"":""ji4gaa1""},{""word"":""啊"",""pos"":""y"",""jyutping"":""aa3""},{""word"":""."",""pos"":"""",""jyutping"":null}]"	REQUIRES_EXPERT_CONTEXT_REVIEW
aa84br-8de3199fcae98bcc2ab4	FC-108d_v2.cha	13970f9d8cd7a1a59e819cee5f8b0bdca4f5ff11c44e2a6d1545fd587bf87a88	40	227	3	XXB	internally_repeated_token	啱	啱啱	d	ADV	ngaam1ngaam1				False	True	1	去	v	VERB	heoi3	4	你	去	你	去	嘩!你啱啱去完來咋喎暑假.	太好嚹實在,我都好想去旅行.	唉!但係難忘啊暑假嗰次.	"{""repetitionMode"":""internally_repeated_token"",""baseSurface"":""啱"",""matchedSurface"":""啱啱""}"	"[{""word"":""嘩"",""pos"":""e"",""jyutping"":""waa3""},{""word"":""!"",""pos"":"""",""jyutping"":null},{""word"":""你"",""pos"":""r"",""jyutping"":""nei5""},{""word"":""啱啱"",""pos"":""d"",""jyutping"":""ngaam1ngaam1""},{""word"":""去"",""pos"":""v"",""jyutping"":""heoi3""},{""word"":""完"",""pos"":""u"",""jyutping"":""jyun4""},{""word"":""來"",""pos"":""v"",""jyutping"":""lai4""},{""word"":""咋"",""pos"":""y"",""jyutping"":""zaa3""},{""word"":""喎"",""pos"":""y"",""jyutping"":""wo3""},{""word"":""暑假"",""pos"":""n"",""jyutping"":""syu2gaa3""},{""word"":""."",""pos"":"""",""jyutping"":null}]"	REQUIRES_EXPERT_CONTEXT_REVIEW
aa84br-1157f9cec03aaaf331d2	FC-108d_v2.cha	13970f9d8cd7a1a59e819cee5f8b0bdca4f5ff11c44e2a6d1545fd587bf87a88	40	235	1	XXB	adjacent_identical_tokens	我	我我	r	PRON	ngo5	我	r	ngo5	False	True	2	會	vu	AUX	wui5	4	俾	都	俾	都	俾我我都會留低啊.	難忘啊,我-我連嗰張呢,嗰張入,誒-嗰港口衛生署寫俾我嗰-去醫院嗰張紙我都留低咗.	你第一次去旅行-第一次搭飛機去旅行搞成噉.	"{""repetitionMode"":""adjacent_identical_tokens"",""baseSurface"":""我"",""matchedSurface"":""我我""}"	"[{""word"":""俾"",""pos"":""v"",""jyutping"":""bei2""},{""word"":""我"",""pos"":""r"",""jyutping"":""ngo5""},{""word"":""我"",""pos"":""r"",""jyutping"":""ngo5""},{""word"":""都"",""pos"":""d"",""jyutping"":""dou1""},{""word"":""會"",""pos"":""vu"",""jyutping"":""wui5""},{""word"":""留低"",""pos"":""v"",""jyutping"":""lau4dai1""},{""word"":""啊"",""pos"":""y"",""jyutping"":""aa3""},{""word"":""."",""pos"":"""",""jyutping"":null}]"	REQUIRES_EXPERT_CONTEXT_REVIEW
aa84br-426dd34620bb96f4a59d	FC-109a_v2.cha	037818836278ea3a03f21b3859a1bddd8c57b91cedbae0cabc4a1643f2e1a630	41	13	0	XXA	internally_repeated_token	吓	吓吓	q	NOUN	haa5haa5				True	False							<UTTERANCE_START>	?	<UTTERANCE_START>	<UTTERANCE_END>	吓吓?	係呃.	好唔安樂,瞓唔着覺噉喎.	"{""repetitionMode"":""internally_repeated_token"",""baseSurface"":""吓"",""matchedSurface"":""吓吓""}"	"[{""word"":""吓吓"",""pos"":""q"",""jyutping"":""haa5haa5""},{""word"":""?"",""pos"":"""",""jyutping"":null}]"	REQUIRES_EXPERT_CONTEXT_REVIEW
aa84br-0da6d4cc39b36160a29f	FC-109a_v2.cha	037818836278ea3a03f21b3859a1bddd8c57b91cedbae0cabc4a1643f2e1a630	41	27	8	XXA	adjacent_identical_tokens	聽	聽聽	v	VERB	teng1	聽	v	teng1	False	True	2	冇	v1	VERB	mou5	11	突然間	下	突然間	下	會唔會跳啲歌詞,突然間聽聽下冇噉樣啊?	未試過.	噉哩個情況𠻺未出現過喎.	"{""repetitionMode"":""adjacent_identical_tokens"",""baseSurface"":""聽"",""matchedSurface"":""聽聽""}"	"[{""word"":""會"",""pos"":""vu"",""jyutping"":""wui5""},{""word"":""唔"",""pos"":""d"",""jyutping"":""m4""},{""word"":""會"",""pos"":""vu"",""jyutping"":""wui5""},{""word"":""跳"",""pos"":""v"",""jyutping"":""tiu3""},{""word"":""啲"",""pos"":""q"",""jyutping"":""di1""},{""word"":""歌詞"",""pos"":""n"",""jyutping"":""go1ci4""},{""word"":"","",""pos"":"""",""jyutping"":null},{""word"":""突然間"",""pos"":""d"",""jyutping"":""dat6jin4gaan1""},{""word"":""聽"",""pos"":""v"",""jyutping"":""teng1""},{""word"":""聽"",""pos"":""v"",""jyutping"":""teng1""},{""word"":""下"",""pos"":""u"",""jyutping"":""haa5""},{""word"":""冇"",""pos"":""v1"",""jyutping"":""mou5""},{""word"":""噉樣"",""pos"":""c"",""jyutping"":""gam2joeng2""},{""word"":""啊"",""pos"":""y"",""jyutping"":""aa3""},{""word"":""?"",""pos"":"""",""jyutping"":null}]"	REQUIRES_EXPERT_CONTEXT_REVIEW
aa84br-14f30c08f88929ea0ed8	FC-109a_v2.cha	037818836278ea3a03f21b3859a1bddd8c57b91cedbae0cabc4a1643f2e1a630	41	84	11	XXA	adjacent_identical_tokens	乜	乜乜	r	PRON	mat1	乜	r	mat1	False	True	5	靚	a	ADJ	leng3	18	,	乜	啊	乜	其實佢揾錢個目的都係買名牌啊,乜乜乜乜衫啊,靚衫啊,靚袋啊,嗰啲噉嘅嘢啫嗎.	我覺得一定係啊我覺得,佢哋一定為錢.	係囖,同埋同人比囖.	"{""repetitionMode"":""adjacent_identical_tokens"",""baseSurface"":""乜"",""matchedSurface"":""乜乜""}"	"[{""word"":""其實"",""pos"":""d"",""jyutping"":""kei4sat6""},{""word"":""佢"",""pos"":""r"",""jyutping"":""keoi5""},{""word"":""揾錢"",""pos"":""v"",""jyutping"":""wan2cin2""},{""word"":""個"",""pos"":""q"",""jyutping"":""go3""},{""word"":""目的"",""pos"":""n"",""jyutping"":""muk6dik1""},{""word"":""都"",""pos"":""d"",""jyutping"":""dou1""},{""word"":""係"",""pos"":""v"",""jyutping"":""hai6""},{""word"":""買"",""pos"":""v"",""jyutping"":""maai5""},{""word"":""名牌"",""pos"":""an"",""jyutping"":""ming4paai4""},{""word"":""啊"",""pos"":""y1"",""jyutping"":""aa3""},{""word"":"","",""pos"":"""",""jyutping"":null},{""word"":""乜"",""pos"":""r"",""jyutping"":""mat1""},{""word"":""乜"",""pos"":""r"",""jyutping"":""mat1""},{""word"":""乜"",""pos"":""r"",""jyutping"":""mat1""},{""word"":""乜"",""pos"":""r"",""jyutping"":""mat1""},{""word"":""衫"",""pos"":""n"",""jyutping"":""saam1""},{""word"":""啊"",""pos"":""y1"",""jyutping"":""aa3""},{""word"":"","",""pos"":"""",""jyutping"":null},{""word"":""靚"",""pos"":""a"",""jyutping"":""leng3""},{""word"":""衫"",""pos"":""n"",""jyutping"":""saam1""},{""word"":""啊"",""pos"":""y1"",""jyutping"":""aa3""},{""word"":"","",""pos"":"""",""jyutping"":null},{""word"":""靚"",""pos"":""a"",""jyutping"":""leng3""},{""word"":""袋"",""pos"":""n"",""jyutping"":""doi2""},{""word"":""啊"",""pos"":""y1"",""jyutping"":""aa3""},{""word"":"","",""pos"":"""",""jyutping"":null},{""word"":""嗰啲"",""pos"":""r"",""jyutping"":""go2di1""},{""word"":""噉"",""pos"":""r"",""jyutping"":""gam2""},{""word"":""嘅"",""pos"":""u"",""jyutping"":""ge3""},{""word"":""嘢"",""pos"":""n"",""jyutping"":""je5""},{""word"":""啫"",""pos"":""y"",""jyutping"":""ze1""},{""word"":""嗎"",""pos"":""y"",""jyutping"":""maa3""},{""word"":""."",""pos"":"""",""jyutping"":null}]"	REQUIRES_EXPERT_CONTEXT_REVIEW
aa84br-3cd99e7da8ff71c72f46	FC-109a_v2.cha	037818836278ea3a03f21b3859a1bddd8c57b91cedbae0cabc4a1643f2e1a630	41	84	12	XXA	adjacent_identical_tokens	乜	乜乜	r	PRON	mat1	乜	r	mat1	False	True	4	靚	a	ADJ	leng3	18	乜	乜	乜	乜	其實佢揾錢個目的都係買名牌啊,乜乜乜乜衫啊,靚衫啊,靚袋啊,嗰啲噉嘅嘢啫嗎.	我覺得一定係啊我覺得,佢哋一定為錢.	係囖,同埋同人比囖.	"{""repetitionMode"":""adjacent_identical_tokens"",""baseSurface"":""乜"",""matchedSurface"":""乜乜""}"	"[{""word"":""其實"",""pos"":""d"",""jyutping"":""kei4sat6""},{""word"":""佢"",""pos"":""r"",""jyutping"":""keoi5""},{""word"":""揾錢"",""pos"":""v"",""jyutping"":""wan2cin2""},{""word"":""個"",""pos"":""q"",""jyutping"":""go3""},{""word"":""目的"",""pos"":""n"",""jyutping"":""muk6dik1""},{""word"":""都"",""pos"":""d"",""jyutping"":""dou1""},{""word"":""係"",""pos"":""v"",""jyutping"":""hai6""},{""word"":""買"",""pos"":""v"",""jyutping"":""maai5""},{""word"":""名牌"",""pos"":""an"",""jyutping"":""ming4paai4""},{""word"":""啊"",""pos"":""y1"",""jyutping"":""aa3""},{""word"":"","",""pos"":"""",""jyutping"":null},{""word"":""乜"",""pos"":""r"",""jyutping"":""mat1""},{""word"":""乜"",""pos"":""r"",""jyutping"":""mat1""},{""word"":""乜"",""pos"":""r"",""jyutping"":""mat1""},{""word"":""乜"",""pos"":""r"",""jyutping"":""mat1""},{""word"":""衫"",""pos"":""n"",""jyutping"":""saam1""},{""word"":""啊"",""pos"":""y1"",""jyutping"":""aa3""},{""word"":"","",""pos"":"""",""jyutping"":null},{""word"":""靚"",""pos"":""a"",""jyutping"":""leng3""},{""word"":""衫"",""pos"":""n"",""jyutping"":""saam1""},{""word"":""啊"",""pos"":""y1"",""jyutping"":""aa3""},{""word"":"","",""pos"":"""",""jyutping"":null},{""word"":""靚"",""pos"":""a"",""jyutping"":""leng3""},{""word"":""袋"",""pos"":""n"",""jyutping"":""doi2""},{""word"":""啊"",""pos"":""y1"",""jyutping"":""aa3""},{""word"":"","",""pos"":"""",""jyutping"":null},{""word"":""嗰啲"",""pos"":""r"",""jyutping"":""go2di1""},{""word"":""噉"",""pos"":""r"",""jyutping"":""gam2""},{""word"":""嘅"",""pos"":""u"",""jyutping"":""ge3""},{""word"":""嘢"",""pos"":""n"",""jyutping"":""je5""},{""word"":""啫"",""pos"":""y"",""jyutping"":""ze1""},{""word"":""嗎"",""pos"":""y"",""jyutping"":""maa3""},{""word"":""."",""pos"":"""",""jyutping"":null}]"	REQUIRES_EXPERT_CONTEXT_REVIEW
aa84br-2ce52c3fb19ed25e411d	FC-109a_v2.cha	037818836278ea3a03f21b3859a1bddd8c57b91cedbae0cabc4a1643f2e1a630	41	84	13	XXA	adjacent_identical_tokens	乜	乜乜	r	PRON	mat1	乜	r	mat1	False	True	3	靚	a	ADJ	leng3	18	乜	衫	乜	衫	其實佢揾錢個目的都係買名牌啊,乜乜乜乜衫啊,靚衫啊,靚袋啊,嗰啲噉嘅嘢啫嗎.	我覺得一定係啊我覺得,佢哋一定為錢.	係囖,同埋同人比囖.	"{""repetitionMode"":""adjacent_identical_tokens"",""baseSurface"":""乜"",""matchedSurface"":""乜乜""}"	"[{""word"":""其實"",""pos"":""d"",""jyutping"":""kei4sat6""},{""word"":""佢"",""pos"":""r"",""jyutping"":""keoi5""},{""word"":""揾錢"",""pos"":""v"",""jyutping"":""wan2cin2""},{""word"":""個"",""pos"":""q"",""jyutping"":""go3""},{""word"":""目的"",""pos"":""n"",""jyutping"":""muk6dik1""},{""word"":""都"",""pos"":""d"",""jyutping"":""dou1""},{""word"":""係"",""pos"":""v"",""jyutping"":""hai6""},{""word"":""買"",""pos"":""v"",""jyutping"":""maai5""},{""word"":""名牌"",""pos"":""an"",""jyutping"":""ming4paai4""},{""word"":""啊"",""pos"":""y1"",""jyutping"":""aa3""},{""word"":"","",""pos"":"""",""jyutping"":null},{""word"":""乜"",""pos"":""r"",""jyutping"":""mat1""},{""word"":""乜"",""pos"":""r"",""jyutping"":""mat1""},{""word"":""乜"",""pos"":""r"",""jyutping"":""mat1""},{""word"":""乜"",""pos"":""r"",""jyutping"":""mat1""},{""word"":""衫"",""pos"":""n"",""jyutping"":""saam1""},{""word"":""啊"",""pos"":""y1"",""jyutping"":""aa3""},{""word"":"","",""pos"":"""",""jyutping"":null},{""word"":""靚"",""pos"":""a"",""jyutping"":""leng3""},{""word"":""衫"",""pos"":""n"",""jyutping"":""saam1""},{""word"":""啊"",""pos"":""y1"",""jyutping"":""aa3""},{""word"":"","",""pos"":"""",""jyutping"":null},{""word"":""靚"",""pos"":""a"",""jyutping"":""leng3""},{""word"":""袋"",""pos"":""n"",""jyutping"":""doi2""},{""word"":""啊"",""pos"":""y1"",""jyutping"":""aa3""},{""word"":"","",""pos"":"""",""jyutping"":null},{""word"":""嗰啲"",""pos"":""r"",""jyutping"":""go2di1""},{""word"":""噉"",""pos"":""r"",""jyutping"":""gam2""},{""word"":""嘅"",""pos"":""u"",""jyutping"":""ge3""},{""word"":""嘢"",""pos"":""n"",""jyutping"":""je5""},{""word"":""啫"",""pos"":""y"",""jyutping"":""ze1""},{""word"":""嗎"",""pos"":""y"",""jyutping"":""maa3""},{""word"":""."",""pos"":"""",""jyutping"":null}]"	REQUIRES_EXPERT_CONTEXT_REVIEW
aa84br-49ccbbd735cf40d4028d	FC-109a_v2.cha	037818836278ea3a03f21b3859a1bddd8c57b91cedbae0cabc4a1643f2e1a630	41	90	3	XXA	internally_repeated_token	樣	樣樣	q	NOUN	joeng6joeng6				False	True	2	崇尚	v	VERB	sung4soeng6	5	而家	都	而家	都	不過佢哋而家樣樣都崇尚名牌噉樣冇得講喎.	噉𠻺係.	大人整出來𡃉咩?	"{""repetitionMode"":""internally_repeated_token"",""baseSurface"":""樣"",""matchedSurface"":""樣樣""}"	"[{""word"":""不過"",""pos"":""c"",""jyutping"":""bat1gwo3""},{""word"":""佢哋"",""pos"":""r"",""jyutping"":""keoi5dei6""},{""word"":""而家"",""pos"":""t"",""jyutping"":""ji4gaa1""},{""word"":""樣樣"",""pos"":""q"",""jyutping"":""joeng6joeng6""},{""word"":""都"",""pos"":""d"",""jyutping"":""dou1""},{""word"":""崇尚"",""pos"":""v"",""jyutping"":""sung4soeng6""},{""word"":""名牌"",""pos"":""an"",""jyutping"":""ming4paai4""},{""word"":""噉樣"",""pos"":""c"",""jyutping"":""gam2joeng2""},{""word"":""冇得"",""pos"":""vu"",""jyutping"":""mou5dak1""},{""word"":""講"",""pos"":""v"",""jyutping"":""gong2""},{""word"":""喎"",""pos"":""y"",""jyutping"":""wo3""},{""word"":""."",""pos"":"""",""jyutping"":null}]"	REQUIRES_EXPERT_CONTEXT_REVIEW
aa84br-19a013f5755005d5cc8b	FC-109a_v2.cha	037818836278ea3a03f21b3859a1bddd8c57b91cedbae0cabc4a1643f2e1a630	41	95	11	XXA	internally_repeated_token	下	下下	q	NOUN	haa5haa5				False	True	1	俾	v	VERB	bei2	12	,	俾	父母	俾	我覺得最,倒頭來最辛苦嗰個咪父母,下下俾錢佢,儲來賺埋賺埋啲錢,跟住俾佢買個噉嘅袋.	唔係𠸏,佢-其實如果佢哋自己賺得到錢呢,即係唔係攞屋企嘅錢亂咁花呢,買名牌其實係冇問題嘅我覺得,即係如果你可以負擔得起呢,噉係,買名牌哩樣嘢係冇乜嘢問題嘅.	噉𠻺,冇辦法即係而家-即係大家嘅心態就算我都係.	"{""repetitionMode"":""internally_repeated_token"",""baseSurface"":""下"",""matchedSurface"":""下下""}"	"[{""word"":""我"",""pos"":""r"",""jyutping"":""ngo5""},{""word"":""覺得"",""pos"":""v"",""jyutping"":""gok3dak1""},{""word"":""最"",""pos"":""d"",""jyutping"":""zeoi3""},{""word"":"","",""pos"":"""",""jyutping"":null},{""word"":""倒頭來"",""pos"":""d"",""jyutping"":""dou3tau4loi4""},{""word"":""最"",""pos"":""d"",""jyutping"":""zeoi3""},{""word"":""辛苦"",""pos"":""a"",""jyutping"":""san1fu2""},{""word"":""嗰個"",""pos"":""r"",""jyutping"":""go2go3""},{""word"":""咪"",""pos"":""v"",""jyutping"":""mai6""},{""word"":""父母"",""pos"":""n"",""jyutping"":""fu6mou5""},{""word"":"","",""pos"":"""",""jyutping"":null},{""word"":""下下"",""pos"":""q"",""jyutping"":""haa5haa5""},{""word"":""俾"",""pos"":""v"",""jyutping"":""bei2""},{""word"":""錢"",""pos"":""n"",""jyutping"":""cin2""},{""word"":""佢"",""pos"":""r"",""jyutping"":""keoi5""},{""word"":"","",""pos"":"""",""jyutping"":null},{""word"":""儲"",""pos"":""v"",""jyutping"":""cou5""},{""word"":""來"",""pos"":""vk"",""jyutping"":""lai4""},{""word"":""賺"",""pos"":""v"",""jyutping"":""zaan6""},{""word"":""埋"",""pos"":""u"",""jyutping"":""maai4""},{""word"":""賺"",""pos"":""v"",""jyutping"":""zaan6""},{""word"":""埋"",""pos"":""u"",""jyutping"":""maai4""},{""word"":""啲"",""pos"":""q"",""jyutping"":""di1""},{""word"":""錢"",""pos"":""n"",""jyutping"":""cin2""},{""word"":"","",""pos"":"""",""jyutping"":null},{""word"":""跟住"",""pos"":""c"",""jyutping"":""gan1zyu6""},{""word"":""俾"",""pos"":""v"",""jyutping"":""bei2""},{""word"":""佢"",""pos"":""r"",""jyutping"":""keoi5""},{""word"":""買"",""pos"":""v"",""jyutping"":""maai5""},{""word"":""個"",""pos"":""q"",""jyutping"":""go3""},{""word"":""噉"",""pos"":""r"",""jyutping"":""gam2""},{""word"":""嘅"",""pos"":""u"",""jyutping"":""ge3""},{""word"":""袋"",""pos"":""n"",""jyutping"":""doi2""},{""word"":""."",""pos"":"""",""jyutping"":null}]"	REQUIRES_EXPERT_CONTEXT_REVIEW
aa84br-3c0a536ae0a8c3cf526f	FC-109a_v2.cha	037818836278ea3a03f21b3859a1bddd8c57b91cedbae0cabc4a1643f2e1a630	41	97	1	XXB	internally_repeated_token	人	人人	n	NOUN	jan4jan4				False	True	2	有	v1	VERB	jau5	3	噉	都	噉	都	噉人人都有嘅嘢,自己都想有喇,係唔係?	噉𠻺,冇辦法即係而家-即係大家嘅心態就算我都係.	噉但係你會唔會過份吖?	"{""repetitionMode"":""internally_repeated_token"",""baseSurface"":""人"",""matchedSurface"":""人人""}"	"[{""word"":""噉"",""pos"":""c"",""jyutping"":""gam2""},{""word"":""人人"",""pos"":""n"",""jyutping"":""jan4jan4""},{""word"":""都"",""pos"":""d"",""jyutping"":""dou1""},{""word"":""有"",""pos"":""v1"",""jyutping"":""jau5""},{""word"":""嘅"",""pos"":""u"",""jyutping"":""ge3""},{""word"":""嘢"",""pos"":""n"",""jyutping"":""je5""},{""word"":"","",""pos"":"""",""jyutping"":null},{""word"":""自己"",""pos"":""r"",""jyutping"":""zi6gei2""},{""word"":""都"",""pos"":""d"",""jyutping"":""dou1""},{""word"":""想"",""pos"":""v"",""jyutping"":""soeng2""},{""word"":""有"",""pos"":""v1"",""jyutping"":""jau5""},{""word"":""喇"",""pos"":""y"",""jyutping"":""laa1""},{""word"":"","",""pos"":"""",""jyutping"":null},{""word"":""係"",""pos"":""v"",""jyutping"":""hai6""},{""word"":""唔係"",""pos"":""v"",""jyutping"":""m4hai6""},{""word"":""?"",""pos"":"""",""jyutping"":null}]"	REQUIRES_EXPERT_CONTEXT_REVIEW
aa84br-3615fa5586f460cc1dbc	FC-109a_v2.cha	037818836278ea3a03f21b3859a1bddd8c57b91cedbae0cabc4a1643f2e1a630	41	122	2	XXA	internally_repeated_token	下	下下	q	NOUN	haa5haa5				False	True	1	爭	v	VERB	zaang1	3	一定	爭	一定	爭	唔係一定下下爭錢喎我覺得.	而家邊有迫良為娼𡃉?	有啲人真係純粹為錢.	"{""repetitionMode"":""internally_repeated_token"",""baseSurface"":""下"",""matchedSurface"":""下下""}"	"[{""word"":""唔係"",""pos"":""v"",""jyutping"":""m4hai6""},{""word"":""一定"",""pos"":""d"",""jyutping"":""jat1ding6""},{""word"":""下下"",""pos"":""q"",""jyutping"":""haa5haa5""},{""word"":""爭"",""pos"":""v"",""jyutping"":""zaang1""},{""word"":""錢"",""pos"":""n"",""jyutping"":""cin2""},{""word"":""喎"",""pos"":""y"",""jyutping"":""wo3""},{""word"":""我"",""pos"":""r"",""jyutping"":""ngo5""},{""word"":""覺得"",""pos"":""v"",""jyutping"":""gok3dak1""},{""word"":""."",""pos"":"""",""jyutping"":null}]"	REQUIRES_EXPERT_CONTEXT_REVIEW
aa84br-0926395a65e26cdb0770	FC-109a_v2.cha	037818836278ea3a03f21b3859a1bddd8c57b91cedbae0cabc4a1643f2e1a630	41	129	47	XXA	internally_repeated_token	下	下下	q	NOUN	haa5haa5				False	True	2	迫	v	VERB	bik1	50	話	-	話	即係	賺錢,賺咗啲錢來,佢做-佢𠻺話自己係為咗理想開間舖頭嗰啲噉嘅嘢吖嗎,噉即係哩啲-其實根本就係已經係自願囖啲人,而家再冇話下下-即係迫得咁犀利話爭人錢啊嗰啲噉嘅嘢囖.	佢目的係乜嘢啊?	係囖,噉其實關唔關佢冇乜即係佢嗰-喺佢自己住嘅地方冇乜發展嘅機會,所以做啲唔正當嘅嘢?	"{""repetitionMode"":""internally_repeated_token"",""baseSurface"":""下"",""matchedSurface"":""下下""}"	"[{""word"":""賺錢"",""pos"":""v"",""jyutping"":""zaan6cin2""},{""word"":"","",""pos"":"""",""jyutping"":null},{""word"":""賺"",""pos"":""v"",""jyutping"":""zaan6""},{""word"":""咗"",""pos"":""u"",""jyutping"":""zo2""},{""word"":""啲"",""pos"":""q"",""jyutping"":""di1""},{""word"":""錢"",""pos"":""n"",""jyutping"":""cin2""},{""word"":""來"",""pos"":""v"",""jyutping"":""lai4""},{""word"":"","",""pos"":"""",""jyutping"":null},{""word"":""佢"",""pos"":""r"",""jyutping"":""keoi5""},{""word"":""做"",""pos"":""v"",""jyutping"":""zou6""},{""word"":""-"",""pos"":"""",""jyutping"":null},{""word"":""佢"",""pos"":""r"",""jyutping"":""keoi5""},{""word"":""𠻺"",""pos"":""d"",""jyutping"":""aa6""},{""word"":""話"",""pos"":""v"",""jyutping"":""waa6""},{""word"":""自己"",""pos"":""r"",""jyutping"":""zi6gei2""},{""word"":""係"",""pos"":""v"",""jyutping"":""hai6""},{""word"":""為咗"",""pos"":""p"",""jyutping"":""wai6zo2""},{""word"":""理想"",""pos"":""n"",""jyutping"":""lei5soeng2""},{""word"":""開"",""pos"":""v"",""jyutping"":""hoi1""},{""word"":""間"",""pos"":""q"",""jyutping"":""gaan1""},{""word"":""舖頭"",""pos"":""n"",""jyutping"":""pou3tau2""},{""word"":""嗰啲"",""pos"":""r"",""jyutping"":""go2di1""},{""word"":""噉"",""pos"":""r"",""jyutping"":""gam2""},{""word"":""嘅"",""pos"":""u"",""jyutping"":""ge3""},{""word"":""嘢"",""pos"":""n"",""jyutping"":""je5""},{""word"":""吖"",""pos"":""y"",""jyutping"":""aa1""},{""word"":""嗎"",""pos"":""y"",""jyutping"":""maa3""},{""word"":"","",""pos"":"""",""jyutping"":null},{""word"":""噉"",""pos"":""c"",""jyutping"":""gam2""},{""word"":""即係"",""pos"":""c"",""jyutping"":""zik1hai6""},{""word"":""哩啲"",""pos"":""r"",""jyutping"":""ni1di1""},{""word"":""-"",""pos"":"""",""jyutping"":null},{""word"":""其實"",""pos"":""d"",""jyutping"":""kei4sat6""},{""word"":""根本"",""pos"":""d"",""jyutping"":""gan1bun2""},{""word"":""就"",""pos"":""d"",""jyutping"":""zau6""},{""word"":""係"",""pos"":""v"",""jyutping"":""hai6""},{""word"":""已經"",""pos"":""d"",""jyutping"":""ji5ging1""},{""word"":""係"",""pos"":""v"",""jyutping"":""hai6""},{""word"":""自願"",""pos"":""v"",""jyutping"":""zi6jyun6""},{""word"":""囖"",""pos"":""y"",""jyutping"":""lo1""},{""word"":""啲"",""pos"":""q"",""jyutping"":""di1""},{""word"":""人"",""pos"":""n"",""jyutping"":""jan4""},{""word"":"","",""pos"":"""",""jyutping"":null},{""word"":""而家"",""pos"":""t"",""jyutping"":""ji4gaa1""},{""word"":""再"",""pos"":""d"",""jyutping"":""zoi3""},{""word"":""冇"",""pos"":""v1"",""jyutping"":""mou5""},{""word"":""話"",""pos"":""v"",""jyutping"":""waa6""},{""word"":""下下"",""pos"":""q"",""jyutping"":""haa5haa5""},{""word"":""-"",""pos"":"""",""jyutping"":null},{""word"":""即係"",""pos"":""c"",""jyutping"":""zik1hai6""},{""word"":""迫"",""pos"":""v"",""jyutping"":""bik1""},{""word"":""得"",""pos"":""u"",""jyutping"":""dak1""},{""word"":""咁"",""pos"":""d"",""jyutping"":""gam3""},{""word"":""犀利"",""pos"":""a"",""jyutping"":""sai1lei6""},{""word"":""話"",""pos"":""v"",""jyutping"":""waa6""},{""word"":""爭"",""pos"":""v"",""jyutping"":""zaang1""},{""word"":""人"",""pos"":""n"",""jyutping"":""jan4""},{""word"":""錢"",""pos"":""n"",""jyutping"":""cin2""},{""word"":""啊"",""pos"":""y1"",""jyutping"":""aa3""},{""word"":""嗰啲"",""pos"":""r"",""jyutping"":""go2di1""},{""word"":""噉"",""pos"":""r"",""jyutping"":""gam2""},{""word"":""嘅"",""pos"":""u"",""jyutping"":""ge3""},{""word"":""嘢"",""pos"":""n"",""jyutping"":""je5""},{""word"":""囖"",""pos"":""y"",""jyutping"":""lo1""},{""word"":""."",""pos"":"""",""jyutping"":null}]"	REQUIRES_EXPERT_CONTEXT_REVIEW
aa84br-6aeff3fd3000480684c7	FC-109a_v2.cha	037818836278ea3a03f21b3859a1bddd8c57b91cedbae0cabc4a1643f2e1a630	41	137	17	XXB	internally_repeated_token	個	個個	q	NOUN	go3go3				False	True	4	有	v1	VERB	jau5	21	係	年青人	係	年青人	噉就係講返哩個翻版CD個問題嚹,就係-就係個個年青人佢哋都有佢哋自己使錢嘅方法喇,噉有啲冇辦法嘅時候,有啲出來真係可能做麥當勞幾蚊一個鐘,可能捱-捱成個月先買個袋喇,噉但係佢哋唔識諗即係犯唔犯法,因為拉咗佢唔會坐監吖嗎,即係最多咪打電話去佢屋企同佢父母講.	喀喀.	噉其實如果對於佢哋來講呢,賣CD呢佢哋唔會覺得係做𡁵啲犯法嘅嘢𡃉.	"{""repetitionMode"":""internally_repeated_token"",""baseSurface"":""個"",""matchedSurface"":""個個""}"	"[{""word"":""噉"",""pos"":""c"",""jyutping"":""gam2""},{""word"":""就"",""pos"":""d"",""jyutping"":""zau6""},{""word"":""係"",""pos"":""v"",""jyutping"":""hai6""},{""word"":""講"",""pos"":""v"",""jyutping"":""gong2""},{""word"":""返"",""pos"":""u"",""jyutping"":""faan1""},{""word"":""哩個"",""pos"":""r"",""jyutping"":""ni1go3""},{""word"":""翻版"",""pos"":""n"",""jyutping"":""faan1baan2""},{""word"":""CD"",""pos"":""xn"",""jyutping"":null},{""word"":""個"",""pos"":""q"",""jyutping"":""go3""},{""word"":""問題"",""pos"":""n"",""jyutping"":""man6tai4""},{""word"":""嚹"",""pos"":""y"",""jyutping"":""laa3""},{""word"":"","",""pos"":"""",""jyutping"":null},{""word"":""就"",""pos"":""d"",""jyutping"":""zau6""},{""word"":""係"",""pos"":""v"",""jyutping"":""hai6""},{""word"":""-"",""pos"":"""",""jyutping"":null},{""word"":""就"",""pos"":""d"",""jyutping"":""zau6""},{""word"":""係"",""pos"":""v"",""jyutping"":""hai6""},{""word"":""個個"",""pos"":""q"",""jyutping"":""go3go3""},{""word"":""年青人"",""pos"":""n"",""jyutping"":""nin4cing1jan4""},{""word"":""佢哋"",""pos"":""r"",""jyutping"":""keoi5dei6""},{""word"":""都"",""pos"":""d"",""jyutping"":""dou1""},{""word"":""有"",""pos"":""v1"",""jyutping"":""jau5""},{""word"":""佢哋"",""pos"":""r"",""jyutping"":""keoi5dei6""},{""word"":""自己"",""pos"":""r"",""jyutping"":""zi6gei2""},{""word"":""使"",""pos"":""v"",""jyutping"":""sai2""},{""word"":""錢"",""pos"":""n"",""jyutping"":""cin2""},{""word"":""嘅"",""pos"":""u"",""jyutping"":""ge3""},{""word"":""方法"",""pos"":""n"",""jyutping"":""fong1faat3""},{""word"":""喇"",""pos"":""y"",""jyutping"":""laa1""},{""word"":"","",""pos"":"""",""jyutping"":null},{""word"":""噉"",""pos"":""c"",""jyutping"":""gam2""},{""word"":""有"",""pos"":""v1"",""jyutping"":""jau5""},{""word"":""啲"",""pos"":""m"",""jyutping"":""di1""},{""word"":""冇"",""pos"":""v1"",""jyutping"":""mou5""},{""word"":""辦法"",""pos"":""n"",""jyutping"":""baan6faat3""},{""word"":""嘅"",""pos"":""u"",""jyutping"":""ge3""},{""word"":""時候"",""pos"":""n"",""jyutping"":""si4hau6""},{""word"":"","",""pos"":"""",""jyutping"":null},{""word"":""有"",""pos"":""v1"",""jyutping"":""jau5""},{""word"":""啲"",""pos"":""m"",""jyutping"":""di1""},{""word"":""出來"",""pos"":""v"",""jyutping"":""ceot1lai4""},{""word"":""真係"",""pos"":""d"",""jyutping"":""zan1hai6""},{""word"":""可能"",""pos"":""vu"",""jyutping"":""ho2nang4""},{""word"":""做"",""pos"":""v"",""jyutping"":""zou6""},{""word"":""麥當勞"",""pos"":""nt"",""jyutping"":""mak6dong1lou4""},{""word"":""幾"",""pos"":""m"",""jyutping"":""gei2""},{""word"":""蚊"",""pos"":""q"",""jyutping"":""man1""},{""word"":""一"",""pos"":""m"",""jyutping"":""jat1""},{""word"":""個"",""pos"":""q"",""jyutping"":""go3""},{""word"":""鐘"",""pos"":""n"",""jyutping"":""zung1""},{""word"":"","",""pos"":"""",""jyutping"":null},{""word"":""可能"",""pos"":""vu"",""jyutping"":""ho2nang4""},{""word"":""捱"",""pos"":""v"",""jyutping"":""ngaai4""},{""word"":""-"",""pos"":"""",""jyutping"":null},{""word"":""捱"",""pos"":""v"",""jyutping"":""ngaai4""},{""word"":""成"",""pos"":""m"",""jyutping"":""sing4""},{""word"":""個"",""pos"":""q"",""jyutping"":""go3""},{""word"":""月"",""pos"":""n"",""jyutping"":""jyut6""},{""word"":""先"",""pos"":""d"",""jyutping"":""sin1""},{""word"":""買"",""pos"":""v"",""jyutping"":""maai5""},{""word"":""個"",""pos"":""q"",""jyutping"":""go3""},{""word"":""袋"",""pos"":""n"",""jyutping"":""doi2""},{""word"":""喇"",""pos"":""y"",""jyutping"":""laa1""},{""word"":"","",""pos"":"""",""jyutping"":null},{""word"":""噉"",""pos"":""c"",""jyutping"":""gam2""},{""word"":""但係"",""pos"":""c"",""jyutping"":""daan6hai6""},{""word"":""佢哋"",""pos"":""r"",""jyutping"":""keoi5dei6""},{""word"":""唔"",""pos"":""d"",""jyutping"":""m4""},{""word"":""識"",""pos"":""v"",""jyutping"":""sik1""},{""word"":""諗"",""pos"":""v"",""jyutping"":""nam2""},{""word"":""即係"",""pos"":""c"",""jyutping"":""zik1hai6""},{""word"":""犯"",""pos"":""g1"",""jyutping"":""faan6""},{""word"":""唔"",""pos"":""d"",""jyutping"":""m4""},{""word"":""犯法"",""pos"":""v"",""jyutping"":""faan6faat3""},{""word"":"","",""pos"":"""",""jyutping"":null},{""word"":""因為"",""pos"":""c"",""jyutping"":""jan1wai6""},{""word"":""拉"",""pos"":""v"",""jyutping"":""laai1""},{""word"":""咗"",""pos"":""u"",""jyutping"":""zo2""},{""word"":""佢"",""pos"":""r"",""jyutping"":""keoi5""},{""word"":""唔"",""pos"":""d"",""jyutping"":""m4""},{""word"":""會"",""pos"":""vu"",""jyutping"":""wui5""},{""word"":""坐監"",""pos"":""v"",""jyutping"":""co5gaam1""},{""word"":""吖"",""pos"":""y"",""jyutping"":""aa1""},{""word"":""嗎"",""pos"":""y"",""jyutping"":""maa3""},{""word"":"","",""pos"":"""",""jyutping"":null},{""word"":""即係"",""pos"":""c"",""jyutping"":""zik1hai6""},{""word"":""最多"",""pos"":""d"",""jyutping"":""zeoi3do1""},{""word"":""咪"",""pos"":""d"",""jyutping"":""mai6""},{""word"":""打電話"",""pos"":""v"",""jyutping"":""daa2din6waa2""},{""word"":""去"",""pos"":""v"",""jyutping"":""heoi3""},{""word"":""佢"",""pos"":""r"",""jyutping"":""keoi5""},{""word"":""屋企"",""pos"":""n"",""jyutping"":""uk1kei2""},{""word"":""同"",""pos"":""p"",""jyutping"":""tung4""},{""word"":""佢"",""pos"":""r"",""jyutping"":""keoi5""},{""word"":""父母"",""pos"":""n"",""jyutping"":""fu6mou5""},{""word"":""講"",""pos"":""v"",""jyutping"":""gong2""},{""word"":""."",""pos"":"""",""jyutping"":null}]"	REQUIRES_EXPERT_CONTEXT_REVIEW
aa84br-df1e82c06bb65e8fcdd0	FC-109a_v2.cha	037818836278ea3a03f21b3859a1bddd8c57b91cedbae0cabc4a1643f2e1a630	41	149	5	XXC	internally_repeated_token	個	個個	q	NOUN	go3go3				False	True	2	讀	v	VERB	duk6	7	我哋	都	我哋	都	我知,雖然我哋個個都讀過書.	唔係,讀書哩個問題我都覺得迫唔來𠸏,即係,我自己都有哩個經驗.	亦都唔可以用,即係讀書嗰個讀書嘅成績來定佢嘅成就.	"{""repetitionMode"":""internally_repeated_token"",""baseSurface"":""個"",""matchedSurface"":""個個""}"	"[{""word"":""我"",""pos"":""r"",""jyutping"":""ngo5""},{""word"":""知"",""pos"":""v"",""jyutping"":""zi1""},{""word"":"","",""pos"":"""",""jyutping"":null},{""word"":""雖然"",""pos"":""c"",""jyutping"":""seoi1jin4""},{""word"":""我哋"",""pos"":""r"",""jyutping"":""ngo5dei6""},{""word"":""個個"",""pos"":""q"",""jyutping"":""go3go3""},{""word"":""都"",""pos"":""d"",""jyutping"":""dou1""},{""word"":""讀"",""pos"":""v"",""jyutping"":""duk6""},{""word"":""過"",""pos"":""u"",""jyutping"":""gwo3""},{""word"":""書"",""pos"":""n"",""jyutping"":""syu1""},{""word"":""."",""pos"":"""",""jyutping"":null}]"	REQUIRES_EXPERT_CONTEXT_REVIEW
aa84br-f51b999eeaa26e29bb66	FC-109a_v2.cha	037818836278ea3a03f21b3859a1bddd8c57b91cedbae0cabc4a1643f2e1a630	41	155	0	XXA	adjacent_identical_tokens	到	到到	v	VERB	dou3	到	u	dou3	True	True	2	大個	a	ADJ	daai6go3	3	<UTTERANCE_START>	佢	<UTTERANCE_START>	佢	到到佢大個又係賣CD啊?	噉如果係噉,佢第時大個冇-冇-冇哩個學業根底啊,做嘢...成世賣CD咩?	噉哩啲嘢-做其他嘢-你變咗想做第二啲嘢,做得舒舒服服嘅工都唔得喇.	"{""repetitionMode"":""adjacent_identical_tokens"",""baseSurface"":""到"",""matchedSurface"":""到到""}"	"[{""word"":""到"",""pos"":""v"",""jyutping"":""dou3""},{""word"":""到"",""pos"":""u"",""jyutping"":""dou3""},{""word"":""佢"",""pos"":""r"",""jyutping"":""keoi5""},{""word"":""大個"",""pos"":""a"",""jyutping"":""daai6go3""},{""word"":""又"",""pos"":""d"",""jyutping"":""jau6""},{""word"":""係"",""pos"":""v"",""jyutping"":""hai6""},{""word"":""賣"",""pos"":""v"",""jyutping"":""maai6""},{""word"":""CD"",""pos"":""xn"",""jyutping"":null},{""word"":""啊"",""pos"":""y"",""jyutping"":""aa3""},{""word"":""?"",""pos"":"""",""jyutping"":null}]"	REQUIRES_EXPERT_CONTEXT_REVIEW
aa84br-ac777c7380e603169ee0	FC-109a_v2.cha	037818836278ea3a03f21b3859a1bddd8c57b91cedbae0cabc4a1643f2e1a630	41	157	11	XXA	internally_repeated_token	下	下下	q	NOUN	haa5haa5				False	True	1	話	v	VERB	waa6	12	唔好	話	唔好	話	其實應該培養返佢哋應該要去讀書,唔好下下話為咗-為咗靚個袋噉樣來-去-走去做賣CD嗰啲嘢啊,噉囖.	噉哩啲嘢-做其他嘢-你變咗想做第二啲嘢,做得舒舒服服嘅工都唔得喇.	係呃,而且而家就話賣CD啫,噉如果遲啲有啲-即係更加大鑊嘅嘢,噉唔通即係佢又係為咗錢,哩樣嘢而去做咩?	"{""repetitionMode"":""internally_repeated_token"",""baseSurface"":""下"",""matchedSurface"":""下下""}"	"[{""word"":""其實"",""pos"":""d"",""jyutping"":""kei4sat6""},{""word"":""應該"",""pos"":""vu"",""jyutping"":""jing1goi1""},{""word"":""培養"",""pos"":""v"",""jyutping"":""pui4joeng5""},{""word"":""返"",""pos"":""u"",""jyutping"":""faan1""},{""word"":""佢哋"",""pos"":""r"",""jyutping"":""keoi5dei6""},{""word"":""應該"",""pos"":""vu"",""jyutping"":""jing1goi1""},{""word"":""要"",""pos"":""vu"",""jyutping"":""jiu3""},{""word"":""去"",""pos"":""vk"",""jyutping"":""heoi3""},{""word"":""讀書"",""pos"":""v"",""jyutping"":""duk6syu1""},{""word"":"","",""pos"":"""",""jyutping"":null},{""word"":""唔好"",""pos"":""vu"",""jyutping"":""m4hou2""},{""word"":""下下"",""pos"":""q"",""jyutping"":""haa5haa5""},{""word"":""話"",""pos"":""v"",""jyutping"":""waa6""},{""word"":""為咗"",""pos"":""p"",""jyutping"":""wai6zo2""},{""word"":""-"",""pos"":"""",""jyutping"":null},{""word"":""為咗"",""pos"":""p"",""jyutping"":""wai6zo2""},{""word"":""靚"",""pos"":""a"",""jyutping"":""leng3""},{""word"":""個"",""pos"":""q"",""jyutping"":""go3""},{""word"":""袋"",""pos"":""n"",""jyutping"":""doi2""},{""word"":""噉樣"",""pos"":""c"",""jyutping"":""gam2joeng2""},{""word"":""來"",""pos"":""v"",""jyutping"":""lai4""},{""word"":""-"",""pos"":"""",""jyutping"":null},{""word"":""去"",""pos"":""v"",""jyutping"":""heoi3""},{""word"":""-"",""pos"":"""",""jyutping"":null},{""word"":""走去"",""pos"":""v"",""jyutping"":""zau2heoi3""},{""word"":""做"",""pos"":""v"",""jyutping"":""zou6""},{""word"":""賣"",""pos"":""v"",""jyutping"":""maai6""},{""word"":""CD"",""pos"":""xn"",""jyutping"":null},{""word"":""嗰啲"",""pos"":""r"",""jyutping"":""go2di1""},{""word"":""嘢"",""pos"":""n"",""jyutping"":""je5""},{""word"":""啊"",""pos"":""y"",""jyutping"":""aa3""},{""word"":"","",""pos"":"""",""jyutping"":null},{""word"":""噉"",""pos"":""c"",""jyutping"":""gam2""},{""word"":""囖"",""pos"":""y"",""jyutping"":""lo1""},{""word"":""."",""pos"":"""",""jyutping"":null}]"	REQUIRES_EXPERT_CONTEXT_REVIEW
aa84br-be708346d7af411ca47b	FC-109a_v2.cha	037818836278ea3a03f21b3859a1bddd8c57b91cedbae0cabc4a1643f2e1a630	41	179	33	XXB	internally_repeated_token	少	少少	m	NUM	siu2siu2				False	False							負	責任	負	責任	冇錯吖,但係噉你覺得佢-即係-點解會咁多人買翻版CD,係唔係即係啲歌星啊,同埋嗰啲出版商都要負少少責任吖?	你係傷害咗佢哋𡃉嚹喎.	係唔係佢啲CD真係太貴?	"{""repetitionMode"":""internally_repeated_token"",""baseSurface"":""少"",""matchedSurface"":""少少""}"	"[{""word"":""冇錯"",""pos"":""v"",""jyutping"":""mou5co3""},{""word"":""吖"",""pos"":""y"",""jyutping"":""aa1""},{""word"":"","",""pos"":"""",""jyutping"":null},{""word"":""但係"",""pos"":""c"",""jyutping"":""daan6hai6""},{""word"":""噉"",""pos"":""c"",""jyutping"":""gam2""},{""word"":""你"",""pos"":""r"",""jyutping"":""nei5""},{""word"":""覺得"",""pos"":""v"",""jyutping"":""gok3dak1""},{""word"":""佢"",""pos"":""r"",""jyutping"":""keoi5""},{""word"":""-"",""pos"":"""",""jyutping"":null},{""word"":""即係"",""pos"":""c"",""jyutping"":""zik1hai6""},{""word"":""-"",""pos"":"""",""jyutping"":null},{""word"":""點解"",""pos"":""r"",""jyutping"":""dim2gaai2""},{""word"":""會"",""pos"":""vu"",""jyutping"":""wui5""},{""word"":""咁"",""pos"":""d"",""jyutping"":""gam3""},{""word"":""多"",""pos"":""a"",""jyutping"":""do1""},{""word"":""人"",""pos"":""n"",""jyutping"":""jan4""},{""word"":""買"",""pos"":""v"",""jyutping"":""maai5""},{""word"":""翻版"",""pos"":""n"",""jyutping"":""faan1baan2""},{""word"":""CD"",""pos"":""xn"",""jyutping"":null},{""word"":"","",""pos"":"""",""jyutping"":null},{""word"":""係"",""pos"":""v"",""jyutping"":""hai6""},{""word"":""唔係"",""pos"":""v"",""jyutping"":""m4hai6""},{""word"":""即係"",""pos"":""c"",""jyutping"":""zik1hai6""},{""word"":""啲"",""pos"":""q"",""jyutping"":""di1""},{""word"":""歌星"",""pos"":""n"",""jyutping"":""go1sing1""},{""word"":""啊"",""pos"":""y1"",""jyutping"":""aa3""},{""word"":"","",""pos"":"""",""jyutping"":null},{""word"":""同埋"",""pos"":""c"",""jyutping"":""tung4maai4""},{""word"":""嗰啲"",""pos"":""r"",""jyutping"":""go2di1""},{""word"":""出版商"",""pos"":""n"",""jyutping"":""ceot1baan2soeng1""},{""word"":""都"",""pos"":""d"",""jyutping"":""dou1""},{""word"":""要"",""pos"":""vu"",""jyutping"":""jiu3""},{""word"":""負"",""pos"":""v"",""jyutping"":""fu6""},{""word"":""少少"",""pos"":""m"",""jyutping"":""siu2siu2""},{""word"":""責任"",""pos"":""n"",""jyutping"":""zaak3jam6""},{""word"":""吖"",""pos"":""y"",""jyutping"":""aa1""},{""word"":""?"",""pos"":"""",""jyutping"":null}]"	REQUIRES_EXPERT_CONTEXT_REVIEW
aa84br-8be802ebb6debad2205e	FC-109a_v2.cha	037818836278ea3a03f21b3859a1bddd8c57b91cedbae0cabc4a1643f2e1a630	41	220	2	XXC	internally_repeated_token	個	個個	q	NOUN	go3go3				False	True	2	唔同	a	ADJ	m4tung4	4	係	人	係	人	噉係個個人唔同𠺢嗎.	係呃,你睇下你究竟嗰個人,即係究竟個袋喺你心目中究竟邊樣高啲喎重要,即係睇下個價值,同埋錢方面,即係加埋落個因素,邊個高啲,咪買邊個囖.	噉你買又唔會日日買𠺢嗎,噉如果你譬如你間唔中,你譬如一年買一個噉三千蚊嘅袋,噉我覺得即係還可以接受吖.	"{""repetitionMode"":""internally_repeated_token"",""baseSurface"":""個"",""matchedSurface"":""個個""}"	"[{""word"":""噉"",""pos"":""c"",""jyutping"":""gam2""},{""word"":""係"",""pos"":""v"",""jyutping"":""hai6""},{""word"":""個個"",""pos"":""q"",""jyutping"":""go3go3""},{""word"":""人"",""pos"":""n"",""jyutping"":""jan4""},{""word"":""唔同"",""pos"":""a"",""jyutping"":""m4tung4""},{""word"":""𠺢"",""pos"":""y"",""jyutping"":""gaa1""},{""word"":""嗎"",""pos"":""y"",""jyutping"":""maa3""},{""word"":""."",""pos"":"""",""jyutping"":null}]"	REQUIRES_EXPERT_CONTEXT_REVIEW
aa84br-80b069e4522d7f6c71a7	FC-109a_v2.cha	037818836278ea3a03f21b3859a1bddd8c57b91cedbae0cabc4a1643f2e1a630	41	221	6	XXC	internally_repeated_token	日	日日	q	NOUN	jat6jat6				False	True	1	買	v	VERB	maai5	7	會	買	會	買	噉你買又唔會日日買𠺢嗎,噉如果你譬如你間唔中,你譬如一年買一個噉三千蚊嘅袋,噉我覺得即係還可以接受吖.	噉係個個人唔同𠺢嗎.	"係呃,重有一樣嘢,就係你買完嗰個袋覺得真係唔鍾意嘅,而家有二手攤𠺢嗎,你可以去賣返出去𡃉,好似CD噉樣,你聽完之後,你發覺,""唉!都係唔係咁-咁鍾意成隻碟喎."	"{""repetitionMode"":""internally_repeated_token"",""baseSurface"":""日"",""matchedSurface"":""日日""}"	"[{""word"":""噉"",""pos"":""c"",""jyutping"":""gam2""},{""word"":""你"",""pos"":""r"",""jyutping"":""nei5""},{""word"":""買"",""pos"":""v"",""jyutping"":""maai5""},{""word"":""又"",""pos"":""d"",""jyutping"":""jau6""},{""word"":""唔"",""pos"":""d"",""jyutping"":""m4""},{""word"":""會"",""pos"":""vu"",""jyutping"":""wui5""},{""word"":""日日"",""pos"":""q"",""jyutping"":""jat6jat6""},{""word"":""買"",""pos"":""v"",""jyutping"":""maai5""},{""word"":""𠺢"",""pos"":""y"",""jyutping"":""gaa1""},{""word"":""嗎"",""pos"":""y"",""jyutping"":""maa3""},{""word"":"","",""pos"":"""",""jyutping"":null},{""word"":""噉"",""pos"":""c"",""jyutping"":""gam2""},{""word"":""如果"",""pos"":""c"",""jyutping"":""jyu4gwo2""},{""word"":""你"",""pos"":""r"",""jyutping"":""nei5""},{""word"":""譬如"",""pos"":""v"",""jyutping"":""pei3jyu4""},{""word"":""你"",""pos"":""r"",""jyutping"":""nei5""},{""word"":""間唔中"",""pos"":""d"",""jyutping"":""gaan3m4zung1""},{""word"":"","",""pos"":"""",""jyutping"":null},{""word"":""你"",""pos"":""r"",""jyutping"":""nei5""},{""word"":""譬如"",""pos"":""v"",""jyutping"":""pei3jyu4""},{""word"":""一"",""pos"":""m"",""jyutping"":""jat1""},{""word"":""年"",""pos"":""q"",""jyutping"":""nin4""},{""word"":""買"",""pos"":""v"",""jyutping"":""maai5""},{""word"":""一"",""pos"":""m"",""jyutping"":""jat1""},{""word"":""個"",""pos"":""q"",""jyutping"":""go3""},{""word"":""噉"",""pos"":""r"",""jyutping"":""gam2""},{""word"":""三千"",""pos"":""m"",""jyutping"":""saam1cin1""},{""word"":""蚊"",""pos"":""q"",""jyutping"":""man1""},{""word"":""嘅"",""pos"":""u"",""jyutping"":""ge3""},{""word"":""袋"",""pos"":""n"",""jyutping"":""doi2""},{""word"":"","",""pos"":"""",""jyutping"":null},{""word"":""噉"",""pos"":""c"",""jyutping"":""gam2""},{""word"":""我"",""pos"":""r"",""jyutping"":""ngo5""},{""word"":""覺得"",""pos"":""v"",""jyutping"":""gok3dak1""},{""word"":""即係"",""pos"":""c"",""jyutping"":""zik1hai6""},{""word"":""還"",""pos"":""d"",""jyutping"":""waan4""},{""word"":""可以"",""pos"":""vu"",""jyutping"":""ho2ji5""},{""word"":""接受"",""pos"":""v"",""jyutping"":""zip3sau6""},{""word"":""吖"",""pos"":""y"",""jyutping"":""aa1""},{""word"":""."",""pos"":"""",""jyutping"":null}]"	REQUIRES_EXPERT_CONTEXT_REVIEW
aa84br-90d9bb99b01432c95460	FC-R002a_v2.cha	58666f8bc0c52a152a30699272f4b2849aecbdf16078a6701c0458ad859e1046	42	15	8	XXC	internally_repeated_token	少	少少	m	NUM	siu2siu2				False	True	4	有	v1	VERB	jau5	13	叉開	,	叉開	嗰度	喂但係嗰度講,嗱○叉開少少,嗰度對面呢有間,誒,燒臘舖嘅.	喀.	係.	"{""repetitionMode"":""internally_repeated_token"",""baseSurface"":""少"",""matchedSurface"":""少少""}"	"[{""word"":""喂"",""pos"":""e"",""jyutping"":""wai3""},{""word"":""但係"",""pos"":""c"",""jyutping"":""daan6hai6""},{""word"":""嗰度"",""pos"":""r"",""jyutping"":""go2dou6""},{""word"":""講"",""pos"":""v"",""jyutping"":""gong2""},{""word"":"","",""pos"":"""",""jyutping"":null},{""word"":""嗱"",""pos"":""e"",""jyutping"":""laa4""},{""word"":""○"",""pos"":""#"",""jyutping"":null},{""word"":""叉開"",""pos"":""v"",""jyutping"":""caa1hoi1""},{""word"":""少少"",""pos"":""m"",""jyutping"":""siu2siu2""},{""word"":"","",""pos"":"""",""jyutping"":null},{""word"":""嗰度"",""pos"":""r"",""jyutping"":""go2dou6""},{""word"":""對面"",""pos"":""f"",""jyutping"":""deoi3min6""},{""word"":""呢"",""pos"":""y1"",""jyutping"":""ne1""},{""word"":""有"",""pos"":""v1"",""jyutping"":""jau5""},{""word"":""間"",""pos"":""q"",""jyutping"":""gaan1""},{""word"":"","",""pos"":"""",""jyutping"":null},{""word"":""誒"",""pos"":""e"",""jyutping"":""e6""},{""word"":"","",""pos"":"""",""jyutping"":null},{""word"":""燒臘"",""pos"":""n"",""jyutping"":""siu1laap6""},{""word"":""舖"",""pos"":""n"",""jyutping"":""pou2""},{""word"":""嘅"",""pos"":""y"",""jyutping"":""ge3""},{""word"":""."",""pos"":"""",""jyutping"":null}]"	REQUIRES_EXPERT_CONTEXT_REVIEW
aa84br-b8bea91573b6444bb06b	FC-R002a_v2.cha	58666f8bc0c52a152a30699272f4b2849aecbdf16078a6701c0458ad859e1046	42	45	2	XXA	internally_repeated_token	少	少少	m	NUM	siu2siu2				False	False							有	party	有	party	即係有少少party.	噉睇就亦都有啲怪叫聲啊嗰啲呢.	同埋有啲真係我完全唔識笑嗰啲呢.	"{""repetitionMode"":""internally_repeated_token"",""baseSurface"":""少"",""matchedSurface"":""少少""}"	"[{""word"":""即係"",""pos"":""c"",""jyutping"":""zik1hai6""},{""word"":""有"",""pos"":""v1"",""jyutping"":""jau5""},{""word"":""少少"",""pos"":""m"",""jyutping"":""siu2siu2""},{""word"":""party"",""pos"":""xn"",""jyutping"":null},{""word"":""."",""pos"":"""",""jyutping"":null}]"	REQUIRES_EXPERT_CONTEXT_REVIEW
aa84br-7bd78caf870eb7d82990	FC-R002a_v2.cha	58666f8bc0c52a152a30699272f4b2849aecbdf16078a6701c0458ad859e1046	42	164	1	XXA	internally_repeated_token	慢	慢慢	d	ADV	maan6maan2				False	True	1	覺得	v	VERB	gok3dak1	2	但係	覺得	但係	覺得	但係慢慢覺得佢呢佢話即係佢𠻺覺得佢努力去做一件事啊.	開頭佢覺得佢阿爸好戇居啊做哩啲事,醜啊.	然後得到佢個仔嘅認同嘅.	"{""repetitionMode"":""internally_repeated_token"",""baseSurface"":""慢"",""matchedSurface"":""慢慢""}"	"[{""word"":""但係"",""pos"":""c"",""jyutping"":""daan6hai6""},{""word"":""慢慢"",""pos"":""d"",""jyutping"":""maan6maan2""},{""word"":""覺得"",""pos"":""v"",""jyutping"":""gok3dak1""},{""word"":""佢"",""pos"":""r"",""jyutping"":""keoi5""},{""word"":""呢"",""pos"":""y1"",""jyutping"":""ne1""},{""word"":""佢"",""pos"":""r"",""jyutping"":""keoi5""},{""word"":""話"",""pos"":""v"",""jyutping"":""waa6""},{""word"":""即係"",""pos"":""c"",""jyutping"":""zik1hai6""},{""word"":""佢"",""pos"":""r"",""jyutping"":""keoi5""},{""word"":""𠻺"",""pos"":""y1"",""jyutping"":""aa6""},{""word"":""覺得"",""pos"":""v"",""jyutping"":""gok3dak1""},{""word"":""佢"",""pos"":""r"",""jyutping"":""keoi5""},{""word"":""努力"",""pos"":""a"",""jyutping"":""nou5lik6""},{""word"":""去"",""pos"":""v"",""jyutping"":""heoi3""},{""word"":""做"",""pos"":""v"",""jyutping"":""zou6""},{""word"":""一"",""pos"":""m"",""jyutping"":""jat1""},{""word"":""件"",""pos"":""q"",""jyutping"":""gin6""},{""word"":""事"",""pos"":""n"",""jyutping"":""si6""},{""word"":""啊"",""pos"":""y"",""jyutping"":""aa3""},{""word"":""."",""pos"":"""",""jyutping"":null}]"	REQUIRES_EXPERT_CONTEXT_REVIEW
aa84br-c7ddabb8d55073247cdd	FC-R002a_v2.cha	58666f8bc0c52a152a30699272f4b2849aecbdf16078a6701c0458ad859e1046	42	182	5	XXA	internally_repeated_token	太	太太	n	NOUN	taai3taai2				False	True	4	有	v1	VERB	jau5	9	佢	之間	佢	之間	噉另外就同佢太太之間呢亦都有個中年婚姻危機𡃉.	係.	即係覺得太太,冇理由我太太會重-重愛我吖.	"{""repetitionMode"":""internally_repeated_token"",""baseSurface"":""太"",""matchedSurface"":""太太""}"	"[{""word"":""噉"",""pos"":""c"",""jyutping"":""gam2""},{""word"":""另外"",""pos"":""c"",""jyutping"":""ling6ngoi6""},{""word"":""就"",""pos"":""d"",""jyutping"":""zau6""},{""word"":""同"",""pos"":""p"",""jyutping"":""tung4""},{""word"":""佢"",""pos"":""r"",""jyutping"":""keoi5""},{""word"":""太太"",""pos"":""n"",""jyutping"":""taai3taai2""},{""word"":""之間"",""pos"":""f"",""jyutping"":""zi1gaan1""},{""word"":""呢"",""pos"":""y1"",""jyutping"":""ne1""},{""word"":""亦都"",""pos"":""d"",""jyutping"":""jik6dou1""},{""word"":""有"",""pos"":""v1"",""jyutping"":""jau5""},{""word"":""個"",""pos"":""q"",""jyutping"":""go3""},{""word"":""中年"",""pos"":""n"",""jyutping"":""zung1nin4""},{""word"":""婚姻"",""pos"":""n"",""jyutping"":""fan1jan1""},{""word"":""危機"",""pos"":""n"",""jyutping"":""ngai4gei1""},{""word"":""𡃉"",""pos"":""y"",""jyutping"":""gaa3""},{""word"":""."",""pos"":"""",""jyutping"":null}]"	REQUIRES_EXPERT_CONTEXT_REVIEW
aa84br-c01c0e02721709878637	FC-R002a_v2.cha	58666f8bc0c52a152a30699272f4b2849aecbdf16078a6701c0458ad859e1046	42	183	2	XXA	internally_repeated_token	太	太太	n	NOUN	taai3taai2				False	True	1	冇	v1	VERB	mou5	4	覺得	,	覺得	冇	即係覺得太太,冇理由我太太會重-重愛我吖.	噉另外就同佢太太之間呢亦都有個中年婚姻危機𡃉.	即係我事業又唔得,要樣冇樣,要錢冇錢噉樣.	"{""repetitionMode"":""internally_repeated_token"",""baseSurface"":""太"",""matchedSurface"":""太太""}"	"[{""word"":""即係"",""pos"":""c"",""jyutping"":""zik1hai6""},{""word"":""覺得"",""pos"":""v"",""jyutping"":""gok3dak1""},{""word"":""太太"",""pos"":""n"",""jyutping"":""taai3taai2""},{""word"":"","",""pos"":"""",""jyutping"":null},{""word"":""冇"",""pos"":""v1"",""jyutping"":""mou5""},{""word"":""理由"",""pos"":""n"",""jyutping"":""lei5jau4""},{""word"":""我"",""pos"":""r"",""jyutping"":""ngo5""},{""word"":""太太"",""pos"":""n"",""jyutping"":""taai3taai2""},{""word"":""會"",""pos"":""vu"",""jyutping"":""wui5""},{""word"":""重"",""pos"":""d"",""jyutping"":""zung6""},{""word"":""-"",""pos"":"""",""jyutping"":null},{""word"":""重"",""pos"":""d"",""jyutping"":""zung6""},{""word"":""愛"",""pos"":""v"",""jyutping"":""oi3""},{""word"":""我"",""pos"":""r"",""jyutping"":""ngo5""},{""word"":""吖"",""pos"":""y"",""jyutping"":""aa1""},{""word"":""."",""pos"":"""",""jyutping"":null}]"	REQUIRES_EXPERT_CONTEXT_REVIEW
aa84br-b9757996005f4c837577	FC-R002a_v2.cha	58666f8bc0c52a152a30699272f4b2849aecbdf16078a6701c0458ad859e1046	42	183	7	XXA	internally_repeated_token	太	太太	n	NOUN	taai3taai2				False	True	1	會	vu	AUX	wui5	8	我	會	我	會	即係覺得太太,冇理由我太太會重-重愛我吖.	噉另外就同佢太太之間呢亦都有個中年婚姻危機𡃉.	即係我事業又唔得,要樣冇樣,要錢冇錢噉樣.	"{""repetitionMode"":""internally_repeated_token"",""baseSurface"":""太"",""matchedSurface"":""太太""}"	"[{""word"":""即係"",""pos"":""c"",""jyutping"":""zik1hai6""},{""word"":""覺得"",""pos"":""v"",""jyutping"":""gok3dak1""},{""word"":""太太"",""pos"":""n"",""jyutping"":""taai3taai2""},{""word"":"","",""pos"":"""",""jyutping"":null},{""word"":""冇"",""pos"":""v1"",""jyutping"":""mou5""},{""word"":""理由"",""pos"":""n"",""jyutping"":""lei5jau4""},{""word"":""我"",""pos"":""r"",""jyutping"":""ngo5""},{""word"":""太太"",""pos"":""n"",""jyutping"":""taai3taai2""},{""word"":""會"",""pos"":""vu"",""jyutping"":""wui5""},{""word"":""重"",""pos"":""d"",""jyutping"":""zung6""},{""word"":""-"",""pos"":"""",""jyutping"":null},{""word"":""重"",""pos"":""d"",""jyutping"":""zung6""},{""word"":""愛"",""pos"":""v"",""jyutping"":""oi3""},{""word"":""我"",""pos"":""r"",""jyutping"":""ngo5""},{""word"":""吖"",""pos"":""y"",""jyutping"":""aa1""},{""word"":""."",""pos"":"""",""jyutping"":null}]"	REQUIRES_EXPERT_CONTEXT_REVIEW
aa84br-c1c6c4ae6a0c4c0c2ece	FC-R002a_v2.cha	58666f8bc0c52a152a30699272f4b2849aecbdf16078a6701c0458ad859e1046	42	228	2	XXA	internally_repeated_token	樣	樣樣	q	NOUN	joeng6joeng6				False	True	5	蓬勃	a	ADJ	fung4but6	7	嗰邊	嘢	嗰邊	嘢	嘩嗰邊樣樣嘢都好唔蓬勃,係睇艷舞好蓬勃啊.	而佢哋亦都寫𡁵嗰樣嘢就係話,誒,個婦權喇,女權開始當道喇.	即係每個人俾寧願俾十鎊入去睇呢,都冇問題啊.	"{""repetitionMode"":""internally_repeated_token"",""baseSurface"":""樣"",""matchedSurface"":""樣樣""}"	"[{""word"":""嘩"",""pos"":""e"",""jyutping"":""waa3""},{""word"":""嗰邊"",""pos"":""r"",""jyutping"":""go2bin1""},{""word"":""樣樣"",""pos"":""q"",""jyutping"":""joeng6joeng6""},{""word"":""嘢"",""pos"":""n"",""jyutping"":""je5""},{""word"":""都"",""pos"":""d"",""jyutping"":""dou1""},{""word"":""好"",""pos"":""d"",""jyutping"":""hou2""},{""word"":""唔"",""pos"":""d"",""jyutping"":""m4""},{""word"":""蓬勃"",""pos"":""a"",""jyutping"":""fung4but6""},{""word"":"","",""pos"":"""",""jyutping"":null},{""word"":""係"",""pos"":""v"",""jyutping"":""hai6""},{""word"":""睇"",""pos"":""v"",""jyutping"":""tai2""},{""word"":""艷舞"",""pos"":""n"",""jyutping"":""jim6mou5""},{""word"":""好"",""pos"":""d"",""jyutping"":""hou2""},{""word"":""蓬勃"",""pos"":""a"",""jyutping"":""fung4but6""},{""word"":""啊"",""pos"":""y"",""jyutping"":""aa3""},{""word"":""."",""pos"":"""",""jyutping"":null}]"	REQUIRES_EXPERT_CONTEXT_REVIEW
aa84br-81ab69e8801341513c08	FC-R002b_v2.cha	b28d73a3ee59df00086c327503f3fb5153b39c62120bf7ce3bf6e4074ea3665a	43	79	1	XXA	internally_repeated_token	啱	啱啱	d	ADV	ngaam1ngaam1				False	False							即係	到	即係	到	即係啱啱到港嘅新移民.	但係呢佢又重疊咗另外一位呢,我想加多位新移民𠻹.	即係佢係對香港𠻺充滿憧憬.	"{""repetitionMode"":""internally_repeated_token"",""baseSurface"":""啱"",""matchedSurface"":""啱啱""}"	"[{""word"":""即係"",""pos"":""c"",""jyutping"":""zik1hai6""},{""word"":""啱啱"",""pos"":""d"",""jyutping"":""ngaam1ngaam1""},{""word"":""到"",""pos"":""d"",""jyutping"":""dou3""},{""word"":""港"",""pos"":""jns"",""jyutping"":""gong2""},{""word"":""嘅"",""pos"":""u"",""jyutping"":""ge3""},{""word"":""新移民"",""pos"":""n"",""jyutping"":""san1ji4man4""},{""word"":""."",""pos"":"""",""jyutping"":null}]"	REQUIRES_EXPERT_CONTEXT_REVIEW
aa84br-70025526b83842166917	FC-R002b_v2.cha	b28d73a3ee59df00086c327503f3fb5153b39c62120bf7ce3bf6e4074ea3665a	43	98	23	XXC	internally_repeated_token	太	太太	n	NOUN	taai3taai2				False	True	4	譬如	v	VERB	pei3jyu4	28	個	嘅	個	嘅	譬如聽你所講呢就哩啲男士呢多多少少呢係因為女-佢哋嘅另一半啊,個太太嘅關係呢,譬如話一係就唔敢話俾佢聽自己失業喇,一係呢就要同個老婆爭個仔喇.	係.	一係呢就即係𠻺譬如話又有中年嘅婚姻危機.	"{""repetitionMode"":""internally_repeated_token"",""baseSurface"":""太"",""matchedSurface"":""太太""}"	"[{""word"":""譬如"",""pos"":""v"",""jyutping"":""pei3jyu4""},{""word"":""聽"",""pos"":""v"",""jyutping"":""teng1""},{""word"":""你"",""pos"":""r"",""jyutping"":""nei5""},{""word"":""所"",""pos"":""u"",""jyutping"":""so2""},{""word"":""講"",""pos"":""v"",""jyutping"":""gong2""},{""word"":""呢"",""pos"":""y1"",""jyutping"":""ne1""},{""word"":""就"",""pos"":""d"",""jyutping"":""zau6""},{""word"":""哩啲"",""pos"":""r"",""jyutping"":""ni1di1""},{""word"":""男士"",""pos"":""n"",""jyutping"":""naam4si6""},{""word"":""呢"",""pos"":""y1"",""jyutping"":""ne1""},{""word"":""多多少少"",""pos"":""m"",""jyutping"":""do1do1siu2siu2""},{""word"":""呢"",""pos"":""y1"",""jyutping"":""ne1""},{""word"":""係"",""pos"":""v"",""jyutping"":""hai6""},{""word"":""因為"",""pos"":""c"",""jyutping"":""jan1wai6""},{""word"":""女"",""pos"":""Ng"",""jyutping"":""neoi5""},{""word"":""-"",""pos"":"""",""jyutping"":null},{""word"":""佢哋"",""pos"":""r"",""jyutping"":""keoi5dei6""},{""word"":""嘅"",""pos"":""u"",""jyutping"":""ge3""},{""word"":""另"",""pos"":""d"",""jyutping"":""ling6""},{""word"":""一半"",""pos"":""m"",""jyutping"":""jat1bun3""},{""word"":""啊"",""pos"":""y1"",""jyutping"":""aa3""},{""word"":"","",""pos"":"""",""jyutping"":null},{""word"":""個"",""pos"":""q"",""jyutping"":""go3""},{""word"":""太太"",""pos"":""n"",""jyutping"":""taai3taai2""},{""word"":""嘅"",""pos"":""u"",""jyutping"":""ge3""},{""word"":""關係"",""pos"":""n"",""jyutping"":""gwaan1hai6""},{""word"":""呢"",""pos"":""y1"",""jyutping"":""ne1""},{""word"":"","",""pos"":"""",""jyutping"":null},{""word"":""譬如"",""pos"":""v"",""jyutping"":""pei3jyu4""},{""word"":""話"",""pos"":""v"",""jyutping"":""waa6""},{""word"":""一係"",""pos"":""c"",""jyutping"":""jat1hai6""},{""word"":""就"",""pos"":""d"",""jyutping"":""zau6""},{""word"":""唔"",""pos"":""d"",""jyutping"":""m4""},{""word"":""敢"",""pos"":""v"",""jyutping"":""gam2""},{""word"":""話"",""pos"":""v"",""jyutping"":""waa6""},{""word"":""俾"",""pos"":""p"",""jyutping"":""bei2""},{""word"":""佢"",""pos"":""r"",""jyutping"":""keoi5""},{""word"":""聽"",""pos"":""v"",""jyutping"":""teng1""},{""word"":""自己"",""pos"":""r"",""jyutping"":""zi6gei2""},{""word"":""失業"",""pos"":""v"",""jyutping"":""sat1jip6""},{""word"":""喇"",""pos"":""y"",""jyutping"":""laa1""},{""word"":"","",""pos"":"""",""jyutping"":null},{""word"":""一係"",""pos"":""c"",""jyutping"":""jat1hai6""},{""word"":""呢"",""pos"":""y1"",""jyutping"":""ne1""},{""word"":""就"",""pos"":""d"",""jyutping"":""zau6""},{""word"":""要"",""pos"":""vu"",""jyutping"":""jiu3""},{""word"":""同"",""pos"":""p"",""jyutping"":""tung4""},{""word"":""個"",""pos"":""q"",""jyutping"":""go3""},{""word"":""老婆"",""pos"":""n"",""jyutping"":""lou5po4""},{""word"":""爭"",""pos"":""v"",""jyutping"":""zaang1""},{""word"":""個"",""pos"":""q"",""jyutping"":""go3""},{""word"":""仔"",""pos"":""n"",""jyutping"":""zai2""},{""word"":""喇"",""pos"":""y"",""jyutping"":""laa1""},{""word"":""."",""pos"":"""",""jyutping"":null}]"	REQUIRES_EXPERT_CONTEXT_REVIEW
aa84br-3ec509a7c15d20dfd798	FC-R002b_v2.cha	b28d73a3ee59df00086c327503f3fb5153b39c62120bf7ce3bf6e4074ea3665a	43	100	2	XXC	internally_repeated_token	太	太太	n	NOUN	taai3taai2				False	True	1	冇	v1	VERB	mou5	3	個	冇	個	冇	覺得個太太冇乜嘢理由愛我喇.	一係呢就即係𠻺譬如話又有中年嘅婚姻危機.	係因為即係𠻺哩啲都係因為女性啊,嘅另一半而構成佢哋嘅問題.	"{""repetitionMode"":""internally_repeated_token"",""baseSurface"":""太"",""matchedSurface"":""太太""}"	"[{""word"":""覺得"",""pos"":""v"",""jyutping"":""gok3dak1""},{""word"":""個"",""pos"":""q"",""jyutping"":""go3""},{""word"":""太太"",""pos"":""n"",""jyutping"":""taai3taai2""},{""word"":""冇"",""pos"":""v1"",""jyutping"":""mou5""},{""word"":""乜嘢"",""pos"":""r"",""jyutping"":""mat1je5""},{""word"":""理由"",""pos"":""n"",""jyutping"":""lei5jau4""},{""word"":""愛"",""pos"":""v"",""jyutping"":""oi3""},{""word"":""我"",""pos"":""r"",""jyutping"":""ngo5""},{""word"":""喇"",""pos"":""y"",""jyutping"":""laa1""},{""word"":""."",""pos"":"""",""jyutping"":null}]"	REQUIRES_EXPERT_CONTEXT_REVIEW
aa84br-dc80c90363b59951dc9e	FC-R002b_v2.cha	b28d73a3ee59df00086c327503f3fb5153b39c62120bf7ce3bf6e4074ea3665a	43	183	2	XXA	internally_repeated_token	個	個個	q	NOUN	go3go3				False	True	4	演繹	v	VERB	jin2jik6	6	而	呢	而	呢	噉而個個呢嗰種演繹方法都好好.	就肥仔冇辦法,因為我代入得太緊要.	大家都真係好實淨啊.	"{""repetitionMode"":""internally_repeated_token"",""baseSurface"":""個"",""matchedSurface"":""個個""}"	"[{""word"":""噉"",""pos"":""c"",""jyutping"":""gam2""},{""word"":""而"",""pos"":""c"",""jyutping"":""ji4""},{""word"":""個個"",""pos"":""q"",""jyutping"":""go3go3""},{""word"":""呢"",""pos"":""y1"",""jyutping"":""ne1""},{""word"":""嗰"",""pos"":""r"",""jyutping"":""go2""},{""word"":""種"",""pos"":""q"",""jyutping"":""zung2""},{""word"":""演繹"",""pos"":""v"",""jyutping"":""jin2jik6""},{""word"":""方法"",""pos"":""n"",""jyutping"":""fong1faat3""},{""word"":""都"",""pos"":""d"",""jyutping"":""dou1""},{""word"":""好"",""pos"":""d"",""jyutping"":""hou2""},{""word"":""好"",""pos"":""a"",""jyutping"":""hou2""},{""word"":""."",""pos"":"""",""jyutping"":null}]"	REQUIRES_EXPERT_CONTEXT_REVIEW
aa84br-856031cb8024a058ad55	FC-R002b_v2.cha	b28d73a3ee59df00086c327503f3fb5153b39c62120bf7ce3bf6e4074ea3665a	43	193	6	XXA	internally_repeated_token	淡	淡淡	a	ADJ	daam6daam6				False	True	2	無奈	a	ADJ	mou4noi6	8	着	嘅	着	嘅	但係淡-即係滲着淡淡嘅無奈啊.	噉但係同埋成套戲呢,儘管係一個喜劇或者荒謬嘅主題.	因為喺一個社會裏邊,經濟真係低迷嘅時候,揾唔到嘢,真係係揾唔到嘢做,噉點呢?	"{""repetitionMode"":""internally_repeated_token"",""baseSurface"":""淡"",""matchedSurface"":""淡淡""}"	"[{""word"":""但係"",""pos"":""c"",""jyutping"":""daan6hai6""},{""word"":""淡"",""pos"":""a"",""jyutping"":""daam6""},{""word"":""-"",""pos"":"""",""jyutping"":null},{""word"":""即係"",""pos"":""c"",""jyutping"":""zik1hai6""},{""word"":""滲"",""pos"":""v"",""jyutping"":""sam3""},{""word"":""着"",""pos"":""u"",""jyutping"":""zoek6""},{""word"":""淡淡"",""pos"":""a"",""jyutping"":""daam6daam6""},{""word"":""嘅"",""pos"":""u"",""jyutping"":""ge3""},{""word"":""無奈"",""pos"":""a"",""jyutping"":""mou4noi6""},{""word"":""啊"",""pos"":""y"",""jyutping"":""aa3""},{""word"":""."",""pos"":"""",""jyutping"":null}]"	REQUIRES_EXPERT_CONTEXT_REVIEW
aa84br-ced8086c5c2148358503	FC-R002b_v2.cha	b28d73a3ee59df00086c327503f3fb5153b39c62120bf7ce3bf6e4074ea3665a	43	205	1	XXA	adjacent_identical_tokens	一路	一路一路	d	ADV	jat1lou6	一路	d	jat1lou6	True	True	1	剝	v	VERB	mok1	3	""""	剝	<UTTERANCE_START>	剝	"""一路一路剝."	我份工唔錯𡃉.	即係講返件心理過程出來,係唔係啊?	"{""repetitionMode"":""adjacent_identical_tokens"",""baseSurface"":""一路"",""matchedSurface"":""一路一路""}"	"[{""word"":""\"""",""pos"":"""",""jyutping"":null},{""word"":""一路"",""pos"":""d"",""jyutping"":""jat1lou6""},{""word"":""一路"",""pos"":""d"",""jyutping"":""jat1lou6""},{""word"":""剝"",""pos"":""v"",""jyutping"":""mok1""},{""word"":""."",""pos"":"""",""jyutping"":null}]"	REQUIRES_EXPERT_CONTEXT_REVIEW
aa84br-9d72269bd3ed7eff6fe8	FC-R002b_v2.cha	b28d73a3ee59df00086c327503f3fb5153b39c62120bf7ce3bf6e4074ea3665a	43	217	2	XXB	internally_repeated_token	日	日日	q	NOUN	jat6jat6				False	True	2	出去	v	VERB	ceot1heoi3	4	,	都	吓	都	吓,日日都出去.	即係個老公就,硬係呃住老婆.	出去返工就唔肯.	"{""repetitionMode"":""internally_repeated_token"",""baseSurface"":""日"",""matchedSurface"":""日日""}"	"[{""word"":""吓"",""pos"":""e"",""jyutping"":""haa2""},{""word"":"","",""pos"":"""",""jyutping"":null},{""word"":""日日"",""pos"":""q"",""jyutping"":""jat6jat6""},{""word"":""都"",""pos"":""d"",""jyutping"":""dou1""},{""word"":""出去"",""pos"":""v"",""jyutping"":""ceot1heoi3""},{""word"":""."",""pos"":"""",""jyutping"":null}]"	REQUIRES_EXPERT_CONTEXT_REVIEW
aa84br-a20da522e9de2c42b09f	FC-R002b_v2.cha	b28d73a3ee59df00086c327503f3fb5153b39c62120bf7ce3bf6e4074ea3665a	43	227	3	XXA	internally_repeated_token	下	下下	q	NOUN	haa5haa5				False	True	3	收得	a	ADJ	sau1dak1	8	話	""""	話	鐵達尼	"因為你話下下""鐵達尼""咁收得呢,我𠻺真係唔識拍,亦都冇噉嘅資源拍."	噉另外睇完之後都對我有振奮.	"但係""FullMonty""哩啲呢,真係純粹用腦,用idea去諗嘅戲,揾啱演員去做呢,就有噉嘅成績呢."	"{""repetitionMode"":""internally_repeated_token"",""baseSurface"":""下"",""matchedSurface"":""下下""}"	"[{""word"":""因為"",""pos"":""c"",""jyutping"":""jan1wai6""},{""word"":""你"",""pos"":""r"",""jyutping"":""nei5""},{""word"":""話"",""pos"":""v"",""jyutping"":""waa6""},{""word"":""下下"",""pos"":""q"",""jyutping"":""haa5haa5""},{""word"":""\"""",""pos"":"""",""jyutping"":null},{""word"":""鐵達尼"",""pos"":""nz"",""jyutping"":""tit3daat6nei4""},{""word"":""\"""",""pos"":"""",""jyutping"":null},{""word"":""咁"",""pos"":""d"",""jyutping"":""gam3""},{""word"":""收得"",""pos"":""a"",""jyutping"":""sau1dak1""},{""word"":""呢"",""pos"":""y1"",""jyutping"":""ne1""},{""word"":"","",""pos"":"""",""jyutping"":null},{""word"":""我"",""pos"":""r"",""jyutping"":""ngo5""},{""word"":""𠻺"",""pos"":""y1"",""jyutping"":""aa6""},{""word"":""真係"",""pos"":""d"",""jyutping"":""zan1hai6""},{""word"":""唔"",""pos"":""d"",""jyutping"":""m4""},{""word"":""識"",""pos"":""v"",""jyutping"":""sik1""},{""word"":""拍"",""pos"":""v"",""jyutping"":""paak3""},{""word"":"","",""pos"":"""",""jyutping"":null},{""word"":""亦都"",""pos"":""d"",""jyutping"":""jik6dou1""},{""word"":""冇"",""pos"":""v1"",""jyutping"":""mou5""},{""word"":""噉"",""pos"":""r"",""jyutping"":""gam2""},{""word"":""嘅"",""pos"":""u"",""jyutping"":""ge3""},{""word"":""資源"",""pos"":""n"",""jyutping"":""zi1jyun4""},{""word"":""拍"",""pos"":""v"",""jyutping"":""paak3""},{""word"":""."",""pos"":"""",""jyutping"":null}]"	REQUIRES_EXPERT_CONTEXT_REVIEW
aa84br-e95fc79b9ada9623b77d	FC-R004_v2.cha	ee5e7161ddae4e08eea8b881c2d220d21c258af2c30ce6a6c5c728535e9c9376	45	208	12	XXC	internally_repeated_token	日	日日	q	NOUN	jat6jat6				False	True	1	蝕	v	VERB	sit6	13	噉	蝕	噉	蝕	黏一頭半個月又係冇人租噉日日蝕.	噉你揸住個吉舖喺度又係黏紙.	亦都冇人負擔得起.	"{""repetitionMode"":""internally_repeated_token"",""baseSurface"":""日"",""matchedSurface"":""日日""}"	"[{""word"":""黏"",""pos"":""v"",""jyutping"":""nim4""},{""word"":""一"",""pos"":""m"",""jyutping"":""jat1""},{""word"":""頭"",""pos"":""q"",""jyutping"":""tau4""},{""word"":""半"",""pos"":""m"",""jyutping"":""bun3""},{""word"":""個"",""pos"":""q"",""jyutping"":""go3""},{""word"":""月"",""pos"":""n"",""jyutping"":""jyut6""},{""word"":""又"",""pos"":""d"",""jyutping"":""jau6""},{""word"":""係"",""pos"":""v"",""jyutping"":""hai6""},{""word"":""冇"",""pos"":""v1"",""jyutping"":""mou5""},{""word"":""人"",""pos"":""n"",""jyutping"":""jan4""},{""word"":""租"",""pos"":""v"",""jyutping"":""zou1""},{""word"":""噉"",""pos"":""c"",""jyutping"":""gam2""},{""word"":""日日"",""pos"":""q"",""jyutping"":""jat6jat6""},{""word"":""蝕"",""pos"":""v"",""jyutping"":""sit6""},{""word"":""."",""pos"":"""",""jyutping"":null}]"	REQUIRES_EXPERT_CONTEXT_REVIEW
aa84br-e9c625b7dd2e6d6fd692	FC-R005_v2.cha	df8f8770d195db050ee8b1e25bea31af22a17ecd779cff97e99594b68f5d75ab	46	34	0	XXC	adjacent_identical_tokens	係	係係	v	VERB	hai6	係	v	hai6	True	True	1	係	v	VERB	hai6	2	<UTTERANCE_START>	係	<UTTERANCE_START>	係	係係係.	亦都多謝馬小靈啊.	謝茜嘉啊.	"{""repetitionMode"":""adjacent_identical_tokens"",""baseSurface"":""係"",""matchedSurface"":""係係""}"	"[{""word"":""係"",""pos"":""v"",""jyutping"":""hai6""},{""word"":""係"",""pos"":""v"",""jyutping"":""hai6""},{""word"":""係"",""pos"":""v"",""jyutping"":""hai6""},{""word"":""."",""pos"":"""",""jyutping"":null}]"	REQUIRES_EXPERT_CONTEXT_REVIEW
aa84br-da3fab632f0f0d9a7e84	FC-R005_v2.cha	df8f8770d195db050ee8b1e25bea31af22a17ecd779cff97e99594b68f5d75ab	46	113	7	XXC	internally_repeated_token	少	少少	m	NUM	siu2siu2				False	False							有	荊軻刺秦王	有	荊軻刺秦王	我每日行出門口都有少少荊軻刺秦王嘅感覺𡃉.	真係人間慘劇啊我話你聽.	噉乜嘢意思啊大佬?	"{""repetitionMode"":""internally_repeated_token"",""baseSurface"":""少"",""matchedSurface"":""少少""}"	"[{""word"":""我"",""pos"":""r"",""jyutping"":""ngo5""},{""word"":""每"",""pos"":""r"",""jyutping"":""mui5""},{""word"":""日"",""pos"":""q"",""jyutping"":""jat6""},{""word"":""行出"",""pos"":""v"",""jyutping"":""haang4ceot1""},{""word"":""門口"",""pos"":""n"",""jyutping"":""mun4hau2""},{""word"":""都"",""pos"":""d"",""jyutping"":""dou1""},{""word"":""有"",""pos"":""v1"",""jyutping"":""jau5""},{""word"":""少少"",""pos"":""m"",""jyutping"":""siu2siu2""},{""word"":""荊軻刺秦王"",""pos"":""l"",""jyutping"":""ging1o1ci3ceon4wong4""},{""word"":""嘅"",""pos"":""u"",""jyutping"":""ge3""},{""word"":""感覺"",""pos"":""n"",""jyutping"":""gam2gok3""},{""word"":""𡃉"",""pos"":""y"",""jyutping"":""gaa3""},{""word"":""."",""pos"":"""",""jyutping"":null}]"	REQUIRES_EXPERT_CONTEXT_REVIEW
aa84br-c400f02809fe46f996b8	FC-R005_v2.cha	df8f8770d195db050ee8b1e25bea31af22a17ecd779cff97e99594b68f5d75ab	46	121	11	XXC	internally_repeated_token	少	少少	m	NUM	siu2siu2				False	False							有	𡃉	有	𡃉	得自己一個人上路嗰個感覺呢,有少少𡃉.	側邊冇乜嘢人.	同埋我已經知道晒九龍城喺邊幾度有早餐賣囖.	"{""repetitionMode"":""internally_repeated_token"",""baseSurface"":""少"",""matchedSurface"":""少少""}"	"[{""word"":""得"",""pos"":""u"",""jyutping"":""dak1""},{""word"":""自己"",""pos"":""r"",""jyutping"":""zi6gei2""},{""word"":""一"",""pos"":""m"",""jyutping"":""jat1""},{""word"":""個"",""pos"":""q"",""jyutping"":""go3""},{""word"":""人"",""pos"":""n"",""jyutping"":""jan4""},{""word"":""上路"",""pos"":""v"",""jyutping"":""soeng5lou6""},{""word"":""嗰個"",""pos"":""r"",""jyutping"":""go2go3""},{""word"":""感覺"",""pos"":""n"",""jyutping"":""gam2gok3""},{""word"":""呢"",""pos"":""y1"",""jyutping"":""ne1""},{""word"":"","",""pos"":"""",""jyutping"":null},{""word"":""有"",""pos"":""v1"",""jyutping"":""jau5""},{""word"":""少少"",""pos"":""m"",""jyutping"":""siu2siu2""},{""word"":""𡃉"",""pos"":""y"",""jyutping"":""gaa3""},{""word"":""."",""pos"":"""",""jyutping"":null}]"	REQUIRES_EXPERT_CONTEXT_REVIEW
aa84br-b27d0528285104486744	FC-R005_v2.cha	df8f8770d195db050ee8b1e25bea31af22a17ecd779cff97e99594b68f5d75ab	46	137	7	XXB	internally_repeated_token	少	少少	m	NUM	siu2siu2				False	True	3	傾	v	VERB	king1	10	起身	嘅	起身	嘅	又可以同啲再早起身少少嘅聽眾傾,即係傾偈𠸏.	不過好𠸏.	係.	"{""repetitionMode"":""internally_repeated_token"",""baseSurface"":""少"",""matchedSurface"":""少少""}"	"[{""word"":""又"",""pos"":""d"",""jyutping"":""jau6""},{""word"":""可以"",""pos"":""vu"",""jyutping"":""ho2ji5""},{""word"":""同"",""pos"":""p"",""jyutping"":""tung4""},{""word"":""啲"",""pos"":""q"",""jyutping"":""di1""},{""word"":""再"",""pos"":""d"",""jyutping"":""zoi3""},{""word"":""早"",""pos"":""a"",""jyutping"":""zou2""},{""word"":""起身"",""pos"":""v"",""jyutping"":""hei2san1""},{""word"":""少少"",""pos"":""m"",""jyutping"":""siu2siu2""},{""word"":""嘅"",""pos"":""u"",""jyutping"":""ge3""},{""word"":""聽眾"",""pos"":""n"",""jyutping"":""ting3zung3""},{""word"":""傾"",""pos"":""v"",""jyutping"":""king1""},{""word"":"","",""pos"":"""",""jyutping"":null},{""word"":""即"",""pos"":""c"",""jyutping"":""zik1""},{""word"":""係"",""pos"":""v"",""jyutping"":""hai6""},{""word"":""傾偈"",""pos"":""v"",""jyutping"":""king1gai2""},{""word"":""𠸏"",""pos"":""y"",""jyutping"":""ge2""},{""word"":""."",""pos"":"""",""jyutping"":null}]"	REQUIRES_EXPERT_CONTEXT_REVIEW
aa84br-9224da455035be01b36c	FC-R006_v2.cha	0e64a85bb57c65bf4e9e0d621f4cc104d8a27a30be98847eccc3c958c517154c	47	66	3	XXA	internally_repeated_token	lik1gu1	lik1gu1lik1gu1	x	X	lik1gu1lik1gu1				False	True	1	係	v	VERB	hai6	4	,	係	話	係	火星話,lik1gu1lik1gu1係火星話來𡃉.	"""唔該,兩番."	"lik1gu1lik1gu1""""""六十番."	"{""repetitionMode"":""internally_repeated_token"",""baseSurface"":""lik1gu1"",""matchedSurface"":""lik1gu1lik1gu1""}"	"[{""word"":""火星"",""pos"":""n"",""jyutping"":""fo2sing1""},{""word"":""話"",""pos"":""n"",""jyutping"":""waa2""},{""word"":"","",""pos"":"""",""jyutping"":null},{""word"":""lik1gu1lik1gu1"",""pos"":""x"",""jyutping"":""lik1gu1lik1gu1""},{""word"":""係"",""pos"":""v"",""jyutping"":""hai6""},{""word"":""火星"",""pos"":""n"",""jyutping"":""fo2sing1""},{""word"":""話"",""pos"":""n"",""jyutping"":""waa2""},{""word"":""來"",""pos"":""v"",""jyutping"":""lai4""},{""word"":""𡃉"",""pos"":""y"",""jyutping"":""gaa3""},{""word"":""."",""pos"":"""",""jyutping"":null}]"	REQUIRES_EXPERT_CONTEXT_REVIEW
aa84br-e208b9eb6c6b702fd6e4	FC-R006_v2.cha	0e64a85bb57c65bf4e9e0d621f4cc104d8a27a30be98847eccc3c958c517154c	47	67	0	XXB	internally_repeated_token	lik1gu1	lik1gu1lik1gu1	x	X	lik1gu1lik1gu1				True	False							<UTTERANCE_START>	""""	<UTTERANCE_START>	六十	"lik1gu1lik1gu1""""""六十番."	火星話,lik1gu1lik1gu1係火星話來𡃉.	六十番.	"{""repetitionMode"":""internally_repeated_token"",""baseSurface"":""lik1gu1"",""matchedSurface"":""lik1gu1lik1gu1""}"	"[{""word"":""lik1gu1lik1gu1"",""pos"":""x"",""jyutping"":""lik1gu1lik1gu1""},{""word"":""\"""",""pos"":"""",""jyutping"":null},{""word"":""\"""",""pos"":"""",""jyutping"":null},{""word"":""\"""",""pos"":"""",""jyutping"":null},{""word"":""六十"",""pos"":""m"",""jyutping"":""luk6sap6""},{""word"":""番"",""pos"":""q"",""jyutping"":""faan1""},{""word"":""."",""pos"":"""",""jyutping"":null}]"	REQUIRES_EXPERT_CONTEXT_REVIEW
aa84br-492a4e488037a10b5ff9	FC-R007_v2.cha	7d758ceef2818fb182169c06d3f785caccabb7ce16533740909bd41868524f0f	48	27	4	XXB	internally_repeated_token	睇	睇睇	v	VERB	tai2tai2				False	False							來	.	來	<UTTERANCE_END>	喂,埋來睇睇.	實𠸏.	噉樣𠸏?	"{""repetitionMode"":""internally_repeated_token"",""baseSurface"":""睇"",""matchedSurface"":""睇睇""}"	"[{""word"":""喂"",""pos"":""e"",""jyutping"":""wai3""},{""word"":"","",""pos"":"""",""jyutping"":null},{""word"":""埋"",""pos"":""v"",""jyutping"":""maai4""},{""word"":""來"",""pos"":""vk"",""jyutping"":""lai4""},{""word"":""睇睇"",""pos"":""v"",""jyutping"":""tai2tai2""},{""word"":""."",""pos"":"""",""jyutping"":null}]"	REQUIRES_EXPERT_CONTEXT_REVIEW
aa84br-56adeb32f815707a4137	FC-R007_v2.cha	7d758ceef2818fb182169c06d3f785caccabb7ce16533740909bd41868524f0f	48	42	22	XXA	internally_repeated_token	慢	慢慢	a	ADJ	maan6maan2				False	True	1	食	v	VERB	sik6	23	一路	食	一路	食	即係當-譬如嗰塊牛柳喇,吓,即係噉一切,你切到過-一路慢慢食.	溫度好.	以我嘅速度喎.	"{""repetitionMode"":""internally_repeated_token"",""baseSurface"":""慢"",""matchedSurface"":""慢慢""}"	"[{""word"":""即係"",""pos"":""c"",""jyutping"":""zik1hai6""},{""word"":""當"",""pos"":""d"",""jyutping"":""dong1""},{""word"":""-"",""pos"":"""",""jyutping"":null},{""word"":""譬如"",""pos"":""c"",""jyutping"":""pei3jyu4""},{""word"":""嗰"",""pos"":""r"",""jyutping"":""go2""},{""word"":""塊"",""pos"":""q"",""jyutping"":""faai3""},{""word"":""牛柳"",""pos"":""n"",""jyutping"":""ngau4lau5""},{""word"":""喇"",""pos"":""y"",""jyutping"":""laa1""},{""word"":"","",""pos"":"""",""jyutping"":null},{""word"":""吓"",""pos"":""e"",""jyutping"":""haa2""},{""word"":"","",""pos"":"""",""jyutping"":null},{""word"":""即係"",""pos"":""c"",""jyutping"":""zik1hai6""},{""word"":""噉"",""pos"":""r"",""jyutping"":""gam2""},{""word"":""一"",""pos"":""d"",""jyutping"":""jat1""},{""word"":""切"",""pos"":""v"",""jyutping"":""cit3""},{""word"":"","",""pos"":"""",""jyutping"":null},{""word"":""你"",""pos"":""r"",""jyutping"":""nei5""},{""word"":""切"",""pos"":""v"",""jyutping"":""cit3""},{""word"":""到"",""pos"":""v"",""jyutping"":""dou3""},{""word"":""過"",""pos"":""u"",""jyutping"":""gwo3""},{""word"":""-"",""pos"":"""",""jyutping"":null},{""word"":""一路"",""pos"":""d"",""jyutping"":""jat1lou6""},{""word"":""慢慢"",""pos"":""a"",""jyutping"":""maan6maan2""},{""word"":""食"",""pos"":""v"",""jyutping"":""sik6""},{""word"":""."",""pos"":"""",""jyutping"":null}]"	REQUIRES_EXPERT_CONTEXT_REVIEW
aa84br-54516bdb0e2e48c542e8	FC-R007_v2.cha	7d758ceef2818fb182169c06d3f785caccabb7ce16533740909bd41868524f0f	48	109	7	XXB	internally_repeated_token	少	少少	m	NUM	siu2siu2				False	True	4	棱	v	VERB	lang3	11	有	牛	有	牛	因為有啲人係鍾意食有少少牛肥嘅棱住𠺢嗎.	噉囖.	"即係你都可以因應個你自己嘅需要嗌唔同嘅牛""""."	"{""repetitionMode"":""internally_repeated_token"",""baseSurface"":""少"",""matchedSurface"":""少少""}"	"[{""word"":""因為"",""pos"":""c"",""jyutping"":""jan1wai6""},{""word"":""有啲"",""pos"":""r"",""jyutping"":""jau5di1""},{""word"":""人"",""pos"":""n"",""jyutping"":""jan4""},{""word"":""係"",""pos"":""v"",""jyutping"":""hai6""},{""word"":""鍾意"",""pos"":""v"",""jyutping"":""zung1ji3""},{""word"":""食"",""pos"":""v"",""jyutping"":""sik6""},{""word"":""有"",""pos"":""v1"",""jyutping"":""jau5""},{""word"":""少少"",""pos"":""m"",""jyutping"":""siu2siu2""},{""word"":""牛"",""pos"":""n"",""jyutping"":""ngau4""},{""word"":""肥"",""pos"":""an"",""jyutping"":""fei4""},{""word"":""嘅"",""pos"":""u"",""jyutping"":""ge3""},{""word"":""棱"",""pos"":""v"",""jyutping"":""lang3""},{""word"":""住"",""pos"":""u"",""jyutping"":""zyu6""},{""word"":""𠺢"",""pos"":""y"",""jyutping"":""gaa1""},{""word"":""嗎"",""pos"":""y"",""jyutping"":""maa3""},{""word"":""."",""pos"":"""",""jyutping"":null}]"	REQUIRES_EXPERT_CONTEXT_REVIEW
aa84br-e4c227905030ac0a95f1	FC-R007_v2.cha	7d758ceef2818fb182169c06d3f785caccabb7ce16533740909bd41868524f0f	48	164	0	XXA	adjacent_identical_tokens	冇	冇冇	v1	VERB	mou5	冇	v1	mou5	True	True	1	冇	v1	VERB	mou5	2	<UTTERANCE_START>	冇	<UTTERANCE_START>	冇	冇冇冇冇.	即係冇言語上嘅隔膜嘅.	即係佢會解釋俾你聽.	"{""repetitionMode"":""adjacent_identical_tokens"",""baseSurface"":""冇"",""matchedSurface"":""冇冇""}"	"[{""word"":""冇"",""pos"":""v1"",""jyutping"":""mou5""},{""word"":""冇"",""pos"":""v1"",""jyutping"":""mou5""},{""word"":""冇"",""pos"":""v1"",""jyutping"":""mou5""},{""word"":""冇"",""pos"":""v1"",""jyutping"":""mou5""},{""word"":""."",""pos"":"""",""jyutping"":null}]"	REQUIRES_EXPERT_CONTEXT_REVIEW
aa84br-533cfb916ff1d6e0e0a8	FC-R007_v2.cha	7d758ceef2818fb182169c06d3f785caccabb7ce16533740909bd41868524f0f	48	164	1	XXA	adjacent_identical_tokens	冇	冇冇	v1	VERB	mou5	冇	v1	mou5	False	True	1	冇	v1	VERB	mou5	3	冇	冇	冇	冇	冇冇冇冇.	即係冇言語上嘅隔膜嘅.	即係佢會解釋俾你聽.	"{""repetitionMode"":""adjacent_identical_tokens"",""baseSurface"":""冇"",""matchedSurface"":""冇冇""}"	"[{""word"":""冇"",""pos"":""v1"",""jyutping"":""mou5""},{""word"":""冇"",""pos"":""v1"",""jyutping"":""mou5""},{""word"":""冇"",""pos"":""v1"",""jyutping"":""mou5""},{""word"":""冇"",""pos"":""v1"",""jyutping"":""mou5""},{""word"":""."",""pos"":"""",""jyutping"":null}]"	REQUIRES_EXPERT_CONTEXT_REVIEW
aa84br-24161e77d5b70957c523	FC-R007_v2.cha	7d758ceef2818fb182169c06d3f785caccabb7ce16533740909bd41868524f0f	48	196	3	XXB	internally_repeated_token	潺	潺潺	z	ADJ	saan4saan4				False	False							口	地	口	地	即係成口潺潺地噉樣.	同埋我好唔鍾意呢,食牛呢,係散𡃉.	即係我硬係覺得我係頂唔順.	"{""repetitionMode"":""internally_repeated_token"",""baseSurface"":""潺"",""matchedSurface"":""潺潺""}"	"[{""word"":""即係"",""pos"":""c"",""jyutping"":""zik1hai6""},{""word"":""成"",""pos"":""b"",""jyutping"":""seng4""},{""word"":""口"",""pos"":""n"",""jyutping"":""hau2""},{""word"":""潺潺"",""pos"":""z"",""jyutping"":""saan4saan4""},{""word"":""地"",""pos"":""k"",""jyutping"":""dei2""},{""word"":""噉樣"",""pos"":""r"",""jyutping"":""gam2joeng2""},{""word"":""."",""pos"":"""",""jyutping"":null}]"	REQUIRES_EXPERT_CONTEXT_REVIEW
aa84br-f14805822a6b006f9c37	FC-R009_v.cha	e29696c62b1aef35746e05780060128c7a5b91b2cdd852467d3cb733e3108d5c	49	77	1	XXB	internally_repeated_token	件	件件	q	NOUN	gin6gin6				False	True	2	係	v	VERB	hai6	3	就	都	就	都	就件件都係噉樣嘅.	搖滾.	係嘞.	"{""repetitionMode"":""internally_repeated_token"",""baseSurface"":""件"",""matchedSurface"":""件件""}"	"[{""word"":""就"",""pos"":""d"",""jyutping"":""zau6""},{""word"":""件件"",""pos"":""q"",""jyutping"":""gin6gin6""},{""word"":""都"",""pos"":""d"",""jyutping"":""dou1""},{""word"":""係"",""pos"":""v"",""jyutping"":""hai6""},{""word"":""噉樣"",""pos"":""c"",""jyutping"":""gam2joeng2""},{""word"":""嘅"",""pos"":""u"",""jyutping"":""ge3""},{""word"":""."",""pos"":"""",""jyutping"":null}]"	REQUIRES_EXPERT_CONTEXT_REVIEW
aa84br-d28c12ccc0389b05fc72	FC-R009_v.cha	e29696c62b1aef35746e05780060128c7a5b91b2cdd852467d3cb733e3108d5c	49	82	23	XXA	internally_repeated_token	少	少少	m	NUM	siu2siu2				False	True	4	係	v	VERB	hai6	28	埋	呢	埋	呢	你即係行街,譬如去飲酒,即係然之後飲醉咗,會同另外一個異性企得埋少少呢,又亦都係犯咗彌天大罪𠺢嗎.	即係講粗口係彌天大罪來𠺢嗎.	你係去滾吖嗎老友.	"{""repetitionMode"":""internally_repeated_token"",""baseSurface"":""少"",""matchedSurface"":""少少""}"	"[{""word"":""你"",""pos"":""r"",""jyutping"":""nei5""},{""word"":""即係"",""pos"":""c"",""jyutping"":""zik1hai6""},{""word"":""行街"",""pos"":""v"",""jyutping"":""haang4gaai1""},{""word"":"","",""pos"":"""",""jyutping"":null},{""word"":""譬如"",""pos"":""v"",""jyutping"":""pei3jyu4""},{""word"":""去"",""pos"":""v"",""jyutping"":""heoi3""},{""word"":""飲酒"",""pos"":""n"",""jyutping"":""jam2zau2""},{""word"":"","",""pos"":"""",""jyutping"":null},{""word"":""即係"",""pos"":""c"",""jyutping"":""zik1hai6""},{""word"":""然之後"",""pos"":""c"",""jyutping"":""jin4zi1hau6""},{""word"":""飲"",""pos"":""v"",""jyutping"":""jam2""},{""word"":""醉"",""pos"":""v"",""jyutping"":""zeoi3""},{""word"":""咗"",""pos"":""u"",""jyutping"":""zo2""},{""word"":"","",""pos"":"""",""jyutping"":null},{""word"":""會"",""pos"":""vu"",""jyutping"":""wui5""},{""word"":""同"",""pos"":""p"",""jyutping"":""tung4""},{""word"":""另外"",""pos"":""c"",""jyutping"":""ling6ngoi6""},{""word"":""一"",""pos"":""m"",""jyutping"":""jat1""},{""word"":""個"",""pos"":""q"",""jyutping"":""go3""},{""word"":""異性"",""pos"":""n"",""jyutping"":""ji6sing3""},{""word"":""企"",""pos"":""v"",""jyutping"":""kei5""},{""word"":""得"",""pos"":""u"",""jyutping"":""dak1""},{""word"":""埋"",""pos"":""a"",""jyutping"":""maai4""},{""word"":""少少"",""pos"":""m"",""jyutping"":""siu2siu2""},{""word"":""呢"",""pos"":""y1"",""jyutping"":""ne1""},{""word"":"","",""pos"":"""",""jyutping"":null},{""word"":""又"",""pos"":""d"",""jyutping"":""jau6""},{""word"":""亦都"",""pos"":""d"",""jyutping"":""jik6dou1""},{""word"":""係"",""pos"":""v"",""jyutping"":""hai6""},{""word"":""犯"",""pos"":""v"",""jyutping"":""faan6""},{""word"":""咗"",""pos"":""u"",""jyutping"":""zo2""},{""word"":""彌天大罪"",""pos"":""i"",""jyutping"":""lei4tin1daai6zeoi6""},{""word"":""𠺢"",""pos"":""y"",""jyutping"":""gaa1""},{""word"":""嗎"",""pos"":""y"",""jyutping"":""maa3""},{""word"":""."",""pos"":"""",""jyutping"":null}]"	REQUIRES_EXPERT_CONTEXT_REVIEW
aa84br-da44f3d5f8bab0388318	FC-R009_v.cha	e29696c62b1aef35746e05780060128c7a5b91b2cdd852467d3cb733e3108d5c	49	88	17	XXA	adjacent_identical_tokens	潔白	潔白潔白	a	ADJ	git3baak6	潔白	a	git3baak6	False	True	2	潔白	a	ADJ	git3baak6	20	,	好	誒	好	起碼我哋睇得到,聽得到嘅呢都係好,誒,潔白潔白好潔白嘅一個世界.	喺哩一個道德啊,紀律方面呢,令到呢即係香港嘅娛樂圈呢都係好乾淨嘅.	Yessir.	"{""repetitionMode"":""adjacent_identical_tokens"",""baseSurface"":""潔白"",""matchedSurface"":""潔白潔白""}"	"[{""word"":""起碼"",""pos"":""d"",""jyutping"":""hei2maa5""},{""word"":""我哋"",""pos"":""r"",""jyutping"":""ngo5dei6""},{""word"":""睇"",""pos"":""v"",""jyutping"":""tai2""},{""word"":""得"",""pos"":""u"",""jyutping"":""dak1""},{""word"":""到"",""pos"":""u"",""jyutping"":""dou2""},{""word"":"","",""pos"":"""",""jyutping"":null},{""word"":""聽"",""pos"":""v"",""jyutping"":""teng1""},{""word"":""得"",""pos"":""u"",""jyutping"":""dak1""},{""word"":""到"",""pos"":""u"",""jyutping"":""dou2""},{""word"":""嘅"",""pos"":""u"",""jyutping"":""ge3""},{""word"":""呢"",""pos"":""y1"",""jyutping"":""ne1""},{""word"":""都"",""pos"":""d"",""jyutping"":""dou1""},{""word"":""係"",""pos"":""v"",""jyutping"":""hai6""},{""word"":""好"",""pos"":""d"",""jyutping"":""hou2""},{""word"":"","",""pos"":"""",""jyutping"":null},{""word"":""誒"",""pos"":""e"",""jyutping"":""e6""},{""word"":"","",""pos"":"""",""jyutping"":null},{""word"":""潔白"",""pos"":""a"",""jyutping"":""git3baak6""},{""word"":""潔白"",""pos"":""a"",""jyutping"":""git3baak6""},{""word"":""好"",""pos"":""d"",""jyutping"":""hou2""},{""word"":""潔白"",""pos"":""a"",""jyutping"":""git3baak6""},{""word"":""嘅"",""pos"":""u"",""jyutping"":""ge3""},{""word"":""一"",""pos"":""m"",""jyutping"":""jat1""},{""word"":""個"",""pos"":""q"",""jyutping"":""go3""},{""word"":""世界"",""pos"":""n"",""jyutping"":""sai3gaai3""},{""word"":""."",""pos"":"""",""jyutping"":null}]"	REQUIRES_EXPERT_CONTEXT_REVIEW
aa84br-581d0f493000cfe1fc5e	FC-R010a_v.cha	cee13ea77df43313af86d811fe8a2936fc56dd0283e738debe4caf62b6fc803c	50	51	0	XXC	internally_repeated_token	du1	du1du1	o	X	du1du1				True	True	3	要	vu	AUX	jiu3	4	<UTTERANCE_START>	,	<UTTERANCE_START>	佢	du1du1,佢立刻要覆啊.	我一call你呢,譬如佢收到個call機呢.	佢一日,即係一分鐘唔覆呢.	"{""repetitionMode"":""internally_repeated_token"",""baseSurface"":""du1"",""matchedSurface"":""du1du1""}"	"[{""word"":""du1du1"",""pos"":""o"",""jyutping"":""du1du1""},{""word"":"","",""pos"":"""",""jyutping"":null},{""word"":""佢"",""pos"":""r"",""jyutping"":""keoi5""},{""word"":""立刻"",""pos"":""d"",""jyutping"":""laap6haak1""},{""word"":""要"",""pos"":""vu"",""jyutping"":""jiu3""},{""word"":""覆"",""pos"":""v"",""jyutping"":""fuk1""},{""word"":""啊"",""pos"":""y"",""jyutping"":""aa3""},{""word"":""."",""pos"":"""",""jyutping"":null}]"	REQUIRES_EXPERT_CONTEXT_REVIEW
aa84br-b30bea77e41e8def5dae	FC-R010a_v.cha	cee13ea77df43313af86d811fe8a2936fc56dd0283e738debe4caf62b6fc803c	50	67	6	XXC	internally_repeated_token	嗱	嗱嗱	o	X	laa4laa2				False	True	2	去	v	VERB	heoi3	8	你	聲	你	聲	"""你,嗱,你嗱嗱聲去青山公路救嗰條傻佬喇."	直程嗰個,佢-佢係個朋友報警啊.	"""噉𠻺""嗱,我就噉樣救咗返來嘅."	"{""repetitionMode"":""internally_repeated_token"",""baseSurface"":""嗱"",""matchedSurface"":""嗱嗱""}"	"[{""word"":""\"""",""pos"":"""",""jyutping"":null},{""word"":""你"",""pos"":""r"",""jyutping"":""nei5""},{""word"":"","",""pos"":"""",""jyutping"":null},{""word"":""嗱"",""pos"":""e"",""jyutping"":""laa4""},{""word"":"","",""pos"":"""",""jyutping"":null},{""word"":""你"",""pos"":""r"",""jyutping"":""nei5""},{""word"":""嗱嗱"",""pos"":""o"",""jyutping"":""laa4laa2""},{""word"":""聲"",""pos"":""k"",""jyutping"":""seng1""},{""word"":""去"",""pos"":""v"",""jyutping"":""heoi3""},{""word"":""青山公路"",""pos"":""ns"",""jyutping"":""cing1saan1gung1lou6""},{""word"":""救"",""pos"":""v"",""jyutping"":""gau3""},{""word"":""嗰"",""pos"":""r"",""jyutping"":""go2""},{""word"":""條"",""pos"":""q"",""jyutping"":""tiu4""},{""word"":""傻佬"",""pos"":""n"",""jyutping"":""so4lou2""},{""word"":""喇"",""pos"":""y"",""jyutping"":""laa1""},{""word"":""."",""pos"":"""",""jyutping"":null}]"	REQUIRES_EXPERT_CONTEXT_REVIEW
aa84br-ccd832d24177d9eb0f27	FC-R010a_v.cha	cee13ea77df43313af86d811fe8a2936fc56dd0283e738debe4caf62b6fc803c	50	156	5	XXC	internally_repeated_token	啱	啱啱	d	ADV	aam1aam1				False	True	1	測試	v	VERB	caak1si3	6	不妨	測試	不妨	測試	嘩,其實我哋不妨啱啱測試埋嗰樣.	忍受嘅程度去到邊度噉解啫?	就係佢繼續打哩個電話.	"{""repetitionMode"":""internally_repeated_token"",""baseSurface"":""啱"",""matchedSurface"":""啱啱""}"	"[{""word"":""嘩"",""pos"":""e"",""jyutping"":""waa3""},{""word"":"","",""pos"":"""",""jyutping"":null},{""word"":""其實"",""pos"":""d"",""jyutping"":""kei4sat6""},{""word"":""我哋"",""pos"":""r"",""jyutping"":""ngo5dei6""},{""word"":""不妨"",""pos"":""d"",""jyutping"":""bat1fong4""},{""word"":""啱啱"",""pos"":""d"",""jyutping"":""aam1aam1""},{""word"":""測試"",""pos"":""v"",""jyutping"":""caak1si3""},{""word"":""埋"",""pos"":""u"",""jyutping"":""maai4""},{""word"":""嗰樣"",""pos"":""r"",""jyutping"":""go2joeng6""},{""word"":""."",""pos"":"""",""jyutping"":null}]"	REQUIRES_EXPERT_CONTEXT_REVIEW
aa84br-227788838fda9e5eab15	FC-R010b_v.cha	2fdee719218aec6d3b20582673dd0bd24b5631cc890383b48bdf26d858843e8e	51	36	8	XXC	internally_repeated_token	啱	啱啱	d	ADV	aam1aam1				False	True	1	講	v	VERB	gong2	9	我哋	講	我哋	講	係囖,譬如而-而家我哋啱啱講下華航.	就應該播返一條呢,就空難嘅片啊又係.	喀.	"{""repetitionMode"":""internally_repeated_token"",""baseSurface"":""啱"",""matchedSurface"":""啱啱""}"	"[{""word"":""係"",""pos"":""v"",""jyutping"":""hai6""},{""word"":""囖"",""pos"":""y"",""jyutping"":""lo1""},{""word"":"","",""pos"":"""",""jyutping"":null},{""word"":""譬如"",""pos"":""v"",""jyutping"":""pei3jyu4""},{""word"":""而"",""pos"":""Tg"",""jyutping"":""ji4""},{""word"":""-"",""pos"":"""",""jyutping"":null},{""word"":""而家"",""pos"":""t"",""jyutping"":""ji4gaa1""},{""word"":""我哋"",""pos"":""r"",""jyutping"":""ngo5dei6""},{""word"":""啱啱"",""pos"":""d"",""jyutping"":""aam1aam1""},{""word"":""講"",""pos"":""v"",""jyutping"":""gong2""},{""word"":""下"",""pos"":""u"",""jyutping"":""haa5""},{""word"":""華航"",""pos"":""jnt"",""jyutping"":""waa4hong4""},{""word"":""."",""pos"":"""",""jyutping"":null}]"	REQUIRES_EXPERT_CONTEXT_REVIEW
aa84br-95d66d13dc08ea51d4cb	FC-R010b_v.cha	2fdee719218aec6d3b20582673dd0bd24b5631cc890383b48bdf26d858843e8e	51	61	10	XXB	internally_repeated_token	du1du1	du1du1du1du1	o	X	du1du1du1du1				False	False							可以	.	可以	<UTTERANCE_END>	"可以喺睇𡁵""鐵達尼號""呢,可以du1du1du1du1."	即係我-我又唔知啲人嚹.	"""喂,喂,啊,哦."	"{""repetitionMode"":""internally_repeated_token"",""baseSurface"":""du1du1"",""matchedSurface"":""du1du1du1du1""}"	"[{""word"":""可以"",""pos"":""vu"",""jyutping"":""ho2ji5""},{""word"":""喺"",""pos"":""p"",""jyutping"":""hai2""},{""word"":""睇"",""pos"":""v"",""jyutping"":""tai2""},{""word"":""𡁵"",""pos"":""u"",""jyutping"":""gan2""},{""word"":""\"""",""pos"":"""",""jyutping"":null},{""word"":""鐵達尼號"",""pos"":""nz"",""jyutping"":""tit3daat6lei4hou6""},{""word"":""\"""",""pos"":"""",""jyutping"":null},{""word"":""呢"",""pos"":""y1"",""jyutping"":""ne1""},{""word"":"","",""pos"":"""",""jyutping"":null},{""word"":""可以"",""pos"":""vu"",""jyutping"":""ho2ji5""},{""word"":""du1du1du1du1"",""pos"":""o"",""jyutping"":""du1du1du1du1""},{""word"":""."",""pos"":"""",""jyutping"":null}]"	REQUIRES_EXPERT_CONTEXT_REVIEW
aa84br-dcd1db71e7c1c14da4cf	FC-R010b_v.cha	2fdee719218aec6d3b20582673dd0bd24b5631cc890383b48bdf26d858843e8e	51	162	3	XXB	internally_repeated_token	諗	諗諗	v	VERB	nam2nam2				False	False							再	下	再	下	又要再諗諗下佢.	即係哩下呢又要變咗即係要商榷囖.	噉即係佢哋嗰邊呢,的確係提出噉樣.	"{""repetitionMode"":""internally_repeated_token"",""baseSurface"":""諗"",""matchedSurface"":""諗諗""}"	"[{""word"":""又"",""pos"":""d"",""jyutping"":""jau6""},{""word"":""要"",""pos"":""vu"",""jyutping"":""jiu3""},{""word"":""再"",""pos"":""d"",""jyutping"":""zoi3""},{""word"":""諗諗"",""pos"":""v"",""jyutping"":""nam2nam2""},{""word"":""下"",""pos"":""u"",""jyutping"":""haa5""},{""word"":""佢"",""pos"":""r"",""jyutping"":""keoi5""},{""word"":""."",""pos"":"""",""jyutping"":null}]"	REQUIRES_EXPERT_CONTEXT_REVIEW
aa84br-cf968cfce1a9e2c1d881	FC-R011_v.cha	1cc1fdfa08e4ba661d847f768f064d32ac5d5d0fc78a0a0284d2460fe35092fc	52	1	19	XXA	internally_repeated_token	婆	婆婆	n	NOUN	po4po1				False	False							叫	𡃉	叫	𡃉	噉呢就有個,誒,阿嬸吖,喀,就都其實都應該叫婆婆𡃉嚹,就八十歲𡃉嚹.	有一單官司真係叫審死官啊.	噉就俾車撞到.	"{""repetitionMode"":""internally_repeated_token"",""baseSurface"":""婆"",""matchedSurface"":""婆婆""}"	"[{""word"":""噉"",""pos"":""c"",""jyutping"":""gam2""},{""word"":""呢"",""pos"":""y1"",""jyutping"":""ne1""},{""word"":""就"",""pos"":""d"",""jyutping"":""zau6""},{""word"":""有"",""pos"":""v1"",""jyutping"":""jau5""},{""word"":""個"",""pos"":""q"",""jyutping"":""go3""},{""word"":"","",""pos"":"""",""jyutping"":null},{""word"":""誒"",""pos"":""e"",""jyutping"":""e6""},{""word"":"","",""pos"":"""",""jyutping"":null},{""word"":""阿嬸"",""pos"":""n"",""jyutping"":""aa3sam2""},{""word"":""吖"",""pos"":""y1"",""jyutping"":""aa1""},{""word"":"","",""pos"":"""",""jyutping"":null},{""word"":""喀"",""pos"":""e"",""jyutping"":""haak6""},{""word"":"","",""pos"":"""",""jyutping"":null},{""word"":""就"",""pos"":""d"",""jyutping"":""zau6""},{""word"":""都"",""pos"":""d"",""jyutping"":""dou1""},{""word"":""其實"",""pos"":""d"",""jyutping"":""kei4sat6""},{""word"":""都"",""pos"":""d"",""jyutping"":""dou1""},{""word"":""應該"",""pos"":""vu"",""jyutping"":""jing1goi1""},{""word"":""叫"",""pos"":""v"",""jyutping"":""giu3""},{""word"":""婆婆"",""pos"":""n"",""jyutping"":""po4po1""},{""word"":""𡃉"",""pos"":""y"",""jyutping"":""gaa3""},{""word"":""嚹"",""pos"":""y"",""jyutping"":""laa3""},{""word"":"","",""pos"":"""",""jyutping"":null},{""word"":""就"",""pos"":""d"",""jyutping"":""zau6""},{""word"":""八十"",""pos"":""m"",""jyutping"":""baat3sap6""},{""word"":""歲"",""pos"":""q"",""jyutping"":""seoi3""},{""word"":""𡃉"",""pos"":""y"",""jyutping"":""gaa3""},{""word"":""嚹"",""pos"":""y"",""jyutping"":""laa3""},{""word"":""."",""pos"":"""",""jyutping"":null}]"	REQUIRES_EXPERT_CONTEXT_REVIEW
aa84br-5520ea40ec40a5f46dfa	FC-R011_v.cha	1cc1fdfa08e4ba661d847f768f064d32ac5d5d0fc78a0a0284d2460fe35092fc	52	87	33	XXB	internally_repeated_token	等	等等	u	PART	dang2dang2				False	True	5	冇	v1	VERB	mou5	39	啊	呢	啊	呢	即係佢話自己又有哩個特異功能啊,可以同靈界溝通啊,又幫人預測哩個運程啊,占卜啊,驅邪治鬼啊,趨吉避兇啊等等呢,噉𠻺佢冇計到自己會噉嘅咩?	即係如果你話佢,嗱,首先就第一即係當係,喀,聽故仔噉樣聽喇,喀.	係嘞計唔到.	"{""repetitionMode"":""internally_repeated_token"",""baseSurface"":""等"",""matchedSurface"":""等等""}"	"[{""word"":""即係"",""pos"":""c"",""jyutping"":""zik1hai6""},{""word"":""佢"",""pos"":""r"",""jyutping"":""keoi5""},{""word"":""話"",""pos"":""v"",""jyutping"":""waa6""},{""word"":""自己"",""pos"":""r"",""jyutping"":""zi6gei2""},{""word"":""又"",""pos"":""d"",""jyutping"":""jau6""},{""word"":""有"",""pos"":""v1"",""jyutping"":""jau5""},{""word"":""哩個"",""pos"":""r"",""jyutping"":""ni1go3""},{""word"":""特異"",""pos"":""a"",""jyutping"":""dak6ji6""},{""word"":""功能"",""pos"":""n"",""jyutping"":""gung1nang4""},{""word"":""啊"",""pos"":""y1"",""jyutping"":""aa3""},{""word"":"","",""pos"":"""",""jyutping"":null},{""word"":""可以"",""pos"":""vu"",""jyutping"":""ho2ji5""},{""word"":""同"",""pos"":""p"",""jyutping"":""tung4""},{""word"":""靈界"",""pos"":""n"",""jyutping"":""ling4gaai3""},{""word"":""溝通"",""pos"":""v"",""jyutping"":""kau1tung1""},{""word"":""啊"",""pos"":""y1"",""jyutping"":""aa3""},{""word"":"","",""pos"":"""",""jyutping"":null},{""word"":""又"",""pos"":""d"",""jyutping"":""jau6""},{""word"":""幫"",""pos"":""v"",""jyutping"":""bong1""},{""word"":""人"",""pos"":""n"",""jyutping"":""jan4""},{""word"":""預測"",""pos"":""v"",""jyutping"":""jyu6caak1""},{""word"":""哩個"",""pos"":""r"",""jyutping"":""ni1go3""},{""word"":""運程"",""pos"":""n"",""jyutping"":""wan6cing4""},{""word"":""啊"",""pos"":""y1"",""jyutping"":""aa3""},{""word"":"","",""pos"":"""",""jyutping"":null},{""word"":""占卜"",""pos"":""v"",""jyutping"":""zim1buk1""},{""word"":""啊"",""pos"":""y1"",""jyutping"":""aa3""},{""word"":"","",""pos"":"""",""jyutping"":null},{""word"":""驅邪治鬼"",""pos"":""l"",""jyutping"":""keoi1ce4zi6gwai2""},{""word"":""啊"",""pos"":""y1"",""jyutping"":""aa3""},{""word"":"","",""pos"":"""",""jyutping"":null},{""word"":""趨吉避兇"",""pos"":""l"",""jyutping"":""ceoi1gat1bei6hung1""},{""word"":""啊"",""pos"":""y1"",""jyutping"":""aa3""},{""word"":""等等"",""pos"":""u"",""jyutping"":""dang2dang2""},{""word"":""呢"",""pos"":""y1"",""jyutping"":""ne1""},{""word"":"","",""pos"":"""",""jyutping"":null},{""word"":""噉"",""pos"":""c"",""jyutping"":""gam2""},{""word"":""𠻺"",""pos"":""d"",""jyutping"":""aa6""},{""word"":""佢"",""pos"":""r"",""jyutping"":""keoi5""},{""word"":""冇"",""pos"":""v1"",""jyutping"":""mou5""},{""word"":""計"",""pos"":""v"",""jyutping"":""gai3""},{""word"":""到"",""pos"":""u"",""jyutping"":""dou2""},{""word"":""自己"",""pos"":""r"",""jyutping"":""zi6gei2""},{""word"":""會"",""pos"":""vu"",""jyutping"":""wui5""},{""word"":""噉"",""pos"":""r"",""jyutping"":""gam2""},{""word"":""嘅"",""pos"":""u"",""jyutping"":""ge3""},{""word"":""咩"",""pos"":""y"",""jyutping"":""me1""},{""word"":""?"",""pos"":"""",""jyutping"":null}]"	REQUIRES_EXPERT_CONTEXT_REVIEW
aa84br-4eaefd2a449f31bdf12e	FC-R011_v.cha	1cc1fdfa08e4ba661d847f768f064d32ac5d5d0fc78a0a0284d2460fe35092fc	52	102	14	XXB	adjacent_identical_tokens	返	返返	v	VERB	faan1	返	u	faan1	False	True	1	轉頭	v	VERB	zyun3tau4	16	係	轉頭	係	轉頭	又或者預言到我以後呢就將會冇,或者係返返轉頭啊噉樣.	甚至乎佢喪失-佢有機會係會喪失哩種特別嘅能力嘞.	根本冇得講𡃉喎.	"{""repetitionMode"":""adjacent_identical_tokens"",""baseSurface"":""返"",""matchedSurface"":""返返""}"	"[{""word"":""又"",""pos"":""d"",""jyutping"":""jau6""},{""word"":""或者"",""pos"":""c"",""jyutping"":""waak6ze2""},{""word"":""預言"",""pos"":""v"",""jyutping"":""jyu6jin4""},{""word"":""到"",""pos"":""u"",""jyutping"":""dou2""},{""word"":""我"",""pos"":""r"",""jyutping"":""ngo5""},{""word"":""以後"",""pos"":""t"",""jyutping"":""ji5hau6""},{""word"":""呢"",""pos"":""y1"",""jyutping"":""ne1""},{""word"":""就"",""pos"":""d"",""jyutping"":""zau6""},{""word"":""將"",""pos"":""d"",""jyutping"":""zoeng1""},{""word"":""會"",""pos"":""vu"",""jyutping"":""wui5""},{""word"":""冇"",""pos"":""v1"",""jyutping"":""mou5""},{""word"":"","",""pos"":"""",""jyutping"":null},{""word"":""或者"",""pos"":""c"",""jyutping"":""waak6ze2""},{""word"":""係"",""pos"":""v"",""jyutping"":""hai6""},{""word"":""返"",""pos"":""v"",""jyutping"":""faan1""},{""word"":""返"",""pos"":""u"",""jyutping"":""faan1""},{""word"":""轉頭"",""pos"":""v"",""jyutping"":""zyun3tau4""},{""word"":""啊"",""pos"":""y1"",""jyutping"":""aa3""},{""word"":""噉樣"",""pos"":""c"",""jyutping"":""gam2joeng2""},{""word"":""."",""pos"":"""",""jyutping"":null}]"	REQUIRES_EXPERT_CONTEXT_REVIEW
aa84br-89422c2bea7fd8f8b32a	FC-R013a_v.cha	e95e436cf3f1eaf52a0fe1eb185c54f1813068a922fb1b22734b9237a6681a9d	53	27	3	XXD	internally_repeated_token	下	下下	q	NOUN	haa5haa5				False	True	2	反攻	v	VERB	faan2gung1	6	硬係	都	硬係	都	"硬-硬係下下都""反攻!""即係噉樣呢."	"即係我好記得嗰陣時""睇真Ｄ""有啲即係大姐明嗰啲,覺得係淚眼盈眶噉樣."	"""""都係𡃉."	"{""repetitionMode"":""internally_repeated_token"",""baseSurface"":""下"",""matchedSurface"":""下下""}"	"[{""word"":""硬"",""pos"":""Dg"",""jyutping"":""ngaang2""},{""word"":""-"",""pos"":"""",""jyutping"":null},{""word"":""硬係"",""pos"":""d"",""jyutping"":""ngaang2hai6""},{""word"":""下下"",""pos"":""q"",""jyutping"":""haa5haa5""},{""word"":""都"",""pos"":""d"",""jyutping"":""dou1""},{""word"":""\"""",""pos"":"""",""jyutping"":null},{""word"":""反攻"",""pos"":""v"",""jyutping"":""faan2gung1""},{""word"":""!"",""pos"":"""",""jyutping"":null},{""word"":""\"""",""pos"":"""",""jyutping"":null},{""word"":""即係"",""pos"":""c"",""jyutping"":""zik1hai6""},{""word"":""噉樣"",""pos"":""r"",""jyutping"":""gam2joeng2""},{""word"":""呢"",""pos"":""y"",""jyutping"":""ne1""},{""word"":""."",""pos"":"""",""jyutping"":null}]"	REQUIRES_EXPERT_CONTEXT_REVIEW
aa84br-592949991da30cb48197	FC-R013a_v.cha	e95e436cf3f1eaf52a0fe1eb185c54f1813068a922fb1b22734b9237a6681a9d	53	99	19	XXB	adjacent_identical_tokens	死	死死	v	VERB	sei2	死	v	sei2	False	True	1	死	v	VERB	sei2	21	,	死	嚹	死	"因為每次都重要話,""哎吔!死嚹,死嚹,死嚹,死死死."	但係自己嗰範都未做好囖其實.	今個禮拜.	"{""repetitionMode"":""adjacent_identical_tokens"",""baseSurface"":""死"",""matchedSurface"":""死死""}"	"[{""word"":""因為"",""pos"":""c"",""jyutping"":""jan1wai6""},{""word"":""每次"",""pos"":""r"",""jyutping"":""mui5ci3""},{""word"":""都"",""pos"":""d"",""jyutping"":""dou1""},{""word"":""重"",""pos"":""d"",""jyutping"":""zung6""},{""word"":""要"",""pos"":""vu"",""jyutping"":""jiu3""},{""word"":""話"",""pos"":""v"",""jyutping"":""waa6""},{""word"":"","",""pos"":"""",""jyutping"":null},{""word"":""\"""",""pos"":"""",""jyutping"":null},{""word"":""哎吔"",""pos"":""e"",""jyutping"":""aai1jaa3""},{""word"":""!"",""pos"":"""",""jyutping"":null},{""word"":""死"",""pos"":""v"",""jyutping"":""sei2""},{""word"":""嚹"",""pos"":""y"",""jyutping"":""laa3""},{""word"":"","",""pos"":"""",""jyutping"":null},{""word"":""死"",""pos"":""v"",""jyutping"":""sei2""},{""word"":""嚹"",""pos"":""y"",""jyutping"":""laa3""},{""word"":"","",""pos"":"""",""jyutping"":null},{""word"":""死"",""pos"":""v"",""jyutping"":""sei2""},{""word"":""嚹"",""pos"":""y"",""jyutping"":""laa3""},{""word"":"","",""pos"":"""",""jyutping"":null},{""word"":""死"",""pos"":""v"",""jyutping"":""sei2""},{""word"":""死"",""pos"":""v"",""jyutping"":""sei2""},{""word"":""死"",""pos"":""v"",""jyutping"":""sei2""},{""word"":""."",""pos"":"""",""jyutping"":null}]"	REQUIRES_EXPERT_CONTEXT_REVIEW
aa84br-b5e88c3fabff7ed14613	FC-R013a_v.cha	e95e436cf3f1eaf52a0fe1eb185c54f1813068a922fb1b22734b9237a6681a9d	53	103	5	XXB	internally_repeated_token	少	少少	m	NUM	siu2siu2				False	True	3	可以	v	VERB	ho2ji5	8	好	噉	好	噉	噉如果好-好少少噉就可以定啲囖.	即係甩下今個禮拜幾多waiting啊.	如果衰起上來就會好衰.	"{""repetitionMode"":""internally_repeated_token"",""baseSurface"":""少"",""matchedSurface"":""少少""}"	"[{""word"":""噉"",""pos"":""c"",""jyutping"":""gam2""},{""word"":""如果"",""pos"":""c"",""jyutping"":""jyu4gwo2""},{""word"":""好"",""pos"":""a"",""jyutping"":""hou2""},{""word"":""-"",""pos"":"""",""jyutping"":null},{""word"":""好"",""pos"":""a"",""jyutping"":""hou2""},{""word"":""少少"",""pos"":""m"",""jyutping"":""siu2siu2""},{""word"":""噉"",""pos"":""c"",""jyutping"":""gam2""},{""word"":""就"",""pos"":""d"",""jyutping"":""zau6""},{""word"":""可以"",""pos"":""v"",""jyutping"":""ho2ji5""},{""word"":""定"",""pos"":""v"",""jyutping"":""ding6""},{""word"":""啲"",""pos"":""u"",""jyutping"":""di1""},{""word"":""囖"",""pos"":""y"",""jyutping"":""lo1""},{""word"":""."",""pos"":"""",""jyutping"":null}]"	REQUIRES_EXPERT_CONTEXT_REVIEW
aa84br-ae67578d81b58c29c12e	FC-R013a_v.cha	e95e436cf3f1eaf52a0fe1eb185c54f1813068a922fb1b22734b9237a6681a9d	53	145	1	XXC	adjacent_identical_tokens	喂	喂喂	e	INTJ	wai3	喂	e	wai3	True	True	1	唔好	vu	AUX	m4hou2	4	""""	,	<UTTERANCE_START>	唔好	"""喂喂,唔好俾佢知道啊."	TVB我聽過佢哋有啲人度橋嗰啲啊,好驚亞視𡃉.	知道呢,佢會早過我哋出街,做殘條橋𡃉.	"{""repetitionMode"":""adjacent_identical_tokens"",""baseSurface"":""喂"",""matchedSurface"":""喂喂""}"	"[{""word"":""\"""",""pos"":"""",""jyutping"":null},{""word"":""喂"",""pos"":""e"",""jyutping"":""wai3""},{""word"":""喂"",""pos"":""e"",""jyutping"":""wai3""},{""word"":"","",""pos"":"""",""jyutping"":null},{""word"":""唔好"",""pos"":""vu"",""jyutping"":""m4hou2""},{""word"":""俾"",""pos"":""v"",""jyutping"":""bei2""},{""word"":""佢"",""pos"":""r"",""jyutping"":""keoi5""},{""word"":""知道"",""pos"":""v"",""jyutping"":""zi1dou3""},{""word"":""啊"",""pos"":""y"",""jyutping"":""aa3""},{""word"":""."",""pos"":"""",""jyutping"":null}]"	REQUIRES_EXPERT_CONTEXT_REVIEW
aa84br-316bc15261ad36df7b59	FC-R013a_v.cha	e95e436cf3f1eaf52a0fe1eb185c54f1813068a922fb1b22734b9237a6681a9d	53	163	1	XXA	internally_repeated_token	次	次次	r	PRON	ci3ci3				False	True	2	話	v	VERB	waa6	3	即係	都	即係	都	"即係次次都話,""噓!來喇,來喇!哎吔吔吔."	但係硬係呢,起唔到圍啫嗎.	"""""噓!來吖,來吖!哎吔吔吔."	"{""repetitionMode"":""internally_repeated_token"",""baseSurface"":""次"",""matchedSurface"":""次次""}"	"[{""word"":""即係"",""pos"":""c"",""jyutping"":""zik1hai6""},{""word"":""次次"",""pos"":""r"",""jyutping"":""ci3ci3""},{""word"":""都"",""pos"":""d"",""jyutping"":""dou1""},{""word"":""話"",""pos"":""v"",""jyutping"":""waa6""},{""word"":"","",""pos"":"""",""jyutping"":null},{""word"":""\"""",""pos"":"""",""jyutping"":null},{""word"":""噓"",""pos"":""o"",""jyutping"":""heoi1""},{""word"":""!"",""pos"":"""",""jyutping"":null},{""word"":""來"",""pos"":""v"",""jyutping"":""lai4""},{""word"":""喇"",""pos"":""y"",""jyutping"":""laa1""},{""word"":"","",""pos"":"""",""jyutping"":null},{""word"":""來"",""pos"":""v"",""jyutping"":""lai4""},{""word"":""喇"",""pos"":""y"",""jyutping"":""laa1""},{""word"":""!"",""pos"":"""",""jyutping"":null},{""word"":""哎吔"",""pos"":""e"",""jyutping"":""aai1jaa3""},{""word"":""吔"",""pos"":""e"",""jyutping"":""jaa3""},{""word"":""吔"",""pos"":""e"",""jyutping"":""jaa3""},{""word"":""."",""pos"":"""",""jyutping"":null}]"	REQUIRES_EXPERT_CONTEXT_REVIEW
aa84br-044dc235e42b7d883eb9	FC-R013a_v.cha	e95e436cf3f1eaf52a0fe1eb185c54f1813068a922fb1b22734b9237a6681a9d	53	228	3	XXA	internally_repeated_token	少	少少	m	NUM	siu2siu2				False	True	2	係	v	VERB	hai6	5	咗	都	咗	都	即係釋然咗少少都係.	我覺得唔係.	你覺得係真𠸏?	"{""repetitionMode"":""internally_repeated_token"",""baseSurface"":""少"",""matchedSurface"":""少少""}"	"[{""word"":""即係"",""pos"":""c"",""jyutping"":""zik1hai6""},{""word"":""釋然"",""pos"":""a"",""jyutping"":""sik1jin4""},{""word"":""咗"",""pos"":""u"",""jyutping"":""zo2""},{""word"":""少少"",""pos"":""m"",""jyutping"":""siu2siu2""},{""word"":""都"",""pos"":""d"",""jyutping"":""dou1""},{""word"":""係"",""pos"":""v"",""jyutping"":""hai6""},{""word"":""."",""pos"":"""",""jyutping"":null}]"	REQUIRES_EXPERT_CONTEXT_REVIEW
aa84br-535850cc5f5ae4fdb799	FC-R013a_v.cha	e95e436cf3f1eaf52a0fe1eb185c54f1813068a922fb1b22734b9237a6681a9d	53	266	14	XXB	internally_repeated_token	少	少少	m	NUM	siu2siu2				False	False							好	嘅	好	嘅	即係應該你係做一啲嘢呢,係俾個社會好少少嘅嘢.	"即係我覺得係電視其實應該係嗰陣時有個老闆成日講吖嗎,即係""upmanship""."	即係譬如可能我嘅生活冇辦法去到嗰種噉嘅環境.	"{""repetitionMode"":""internally_repeated_token"",""baseSurface"":""少"",""matchedSurface"":""少少""}"	"[{""word"":""即係"",""pos"":""c"",""jyutping"":""zik1hai6""},{""word"":""應該"",""pos"":""v"",""jyutping"":""jing1goi1""},{""word"":""你"",""pos"":""r"",""jyutping"":""nei5""},{""word"":""係"",""pos"":""v"",""jyutping"":""hai6""},{""word"":""做"",""pos"":""v"",""jyutping"":""zou6""},{""word"":""一啲"",""pos"":""m"",""jyutping"":""jat1di1""},{""word"":""嘢"",""pos"":""n"",""jyutping"":""je5""},{""word"":""呢"",""pos"":""y1"",""jyutping"":""ne1""},{""word"":"","",""pos"":"""",""jyutping"":null},{""word"":""係"",""pos"":""v"",""jyutping"":""hai6""},{""word"":""俾"",""pos"":""v"",""jyutping"":""bei2""},{""word"":""個"",""pos"":""q"",""jyutping"":""go3""},{""word"":""社會"",""pos"":""n"",""jyutping"":""se5wui2""},{""word"":""好"",""pos"":""a"",""jyutping"":""hou2""},{""word"":""少少"",""pos"":""m"",""jyutping"":""siu2siu2""},{""word"":""嘅"",""pos"":""u"",""jyutping"":""ge3""},{""word"":""嘢"",""pos"":""n"",""jyutping"":""je5""},{""word"":""."",""pos"":"""",""jyutping"":null}]"	REQUIRES_EXPERT_CONTEXT_REVIEW
aa84br-3ab1444ad437788c08b2	FC-R013b_v.cha	abf39e27ba60d99ecd91dc2fb863d64db94546ad7a99399d3f5e8bdcb1fbc950	54	44	1	XXA	internally_repeated_token	少	少少	m	NUM	siu2siu2				False	False							有	.	有	<UTTERANCE_END>	有少少.	係嚹.	情況好啲.	"{""repetitionMode"":""internally_repeated_token"",""baseSurface"":""少"",""matchedSurface"":""少少""}"	"[{""word"":""有"",""pos"":""v1"",""jyutping"":""jau5""},{""word"":""少少"",""pos"":""m"",""jyutping"":""siu2siu2""},{""word"":""."",""pos"":"""",""jyutping"":null}]"	REQUIRES_EXPERT_CONTEXT_REVIEW
aa84br-7390d3180319b406a394	FC-R013b_v.cha	abf39e27ba60d99ecd91dc2fb863d64db94546ad7a99399d3f5e8bdcb1fbc950	54	248	5	XXB	internally_repeated_token	做	做做	v	VERB	zou6zou6				False	True	3	幼稚	a	ADJ	jau3zi6	9	覺得	下	覺得	下	即係我-我覺得做做下,越做越幼稚啊個人.	我覺得啲人係越來越幼稚.	因為你其實對住自己都係嗰班人呢,我哋成日話係啲老人精竇啊.	"{""repetitionMode"":""internally_repeated_token"",""baseSurface"":""做"",""matchedSurface"":""做做""}"	"[{""word"":""即係"",""pos"":""c"",""jyutping"":""zik1hai6""},{""word"":""我"",""pos"":""r"",""jyutping"":""ngo5""},{""word"":""-"",""pos"":"""",""jyutping"":null},{""word"":""我"",""pos"":""r"",""jyutping"":""ngo5""},{""word"":""覺得"",""pos"":""v"",""jyutping"":""gok3dak1""},{""word"":""做做"",""pos"":""v"",""jyutping"":""zou6zou6""},{""word"":""下"",""pos"":""u"",""jyutping"":""haa5""},{""word"":"","",""pos"":"""",""jyutping"":null},{""word"":""越做越"",""pos"":""d"",""jyutping"":""jyut6zou6jyut6""},{""word"":""幼稚"",""pos"":""a"",""jyutping"":""jau3zi6""},{""word"":""啊"",""pos"":""y"",""jyutping"":""aa3""},{""word"":""個"",""pos"":""q"",""jyutping"":""go3""},{""word"":""人"",""pos"":""n"",""jyutping"":""jan4""},{""word"":""."",""pos"":"""",""jyutping"":null}]"	REQUIRES_EXPERT_CONTEXT_REVIEW
aa84br-93ddcd0f56cdbd1af959	FC-R016_v.cha	fdebcf1789ba82dc2341bfaf36fa574f44bef0ea4c5b49048567731b86ee05c6	55	7	9	XXA	internally_repeated_token	冰	冰冰	nr	PROPN	bing1bing1				False	False							白	嘅	白	嘅	噉𠻺另外呢,即早前啲白冰冰嘅綁架案嘅事件呢.	嗯.	係啊.	"{""repetitionMode"":""internally_repeated_token"",""baseSurface"":""冰"",""matchedSurface"":""冰冰""}"	"[{""word"":""噉"",""pos"":""c"",""jyutping"":""gam2""},{""word"":""𠻺"",""pos"":""y"",""jyutping"":""aa6""},{""word"":""另外"",""pos"":""c"",""jyutping"":""ling6ngoi6""},{""word"":""呢"",""pos"":""y"",""jyutping"":""ne1""},{""word"":"","",""pos"":"""",""jyutping"":null},{""word"":""即"",""pos"":""c"",""jyutping"":""zik1""},{""word"":""早前"",""pos"":""t"",""jyutping"":""zou2cin4""},{""word"":""啲"",""pos"":""q"",""jyutping"":""di1""},{""word"":""白"",""pos"":""nr"",""jyutping"":""baak6""},{""word"":""冰冰"",""pos"":""nr"",""jyutping"":""bing1bing1""},{""word"":""嘅"",""pos"":""u"",""jyutping"":""ge3""},{""word"":""綁架"",""pos"":""vn"",""jyutping"":""bong2gaa3""},{""word"":""案"",""pos"":""Ng"",""jyutping"":""on3""},{""word"":""嘅"",""pos"":""u"",""jyutping"":""ge3""},{""word"":""事件"",""pos"":""n"",""jyutping"":""si6gin2""},{""word"":""呢"",""pos"":""y"",""jyutping"":""ne1""},{""word"":""."",""pos"":"""",""jyutping"":null}]"	REQUIRES_EXPERT_CONTEXT_REVIEW
aa84br-348a443023ee8d80f9f4	FC-R016_v.cha	fdebcf1789ba82dc2341bfaf36fa574f44bef0ea4c5b49048567731b86ee05c6	55	18	14	XXB	internally_repeated_token	冰	冰冰	nr	PROPN	bing1bing1				False	False							白	案	白	案	"就係話有個女仔呢就"""",就係白冰冰案嗰件事呢."	我最近聽到個,即係睇到一段新消息呢,即係就唔知真定假𡃉.	喀.	"{""repetitionMode"":""internally_repeated_token"",""baseSurface"":""冰"",""matchedSurface"":""冰冰""}"	"[{""word"":""就"",""pos"":""d"",""jyutping"":""zau6""},{""word"":""係"",""pos"":""v"",""jyutping"":""hai6""},{""word"":""話"",""pos"":""v"",""jyutping"":""waa6""},{""word"":""有"",""pos"":""v1"",""jyutping"":""jau5""},{""word"":""個"",""pos"":""q"",""jyutping"":""go3""},{""word"":""女仔"",""pos"":""n"",""jyutping"":""neoi5zai2""},{""word"":""呢"",""pos"":""y"",""jyutping"":""ne1""},{""word"":""就"",""pos"":""d"",""jyutping"":""zau6""},{""word"":""\"""",""pos"":"""",""jyutping"":null},{""word"":""\"""",""pos"":"""",""jyutping"":null},{""word"":"","",""pos"":"""",""jyutping"":null},{""word"":""就"",""pos"":""d"",""jyutping"":""zau6""},{""word"":""係"",""pos"":""v"",""jyutping"":""hai6""},{""word"":""白"",""pos"":""nr"",""jyutping"":""baak6""},{""word"":""冰冰"",""pos"":""nr"",""jyutping"":""bing1bing1""},{""word"":""案"",""pos"":""Ng"",""jyutping"":""on3""},{""word"":""嗰"",""pos"":""r"",""jyutping"":""go2""},{""word"":""件"",""pos"":""q"",""jyutping"":""gin6""},{""word"":""事"",""pos"":""n"",""jyutping"":""si6""},{""word"":""呢"",""pos"":""y"",""jyutping"":""ne1""},{""word"":""."",""pos"":"""",""jyutping"":null}]"	REQUIRES_EXPERT_CONTEXT_REVIEW
aa84br-c3f1d8cf8f7582ba21d7	FC-R016_v.cha	fdebcf1789ba82dc2341bfaf36fa574f44bef0ea4c5b49048567731b86ee05c6	55	24	11	XXB	internally_repeated_token	B	BB	xn	NOUN					False	False							咗	𠻹	咗	𠻹	噉呢佢就話呢,就重有咗BB𠻹.	嗯.	嗯.	"{""repetitionMode"":""internally_repeated_token"",""baseSurface"":""B"",""matchedSurface"":""BB""}"	"[{""word"":""噉"",""pos"":""c"",""jyutping"":""gam2""},{""word"":""呢"",""pos"":""y1"",""jyutping"":""ne1""},{""word"":""佢"",""pos"":""r"",""jyutping"":""keoi5""},{""word"":""就"",""pos"":""d"",""jyutping"":""zau6""},{""word"":""話"",""pos"":""v"",""jyutping"":""waa6""},{""word"":""呢"",""pos"":""y"",""jyutping"":""ne1""},{""word"":"","",""pos"":"""",""jyutping"":null},{""word"":""就"",""pos"":""d"",""jyutping"":""zau6""},{""word"":""重"",""pos"":""d"",""jyutping"":""zung6""},{""word"":""有"",""pos"":""v1"",""jyutping"":""jau5""},{""word"":""咗"",""pos"":""u"",""jyutping"":""zo2""},{""word"":""BB"",""pos"":""xn"",""jyutping"":null},{""word"":""𠻹"",""pos"":""y"",""jyutping"":""tim1""},{""word"":""."",""pos"":"""",""jyutping"":null}]"	REQUIRES_EXPERT_CONTEXT_REVIEW
aa84br-85c314c13064dbe7ede4	FC-R016_v.cha	fdebcf1789ba82dc2341bfaf36fa574f44bef0ea4c5b49048567731b86ee05c6	55	98	10	XXB	internally_repeated_token	少	少少	m	NUM	siu2siu2				False	True	1	擔心	v	VERB	daam1sam1	11	有	擔心	有	擔心	噉你可知即係你其實都係即係有少少擔心.	即係習慣性.	嗯.	"{""repetitionMode"":""internally_repeated_token"",""baseSurface"":""少"",""matchedSurface"":""少少""}"	"[{""word"":""噉"",""pos"":""r"",""jyutping"":""gam2""},{""word"":""你"",""pos"":""r"",""jyutping"":""nei5""},{""word"":""可知"",""pos"":""v"",""jyutping"":""ho2zi1""},{""word"":""即係"",""pos"":""d"",""jyutping"":""zik1hai6""},{""word"":""你"",""pos"":""r"",""jyutping"":""nei5""},{""word"":""其實"",""pos"":""d"",""jyutping"":""kei4sat6""},{""word"":""都"",""pos"":""d"",""jyutping"":""dou1""},{""word"":""係"",""pos"":""v"",""jyutping"":""hai6""},{""word"":""即係"",""pos"":""c"",""jyutping"":""zik1hai6""},{""word"":""有"",""pos"":""v1"",""jyutping"":""jau5""},{""word"":""少少"",""pos"":""m"",""jyutping"":""siu2siu2""},{""word"":""擔心"",""pos"":""v"",""jyutping"":""daam1sam1""},{""word"":""."",""pos"":"""",""jyutping"":null}]"	REQUIRES_EXPERT_CONTEXT_REVIEW
aa84br-9ec9dfde20745010a68c	FC-R017_v.cha	5998c6065497a3f29ca4e65eb3cb527a07c4b25f8484c8a3ac0bb60b195ea409	56	64	3	XXA	internally_repeated_token	啱	啱啱	d	ADV	ngaam1ngaam1				False	True	1	畢業	v	VERB	bat1jip6	4	大學生	畢業	大學生	畢業	即係譬如大學生啱啱畢業,噉有啲個案呢,都係話即係不停噉揾工.	噉甚至乎另外呢,如果但係你話新出來嗰啲呢,又係比較麻煩囖.	係.	"{""repetitionMode"":""internally_repeated_token"",""baseSurface"":""啱"",""matchedSurface"":""啱啱""}"	"[{""word"":""即係"",""pos"":""c"",""jyutping"":""zik1hai6""},{""word"":""譬如"",""pos"":""v"",""jyutping"":""pei3jyu4""},{""word"":""大學生"",""pos"":""n"",""jyutping"":""daai6hok6saang1""},{""word"":""啱啱"",""pos"":""d"",""jyutping"":""ngaam1ngaam1""},{""word"":""畢業"",""pos"":""v"",""jyutping"":""bat1jip6""},{""word"":"","",""pos"":"""",""jyutping"":null},{""word"":""噉"",""pos"":""c"",""jyutping"":""gam2""},{""word"":""有啲"",""pos"":""r"",""jyutping"":""jau5di1""},{""word"":""個案"",""pos"":""n"",""jyutping"":""go3on3""},{""word"":""呢"",""pos"":""y1"",""jyutping"":""ne1""},{""word"":"","",""pos"":"""",""jyutping"":null},{""word"":""都"",""pos"":""d"",""jyutping"":""dou1""},{""word"":""係"",""pos"":""v"",""jyutping"":""hai6""},{""word"":""話"",""pos"":""v"",""jyutping"":""waa6""},{""word"":""即係"",""pos"":""c"",""jyutping"":""zik1hai6""},{""word"":""不停"",""pos"":""d"",""jyutping"":""bat1ting4""},{""word"":""噉"",""pos"":""u"",""jyutping"":""gam2""},{""word"":""揾工"",""pos"":""v"",""jyutping"":""wan2gung1""},{""word"":""."",""pos"":"""",""jyutping"":null}]"	REQUIRES_EXPERT_CONTEXT_REVIEW
aa84br-bbf19e3e6197bb36f37d	FC-R017_v.cha	5998c6065497a3f29ca4e65eb3cb527a07c4b25f8484c8a3ac0bb60b195ea409	56	156	5	XXA	adjacent_identical_tokens	返	返返	v	VERB	faan1	返	u	faan1	False	True	1	去	v	VERB	heoi3	7	其實	去	其實	去	噉哩個呢,其實返返去呢,就係話喺嗰個架構方面,我覺得要檢討嗰個問題囖.	嘅嗰啲人呢,噉然之後就會揾一啲即比較上,誒,其他嘅同事呢來到分擔咗佢嘅工作啊,噉𠻺令到即係佢哋𠻺變成啲失業大軍裏邊嘅其中之一份子啊噉樣.	嗯.	"{""repetitionMode"":""adjacent_identical_tokens"",""baseSurface"":""返"",""matchedSurface"":""返返""}"	"[{""word"":""噉"",""pos"":""c"",""jyutping"":""gam2""},{""word"":""哩個"",""pos"":""r"",""jyutping"":""ni1go3""},{""word"":""呢"",""pos"":""y1"",""jyutping"":""ne1""},{""word"":"","",""pos"":"""",""jyutping"":null},{""word"":""其實"",""pos"":""d"",""jyutping"":""kei4sat6""},{""word"":""返"",""pos"":""v"",""jyutping"":""faan1""},{""word"":""返"",""pos"":""u"",""jyutping"":""faan1""},{""word"":""去"",""pos"":""v"",""jyutping"":""heoi3""},{""word"":""呢"",""pos"":""y1"",""jyutping"":""ne1""},{""word"":"","",""pos"":"""",""jyutping"":null},{""word"":""就係"",""pos"":""d"",""jyutping"":""zau6hai6""},{""word"":""話"",""pos"":""v"",""jyutping"":""waa6""},{""word"":""喺"",""pos"":""p"",""jyutping"":""hai2""},{""word"":""嗰個"",""pos"":""r"",""jyutping"":""go2go3""},{""word"":""架構"",""pos"":""vn"",""jyutping"":""gaa3kau3""},{""word"":""方面"",""pos"":""n"",""jyutping"":""fong1min6""},{""word"":"","",""pos"":"""",""jyutping"":null},{""word"":""我"",""pos"":""r"",""jyutping"":""ngo5""},{""word"":""覺得"",""pos"":""v"",""jyutping"":""gok3dak1""},{""word"":""要"",""pos"":""vu"",""jyutping"":""jiu3""},{""word"":""檢討"",""pos"":""v"",""jyutping"":""gim2tou2""},{""word"":""嗰個"",""pos"":""r"",""jyutping"":""go2go3""},{""word"":""問題"",""pos"":""n"",""jyutping"":""man6tai4""},{""word"":""囖"",""pos"":""y"",""jyutping"":""lo1""},{""word"":""."",""pos"":"""",""jyutping"":null}]"	REQUIRES_EXPERT_CONTEXT_REVIEW
aa84br-f1e8e40b9e24bb8581f4	FC-R017_v.cha	5998c6065497a3f29ca4e65eb3cb527a07c4b25f8484c8a3ac0bb60b195ea409	56	163	2	XXA	internally_repeated_token	慢	慢慢	a	ADJ	maan6maan2				False	True	3	譬如	v	VERB	pei3jyu4	6	𠻺	呢	𠻺	呢	噉𠻺慢慢呢,即係譬如話奉獻咗你,十多廿年嘅青春,做到去一個經理或者係一個主任譬如噉樣嘅位置裏邊.	即係譬如你加入一間公司,由一個小職員開始做起.	係.	"{""repetitionMode"":""internally_repeated_token"",""baseSurface"":""慢"",""matchedSurface"":""慢慢""}"	"[{""word"":""噉"",""pos"":""c"",""jyutping"":""gam2""},{""word"":""𠻺"",""pos"":""d"",""jyutping"":""aa6""},{""word"":""慢慢"",""pos"":""a"",""jyutping"":""maan6maan2""},{""word"":""呢"",""pos"":""y1"",""jyutping"":""ne1""},{""word"":"","",""pos"":"""",""jyutping"":null},{""word"":""即係"",""pos"":""c"",""jyutping"":""zik1hai6""},{""word"":""譬如"",""pos"":""v"",""jyutping"":""pei3jyu4""},{""word"":""話"",""pos"":""v"",""jyutping"":""waa6""},{""word"":""奉獻"",""pos"":""v"",""jyutping"":""fung6hin3""},{""word"":""咗"",""pos"":""u"",""jyutping"":""zo2""},{""word"":""你"",""pos"":""r"",""jyutping"":""nei5""},{""word"":"","",""pos"":"""",""jyutping"":null},{""word"":""十"",""pos"":""m"",""jyutping"":""sap6""},{""word"":""多"",""pos"":""m"",""jyutping"":""do1""},{""word"":""廿"",""pos"":""m"",""jyutping"":""jaa6""},{""word"":""年"",""pos"":""q"",""jyutping"":""nin4""},{""word"":""嘅"",""pos"":""u"",""jyutping"":""ge3""},{""word"":""青春"",""pos"":""n"",""jyutping"":""cing1ceon1""},{""word"":"","",""pos"":"""",""jyutping"":null},{""word"":""做"",""pos"":""v"",""jyutping"":""zou6""},{""word"":""到"",""pos"":""u"",""jyutping"":""dou3""},{""word"":""去"",""pos"":""v"",""jyutping"":""heoi3""},{""word"":""一"",""pos"":""m"",""jyutping"":""jat1""},{""word"":""個"",""pos"":""q"",""jyutping"":""go3""},{""word"":""經理"",""pos"":""n"",""jyutping"":""ging1lei5""},{""word"":""或者"",""pos"":""c"",""jyutping"":""waak6ze2""},{""word"":""係"",""pos"":""v"",""jyutping"":""hai6""},{""word"":""一"",""pos"":""m"",""jyutping"":""jat1""},{""word"":""個"",""pos"":""q"",""jyutping"":""go3""},{""word"":""主任"",""pos"":""n"",""jyutping"":""zyu2jam6""},{""word"":""譬如"",""pos"":""v"",""jyutping"":""pei3jyu4""},{""word"":""噉樣"",""pos"":""r"",""jyutping"":""gam2joeng2""},{""word"":""嘅"",""pos"":""u"",""jyutping"":""ge3""},{""word"":""位置"",""pos"":""n"",""jyutping"":""wai6zi3""},{""word"":""裏邊"",""pos"":""f"",""jyutping"":""leoi5bin6""},{""word"":""."",""pos"":"""",""jyutping"":null}]"	REQUIRES_EXPERT_CONTEXT_REVIEW
aa84br-e72526c641207762cb72	FC-R017_v.cha	5998c6065497a3f29ca4e65eb3cb527a07c4b25f8484c8a3ac0bb60b195ea409	56	205	21	XXA	internally_repeated_token	等	等等	u	PART	dang2dang2				False	True	4	新	a	ADJ	san1	28	,	嘅	啊	嘅	亦都理論上呢,即係由於即係透過即係譬如電腦啊,或者通訊啊,資訊發達啊,等等嘅,誒,誒,新嘅哩啲硬件呢,出現嘅時間呢,或者啲新嘅科技上邊嘅制度出現呢,其實即係根本人喺間公司裏邊係理論上真係越來越少人𡃉.	嗯.	嗯.	"{""repetitionMode"":""internally_repeated_token"",""baseSurface"":""等"",""matchedSurface"":""等等""}"	"[{""word"":""亦都"",""pos"":""d"",""jyutping"":""jik6dou1""},{""word"":""理論上"",""pos"":""d"",""jyutping"":""lei5leon6soeng6""},{""word"":""呢"",""pos"":""y1"",""jyutping"":""ne1""},{""word"":"","",""pos"":"""",""jyutping"":null},{""word"":""即係"",""pos"":""c"",""jyutping"":""zik1hai6""},{""word"":""由於"",""pos"":""c"",""jyutping"":""jau4jyu1""},{""word"":""即係"",""pos"":""c"",""jyutping"":""zik1hai6""},{""word"":""透過"",""pos"":""v"",""jyutping"":""tau3gwo3""},{""word"":""即係"",""pos"":""c"",""jyutping"":""zik1hai6""},{""word"":""譬如"",""pos"":""v"",""jyutping"":""pei3jyu4""},{""word"":""電腦"",""pos"":""n"",""jyutping"":""din6nou5""},{""word"":""啊"",""pos"":""y1"",""jyutping"":""aa3""},{""word"":"","",""pos"":"""",""jyutping"":null},{""word"":""或者"",""pos"":""c"",""jyutping"":""waak6ze2""},{""word"":""通訊"",""pos"":""n"",""jyutping"":""tung1seon3""},{""word"":""啊"",""pos"":""y1"",""jyutping"":""aa3""},{""word"":"","",""pos"":"""",""jyutping"":null},{""word"":""資訊"",""pos"":""n"",""jyutping"":""zi1seon3""},{""word"":""發達"",""pos"":""a"",""jyutping"":""faat3daat6""},{""word"":""啊"",""pos"":""y1"",""jyutping"":""aa3""},{""word"":"","",""pos"":"""",""jyutping"":null},{""word"":""等等"",""pos"":""u"",""jyutping"":""dang2dang2""},{""word"":""嘅"",""pos"":""u"",""jyutping"":""ge3""},{""word"":"","",""pos"":"""",""jyutping"":null},{""word"":""誒"",""pos"":""e"",""jyutping"":""e6""},{""word"":"","",""pos"":"""",""jyutping"":null},{""word"":""誒"",""pos"":""e"",""jyutping"":""e6""},{""word"":"","",""pos"":"""",""jyutping"":null},{""word"":""新"",""pos"":""a"",""jyutping"":""san1""},{""word"":""嘅"",""pos"":""u"",""jyutping"":""ge3""},{""word"":""哩啲"",""pos"":""r"",""jyutping"":""ni1di1""},{""word"":""硬件"",""pos"":""n"",""jyutping"":""ngaang6gin2""},{""word"":""呢"",""pos"":""y1"",""jyutping"":""ne1""},{""word"":"","",""pos"":"""",""jyutping"":null},{""word"":""出現"",""pos"":""vn"",""jyutping"":""ceot1jin6""},{""word"":""嘅"",""pos"":""u"",""jyutping"":""ge3""},{""word"":""時間"",""pos"":""n"",""jyutping"":""si4gaan3""},{""word"":""呢"",""pos"":""y1"",""jyutping"":""ne1""},{""word"":"","",""pos"":"""",""jyutping"":null},{""word"":""或者"",""pos"":""c"",""jyutping"":""waak6ze2""},{""word"":""啲"",""pos"":""q"",""jyutping"":""di1""},{""word"":""新"",""pos"":""a"",""jyutping"":""san1""},{""word"":""嘅"",""pos"":""u"",""jyutping"":""ge3""},{""word"":""科技"",""pos"":""n"",""jyutping"":""fo1gei6""},{""word"":""上邊"",""pos"":""f"",""jyutping"":""soeng6bin6""},{""word"":""嘅"",""pos"":""u"",""jyutping"":""ge3""},{""word"":""制度"",""pos"":""n"",""jyutping"":""zai3dou6""},{""word"":""出現"",""pos"":""v"",""jyutping"":""ceot1jin6""},{""word"":""呢"",""pos"":""y1"",""jyutping"":""ne1""},{""word"":"","",""pos"":"""",""jyutping"":null},{""word"":""其實"",""pos"":""d"",""jyutping"":""kei4sat6""},{""word"":""即係"",""pos"":""c"",""jyutping"":""zik1hai6""},{""word"":""根本"",""pos"":""d"",""jyutping"":""gan1bun2""},{""word"":""人"",""pos"":""n"",""jyutping"":""jan4""},{""word"":""喺"",""pos"":""p"",""jyutping"":""hai2""},{""word"":""間"",""pos"":""q"",""jyutping"":""gaan1""},{""word"":""公司"",""pos"":""n"",""jyutping"":""gung1si1""},{""word"":""裏邊"",""pos"":""f"",""jyutping"":""leoi5bin6""},{""word"":""係"",""pos"":""v"",""jyutping"":""hai6""},{""word"":""理論上"",""pos"":""d"",""jyutping"":""lei5leon6soeng6""},{""word"":""真係"",""pos"":""d"",""jyutping"":""zan1hai6""},{""word"":""越來越"",""pos"":""d"",""jyutping"":""jyut6lai4jyut6""},{""word"":""少"",""pos"":""a"",""jyutping"":""siu2""},{""word"":""人"",""pos"":""n"",""jyutping"":""jan4""},{""word"":""𡃉"",""pos"":""y"",""jyutping"":""gaa3""},{""word"":""."",""pos"":"""",""jyutping"":null}]"	REQUIRES_EXPERT_CONTEXT_REVIEW
aa84br-f1bbc9a7d44cd355d000	FC-R017_v.cha	5998c6065497a3f29ca4e65eb3cb527a07c4b25f8484c8a3ac0bb60b195ea409	56	225	39	XXA	internally_repeated_token	等	等等	u	PART	dang2dang2				False	False							即係	哩啲	即係	哩啲	誒,噉但係哩間公司亦都有好多福利係俾你,你過往係享有慣,譬如醫療福利啊,保險啊,誒,即係,誒,公積金啊,即係等等哩啲呢.	因為譬如你,啊我譬如,誒,誒,我個人唔係咁,誒,誒,有乜嘢大嘅諗法嘅,或者即係對自己嘅事冇乜野心,只係希望呢,嗱,我付出我可以做到嘅能力,噉呢就即係交俾間公司嚹,然之後交俾間公司呢,就,誒,穩穩陣陣喇,我又唔會犯錯,總言之交落來嘅嘢我𠻺做好,喀.	但係如果你自己做老闆嘅呢,就冇咗哩樣嘢𡃉喎.	"{""repetitionMode"":""internally_repeated_token"",""baseSurface"":""等"",""matchedSurface"":""等等""}"	"[{""word"":""誒"",""pos"":""e"",""jyutping"":""e6""},{""word"":"","",""pos"":"""",""jyutping"":null},{""word"":""噉"",""pos"":""c"",""jyutping"":""gam2""},{""word"":""但係"",""pos"":""c"",""jyutping"":""daan6hai6""},{""word"":""哩"",""pos"":""r"",""jyutping"":""ni1""},{""word"":""間"",""pos"":""q"",""jyutping"":""gaan1""},{""word"":""公司"",""pos"":""n"",""jyutping"":""gung1si1""},{""word"":""亦都"",""pos"":""d"",""jyutping"":""jik6dou1""},{""word"":""有"",""pos"":""v1"",""jyutping"":""jau5""},{""word"":""好多"",""pos"":""m"",""jyutping"":""hou2do1""},{""word"":""福利"",""pos"":""n"",""jyutping"":""fuk1lei6""},{""word"":""係"",""pos"":""v"",""jyutping"":""hai6""},{""word"":""俾"",""pos"":""v"",""jyutping"":""bei2""},{""word"":""你"",""pos"":""r"",""jyutping"":""nei5""},{""word"":"","",""pos"":"""",""jyutping"":null},{""word"":""你"",""pos"":""r"",""jyutping"":""nei5""},{""word"":""過往"",""pos"":""t"",""jyutping"":""gwo3wong5""},{""word"":""係"",""pos"":""v"",""jyutping"":""hai6""},{""word"":""享有"",""pos"":""v"",""jyutping"":""hoeng2jau5""},{""word"":""慣"",""pos"":""v"",""jyutping"":""gwaan3""},{""word"":"","",""pos"":"""",""jyutping"":null},{""word"":""譬如"",""pos"":""v"",""jyutping"":""pei3jyu4""},{""word"":""醫療"",""pos"":""n"",""jyutping"":""ji1liu4""},{""word"":""福利"",""pos"":""n"",""jyutping"":""fuk1lei6""},{""word"":""啊"",""pos"":""y1"",""jyutping"":""aa3""},{""word"":"","",""pos"":"""",""jyutping"":null},{""word"":""保險"",""pos"":""n"",""jyutping"":""bou2him2""},{""word"":""啊"",""pos"":""y1"",""jyutping"":""aa3""},{""word"":"","",""pos"":"""",""jyutping"":null},{""word"":""誒"",""pos"":""e"",""jyutping"":""e6""},{""word"":"","",""pos"":"""",""jyutping"":null},{""word"":""即係"",""pos"":""c"",""jyutping"":""zik1hai6""},{""word"":"","",""pos"":"""",""jyutping"":null},{""word"":""誒"",""pos"":""e"",""jyutping"":""e6""},{""word"":"","",""pos"":"""",""jyutping"":null},{""word"":""公積金"",""pos"":""nz"",""jyutping"":""gung1zik1gam1""},{""word"":""啊"",""pos"":""y1"",""jyutping"":""aa3""},{""word"":"","",""pos"":"""",""jyutping"":null},{""word"":""即係"",""pos"":""c"",""jyutping"":""zik1hai6""},{""word"":""等等"",""pos"":""u"",""jyutping"":""dang2dang2""},{""word"":""哩啲"",""pos"":""r"",""jyutping"":""ni1di1""},{""word"":""呢"",""pos"":""y"",""jyutping"":""ne1""},{""word"":""."",""pos"":"""",""jyutping"":null}]"	REQUIRES_EXPERT_CONTEXT_REVIEW
aa84br-dfc4a06204aec60064ac	FC-R017_v.cha	5998c6065497a3f29ca4e65eb3cb527a07c4b25f8484c8a3ac0bb60b195ea409	56	252	3	XXB	adjacent_identical_tokens	好	好好	d	ADV	hou2	好	a	hou2	False	True	3	有	v1	VERB	jau5	8	得	嘅	得	嘅	我做得好好嘅,好有創意嘅.	我專注做一個可能,誒,誒,engineering.	但係呢,叫我同人傾計呢,我就口啞啞嘅.	"{""repetitionMode"":""adjacent_identical_tokens"",""baseSurface"":""好"",""matchedSurface"":""好好""}"	"[{""word"":""我"",""pos"":""r"",""jyutping"":""ngo5""},{""word"":""做"",""pos"":""v"",""jyutping"":""zou6""},{""word"":""得"",""pos"":""u"",""jyutping"":""dak1""},{""word"":""好"",""pos"":""d"",""jyutping"":""hou2""},{""word"":""好"",""pos"":""a"",""jyutping"":""hou2""},{""word"":""嘅"",""pos"":""u"",""jyutping"":""ge3""},{""word"":"","",""pos"":"""",""jyutping"":null},{""word"":""好"",""pos"":""d"",""jyutping"":""hou2""},{""word"":""有"",""pos"":""v1"",""jyutping"":""jau5""},{""word"":""創意"",""pos"":""n"",""jyutping"":""cong3ji3""},{""word"":""嘅"",""pos"":""u"",""jyutping"":""ge3""},{""word"":""."",""pos"":"""",""jyutping"":null}]"	REQUIRES_EXPERT_CONTEXT_REVIEW
aa84br-9a80d2aa61c10c6b0d3f	FC-R017_v.cha	5998c6065497a3f29ca4e65eb3cb527a07c4b25f8484c8a3ac0bb60b195ea409	56	267	5	XXA	internally_repeated_token	拜	拜拜	l1	X	baai1baai3				False	False							就	.	就	<UTTERANCE_END>	噉做完之後就拜拜.	或者我幫你,即係安裝哩啲啊,或者幫你設計一套系統啊.	嗯.	"{""repetitionMode"":""internally_repeated_token"",""baseSurface"":""拜"",""matchedSurface"":""拜拜""}"	"[{""word"":""噉"",""pos"":""c"",""jyutping"":""gam2""},{""word"":""做"",""pos"":""v"",""jyutping"":""zou6""},{""word"":""完"",""pos"":""v"",""jyutping"":""jyun4""},{""word"":""之後"",""pos"":""f"",""jyutping"":""zi1hau6""},{""word"":""就"",""pos"":""d"",""jyutping"":""zau6""},{""word"":""拜拜"",""pos"":""l1"",""jyutping"":""baai1baai3""},{""word"":""."",""pos"":"""",""jyutping"":null}]"	REQUIRES_EXPERT_CONTEXT_REVIEW
aa84br-494fe06c0e9a43621bc6	FC-R017_v.cha	5998c6065497a3f29ca4e65eb3cb527a07c4b25f8484c8a3ac0bb60b195ea409	56	299	0	XXC	adjacent_identical_tokens	返	返返	v	VERB	faan1	返	u	faan1	True	True	1	去	v	VERB	heoi3	2	<UTTERANCE_START>	去	<UTTERANCE_START>	去	返返去六十年代.	而家一搦走老奉哩兩個字呢,哎吔,弊傢伙.	係啊.	"{""repetitionMode"":""adjacent_identical_tokens"",""baseSurface"":""返"",""matchedSurface"":""返返""}"	"[{""word"":""返"",""pos"":""v"",""jyutping"":""faan1""},{""word"":""返"",""pos"":""u"",""jyutping"":""faan1""},{""word"":""去"",""pos"":""v"",""jyutping"":""heoi3""},{""word"":""六十年代"",""pos"":""t"",""jyutping"":""luk6sap6nin4doi6""},{""word"":""."",""pos"":"""",""jyutping"":null}]"	REQUIRES_EXPERT_CONTEXT_REVIEW
aa84br-42ba179948316d7ed848	FC-R018_v.cha	9d9d1b588b7c20c93f227668b91132e305fcf5f2bc14bec621b82917d2118606	57	17	16	XXA	adjacent_identical_tokens	好	好好	d	ADV	hou2	好	d	hou2	False	True	1	熱衷	a	ADJ	jit6cung1	18	,	熱衷	呢	熱衷	噉就,誒,一般來講呢,都係好多歌手呢,好好熱衷啊,尤其是鍾意玩live嘅朋友喇,吓.	係啊.	係啊.	"{""repetitionMode"":""adjacent_identical_tokens"",""baseSurface"":""好"",""matchedSurface"":""好好""}"	"[{""word"":""噉"",""pos"":""c"",""jyutping"":""gam2""},{""word"":""就"",""pos"":""d"",""jyutping"":""zau6""},{""word"":"","",""pos"":"""",""jyutping"":null},{""word"":""誒"",""pos"":""e"",""jyutping"":""e6""},{""word"":"","",""pos"":"""",""jyutping"":null},{""word"":""一般"",""pos"":""a"",""jyutping"":""jat1bun1""},{""word"":""來"",""pos"":""vk"",""jyutping"":""lai4""},{""word"":""講"",""pos"":""v"",""jyutping"":""gong2""},{""word"":""呢"",""pos"":""y1"",""jyutping"":""ne1""},{""word"":"","",""pos"":"""",""jyutping"":null},{""word"":""都"",""pos"":""d"",""jyutping"":""dou1""},{""word"":""係"",""pos"":""v"",""jyutping"":""hai6""},{""word"":""好多"",""pos"":""m"",""jyutping"":""hou2do1""},{""word"":""歌手"",""pos"":""n"",""jyutping"":""go1sau2""},{""word"":""呢"",""pos"":""y1"",""jyutping"":""ne1""},{""word"":"","",""pos"":"""",""jyutping"":null},{""word"":""好"",""pos"":""d"",""jyutping"":""hou2""},{""word"":""好"",""pos"":""d"",""jyutping"":""hou2""},{""word"":""熱衷"",""pos"":""a"",""jyutping"":""jit6cung1""},{""word"":""啊"",""pos"":""y"",""jyutping"":""aa3""},{""word"":"","",""pos"":"""",""jyutping"":null},{""word"":""尤其是"",""pos"":""d"",""jyutping"":""jau4kei4si6""},{""word"":""鍾意"",""pos"":""v"",""jyutping"":""zung1ji3""},{""word"":""玩"",""pos"":""v"",""jyutping"":""waan2""},{""word"":""live"",""pos"":""xa"",""jyutping"":null},{""word"":""嘅"",""pos"":""u"",""jyutping"":""ge3""},{""word"":""朋友"",""pos"":""n"",""jyutping"":""pang4jau5""},{""word"":""喇"",""pos"":""y"",""jyutping"":""laa1""},{""word"":"","",""pos"":"""",""jyutping"":null},{""word"":""吓"",""pos"":""e"",""jyutping"":""haa6""},{""word"":""."",""pos"":"""",""jyutping"":null}]"	REQUIRES_EXPERT_CONTEXT_REVIEW
aa84br-ad3bd777d37ab528d1a7	FC-R018_v.cha	9d9d1b588b7c20c93f227668b91132e305fcf5f2bc14bec621b82917d2118606	57	68	5	XXC	internally_repeated_token	少	少少	m	NUM	siu2siu2				False	True	1	準備	v	VERB	zeon2bei6	7	寫	,	寫	準備	噉上去即係可能寫少少,準備啲新嘢啊.	二來其實我都唔係話淨係放假𠸏.	準備啲新歌呀?	"{""repetitionMode"":""internally_repeated_token"",""baseSurface"":""少"",""matchedSurface"":""少少""}"	"[{""word"":""噉"",""pos"":""c"",""jyutping"":""gam2""},{""word"":""上去"",""pos"":""v"",""jyutping"":""soeng5heoi3""},{""word"":""即係"",""pos"":""c"",""jyutping"":""zik1hai6""},{""word"":""可能"",""pos"":""v"",""jyutping"":""ho2nang4""},{""word"":""寫"",""pos"":""v"",""jyutping"":""se2""},{""word"":""少少"",""pos"":""m"",""jyutping"":""siu2siu2""},{""word"":"","",""pos"":"""",""jyutping"":null},{""word"":""準備"",""pos"":""v"",""jyutping"":""zeon2bei6""},{""word"":""啲"",""pos"":""m"",""jyutping"":""di1""},{""word"":""新"",""pos"":""a"",""jyutping"":""san1""},{""word"":""嘢"",""pos"":""n"",""jyutping"":""je5""},{""word"":""啊"",""pos"":""y"",""jyutping"":""aa3""},{""word"":""."",""pos"":"""",""jyutping"":null}]"	REQUIRES_EXPERT_CONTEXT_REVIEW
aa84br-2f8fb15aceb9271daf98	FC-R018_v.cha	9d9d1b588b7c20c93f227668b91132e305fcf5f2bc14bec621b82917d2118606	57	114	16	XXA	adjacent_identical_tokens	好	好好	d	ADV	hou2	好	a	hou2	False	True	1	養老	v	VERB	joeng5lou5	18	個	養老	個	養老	譬如話係去養老嘅話呢,噉曼-曼撤斯特就唔係一個好好養老嘅地方來𡃉.	啊.	噉好多譬如話佢去咗英國其他嘅地區定居啊,或者係去咗倫敦啊譬如噉講喇.	"{""repetitionMode"":""adjacent_identical_tokens"",""baseSurface"":""好"",""matchedSurface"":""好好""}"	"[{""word"":""譬如"",""pos"":""v"",""jyutping"":""pei3jyu4""},{""word"":""話"",""pos"":""v"",""jyutping"":""waa6""},{""word"":""係"",""pos"":""v"",""jyutping"":""hai6""},{""word"":""去"",""pos"":""v"",""jyutping"":""heoi3""},{""word"":""養老"",""pos"":""v"",""jyutping"":""joeng5lou5""},{""word"":""嘅話"",""pos"":""c"",""jyutping"":""ge3waa2""},{""word"":""呢"",""pos"":""y1"",""jyutping"":""ne1""},{""word"":"","",""pos"":"""",""jyutping"":null},{""word"":""噉"",""pos"":""c"",""jyutping"":""gam2""},{""word"":""曼"",""pos"":""Nsg"",""jyutping"":""maan6""},{""word"":""-"",""pos"":"""",""jyutping"":null},{""word"":""曼撤斯特"",""pos"":""ns"",""jyutping"":""maan6cit3si1dak6""},{""word"":""就"",""pos"":""d"",""jyutping"":""zau6""},{""word"":""唔係"",""pos"":""v"",""jyutping"":""m4hai6""},{""word"":""一"",""pos"":""m"",""jyutping"":""jat1""},{""word"":""個"",""pos"":""q"",""jyutping"":""go3""},{""word"":""好"",""pos"":""d"",""jyutping"":""hou2""},{""word"":""好"",""pos"":""a"",""jyutping"":""hou2""},{""word"":""養老"",""pos"":""v"",""jyutping"":""joeng5lou5""},{""word"":""嘅"",""pos"":""u"",""jyutping"":""ge3""},{""word"":""地方"",""pos"":""n"",""jyutping"":""dei6fong1""},{""word"":""來"",""pos"":""v"",""jyutping"":""lai4""},{""word"":""𡃉"",""pos"":""y"",""jyutping"":""gaa3""},{""word"":""."",""pos"":"""",""jyutping"":null}]"	REQUIRES_EXPERT_CONTEXT_REVIEW
aa84br-e16fc26f6655a9904239	FC-R018_v.cha	9d9d1b588b7c20c93f227668b91132e305fcf5f2bc14bec621b82917d2118606	57	175	0	XXA	internally_repeated_token	拜	拜拜	l1	X	baai1baai3				True	False							<UTTERANCE_START>	.	<UTTERANCE_START>	<UTTERANCE_END>	拜拜.	我哋有機會再見喇.	拜拜.	"{""repetitionMode"":""internally_repeated_token"",""baseSurface"":""拜"",""matchedSurface"":""拜拜""}"	"[{""word"":""拜拜"",""pos"":""l1"",""jyutping"":""baai1baai3""},{""word"":""."",""pos"":"""",""jyutping"":null}]"	REQUIRES_EXPERT_CONTEXT_REVIEW
aa84br-3fc2bdc0c0a1372f421c	FC-R018_v.cha	9d9d1b588b7c20c93f227668b91132e305fcf5f2bc14bec621b82917d2118606	57	176	0	XXC	internally_repeated_token	拜	拜拜	l1	X	baai1baai3				True	False							<UTTERANCE_START>	.	<UTTERANCE_START>	<UTTERANCE_END>	拜拜.	拜拜.	拜拜.	"{""repetitionMode"":""internally_repeated_token"",""baseSurface"":""拜"",""matchedSurface"":""拜拜""}"	"[{""word"":""拜拜"",""pos"":""l1"",""jyutping"":""baai1baai3""},{""word"":""."",""pos"":"""",""jyutping"":null}]"	REQUIRES_EXPERT_CONTEXT_REVIEW
aa84br-6dd2e099d65266aecaec	FC-R018_v.cha	9d9d1b588b7c20c93f227668b91132e305fcf5f2bc14bec621b82917d2118606	57	177	0	XXB	internally_repeated_token	拜	拜拜	l1	X	baai1baai3				True	False							<UTTERANCE_START>	.	<UTTERANCE_START>	<UTTERANCE_END>	拜拜.	拜拜.		"{""repetitionMode"":""internally_repeated_token"",""baseSurface"":""拜"",""matchedSurface"":""拜拜""}"	"[{""word"":""拜拜"",""pos"":""l1"",""jyutping"":""baai1baai3""},{""word"":""."",""pos"":"""",""jyutping"":null}]"	REQUIRES_EXPERT_CONTEXT_REVIEW
