id	ordinal	item_type	turn	speaker	vocabulary_ordinal	source_cantonese	source_jyutping	source_english	source_hash	source_dialog_exact_surface_present	previous_turn_id	next_turn_id	deduplication_relation	ingress_classification	runtime_lexical_owners	canonical_exact_owners	supporting_exact_owners	review_flags	review_state
GLOSSIKA-YUEHK-A1-DLG-012-20260222-I001	1	dialog_turn	1	張美玲		志明，你識唔識游水？	/zi3 ming4, nei5 sik1 m4 sik1 jau4 seoi2?/		sha256:0d9cc59a4324204b95b024f047a73721360bef0b42140346c0b25216f38cb9a2			GLOSSIKA-YUEHK-A1-DLG-012-20260222-I002	no_project_match	naturalness_review_candidate				naturalness_review_candidate|swimming_ability_learning_style_review|source_turn_translation_not_provided	REQUIRES_EXPERT_CONTEXT_REVIEW
GLOSSIKA-YUEHK-A1-DLG-012-20260222-I002	2	dialog_turn	2	黃志明		識少少啫。你呢？	/sik1 siu2 siu2 ze1. nei5 ne1?/		sha256:6e14cfe8fc546f849871dbf7537d926969178251cde4dd2be918a936f422d9f8		GLOSSIKA-YUEHK-A1-DLG-012-20260222-I001	GLOSSIKA-YUEHK-A1-DLG-012-20260222-I003	no_project_match	naturalness_review_candidate				naturalness_review_candidate|swimming_ability_learning_style_review|source_turn_translation_not_provided	REQUIRES_EXPERT_CONTEXT_REVIEW
GLOSSIKA-YUEHK-A1-DLG-012-20260222-I003	3	dialog_turn	3	張美玲		我都識少少。	/ngo5 dou1 sik1 siu2 siu2./		sha256:08a98df5efc59231db3c64e1c83ad9fe1ccfe306e3bb4f6885232d3fec7178db		GLOSSIKA-YUEHK-A1-DLG-012-20260222-I002	GLOSSIKA-YUEHK-A1-DLG-012-20260222-I004	no_project_match	naturalness_review_candidate				naturalness_review_candidate|swimming_ability_learning_style_review|source_turn_translation_not_provided	REQUIRES_EXPERT_CONTEXT_REVIEW
GLOSSIKA-YUEHK-A1-DLG-012-20260222-I004	4	dialog_turn	4	黃志明		你幾時學識嘅？	/nei5 gei2 si4 hok6 sik1 ge3?/		sha256:3b8beb8904661300395c79c6c8a655dafd3ccb8659b5cf7af3d75323bb1e368a		GLOSSIKA-YUEHK-A1-DLG-012-20260222-I003	GLOSSIKA-YUEHK-A1-DLG-012-20260222-I005	no_project_match	naturalness_review_candidate				naturalness_review_candidate|swimming_ability_learning_style_review|source_turn_translation_not_provided	REQUIRES_EXPERT_CONTEXT_REVIEW
GLOSSIKA-YUEHK-A1-DLG-012-20260222-I005	5	dialog_turn	5	張美玲		細個學嘅，你呢？	/sai3 go3 hok6 ge3, nei5 ne1?/		sha256:3ce155bbec28d22f43ef913d05cd5303a9800dbae1628d3f42415d74fa815535		GLOSSIKA-YUEHK-A1-DLG-012-20260222-I004	GLOSSIKA-YUEHK-A1-DLG-012-20260222-I006	no_project_match	naturalness_review_candidate				naturalness_review_candidate|swimming_ability_learning_style_review|source_turn_translation_not_provided	REQUIRES_EXPERT_CONTEXT_REVIEW
GLOSSIKA-YUEHK-A1-DLG-012-20260222-I006	6	dialog_turn	6	黃志明		我中學先學。	/ngo5 zung1 hok6 sin1 hok6./		sha256:f1d1b8d60498558d0b54105e809715526706204e6e0896d903143500dc0e4dc3		GLOSSIKA-YUEHK-A1-DLG-012-20260222-I005	GLOSSIKA-YUEHK-A1-DLG-012-20260222-I007	no_project_match	naturalness_review_candidate				naturalness_review_candidate|swimming_ability_learning_style_review|source_turn_translation_not_provided	REQUIRES_EXPERT_CONTEXT_REVIEW
GLOSSIKA-YUEHK-A1-DLG-012-20260222-I007	7	dialog_turn	7	張美玲		你鍾唔鍾意游水？	/nei5 zung1 m4 zung1 ji3 jau4 seoi2?/		sha256:12a361993d7b55e387efcad45f4b5e3b2e849328ea4658ae13c661ff7ca16e64		GLOSSIKA-YUEHK-A1-DLG-012-20260222-I006	GLOSSIKA-YUEHK-A1-DLG-012-20260222-I008	no_project_match	naturalness_review_candidate				naturalness_review_candidate|swimming_ability_learning_style_review|source_turn_translation_not_provided	REQUIRES_EXPERT_CONTEXT_REVIEW
GLOSSIKA-YUEHK-A1-DLG-012-20260222-I008	8	dialog_turn	8	黃志明		鍾意呀，好好玩。	/zung1 ji3 aa3, hou2 hou2 waan2./		sha256:f06d085abae226725da548d8223d3cd6f5065082e7375a87445d1b1097a42345		GLOSSIKA-YUEHK-A1-DLG-012-20260222-I007	GLOSSIKA-YUEHK-A1-DLG-012-20260222-I009	no_project_match	naturalness_review_candidate				naturalness_review_candidate|swimming_ability_learning_style_review|source_turn_translation_not_provided	REQUIRES_EXPERT_CONTEXT_REVIEW
GLOSSIKA-YUEHK-A1-DLG-012-20260222-I009	9	dialog_turn	9	張美玲		你識游邊種？	/nei5 sik1 jau4 bin1 zung2?/		sha256:dc60d72fcb6f5621600c787765d988c9f0dc528536f47c8424a3227e47e907f3		GLOSSIKA-YUEHK-A1-DLG-012-20260222-I008	GLOSSIKA-YUEHK-A1-DLG-012-20260222-I010	no_project_match	naturalness_review_candidate				naturalness_review_candidate|swimming_ability_learning_style_review|source_turn_translation_not_provided	REQUIRES_EXPERT_CONTEXT_REVIEW
GLOSSIKA-YUEHK-A1-DLG-012-20260222-I010	10	dialog_turn	10	黃志明		我識自由式同埋蛙式。	/ngo5 sik1 zi6 jau4 sik1 tung4 maai4 waa1 sik1./		sha256:d1925f92fe170e97b3834a308ce0dbc1fcc1c38393c8eb2b16c60e82079755aa		GLOSSIKA-YUEHK-A1-DLG-012-20260222-I009	GLOSSIKA-YUEHK-A1-DLG-012-20260222-I011	no_project_match	naturalness_review_candidate				naturalness_review_candidate|swimming_ability_learning_style_review|source_turn_translation_not_provided	REQUIRES_EXPERT_CONTEXT_REVIEW
GLOSSIKA-YUEHK-A1-DLG-012-20260222-I011	11	dialog_turn	11	張美玲		嘩，你好叻喎！	/waa3, nei5 hou2 lek1 wo3!/		sha256:ce2f836d2f0e55a3c06242e72d8075454827d2e47eb4eae6a4b21f7806e7b795		GLOSSIKA-YUEHK-A1-DLG-012-20260222-I010	GLOSSIKA-YUEHK-A1-DLG-012-20260222-I012	no_project_match	naturalness_review_candidate				naturalness_review_candidate|swimming_ability_learning_style_review|source_turn_translation_not_provided	REQUIRES_EXPERT_CONTEXT_REVIEW
GLOSSIKA-YUEHK-A1-DLG-012-20260222-I012	12	dialog_turn	12	黃志明		唔係好叻，一般啫。	/m4 hai6 hou2 lek1, jat1 bun1 ze1./		sha256:89f8f4416984c68230ab4936dbf203d26d95ec46c8a71d545aaf98db5a25ae68		GLOSSIKA-YUEHK-A1-DLG-012-20260222-I011	GLOSSIKA-YUEHK-A1-DLG-012-20260222-I013	no_project_match	naturalness_review_candidate				naturalness_review_candidate|swimming_ability_learning_style_review|source_turn_translation_not_provided	REQUIRES_EXPERT_CONTEXT_REVIEW
GLOSSIKA-YUEHK-A1-DLG-012-20260222-I013	13	dialog_turn	13	張美玲		我淨係識蛙式。	/ngo5 zing6 hai6 sik1 waa1 sik1./		sha256:6ff6f949a318d0046a8235740afacf61206369b5e3d8180a54792073b7a4b3e8		GLOSSIKA-YUEHK-A1-DLG-012-20260222-I012	GLOSSIKA-YUEHK-A1-DLG-012-20260222-I014	no_project_match	naturalness_review_candidate				naturalness_review_candidate|swimming_ability_learning_style_review|source_turn_translation_not_provided	REQUIRES_EXPERT_CONTEXT_REVIEW
GLOSSIKA-YUEHK-A1-DLG-012-20260222-I014	14	dialog_turn	14	黃志明		蛙式都好好呀。	/waa1 sik1 dou1 hou2 hou2 aa3./		sha256:2342c9a99893e04a26b6ab61b3a6efd714c6dc8e38344db7143a9c2edc7686e0		GLOSSIKA-YUEHK-A1-DLG-012-20260222-I013	GLOSSIKA-YUEHK-A1-DLG-012-20260222-I015	no_project_match	naturalness_review_candidate				naturalness_review_candidate|swimming_ability_learning_style_review|source_turn_translation_not_provided	REQUIRES_EXPERT_CONTEXT_REVIEW
GLOSSIKA-YUEHK-A1-DLG-012-20260222-I015	15	dialog_turn	15	張美玲		你平時去邊度游水？	/nei5 ping4 si4 heoi3 bin1 dou6 jau4 seoi2?/		sha256:789bd8f47a63e29174e772f791c96db9d17e96b208fac430198917f3a994adad		GLOSSIKA-YUEHK-A1-DLG-012-20260222-I014	GLOSSIKA-YUEHK-A1-DLG-012-20260222-I016	no_project_match	naturalness_review_candidate				naturalness_review_candidate|pool_location_cost_review|source_turn_translation_not_provided	REQUIRES_EXPERT_CONTEXT_REVIEW
GLOSSIKA-YUEHK-A1-DLG-012-20260222-I016	16	dialog_turn	16	黃志明		我去公眾泳池。	/ngo5 heoi3 gung1 zung3 wing6 ci4./		sha256:c66aa0e6b6955866302e11a8821c2561853a1f481e4e21c1cc6d72591ff625d0		GLOSSIKA-YUEHK-A1-DLG-012-20260222-I015	GLOSSIKA-YUEHK-A1-DLG-012-20260222-I017	no_project_match	naturalness_review_candidate				naturalness_review_candidate|pool_location_cost_review|source_turn_translation_not_provided	REQUIRES_EXPERT_CONTEXT_REVIEW
GLOSSIKA-YUEHK-A1-DLG-012-20260222-I017	17	dialog_turn	17	張美玲		邊個公眾泳池呀？	/bin1 go3 gung1 zung3 wing6 ci4 aa3?/		sha256:8a913b0ebd3c73aba6627164795cf4e0770dea9c402d6c49cee1b2c21e56f3c6		GLOSSIKA-YUEHK-A1-DLG-012-20260222-I016	GLOSSIKA-YUEHK-A1-DLG-012-20260222-I018	no_project_match	naturalness_review_candidate				naturalness_review_candidate|pool_location_cost_review|source_turn_translation_not_provided	REQUIRES_EXPERT_CONTEXT_REVIEW
GLOSSIKA-YUEHK-A1-DLG-012-20260222-I018	18	dialog_turn	18	黃志明		維多利亞公園嗰個。	/wai4 do1 lei6 aa3 gung1 jyun2 go2 go3./		sha256:80b62669c953f6f3a7874df4cc8a593eecdde5953b66b2e3beb74ce09de7aa74		GLOSSIKA-YUEHK-A1-DLG-012-20260222-I017	GLOSSIKA-YUEHK-A1-DLG-012-20260222-I019	no_project_match	naturalness_review_candidate				naturalness_review_candidate|pool_location_cost_review|source_turn_translation_not_provided	REQUIRES_EXPERT_CONTEXT_REVIEW
GLOSSIKA-YUEHK-A1-DLG-012-20260222-I019	19	dialog_turn	19	張美玲		哦，嗰度幾好。	/o4, go2 dou6 gei2 hou2./		sha256:1cc2e62f4e1ce7c72e523bbb688792f604ad9e22ab4cc109865f01bab522ecf3		GLOSSIKA-YUEHK-A1-DLG-012-20260222-I018	GLOSSIKA-YUEHK-A1-DLG-012-20260222-I020	no_project_match	naturalness_review_candidate				naturalness_review_candidate|pool_location_cost_review|source_turn_translation_not_provided	REQUIRES_EXPERT_CONTEXT_REVIEW
GLOSSIKA-YUEHK-A1-DLG-012-20260222-I020	20	dialog_turn	20	黃志明		係呀，又近又平。	/hai6 aa3, jau6 kan5 jau6 peng4./		sha256:304c27527b129f1ab7d1359424c5b46f7e4b8aa33501d102a5d5e9f6d32b8bb3		GLOSSIKA-YUEHK-A1-DLG-012-20260222-I019	GLOSSIKA-YUEHK-A1-DLG-012-20260222-I021	no_project_match	naturalness_review_candidate				naturalness_review_candidate|pool_location_cost_review|source_turn_translation_not_provided	REQUIRES_EXPERT_CONTEXT_REVIEW
GLOSSIKA-YUEHK-A1-DLG-012-20260222-I021	21	dialog_turn	21	張美玲		入場費幾多錢？	/jap6 coeng4 fai3 gei2 do1 cin2?/		sha256:9a5fa1fb358c5e058ac25aac2d5a739718c3c2d040d98af24e3c0a368ae16a61		GLOSSIKA-YUEHK-A1-DLG-012-20260222-I020	GLOSSIKA-YUEHK-A1-DLG-012-20260222-I022	no_project_match	naturalness_review_candidate				naturalness_review_candidate|pool_location_cost_review|source_turn_translation_not_provided	REQUIRES_EXPERT_CONTEXT_REVIEW
GLOSSIKA-YUEHK-A1-DLG-012-20260222-I022	22	dialog_turn	22	黃志明		十九蚊啫。	/sap6 gau2 man1 ze1./		sha256:f7c91a3a50d188bf4048d8b52c0507d8cef4f731b23745bc94a14e90823878ea		GLOSSIKA-YUEHK-A1-DLG-012-20260222-I021	GLOSSIKA-YUEHK-A1-DLG-012-20260222-I023	no_project_match	naturalness_review_candidate				naturalness_review_candidate|pool_location_cost_review|source_turn_translation_not_provided	REQUIRES_EXPERT_CONTEXT_REVIEW
GLOSSIKA-YUEHK-A1-DLG-012-20260222-I023	23	dialog_turn	23	張美玲		真係好平喎！	/zan1 hai6 hou2 peng4 wo3!/		sha256:dc319022e6ddef5fc138c7d3be8de5ecae9dc55fe6ae301141f8408169ba5547		GLOSSIKA-YUEHK-A1-DLG-012-20260222-I022	GLOSSIKA-YUEHK-A1-DLG-012-20260222-I024	no_project_match	naturalness_review_candidate				naturalness_review_candidate|pool_location_cost_review|source_turn_translation_not_provided	REQUIRES_EXPERT_CONTEXT_REVIEW
GLOSSIKA-YUEHK-A1-DLG-012-20260222-I024	24	dialog_turn	24	黃志明		係呀，所以好多人去。	/hai6 aa3, so2 ji5 hou2 do1 jan4 heoi3./		sha256:5306171e9f82711820fd059915fe2892e829dec1b9fcfdbb47e416b7c30d1b18		GLOSSIKA-YUEHK-A1-DLG-012-20260222-I023	GLOSSIKA-YUEHK-A1-DLG-012-20260222-I025	no_project_match	naturalness_review_candidate				naturalness_review_candidate|pool_location_cost_review|source_turn_translation_not_provided	REQUIRES_EXPERT_CONTEXT_REVIEW
GLOSSIKA-YUEHK-A1-DLG-012-20260222-I025	25	dialog_turn	25	張美玲		你今個星期六得唔得閒？	/nei5 gam1 go3 sing1 kei4 luk6 dak1 m4 dak1 haan4?/		sha256:56e95b60db253fadf74f17a49982279dc70d0b6aa25491420e6eb552d2c4ff2f		GLOSSIKA-YUEHK-A1-DLG-012-20260222-I024	GLOSSIKA-YUEHK-A1-DLG-012-20260222-I026	no_project_match	naturalness_review_candidate				naturalness_review_candidate|availability_meeting_plan_review|source_turn_translation_not_provided	REQUIRES_EXPERT_CONTEXT_REVIEW
GLOSSIKA-YUEHK-A1-DLG-012-20260222-I026	26	dialog_turn	26	黃志明		得閒呀，做咩呀？	/dak1 haan4 aa3, zou6 me1 aa3?/		sha256:b976c0fdd69ca2ef25d402a93920bfa36fc7447a17ce1529d44090cc8af387a8		GLOSSIKA-YUEHK-A1-DLG-012-20260222-I025	GLOSSIKA-YUEHK-A1-DLG-012-20260222-I027	no_project_match	naturalness_review_candidate				naturalness_review_candidate|availability_meeting_plan_review|source_turn_translation_not_provided	REQUIRES_EXPERT_CONTEXT_REVIEW
GLOSSIKA-YUEHK-A1-DLG-012-20260222-I027	27	dialog_turn	27	張美玲		不如一齊去游水？	/bat1 jyu4 jat1 cai4 heoi3 jau4 seoi2?/		sha256:6cdcb87a663c9036bdfc1cc972231e24647cebb4145723644862d7ba823b4dde		GLOSSIKA-YUEHK-A1-DLG-012-20260222-I026	GLOSSIKA-YUEHK-A1-DLG-012-20260222-I028	no_project_match	naturalness_review_candidate				naturalness_review_candidate|availability_meeting_plan_review|source_turn_translation_not_provided	REQUIRES_EXPERT_CONTEXT_REVIEW
GLOSSIKA-YUEHK-A1-DLG-012-20260222-I028	28	dialog_turn	28	黃志明		好呀！幾點去？	/hou2 aa3! gei2 dim2 heoi3?/		sha256:03ceaa1cc1a5751bc0a37ea44b6e38ab7a2ab5f031ac5561e3e0d8dde6b6d240		GLOSSIKA-YUEHK-A1-DLG-012-20260222-I027	GLOSSIKA-YUEHK-A1-DLG-012-20260222-I029	no_project_match	naturalness_review_candidate				naturalness_review_candidate|availability_meeting_plan_review|source_turn_translation_not_provided	REQUIRES_EXPERT_CONTEXT_REVIEW
GLOSSIKA-YUEHK-A1-DLG-012-20260222-I029	29	dialog_turn	29	張美玲		下晝三點得唔得？	/haa6 zau3 saam1 dim2 dak1 m4 dak1?/		sha256:ef28ba33324d65a7b63aba5615c5ccb9e4945aae78fe95f7bd0a9c38fb14f46d		GLOSSIKA-YUEHK-A1-DLG-012-20260222-I028	GLOSSIKA-YUEHK-A1-DLG-012-20260222-I030	normalized_duplicate_candidate	naturalness_review_candidate				naturalness_review_candidate|availability_meeting_plan_review|source_turn_translation_not_provided	REQUIRES_EXPERT_CONTEXT_REVIEW
GLOSSIKA-YUEHK-A1-DLG-012-20260222-I030	30	dialog_turn	30	黃志明		得呀，冇問題。	/dak1 aa3, mou5 man6 tai4./		sha256:1f10a973575353c10add41c1e9136907133cf8ce4a498ae8837188c2b0a0a95f		GLOSSIKA-YUEHK-A1-DLG-012-20260222-I029	GLOSSIKA-YUEHK-A1-DLG-012-20260222-I031	normalized_duplicate_candidate	naturalness_review_candidate				naturalness_review_candidate|availability_meeting_plan_review|source_turn_translation_not_provided	REQUIRES_EXPERT_CONTEXT_REVIEW
GLOSSIKA-YUEHK-A1-DLG-012-20260222-I031	31	dialog_turn	31	張美玲		我哋邊度見？	/ngo5 dei6 bin1 dou6 gin3?/		sha256:3354cb6ce354e62f2f88425348fc7a9f6afee861432ffe0c17e7bfa86fe712f2		GLOSSIKA-YUEHK-A1-DLG-012-20260222-I030	GLOSSIKA-YUEHK-A1-DLG-012-20260222-I032	no_project_match	naturalness_review_candidate				naturalness_review_candidate|availability_meeting_plan_review|source_turn_translation_not_provided	REQUIRES_EXPERT_CONTEXT_REVIEW
GLOSSIKA-YUEHK-A1-DLG-012-20260222-I032	32	dialog_turn	32	黃志明		泳池門口見，好唔好？	/wing6 ci4 mun4 hau2 gin3, hou2 m4 hou2?/		sha256:f2e533cbe33e74f91740cc82c9e861b50c32691f385b685713bb2010e3d0b825		GLOSSIKA-YUEHK-A1-DLG-012-20260222-I031	GLOSSIKA-YUEHK-A1-DLG-012-20260222-I033	no_project_match	naturalness_review_candidate				naturalness_review_candidate|availability_meeting_plan_review|source_turn_translation_not_provided	REQUIRES_EXPERT_CONTEXT_REVIEW
GLOSSIKA-YUEHK-A1-DLG-012-20260222-I033	33	dialog_turn	33	張美玲		好呀，我帶咩呀？	/hou2 aa3, ngo5 daai3 me1 aa3?/		sha256:aaf53fdb7ca6b73fb39c0e4cb480a23a923c9801b06cbad3588e18071c728572		GLOSSIKA-YUEHK-A1-DLG-012-20260222-I032	GLOSSIKA-YUEHK-A1-DLG-012-20260222-I034	no_project_match	naturalness_review_candidate				naturalness_review_candidate|equipment_preparation_review|source_turn_translation_not_provided	REQUIRES_EXPERT_CONTEXT_REVIEW
GLOSSIKA-YUEHK-A1-DLG-012-20260222-I034	34	dialog_turn	34	黃志明		帶泳衣同埋毛巾。	/daai3 wing6 ji1 tung4 maai4 mou4 gan1./		sha256:cf3e1aec9ca240e0cfbac365ae2dd8f7f8290a863c19e86dacc9107362eccd76		GLOSSIKA-YUEHK-A1-DLG-012-20260222-I033	GLOSSIKA-YUEHK-A1-DLG-012-20260222-I035	no_project_match	naturalness_review_candidate				naturalness_review_candidate|equipment_preparation_review|source_turn_translation_not_provided	REQUIRES_EXPERT_CONTEXT_REVIEW
GLOSSIKA-YUEHK-A1-DLG-012-20260222-I035	35	dialog_turn	35	張美玲		使唔使帶泳鏡？	/sai2 m4 sai2 daai3 wing6 geng2?/		sha256:02e8d0e86fcbf9e45b22cebaf1098485a32794e8eaf25fc9f95cf74ab366ebbe		GLOSSIKA-YUEHK-A1-DLG-012-20260222-I034	GLOSSIKA-YUEHK-A1-DLG-012-20260222-I036	no_project_match	naturalness_review_candidate				naturalness_review_candidate|equipment_preparation_review|source_turn_translation_not_provided	REQUIRES_EXPERT_CONTEXT_REVIEW
GLOSSIKA-YUEHK-A1-DLG-012-20260222-I036	36	dialog_turn	36	黃志明		最好帶埋。	/zeoi3 hou2 daai3 maai4./		sha256:82dcc9f00c579b649cc0b55c9996a064f196050093df0a0c2b19ca809c12bec6		GLOSSIKA-YUEHK-A1-DLG-012-20260222-I035	GLOSSIKA-YUEHK-A1-DLG-012-20260222-I037	no_project_match	naturalness_review_candidate				naturalness_review_candidate|equipment_preparation_review|source_turn_translation_not_provided	REQUIRES_EXPERT_CONTEXT_REVIEW
GLOSSIKA-YUEHK-A1-DLG-012-20260222-I037	37	dialog_turn	37	張美玲		好，我記住喇。	/hou2, ngo5 gei3 zyu6 laa3./		sha256:97c3976d15155e107d187a25769b97cdc709817a9e84563696f5d283aa144f19		GLOSSIKA-YUEHK-A1-DLG-012-20260222-I036	GLOSSIKA-YUEHK-A1-DLG-012-20260222-I038	no_project_match	naturalness_review_candidate				naturalness_review_candidate|equipment_preparation_review|source_turn_translation_not_provided	REQUIRES_EXPERT_CONTEXT_REVIEW
GLOSSIKA-YUEHK-A1-DLG-012-20260222-I038	38	dialog_turn	38	黃志明		如果落雨點算？	/jyu4 gwo2 lok6 jyu5 dim2 syun3?/		sha256:686ec4b7c345f4dcc50a1fb3cfa74dd3c9e56e4b2e67e6faf80b8deafca339d5		GLOSSIKA-YUEHK-A1-DLG-012-20260222-I037	GLOSSIKA-YUEHK-A1-DLG-012-20260222-I039	exact_duplicate_candidate	naturalness_review_candidate			data/pedagogical-corpus/glossika/GLOSSIKA-YUEHK-A1-DLG-007-20260111/crosswalk.json|data/pedagogical-corpus/glossika/GLOSSIKA-YUEHK-A1-DLG-007-20260111/items.tsv|data/pedagogical-corpus/glossika/GLOSSIKA-YUEHK-A1-DLG-007-20260111/source.json	naturalness_review_candidate|weather_contingency_review|source_turn_translation_not_provided	REQUIRES_EXPERT_CONTEXT_REVIEW
GLOSSIKA-YUEHK-A1-DLG-012-20260222-I039	39	dialog_turn	39	張美玲		咁就改第二日囉。	/gam2 zau6 goi2 dai6 ji6 jat6 lo1./		sha256:f1630e7cd5ed2e39f42cdd41b393600246563bd455ec848a945e74d49872ed2f		GLOSSIKA-YUEHK-A1-DLG-012-20260222-I038	GLOSSIKA-YUEHK-A1-DLG-012-20260222-I040	no_project_match	naturalness_review_candidate				naturalness_review_candidate|weather_contingency_review|source_turn_translation_not_provided	REQUIRES_EXPERT_CONTEXT_REVIEW
GLOSSIKA-YUEHK-A1-DLG-012-20260222-I040	40	dialog_turn	40	黃志明		好，咁就星期六見。	/hou2, gam2 zau6 sing1 kei4 luk6 gin3./		sha256:ab949e91e0c56ebf37036085a89e080258a7dc4ea9676170b7de674dc1cabfee		GLOSSIKA-YUEHK-A1-DLG-012-20260222-I039		no_project_match	naturalness_review_candidate				naturalness_review_candidate|weather_contingency_review|source_turn_translation_not_provided	REQUIRES_EXPERT_CONTEXT_REVIEW
GLOSSIKA-YUEHK-A1-DLG-012-20260222-I041	41	lexical_entry			1	識唔識	sik1 m4 sik1	know how to or not; can you	sha256:aead46602891891daf666b77e323195b313ab99336dd487112c088044c7c8a57	true			exact_duplicate_candidate	exact_duplicate			data/pedagogical-corpus/glossika/GLOSSIKA-YUEHK-A1-DLG-007-20260111/crosswalk.json|data/pedagogical-corpus/glossika/GLOSSIKA-YUEHK-A1-DLG-007-20260111/items.tsv|data/pedagogical-corpus/glossika/GLOSSIKA-YUEHK-A1-DLG-007-20260111/review.json|data/pedagogical-corpus/glossika/GLOSSIKA-YUEHK-A1-DLG-007-20260111/source.json|data/pedagogical-corpus/glossika/GLOSSIKA-YUEHK-A1-DLG-011-20260215/crosswalk.json|data/pedagogical-corpus/glossika/GLOSSIKA-YUEHK-A1-DLG-011-20260215/items.tsv|data/pedagogical-corpus/glossika/GLOSSIKA-YUEHK-A1-DLG-011-20260215/review.json|data/pedagogical-corpus/glossika/GLOSSIKA-YUEHK-A1-DLG-011-20260215/source.json|docs/research/LANE-07-A-NOT-A-QUESTIONS-SOURCE-MAP-CP021B-R7.md	ability_a_not_a_review	REQUIRES_EXPERT_CONTEXT_REVIEW
GLOSSIKA-YUEHK-A1-DLG-012-20260222-I042	42	lexical_entry			2	游水	jau4 seoi2	to swim; swimming	sha256:4310d2e0308cc90e022e44dccef0af460a9928114379ea3742b0e69cc8f59f57	true			exact_duplicate_candidate	exact_duplicate		src/runtime-resources/lexicon/productive-vo.js|src/runtime-resources/lexicon/token-lexicon/referents-and-boundaries.js|src/runtime-resources/presentation/learner-glosses.js	data/pedagogical-corpus/glossika/GLOSSIKA-YUEHK-A1-W16-20260705/items.tsv|data/pedagogical-corpus/glossika/GLOSSIKA-YUEHK-A1-W16-20260705/review.json|data/pedagogical-corpus/glossika/GLOSSIKA-YUEHK-A1-W16-20260705/source.json|docs/research/COVERB-MANNER-EVENT-MODIFICATION-SOURCE-MAP-CP021B-R23.md|docs/research/PARSER-CONSTRUCTION-SOURCE-MATRIX-CP021B-R37.tsv|tests/tooling/lexicon/glossika-week16-runtime-lexicon.test.js	swimming_event_review	REQUIRES_EXPERT_CONTEXT_REVIEW
GLOSSIKA-YUEHK-A1-DLG-012-20260222-I043	43	lexical_entry			3	識	sik1	to know; to know how to	sha256:ff9471c378ec92c297fe9fc272cdbeb4e99de52ff31ed03ed8981f1da19c4878	true			exact_duplicate_candidate	lexical_only_attestation	src/runtime-resources/lexicon/token-lexicon/function-words-and-particles.js	src/parser/nodes/node-shape.js|src/runtime-resources/grammar/templates/slot-generation-rules.js|src/runtime-resources/lexicon/token-lexicon/function-words-and-particles.js|src/runtime-resources/lexicon/token-lexicon/study-suite.js	data/pedagogical-corpus/glossika/GLOSSIKA-YUEHK-A1-DLG-007-20260111/crosswalk.json|data/pedagogical-corpus/glossika/GLOSSIKA-YUEHK-A1-DLG-007-20260111/items.tsv|data/pedagogical-corpus/glossika/GLOSSIKA-YUEHK-A1-DLG-007-20260111/review.json|data/pedagogical-corpus/glossika/GLOSSIKA-YUEHK-A1-DLG-007-20260111/source.json|data/pedagogical-corpus/glossika/GLOSSIKA-YUEHK-A1-DLG-009-20260201/crosswalk.json|data/pedagogical-corpus/glossika/GLOSSIKA-YUEHK-A1-DLG-009-20260201/items.tsv|data/pedagogical-corpus/glossika/GLOSSIKA-YUEHK-A1-DLG-009-20260201/review.json|data/pedagogical-corpus/glossika/GLOSSIKA-YUEHK-A1-DLG-009-20260201/source.json|data/pedagogical-corpus/glossika/GLOSSIKA-YUEHK-A1-DLG-011-20260215/crosswalk.json|data/pedagogical-corpus/glossika/GLOSSIKA-YUEHK-A1-DLG-011-20260215/items.tsv|data/pedagogical-corpus/glossika/GLOSSIKA-YUEHK-A1-DLG-011-20260215/review.json|data/pedagogical-corpus/glossika/GLOSSIKA-YUEHK-A1-DLG-011-20260215/source.json|data/pedagogical-corpus/glossika/GLOSSIKA-YUEHK-A1-W15-20260628/items.tsv|data/pedagogical-corpus/glossika/GLOSSIKA-YUEHK-A1-W15-20260628/review.json|data/pedagogical-corpus/glossika/GLOSSIKA-YUEHK-A1-W15-20260628/source.json|docs/research/AB30-ZO-R-HKCANCOR-CLAIM-CROSS-REFERENCE-R2.md|docs/research/CP024-P0-L45-CODE-REFERENCE-INVENTORY-R1.tsv|docs/research/CP024-P0-L45-VERB-VALENCY-INVENTORY-R1.tsv|docs/research/CP051-P1-COPULAR-ANOTA-RECONCILIATION-R1.md|docs/research/LANE-07-A-NOT-A-QUESTIONS-SOURCE-MAP-CP021B-R7.md|docs/research/MODAL-DESIDERATIVE-PREFERENCE-SOURCE-MAP-CP021B-R14.md|docs/research/PARSER-CONSTRUCTION-SOURCE-MATRIX-CP021B-R37.tsv|docs/research/PRQ2-007-HEI2SOENG5LAI4-INCHOATIVE-ASPECT-COLLISION-AUDIT-R1.tsv|docs/research/PRQ2-007-HEI2SOENG5LAI4-INCHOATIVE-ASPECT-RESEARCH-R1.md|docs/research/PRQ2-008-ZI2JIU3-ZAU6-SUFFICIENT-CONDITION-COLLISION-AUDIT-R1.tsv|docs/research/PRQ2-010-CEOI4ZO2-ZI1NGOI6-EXCLUSION-ADDITION-COLLISION-AUDIT-R1.tsv|docs/research/PRQ2-011-M4DAAN1ZI2-ZUNG6-ADDITIVE-CORRELATIVE-COLLISION-AUDIT-R1.tsv|docs/research/PRQ2-011-M4DAAN1ZI2-ZUNG6-ADDITIVE-CORRELATIVE-RESEARCH-R1.md|docs/research/PRQ2-012-JAT1HAI6-EXCLUSIVE-ALTERNATIVE-COLLISION-AUDIT-R1.tsv|docs/research/PRQ2-015-MUI5-GO3GO3-DOU1-DISTRIBUTIVE-QUANTIFICATION-COLLISION-AUDIT-R1.tsv|docs/research/PRQ2-015-MUI5-GO3GO3-DOU1-DISTRIBUTIVE-QUANTIFICATION-RESEARCH-R1.md|docs/research/RESULT-CHANGE-EVIDENCE-RECONCILIATION-R1.md|docs/research/RESULT-CHANGE-PRIMARY-SOURCE-LEDGER-R1.tsv|docs/research/UC-RQ-012-SENTENCE-FINAL-FOCUS-PARTICLE-COLLISION-AUDIT-R1.tsv|docs/research/UC-RQ-012-SENTENCE-FINAL-FOCUS-PARTICLE-FAMILY-RESEARCH-R1.md|docs/research/UC-RQ-024-ZI6GEI2-REFLEXIVE-BINDING-RESEARCH-R1.md|grammar/research_pending/ModalVP.md|grammar/unsupported_generalization/CopularANotAQuestion.md|tests/constructions/CopularANotAQuestion.json	learned_ability_review	REQUIRES_EXPERT_CONTEXT_REVIEW
GLOSSIKA-YUEHK-A1-DLG-012-20260222-I044	44	lexical_entry			4	少少	siu2 siu2	a little bit	sha256:437275a51a28e760ec3567f543fd8610072bb2009181601a2493708b1bffa57b	true			exact_duplicate_candidate	lexical_only_attestation	src/runtime-resources/lexicon/token-lexicon/degree-and-formulas.js	src/parser/detectors/transfer/passive-permissive.js|src/runtime-resources/lexicon/token-lexicon/degree-and-formulas.js	docs/research/AB30-ZO-M-HKCANCOR-CLAIM-CROSS-REFERENCE-R1.md|docs/research/EVALUATION-PACKET-BLUEPRINTS-CP021B-R37.json|docs/research/PARSER-CONSTRUCTION-CANONICAL-CONSOLIDATION-MATRIX-CP021B-R35.tsv|docs/research/PARSER-CONSTRUCTION-INTERNAL-DISPOSITION-MATRIX-CP021B-R34.tsv|docs/research/PRQ2-004-CAA1DI1-NEAR-MISS-COLLISION-AUDIT-R1.tsv|docs/research/PRQ2-004-CAA1DI1-NEAR-MISS-RESEARCH-R1.md|docs/research/PRQ2-004-CAA1DI1-NEAR-MISS-SOURCE-VERIFICATION-R1.tsv|docs/research/survey-derived/SV-RQ-001-007/SV-RQ-001-007-ATTESTATION-REGISTER-R2.json|docs/research/survey-derived/SV-RQ-001-007/SV-RQ-001-007-ROUND-2.md|docs/research/UC-RQ-004-005-COMPARISON-HKCANCOR-ATTESTATION-R1.md|test-data/cp021b-lx1-construction-freeze-baseline.json|tests/constructions/FocusParticleFrame.json|tests/fixtures/regression-snapshots.json	minimizing_quantity_review	REQUIRES_EXPERT_CONTEXT_REVIEW
GLOSSIKA-YUEHK-A1-DLG-012-20260222-I045	45	lexical_entry			5	啫	ze1	only; just [particle]	sha256:8f3c31c030a875a4332107034bb239bbcf09d9da79ed727099ca966735be8c38	true			exact_duplicate_candidate	lexical_only_attestation	src/runtime-resources/lexicon/token-lexicon/degree-and-formulas.js	src/parser/detectors/boundaries/needs-context.js|src/parser/detectors/discourse/formula-responses.js|src/parser/terminal/particles/focus.js|src/plugin-entry.js|src/runtime-resources/grammar/ordered-particle-clusters.js|src/runtime-resources/grammar/templates/slot-generation-rules.js|src/runtime-resources/lexicon/token-lexicon/degree-and-formulas.js|src/runtime-resources/presentation/learner-glosses.js	data/pedagogical-corpus/glossika/GLOSSIKA-YUEHK-A1-DLG-010-20260208/crosswalk.json|data/pedagogical-corpus/glossika/GLOSSIKA-YUEHK-A1-DLG-010-20260208/items.tsv|data/pedagogical-corpus/glossika/GLOSSIKA-YUEHK-A1-DLG-010-20260208/review.json|data/pedagogical-corpus/glossika/GLOSSIKA-YUEHK-A1-DLG-010-20260208/source.json|data/pedagogical-corpus/glossika/GLOSSIKA-YUEHK-A1-DLG-011-20260215/crosswalk.json|data/pedagogical-corpus/glossika/GLOSSIKA-YUEHK-A1-DLG-011-20260215/items.tsv|data/pedagogical-corpus/glossika/GLOSSIKA-YUEHK-A1-DLG-011-20260215/review.json|data/pedagogical-corpus/glossika/GLOSSIKA-YUEHK-A1-DLG-011-20260215/source.json|data/pedagogical-corpus/glossika/GLOSSIKA-YUEHK-A1-W15-20260628/items.tsv|data/pedagogical-corpus/glossika/GLOSSIKA-YUEHK-A1-W15-20260628/review.json|data/pedagogical-corpus/glossika/GLOSSIKA-YUEHK-A1-W15-20260628/source.json|docs/research/EVALUATION-PACKET-BLUEPRINTS-CP021B-R37.json|docs/research/GLOSSIKA-YUEHK-A1-W15-20260628-RESEARCH.md|docs/research/NATIVE-CORPUS-WECHAT-GUANGXI-TRAVEL-002.md|docs/research/PARSER-CONSTRUCTION-CANONICAL-CONSOLIDATION-MATRIX-CP021B-R35.tsv|docs/research/PARSER-CONSTRUCTION-INTERNAL-DISPOSITION-MATRIX-CP021B-R34.tsv|docs/research/PARSER-CONSTRUCTION-SOURCE-MATRIX-CP021B-R37.tsv|docs/research/UC-RQ-002-003-DOUBLE-OBJECT-HKCANCOR-CENSUS-R1.md|docs/research/UC-RQ-006-DISLOCATION-FOCUS-COLLISION-AUDIT-R1.tsv|docs/research/UC-RQ-006-DISLOCATION-FOCUS-CONSTRUCTION-RESEARCH-R1.md|docs/research/UC-RQ-007-VERB-COPY-FOCUS-COLLISION-AUDIT-R1.tsv|docs/research/UC-RQ-007-VERB-COPY-FOCUS-CONSTRUCTION-RESEARCH-R1.md|docs/research/UC-RQ-012-SENTENCE-FINAL-FOCUS-PARTICLE-COLLISION-AUDIT-R1.tsv|docs/research/UC-RQ-012-SENTENCE-FINAL-FOCUS-PARTICLE-FAMILY-RESEARCH-R1.md|docs/research/UC-RQ-016-HAI6-GE3-CLEFT-FOCUS-COLLISION-AUDIT-R1.tsv|docs/research/WECHAT-GX-TRAVEL-002-ADJUDICATION-REPORT.md|docs/research/WECHAT-GX-TRAVEL-002-PRIORITY-GRAMMAR-RESEARCH-R1.md|grammar/parser_heuristic/FocusParticleFrame.md|test-data/cp021b-lx1-construction-freeze-baseline.json|test-data/native-speaker-naturalness-evidence-v1.json|test-data/native-speaker-naturalness-evidence-v1.tsv|test-data/natural-corpus-wechat-guangxi-travel-002-raw.txt|test-data/natural-corpus-wechat-guangxi-travel-002-turns.json|test-data/natural-corpus-wechat-guangxi-travel-002-turns.tsv|test-data/natural-corpus-wechat-guangxi-travel-002-units.json|test-data/natural-corpus-wechat-guangxi-travel-002-units.tsv|test-data/WECHAT-GX-TRAVEL-002-ADJUDICATION-MATRIX.json|test-data/WECHAT-GX-TRAVEL-002-ADJUDICATION-MATRIX.tsv|test-data/WECHAT-GX-TRAVEL-002-CONTROLLED-CONTRASTS-R1.tsv|test-data/WECHAT-GX-TRAVEL-002-QUEUE-D-context_disfluency_research.tsv|test-data/WECHAT-GX-TRAVEL-002-QUEUE-G-grammar_research_external_evidence.tsv|test-data/WECHAT-GX-TRAVEL-002-QUEUE-L-lexicon_jyutping_enrichment.tsv|tests/constructions/ClauseSpan.json|tests/constructions/FocusParticleFrame.json|tests/constructions/MotionGoalVP.json|tests/constructions/NeedsContext.json|tests/constructions/NegatedExistentialFragment.json|tests/constructions/NominalHeadSpan.json|tests/constructions/QuantifiedClassifierNP.json|tests/fixtures/regression-snapshots.json	restrictive_particle_review	REQUIRES_EXPERT_CONTEXT_REVIEW
GLOSSIKA-YUEHK-A1-DLG-012-20260222-I046	46	lexical_entry			6	你呢	nei5 ne1	how about you; and you	sha256:e628aa44196e0186e78bb69932d413d69269b97251aaca03e038abcd15184fd8	true			exact_duplicate_candidate	exact_duplicate		src/plugin-entry.js	data/construction-adjudication-batches/batch-10.json|data/construction-identities.json|data/pedagogical-corpus/glossika/GLOSSIKA-YUEHK-A1-DLG-003-20251214/crosswalk.json|data/pedagogical-corpus/glossika/GLOSSIKA-YUEHK-A1-DLG-003-20251214/items.tsv|data/pedagogical-corpus/glossika/GLOSSIKA-YUEHK-A1-DLG-003-20251214/review.json|data/pedagogical-corpus/glossika/GLOSSIKA-YUEHK-A1-DLG-003-20251214/source.json|data/pedagogical-corpus/glossika/GLOSSIKA-YUEHK-A1-DLG-005-20251228/crosswalk.json|data/pedagogical-corpus/glossika/GLOSSIKA-YUEHK-A1-DLG-005-20251228/items.tsv|data/pedagogical-corpus/glossika/GLOSSIKA-YUEHK-A1-DLG-005-20251228/review.json|data/pedagogical-corpus/glossika/GLOSSIKA-YUEHK-A1-DLG-005-20251228/source.json|data/pedagogical-corpus/glossika/GLOSSIKA-YUEHK-A1-DLG-006-20260104/crosswalk.json|data/pedagogical-corpus/glossika/GLOSSIKA-YUEHK-A1-DLG-006-20260104/items.tsv|data/pedagogical-corpus/glossika/GLOSSIKA-YUEHK-A1-DLG-006-20260104/review.json|data/pedagogical-corpus/glossika/GLOSSIKA-YUEHK-A1-DLG-006-20260104/source.json|data/pedagogical-corpus/glossika/GLOSSIKA-YUEHK-A1-DLG-007-20260111/crosswalk.json|data/pedagogical-corpus/glossika/GLOSSIKA-YUEHK-A1-DLG-007-20260111/items.tsv|data/pedagogical-corpus/glossika/GLOSSIKA-YUEHK-A1-DLG-007-20260111/review.json|data/pedagogical-corpus/glossika/GLOSSIKA-YUEHK-A1-DLG-007-20260111/source.json|data/pedagogical-corpus/glossika/GLOSSIKA-YUEHK-A1-W14-20260621/items.tsv|data/pedagogical-corpus/glossika/GLOSSIKA-YUEHK-A1-W14-20260621/review.json|data/pedagogical-corpus/glossika/GLOSSIKA-YUEHK-A1-W14-20260621/source.json|data/pedagogical-corpus/glossika/GLOSSIKA-YUEHK-A1-W18-20260719/crosswalk.json|data/pedagogical-corpus/glossika/GLOSSIKA-YUEHK-A1-W18-20260719/items.tsv|data/pedagogical-corpus/glossika/GLOSSIKA-YUEHK-A1-W18-20260719/review.json|data/pedagogical-corpus/glossika/GLOSSIKA-YUEHK-A1-W18-20260719/source.json|docs/research/CONSTRUCTION-ADJUDICATION-BATCH-10.md|docs/research/CP022-IMPLEMENTATION-BACKLOG-CP021B-R37.tsv|docs/research/EVALUATION-PACKET-BLUEPRINTS-CP021B-R37.json|docs/research/GLOSSIKA-YUEHK-A1-W14-20260621-RESEARCH.md|docs/research/LANE-03-FRAGMENTS-DISCOURSE-SOURCE-MAP-CP021B-R17.md|docs/research/PARSER-CONSTRUCTION-CANONICAL-CONSOLIDATION-MATRIX-CP021B-R35.tsv|docs/research/PARSER-CONSTRUCTION-SOURCE-COVERAGE-CP021B-R37.tsv|docs/research/PARSER-CONSTRUCTION-SOURCE-MATRIX-CP021B-R37.tsv|docs/research/PARSER-CONSTRUCTION-SOURCE-REGISTER-CP021B-R37.tsv|docs/research/survey-derived/HKCanCor/HKCANCOR-SV-RQ-008-010-RESEARCH-NOTE-R1.md|docs/research/survey-derived/HKCanCor/HKCANCOR-SV-RQ-008-010-REVIEWED-RESULTS-R1.json|test-data/cp021b-lx1-construction-freeze-baseline.json|test-data/native-speaker-naturalness-evidence-v1.json|test-data/native-speaker-naturalness-evidence-v1.tsv|tests/constructions/FragmentQuestion.json|tests/fixtures/regression-snapshots.json	follow_up_question_formula_review	REQUIRES_EXPERT_CONTEXT_REVIEW
GLOSSIKA-YUEHK-A1-DLG-012-20260222-I047	47	lexical_entry			7	都	dou1	also; too; even	sha256:b241c865e42524e8e7f14bbd4b69971136b33d10754388c6f880aba66312ea25	true			exact_duplicate_candidate	lexical_only_attestation	src/runtime-resources/lexicon/token-lexicon/function-words-and-particles.js	src/parser/clause-relations/graph.js|src/parser/context/descriptors.js|src/parser/detectors/acceptability/clauses.js|src/parser/detectors/coverbs/frames.js|src/parser/detectors/existential/clauses.js|src/parser/features/token-features.js|src/plugin-entry.js|src/runtime-resources/constructions/runtime-label-registry.js|src/runtime-resources/grammar/templates/construction-templates.js|src/runtime-resources/grammar/templates/slot-generation-rules.js|src/runtime-resources/lexicon/compositional-lexical-phrases.js|src/runtime-resources/lexicon/token-lexicon/function-words-and-particles.js|src/runtime-resources/pronunciation/jyutping-review-expectations.js	data/construction-adjudication-batches/batch-05.json|data/construction-adjudication-batches/batch-15.json|data/construction-candidate-readiness.json|data/construction-identities.json|data/natural-corpus/wechat-father-daughter-001.txt|data/pedagogical-corpus/glossika/GLOSSIKA-YUEHK-A1-DLG-002-20251207/crosswalk.json|data/pedagogical-corpus/glossika/GLOSSIKA-YUEHK-A1-DLG-002-20251207/items.tsv|data/pedagogical-corpus/glossika/GLOSSIKA-YUEHK-A1-DLG-002-20251207/review.json|data/pedagogical-corpus/glossika/GLOSSIKA-YUEHK-A1-DLG-002-20251207/source.json|data/pedagogical-corpus/glossika/GLOSSIKA-YUEHK-A1-DLG-003-20251214/crosswalk.json|data/pedagogical-corpus/glossika/GLOSSIKA-YUEHK-A1-DLG-003-20251214/items.tsv|data/pedagogical-corpus/glossika/GLOSSIKA-YUEHK-A1-DLG-003-20251214/review.json|data/pedagogical-corpus/glossika/GLOSSIKA-YUEHK-A1-DLG-003-20251214/source.json|data/pedagogical-corpus/glossika/GLOSSIKA-YUEHK-A1-DLG-004-20251221/crosswalk.json|data/pedagogical-corpus/glossika/GLOSSIKA-YUEHK-A1-DLG-004-20251221/items.tsv|data/pedagogical-corpus/glossika/GLOSSIKA-YUEHK-A1-DLG-004-20251221/review.json|data/pedagogical-corpus/glossika/GLOSSIKA-YUEHK-A1-DLG-004-20251221/source.json|data/pedagogical-corpus/glossika/GLOSSIKA-YUEHK-A1-DLG-005-20251228/crosswalk.json|data/pedagogical-corpus/glossika/GLOSSIKA-YUEHK-A1-DLG-005-20251228/items.tsv|data/pedagogical-corpus/glossika/GLOSSIKA-YUEHK-A1-DLG-005-20251228/review.json|data/pedagogical-corpus/glossika/GLOSSIKA-YUEHK-A1-DLG-005-20251228/source.json|data/pedagogical-corpus/glossika/GLOSSIKA-YUEHK-A1-DLG-006-20260104/crosswalk.json|data/pedagogical-corpus/glossika/GLOSSIKA-YUEHK-A1-DLG-006-20260104/items.tsv|data/pedagogical-corpus/glossika/GLOSSIKA-YUEHK-A1-DLG-006-20260104/review.json|data/pedagogical-corpus/glossika/GLOSSIKA-YUEHK-A1-DLG-006-20260104/source.json|data/pedagogical-corpus/glossika/GLOSSIKA-YUEHK-A1-DLG-007-20260111/crosswalk.json|data/pedagogical-corpus/glossika/GLOSSIKA-YUEHK-A1-DLG-007-20260111/items.tsv|data/pedagogical-corpus/glossika/GLOSSIKA-YUEHK-A1-DLG-007-20260111/review.json|data/pedagogical-corpus/glossika/GLOSSIKA-YUEHK-A1-DLG-007-20260111/source.json|data/pedagogical-corpus/glossika/GLOSSIKA-YUEHK-A1-DLG-009-20260201/crosswalk.json|data/pedagogical-corpus/glossika/GLOSSIKA-YUEHK-A1-DLG-009-20260201/items.tsv|data/pedagogical-corpus/glossika/GLOSSIKA-YUEHK-A1-DLG-009-20260201/review.json|data/pedagogical-corpus/glossika/GLOSSIKA-YUEHK-A1-DLG-009-20260201/source.json|data/pedagogical-corpus/glossika/GLOSSIKA-YUEHK-A1-DLG-010-20260208/crosswalk.json|data/pedagogical-corpus/glossika/GLOSSIKA-YUEHK-A1-DLG-010-20260208/items.tsv|data/pedagogical-corpus/glossika/GLOSSIKA-YUEHK-A1-DLG-010-20260208/review.json|data/pedagogical-corpus/glossika/GLOSSIKA-YUEHK-A1-DLG-010-20260208/source.json|data/pedagogical-corpus/glossika/GLOSSIKA-YUEHK-A1-DLG-011-20260215/crosswalk.json|data/pedagogical-corpus/glossika/GLOSSIKA-YUEHK-A1-DLG-011-20260215/items.tsv|data/pedagogical-corpus/glossika/GLOSSIKA-YUEHK-A1-DLG-011-20260215/review.json|data/pedagogical-corpus/glossika/GLOSSIKA-YUEHK-A1-DLG-011-20260215/source.json|data/pedagogical-corpus/glossika/GLOSSIKA-YUEHK-A1-W16-20260705/items.tsv|data/pedagogical-corpus/glossika/GLOSSIKA-YUEHK-A1-W16-20260705/review.json|data/pedagogical-corpus/glossika/GLOSSIKA-YUEHK-A1-W16-20260705/source.json|data/pedagogical-corpus/glossika/GLOSSIKA-YUEHK-A1-W17-20260712/crosswalk.json|data/pedagogical-corpus/glossika/GLOSSIKA-YUEHK-A1-W17-20260712/items.tsv|data/pedagogical-corpus/glossika/GLOSSIKA-YUEHK-A1-W17-20260712/review.json|data/pedagogical-corpus/glossika/GLOSSIKA-YUEHK-A1-W17-20260712/source.json|docs/releases/v0.5.195-evaluation-scalar-question-wrapper-audit.json|docs/releases/v0.5.210-scalar-evaluation-reconciliation-audit.json|docs/research/CANONICAL-TARGET-ONTOLOGY-CP021B-R35.tsv|docs/research/COMPLEMENT-OMISSION-AND-VALENCY-SOURCE-MAP-CP021B-R26.md|docs/research/CONSTRUCTION-ADJUDICATION-BATCH-05.md|docs/research/CONSTRUCTION-ADJUDICATION-BATCH-15.md|docs/research/CP023-P1-PROG01-NATURAL-ATTESTATION-ADJUDICATION.md|docs/research/CP023-P1-PROG01-REMEDIATION-DEPENDENCIES-R2.tsv|docs/research/CP025-P1-PFV01-EXAMPLE-ADJUDICATION-R1.tsv|docs/research/CP025-P1-PFV01-SPEAKER-A-RAW-R2.md|docs/research/CP026-P1-RUL01-SOURCE-VERIFICATION-R1.tsv|docs/research/CP036-P1-RESULT-CHANGE-STATE-WRAPPER-AUDIT-R1.md|docs/research/CP039-P1-EVALUATION-SCALAR-QUESTION-WRAPPER-AUDIT-R1.md|docs/research/CP039-P1-EVALUATION-SCALAR-QUESTION-WRAPPER-INVENTORY-R1.tsv|docs/research/CP047-P1-DEGREE-MODIFIED-LEXICAL-STATIVE-RECONCILIATION-R1.md|docs/research/CP051-P1-COPULAR-ANOTA-RECONCILIATION-R1.md|docs/research/CP053-P1-EVALUATION-WITH-DOU-SYUN-EXTERNAL-EVIDENCE-R1.md|docs/research/CP054-P1-SCALAR-EVALUATION-RECONCILIATION-R1.md|docs/research/EVALUATION-PACKET-BLUEPRINTS-CP021B-R37.json|docs/research/GLOSSIKA-YUEHK-A1-DLG-005-20251228-CORPUS-INGRESS.md|docs/research/GLOSSIKA-YUEHK-A1-DLG-006-20260104-CORPUS-INGRESS.md|docs/research/LANE-07-A-NOT-A-QUESTIONS-SOURCE-MAP-CP021B-R7.md|docs/research/NATIVE-CORPUS-WECHAT-GUANGXI-TRAVEL-002.md|docs/research/NEGATION-ACCEPTABILITY-OPINION-SCHEDULING-SOURCE-MAP-CP021B-R30.md|docs/research/PARSER-CONSTRUCTION-CANONICAL-CONSOLIDATION-MATRIX-CP021B-R35.tsv|docs/research/PARSER-CONSTRUCTION-SOURCE-MATRIX-CP021B-R37.tsv|docs/research/PARSER-CONSTRUCTION-SOURCE-REGISTER-CP021B-R37.tsv|docs/research/PRQ2-007-HEI2SOENG5LAI4-INCHOATIVE-ASPECT-COLLISION-AUDIT-R1.tsv|docs/research/PRQ2-007-HEI2SOENG5LAI4-INCHOATIVE-ASPECT-RESEARCH-R1.md|docs/research/PRQ2-008-ZI2JIU3-ZAU6-SUFFICIENT-CONDITION-COLLISION-AUDIT-R1.tsv|docs/research/PRQ2-008-ZI2JIU3-ZAU6-SUFFICIENT-CONDITION-RESEARCH-R1.md|docs/research/PRQ2-008-ZI2JIU3-ZAU6-SUFFICIENT-CONDITION-SOURCE-VERIFICATION-R1.tsv|docs/research/PRQ2-009-GEI3JIN4-PREMISE-RESPONSE-COLLISION-AUDIT-R1.tsv|docs/research/PRQ2-010-CEOI4ZO2-ZI1NGOI6-EXCLUSION-ADDITION-COLLISION-AUDIT-R1.tsv|docs/research/PRQ2-010-CEOI4ZO2-ZI1NGOI6-EXCLUSION-ADDITION-RESEARCH-R1.md|docs/research/PRQ2-010-CEOI4ZO2-ZI1NGOI6-EXCLUSION-ADDITION-SOURCE-VERIFICATION-R1.tsv|docs/research/PRQ2-013-JYU5KEI4-BAT1JYU4-ORDERED-PREFERENCE-COLLISION-AUDIT-R1.tsv|docs/research/PRQ2-013-JYU5KEI4-BAT1JYU4-ORDERED-PREFERENCE-RESEARCH-R1.md|docs/research/PRQ2-015-MUI5-GO3GO3-DOU1-DISTRIBUTIVE-QUANTIFICATION-COLLISION-AUDIT-R1.tsv|docs/research/PRQ2-015-MUI5-GO3GO3-DOU1-DISTRIBUTIVE-QUANTIFICATION-RESEARCH-R1.md|docs/research/PRQ2-015-MUI5-GO3GO3-DOU1-DISTRIBUTIVE-QUANTIFICATION-SOURCE-VERIFICATION-R1.tsv|docs/research/PRQ2-034-MOU4LEON6-DOU1-UNCONDITIONAL-COLLISION-AUDIT-R1.tsv|docs/research/PRQ2-034-MOU4LEON6-DOU1-UNCONDITIONAL-RESEARCH-R1.md|docs/research/PRQ2-034-MOU4LEON6-DOU1-UNCONDITIONAL-SOURCE-VERIFICATION-R1.tsv|docs/research/PRQ2-035-NING4JYUN6-DOU1-COMMITTED-PREFERENCE-COLLISION-AUDIT-R1.tsv|docs/research/PRQ2-035-NING4JYUN6-DOU1-COMMITTED-PREFERENCE-RESEARCH-R1.md|docs/research/PRQ2-035-NING4JYUN6-DOU1-COMMITTED-PREFERENCE-SOURCE-VERIFICATION-R1.tsv|docs/research/QUANTITY-SCALAR-ACTION-BOUNDARIES-SOURCE-MAP-CP021B-R29.md|docs/research/reopened-retired-labels/DouSyunScalarEvaluation.md|docs/research/RESEARCH-PROVENANCE-REPAIR-PLAN-R1.md|docs/research/RESULT-CHANGE-EVIDENCE-RECONCILIATION-R1.md|docs/research/RESULT-CHANGE-WRAPPERS-SOURCE-MAP-CP021B-R28.md|docs/research/RETIRED-CONSTRUCTION-ARCHIVE-v0.5.186-R1.tsv|docs/research/survey-derived/HKCanCor/HKCANCOR-SV-RQ-008-010-REVIEWED-RESULTS-R1.json|docs/research/survey-derived/SV-RQ-001-007/SV-RQ-001-007-ROUND-2.md|docs/research/UC-RQ-001-GENERAL-ZOENG1-DISPOSAL-NATURAL-ATTESTATION-R1.tsv|docs/research/UC-RQ-001-GENERAL-ZOENG1-DISPOSAL-RESEARCH-R1.md|docs/research/UC-RQ-004-005-COMPARISON-HKCANCOR-ATTESTATION-R1.md|docs/research/UC-RQ-007-VERB-COPY-FOCUS-COLLISION-AUDIT-R1.tsv|docs/research/UC-RQ-007-VERB-COPY-FOCUS-CONSTRUCTION-RESEARCH-R1.md|docs/research/UC-RQ-008-WH-INDETERMINATE-COLLISION-AUDIT-R1.tsv|docs/research/UC-RQ-008-WH-INDETERMINATE-CONSTRUCTION-RESEARCH-R1.md|docs/research/UC-RQ-008-WH-INDETERMINATE-SOURCE-VERIFICATION-R1.tsv|docs/research/UC-RQ-014-015-SEPARABLE-COMPOUND-HKCANCOR-ATTESTATION-R1.md|docs/research/UC-RQ-016-HAI6-GE3-CLEFT-FOCUS-RESEARCH-R1.md|docs/research/UC-RQ-017-LIN4-DOU1-EVEN-FOCUS-RESEARCH-R1.md|docs/research/UC-RQ-017-LIN4-DOU1-EVEN-FOCUS-SOURCE-VERIFICATION-R1.tsv|docs/research/UC-RQ-020-WH-DOU1-FREE-CHOICE-DISPOSITION-R1.md|docs/research/UC-RQ-020-WH-DOU1-FREE-CHOICE-SOURCE-VERIFICATION-R1.tsv|docs/research/UC-RQ-021-NEGATIVE-POLARITY-MINIMIZER-RESEARCH-R1.md|docs/research/UC-RQ-021-NEGATIVE-POLARITY-MINIMIZER-SOURCE-VERIFICATION-R1.tsv|docs/research/UC-RQ-025-NULL-ARGUMENT-ZERO-ANAPHORA-COLLISION-AUDIT-R1.tsv|docs/research/UC-RQ-030-SAAI3-TOTALITY-QUANTIFICATION-RESEARCH-R1.md|docs/research/UC-RQ-030-SAAI3-TOTALITY-QUANTIFICATION-SOURCE-VERIFICATION-R1.tsv|docs/research/UC-RQ-033-DAK1-POSTVERBAL-CONSTRUCTION-CONTRAST-COLLISION-AUDIT-R1.tsv|docs/research/UC-RQ-033-DAK1-POSTVERBAL-CONSTRUCTION-CONTRAST-RESEARCH-R1.md|docs/research/UC-RQ-036-SEOI1JIN4-DAAN6HAI6-CONCESSIVE-RESEARCH-R1.md|docs/research/UC-RQ-037-ZAU6SYUN3-DOU1-SCALAR-CONCESSIVE-COLLISION-AUDIT-R1.tsv|docs/research/UC-RQ-037-ZAU6SYUN3-DOU1-SCALAR-CONCESSIVE-RESEARCH-R1.md|docs/research/UC-RQ-037-ZAU6SYUN3-DOU1-SCALAR-CONCESSIVE-SOURCE-VERIFICATION-R1.tsv|grammar/research_pending/DegreeModifiedLexicalStative.md|grammar/research_pending/ResourceUseLaiFunctionRelation.md|grammar/research_pending/ScalarEvaluation.md|grammar/retired/README.md|grammar/unsupported_generalization/AcceptabilityClause.md|grammar/unsupported_generalization/CopularANotAQuestion.md|grammar/unsupported_generalization/OrdinalClassifierNP.md|test-data/cp021b-lx1-construction-freeze-baseline.json|test-data/CP023-P1-PROG01-visible-research-packet.tsv|test-data/grammar-claim-source-edges-CP021A.tsv|test-data/grammar-legitimacy-source-register.tsv|test-data/grammar-source-locators-CP021A.tsv|test-data/native-speaker-naturalness-evidence-v1.json|test-data/native-speaker-naturalness-evidence-v1.tsv|test-data/natural-corpus-wechat-father-daughter-001-turns.json|test-data/natural-corpus-wechat-father-daughter-001-turns.tsv|test-data/natural-corpus-wechat-father-daughter-001-units.json|test-data/natural-corpus-wechat-father-daughter-001-units.tsv|test-data/natural-corpus-wechat-guangxi-travel-002-raw.txt|test-data/natural-corpus-wechat-guangxi-travel-002-turns.json|test-data/natural-corpus-wechat-guangxi-travel-002-turns.tsv|test-data/natural-corpus-wechat-guangxi-travel-002-units.json|test-data/natural-corpus-wechat-guangxi-travel-002-units.tsv|test-data/review-only-readiness.tsv|test-data/w17-corpus-semantic-disposition.tsv|test-data/w17-functional-corpus.tsv|test-data/w17-glossika-corpus.tsv|test-data/WECHAT-GX-TRAVEL-002-ADJUDICATION-MATRIX.json|test-data/WECHAT-GX-TRAVEL-002-ADJUDICATION-MATRIX.tsv|test-data/WECHAT-GX-TRAVEL-002-QUEUE-D-context_disfluency_research.tsv|test-data/WECHAT-GX-TRAVEL-002-QUEUE-G-grammar_research_external_evidence.tsv|test-data/WECHAT-GX-TRAVEL-002-QUEUE-L-lexicon_jyutping_enrichment.tsv|tests/constructions/AcceptabilityClause.json|tests/constructions/ClauseRelationGraph.json|tests/constructions/ClauseSpan.json|tests/constructions/ComplementEllipsisFragment.json|tests/constructions/CopularANotAQuestion.json|tests/constructions/DegreeStativePredicate.json|tests/constructions/ExistentialClause.json|tests/constructions/ModalVP.json|tests/constructions/MotionGoalVP.json|tests/constructions/NeedsContext.json|tests/constructions/NegatedExistentialFragment.json|tests/constructions/OpinionStanceFrame.json|tests/constructions/OvertHeadDemonstrativeClassifierNP.json|tests/constructions/PerfectiveVP.json|tests/constructions/PostverbalZoPerfectiveVP.json|tests/constructions/QuantifiedClassifierNP.json|tests/constructions/QuantifiedPersonNP.json|tests/constructions/ScalarEvaluation.json|tests/fixtures/regression-snapshots.json		REQUIRES_EXPERT_CONTEXT_REVIEW
GLOSSIKA-YUEHK-A1-DLG-012-20260222-I048	48	lexical_entry			8	幾時	gei2 si4	when; what time	sha256:4a479f2da7abc9a7a3c55def84f0d6c2ba35d3b30d15b6ffb4e0158b2a771e27	true			exact_duplicate_candidate	lexical_only_attestation	src/runtime-resources/lexicon/token-lexicon/referents-and-boundaries.js	src/plugin-entry.js|src/runtime-resources/constructions/runtime-label-registry.js|src/runtime-resources/grammar/templates/slot-generation-rules.js|src/runtime-resources/lexicon/token-lexicon/referents-and-boundaries.js	data/construction-candidate-readiness.json|data/construction-identities.json|data/pedagogical-corpus/glossika/GLOSSIKA-YUEHK-A1-DLG-002-20251207/crosswalk.json|data/pedagogical-corpus/glossika/GLOSSIKA-YUEHK-A1-DLG-002-20251207/items.tsv|data/pedagogical-corpus/glossika/GLOSSIKA-YUEHK-A1-DLG-002-20251207/review.json|data/pedagogical-corpus/glossika/GLOSSIKA-YUEHK-A1-DLG-002-20251207/source.json|data/pedagogical-corpus/glossika/GLOSSIKA-YUEHK-A1-DLG-003-20251214/crosswalk.json|data/pedagogical-corpus/glossika/GLOSSIKA-YUEHK-A1-DLG-003-20251214/items.tsv|data/pedagogical-corpus/glossika/GLOSSIKA-YUEHK-A1-DLG-003-20251214/review.json|data/pedagogical-corpus/glossika/GLOSSIKA-YUEHK-A1-DLG-003-20251214/source.json|data/pedagogical-corpus/glossika/GLOSSIKA-YUEHK-A1-DLG-005-20251228/crosswalk.json|data/pedagogical-corpus/glossika/GLOSSIKA-YUEHK-A1-DLG-005-20251228/items.tsv|data/pedagogical-corpus/glossika/GLOSSIKA-YUEHK-A1-DLG-005-20251228/review.json|data/pedagogical-corpus/glossika/GLOSSIKA-YUEHK-A1-DLG-005-20251228/source.json|data/pedagogical-corpus/glossika/GLOSSIKA-YUEHK-A1-DLG-006-20260104/crosswalk.json|data/pedagogical-corpus/glossika/GLOSSIKA-YUEHK-A1-DLG-006-20260104/items.tsv|data/pedagogical-corpus/glossika/GLOSSIKA-YUEHK-A1-DLG-006-20260104/review.json|data/pedagogical-corpus/glossika/GLOSSIKA-YUEHK-A1-DLG-006-20260104/source.json|data/pedagogical-corpus/glossika/GLOSSIKA-YUEHK-A1-DLG-008-20260125/crosswalk.json|data/pedagogical-corpus/glossika/GLOSSIKA-YUEHK-A1-DLG-008-20260125/items.tsv|data/pedagogical-corpus/glossika/GLOSSIKA-YUEHK-A1-DLG-008-20260125/review.json|data/pedagogical-corpus/glossika/GLOSSIKA-YUEHK-A1-DLG-008-20260125/source.json|data/pedagogical-corpus/glossika/GLOSSIKA-YUEHK-A1-DLG-010-20260208/crosswalk.json|data/pedagogical-corpus/glossika/GLOSSIKA-YUEHK-A1-DLG-010-20260208/items.tsv|data/pedagogical-corpus/glossika/GLOSSIKA-YUEHK-A1-DLG-010-20260208/review.json|data/pedagogical-corpus/glossika/GLOSSIKA-YUEHK-A1-DLG-010-20260208/source.json|data/pedagogical-corpus/glossika/GLOSSIKA-YUEHK-A1-DLG-011-20260215/crosswalk.json|data/pedagogical-corpus/glossika/GLOSSIKA-YUEHK-A1-DLG-011-20260215/items.tsv|data/pedagogical-corpus/glossika/GLOSSIKA-YUEHK-A1-DLG-011-20260215/review.json|data/pedagogical-corpus/glossika/GLOSSIKA-YUEHK-A1-DLG-011-20260215/source.json|docs/research/CP039-P1-EVALUATION-SCALAR-QUESTION-WRAPPER-AUDIT-R1.md|docs/research/NEGATION-ACCEPTABILITY-OPINION-SCHEDULING-SOURCE-MAP-CP021B-R30.md|docs/research/PARSER-CONSTRUCTION-SOURCE-MATRIX-CP021B-R37.tsv|docs/research/PARSER-CONSTRUCTION-SOURCE-REGISTER-CP021B-R37.tsv|docs/research/PRQ2-001-YAU5-MOU5-DAK1-AVAILABILITY-RESEARCH-R1.md|docs/research/PRQ2-001-YAU5-MOU5-DAK1-AVAILABILITY-SOURCE-VERIFICATION-R1.tsv|docs/research/RETIRED-CONSTRUCTION-ARCHIVE-v0.5.186-R1.tsv|docs/research/UC-RQ-008-WH-INDETERMINATE-SOURCE-VERIFICATION-R1.tsv|docs/research/UC-RQ-020-WH-DOU1-FREE-CHOICE-DISPOSITION-R1.md|grammar/retired/README.md|grammar/unsupported_generalization/AcceptabilityClause.md|tests/constructions/AcceptabilityClause.json		REQUIRES_EXPERT_CONTEXT_REVIEW
GLOSSIKA-YUEHK-A1-DLG-012-20260222-I049	49	lexical_entry			9	學識	hok6 sik1	to learn; to learn how to	sha256:bce086a0fb7b42eacfd8c2d023cc0877e8eebfabb288bc175c9b73e22935320e	true			no_project_match	new_attestation				resultative_learning_review	REQUIRES_EXPERT_CONTEXT_REVIEW
GLOSSIKA-YUEHK-A1-DLG-012-20260222-I050	50	lexical_entry			10	嘅	ge3	[possessive/descriptive particle]	sha256:d7d641b8b1cebc7cec9580462d75273deb76ba140a44bc9adcec9474ed411f18	true			exact_duplicate_candidate	lexical_only_attestation	src/runtime-resources/lexicon/token-lexicon/degree-and-formulas.js	src/parser/clause-relations/conditional.js|src/parser/detectors/boundaries/fragments.js|src/parser/detectors/definition/copular-relations.js|src/parser/detectors/opinion/stance.js|src/parser/detectors/questions/a-not-a.js|src/parser/detectors/relative-clauses/clauses.js|src/parser/features/token-features.js|src/parser/tokenization/tokenize-line.js|src/plugin-entry.js|src/render/learner-display.js|src/runtime-resources/grammar/templates/category-span-templates.js|src/runtime-resources/grammar/templates/construction-templates.js|src/runtime-resources/grammar/templates/slot-generation-rules.js|src/runtime-resources/lexicon/compositional-lexical-phrases.js|src/runtime-resources/lexicon/token-lexicon/degree-and-formulas.js|src/runtime-resources/lexicon/token-lexicon/places-and-times.js|src/runtime-resources/lexicon/token-lexicon/referents-and-boundaries.js|src/runtime-resources/presentation/learner-glosses.js|src/runtime-resources/pronunciation/jyutping-review-expectations.js	data/construction-adjudication-batches/batch-05.json|data/construction-adjudication-batches/batch-10.json|data/construction-adjudication-batches/batch-13.json|data/construction-adjudication-batches/batch-16.json|data/construction-adjudications.json|data/construction-candidate-readiness.json|data/construction-identities.json|data/natural-corpus/wechat-father-daughter-001.txt|data/pedagogical-corpus/glossika/GLOSSIKA-YUEHK-A1-DLG-002-20251207/crosswalk.json|data/pedagogical-corpus/glossika/GLOSSIKA-YUEHK-A1-DLG-002-20251207/items.tsv|data/pedagogical-corpus/glossika/GLOSSIKA-YUEHK-A1-DLG-002-20251207/review.json|data/pedagogical-corpus/glossika/GLOSSIKA-YUEHK-A1-DLG-002-20251207/source.json|data/pedagogical-corpus/glossika/GLOSSIKA-YUEHK-A1-DLG-003-20251214/crosswalk.json|data/pedagogical-corpus/glossika/GLOSSIKA-YUEHK-A1-DLG-003-20251214/items.tsv|data/pedagogical-corpus/glossika/GLOSSIKA-YUEHK-A1-DLG-003-20251214/review.json|data/pedagogical-corpus/glossika/GLOSSIKA-YUEHK-A1-DLG-003-20251214/source.json|data/pedagogical-corpus/glossika/GLOSSIKA-YUEHK-A1-DLG-006-20260104/crosswalk.json|data/pedagogical-corpus/glossika/GLOSSIKA-YUEHK-A1-DLG-006-20260104/items.tsv|data/pedagogical-corpus/glossika/GLOSSIKA-YUEHK-A1-DLG-006-20260104/review.json|data/pedagogical-corpus/glossika/GLOSSIKA-YUEHK-A1-DLG-006-20260104/source.json|data/pedagogical-corpus/glossika/GLOSSIKA-YUEHK-A1-DLG-007-20260111/crosswalk.json|data/pedagogical-corpus/glossika/GLOSSIKA-YUEHK-A1-DLG-007-20260111/items.tsv|data/pedagogical-corpus/glossika/GLOSSIKA-YUEHK-A1-DLG-007-20260111/review.json|data/pedagogical-corpus/glossika/GLOSSIKA-YUEHK-A1-DLG-007-20260111/source.json|data/pedagogical-corpus/glossika/GLOSSIKA-YUEHK-A1-DLG-008-20260125/crosswalk.json|data/pedagogical-corpus/glossika/GLOSSIKA-YUEHK-A1-DLG-008-20260125/items.tsv|data/pedagogical-corpus/glossika/GLOSSIKA-YUEHK-A1-DLG-008-20260125/review.json|data/pedagogical-corpus/glossika/GLOSSIKA-YUEHK-A1-DLG-008-20260125/source.json|data/pedagogical-corpus/glossika/GLOSSIKA-YUEHK-A1-DLG-009-20260201/crosswalk.json|data/pedagogical-corpus/glossika/GLOSSIKA-YUEHK-A1-DLG-009-20260201/items.tsv|data/pedagogical-corpus/glossika/GLOSSIKA-YUEHK-A1-DLG-009-20260201/README.md|data/pedagogical-corpus/glossika/GLOSSIKA-YUEHK-A1-DLG-009-20260201/review.json|data/pedagogical-corpus/glossika/GLOSSIKA-YUEHK-A1-DLG-009-20260201/source.json|data/pedagogical-corpus/glossika/GLOSSIKA-YUEHK-A1-DLG-010-20260208/crosswalk.json|data/pedagogical-corpus/glossika/GLOSSIKA-YUEHK-A1-DLG-010-20260208/items.tsv|data/pedagogical-corpus/glossika/GLOSSIKA-YUEHK-A1-DLG-010-20260208/review.json|data/pedagogical-corpus/glossika/GLOSSIKA-YUEHK-A1-DLG-010-20260208/source.json|data/pedagogical-corpus/glossika/GLOSSIKA-YUEHK-A1-DLG-011-20260215/crosswalk.json|data/pedagogical-corpus/glossika/GLOSSIKA-YUEHK-A1-DLG-011-20260215/items.tsv|data/pedagogical-corpus/glossika/GLOSSIKA-YUEHK-A1-DLG-011-20260215/review.json|data/pedagogical-corpus/glossika/GLOSSIKA-YUEHK-A1-DLG-011-20260215/source.json|data/pedagogical-corpus/glossika/GLOSSIKA-YUEHK-A1-W14-20260621/items.tsv|data/pedagogical-corpus/glossika/GLOSSIKA-YUEHK-A1-W14-20260621/review.json|data/pedagogical-corpus/glossika/GLOSSIKA-YUEHK-A1-W14-20260621/source.json|data/pedagogical-corpus/glossika/GLOSSIKA-YUEHK-A1-W17-20260712/crosswalk.json|data/pedagogical-corpus/glossika/GLOSSIKA-YUEHK-A1-W17-20260712/items.tsv|data/pedagogical-corpus/glossika/GLOSSIKA-YUEHK-A1-W17-20260712/review.json|data/pedagogical-corpus/glossika/GLOSSIKA-YUEHK-A1-W17-20260712/source.json|data/pedagogical-corpus/glossika/GLOSSIKA-YUEHK-A1-W18-20260719/crosswalk.json|data/pedagogical-corpus/glossika/GLOSSIKA-YUEHK-A1-W18-20260719/items.tsv|data/pedagogical-corpus/glossika/GLOSSIKA-YUEHK-A1-W18-20260719/review.json|data/pedagogical-corpus/glossika/GLOSSIKA-YUEHK-A1-W18-20260719/source.json|data/pedagogical-corpus/glossika/GLOSSIKA-YUEHK-A1-W19-20260726/crosswalk.json|data/pedagogical-corpus/glossika/GLOSSIKA-YUEHK-A1-W19-20260726/items.tsv|data/pedagogical-corpus/glossika/GLOSSIKA-YUEHK-A1-W19-20260726/review.json|data/pedagogical-corpus/glossika/GLOSSIKA-YUEHK-A1-W19-20260726/source.json|data/research-ledgers/glossika-week14-claim-source.json|data/research-ledgers/glossika-week14-followup-candidates.json|data/research-ledgers/glossika-week18-claim-source.json|data/research-ledgers/glossika-week18-followup-candidates.json|data/research-ledgers/glossika-week19-claim-source.json|data/research-ledgers/glossika-week19-dative-audit.json|data/research-ledgers/glossika-week19-followup-candidates.json|data/research-ledgers/glossika-week19-function-word-profiles.json|data/slot-model.json|docs/current/NOUN-PHRASE-SUBSYSTEM.md|docs/research/AB15-DEMONSTRATIVE-CLASSIFIER-NOUN-SCOPE-R1.md|docs/research/AB30-ZO-M-HKCANCOR-CLAIM-CROSS-REFERENCE-R1.md|docs/research/AB30-ZO-R-HKCANCOR-CLAIM-CROSS-REFERENCE-R2.md|docs/research/ACTIVE-LABEL-EVIDENCE-ONTOLOGY-CLOSURE-R1.md|docs/research/ASPECTUAL-CLAUSE-WRAPPERS-SOURCE-MAP-CP021B-R24.md|docs/research/CANONICAL-TARGET-ONTOLOGY-CP021B-R35.tsv|docs/research/COGNITION-SPEECH-INTENTION-SOURCE-MAP-CP021B-R31.md|docs/research/CONDITIONAL-CLAUSE-LINKING-SOURCE-MAP-CP021B-R25.md|docs/research/CONSTRUCTION-ADJUDICATION-BATCH-01.md|docs/research/CONSTRUCTION-ADJUDICATION-BATCH-05.md|docs/research/CONSTRUCTION-ADJUDICATION-BATCH-13.md|docs/research/CONSTRUCTION-ADJUDICATION-BATCH-16.md|docs/research/CP021B-NATIVE-NATURALNESS-INGESTION.md|docs/research/CP022-IMPLEMENTATION-BACKLOG-CP021B-R37.tsv|docs/research/CP023-P1-PROG01-CLAIM-SOURCE-EDGES-R3.tsv|docs/research/CP023-P1-PROG01-CLAIM-SOURCE-EDGES.tsv|docs/research/CP023-P1-PROG01-LEXICON-JYUTPING-VERIFICATION-R2.md|docs/research/CP023-P1-PROG01-NATURAL-ATTESTATION-ADJUDICATION.md|docs/research/CP023-P1-PROG01-NOMINAL-DI-ASSOCIATIVE-SCOPE-DESIGN-R3.md|docs/research/CP023-P1-PROG01-PREDICATE-COMPATIBILITY-MATRIX-R3.tsv|docs/research/CP023-P1-PROG01-QUESTION-AND-SOURCE-FREEZE.md|docs/research/CP023-P1-PROG01-R1-RESEARCH-CHECKPOINT.md|docs/research/CP023-P1-PROG01-R2-RESEARCH-CHECKPOINT.md|docs/research/CP023-P1-PROG01-R3-RESEARCH-CHECKPOINT.md|docs/research/CP023-P1-PROG01-REMEDIATION-BLUEPRINT-R2.md|docs/research/CP023-P1-PROG01-REMEDIATION-DEPENDENCIES-R2.tsv|docs/research/CP023-P1-PROG01-SOURCE-REGISTER-R3.tsv|docs/research/CP025-P1-PFV01-CODE-DOCUMENT-COMPARISON-R1.tsv|docs/research/CP025-P1-PFV01-IMPLEMENTATION-PROBE-R1.tsv|docs/research/CP025-P1-PFV01-R1-REAUDIT-CHECKPOINT.md|docs/research/CP025-P1-PFV01-SPEAKER-A-RAW-R2.md|docs/research/CP025-P1-PFV01-SPEAKER-A-RESULT-R2.tsv|docs/research/CP026-P1-RUL01-SPEAKER-A-FORM-R1.md|docs/research/CP029-P1-PFV01-PUBLIC-PANEL-R1-RESULT.md|docs/research/CP035-P1-EXPERIENTIAL-DELIMITED-WRAPPER-AUDIT-R1.md|docs/research/CP042-P1-MANNER-ADVERBIAL-RECONCILIATION-R1.md|docs/research/CP051-P1-COPULAR-ANOTA-RECONCILIATION-R1.md|docs/research/CP055-P1-NEGATIVE-EXPERIENTIAL-RECONCILIATION-R1.md|docs/research/DORMANT-LABEL-RETIREMENT-AUDIT-v0.5.183-R1.tsv|docs/research/EVALUATION-PACKET-BLUEPRINTS-CP021B-R37.json|docs/research/GLOSSIKA-YUEHK-A1-DLG-009-20260201-CORPUS-INGRESS.md|docs/research/GLOSSIKA-YUEHK-A1-W14-20260621-RESEARCH.md|docs/research/GLOSSIKA-YUEHK-A1-W18-20260719-RESEARCH.md|docs/research/GLOSSIKA-YUEHK-A1-W19-20260726-RESEARCH.md|docs/research/LANE-03-FRAGMENTS-DISCOURSE-SOURCE-MAP-CP021B-R17.md|docs/research/LANE-03-RESIDUAL-FRAGMENT-SUBTYPES-SOURCE-MAP-CP021B-R18.md|docs/research/LANE-06-NOMINAL-MODIFICATION-RELATIVES-SOURCE-MAP-CP021B-R11.md|docs/research/NEGATION-ACCEPTABILITY-OPINION-SCHEDULING-SOURCE-MAP-CP021B-R30.md|docs/research/NOMINAL-RELATIONS-SOURCE-MAP-CP021B-R32.md|docs/research/PARSER-CONSTRUCTION-CANONICAL-CONSOLIDATION-MATRIX-CP021B-R35.tsv|docs/research/PARSER-CONSTRUCTION-INTERNAL-DISPOSITION-MATRIX-CP021B-R34.tsv|docs/research/PARSER-CONSTRUCTION-INTERNAL-PROVENANCE-REGISTER-CP021B-R37.tsv|docs/research/PARSER-CONSTRUCTION-INTERNAL-PROVENANCE-REGISTER-CP022-I1A-I04-R1.tsv|docs/research/PARSER-CONSTRUCTION-SOURCE-COVERAGE-CP021B-R37.tsv|docs/research/PARSER-CONSTRUCTION-SOURCE-MATRIX-CP021B-R37.tsv|docs/research/PARSER-CONSTRUCTION-SOURCE-REGISTER-CP021B-R37.tsv|docs/research/PRQ2-003-JYUT6-SCALAR-PROGRESSION-COLLISION-AUDIT-R1.tsv|docs/research/PRQ2-003-JYUT6-SCALAR-PROGRESSION-RESEARCH-R1.md|docs/research/PRQ2-003-JYUT6-SCALAR-PROGRESSION-SOURCE-VERIFICATION-R1.tsv|docs/research/PRQ2-004-CAA1DI1-NEAR-MISS-COLLISION-AUDIT-R1.tsv|docs/research/PRQ2-004-CAA1DI1-NEAR-MISS-RESEARCH-R1.md|docs/research/PRQ2-005-HOI1-HABITUAL-ESTABLISHED-ACTIVITY-COLLISION-AUDIT-R1.tsv|docs/research/PRQ2-005-HOI1-HABITUAL-ESTABLISHED-ACTIVITY-RESEARCH-R1.md|docs/research/PRQ2-005-HOI1-HABITUAL-ESTABLISHED-ACTIVITY-SOURCE-VERIFICATION-R1.tsv|docs/research/PRQ2-006-LOK6HEOI3-CONTINUATIVE-ASPECT-COLLISION-AUDIT-R1.tsv|docs/research/PRQ2-006-LOK6HEOI3-CONTINUATIVE-ASPECT-RESEARCH-R1.md|docs/research/PRQ2-006-LOK6HEOI3-CONTINUATIVE-ASPECT-SOURCE-VERIFICATION-R1.tsv|docs/research/PRQ2-008-ZI2JIU3-ZAU6-SUFFICIENT-CONDITION-COLLISION-AUDIT-R1.tsv|docs/research/PRQ2-008-ZI2JIU3-ZAU6-SUFFICIENT-CONDITION-RESEARCH-R1.md|docs/research/PRQ2-010-CEOI4ZO2-ZI1NGOI6-EXCLUSION-ADDITION-COLLISION-AUDIT-R1.tsv|docs/research/PRQ2-011-M4DAAN1ZI2-ZUNG6-ADDITIVE-CORRELATIVE-RESEARCH-R1.md|docs/research/PRQ2-014-ZI2JAU5-SIN1ZI3-NECESSARY-CONDITION-COLLISION-AUDIT-R1.tsv|docs/research/PRQ2-015-MUI5-GO3GO3-DOU1-DISTRIBUTIVE-QUANTIFICATION-COLLISION-AUDIT-R1.tsv|docs/research/PRQ2-015-MUI5-GO3GO3-DOU1-DISTRIBUTIVE-QUANTIFICATION-RESEARCH-R1.md|docs/research/PRQ2-035-NING4JYUN6-DOU1-COMMITTED-PREFERENCE-COLLISION-AUDIT-R1.tsv|docs/research/reopened-retired-labels/IdentificationAssertionLaiFrame.md|docs/research/RESULT-CHANGE-EVIDENCE-RECONCILIATION-R1.md|docs/research/RESULT-CHANGE-PRIMARY-SOURCE-LEDGER-R1.tsv|docs/research/RETIRED-CONSTRUCTION-ARCHIVE-v0.5.183-R1.tsv|docs/research/RETIRED-CONSTRUCTION-ARCHIVE-v0.5.186-R1.tsv|docs/research/survey-derived/Follow-Up/FOLLOW-UP-THREE-STUDY-DESIGN-SPEC-R1.json|docs/research/survey-derived/Follow-Up/FOLLOW-UP-THREE-STUDY-EXECUTION-PLAN-R1.md|docs/research/survey-derived/HKCanCor/HKCANCOR-SV-RQ-008-010-RESEARCH-NOTE-R1.md|docs/research/survey-derived/HKCanCor/HKCANCOR-SV-RQ-008-010-REVIEWED-RESULTS-R1.json|docs/research/survey-derived/Survey/SURVEY-EXPORT-2026-07-24-1538-AGGREGATE-R2.md|docs/research/survey-derived/SV-RQ-001-007/SV-RQ-001-007-ATTESTATION-REGISTER-R2.json|docs/research/survey-derived/SV-RQ-001-007/SV-RQ-001-007-BOUNDARY-MATRIX-R2.md|docs/research/survey-derived/SV-RQ-001-007/SV-RQ-001-007-ROUND-1.md|docs/research/survey-derived/SV-RQ-001-007/SV-RQ-001-007-ROUND-2.md|docs/research/UC-RQ-001-GENERAL-ZOENG1-DISPOSAL-NATURAL-ATTESTATION-R1.tsv|docs/research/UC-RQ-003-DOUBLE-OBJECT-ORDER-ALTERNATION-COLLISION-AUDIT-R1.tsv|docs/research/UC-RQ-003-DOUBLE-OBJECT-ORDER-ALTERNATION-RESEARCH-R1.md|docs/research/UC-RQ-009-ASSOCIATIVE-PLURAL-COLLISION-AUDIT-R1.tsv|docs/research/UC-RQ-009-ASSOCIATIVE-PLURAL-CONSTRUCTION-RESEARCH-R1.md|docs/research/UC-RQ-010-COREFERENTIAL-N-CL-N-COLLISION-AUDIT-R1.tsv|docs/research/UC-RQ-010-COREFERENTIAL-N-CL-N-CONSTRUCTION-RESEARCH-R1.md|docs/research/UC-RQ-016-HAI6-GE3-CLEFT-FOCUS-COLLISION-AUDIT-R1.tsv|docs/research/UC-RQ-016-HAI6-GE3-CLEFT-FOCUS-RESEARCH-R1.md|docs/research/UC-RQ-016-HAI6-GE3-CLEFT-FOCUS-SOURCE-VERIFICATION-R1.tsv|docs/research/UC-RQ-021-NEGATIVE-POLARITY-MINIMIZER-SOURCE-VERIFICATION-R1.tsv|docs/research/UC-RQ-023-GE3-NOMINALIZATION-RESEARCH-R1.md|docs/research/UC-RQ-024-ZI6GEI2-REFLEXIVE-BINDING-COLLISION-AUDIT-R1.tsv|docs/research/UC-RQ-029-ZYU6-DURATIVE-DISPOSITION-R1.md|docs/research/UC-RQ-032-MEI6-NOT-YET-NEGATION-RESEARCH-R1.md|docs/research/UC-RQ-032-MEI6-NOT-YET-NEGATION-SOURCE-VERIFICATION-R1.tsv|docs/research/UC-RQ-035-JAT1-ZAU6-IMMEDIATE-ANTERIORITY-COLLISION-AUDIT-R1.tsv|docs/research/UC-RQ-035-JAT1-ZAU6-IMMEDIATE-ANTERIORITY-RESEARCH-R1.md|docs/research/UC-RQ-038-CEOI4FEI1-EXCEPTION-CONDITIONAL-COLLISION-AUDIT-R1.tsv|docs/research/UC-RQ-038-CEOI4FEI1-EXCEPTION-CONDITIONAL-RESEARCH-R1.md|grammar/lexicalized_only/VocativeAddressTerm.md|grammar/research_pending/DegreeMannerAdverbial.md|grammar/research_pending/ExistentialWhQuestion.md|grammar/research_pending/FragmentAnswer.md|grammar/research_pending/MannerAdverbialVP.md|grammar/research_pending/NamingClause.md|grammar/research_pending/NegativeExperiential.md|grammar/research_pending/PossessiveClassifierNP.md|grammar/research_pending/PostverbalZoPerfectiveVP.md|grammar/retired/README.md|grammar/unsupported_generalization/AssociativeNP.md|grammar/unsupported_generalization/ConditionalClause.md|grammar/unsupported_generalization/CopularANotAQuestion.md|grammar/unsupported_generalization/DelimitedVP.md|grammar/unsupported_generalization/LocativeWhQuestion.md|grammar/unsupported_generalization/OpinionStanceFrame.md|grammar/unsupported_generalization/PoliteImperativeClause.md|test-data/a1-context-status-fixture.tsv|test-data/cp021b-lx1-construction-freeze-baseline.json|test-data/CP023-P1-PROG01-lexicon-baseline-probes.tsv|test-data/CP023-P1-PROG01-nominal-design-cases-r3.tsv|test-data/CP023-P1-PROG01-nominal-prerequisite-probes.tsv|test-data/CP023-P1-PROG01-visible-research-packet.tsv|test-data/grammar-legitimacy-source-register.tsv|test-data/native-speaker-naturalness-evidence-v1.json|test-data/native-speaker-naturalness-evidence-v1.tsv|test-data/natural-corpus-wechat-father-daughter-001-turns.json|test-data/natural-corpus-wechat-father-daughter-001-turns.tsv|test-data/natural-corpus-wechat-father-daughter-001-units.json|test-data/natural-corpus-wechat-father-daughter-001-units.tsv|test-data/natural-corpus-wechat-guangxi-travel-002-raw.txt|test-data/natural-corpus-wechat-guangxi-travel-002-turns.json|test-data/natural-corpus-wechat-guangxi-travel-002-turns.tsv|test-data/natural-corpus-wechat-guangxi-travel-002-units.json|test-data/natural-corpus-wechat-guangxi-travel-002-units.tsv|test-data/pre-intermediate-gold-corpus.tsv|test-data/review-only-readiness.tsv|test-data/w17-corpus-semantic-disposition.tsv|test-data/w17-functional-corpus.tsv|test-data/w17-glossika-corpus.tsv|test-data/WECHAT-GX-TRAVEL-002-ADJUDICATION-MATRIX.json|test-data/WECHAT-GX-TRAVEL-002-ADJUDICATION-MATRIX.tsv|test-data/WECHAT-GX-TRAVEL-002-QUEUE-D-context_disfluency_research.tsv|test-data/WECHAT-GX-TRAVEL-002-QUEUE-G-grammar_research_external_evidence.tsv|test-data/WECHAT-GX-TRAVEL-002-QUEUE-L-lexicon_jyutping_enrichment.tsv|tests/constructions/AssociativeNP.json|tests/constructions/ClauseRelationEdge.json|tests/constructions/ClauseRelationGraph.json|tests/constructions/ClauseRelationMemberSpan.json|tests/constructions/ClauseSpan.json|tests/constructions/ConditionalClause.json|tests/constructions/CopularANotAQuestion.json|tests/constructions/CopularRelationFrame.json|tests/constructions/CoverbFrame.json|tests/constructions/DegreeStativePredicate.json|tests/constructions/DirectionalMotionVP.json|tests/constructions/LocativePlacePhrase.json|tests/constructions/NeedsContext.json|tests/constructions/NegativeExperiential.json|tests/constructions/NominalHeadSpan.json|tests/constructions/OpinionStanceFrame.json|tests/constructions/PossessiveClassifierNP.json|tests/constructions/PostverbalZoPerfectiveVP.json|tests/constructions/ProductiveVO.json|tests/constructions/ReduplicatedVP.json|tests/constructions/RelativeClauseNP.json|tests/constructions/StativeNominalComplement.json|tests/constructions/TransitiveVP.json|tests/fixtures/np-subsystem.json|tests/fixtures/regression-snapshots.json|tests/run-regression.js|tests/tooling/corpus-review/test_aa07_hkcancor_profile.py|tests/tooling/corpus-review/test_aa91_hkcancor_profile.py	particle_nominalization_review	REQUIRES_EXPERT_CONTEXT_REVIEW
GLOSSIKA-YUEHK-A1-DLG-012-20260222-I051	51	lexical_entry			11	細個	sai3 go3	childhood; when young	sha256:4e6613c220898fae4fddb66b4567c05711282604a8db519be89f6871bd598425	true			exact_duplicate_candidate	exact_duplicate			data/pedagogical-corpus/glossika/GLOSSIKA-YUEHK-A1-DLG-002-20251207/crosswalk.json|data/pedagogical-corpus/glossika/GLOSSIKA-YUEHK-A1-DLG-002-20251207/items.tsv|data/pedagogical-corpus/glossika/GLOSSIKA-YUEHK-A1-DLG-002-20251207/review.json|data/pedagogical-corpus/glossika/GLOSSIKA-YUEHK-A1-DLG-002-20251207/source.json|docs/research/GLOSSIKA-YUEHK-A1-DLG-002-20251207-CORPUS-INGRESS.md	childhood_time_review	REQUIRES_EXPERT_CONTEXT_REVIEW
GLOSSIKA-YUEHK-A1-DLG-012-20260222-I052	52	lexical_entry			12	學	hok6	to learn; to study	sha256:849d347e0ba537dea6b6e3bdf733f051e032006365645f70232d691b20da6d59	true			exact_duplicate_candidate	lexical_only_attestation	src/runtime-resources/lexicon/token-lexicon/things.js	src/parser/detectors/motion/path-goal-source.js|src/parser/detectors/transfer/lexical-give.js|src/runtime-resources/grammar/templates/category-span-templates.js|src/runtime-resources/lexicon/address-terms.js|src/runtime-resources/lexicon/productive-vo.js|src/runtime-resources/lexicon/token-lexicon/people-and-address.js|src/runtime-resources/lexicon/token-lexicon/places-and-times.js|src/runtime-resources/lexicon/token-lexicon/study-suite.js|src/runtime-resources/lexicon/token-lexicon/things.js|src/runtime-resources/normalization/simplified-to-traditional.js|src/runtime-resources/pronunciation/jyutping-review-expectations.js	data/construction-adjudication-batches/batch-09.json|data/construction-adjudication-batches/batch-10.json|data/construction-identities.json|data/pedagogical-corpus/glossika/GLOSSIKA-YUEHK-A1-DLG-004-20251221/crosswalk.json|data/pedagogical-corpus/glossika/GLOSSIKA-YUEHK-A1-DLG-004-20251221/items.tsv|data/pedagogical-corpus/glossika/GLOSSIKA-YUEHK-A1-DLG-004-20251221/review.json|data/pedagogical-corpus/glossika/GLOSSIKA-YUEHK-A1-DLG-004-20251221/source.json|data/pedagogical-corpus/glossika/GLOSSIKA-YUEHK-A1-DLG-005-20251228/crosswalk.json|data/pedagogical-corpus/glossika/GLOSSIKA-YUEHK-A1-DLG-005-20251228/items.tsv|data/pedagogical-corpus/glossika/GLOSSIKA-YUEHK-A1-DLG-005-20251228/review.json|data/pedagogical-corpus/glossika/GLOSSIKA-YUEHK-A1-DLG-005-20251228/source.json|data/pedagogical-corpus/glossika/GLOSSIKA-YUEHK-A1-DLG-006-20260104/crosswalk.json|data/pedagogical-corpus/glossika/GLOSSIKA-YUEHK-A1-DLG-006-20260104/items.tsv|data/pedagogical-corpus/glossika/GLOSSIKA-YUEHK-A1-DLG-006-20260104/review.json|data/pedagogical-corpus/glossika/GLOSSIKA-YUEHK-A1-DLG-006-20260104/source.json|data/pedagogical-corpus/glossika/GLOSSIKA-YUEHK-A1-DLG-009-20260201/crosswalk.json|data/pedagogical-corpus/glossika/GLOSSIKA-YUEHK-A1-DLG-009-20260201/items.tsv|data/pedagogical-corpus/glossika/GLOSSIKA-YUEHK-A1-DLG-009-20260201/review.json|data/pedagogical-corpus/glossika/GLOSSIKA-YUEHK-A1-DLG-009-20260201/source.json|docs/research/AA84-MANNER-PROFILE-RECONCILIATION-R1.md|docs/research/AB15-CLASSIFIER-NP-PRIMARY-SOURCE-LEDGER-R1.tsv|docs/research/AB15-DEMONSTRATIVE-CLASSIFIER-NOUN-SCOPE-R1.md|docs/research/CONSTRUCTION-ADJUDICATION-BATCH-09.md|docs/research/CONSTRUCTION-ADJUDICATION-BATCH-10.md|docs/research/CP021B-NATIVE-NATURALNESS-INGESTION.md|docs/research/CP023-P1-PROG01-PREDICATE-COMPATIBILITY-MATRIX-R3.tsv|docs/research/CP023-P1-PROG01-R1-RESEARCH-CHECKPOINT.md|docs/research/CP023-P1-PROG01-REMEDIATION-DEPENDENCIES-R2.tsv|docs/research/CP024-P0-L45-CODE-REFERENCE-INVENTORY-R1.tsv|docs/research/CP024-P0-L45-PRODUCTIVE-VO-SEED-INVENTORY-R1.tsv|docs/research/CP051-P1-COPULAR-ANOTA-RECONCILIATION-R1.md|docs/research/EVALUATION-PACKET-BLUEPRINTS-CP021B-R37.json|docs/research/LANE-09-DIRECTIONAL-MOTION-SOURCE-MAP-CP021B-R3.md|docs/research/LANE-09-SERIAL-PURPOSE-SOURCE-MAP-CP021B-R16.md|docs/research/LEGITIMACY-WORK-LEDGER.md|docs/research/PARSER-CONSTRUCTION-CANONICAL-CONSOLIDATION-MATRIX-CP021B-R35.tsv|docs/research/PARSER-CONSTRUCTION-INTERNAL-DISPOSITION-MATRIX-CP021B-R34.tsv|docs/research/PARSER-CONSTRUCTION-SOURCE-MATRIX-CP021B-R37.tsv|docs/research/PARSER-CONSTRUCTION-SOURCE-REGISTER-CP021B-R37.tsv|docs/research/PRQ2-003-JYUT6-SCALAR-PROGRESSION-RESEARCH-R1.md|docs/research/PRQ2-003-JYUT6-SCALAR-PROGRESSION-SOURCE-VERIFICATION-R1.tsv|docs/research/PRQ2-007-HEI2SOENG5LAI4-INCHOATIVE-ASPECT-RESEARCH-R1.md|docs/research/PRQ2-007-HEI2SOENG5LAI4-INCHOATIVE-ASPECT-SOURCE-VERIFICATION-R1.tsv|docs/research/PRQ2-008-ZI2JIU3-ZAU6-SUFFICIENT-CONDITION-COLLISION-AUDIT-R1.tsv|docs/research/PRQ2-009-GEI3JIN4-PREMISE-RESPONSE-RESEARCH-R1.md|docs/research/PRQ2-015-MUI5-GO3GO3-DOU1-DISTRIBUTIVE-QUANTIFICATION-COLLISION-AUDIT-R1.tsv|docs/research/PRQ2-015-MUI5-GO3GO3-DOU1-DISTRIBUTIVE-QUANTIFICATION-RESEARCH-R1.md|docs/research/QUANTITY-SCALAR-ACTION-BOUNDARIES-SOURCE-MAP-CP021B-R29.md|docs/research/UC-RQ-004-CANTONESE-EQUATIVE-CONSTRUCTION-RESEARCH-R1.md|docs/research/UC-RQ-010-COREFERENTIAL-N-CL-N-CONSTRUCTION-RESEARCH-R1.md|grammar/research_pending/ExistentialClause.md|grammar/research_pending/ExistentialPresentationalClause.md|grammar/research_pending/GoalAttainmentMotionVP.md|grammar/research_pending/NegativeExperiential.md|grammar/unsupported_generalization/CopularANotAQuestion.md|grammar/unsupported_generalization/ExperientialClause.md|grammar/unsupported_generalization/PerfectiveDirectionalVP.md|test-data/cp021b-lx1-construction-freeze-baseline.json|test-data/CP023-P1-PROG01-visible-research-packet.tsv|test-data/native-speaker-naturalness-evidence-v1.json|test-data/native-speaker-naturalness-evidence-v1.tsv|test-data/pre-intermediate-gold-corpus.tsv|test-data/WECHAT-GX-TRAVEL-002-LEXICON-SOURCE-REGISTER-R2.tsv|tests/constructions/ClauseRelationGraph.json|tests/constructions/ClauseSpan.json|tests/constructions/CopularANotAQuestion.json|tests/constructions/DirectedMannerMotionVP.json|tests/constructions/ExistentialPresentationalClause.json|tests/constructions/GoalAttainmentMotionVP.json|tests/constructions/LocativeExistentialClause.json|tests/constructions/LocativePlacePhrase.json|tests/constructions/MalformedCandidate.json|tests/constructions/MeasureExpression.json|tests/constructions/ModifiedNP.json|tests/constructions/MotionGoalVP.json|tests/constructions/NeedsContext.json|tests/constructions/NominalPredicateClause.json|tests/constructions/OvertHeadDemonstrativeClassifierNP.json|tests/constructions/SourceMotionClause.json|tests/fixtures/regression-snapshots.json		REQUIRES_EXPERT_CONTEXT_REVIEW
GLOSSIKA-YUEHK-A1-DLG-012-20260222-I053	53	lexical_entry			13	中學	zung1 hok6	middle school; secondary school	sha256:01aeb988af0670769a7dad9210bfabb8014799534f08572a950f07fc7872c1df	true			no_project_match	new_attestation					REQUIRES_EXPERT_CONTEXT_REVIEW
GLOSSIKA-YUEHK-A1-DLG-012-20260222-I054	54	lexical_entry			14	先	sin1	first; only then	sha256:b43e2364f492584a70909d0d5c740571efeecaf72c2b6122021135128e23f6de	true			exact_duplicate_candidate	lexical_only_attestation	src/runtime-resources/lexicon/token-lexicon/function-words-and-particles.js	src/parser/clause-relations/graph.js|src/parser/clause-relations/markers.js|src/parser/context/descriptors.js|src/parser/detectors/address/vocative.js|src/parser/detectors/coverbs/frames.js|src/parser/detectors/discourse/priority.js|src/parser/detectors/questions/a-not-a.js|src/runtime-resources/grammar/templates/category-span-templates.js|src/runtime-resources/lexicon/address-terms.js|src/runtime-resources/lexicon/token-lexicon/function-words-and-particles.js|src/runtime-resources/lexicon/token-lexicon/people-and-address.js|src/runtime-resources/lexicon/token-lexicon/study-suite.js|src/runtime-resources/lexicon/token-lexicon/verbs.js|src/runtime-resources/pronunciation/jyutping-review-expectations.js	data/construction-adjudication-batches/batch-05.json|data/construction-identities.json|data/natural-corpus/wechat-father-daughter-001.txt|data/pedagogical-corpus/glossika/GLOSSIKA-YUEHK-A1-DLG-002-20251207/crosswalk.json|data/pedagogical-corpus/glossika/GLOSSIKA-YUEHK-A1-DLG-002-20251207/items.tsv|data/pedagogical-corpus/glossika/GLOSSIKA-YUEHK-A1-DLG-002-20251207/review.json|data/pedagogical-corpus/glossika/GLOSSIKA-YUEHK-A1-DLG-002-20251207/source.json|data/pedagogical-corpus/glossika/GLOSSIKA-YUEHK-A1-DLG-004-20251221/crosswalk.json|data/pedagogical-corpus/glossika/GLOSSIKA-YUEHK-A1-DLG-004-20251221/items.tsv|data/pedagogical-corpus/glossika/GLOSSIKA-YUEHK-A1-DLG-004-20251221/review.json|data/pedagogical-corpus/glossika/GLOSSIKA-YUEHK-A1-DLG-004-20251221/source.json|data/pedagogical-corpus/glossika/GLOSSIKA-YUEHK-A1-DLG-006-20260104/crosswalk.json|data/pedagogical-corpus/glossika/GLOSSIKA-YUEHK-A1-DLG-006-20260104/items.tsv|data/pedagogical-corpus/glossika/GLOSSIKA-YUEHK-A1-DLG-006-20260104/review.json|data/pedagogical-corpus/glossika/GLOSSIKA-YUEHK-A1-DLG-006-20260104/source.json|data/pedagogical-corpus/glossika/GLOSSIKA-YUEHK-A1-DLG-008-20260125/crosswalk.json|data/pedagogical-corpus/glossika/GLOSSIKA-YUEHK-A1-DLG-008-20260125/items.tsv|data/pedagogical-corpus/glossika/GLOSSIKA-YUEHK-A1-DLG-008-20260125/review.json|data/pedagogical-corpus/glossika/GLOSSIKA-YUEHK-A1-DLG-008-20260125/source.json|data/pedagogical-corpus/glossika/GLOSSIKA-YUEHK-A1-DLG-009-20260201/crosswalk.json|data/pedagogical-corpus/glossika/GLOSSIKA-YUEHK-A1-DLG-009-20260201/items.tsv|data/pedagogical-corpus/glossika/GLOSSIKA-YUEHK-A1-DLG-009-20260201/review.json|data/pedagogical-corpus/glossika/GLOSSIKA-YUEHK-A1-DLG-009-20260201/source.json|data/pedagogical-corpus/glossika/GLOSSIKA-YUEHK-A1-DLG-010-20260208/crosswalk.json|data/pedagogical-corpus/glossika/GLOSSIKA-YUEHK-A1-DLG-010-20260208/items.tsv|data/pedagogical-corpus/glossika/GLOSSIKA-YUEHK-A1-DLG-010-20260208/review.json|data/pedagogical-corpus/glossika/GLOSSIKA-YUEHK-A1-DLG-010-20260208/source.json|data/pedagogical-corpus/glossika/GLOSSIKA-YUEHK-A1-DLG-011-20260215/crosswalk.json|data/pedagogical-corpus/glossika/GLOSSIKA-YUEHK-A1-DLG-011-20260215/items.tsv|data/pedagogical-corpus/glossika/GLOSSIKA-YUEHK-A1-DLG-011-20260215/README.md|data/pedagogical-corpus/glossika/GLOSSIKA-YUEHK-A1-DLG-011-20260215/review.json|data/pedagogical-corpus/glossika/GLOSSIKA-YUEHK-A1-DLG-011-20260215/source.json|data/pedagogical-corpus/glossika/GLOSSIKA-YUEHK-A1-W16-20260705/items.tsv|data/pedagogical-corpus/glossika/GLOSSIKA-YUEHK-A1-W16-20260705/review.json|data/pedagogical-corpus/glossika/GLOSSIKA-YUEHK-A1-W16-20260705/source.json|data/pedagogical-corpus/glossika/GLOSSIKA-YUEHK-A1-W17-20260712/crosswalk.json|data/pedagogical-corpus/glossika/GLOSSIKA-YUEHK-A1-W17-20260712/items.tsv|data/pedagogical-corpus/glossika/GLOSSIKA-YUEHK-A1-W17-20260712/review.json|data/pedagogical-corpus/glossika/GLOSSIKA-YUEHK-A1-W17-20260712/source.json|data/pedagogical-corpus/glossika/GLOSSIKA-YUEHK-A1-W18-20260719/crosswalk.json|data/pedagogical-corpus/glossika/GLOSSIKA-YUEHK-A1-W18-20260719/items.tsv|data/pedagogical-corpus/glossika/GLOSSIKA-YUEHK-A1-W18-20260719/review.json|data/pedagogical-corpus/glossika/GLOSSIKA-YUEHK-A1-W18-20260719/source.json|data/research-ledgers/glossika-week18-claim-source.json|data/research-ledgers/glossika-week18-followup-candidates.json|docs/research/AA84-MANNER-PRIMARY-SOURCE-LEDGER-R1.tsv|docs/research/AA84-MANNER-PROFILE-RECONCILIATION-R1.md|docs/research/CONDITIONAL-CLAUSE-LINKING-SOURCE-MAP-CP021B-R25.md|docs/research/CONSTRUCTION-ADJUDICATION-BATCH-05.md|docs/research/CP022-IMPLEMENTATION-BACKLOG-CP021B-R37.tsv|docs/research/CP023-P1-PROG01-REMEDIATION-DEPENDENCIES-R2.tsv|docs/research/CP025-P1-PFV01-SPEAKER-A-RAW-R2.md|docs/research/CP026-P1-RUL01-SPEAKER-A-FORM-R1.md|docs/research/CP039-P1-EVALUATION-SCALAR-QUESTION-WRAPPER-AUDIT-R1.md|docs/research/CP049-P1-ANOTA-ACCEPTABILITY-RECONCILIATION-R1.md|docs/research/CP049-P1-ANOTA-ACCEPTABILITY-SOURCE-VERIFICATION-R1.tsv|docs/research/DIRECTIVE-SUGGESTION-PRIORITY-SOURCE-MAP-CP021B-R27.md|docs/research/EVALUATION-PACKET-BLUEPRINTS-CP021B-R37.json|docs/research/GLOSSIKA-YUEHK-A1-DLG-004-20251221-CORPUS-INGRESS.md|docs/research/GLOSSIKA-YUEHK-A1-DLG-006-20260104-CORPUS-INGRESS.md|docs/research/GLOSSIKA-YUEHK-A1-W18-20260719-RESEARCH.md|docs/research/LANE-05-PERFECTIVE-COMPLETION-SOURCE-MAP-CP021B-R6.md|docs/research/PARSER-CONSTRUCTION-CANONICAL-CONSOLIDATION-MATRIX-CP021B-R35.tsv|docs/research/PARSER-CONSTRUCTION-SOURCE-COVERAGE-CP021B-R37.tsv|docs/research/PARSER-CONSTRUCTION-SOURCE-MATRIX-CP021B-R37.tsv|docs/research/PARSER-CONSTRUCTION-SOURCE-REGISTER-CP021B-R37.tsv|docs/research/PRQ2-001-YAU5-MOU5-DAK1-AVAILABILITY-COLLISION-AUDIT-R1.tsv|docs/research/PRQ2-001-YAU5-MOU5-DAK1-AVAILABILITY-RESEARCH-R1.md|docs/research/PRQ2-001-YAU5-MOU5-DAK1-AVAILABILITY-SOURCE-VERIFICATION-R1.tsv|docs/research/PRQ2-004-CAA1DI1-NEAR-MISS-COLLISION-AUDIT-R1.tsv|docs/research/PRQ2-004-CAA1DI1-NEAR-MISS-RESEARCH-R1.md|docs/research/PRQ2-004-CAA1DI1-NEAR-MISS-SOURCE-VERIFICATION-R1.tsv|docs/research/PRQ2-006-LOK6HEOI3-CONTINUATIVE-ASPECT-COLLISION-AUDIT-R1.tsv|docs/research/PRQ2-006-LOK6HEOI3-CONTINUATIVE-ASPECT-RESEARCH-R1.md|docs/research/PRQ2-007-HEI2SOENG5LAI4-INCHOATIVE-ASPECT-COLLISION-AUDIT-R1.tsv|docs/research/PRQ2-007-HEI2SOENG5LAI4-INCHOATIVE-ASPECT-RESEARCH-R1.md|docs/research/PRQ2-008-ZI2JIU3-ZAU6-SUFFICIENT-CONDITION-COLLISION-AUDIT-R1.tsv|docs/research/PRQ2-008-ZI2JIU3-ZAU6-SUFFICIENT-CONDITION-RESEARCH-R1.md|docs/research/PRQ2-014-ZI2JAU5-SIN1ZI3-NECESSARY-CONDITION-COLLISION-AUDIT-R1.tsv|docs/research/PRQ2-014-ZI2JAU5-SIN1ZI3-NECESSARY-CONDITION-RESEARCH-R1.md|docs/research/PRQ2-014-ZI2JAU5-SIN1ZI3-NECESSARY-CONDITION-SOURCE-VERIFICATION-R1.tsv|docs/research/PRQ2-015-MUI5-GO3GO3-DOU1-DISTRIBUTIVE-QUANTIFICATION-RESEARCH-R1.md|docs/research/RESEARCH-PROVENANCE-REPAIR-PLAN-R1.md|docs/research/survey-derived/SV-RQ-008/SV-RQ-008-RESEARCH-NOTE.md|docs/research/survey-derived/SV-RQ-008/SV-RQ-008-SOURCE-LEDGER.json|docs/research/UC-RQ-016-HAI6-GE3-CLEFT-FOCUS-RESEARCH-R1.md|docs/research/UC-RQ-018-ALTERNATIVE-QUESTION-COLLISION-AUDIT-R1.tsv|docs/research/UC-RQ-018-ALTERNATIVE-QUESTION-RESEARCH-R1.md|docs/research/UC-RQ-018-ALTERNATIVE-QUESTION-SOURCE-VERIFICATION-R1.tsv|docs/research/UC-RQ-029-ZYU6-DURATIVE-COLLISION-AUDIT-R1.tsv|docs/research/UC-RQ-029-ZYU6-DURATIVE-DISPOSITION-R1.md|docs/research/UC-RQ-029-ZYU6-DURATIVE-SOURCE-VERIFICATION-R1.tsv|docs/research/UC-RQ-031-MAAI4-VERBAL-PARTICLE-FAMILY-RESEARCH-R1.md|docs/research/UC-RQ-038-CEOI4FEI1-EXCEPTION-CONDITIONAL-COLLISION-AUDIT-R1.tsv|docs/research/UC-RQ-038-CEOI4FEI1-EXCEPTION-CONDITIONAL-RESEARCH-R1.md|docs/research/UC-RQ-038-CEOI4FEI1-EXCEPTION-CONDITIONAL-SOURCE-VERIFICATION-R1.tsv|docs/research/WH-IDENTITY-NAMING-ADDRESS-SOURCE-MAP-CP021B-R20.md|grammar/parser_heuristic/ClauseRelationGraph.md|grammar/research_pending/CompletionVP.md|grammar/research_pending/PerfectiveVP.md|grammar/research_pending/PostverbalZoPerfectiveVP.md|grammar/research_pending/PriorityMarkerClause.md|grammar/research_pending/ProhibitiveImperative.md|grammar/unsupported_generalization/AcceptabilityANotA.md|grammar/unsupported_generalization/DelimitedVP.md|test-data/cp021b-lx1-construction-freeze-baseline.json|test-data/CP023-P1-PROG01-visible-research-packet.tsv|test-data/native-naturalness-conflict-dispositions.tsv|test-data/native-speaker-naturalness-evidence-v1.json|test-data/native-speaker-naturalness-evidence-v1.tsv|test-data/natural-corpus-wechat-father-daughter-001-turns.json|test-data/natural-corpus-wechat-father-daughter-001-turns.tsv|test-data/natural-corpus-wechat-father-daughter-001-units.json|test-data/natural-corpus-wechat-father-daughter-001-units.tsv|test-data/pre-intermediate-gold-corpus.tsv|test-data/review-only-readiness.tsv|test-data/w17-corpus-semantic-disposition.tsv|test-data/w17-functional-corpus.tsv|test-data/w17-glossika-corpus.tsv|test-data/WECHAT-GX-TRAVEL-002-ADJUDICATION-MATRIX.json|test-data/WECHAT-GX-TRAVEL-002-ADJUDICATION-MATRIX.tsv|test-data/WECHAT-GX-TRAVEL-002-QUEUE-D-context_disfluency_research.tsv|test-data/WECHAT-GX-TRAVEL-002-QUEUE-G-grammar_research_external_evidence.tsv|tests/constructions/AcceptabilityANotA.json|tests/constructions/ClauseRelationEdge.json|tests/constructions/ClauseRelationGraph.json|tests/constructions/ClauseRelationMemberSpan.json|tests/constructions/DegreeStativePredicate.json|tests/constructions/NominalHeadSpan.json|tests/constructions/PriorityMarkerClause.json|tests/constructions/ProductiveVO.json|tests/fixtures/regression-snapshots.json	ordering_focus_review	REQUIRES_EXPERT_CONTEXT_REVIEW
GLOSSIKA-YUEHK-A1-DLG-012-20260222-I055	55	lexical_entry			15	你	nei5	you	sha256:1689ce6434da331d45d3f86fec1e251f95483d7f5f2dcfbede447060f12814e4	true			exact_duplicate_candidate	lexical_only_attestation	src/runtime-resources/lexicon/token-lexicon/people-and-address.js	src/parser/context/descriptors.js|src/parser/detectors/boundaries/needs-context.js|src/parser/detectors/discourse/priority.js|src/parser/detectors/np/core.js|src/parser/detectors/questions/a-not-a.js|src/parser/detectors/transfer/lexical-give.js|src/plugin-entry.js|src/runtime-resources/lexicon/compositional-lexical-phrases.js|src/runtime-resources/lexicon/formulas.js|src/runtime-resources/lexicon/token-lexicon/degree-and-formulas.js|src/runtime-resources/lexicon/token-lexicon/people-and-address.js|src/runtime-resources/presentation/learner-glosses.js|src/runtime-resources/pronunciation/jyutping-review-expectations.js	data/construction-adjudication-batches/batch-03.json|data/construction-adjudication-batches/batch-05.json|data/construction-adjudication-batches/batch-08.json|data/construction-adjudication-batches/batch-09.json|data/construction-adjudication-batches/batch-10.json|data/construction-adjudication-batches/batch-11.json|data/construction-adjudication-batches/batch-13.json|data/construction-adjudication-batches/batch-17.json|data/construction-adjudication-batches/batch-18.json|data/construction-identities.json|data/natural-corpus/wechat-father-daughter-001.txt|data/pedagogical-corpus/glossika/GLOSSIKA-YUEHK-A1-DLG-002-20251207/crosswalk.json|data/pedagogical-corpus/glossika/GLOSSIKA-YUEHK-A1-DLG-002-20251207/items.tsv|data/pedagogical-corpus/glossika/GLOSSIKA-YUEHK-A1-DLG-002-20251207/review.json|data/pedagogical-corpus/glossika/GLOSSIKA-YUEHK-A1-DLG-002-20251207/source.json|data/pedagogical-corpus/glossika/GLOSSIKA-YUEHK-A1-DLG-003-20251214/crosswalk.json|data/pedagogical-corpus/glossika/GLOSSIKA-YUEHK-A1-DLG-003-20251214/items.tsv|data/pedagogical-corpus/glossika/GLOSSIKA-YUEHK-A1-DLG-003-20251214/review.json|data/pedagogical-corpus/glossika/GLOSSIKA-YUEHK-A1-DLG-003-20251214/source.json|data/pedagogical-corpus/glossika/GLOSSIKA-YUEHK-A1-DLG-004-20251221/crosswalk.json|data/pedagogical-corpus/glossika/GLOSSIKA-YUEHK-A1-DLG-004-20251221/items.tsv|data/pedagogical-corpus/glossika/GLOSSIKA-YUEHK-A1-DLG-004-20251221/review.json|data/pedagogical-corpus/glossika/GLOSSIKA-YUEHK-A1-DLG-004-20251221/source.json|data/pedagogical-corpus/glossika/GLOSSIKA-YUEHK-A1-DLG-005-20251228/crosswalk.json|data/pedagogical-corpus/glossika/GLOSSIKA-YUEHK-A1-DLG-005-20251228/items.tsv|data/pedagogical-corpus/glossika/GLOSSIKA-YUEHK-A1-DLG-005-20251228/review.json|data/pedagogical-corpus/glossika/GLOSSIKA-YUEHK-A1-DLG-005-20251228/source.json|data/pedagogical-corpus/glossika/GLOSSIKA-YUEHK-A1-DLG-006-20260104/crosswalk.json|data/pedagogical-corpus/glossika/GLOSSIKA-YUEHK-A1-DLG-006-20260104/items.tsv|data/pedagogical-corpus/glossika/GLOSSIKA-YUEHK-A1-DLG-006-20260104/review.json|data/pedagogical-corpus/glossika/GLOSSIKA-YUEHK-A1-DLG-006-20260104/source.json|data/pedagogical-corpus/glossika/GLOSSIKA-YUEHK-A1-DLG-007-20260111/crosswalk.json|data/pedagogical-corpus/glossika/GLOSSIKA-YUEHK-A1-DLG-007-20260111/items.tsv|data/pedagogical-corpus/glossika/GLOSSIKA-YUEHK-A1-DLG-007-20260111/review.json|data/pedagogical-corpus/glossika/GLOSSIKA-YUEHK-A1-DLG-007-20260111/source.json|data/pedagogical-corpus/glossika/GLOSSIKA-YUEHK-A1-DLG-008-20260125/crosswalk.json|data/pedagogical-corpus/glossika/GLOSSIKA-YUEHK-A1-DLG-008-20260125/items.tsv|data/pedagogical-corpus/glossika/GLOSSIKA-YUEHK-A1-DLG-008-20260125/review.json|data/pedagogical-corpus/glossika/GLOSSIKA-YUEHK-A1-DLG-008-20260125/source.json|data/pedagogical-corpus/glossika/GLOSSIKA-YUEHK-A1-DLG-009-20260201/crosswalk.json|data/pedagogical-corpus/glossika/GLOSSIKA-YUEHK-A1-DLG-009-20260201/items.tsv|data/pedagogical-corpus/glossika/GLOSSIKA-YUEHK-A1-DLG-009-20260201/review.json|data/pedagogical-corpus/glossika/GLOSSIKA-YUEHK-A1-DLG-009-20260201/source.json|data/pedagogical-corpus/glossika/GLOSSIKA-YUEHK-A1-DLG-010-20260208/crosswalk.json|data/pedagogical-corpus/glossika/GLOSSIKA-YUEHK-A1-DLG-010-20260208/items.tsv|data/pedagogical-corpus/glossika/GLOSSIKA-YUEHK-A1-DLG-010-20260208/README.md|data/pedagogical-corpus/glossika/GLOSSIKA-YUEHK-A1-DLG-010-20260208/review.json|data/pedagogical-corpus/glossika/GLOSSIKA-YUEHK-A1-DLG-010-20260208/source.json|data/pedagogical-corpus/glossika/GLOSSIKA-YUEHK-A1-DLG-011-20260215/crosswalk.json|data/pedagogical-corpus/glossika/GLOSSIKA-YUEHK-A1-DLG-011-20260215/items.tsv|data/pedagogical-corpus/glossika/GLOSSIKA-YUEHK-A1-DLG-011-20260215/review.json|data/pedagogical-corpus/glossika/GLOSSIKA-YUEHK-A1-DLG-011-20260215/source.json|data/pedagogical-corpus/glossika/GLOSSIKA-YUEHK-A1-W14-20260621/items.tsv|data/pedagogical-corpus/glossika/GLOSSIKA-YUEHK-A1-W14-20260621/review.json|data/pedagogical-corpus/glossika/GLOSSIKA-YUEHK-A1-W14-20260621/source.json|data/pedagogical-corpus/glossika/GLOSSIKA-YUEHK-A1-W15-20260628/items.tsv|data/pedagogical-corpus/glossika/GLOSSIKA-YUEHK-A1-W15-20260628/review.json|data/pedagogical-corpus/glossika/GLOSSIKA-YUEHK-A1-W15-20260628/source.json|data/pedagogical-corpus/glossika/GLOSSIKA-YUEHK-A1-W16-20260705/items.tsv|data/pedagogical-corpus/glossika/GLOSSIKA-YUEHK-A1-W16-20260705/review.json|data/pedagogical-corpus/glossika/GLOSSIKA-YUEHK-A1-W16-20260705/source.json|data/pedagogical-corpus/glossika/GLOSSIKA-YUEHK-A1-W17-20260712/crosswalk.json|data/pedagogical-corpus/glossika/GLOSSIKA-YUEHK-A1-W17-20260712/items.tsv|data/pedagogical-corpus/glossika/GLOSSIKA-YUEHK-A1-W17-20260712/review.json|data/pedagogical-corpus/glossika/GLOSSIKA-YUEHK-A1-W17-20260712/source.json|data/pedagogical-corpus/glossika/GLOSSIKA-YUEHK-A1-W18-20260719/crosswalk.json|data/pedagogical-corpus/glossika/GLOSSIKA-YUEHK-A1-W18-20260719/items.tsv|data/pedagogical-corpus/glossika/GLOSSIKA-YUEHK-A1-W18-20260719/review.json|data/pedagogical-corpus/glossika/GLOSSIKA-YUEHK-A1-W18-20260719/source.json|data/pedagogical-corpus/glossika/GLOSSIKA-YUEHK-A1-W19-20260726/crosswalk.json|data/pedagogical-corpus/glossika/GLOSSIKA-YUEHK-A1-W19-20260726/items.tsv|data/pedagogical-corpus/glossika/GLOSSIKA-YUEHK-A1-W19-20260726/review.json|data/pedagogical-corpus/glossika/GLOSSIKA-YUEHK-A1-W19-20260726/source.json|data/research-ledgers/glossika-week15-claim-source.json|data/research-ledgers/glossika-week15-followup-candidates.json|data/research-ledgers/glossika-week18-claim-source.json|data/research-ledgers/glossika-week18-followup-candidates.json|data/research-ledgers/glossika-week19-claim-source.json|data/slot-model.json|docs/releases/v0.5.194-speech-transfer-complement-wrapper-audit.json|docs/research/AA84-MANNER-PRIMARY-SOURCE-LEDGER-R1.tsv|docs/research/AA84-MANNER-PROFILE-RECONCILIATION-R1.md|docs/research/AB15-CLASSIFIER-NP-PRIMARY-SOURCE-LEDGER-R1.tsv|docs/research/AB30-CORPUS-CANDIDATE-REVIEW-R1.md|docs/research/AB30-ZO-R-HKCANCOR-CLAIM-CROSS-REFERENCE-R2.md|docs/research/ASPECTUAL-CLAUSE-WRAPPERS-SOURCE-MAP-CP021B-R24.md|docs/research/COGNITION-SPEECH-INTENTION-SOURCE-MAP-CP021B-R31.md|docs/research/CONDITIONAL-CLAUSE-LINKING-SOURCE-MAP-CP021B-R25.md|docs/research/CONSTRUCTION-ADJUDICATION-BATCH-05.md|docs/research/CONSTRUCTION-ADJUDICATION-BATCH-09.md|docs/research/CONSTRUCTION-ADJUDICATION-BATCH-10.md|docs/research/CONSTRUCTION-ADJUDICATION-BATCH-11.md|docs/research/CONSTRUCTION-ADJUDICATION-BATCH-13.md|docs/research/CONSTRUCTION-ADJUDICATION-BATCH-17.md|docs/research/CP021B-NATIVE-NATURALNESS-INGESTION.md|docs/research/CP022-IMPLEMENTATION-BACKLOG-CP021B-R37.tsv|docs/research/CP023-P1-PROG01-NOMINAL-COORDINATION-DESIGN-R3.md|docs/research/CP023-P1-PROG01-R1-RESEARCH-CHECKPOINT.md|docs/research/CP023-P1-PROG01-REMEDIATION-DEPENDENCIES-R2.tsv|docs/research/CP025-P1-PFV01-CODE-DOCUMENT-COMPARISON-R1.tsv|docs/research/CP025-P1-PFV01-EXAMPLE-ADJUDICATION-R1.tsv|docs/research/CP025-P1-PFV01-IMPLEMENTATION-PROBE-R1.tsv|docs/research/CP025-P1-PFV01-R1-REAUDIT-CHECKPOINT.md|docs/research/CP025-P1-PFV01-SPEAKER-A-RAW-R2.md|docs/research/CP025-P1-PFV01-SPEAKER-A-RESULT-R2.tsv|docs/research/CP026-P1-RUL01-SPEAKER-A-FORM-R1.md|docs/research/CP029-P1-PFV01-BOUNDARY-INVENTORY-R1.tsv|docs/research/CP029-P1-PFV01-PUBLIC-PANEL-R1-RESULT.md|docs/research/CP035-P1-EXPERIENTIAL-DELIMITED-WRAPPER-AUDIT-R1.md|docs/research/CP035-P1-EXPERIENTIAL-DELIMITED-WRAPPER-INVENTORY-R1.tsv|docs/research/CP038-P1-SPEECH-TRANSFER-COMPLEMENT-WRAPPER-AUDIT-R1.md|docs/research/CP039-P1-EVALUATION-SCALAR-QUESTION-WRAPPER-AUDIT-R1.md|docs/research/CP040-P1-FINAL-REACHABLE-WRAPPER-AUDIT-R1.md|docs/research/CP044-P1-POLITE-REQUEST-ADJUSTMENT-RECONCILIATION-R1.md|docs/research/CP049-P1-ANOTA-ACCEPTABILITY-RECONCILIATION-R1.md|docs/research/CP049-P1-ANOTA-ACCEPTABILITY-SOURCE-VERIFICATION-R1.tsv|docs/research/CP051-P1-COPULAR-ANOTA-RECONCILIATION-R1.md|docs/research/CP051-P1-COPULAR-ANOTA-SOURCE-VERIFICATION-R1.tsv|docs/research/CP055-P1-NEGATIVE-EXPERIENTIAL-RECONCILIATION-R1.md|docs/research/CP057-P1-NEGATED-STATIVE-PREDICATE-RECONCILIATION-R1.md|docs/research/DIRECTIVE-SUGGESTION-PRIORITY-SOURCE-MAP-CP021B-R27.md|docs/research/ENVIRONMENTAL-LOCATIVE-FRAMES-SOURCE-MAP-CP021B-R22.md|docs/research/EVALUATION-PACKET-BLUEPRINTS-CP021B-R37.json|docs/research/GLOSSIKA-YUEHK-A1-DLG-010-20260208-CORPUS-INGRESS.md|docs/research/GLOSSIKA-YUEHK-A1-W14-20260621-RESEARCH.md|docs/research/GLOSSIKA-YUEHK-A1-W15-20260628-RESEARCH.md|docs/research/GLOSSIKA-YUEHK-A1-W18-20260719-RESEARCH.md|docs/research/GLOSSIKA-YUEHK-A1-W19-20260726-RESEARCH.md|docs/research/LANE-03-FRAGMENTS-DISCOURSE-SOURCE-MAP-CP021B-R17.md|docs/research/LANE-09-DIRECTIONAL-MOTION-SOURCE-MAP-CP021B-R3.md|docs/research/NEGATION-ACCEPTABILITY-OPINION-SCHEDULING-SOURCE-MAP-CP021B-R30.md|docs/research/PARSER-CONSTRUCTION-CANONICAL-CONSOLIDATION-MATRIX-CP021B-R35.tsv|docs/research/PARSER-CONSTRUCTION-INTERNAL-DISPOSITION-MATRIX-CP021B-R34.tsv|docs/research/PARSER-CONSTRUCTION-SOURCE-COVERAGE-CP021B-R37.tsv|docs/research/PARSER-CONSTRUCTION-SOURCE-MATRIX-CP021B-R37.tsv|docs/research/PARSER-CONSTRUCTION-SOURCE-REGISTER-CP021B-R37.tsv|docs/research/PRQ2-001-YAU5-MOU5-DAK1-AVAILABILITY-COLLISION-AUDIT-R1.tsv|docs/research/PRQ2-001-YAU5-MOU5-DAK1-AVAILABILITY-RESEARCH-R1.md|docs/research/PRQ2-001-YAU5-MOU5-DAK1-AVAILABILITY-SOURCE-VERIFICATION-R1.tsv|docs/research/PRQ2-002-ZOU2ZI1-HINDSIGHT-REGRET-COLLISION-AUDIT-R1.tsv|docs/research/PRQ2-002-ZOU2ZI1-HINDSIGHT-REGRET-RESEARCH-R1.md|docs/research/PRQ2-002-ZOU2ZI1-HINDSIGHT-REGRET-SOURCE-VERIFICATION-R1.tsv|docs/research/PRQ2-003-JYUT6-SCALAR-PROGRESSION-COLLISION-AUDIT-R1.tsv|docs/research/PRQ2-003-JYUT6-SCALAR-PROGRESSION-RESEARCH-R1.md|docs/research/PRQ2-004-CAA1DI1-NEAR-MISS-COLLISION-AUDIT-R1.tsv|docs/research/PRQ2-004-CAA1DI1-NEAR-MISS-RESEARCH-R1.md|docs/research/PRQ2-004-CAA1DI1-NEAR-MISS-SOURCE-VERIFICATION-R1.tsv|docs/research/PRQ2-005-HOI1-HABITUAL-ESTABLISHED-ACTIVITY-COLLISION-AUDIT-R1.tsv|docs/research/PRQ2-005-HOI1-HABITUAL-ESTABLISHED-ACTIVITY-RESEARCH-R1.md|docs/research/PRQ2-006-LOK6HEOI3-CONTINUATIVE-ASPECT-COLLISION-AUDIT-R1.tsv|docs/research/PRQ2-006-LOK6HEOI3-CONTINUATIVE-ASPECT-RESEARCH-R1.md|docs/research/PRQ2-006-LOK6HEOI3-CONTINUATIVE-ASPECT-SOURCE-VERIFICATION-R1.tsv|docs/research/PRQ2-008-ZI2JIU3-ZAU6-SUFFICIENT-CONDITION-COLLISION-AUDIT-R1.tsv|docs/research/PRQ2-009-GEI3JIN4-PREMISE-RESPONSE-COLLISION-AUDIT-R1.tsv|docs/research/PRQ2-009-GEI3JIN4-PREMISE-RESPONSE-RESEARCH-R1.md|docs/research/PRQ2-010-CEOI4ZO2-ZI1NGOI6-EXCLUSION-ADDITION-COLLISION-AUDIT-R1.tsv|docs/research/PRQ2-012-JAT1HAI6-EXCLUSIVE-ALTERNATIVE-COLLISION-AUDIT-R1.tsv|docs/research/PRQ2-013-JYU5KEI4-BAT1JYU4-ORDERED-PREFERENCE-COLLISION-AUDIT-R1.tsv|docs/research/PRQ2-014-ZI2JAU5-SIN1ZI3-NECESSARY-CONDITION-COLLISION-AUDIT-R1.tsv|docs/research/PRQ2-015-MUI5-GO3GO3-DOU1-DISTRIBUTIVE-QUANTIFICATION-COLLISION-AUDIT-R1.tsv|docs/research/PRQ2-015-MUI5-GO3GO3-DOU1-DISTRIBUTIVE-QUANTIFICATION-RESEARCH-R1.md|docs/research/PRQ2-034-MOU4LEON6-DOU1-UNCONDITIONAL-COLLISION-AUDIT-R1.tsv|docs/research/PRQ2-034-MOU4LEON6-DOU1-UNCONDITIONAL-SOURCE-VERIFICATION-R1.tsv|docs/research/QUANTITY-SCALAR-ACTION-BOUNDARIES-SOURCE-MAP-CP021B-R29.md|docs/research/survey-derived/HKCanCor/HKCANCOR-SV-RQ-008-010-RESEARCH-NOTE-R1.md|docs/research/survey-derived/HKCanCor/HKCANCOR-SV-RQ-008-010-REVIEWED-RESULTS-R1.json|docs/research/survey-derived/SV-RQ-001-007/SV-RQ-001-007-ROUND-1.md|docs/research/UC-RQ-001-GENERAL-ZOENG1-DISPOSAL-NATURAL-ATTESTATION-R1.tsv|docs/research/UC-RQ-002-003-DOUBLE-OBJECT-HKCANCOR-CENSUS-R1.md|docs/research/UC-RQ-002-INVERTED-DOUBLE-OBJECT-RESEARCH-R1.md|docs/research/UC-RQ-004-005-COMPARISON-HKCANCOR-ATTESTATION-R1.md|docs/research/UC-RQ-004-CANTONESE-EQUATIVE-CONSTRUCTION-RESEARCH-R1.md|docs/research/UC-RQ-010-COREFERENTIAL-N-CL-N-CONSTRUCTION-RESEARCH-R1.md|docs/research/UC-RQ-010-COREFERENTIAL-N-CL-N-SOURCE-VERIFICATION-R1.tsv|docs/research/UC-RQ-012-SENTENCE-FINAL-FOCUS-PARTICLE-COLLISION-AUDIT-R1.tsv|docs/research/UC-RQ-012-SENTENCE-FINAL-FOCUS-PARTICLE-FAMILY-RESEARCH-R1.md|docs/research/UC-RQ-014-015-SEPARABLE-COMPOUND-HKCANCOR-ATTESTATION-R1.md|docs/research/UC-RQ-016-HAI6-GE3-CLEFT-FOCUS-RESEARCH-R1.md|docs/research/UC-RQ-017-LIN4-DOU1-EVEN-FOCUS-RESEARCH-R1.md|docs/research/UC-RQ-018-ALTERNATIVE-QUESTION-COLLISION-AUDIT-R1.tsv|docs/research/UC-RQ-018-ALTERNATIVE-QUESTION-RESEARCH-R1.md|docs/research/UC-RQ-018-ALTERNATIVE-QUESTION-SOURCE-VERIFICATION-R1.tsv|docs/research/UC-RQ-019-CLAUSE-FINAL-TAG-QUESTION-RESEARCH-R1.md|docs/research/UC-RQ-019-CLAUSE-FINAL-TAG-QUESTION-SOURCE-VERIFICATION-R1.tsv|docs/research/UC-RQ-022-DEI6-PERSONAL-PLURAL-DISPOSITION-R1.md|docs/research/UC-RQ-024-ZI6GEI2-REFLEXIVE-BINDING-COLLISION-AUDIT-R1.tsv|docs/research/UC-RQ-025-NULL-ARGUMENT-ZERO-ANAPHORA-RESEARCH-R1.md|docs/research/UC-RQ-026-DI1-DEGREE-COLLISION-AUDIT-R1.tsv|docs/research/UC-RQ-027-ZEOI3-SUPERLATIVE-RESEARCH-R1.md|docs/research/UC-RQ-027-ZEOI3-SUPERLATIVE-SOURCE-VERIFICATION-R1.tsv|docs/research/UC-RQ-029-ZYU6-DURATIVE-DISPOSITION-R1.md|docs/research/UC-RQ-029-ZYU6-DURATIVE-SOURCE-VERIFICATION-R1.tsv|docs/research/UC-RQ-031-MAAI4-VERBAL-PARTICLE-FAMILY-RESEARCH-R1.md|docs/research/UC-RQ-031-MAAI4-VERBAL-PARTICLE-FAMILY-SOURCE-VERIFICATION-R1.tsv|docs/research/UC-RQ-037-ZAU6SYUN3-DOU1-SCALAR-CONCESSIVE-RESEARCH-R1.md|docs/research/UC-RQ-038-CEOI4FEI1-EXCEPTION-CONDITIONAL-RESEARCH-R1.md|docs/research/UC-RQ-039-JAT1BIN1-SIMULTANEOUS-EVENT-CORRELATIVE-RESEARCH-R1.md|docs/research/UC-RQ-039-JAT1BIN1-SIMULTANEOUS-EVENT-CORRELATIVE-SOURCE-VERIFICATION-R1.tsv|docs/research/WECHAT-GX-TRAVEL-002-ADJUDICATION-REPORT.md|docs/research/WECHAT-GX-TRAVEL-002-CLAIM-SOURCE-EDGES-R1.tsv|docs/research/WECHAT-GX-TRAVEL-002-PRIORITY-GRAMMAR-RESEARCH-R1.md|docs/research/WECHAT-GX-TRAVEL-002-REGRESSION-REMEDIATION-READINESS-R2.md|docs/research/WH-IDENTITY-NAMING-ADDRESS-SOURCE-MAP-CP021B-R20.md|grammar/research_pending/DitransitiveSpeechVP.md|grammar/research_pending/DurativeVP.md|grammar/research_pending/ExistentialClause.md|grammar/research_pending/ExistentialPresentationalClause.md|grammar/research_pending/ExperientialQuestion.md|grammar/research_pending/GoalAttainmentMotionVP.md|grammar/research_pending/NegatedStativePredicate.md|grammar/research_pending/NegativeExperiential.md|grammar/research_pending/PostverbalZoPerfectiveVP.md|grammar/unsupported_generalization/AcceptabilityANotA.md|grammar/unsupported_generalization/CopularANotAQuestion.md|grammar/unsupported_generalization/DelimitedVP.md|grammar/unsupported_generalization/ExperientialClause.md|grammar/unsupported_generalization/OpinionQuestion.md|grammar/unsupported_generalization/OpinionStanceFrame.md|grammar/unsupported_generalization/PoliteImperativeClause.md|grammar/unsupported_generalization/SuggestionQuestion.md|grammar/unsupported_generalization/WhClassifierQuestion.md|test-data/a1-context-status-fixture.tsv|test-data/cp021b-lx1-construction-freeze-baseline.json|test-data/CP023-P1-PROG01-nominal-design-cases-r3.tsv|test-data/CP023-P1-PROG01-visible-research-packet.tsv|test-data/native-naturalness-conflict-dispositions.tsv|test-data/native-speaker-naturalness-evidence-v1.json|test-data/native-speaker-naturalness-evidence-v1.tsv|test-data/natural-corpus-wechat-father-daughter-001-turns.json|test-data/natural-corpus-wechat-father-daughter-001-turns.tsv|test-data/natural-corpus-wechat-father-daughter-001-units.json|test-data/natural-corpus-wechat-father-daughter-001-units.tsv|test-data/natural-corpus-wechat-guangxi-travel-002-raw.txt|test-data/natural-corpus-wechat-guangxi-travel-002-turns.json|test-data/natural-corpus-wechat-guangxi-travel-002-turns.tsv|test-data/natural-corpus-wechat-guangxi-travel-002-units.json|test-data/natural-corpus-wechat-guangxi-travel-002-units.tsv|test-data/pre-intermediate-gold-corpus.tsv|test-data/review-only-readiness.tsv|test-data/w17-corpus-semantic-disposition.tsv|test-data/w17-functional-corpus.tsv|test-data/w17-glossika-corpus.tsv|test-data/w17-grammar-phrases.tsv|test-data/w17-naturalized-alternatives.tsv|test-data/WECHAT-GX-TRAVEL-002-ADJUDICATION-MATRIX.json|test-data/WECHAT-GX-TRAVEL-002-ADJUDICATION-MATRIX.tsv|test-data/WECHAT-GX-TRAVEL-002-CONTROLLED-CONTRASTS-R1.tsv|test-data/WECHAT-GX-TRAVEL-002-LEXICON-PATCH-BLUEPRINT-R2.json|test-data/WECHAT-GX-TRAVEL-002-LEXICON-PATCH-BLUEPRINT-R2.tsv|test-data/WECHAT-GX-TRAVEL-002-LEXICON-PATCH-TEST-MATRIX-R2.tsv|test-data/WECHAT-GX-TRAVEL-002-QUEUE-D-context_disfluency_research.tsv|test-data/WECHAT-GX-TRAVEL-002-QUEUE-G-grammar_research_external_evidence.tsv|test-data/WECHAT-GX-TRAVEL-002-QUEUE-L-lexicon_jyutping_enrichment.tsv|test-data/WECHAT-GX-TRAVEL-002-QUEUE-R-accepted_behavior_regression.tsv|test-data/WECHAT-GX-TRAVEL-002-REGRESSION-REMEDIATION-READINESS-R2.json|test-data/WECHAT-GX-TRAVEL-002-REGRESSION-REMEDIATION-READINESS-R2.tsv|tests/constructions/AcceptabilityANotA.json|tests/constructions/ANotAQuestion.json|tests/constructions/ClauseRelationEdge.json|tests/constructions/ClauseRelationGraph.json|tests/constructions/ClauseRelationMemberSpan.json|tests/constructions/ClauseSpan.json|tests/constructions/CognitionContentFrame.json|tests/constructions/CognitionStatementClause.json|tests/constructions/CompletionQuestion.json|tests/constructions/CompletionVP.json|tests/constructions/CopularANotAQuestion.json|tests/constructions/DegreeMannerAdverbial.json|tests/constructions/DiMarkedNP.json|tests/constructions/DirectionalMotionVP.json|tests/constructions/DiscourseParticleFrame.json|tests/constructions/DitransitiveSpeechVP.json|tests/constructions/ExistentialQuestion.json|tests/constructions/ExistentialWhQuestion.json|tests/constructions/ExperientialQuestion.json|tests/constructions/ExperientialYesNoQuestion.json|tests/constructions/FormulaDiscourseUnit.json|tests/constructions/FragmentAnswer.json|tests/constructions/FragmentQuestion.json|tests/constructions/IntransitiveVP.json|tests/constructions/LexicalGiveRelation.json|tests/constructions/LocativePlacePhrase.json|tests/constructions/LocativePostureVP.json|tests/constructions/LocativeWhQuestion.json|tests/constructions/ModalANotAQuestion.json|tests/constructions/ModalVP.json|tests/constructions/ModifiedNP.json|tests/constructions/MotionGoalVP.json|tests/constructions/NeedsContext.json|tests/constructions/NegatedStativePredicate.json|tests/constructions/NegativeExperiential.json|tests/constructions/NominalHeadSpan.json|tests/constructions/OpinionQuestion.json|tests/constructions/OpinionStanceFrame.json|tests/constructions/PerfectiveVP.json|tests/constructions/PolarQuestionFrame.json|tests/constructions/PoliteImperativeClause.json|tests/constructions/PostverbalZoPerfectiveVP.json|tests/constructions/PriorityMarkerClause.json|tests/constructions/ProductiveVO.json|tests/constructions/ProgressiveVP.json|tests/constructions/ProgressiveWhObjectQuestion.json|tests/constructions/RelativeClauseNP.json|tests/constructions/StativePredicate.json|tests/constructions/SuggestionQuestion.json|tests/constructions/TransitiveVP.json|tests/constructions/VerbComplementVP.json|tests/constructions/WhClassifierQuestion.json|tests/fixtures/boundary-closure-v1.json|tests/fixtures/np-subsystem.json|tests/fixtures/regression-snapshots.json|tests/run-regression.js|tests/tooling/corpus-review/test_aa30_hkcancor_profile.py|tests/tooling/corpus-review/test_aa58_hkcancor_profile.py|tests/tooling/corpus-review/test_aa76_hkcancor_profile.py|tests/tooling/corpus-review/test_aa82_hkcancor_profile.py|tests/tooling/corpus-review/test_aa89_hkcancor_profile.py|tests/tooling/runtime/generated-bundle.test.js		REQUIRES_EXPERT_CONTEXT_REVIEW
GLOSSIKA-YUEHK-A1-DLG-012-20260222-I056	56	lexical_entry			16	鍾意	zung1 ji3	to like; to love	sha256:3a6d063b480a448b0edae810d5dbf4eeee954b9e4ae94d0e281522ad2edf6d29	true			exact_duplicate_candidate	lexical_only_attestation	src/runtime-resources/lexicon/token-lexicon/verbs.js	src/parser/detectors/modality/intention-preference.js|src/parser/detectors/transfer/passive-permissive.js|src/parser/features/token-features.js|src/parser/orchestration/wrap-core.js|src/plugin-entry.js|src/runtime-resources/lexicon/compositional-lexical-phrases.js|src/runtime-resources/lexicon/token-lexicon/referents-and-boundaries.js|src/runtime-resources/lexicon/token-lexicon/verbs.js	data/construction-adjudication-batches/batch-05.json|data/construction-adjudication-batches/batch-07.json|data/construction-adjudication-batches/batch-08.json|data/construction-identities.json|data/pedagogical-corpus/glossika/GLOSSIKA-YUEHK-A1-DLG-003-20251214/crosswalk.json|data/pedagogical-corpus/glossika/GLOSSIKA-YUEHK-A1-DLG-003-20251214/items.tsv|data/pedagogical-corpus/glossika/GLOSSIKA-YUEHK-A1-DLG-003-20251214/review.json|data/pedagogical-corpus/glossika/GLOSSIKA-YUEHK-A1-DLG-003-20251214/source.json|data/pedagogical-corpus/glossika/GLOSSIKA-YUEHK-A1-DLG-005-20251228/crosswalk.json|data/pedagogical-corpus/glossika/GLOSSIKA-YUEHK-A1-DLG-005-20251228/items.tsv|data/pedagogical-corpus/glossika/GLOSSIKA-YUEHK-A1-DLG-005-20251228/review.json|data/pedagogical-corpus/glossika/GLOSSIKA-YUEHK-A1-DLG-005-20251228/source.json|data/pedagogical-corpus/glossika/GLOSSIKA-YUEHK-A1-DLG-006-20260104/crosswalk.json|data/pedagogical-corpus/glossika/GLOSSIKA-YUEHK-A1-DLG-006-20260104/items.tsv|data/pedagogical-corpus/glossika/GLOSSIKA-YUEHK-A1-DLG-006-20260104/review.json|data/pedagogical-corpus/glossika/GLOSSIKA-YUEHK-A1-DLG-006-20260104/source.json|data/pedagogical-corpus/glossika/GLOSSIKA-YUEHK-A1-DLG-007-20260111/crosswalk.json|data/pedagogical-corpus/glossika/GLOSSIKA-YUEHK-A1-DLG-007-20260111/items.tsv|data/pedagogical-corpus/glossika/GLOSSIKA-YUEHK-A1-DLG-007-20260111/review.json|data/pedagogical-corpus/glossika/GLOSSIKA-YUEHK-A1-DLG-007-20260111/source.json|data/pedagogical-corpus/glossika/GLOSSIKA-YUEHK-A1-DLG-010-20260208/crosswalk.json|data/pedagogical-corpus/glossika/GLOSSIKA-YUEHK-A1-DLG-010-20260208/items.tsv|data/pedagogical-corpus/glossika/GLOSSIKA-YUEHK-A1-DLG-010-20260208/review.json|data/pedagogical-corpus/glossika/GLOSSIKA-YUEHK-A1-DLG-010-20260208/source.json|data/pedagogical-corpus/glossika/GLOSSIKA-YUEHK-A1-W16-20260705/items.tsv|data/pedagogical-corpus/glossika/GLOSSIKA-YUEHK-A1-W16-20260705/review.json|data/pedagogical-corpus/glossika/GLOSSIKA-YUEHK-A1-W16-20260705/source.json|data/pedagogical-corpus/glossika/GLOSSIKA-YUEHK-A1-W17-20260712/crosswalk.json|data/pedagogical-corpus/glossika/GLOSSIKA-YUEHK-A1-W17-20260712/items.tsv|data/pedagogical-corpus/glossika/GLOSSIKA-YUEHK-A1-W17-20260712/review.json|data/pedagogical-corpus/glossika/GLOSSIKA-YUEHK-A1-W17-20260712/source.json|docs/research/COMPLEMENT-OMISSION-AND-VALENCY-SOURCE-MAP-CP021B-R26.md|docs/research/CONSTRUCTION-ADJUDICATION-BATCH-05.md|docs/research/CONSTRUCTION-ADJUDICATION-BATCH-08.md|docs/research/CP022-IMPLEMENTATION-BACKLOG-CP021B-R37.tsv|docs/research/CP051-P1-COPULAR-ANOTA-RECONCILIATION-R1.md|docs/research/MODAL-DESIDERATIVE-PREFERENCE-SOURCE-MAP-CP021B-R14.md|docs/research/PARSER-CONSTRUCTION-CANONICAL-CONSOLIDATION-MATRIX-CP021B-R35.tsv|docs/research/PARSER-CONSTRUCTION-INTERNAL-PROVENANCE-REGISTER-CP021B-R37.tsv|docs/research/PARSER-CONSTRUCTION-INTERNAL-PROVENANCE-REGISTER-CP022-I1A-I04-R1.tsv|docs/research/PARSER-CONSTRUCTION-SOURCE-COVERAGE-CP021B-R37.tsv|docs/research/PARSER-CONSTRUCTION-SOURCE-MATRIX-CP021B-R37.tsv|docs/research/PARSER-CONSTRUCTION-SOURCE-REGISTER-CP021B-R37.tsv|docs/research/PRQ2-015-MUI5-GO3GO3-DOU1-DISTRIBUTIVE-QUANTIFICATION-COLLISION-AUDIT-R1.tsv|docs/research/PRQ2-015-MUI5-GO3GO3-DOU1-DISTRIBUTIVE-QUANTIFICATION-RESEARCH-R1.md|docs/research/PRQ2-035-NING4JYUN6-DOU1-COMMITTED-PREFERENCE-COLLISION-AUDIT-R1.tsv|docs/research/UC-RQ-004-CANTONESE-EQUATIVE-CONSTRUCTION-RESEARCH-R1.md|docs/research/UC-RQ-025-NULL-ARGUMENT-ZERO-ANAPHORA-COLLISION-AUDIT-R1.tsv|docs/research/UC-RQ-025-NULL-ARGUMENT-ZERO-ANAPHORA-RESEARCH-R1.md|docs/research/UC-RQ-027-ZEOI3-SUPERLATIVE-RESEARCH-R1.md|docs/research/UC-RQ-027-ZEOI3-SUPERLATIVE-SOURCE-VERIFICATION-R1.tsv|grammar/research_pending/ComplementEllipsisFragment.md|grammar/research_pending/FragmentAnswer.md|grammar/research_pending/PreferenceVP.md|grammar/unsupported_generalization/CopularANotAQuestion.md|test-data/a1-context-status-fixture.tsv|test-data/cp021b-lx1-construction-freeze-baseline.json|test-data/review-only-readiness.tsv|test-data/w17-corpus-semantic-disposition.tsv|test-data/w17-functional-corpus.tsv|test-data/w17-glossika-corpus.tsv|test-data/w17-lexicon-role-review.tsv|test-data/w17-lexicon.tsv|tests/constructions/ClauseRelationGraph.json|tests/constructions/CopularANotAQuestion.json|tests/constructions/NeedsContext.json|tests/constructions/PreferenceVP.json|tests/fixtures/regression-snapshots.json|tests/tooling/corpus-review/test_aa07_hkcancor_profile.py	preference_review	REQUIRES_EXPERT_CONTEXT_REVIEW
GLOSSIKA-YUEHK-A1-DLG-012-20260222-I057	57	lexical_entry			17	唔鍾意	m4 zung1 ji3	don't like; dislike	sha256:5e436a68e4664e97e6a75e1dca9af2ba81e1244dc47bed0e4893da05ceb7c97c	true			exact_duplicate_candidate	lexical_only_attestation	src/runtime-resources/lexicon/token-lexicon/referents-and-boundaries.js	src/runtime-resources/lexicon/compositional-lexical-phrases.js|src/runtime-resources/lexicon/token-lexicon/referents-and-boundaries.js	data/pedagogical-corpus/glossika/GLOSSIKA-YUEHK-A1-W17-20260712/crosswalk.json|data/pedagogical-corpus/glossika/GLOSSIKA-YUEHK-A1-W17-20260712/items.tsv|data/pedagogical-corpus/glossika/GLOSSIKA-YUEHK-A1-W17-20260712/review.json|data/pedagogical-corpus/glossika/GLOSSIKA-YUEHK-A1-W17-20260712/source.json|docs/research/PARSER-CONSTRUCTION-SOURCE-MATRIX-CP021B-R37.tsv|docs/research/PRQ2-015-MUI5-GO3GO3-DOU1-DISTRIBUTIVE-QUANTIFICATION-RESEARCH-R1.md|docs/research/PRQ2-035-NING4JYUN6-DOU1-COMMITTED-PREFERENCE-COLLISION-AUDIT-R1.tsv|docs/research/UC-RQ-025-NULL-ARGUMENT-ZERO-ANAPHORA-RESEARCH-R1.md|test-data/a1-context-status-fixture.tsv|test-data/review-only-readiness.tsv|test-data/w17-lexicon-role-review.tsv|test-data/w17-lexicon.tsv|tests/constructions/ClauseRelationGraph.json|tests/constructions/PreferenceVP.json	negative_preference_review	REQUIRES_EXPERT_CONTEXT_REVIEW
GLOSSIKA-YUEHK-A1-DLG-012-20260222-I058	58	lexical_entry			18	驚	geng1	to be afraid; to fear	sha256:60b2a4e62b2905726e9662c5d7c5878f4bd65b519a57080f9b48120fc8daf636	false			exact_duplicate_candidate	lexical_only_attestation	src/runtime-resources/lexicon/token-lexicon/referents-and-boundaries.js	src/parser/detectors/np/core.js|src/runtime-resources/grammar/templates/construction-templates.js|src/runtime-resources/lexicon/token-lexicon/referents-and-boundaries.js|src/runtime-resources/lexicon/token-lexicon/verbs.js	data/pedagogical-corpus/glossika/GLOSSIKA-YUEHK-A1-DLG-006-20260104/crosswalk.json|data/pedagogical-corpus/glossika/GLOSSIKA-YUEHK-A1-DLG-006-20260104/items.tsv|data/pedagogical-corpus/glossika/GLOSSIKA-YUEHK-A1-DLG-006-20260104/review.json|data/pedagogical-corpus/glossika/GLOSSIKA-YUEHK-A1-DLG-006-20260104/source.json|data/pedagogical-corpus/glossika/GLOSSIKA-YUEHK-A1-DLG-009-20260201/crosswalk.json|data/pedagogical-corpus/glossika/GLOSSIKA-YUEHK-A1-DLG-009-20260201/items.tsv|data/pedagogical-corpus/glossika/GLOSSIKA-YUEHK-A1-DLG-009-20260201/review.json|data/pedagogical-corpus/glossika/GLOSSIKA-YUEHK-A1-DLG-009-20260201/source.json|data/pedagogical-corpus/glossika/GLOSSIKA-YUEHK-A1-DLG-011-20260215/crosswalk.json|data/pedagogical-corpus/glossika/GLOSSIKA-YUEHK-A1-DLG-011-20260215/items.tsv|data/pedagogical-corpus/glossika/GLOSSIKA-YUEHK-A1-DLG-011-20260215/review.json|data/pedagogical-corpus/glossika/GLOSSIKA-YUEHK-A1-DLG-011-20260215/source.json|data/pedagogical-corpus/glossika/GLOSSIKA-YUEHK-A1-W17-20260712/crosswalk.json|data/pedagogical-corpus/glossika/GLOSSIKA-YUEHK-A1-W17-20260712/items.tsv|data/pedagogical-corpus/glossika/GLOSSIKA-YUEHK-A1-W17-20260712/README.md|data/pedagogical-corpus/glossika/GLOSSIKA-YUEHK-A1-W17-20260712/review.json|data/pedagogical-corpus/glossika/GLOSSIKA-YUEHK-A1-W17-20260712/source.json|docs/research/GLOSSIKA-YUEHK-A1-W17-20260712-CORPUS-RECONCILIATION.md|docs/research/LANE-06-CLASSIFIER-NP-SOURCE-MAP-CP021B-R5.md|docs/research/PRQ2-007-HEI2SOENG5LAI4-INCHOATIVE-ASPECT-COLLISION-AUDIT-R1.tsv|docs/research/PRQ2-007-HEI2SOENG5LAI4-INCHOATIVE-ASPECT-RESEARCH-R1.md|docs/research/PRQ2-007-HEI2SOENG5LAI4-INCHOATIVE-ASPECT-SOURCE-VERIFICATION-R1.tsv|docs/research/PRQ2-008-ZI2JIU3-ZAU6-SUFFICIENT-CONDITION-RESEARCH-R1.md|test-data/review-only-readiness.tsv|test-data/w17-lexicon-role-review.tsv|test-data/w17-lexicon.tsv	fear_lexeme_review|vocabulary_surface_absent_from_dialog	REQUIRES_EXPERT_CONTEXT_REVIEW
GLOSSIKA-YUEHK-A1-DLG-012-20260222-I059	59	lexical_entry			19	水	seoi2	water	sha256:0c39f03df94161f61a466430f4d9fc772fdbc7985f1de95ee8e1f967a80a1116	true			exact_duplicate_candidate	lexical_only_attestation	src/runtime-resources/lexicon/token-lexicon/things.js	src/parser/features/token-features.js|src/parser/tokenization/contextual-overrides.js|src/plugin-entry.js|src/runtime-resources/lexicon/productive-vo.js|src/runtime-resources/lexicon/token-lexicon/referents-and-boundaries.js|src/runtime-resources/lexicon/token-lexicon/things.js|src/runtime-resources/lexicon/token-lexicon/verbs.js|src/runtime-resources/presentation/learner-glosses.js	data/construction-adjudication-batches/batch-04.json|data/construction-adjudication-batches/batch-06.json|data/construction-adjudication-batches/batch-11.json|data/construction-adjudication-batches/batch-13.json|data/construction-identities.json|data/pedagogical-corpus/glossika/GLOSSIKA-YUEHK-A1-DLG-003-20251214/crosswalk.json|data/pedagogical-corpus/glossika/GLOSSIKA-YUEHK-A1-DLG-003-20251214/items.tsv|data/pedagogical-corpus/glossika/GLOSSIKA-YUEHK-A1-DLG-003-20251214/review.json|data/pedagogical-corpus/glossika/GLOSSIKA-YUEHK-A1-DLG-003-20251214/source.json|data/pedagogical-corpus/glossika/GLOSSIKA-YUEHK-A1-DLG-008-20260125/crosswalk.json|data/pedagogical-corpus/glossika/GLOSSIKA-YUEHK-A1-DLG-008-20260125/items.tsv|data/pedagogical-corpus/glossika/GLOSSIKA-YUEHK-A1-DLG-008-20260125/review.json|data/pedagogical-corpus/glossika/GLOSSIKA-YUEHK-A1-DLG-008-20260125/source.json|data/pedagogical-corpus/glossika/GLOSSIKA-YUEHK-A1-DLG-009-20260201/crosswalk.json|data/pedagogical-corpus/glossika/GLOSSIKA-YUEHK-A1-DLG-009-20260201/items.tsv|data/pedagogical-corpus/glossika/GLOSSIKA-YUEHK-A1-DLG-009-20260201/review.json|data/pedagogical-corpus/glossika/GLOSSIKA-YUEHK-A1-DLG-009-20260201/source.json|data/pedagogical-corpus/glossika/GLOSSIKA-YUEHK-A1-W15-20260628/items.tsv|data/pedagogical-corpus/glossika/GLOSSIKA-YUEHK-A1-W15-20260628/review.json|data/pedagogical-corpus/glossika/GLOSSIKA-YUEHK-A1-W15-20260628/source.json|data/pedagogical-corpus/glossika/GLOSSIKA-YUEHK-A1-W16-20260705/items.tsv|data/pedagogical-corpus/glossika/GLOSSIKA-YUEHK-A1-W16-20260705/review.json|data/pedagogical-corpus/glossika/GLOSSIKA-YUEHK-A1-W16-20260705/source.json|data/research-ledgers/glossika-week15-lexical-ingress.json|docs/research/CONDITIONAL-CLAUSE-LINKING-SOURCE-MAP-CP021B-R25.md|docs/research/CONSTRUCTION-ADJUDICATION-BATCH-04.md|docs/research/CONSTRUCTION-ADJUDICATION-BATCH-06.md|docs/research/CONSTRUCTION-ADJUDICATION-BATCH-11.md|docs/research/COVERB-MANNER-EVENT-MODIFICATION-SOURCE-MAP-CP021B-R23.md|docs/research/CP024-P0-L45-CODE-REFERENCE-INVENTORY-R1.tsv|docs/research/CP024-P0-L45-PRODUCTIVE-VO-SEED-INVENTORY-R1.tsv|docs/research/CP026-P1-RUL01-PUBLIC-PANEL-R1-RESULT.md|docs/research/CP026-P1-RUL01-SPEAKER-A-FORM-R1.md|docs/research/CP029-P1-PFV01-BOUNDARY-INVENTORY-R1.tsv|docs/research/EVALUATION-PACKET-BLUEPRINTS-CP021B-R37.json|docs/research/GLOSSIKA-YUEHK-A1-W15-20260628-RESEARCH.md|docs/research/PARSER-CONSTRUCTION-CANONICAL-CONSOLIDATION-MATRIX-CP021B-R35.tsv|docs/research/PARSER-CONSTRUCTION-SOURCE-MATRIX-CP021B-R37.tsv|docs/research/v0.5.181-RENDER-CORRECTION-CUP-AND-LAI.md|docs/research/WECHAT-GX-TRAVEL-002-ADJUDICATION-REPORT.md|docs/research/WECHAT-GX-TRAVEL-002-PRIORITY-GRAMMAR-RESEARCH-R1.md|grammar/research_pending/Topic.md|grammar/unsupported_generalization/ConditionalClause.md|test-data/cp021b-lx1-construction-freeze-baseline.json|test-data/native-naturalness-conflict-dispositions.tsv|test-data/native-speaker-naturalness-evidence-v1.json|test-data/native-speaker-naturalness-evidence-v1.tsv|test-data/natural-corpus-wechat-guangxi-travel-002-raw.txt|test-data/natural-corpus-wechat-guangxi-travel-002-turns.json|test-data/natural-corpus-wechat-guangxi-travel-002-turns.tsv|test-data/natural-corpus-wechat-guangxi-travel-002-units.json|test-data/natural-corpus-wechat-guangxi-travel-002-units.tsv|test-data/pre-intermediate-gold-corpus.tsv|test-data/WECHAT-GX-TRAVEL-002-ADJUDICATION-MATRIX.json|test-data/WECHAT-GX-TRAVEL-002-ADJUDICATION-MATRIX.tsv|test-data/WECHAT-GX-TRAVEL-002-CONTROLLED-CONTRASTS-R1.tsv|test-data/WECHAT-GX-TRAVEL-002-LEXICON-PATCH-BLUEPRINT-R2.json|test-data/WECHAT-GX-TRAVEL-002-LEXICON-PATCH-BLUEPRINT-R2.tsv|test-data/WECHAT-GX-TRAVEL-002-LEXICON-PATCH-TEST-MATRIX-R2.tsv|test-data/WECHAT-GX-TRAVEL-002-QUEUE-D-context_disfluency_research.tsv|test-data/WECHAT-GX-TRAVEL-002-QUEUE-G-grammar_research_external_evidence.tsv|test-data/WECHAT-GX-TRAVEL-002-QUEUE-L-lexicon_jyutping_enrichment.tsv|tests/constructions/ClauseSpan.json|tests/constructions/CoordinatedNP.json|tests/constructions/IntendedFunctionRelation.json|tests/constructions/LexicalGiveRelation.json|tests/constructions/ModalVP.json|tests/constructions/PostverbalZoPerfectiveVP.json|tests/constructions/ProductiveVO.json|tests/constructions/QuantifiedClassifierNP.json|tests/constructions/ResourceUseLaiFunctionRelation.json|tests/constructions/Topic.json|tests/fixtures/np-subsystem.json|tests/fixtures/regression-snapshots.json|tests/run-regression.js|tests/tooling/corpus-review/test_aa76_hkcancor_profile.py|tests/tooling/corpus-review/test_ab53_hkcancor_profile.py|tests/tooling/lexicon/glossika-week16-runtime-lexicon.test.js		REQUIRES_EXPERT_CONTEXT_REVIEW
GLOSSIKA-YUEHK-A1-DLG-012-20260222-I060	60	lexical_entry			20	怕	paa3	to fear; to be afraid of	sha256:c9e340d3df3ead367d7d16d15c9ae35e310636b667a49e1fabd20a373c8b3800	false			exact_duplicate_candidate	lexical_only_attestation	src/runtime-resources/lexicon/token-lexicon/study-suite.js	src/runtime-resources/lexicon/token-lexicon/referents-and-boundaries.js|src/runtime-resources/lexicon/token-lexicon/study-suite.js	data/natural-corpus/wechat-father-daughter-001.txt|data/pedagogical-corpus/glossika/GLOSSIKA-YUEHK-A1-W17-20260712/crosswalk.json|data/pedagogical-corpus/glossika/GLOSSIKA-YUEHK-A1-W17-20260712/items.tsv|data/pedagogical-corpus/glossika/GLOSSIKA-YUEHK-A1-W17-20260712/review.json|data/pedagogical-corpus/glossika/GLOSSIKA-YUEHK-A1-W17-20260712/source.json|docs/research/CP024-P0-L45-VERB-VALENCY-INVENTORY-R1.tsv|docs/research/PARSER-CONSTRUCTION-SOURCE-MATRIX-CP021B-R37.tsv|test-data/natural-corpus-wechat-father-daughter-001-turns.json|test-data/natural-corpus-wechat-father-daughter-001-turns.tsv|test-data/natural-corpus-wechat-father-daughter-001-units.json|test-data/natural-corpus-wechat-father-daughter-001-units.tsv|test-data/review-only-readiness.tsv|test-data/w17-lexicon-role-review.tsv|test-data/w17-lexicon.tsv	fear_lexeme_review|vocabulary_surface_absent_from_dialog	REQUIRES_EXPERT_CONTEXT_REVIEW
GLOSSIKA-YUEHK-A1-DLG-012-20260222-I061	61	lexical_entry			21	但係	daan6 hai6	but; however	sha256:612e775ca28c578e3bf2d0fa80aaf1e344217f51aaa5962bdfeebaea2a138130	false			exact_duplicate_candidate	lexical_only_attestation	src/runtime-resources/lexicon/token-lexicon/function-words-and-particles.js	src/parser/clause-relations/graph.js|src/parser/clause-relations/markers.js|src/runtime-resources/lexicon/token-lexicon/function-words-and-particles.js	data/pedagogical-corpus/glossika/GLOSSIKA-YUEHK-A1-DLG-004-20251221/crosswalk.json|data/pedagogical-corpus/glossika/GLOSSIKA-YUEHK-A1-DLG-004-20251221/items.tsv|data/pedagogical-corpus/glossika/GLOSSIKA-YUEHK-A1-DLG-004-20251221/review.json|data/pedagogical-corpus/glossika/GLOSSIKA-YUEHK-A1-DLG-004-20251221/source.json|data/pedagogical-corpus/glossika/GLOSSIKA-YUEHK-A1-DLG-006-20260104/crosswalk.json|data/pedagogical-corpus/glossika/GLOSSIKA-YUEHK-A1-DLG-006-20260104/items.tsv|data/pedagogical-corpus/glossika/GLOSSIKA-YUEHK-A1-DLG-006-20260104/review.json|data/pedagogical-corpus/glossika/GLOSSIKA-YUEHK-A1-DLG-006-20260104/source.json|data/pedagogical-corpus/glossika/GLOSSIKA-YUEHK-A1-DLG-010-20260208/crosswalk.json|data/pedagogical-corpus/glossika/GLOSSIKA-YUEHK-A1-DLG-010-20260208/items.tsv|data/pedagogical-corpus/glossika/GLOSSIKA-YUEHK-A1-DLG-010-20260208/review.json|data/pedagogical-corpus/glossika/GLOSSIKA-YUEHK-A1-DLG-010-20260208/source.json|docs/research/EVALUATION-PACKET-BLUEPRINTS-CP021B-R37.json|docs/research/PARSER-CONSTRUCTION-CANONICAL-CONSOLIDATION-MATRIX-CP021B-R35.tsv|docs/research/PARSER-CONSTRUCTION-INTERNAL-DISPOSITION-MATRIX-CP021B-R34.tsv|docs/research/UC-RQ-001-GENERAL-ZOENG1-DISPOSAL-NATURAL-ATTESTATION-R1.tsv|docs/research/UC-RQ-036-SEOI1JIN4-DAAN6HAI6-CONCESSIVE-COLLISION-AUDIT-R1.tsv|docs/research/UC-RQ-036-SEOI1JIN4-DAAN6HAI6-CONCESSIVE-RESEARCH-R1.md|docs/research/UC-RQ-036-SEOI1JIN4-DAAN6HAI6-CONCESSIVE-SOURCE-VERIFICATION-R1.tsv|docs/research/UC-RQ-037-ZAU6SYUN3-DOU1-SCALAR-CONCESSIVE-COLLISION-AUDIT-R1.tsv|docs/research/UC-RQ-037-ZAU6SYUN3-DOU1-SCALAR-CONCESSIVE-RESEARCH-R1.md|test-data/cp021b-lx1-construction-freeze-baseline.json|test-data/native-speaker-naturalness-evidence-v1.json|test-data/native-speaker-naturalness-evidence-v1.tsv|test-data/pre-intermediate-gold-corpus.tsv|tests/constructions/ClauseRelationEdge.json|tests/constructions/ClauseRelationGraph.json|tests/constructions/ClauseRelationMemberSpan.json|tests/constructions/ClauseSpan.json|tests/constructions/DegreeStativePredicate.json|tests/constructions/DiMarkedNP.json|tests/constructions/DirectionalMotionVP.json|tests/constructions/NeedsContext.json|tests/constructions/NegatedDirectionalMotionVP.json|tests/constructions/ProgressiveVP.json|tests/fixtures/regression-snapshots.json	contrast_review|vocabulary_surface_absent_from_dialog	REQUIRES_EXPERT_CONTEXT_REVIEW
GLOSSIKA-YUEHK-A1-DLG-012-20260222-I062	62	lexical_entry			22	而家	ji4 gaa1	now; currently	sha256:6f2a7416bde86c77c89b4dac15a10d83d91ca8ed8d55c084094c4933395b0790	false			exact_duplicate_candidate	lexical_only_attestation	src/runtime-resources/lexicon/token-lexicon/places-and-times.js	src/runtime-resources/lexicon/token-lexicon/places-and-times.js|src/runtime-resources/pronunciation/jyutping-review-expectations.js	data/construction-identities.json|data/pedagogical-corpus/glossika/GLOSSIKA-YUEHK-A1-DLG-004-20251221/crosswalk.json|data/pedagogical-corpus/glossika/GLOSSIKA-YUEHK-A1-DLG-004-20251221/items.tsv|data/pedagogical-corpus/glossika/GLOSSIKA-YUEHK-A1-DLG-004-20251221/review.json|data/pedagogical-corpus/glossika/GLOSSIKA-YUEHK-A1-DLG-004-20251221/source.json|data/pedagogical-corpus/glossika/GLOSSIKA-YUEHK-A1-DLG-006-20260104/crosswalk.json|data/pedagogical-corpus/glossika/GLOSSIKA-YUEHK-A1-DLG-006-20260104/items.tsv|data/pedagogical-corpus/glossika/GLOSSIKA-YUEHK-A1-DLG-006-20260104/review.json|data/pedagogical-corpus/glossika/GLOSSIKA-YUEHK-A1-DLG-006-20260104/source.json|data/pedagogical-corpus/glossika/GLOSSIKA-YUEHK-A1-DLG-009-20260201/crosswalk.json|data/pedagogical-corpus/glossika/GLOSSIKA-YUEHK-A1-DLG-009-20260201/items.tsv|data/pedagogical-corpus/glossika/GLOSSIKA-YUEHK-A1-DLG-009-20260201/review.json|data/pedagogical-corpus/glossika/GLOSSIKA-YUEHK-A1-DLG-009-20260201/source.json|data/pedagogical-corpus/glossika/GLOSSIKA-YUEHK-A1-DLG-010-20260208/crosswalk.json|data/pedagogical-corpus/glossika/GLOSSIKA-YUEHK-A1-DLG-010-20260208/items.tsv|data/pedagogical-corpus/glossika/GLOSSIKA-YUEHK-A1-DLG-010-20260208/review.json|data/pedagogical-corpus/glossika/GLOSSIKA-YUEHK-A1-DLG-010-20260208/source.json|data/pedagogical-corpus/glossika/GLOSSIKA-YUEHK-A1-DLG-011-20260215/crosswalk.json|data/pedagogical-corpus/glossika/GLOSSIKA-YUEHK-A1-DLG-011-20260215/items.tsv|data/pedagogical-corpus/glossika/GLOSSIKA-YUEHK-A1-DLG-011-20260215/review.json|data/pedagogical-corpus/glossika/GLOSSIKA-YUEHK-A1-DLG-011-20260215/source.json|data/research-ledgers/glossika-week19-function-word-profiles.json|docs/research/AB30-ZO-M-HKCANCOR-CLAIM-CROSS-REFERENCE-R1.md|docs/research/CP023-P1-PROG01-CLAIM-SOURCE-EDGES.tsv|docs/research/CP023-P1-PROG01-NATURAL-ATTESTATION-ADJUDICATION.md|docs/research/CP023-P1-PROG01-NOMINAL-DI-ASSOCIATIVE-SCOPE-DESIGN-R3.md|docs/research/CP023-P1-PROG01-QUESTION-AND-SOURCE-FREEZE.md|docs/research/CP023-P1-PROG01-REMEDIATION-BLUEPRINT-R2.md|docs/research/CP023-P1-PROG01-REMEDIATION-DEPENDENCIES-R2.tsv|docs/research/CP023-P1-PROG01-SOURCE-REGISTER-R3.tsv|docs/research/CP049-P1-ANOTA-ACCEPTABILITY-RECONCILIATION-R1.md|docs/research/CP049-P1-ANOTA-ACCEPTABILITY-SOURCE-VERIFICATION-R1.tsv|docs/research/LANE-05-PROGRESSIVE-DURATIVE-EXPERIENTIAL-SOURCE-MAP-CP021B-R13.md|docs/research/PARSER-CONSTRUCTION-SOURCE-MATRIX-CP021B-R37.tsv|docs/research/PARSER-CONSTRUCTION-SOURCE-REGISTER-CP021B-R37.tsv|grammar/unsupported_generalization/AcceptabilityANotA.md|test-data/CP023-P1-PROG01-visible-research-packet.tsv|test-data/native-speaker-naturalness-evidence-v1.json|test-data/native-speaker-naturalness-evidence-v1.tsv|test-data/natural-corpus-wechat-guangxi-travel-002-raw.txt|test-data/natural-corpus-wechat-guangxi-travel-002-turns.json|test-data/natural-corpus-wechat-guangxi-travel-002-turns.tsv|test-data/natural-corpus-wechat-guangxi-travel-002-units.json|test-data/natural-corpus-wechat-guangxi-travel-002-units.tsv|test-data/pre-intermediate-gold-corpus.tsv|test-data/WECHAT-GX-TRAVEL-002-ADJUDICATION-MATRIX.json|test-data/WECHAT-GX-TRAVEL-002-ADJUDICATION-MATRIX.tsv|test-data/WECHAT-GX-TRAVEL-002-QUEUE-D-context_disfluency_research.tsv|test-data/WECHAT-GX-TRAVEL-002-QUEUE-G-grammar_research_external_evidence.tsv|tests/constructions/AcceptabilityANotA.json	current_time_review|vocabulary_surface_absent_from_dialog	REQUIRES_EXPERT_CONTEXT_REVIEW
GLOSSIKA-YUEHK-A1-DLG-012-20260222-I063	63	lexical_entry			23	好	hou2	very; quite	sha256:96276462d99eb01a5ba186a9e8dd0e3d808631d39e8fc5d707b967e94d237bee	true			exact_duplicate_candidate	lexical_only_attestation	src/runtime-resources/lexicon/token-lexicon/degree-and-formulas.js	src/parser/analyze-line.js|src/parser/clause-relations/graph.js|src/parser/context/descriptors.js|src/parser/detectors/aspect/composition.js|src/parser/detectors/boundaries/needs-context.js|src/parser/detectors/discourse/formula-responses.js|src/parser/detectors/imperatives/clauses.js|src/parser/detectors/modality/intention-preference.js|src/parser/detectors/np/token-splits.js|src/parser/detectors/opinion/stance.js|src/parser/detectors/transfer/passive-permissive.js|src/parser/features/token-features.js|src/parser/orchestration/wrap-predicate.js|src/parser/tokenization/contextual-overrides.js|src/parser/tokenization/lexical-selection.js|src/parser/tokenization/tokenize-line.js|src/plugin-entry.js|src/runtime-resources/constructions/runtime-label-registry.js|src/runtime-resources/grammar/templates/category-span-templates.js|src/runtime-resources/grammar/templates/construction-templates.js|src/runtime-resources/grammar/templates/slot-generation-rules.js|src/runtime-resources/lexicon/compositional-lexical-phrases.js|src/runtime-resources/lexicon/formulas.js|src/runtime-resources/lexicon/token-lexicon/degree-and-formulas.js|src/runtime-resources/lexicon/token-lexicon/function-words-and-particles.js|src/runtime-resources/lexicon/token-lexicon/referents-and-boundaries.js|src/runtime-resources/lexicon/token-lexicon/statives.js|src/runtime-resources/lexicon/token-lexicon/things.js|src/runtime-resources/lexicon/token-lexicon/verbs.js|src/runtime-resources/presentation/learner-glosses.js|src/runtime-resources/pronunciation/jyutping-review-expectations.js	data/construction-adjudication-batches/batch-02.json|data/construction-adjudication-batches/batch-05.json|data/construction-adjudication-batches/batch-08.json|data/construction-adjudication-batches/batch-11.json|data/construction-adjudication-batches/batch-13.json|data/construction-adjudication-batches/batch-15.json|data/construction-candidate-readiness.json|data/construction-identities.json|data/natural-corpus/wechat-father-daughter-001.txt|data/pedagogical-corpus/glossika/GLOSSIKA-YUEHK-A1-DLG-002-20251207/crosswalk.json|data/pedagogical-corpus/glossika/GLOSSIKA-YUEHK-A1-DLG-002-20251207/items.tsv|data/pedagogical-corpus/glossika/GLOSSIKA-YUEHK-A1-DLG-002-20251207/review.json|data/pedagogical-corpus/glossika/GLOSSIKA-YUEHK-A1-DLG-002-20251207/source.json|data/pedagogical-corpus/glossika/GLOSSIKA-YUEHK-A1-DLG-003-20251214/crosswalk.json|data/pedagogical-corpus/glossika/GLOSSIKA-YUEHK-A1-DLG-003-20251214/items.tsv|data/pedagogical-corpus/glossika/GLOSSIKA-YUEHK-A1-DLG-003-20251214/review.json|data/pedagogical-corpus/glossika/GLOSSIKA-YUEHK-A1-DLG-003-20251214/source.json|data/pedagogical-corpus/glossika/GLOSSIKA-YUEHK-A1-DLG-004-20251221/crosswalk.json|data/pedagogical-corpus/glossika/GLOSSIKA-YUEHK-A1-DLG-004-20251221/items.tsv|data/pedagogical-corpus/glossika/GLOSSIKA-YUEHK-A1-DLG-004-20251221/review.json|data/pedagogical-corpus/glossika/GLOSSIKA-YUEHK-A1-DLG-004-20251221/source.json|data/pedagogical-corpus/glossika/GLOSSIKA-YUEHK-A1-DLG-005-20251228/crosswalk.json|data/pedagogical-corpus/glossika/GLOSSIKA-YUEHK-A1-DLG-005-20251228/items.tsv|data/pedagogical-corpus/glossika/GLOSSIKA-YUEHK-A1-DLG-005-20251228/review.json|data/pedagogical-corpus/glossika/GLOSSIKA-YUEHK-A1-DLG-005-20251228/source.json|data/pedagogical-corpus/glossika/GLOSSIKA-YUEHK-A1-DLG-006-20260104/crosswalk.json|data/pedagogical-corpus/glossika/GLOSSIKA-YUEHK-A1-DLG-006-20260104/items.tsv|data/pedagogical-corpus/glossika/GLOSSIKA-YUEHK-A1-DLG-006-20260104/review.json|data/pedagogical-corpus/glossika/GLOSSIKA-YUEHK-A1-DLG-006-20260104/source.json|data/pedagogical-corpus/glossika/GLOSSIKA-YUEHK-A1-DLG-007-20260111/crosswalk.json|data/pedagogical-corpus/glossika/GLOSSIKA-YUEHK-A1-DLG-007-20260111/items.tsv|data/pedagogical-corpus/glossika/GLOSSIKA-YUEHK-A1-DLG-007-20260111/review.json|data/pedagogical-corpus/glossika/GLOSSIKA-YUEHK-A1-DLG-007-20260111/source.json|data/pedagogical-corpus/glossika/GLOSSIKA-YUEHK-A1-DLG-008-20260125/crosswalk.json|data/pedagogical-corpus/glossika/GLOSSIKA-YUEHK-A1-DLG-008-20260125/items.tsv|data/pedagogical-corpus/glossika/GLOSSIKA-YUEHK-A1-DLG-008-20260125/review.json|data/pedagogical-corpus/glossika/GLOSSIKA-YUEHK-A1-DLG-008-20260125/source.json|data/pedagogical-corpus/glossika/GLOSSIKA-YUEHK-A1-DLG-009-20260201/crosswalk.json|data/pedagogical-corpus/glossika/GLOSSIKA-YUEHK-A1-DLG-009-20260201/items.tsv|data/pedagogical-corpus/glossika/GLOSSIKA-YUEHK-A1-DLG-009-20260201/review.json|data/pedagogical-corpus/glossika/GLOSSIKA-YUEHK-A1-DLG-009-20260201/source.json|data/pedagogical-corpus/glossika/GLOSSIKA-YUEHK-A1-DLG-010-20260208/crosswalk.json|data/pedagogical-corpus/glossika/GLOSSIKA-YUEHK-A1-DLG-010-20260208/items.tsv|data/pedagogical-corpus/glossika/GLOSSIKA-YUEHK-A1-DLG-010-20260208/review.json|data/pedagogical-corpus/glossika/GLOSSIKA-YUEHK-A1-DLG-010-20260208/source.json|data/pedagogical-corpus/glossika/GLOSSIKA-YUEHK-A1-DLG-011-20260215/crosswalk.json|data/pedagogical-corpus/glossika/GLOSSIKA-YUEHK-A1-DLG-011-20260215/items.tsv|data/pedagogical-corpus/glossika/GLOSSIKA-YUEHK-A1-DLG-011-20260215/review.json|data/pedagogical-corpus/glossika/GLOSSIKA-YUEHK-A1-DLG-011-20260215/source.json|data/pedagogical-corpus/glossika/GLOSSIKA-YUEHK-A1-W14-20260621/items.tsv|data/pedagogical-corpus/glossika/GLOSSIKA-YUEHK-A1-W14-20260621/review.json|data/pedagogical-corpus/glossika/GLOSSIKA-YUEHK-A1-W14-20260621/source.json|data/pedagogical-corpus/glossika/GLOSSIKA-YUEHK-A1-W16-20260705/items.tsv|data/pedagogical-corpus/glossika/GLOSSIKA-YUEHK-A1-W16-20260705/review.json|data/pedagogical-corpus/glossika/GLOSSIKA-YUEHK-A1-W16-20260705/source.json|data/pedagogical-corpus/glossika/GLOSSIKA-YUEHK-A1-W17-20260712/crosswalk.json|data/pedagogical-corpus/glossika/GLOSSIKA-YUEHK-A1-W17-20260712/items.tsv|data/pedagogical-corpus/glossika/GLOSSIKA-YUEHK-A1-W17-20260712/review.json|data/pedagogical-corpus/glossika/GLOSSIKA-YUEHK-A1-W17-20260712/source.json|data/pedagogical-corpus/glossika/GLOSSIKA-YUEHK-A1-W18-20260719/crosswalk.json|data/pedagogical-corpus/glossika/GLOSSIKA-YUEHK-A1-W18-20260719/items.tsv|data/pedagogical-corpus/glossika/GLOSSIKA-YUEHK-A1-W18-20260719/review.json|data/pedagogical-corpus/glossika/GLOSSIKA-YUEHK-A1-W18-20260719/source.json|data/pedagogical-corpus/glossika/GLOSSIKA-YUEHK-A1-W19-20260726/crosswalk.json|data/pedagogical-corpus/glossika/GLOSSIKA-YUEHK-A1-W19-20260726/items.tsv|data/pedagogical-corpus/glossika/GLOSSIKA-YUEHK-A1-W19-20260726/review.json|data/pedagogical-corpus/glossika/GLOSSIKA-YUEHK-A1-W19-20260726/source.json|data/research-ledgers/glossika-week14-claim-source.json|data/research-ledgers/glossika-week14-followup-candidates.json|data/research-ledgers/glossika-week18-claim-source.json|data/research-ledgers/glossika-week18-followup-candidates.json|data/slot-model.json|docs/releases/v0.5.210-scalar-evaluation-reconciliation-audit.json|docs/releases/v0.5.212-negated-lexicalized-stative-retirement-audit.json|docs/research/AA84-MANNER-PRIMARY-SOURCE-LEDGER-R1.tsv|docs/research/AA84-MANNER-PROFILE-RECONCILIATION-R1.md|docs/research/AB15-DEMONSTRATIVE-CLASSIFIER-NOUN-SCOPE-R1.md|docs/research/AB30-CORPUS-CANDIDATE-REVIEW-R1.md|docs/research/AB30-ZO-M-HKCANCOR-CLAIM-CROSS-REFERENCE-R1.md|docs/research/CONSTRUCTION-ADJUDICATION-BATCH-02.md|docs/research/CONSTRUCTION-ADJUDICATION-BATCH-05.md|docs/research/CONSTRUCTION-ADJUDICATION-BATCH-08.md|docs/research/CONSTRUCTION-ADJUDICATION-BATCH-11.md|docs/research/CONSTRUCTION-ADJUDICATION-BATCH-13.md|docs/research/CONSTRUCTION-ADJUDICATION-BATCH-15.md|docs/research/CP022-IMPLEMENTATION-BACKLOG-CP021B-R37.tsv|docs/research/CP023-P1-PROG01-LEXICON-JYUTPING-VERIFICATION-R2.md|docs/research/CP023-P1-PROG01-NATURAL-ATTESTATION-ADJUDICATION.md|docs/research/CP023-P1-PROG01-PREDICATE-COMPATIBILITY-MATRIX-R3.tsv|docs/research/CP023-P1-PROG01-QUESTION-AND-SOURCE-FREEZE.md|docs/research/CP023-P1-PROG01-R1-RESEARCH-CHECKPOINT.md|docs/research/CP023-P1-PROG01-REMEDIATION-BLUEPRINT-R2.md|docs/research/CP023-P1-PROG01-REMEDIATION-DEPENDENCIES-R2.tsv|docs/research/CP023-P1-PROG01-SOURCE-REGISTER-R3.tsv|docs/research/CP025-P1-PFV01-EXAMPLE-ADJUDICATION-R1.tsv|docs/research/CP025-P1-PFV01-SPEAKER-A-RAW-R2.md|docs/research/CP036-P1-RESULT-CHANGE-STATE-WRAPPER-AUDIT-R1.md|docs/research/CP036-P1-RESULT-CHANGE-STATE-WRAPPER-INVENTORY-R1.tsv|docs/research/CP039-P1-EVALUATION-SCALAR-QUESTION-WRAPPER-AUDIT-R1.md|docs/research/CP040-P1-FINAL-REACHABLE-WRAPPER-AUDIT-R1.md|docs/research/CP040-P1-FINAL-REACHABLE-WRAPPER-INVENTORY-R1.tsv|docs/research/CP047-P1-DEGREE-MODIFIED-LEXICAL-STATIVE-RECONCILIATION-R1.md|docs/research/CP053-P1-EVALUATION-WITH-DOU-SYUN-EXTERNAL-EVIDENCE-R1.md|docs/research/CP054-P1-SCALAR-EVALUATION-RECONCILIATION-R1.md|docs/research/CP056-P1-NEGATED-LEXICALIZED-STATIVE-RETIREMENT-R1.md|docs/research/CP057-P1-NEGATED-STATIVE-PREDICATE-RECONCILIATION-R1.md|docs/research/CP061-P1-HIGH-FANOUT-BOUNDARY-CLOSURE-R1.md|docs/research/DIRECTIVE-SUGGESTION-PRIORITY-SOURCE-MAP-CP021B-R27.md|docs/research/DORMANT-LABEL-RETIREMENT-AUDIT-v0.5.183-R1.tsv|docs/research/ENVIRONMENTAL-LOCATIVE-FRAMES-SOURCE-MAP-CP021B-R22.md|docs/research/EVALUATION-PACKET-BLUEPRINTS-CP021B-R37.json|docs/research/EVENT-MODIFICATION-REDUPLICATION-DELIMITATIVE-FAAN1-SOURCE-MAP-CP021B-R21.md|docs/research/GLOSSIKA-YUEHK-A1-DLG-003-20251214-CORPUS-INGRESS.md|docs/research/GLOSSIKA-YUEHK-A1-W14-20260621-RESEARCH.md|docs/research/GLOSSIKA-YUEHK-A1-W18-20260719-RESEARCH.md|docs/research/LANE-03-FRAGMENTS-DISCOURSE-SOURCE-MAP-CP021B-R17.md|docs/research/LANE-03-RESIDUAL-FRAGMENT-SUBTYPES-SOURCE-MAP-CP021B-R18.md|docs/research/LANE-05-RESULT-POTENTIAL-COMPLEMENTS-SOURCE-MAP-CP021B-R10.md|docs/research/LANE-06-NOMINAL-MODIFICATION-RELATIVES-SOURCE-MAP-CP021B-R11.md|docs/research/LANE-10-MEASURE-SCALAR-SOURCE-MAP-CP021B-R19.md|docs/research/LANE-10-STATIVE-PREDICATION-SOURCE-MAP-CP021B-R8.md|docs/research/MODAL-DESIDERATIVE-PREFERENCE-SOURCE-MAP-CP021B-R14.md|docs/research/NATIVE-CORPUS-WECHAT-GUANGXI-TRAVEL-002.md|docs/research/NEGATION-ACCEPTABILITY-OPINION-SCHEDULING-SOURCE-MAP-CP021B-R30.md|docs/research/PARSER-CONSTRUCTION-CANONICAL-CONSOLIDATION-MATRIX-CP021B-R35.tsv|docs/research/PARSER-CONSTRUCTION-INTERNAL-PROVENANCE-REGISTER-CP021B-R37.tsv|docs/research/PARSER-CONSTRUCTION-INTERNAL-PROVENANCE-REGISTER-CP022-I1A-I04-R1.tsv|docs/research/PARSER-CONSTRUCTION-SOURCE-COVERAGE-CP021B-R37.tsv|docs/research/PARSER-CONSTRUCTION-SOURCE-MATRIX-CP021B-R37.tsv|docs/research/PARSER-CONSTRUCTION-SOURCE-REGISTER-CP021B-R37-ADDITIONS.tsv|docs/research/PARSER-CONSTRUCTION-SOURCE-REGISTER-CP021B-R37.tsv|docs/research/PRQ2-002-ZOU2ZI1-HINDSIGHT-REGRET-COLLISION-AUDIT-R1.tsv|docs/research/PRQ2-002-ZOU2ZI1-HINDSIGHT-REGRET-RESEARCH-R1.md|docs/research/PRQ2-002-ZOU2ZI1-HINDSIGHT-REGRET-SOURCE-VERIFICATION-R1.tsv|docs/research/PRQ2-003-JYUT6-SCALAR-PROGRESSION-COLLISION-AUDIT-R1.tsv|docs/research/PRQ2-003-JYUT6-SCALAR-PROGRESSION-RESEARCH-R1.md|docs/research/PRQ2-005-HOI1-HABITUAL-ESTABLISHED-ACTIVITY-COLLISION-AUDIT-R1.tsv|docs/research/PRQ2-005-HOI1-HABITUAL-ESTABLISHED-ACTIVITY-RESEARCH-R1.md|docs/research/PRQ2-005-HOI1-HABITUAL-ESTABLISHED-ACTIVITY-SOURCE-VERIFICATION-R1.tsv|docs/research/PRQ2-007-HEI2SOENG5LAI4-INCHOATIVE-ASPECT-COLLISION-AUDIT-R1.tsv|docs/research/PRQ2-007-HEI2SOENG5LAI4-INCHOATIVE-ASPECT-RESEARCH-R1.md|docs/research/PRQ2-007-HEI2SOENG5LAI4-INCHOATIVE-ASPECT-SOURCE-VERIFICATION-R1.tsv|docs/research/PRQ2-010-CEOI4ZO2-ZI1NGOI6-EXCLUSION-ADDITION-COLLISION-AUDIT-R1.tsv|docs/research/PRQ2-014-ZI2JAU5-SIN1ZI3-NECESSARY-CONDITION-COLLISION-AUDIT-R1.tsv|docs/research/PRQ2-015-MUI5-GO3GO3-DOU1-DISTRIBUTIVE-QUANTIFICATION-COLLISION-AUDIT-R1.tsv|docs/research/PRQ2-015-MUI5-GO3GO3-DOU1-DISTRIBUTIVE-QUANTIFICATION-RESEARCH-R1.md|docs/research/PRQ2-015-MUI5-GO3GO3-DOU1-DISTRIBUTIVE-QUANTIFICATION-SOURCE-VERIFICATION-R1.tsv|docs/research/PRQ2-034-MOU4LEON6-DOU1-UNCONDITIONAL-RESEARCH-R1.md|docs/research/PRQ2-035-NING4JYUN6-DOU1-COMMITTED-PREFERENCE-COLLISION-AUDIT-R1.tsv|docs/research/PRQ2-035-NING4JYUN6-DOU1-COMMITTED-PREFERENCE-RESEARCH-R1.md|docs/research/PRQ2-035-NING4JYUN6-DOU1-COMMITTED-PREFERENCE-SOURCE-VERIFICATION-R1.tsv|docs/research/QUANTITY-SCALAR-ACTION-BOUNDARIES-SOURCE-MAP-CP021B-R29.md|docs/research/RESULT-CHANGE-EVIDENCE-RECONCILIATION-R1.md|docs/research/RESULT-CHANGE-WRAPPERS-SOURCE-MAP-CP021B-R28.md|docs/research/RETIRED-CONSTRUCTION-ARCHIVE-v0.5.183-R1.tsv|docs/research/RETIRED-CONSTRUCTION-ARCHIVE-v0.5.186-R1.tsv|docs/research/survey-derived/HKCanCor/HKCANCOR-SV-RQ-008-010-RESEARCH-NOTE-R1.md|docs/research/survey-derived/HKCanCor/HKCANCOR-SV-RQ-008-010-REVIEWED-RESULTS-R1.json|docs/research/survey-derived/SV-RQ-001-007/SV-RQ-001-007-ATTESTATION-REGISTER-R2.json|docs/research/survey-derived/SV-RQ-001-007/SV-RQ-001-007-ROUND-2.md|docs/research/survey-derived/SV-RQ-008-010/SV-RQ-008-010-ROUND-2.md|docs/research/survey-derived/SV-RQ-008-010/SV-RQ-008-010-SOURCE-LEDGER-R2.json|docs/research/survey-derived/SV-RQ-008/SV-RQ-008-RESEARCH-NOTE.md|docs/research/survey-derived/SV-RQ-008/SV-RQ-008-SOURCE-AUDIT-R1.md|docs/research/survey-derived/SV-RQ-008/SV-RQ-008-SOURCE-LEDGER.json|docs/research/UC-RQ-001-GENERAL-ZOENG1-DISPOSAL-NATURAL-ATTESTATION-R1.tsv|docs/research/UC-RQ-002-003-DOUBLE-OBJECT-HKCANCOR-CENSUS-R1.md|docs/research/UC-RQ-003-DOUBLE-OBJECT-ORDER-ALTERNATION-COLLISION-AUDIT-R1.tsv|docs/research/UC-RQ-003-DOUBLE-OBJECT-ORDER-ALTERNATION-RESEARCH-R1.md|docs/research/UC-RQ-004-005-COMPARISON-HKCANCOR-ATTESTATION-R1.md|docs/research/UC-RQ-004-CANTONESE-EQUATIVE-COLLISION-AUDIT-R1.tsv|docs/research/UC-RQ-004-CANTONESE-EQUATIVE-CONSTRUCTION-RESEARCH-R1.md|docs/research/UC-RQ-004-CANTONESE-EQUATIVE-SOURCE-VERIFICATION-R1.tsv|docs/research/UC-RQ-005-GWO3-SURPASS-COMPARATIVE-COLLISION-AUDIT-R1.tsv|docs/research/UC-RQ-005-GWO3-SURPASS-COMPARATIVE-RESEARCH-R1.md|docs/research/UC-RQ-005-GWO3-SURPASS-COMPARATIVE-SOURCE-VERIFICATION-R1.tsv|docs/research/UC-RQ-014-015-SEPARABLE-COMPOUND-HKCANCOR-ATTESTATION-R1.md|docs/research/UC-RQ-019-CLAUSE-FINAL-TAG-QUESTION-RESEARCH-R1.md|docs/research/UC-RQ-019-CLAUSE-FINAL-TAG-QUESTION-SOURCE-VERIFICATION-R1.tsv|docs/research/UC-RQ-026-DI1-DEGREE-COLLISION-AUDIT-R1.tsv|docs/research/UC-RQ-026-DI1-DEGREE-DISPOSITION-R1.md|docs/research/UC-RQ-027-ZEOI3-SUPERLATIVE-COLLISION-AUDIT-R1.tsv|docs/research/UC-RQ-027-ZEOI3-SUPERLATIVE-RESEARCH-R1.md|docs/research/UC-RQ-029-ZYU6-DURATIVE-DISPOSITION-R1.md|docs/research/UC-RQ-033-DAK1-POSTVERBAL-CONSTRUCTION-CONTRAST-RESEARCH-R1.md|docs/research/UC-RQ-033-DAK1-POSTVERBAL-CONSTRUCTION-CONTRAST-SOURCE-VERIFICATION-R1.tsv|docs/research/UC-RQ-035-JAT1-ZAU6-IMMEDIATE-ANTERIORITY-RESEARCH-R1.md|docs/research/UC-RQ-036-SEOI1JIN4-DAAN6HAI6-CONCESSIVE-RESEARCH-R1.md|docs/research/UC-RQ-036-SEOI1JIN4-DAAN6HAI6-CONCESSIVE-SOURCE-VERIFICATION-R1.tsv|docs/research/UC-RQ-037-ZAU6SYUN3-DOU1-SCALAR-CONCESSIVE-RESEARCH-R1.md|docs/research/UC-RQ-038-CEOI4FEI1-EXCEPTION-CONDITIONAL-RESEARCH-R1.md|docs/research/UC-RQ-038-CEOI4FEI1-EXCEPTION-CONDITIONAL-SOURCE-VERIFICATION-R1.tsv|docs/research/UC-RQ-040-AA3-WO3-BO3-STANCE-PARTICLE-CONTRAST-RESEARCH-R1.md|docs/research/WECHAT-GX-TRAVEL-002-ADJUDICATION-REPORT.md|docs/research/WECHAT-GX-TRAVEL-002-CLAIM-SOURCE-EDGES-R1.tsv|docs/research/WECHAT-GX-TRAVEL-002-LEXICON-JYUTPING-READINESS-R1.md|docs/research/WECHAT-GX-TRAVEL-002-LEXICON-JYUTPING-VERIFICATION-R2.md|docs/research/WECHAT-GX-TRAVEL-002-PRIORITY-GRAMMAR-RESEARCH-R1.md|grammar/lexicalized_only/FormulaDiscourseUnit.md|grammar/research_pending/DegreeModifiedLexicalStative.md|grammar/research_pending/DegreeStativePredicate.md|grammar/research_pending/ExistentialClause.md|grammar/research_pending/ExistentialPresentationalClause.md|grammar/research_pending/ImpersonalEnvironmentalClause.md|grammar/research_pending/NegatedStativePredicate.md|grammar/research_pending/PerfectiveVP.md|grammar/research_pending/ProhibitiveImperative.md|grammar/research_pending/ScalarEvaluation.md|grammar/retired/README.md|grammar/unsupported_generalization/QuantifiedPersonNP.md|grammar/unsupported_generalization/RestorativeComplementVP.md|grammar/unsupported_generalization/SuggestionQuestion.md|test-data/a1-context-status-fixture.tsv|test-data/cp021b-lx1-construction-freeze-baseline.json|test-data/CP023-P1-PROG01-lexicon-baseline-probes.tsv|test-data/CP023-P1-PROG01-visible-research-packet.tsv|test-data/native-naturalness-conflict-dispositions.tsv|test-data/native-speaker-naturalness-evidence-v1.json|test-data/native-speaker-naturalness-evidence-v1.tsv|test-data/natural-corpus-wechat-father-daughter-001-turns.json|test-data/natural-corpus-wechat-father-daughter-001-turns.tsv|test-data/natural-corpus-wechat-father-daughter-001-units.json|test-data/natural-corpus-wechat-father-daughter-001-units.tsv|test-data/natural-corpus-wechat-guangxi-travel-002-raw.txt|test-data/natural-corpus-wechat-guangxi-travel-002-turns.json|test-data/natural-corpus-wechat-guangxi-travel-002-turns.tsv|test-data/natural-corpus-wechat-guangxi-travel-002-units.json|test-data/natural-corpus-wechat-guangxi-travel-002-units.tsv|test-data/pre-intermediate-gold-corpus.tsv|test-data/review-only-readiness.tsv|test-data/w17-corpus-semantic-disposition.tsv|test-data/w17-functional-corpus.tsv|test-data/w17-glossika-corpus.tsv|test-data/w17-grammar-phrases.tsv|test-data/w17-lexicon-role-review.tsv|test-data/w17-lexicon.tsv|test-data/w17-naturalized-alternatives.tsv|test-data/WECHAT-GX-TRAVEL-002-ADJUDICATION-MATRIX.json|test-data/WECHAT-GX-TRAVEL-002-ADJUDICATION-MATRIX.tsv|test-data/WECHAT-GX-TRAVEL-002-CONTROLLED-CONTRASTS-R1.tsv|test-data/WECHAT-GX-TRAVEL-002-LEXICON-JYUTPING-READINESS-R1.json|test-data/WECHAT-GX-TRAVEL-002-LEXICON-JYUTPING-READINESS-R1.tsv|test-data/WECHAT-GX-TRAVEL-002-LEXICON-JYUTPING-VERIFICATION-R2.json|test-data/WECHAT-GX-TRAVEL-002-LEXICON-JYUTPING-VERIFICATION-R2.tsv|test-data/WECHAT-GX-TRAVEL-002-LEXICON-PATCH-BLUEPRINT-R2.json|test-data/WECHAT-GX-TRAVEL-002-LEXICON-PATCH-BLUEPRINT-R2.tsv|test-data/WECHAT-GX-TRAVEL-002-LEXICON-PATCH-TEST-MATRIX-R2.tsv|test-data/WECHAT-GX-TRAVEL-002-LEXICON-SOURCE-REGISTER-R2.tsv|test-data/WECHAT-GX-TRAVEL-002-QUEUE-D-context_disfluency_research.tsv|test-data/WECHAT-GX-TRAVEL-002-QUEUE-G-grammar_research_external_evidence.tsv|test-data/WECHAT-GX-TRAVEL-002-QUEUE-L-lexicon_jyutping_enrichment.tsv|test-data/WECHAT-GX-TRAVEL-002-QUEUE-R-accepted_behavior_regression.tsv|test-data/WECHAT-GX-TRAVEL-002-REGRESSION-REMEDIATION-READINESS-R2.json|test-data/WECHAT-GX-TRAVEL-002-REGRESSION-REMEDIATION-READINESS-R2.tsv|tests/constructions/ClauseRelationEdge.json|tests/constructions/ClauseRelationGraph.json|tests/constructions/ClauseRelationMemberSpan.json|tests/constructions/ClauseSpan.json|tests/constructions/CognitionStatementClause.json|tests/constructions/CompletionVP.json|tests/constructions/ConditionalClause.json|tests/constructions/CopularIdentificationFrame.json|tests/constructions/DegreeModifiedLexicalStative.json|tests/constructions/DegreeStativePredicate.json|tests/constructions/DelimitedVP.json|tests/constructions/DiscourseParticleFrame.json|tests/constructions/ExistentialPresentationalClause.json|tests/constructions/ExperientialClause.json|tests/constructions/FormulaDiscourseUnit.json|tests/constructions/ImpersonalEnvironmentalClause.json|tests/constructions/IntransitiveVP.json|tests/constructions/LexicalGiveRelation.json|tests/constructions/LocativeFrameClause.json|tests/constructions/MalformedCandidate.json|tests/constructions/MannerAdverbialVP.json|tests/constructions/ModifierNP.json|tests/constructions/NegatedExistentialClause.json|tests/constructions/NegatedExistentialFragment.json|tests/constructions/NegatedStativePredicate.json|tests/constructions/NegatedVP.json|tests/constructions/NominalPredicateClause.json|tests/constructions/OpinionStanceFrame.json|tests/constructions/PerfectiveVP.json|tests/constructions/ProductiveVO.json|tests/constructions/ProgressiveVP.json|tests/constructions/ProhibitiveImperative.json|tests/constructions/QuantifiedPersonNP.json|tests/constructions/ReduplicatedVP.json|tests/constructions/RelativeClauseNP.json|tests/constructions/ReportedSpeech.json|tests/constructions/RestorativeComplementVP.json|tests/constructions/ResultComplement.json|tests/constructions/ResultComplementVP.json|tests/constructions/ScalarValueQuestion.json|tests/constructions/TemporalClause.json|tests/constructions/TopicComment.json|tests/constructions/TransitiveVP.json|tests/fixtures/boundary-closure-v1.json|tests/fixtures/regression-snapshots.json|tests/tooling/corpus-review/test_aa91_hkcancor_profile.py|tests/tooling/corpus-review/workbench.test.js|tests/tooling/runtime/generated-bundle.test.js		REQUIRES_EXPERT_CONTEXT_REVIEW
GLOSSIKA-YUEHK-A1-DLG-012-20260222-I064	64	lexical_entry			24	安全	on1 cyun4	safe; safety	sha256:73c8dcdd92ec77e29eaf0c5b86c715a3e419e7a80fbd0d9034b6d380aa6c7ad7	false			exact_duplicate_candidate	exact_duplicate			docs/research/AB30-ZO-M-HKCANCOR-CLAIM-CROSS-REFERENCE-R1.md|docs/research/PRQ2-003-JYUT6-SCALAR-PROGRESSION-COLLISION-AUDIT-R1.tsv|docs/research/PRQ2-003-JYUT6-SCALAR-PROGRESSION-RESEARCH-R1.md|docs/research/PRQ2-034-MOU4LEON6-DOU1-UNCONDITIONAL-COLLISION-AUDIT-R1.tsv	safety_lexeme_review|vocabulary_surface_absent_from_dialog	REQUIRES_EXPERT_CONTEXT_REVIEW
GLOSSIKA-YUEHK-A1-DLG-012-20260222-I065	65	lexical_entry			25	覺得	gok3 dak1	to feel; to think	sha256:dfbf98838f7537ff9256d6be697ce5c8ab9adf6b47ceb504b8bf95780d693358	false			exact_duplicate_candidate	lexical_only_attestation	src/runtime-resources/lexicon/token-lexicon/verbs.js	src/parser/detectors/opinion/stance.js|src/parser/features/token-features.js|src/plugin-entry.js|src/runtime-resources/constructions/runtime-label-registry.js|src/runtime-resources/grammar/predicate-profiles.js|src/runtime-resources/grammar/templates/construction-templates.js|src/runtime-resources/grammar/templates/slot-generation-rules.js|src/runtime-resources/lexicon/compositional-lexical-phrases.js|src/runtime-resources/lexicon/token-lexicon/function-words-and-particles.js|src/runtime-resources/lexicon/token-lexicon/verbs.js	data/construction-adjudication-batches/batch-07.json|data/construction-adjudication-batches/batch-08.json|data/construction-adjudication-batches/batch-10.json|data/construction-adjudication-batches/batch-17.json|data/construction-candidate-readiness.json|data/construction-identities.json|data/pedagogical-corpus/glossika/GLOSSIKA-YUEHK-A1-DLG-006-20260104/crosswalk.json|data/pedagogical-corpus/glossika/GLOSSIKA-YUEHK-A1-DLG-006-20260104/items.tsv|data/pedagogical-corpus/glossika/GLOSSIKA-YUEHK-A1-DLG-006-20260104/review.json|data/pedagogical-corpus/glossika/GLOSSIKA-YUEHK-A1-DLG-006-20260104/source.json|data/pedagogical-corpus/glossika/GLOSSIKA-YUEHK-A1-DLG-010-20260208/crosswalk.json|data/pedagogical-corpus/glossika/GLOSSIKA-YUEHK-A1-DLG-010-20260208/items.tsv|data/pedagogical-corpus/glossika/GLOSSIKA-YUEHK-A1-DLG-010-20260208/README.md|data/pedagogical-corpus/glossika/GLOSSIKA-YUEHK-A1-DLG-010-20260208/review.json|data/pedagogical-corpus/glossika/GLOSSIKA-YUEHK-A1-DLG-010-20260208/source.json|data/slot-model.json|docs/research/COMPLEMENT-OMISSION-AND-VALENCY-SOURCE-MAP-CP021B-R26.md|docs/research/CONSTRUCTION-ADJUDICATION-BATCH-07.md|docs/research/CONSTRUCTION-ADJUDICATION-BATCH-08.md|docs/research/CONSTRUCTION-ADJUDICATION-BATCH-10.md|docs/research/CONSTRUCTION-ADJUDICATION-BATCH-17.md|docs/research/CP025-P1-PFV01-SPEAKER-A-RAW-R2.md|docs/research/CP026-P1-RUL01-SPEAKER-A-FORM-R1.md|docs/research/CP039-P1-EVALUATION-SCALAR-QUESTION-WRAPPER-AUDIT-R1.md|docs/research/CP039-P1-EVALUATION-SCALAR-QUESTION-WRAPPER-INVENTORY-R1.tsv|docs/research/CP047-P1-DEGREE-MODIFIED-LEXICAL-STATIVE-RECONCILIATION-R1.md|docs/research/EVALUATION-PACKET-BLUEPRINTS-CP021B-R37.json|docs/research/GLOSSIKA-YUEHK-A1-DLG-010-20260208-CORPUS-INGRESS.md|docs/research/LANE-03-FRAGMENTS-DISCOURSE-SOURCE-MAP-CP021B-R17.md|docs/research/LANE-08-REPORTED-SPEECH-COGNITION-STANCE-SOURCE-MAP-CP021B-R15.md|docs/research/NEGATION-ACCEPTABILITY-OPINION-SCHEDULING-SOURCE-MAP-CP021B-R30.md|docs/research/PARSER-CONSTRUCTION-CANONICAL-CONSOLIDATION-MATRIX-CP021B-R35.tsv|docs/research/PARSER-CONSTRUCTION-INTERNAL-DISPOSITION-MATRIX-CP021B-R34.tsv|docs/research/PARSER-CONSTRUCTION-INTERNAL-PROVENANCE-REGISTER-CP021B-R37.tsv|docs/research/PARSER-CONSTRUCTION-INTERNAL-PROVENANCE-REGISTER-CP022-I1A-I04-R1.tsv|docs/research/PARSER-CONSTRUCTION-SOURCE-MATRIX-CP021B-R37.tsv|docs/research/PARSER-CONSTRUCTION-SOURCE-REGISTER-CP021B-R37.tsv|docs/research/RETIRED-CONSTRUCTION-ARCHIVE-v0.5.186-R1.tsv|docs/research/UC-RQ-001-GENERAL-ZOENG1-DISPOSAL-NATURAL-ATTESTATION-R1.tsv|docs/research/UC-RQ-004-005-COMPARISON-HKCANCOR-ATTESTATION-R1.md|grammar/research_pending/CognitionContentFrame.md|grammar/research_pending/ComplementEllipsisFragment.md|grammar/research_pending/DegreeModifiedLexicalStative.md|grammar/retired/README.md|grammar/unsupported_generalization/OpinionQuestion.md|grammar/unsupported_generalization/OpinionStanceFrame.md|test-data/cp021b-lx1-construction-freeze-baseline.json|test-data/native-speaker-naturalness-evidence-v1.json|test-data/native-speaker-naturalness-evidence-v1.tsv|tests/constructions/ClauseRelationEdge.json|tests/constructions/ClauseRelationGraph.json|tests/constructions/ClauseRelationMemberSpan.json|tests/constructions/ClauseSpan.json|tests/constructions/CognitionStatementClause.json|tests/constructions/ComplementEllipsisFragment.json|tests/constructions/CopularRelationFrame.json|tests/constructions/DegreeStativePredicate.json|tests/constructions/DirectionalMotionVP.json|tests/constructions/DiscourseParticleFrame.json|tests/constructions/FragmentAnswer.json|tests/constructions/IntransitiveVP.json|tests/constructions/ModalVP.json|tests/constructions/NeedsContext.json|tests/constructions/NominalHeadSpan.json|tests/constructions/OpinionQuestion.json|tests/constructions/OpinionStanceFrame.json|tests/constructions/ReportedSpeech.json|tests/constructions/StativeNominalComplement.json|tests/constructions/StativePredicate.json|tests/fixtures/boundary-closure-v1.json|tests/fixtures/regression-snapshots.json	attitude_predicate_review|vocabulary_surface_absent_from_dialog	REQUIRES_EXPERT_CONTEXT_REVIEW
GLOSSIKA-YUEHK-A1-DLG-012-20260222-I066	66	lexical_entry			26	幾	gei2	quite; fairly; how	sha256:07eb6e1e53e2dd7e081fafb85da0ba5cffc9f68d566c48b8ed6b94434da02280	true			exact_duplicate_candidate	lexical_only_attestation	src/runtime-resources/lexicon/token-lexicon/degree-and-formulas.js	src/parser/context/descriptors.js|src/parser/detectors/questions/wh-scalar.js|src/parser/detectors/transfer/passive-permissive.js|src/parser/orchestration/wrap-core.js|src/parser/orchestration/wrap-predicate.js|src/plugin-entry.js|src/render/learner-display.js|src/runtime-resources/constructions/runtime-label-registry.js|src/runtime-resources/grammar/templates/slot-generation-rules.js|src/runtime-resources/lexicon/token-lexicon/degree-and-formulas.js|src/runtime-resources/lexicon/token-lexicon/referents-and-boundaries.js	data/construction-adjudication-batches/batch-06.json|data/construction-adjudication-batches/batch-07.json|data/construction-adjudication-batches/batch-08.json|data/construction-adjudication-batches/batch-10.json|data/construction-candidate-readiness.json|data/construction-identities.json|data/natural-corpus/wechat-father-daughter-001.txt|data/pedagogical-corpus/glossika/GLOSSIKA-YUEHK-A1-DLG-002-20251207/crosswalk.json|data/pedagogical-corpus/glossika/GLOSSIKA-YUEHK-A1-DLG-002-20251207/items.tsv|data/pedagogical-corpus/glossika/GLOSSIKA-YUEHK-A1-DLG-002-20251207/review.json|data/pedagogical-corpus/glossika/GLOSSIKA-YUEHK-A1-DLG-002-20251207/source.json|data/pedagogical-corpus/glossika/GLOSSIKA-YUEHK-A1-DLG-003-20251214/crosswalk.json|data/pedagogical-corpus/glossika/GLOSSIKA-YUEHK-A1-DLG-003-20251214/items.tsv|data/pedagogical-corpus/glossika/GLOSSIKA-YUEHK-A1-DLG-003-20251214/review.json|data/pedagogical-corpus/glossika/GLOSSIKA-YUEHK-A1-DLG-003-20251214/source.json|data/pedagogical-corpus/glossika/GLOSSIKA-YUEHK-A1-DLG-004-20251221/crosswalk.json|data/pedagogical-corpus/glossika/GLOSSIKA-YUEHK-A1-DLG-004-20251221/items.tsv|data/pedagogical-corpus/glossika/GLOSSIKA-YUEHK-A1-DLG-004-20251221/review.json|data/pedagogical-corpus/glossika/GLOSSIKA-YUEHK-A1-DLG-004-20251221/source.json|data/pedagogical-corpus/glossika/GLOSSIKA-YUEHK-A1-DLG-005-20251228/crosswalk.json|data/pedagogical-corpus/glossika/GLOSSIKA-YUEHK-A1-DLG-005-20251228/items.tsv|data/pedagogical-corpus/glossika/GLOSSIKA-YUEHK-A1-DLG-005-20251228/review.json|data/pedagogical-corpus/glossika/GLOSSIKA-YUEHK-A1-DLG-005-20251228/source.json|data/pedagogical-corpus/glossika/GLOSSIKA-YUEHK-A1-DLG-006-20260104/crosswalk.json|data/pedagogical-corpus/glossika/GLOSSIKA-YUEHK-A1-DLG-006-20260104/items.tsv|data/pedagogical-corpus/glossika/GLOSSIKA-YUEHK-A1-DLG-006-20260104/review.json|data/pedagogical-corpus/glossika/GLOSSIKA-YUEHK-A1-DLG-006-20260104/source.json|data/pedagogical-corpus/glossika/GLOSSIKA-YUEHK-A1-DLG-007-20260111/crosswalk.json|data/pedagogical-corpus/glossika/GLOSSIKA-YUEHK-A1-DLG-007-20260111/items.tsv|data/pedagogical-corpus/glossika/GLOSSIKA-YUEHK-A1-DLG-007-20260111/review.json|data/pedagogical-corpus/glossika/GLOSSIKA-YUEHK-A1-DLG-007-20260111/source.json|data/pedagogical-corpus/glossika/GLOSSIKA-YUEHK-A1-DLG-008-20260125/crosswalk.json|data/pedagogical-corpus/glossika/GLOSSIKA-YUEHK-A1-DLG-008-20260125/items.tsv|data/pedagogical-corpus/glossika/GLOSSIKA-YUEHK-A1-DLG-008-20260125/review.json|data/pedagogical-corpus/glossika/GLOSSIKA-YUEHK-A1-DLG-008-20260125/source.json|data/pedagogical-corpus/glossika/GLOSSIKA-YUEHK-A1-DLG-009-20260201/crosswalk.json|data/pedagogical-corpus/glossika/GLOSSIKA-YUEHK-A1-DLG-009-20260201/items.tsv|data/pedagogical-corpus/glossika/GLOSSIKA-YUEHK-A1-DLG-009-20260201/review.json|data/pedagogical-corpus/glossika/GLOSSIKA-YUEHK-A1-DLG-009-20260201/source.json|data/pedagogical-corpus/glossika/GLOSSIKA-YUEHK-A1-DLG-010-20260208/crosswalk.json|data/pedagogical-corpus/glossika/GLOSSIKA-YUEHK-A1-DLG-010-20260208/items.tsv|data/pedagogical-corpus/glossika/GLOSSIKA-YUEHK-A1-DLG-010-20260208/review.json|data/pedagogical-corpus/glossika/GLOSSIKA-YUEHK-A1-DLG-010-20260208/source.json|data/pedagogical-corpus/glossika/GLOSSIKA-YUEHK-A1-DLG-011-20260215/crosswalk.json|data/pedagogical-corpus/glossika/GLOSSIKA-YUEHK-A1-DLG-011-20260215/items.tsv|data/pedagogical-corpus/glossika/GLOSSIKA-YUEHK-A1-DLG-011-20260215/review.json|data/pedagogical-corpus/glossika/GLOSSIKA-YUEHK-A1-DLG-011-20260215/source.json|data/pedagogical-corpus/glossika/GLOSSIKA-YUEHK-A1-W14-20260621/items.tsv|data/pedagogical-corpus/glossika/GLOSSIKA-YUEHK-A1-W14-20260621/review.json|data/pedagogical-corpus/glossika/GLOSSIKA-YUEHK-A1-W14-20260621/source.json|data/pedagogical-corpus/glossika/GLOSSIKA-YUEHK-A1-W19-20260726/crosswalk.json|data/pedagogical-corpus/glossika/GLOSSIKA-YUEHK-A1-W19-20260726/items.tsv|data/pedagogical-corpus/glossika/GLOSSIKA-YUEHK-A1-W19-20260726/review.json|data/pedagogical-corpus/glossika/GLOSSIKA-YUEHK-A1-W19-20260726/source.json|data/research-ledgers/glossika-week14-claim-source.json|data/research-ledgers/glossika-week14-followup-candidates.json|data/research-ledgers/glossika-week19-claim-source.json|data/slot-model.json|docs/research/AB30-ZO-M-HKCANCOR-CLAIM-CROSS-REFERENCE-R1.md|docs/research/AB30-ZO-R-HKCANCOR-CLAIM-CROSS-REFERENCE-R2.md|docs/research/CONSTRUCTION-ADJUDICATION-BATCH-06.md|docs/research/CONSTRUCTION-ADJUDICATION-BATCH-07.md|docs/research/CONSTRUCTION-ADJUDICATION-BATCH-08.md|docs/research/CONSTRUCTION-ADJUDICATION-BATCH-10.md|docs/research/CP039-P1-EVALUATION-SCALAR-QUESTION-WRAPPER-AUDIT-R1.md|docs/research/CP061-P1-HIGH-FANOUT-BOUNDARY-CLOSURE-R1.md|docs/research/EVALUATION-PACKET-BLUEPRINTS-CP021B-R37.json|docs/research/GLOSSIKA-YUEHK-A1-W14-20260621-RESEARCH.md|docs/research/GLOSSIKA-YUEHK-A1-W19-20260726-RESEARCH.md|docs/research/LANE-10-MEASURE-SCALAR-SOURCE-MAP-CP021B-R19.md|docs/research/LANE-10-STATIVE-PREDICATION-SOURCE-MAP-CP021B-R8.md|docs/research/NEGATION-ACCEPTABILITY-OPINION-SCHEDULING-SOURCE-MAP-CP021B-R30.md|docs/research/PARSER-CONSTRUCTION-CANONICAL-CONSOLIDATION-MATRIX-CP021B-R35.tsv|docs/research/PARSER-CONSTRUCTION-INTERNAL-PROVENANCE-REGISTER-CP021B-R37.tsv|docs/research/PARSER-CONSTRUCTION-INTERNAL-PROVENANCE-REGISTER-CP022-I1A-I04-R1.tsv|docs/research/PARSER-CONSTRUCTION-SOURCE-MATRIX-CP021B-R37.tsv|docs/research/PARSER-CONSTRUCTION-SOURCE-REGISTER-CP021B-R37.tsv|docs/research/PRQ2-001-YAU5-MOU5-DAK1-AVAILABILITY-RESEARCH-R1.md|docs/research/PRQ2-001-YAU5-MOU5-DAK1-AVAILABILITY-SOURCE-VERIFICATION-R1.tsv|docs/research/PRQ2-033-JAU6-JAU6-COEXISTENT-PREDICATE-COLLISION-AUDIT-R1.tsv|docs/research/QUANTITY-SCALAR-ACTION-BOUNDARIES-SOURCE-MAP-CP021B-R29.md|docs/research/RETIRED-CONSTRUCTION-ARCHIVE-v0.5.186-R1.tsv|docs/research/UC-RQ-001-GENERAL-ZOENG1-DISPOSAL-NATURAL-ATTESTATION-R1.tsv|docs/research/UC-RQ-008-WH-INDETERMINATE-SOURCE-VERIFICATION-R1.tsv|docs/research/UC-RQ-014-015-SEPARABLE-COMPOUND-HKCANCOR-ATTESTATION-R1.md|docs/research/UC-RQ-020-WH-DOU1-FREE-CHOICE-DISPOSITION-R1.md|docs/research/UC-RQ-037-ZAU6SYUN3-DOU1-SCALAR-CONCESSIVE-RESEARCH-R1.md|grammar/research_pending/ActionStativeVP.md|grammar/research_pending/DegreeModifiedLexicalStative.md|grammar/research_pending/ExistentialClause.md|grammar/research_pending/ExistentialPresentationalClause.md|grammar/research_pending/ExistentialWhQuestion.md|grammar/research_pending/NominalPredicateClause.md|grammar/research_pending/ScalarValueQuestion.md|grammar/retired/README.md|grammar/unsupported_generalization/AcceptabilityClause.md|test-data/cp021b-lx1-construction-freeze-baseline.json|test-data/native-naturalness-conflict-dispositions.tsv|test-data/native-speaker-naturalness-evidence-v1.json|test-data/native-speaker-naturalness-evidence-v1.tsv|test-data/natural-corpus-wechat-father-daughter-001-turns.json|test-data/natural-corpus-wechat-father-daughter-001-turns.tsv|test-data/natural-corpus-wechat-father-daughter-001-units.json|test-data/natural-corpus-wechat-father-daughter-001-units.tsv|test-data/natural-corpus-wechat-guangxi-travel-002-turns.json|test-data/natural-corpus-wechat-guangxi-travel-002-turns.tsv|test-data/natural-corpus-wechat-guangxi-travel-002-units.json|test-data/natural-corpus-wechat-guangxi-travel-002-units.tsv|test-data/WECHAT-GX-TRAVEL-002-ADJUDICATION-MATRIX.json|test-data/WECHAT-GX-TRAVEL-002-ADJUDICATION-MATRIX.tsv|test-data/WECHAT-GX-TRAVEL-002-LEXICON-PATCH-BLUEPRINT-R2.json|test-data/WECHAT-GX-TRAVEL-002-LEXICON-PATCH-BLUEPRINT-R2.tsv|test-data/WECHAT-GX-TRAVEL-002-LEXICON-PATCH-TEST-MATRIX-R2.tsv|test-data/WECHAT-GX-TRAVEL-002-QUEUE-D-context_disfluency_research.tsv|test-data/WECHAT-GX-TRAVEL-002-QUEUE-G-grammar_research_external_evidence.tsv|test-data/WECHAT-GX-TRAVEL-002-QUEUE-L-lexicon_jyutping_enrichment.tsv|tests/constructions/AcceptabilityClause.json|tests/constructions/ActionStativeVP.json|tests/constructions/ANotAQuestion.json|tests/constructions/ClauseRelationMemberSpan.json|tests/constructions/ClauseSpan.json|tests/constructions/ComplementEllipsisFragment.json|tests/constructions/CompletionQuestion.json|tests/constructions/DegreeStativePredicate.json|tests/constructions/ExistentialQuestion.json|tests/constructions/ExistentialWhQuestion.json|tests/constructions/FormulaDiscourseUnit.json|tests/constructions/FragmentQuestion.json|tests/constructions/LocativeWhQuestion.json|tests/constructions/ModalANotAQuestion.json|tests/constructions/ModalVP.json|tests/constructions/ModifiedNP.json|tests/constructions/NominalHeadSpan.json|tests/constructions/PolarQuestionFrame.json|tests/constructions/ProgressiveWhObjectQuestion.json|tests/constructions/QuantifiedClassifierNP.json|tests/constructions/QuantifiedTimeNP.json|tests/constructions/ScalarValueQuestion.json|tests/constructions/WhClassifierQuestion.json|tests/fixtures/boundary-closure-v1.json|tests/fixtures/regression-snapshots.json		REQUIRES_EXPERT_CONTEXT_REVIEW
GLOSSIKA-YUEHK-A1-DLG-012-20260222-I067	67	lexical_entry			27	難	naan4	difficult; hard	sha256:8791615a178bc803837f9f0c404948ebb3ba5cf7015da9ef0467ac581f335d0a	false			exact_duplicate_candidate	lexical_only_attestation	src/runtime-resources/lexicon/token-lexicon/statives.js	src/parser/features/token-features.js|src/plugin-entry.js|src/runtime-resources/constructions/runtime-label-registry.js|src/runtime-resources/grammar/templates/category-span-templates.js|src/runtime-resources/lexicon/token-lexicon/statives.js|src/runtime-resources/lexicon/token-lexicon/study-suite.js	data/construction-adjudication-batches/batch-15.json|data/construction-candidate-readiness.json|data/construction-identities.json|data/pedagogical-corpus/glossika/GLOSSIKA-YUEHK-A1-DLG-003-20251214/crosswalk.json|data/pedagogical-corpus/glossika/GLOSSIKA-YUEHK-A1-DLG-003-20251214/items.tsv|data/pedagogical-corpus/glossika/GLOSSIKA-YUEHK-A1-DLG-003-20251214/review.json|data/pedagogical-corpus/glossika/GLOSSIKA-YUEHK-A1-DLG-003-20251214/source.json|data/pedagogical-corpus/glossika/GLOSSIKA-YUEHK-A1-DLG-006-20260104/crosswalk.json|data/pedagogical-corpus/glossika/GLOSSIKA-YUEHK-A1-DLG-006-20260104/items.tsv|data/pedagogical-corpus/glossika/GLOSSIKA-YUEHK-A1-DLG-006-20260104/review.json|data/pedagogical-corpus/glossika/GLOSSIKA-YUEHK-A1-DLG-006-20260104/source.json|data/slot-model.json|docs/releases/v0.5.212-negated-lexicalized-stative-retirement-audit.json|docs/research/CONSTRUCTION-ADJUDICATION-BATCH-15.md|docs/research/CP022-IMPLEMENTATION-BACKLOG-CP021B-R37.tsv|docs/research/CP040-P1-FINAL-REACHABLE-WRAPPER-AUDIT-R1.md|docs/research/CP040-P1-FINAL-REACHABLE-WRAPPER-INVENTORY-R1.tsv|docs/research/CP056-P1-NEGATED-LEXICALIZED-STATIVE-RETIREMENT-R1.md|docs/research/LANE-10-STATIVE-PREDICATION-SOURCE-MAP-CP021B-R8.md|docs/research/NEGATION-ACCEPTABILITY-OPINION-SCHEDULING-SOURCE-MAP-CP021B-R30.md|docs/research/PARSER-CONSTRUCTION-CANONICAL-CONSOLIDATION-MATRIX-CP021B-R35.tsv|docs/research/PARSER-CONSTRUCTION-SOURCE-COVERAGE-CP021B-R37.tsv|docs/research/PARSER-CONSTRUCTION-SOURCE-MATRIX-CP021B-R37.tsv|docs/research/PRQ2-003-JYUT6-SCALAR-PROGRESSION-COLLISION-AUDIT-R1.tsv|docs/research/PRQ2-003-JYUT6-SCALAR-PROGRESSION-RESEARCH-R1.md|docs/research/PRQ2-003-JYUT6-SCALAR-PROGRESSION-SOURCE-VERIFICATION-R1.tsv|docs/research/PRQ2-007-HEI2SOENG5LAI4-INCHOATIVE-ASPECT-COLLISION-AUDIT-R1.tsv|docs/research/PRQ2-007-HEI2SOENG5LAI4-INCHOATIVE-ASPECT-RESEARCH-R1.md|docs/research/RETIRED-CONSTRUCTION-ARCHIVE-v0.5.186-R1.tsv|grammar/retired/README.md	difficulty_lexeme_review|vocabulary_surface_absent_from_dialog	REQUIRES_EXPERT_CONTEXT_REVIEW
GLOSSIKA-YUEHK-A1-DLG-012-20260222-I068	68	lexical_entry			28	易	ji6	easy	sha256:e89884eda0677f1ff3e60a33fa06b52b358019ef274bb5e8fc4de07f164206be	false			exact_duplicate_candidate	lexical_only_attestation	src/runtime-resources/lexicon/token-lexicon/statives.js	src/runtime-resources/lexicon/token-lexicon/statives.js|src/runtime-resources/lexicon/token-lexicon/study-suite.js	data/pedagogical-corpus/glossika/GLOSSIKA-YUEHK-A1-DLG-006-20260104/crosswalk.json|data/pedagogical-corpus/glossika/GLOSSIKA-YUEHK-A1-DLG-006-20260104/items.tsv|data/pedagogical-corpus/glossika/GLOSSIKA-YUEHK-A1-DLG-006-20260104/review.json|data/pedagogical-corpus/glossika/GLOSSIKA-YUEHK-A1-DLG-006-20260104/source.json|docs/research/PRQ2-007-HEI2SOENG5LAI4-INCHOATIVE-ASPECT-RESEARCH-R1.md|docs/research/PRQ2-011-M4DAAN1ZI2-ZUNG6-ADDITIVE-CORRELATIVE-COLLISION-AUDIT-R1.tsv|docs/research/PRQ2-011-M4DAAN1ZI2-ZUNG6-ADDITIVE-CORRELATIVE-RESEARCH-R1.md|docs/research/UC-RQ-021-NEGATIVE-POLARITY-MINIMIZER-SOURCE-VERIFICATION-R1.tsv	ease_lexeme_review|vocabulary_surface_absent_from_dialog	REQUIRES_EXPERT_CONTEXT_REVIEW
GLOSSIKA-YUEHK-A1-DLG-012-20260222-I069	69	lexical_entry			29	睇	tai2	to look; to watch; to see	sha256:f5d9ba393801c2e62fd36ea04fdc1436cb8ed29c940d190f6509ba0ad061010f	false			exact_duplicate_candidate	lexical_only_attestation	src/runtime-resources/lexicon/token-lexicon/verbs.js	src/parser/context/descriptors.js|src/parser/features/token-features.js|src/parser/terminal/questions/question-fallbacks.js|src/plugin-entry.js|src/runtime-resources/lexicon/compositional-lexical-phrases.js|src/runtime-resources/lexicon/productive-vo.js|src/runtime-resources/lexicon/token-lexicon/statives.js|src/runtime-resources/lexicon/token-lexicon/verbs.js|src/runtime-resources/presentation/learner-glosses.js	data/natural-corpus/wechat-father-daughter-001.txt|data/pedagogical-corpus/glossika/GLOSSIKA-YUEHK-A1-DLG-002-20251207/crosswalk.json|data/pedagogical-corpus/glossika/GLOSSIKA-YUEHK-A1-DLG-002-20251207/items.tsv|data/pedagogical-corpus/glossika/GLOSSIKA-YUEHK-A1-DLG-002-20251207/review.json|data/pedagogical-corpus/glossika/GLOSSIKA-YUEHK-A1-DLG-002-20251207/source.json|data/pedagogical-corpus/glossika/GLOSSIKA-YUEHK-A1-DLG-005-20251228/crosswalk.json|data/pedagogical-corpus/glossika/GLOSSIKA-YUEHK-A1-DLG-005-20251228/items.tsv|data/pedagogical-corpus/glossika/GLOSSIKA-YUEHK-A1-DLG-005-20251228/review.json|data/pedagogical-corpus/glossika/GLOSSIKA-YUEHK-A1-DLG-005-20251228/source.json|data/pedagogical-corpus/glossika/GLOSSIKA-YUEHK-A1-DLG-006-20260104/crosswalk.json|data/pedagogical-corpus/glossika/GLOSSIKA-YUEHK-A1-DLG-006-20260104/items.tsv|data/pedagogical-corpus/glossika/GLOSSIKA-YUEHK-A1-DLG-006-20260104/review.json|data/pedagogical-corpus/glossika/GLOSSIKA-YUEHK-A1-DLG-006-20260104/source.json|data/pedagogical-corpus/glossika/GLOSSIKA-YUEHK-A1-DLG-007-20260111/crosswalk.json|data/pedagogical-corpus/glossika/GLOSSIKA-YUEHK-A1-DLG-007-20260111/items.tsv|data/pedagogical-corpus/glossika/GLOSSIKA-YUEHK-A1-DLG-007-20260111/review.json|data/pedagogical-corpus/glossika/GLOSSIKA-YUEHK-A1-DLG-007-20260111/source.json|data/pedagogical-corpus/glossika/GLOSSIKA-YUEHK-A1-DLG-009-20260201/crosswalk.json|data/pedagogical-corpus/glossika/GLOSSIKA-YUEHK-A1-DLG-009-20260201/items.tsv|data/pedagogical-corpus/glossika/GLOSSIKA-YUEHK-A1-DLG-009-20260201/review.json|data/pedagogical-corpus/glossika/GLOSSIKA-YUEHK-A1-DLG-009-20260201/source.json|data/pedagogical-corpus/glossika/GLOSSIKA-YUEHK-A1-DLG-010-20260208/crosswalk.json|data/pedagogical-corpus/glossika/GLOSSIKA-YUEHK-A1-DLG-010-20260208/items.tsv|data/pedagogical-corpus/glossika/GLOSSIKA-YUEHK-A1-DLG-010-20260208/review.json|data/pedagogical-corpus/glossika/GLOSSIKA-YUEHK-A1-DLG-010-20260208/source.json|data/pedagogical-corpus/glossika/GLOSSIKA-YUEHK-A1-DLG-011-20260215/crosswalk.json|data/pedagogical-corpus/glossika/GLOSSIKA-YUEHK-A1-DLG-011-20260215/items.tsv|data/pedagogical-corpus/glossika/GLOSSIKA-YUEHK-A1-DLG-011-20260215/README.md|data/pedagogical-corpus/glossika/GLOSSIKA-YUEHK-A1-DLG-011-20260215/review.json|data/pedagogical-corpus/glossika/GLOSSIKA-YUEHK-A1-DLG-011-20260215/source.json|data/pedagogical-corpus/glossika/GLOSSIKA-YUEHK-A1-W14-20260621/items.tsv|data/pedagogical-corpus/glossika/GLOSSIKA-YUEHK-A1-W14-20260621/review.json|data/pedagogical-corpus/glossika/GLOSSIKA-YUEHK-A1-W14-20260621/source.json|data/pedagogical-corpus/glossika/GLOSSIKA-YUEHK-A1-W16-20260705/items.tsv|data/pedagogical-corpus/glossika/GLOSSIKA-YUEHK-A1-W16-20260705/review.json|data/pedagogical-corpus/glossika/GLOSSIKA-YUEHK-A1-W16-20260705/source.json|data/pedagogical-corpus/glossika/GLOSSIKA-YUEHK-A1-W18-20260719/crosswalk.json|data/pedagogical-corpus/glossika/GLOSSIKA-YUEHK-A1-W18-20260719/items.tsv|data/pedagogical-corpus/glossika/GLOSSIKA-YUEHK-A1-W18-20260719/review.json|data/pedagogical-corpus/glossika/GLOSSIKA-YUEHK-A1-W18-20260719/source.json|data/research-ledgers/glossika-week18-claim-source.json|data/research-ledgers/glossika-week18-common-verb-audit.json|data/research-ledgers/glossika-week18-followup-candidates.json|data/slot-model.json|docs/research/AB30-PERFECTIVE-OBJECT-PRIMARY-SOURCE-LEDGER-R1.tsv|docs/research/AB30-ZO-M-HKCANCOR-CLAIM-CROSS-REFERENCE-R1.md|docs/research/AB30-ZO-R-HKCANCOR-CLAIM-CROSS-REFERENCE-R2.md|docs/research/ASPECTUAL-CLAUSE-WRAPPERS-SOURCE-MAP-CP021B-R24.md|docs/research/CONDITIONAL-CLAUSE-LINKING-SOURCE-MAP-CP021B-R25.md|docs/research/CP021B-NATIVE-NATURALNESS-INGESTION.md|docs/research/CP021B-PARSER-DESIGN-BEHAVIOR.tsv|docs/research/CP023-P1-PROG01-CLAIM-SOURCE-EDGES-R3.tsv|docs/research/CP023-P1-PROG01-CLAIM-SOURCE-EDGES.tsv|docs/research/CP023-P1-PROG01-NATURAL-ATTESTATION-ADJUDICATION.md|docs/research/CP023-P1-PROG01-NOMINAL-DI-ASSOCIATIVE-SCOPE-DESIGN-R3.md|docs/research/CP023-P1-PROG01-PREDICATE-COMPATIBILITY-FREEZE-R3.md|docs/research/CP023-P1-PROG01-PREDICATE-COMPATIBILITY-MATRIX-R3.tsv|docs/research/CP023-P1-PROG01-QUESTION-AND-SOURCE-FREEZE.md|docs/research/CP023-P1-PROG01-R1-RESEARCH-CHECKPOINT.md|docs/research/CP023-P1-PROG01-R2-RESEARCH-CHECKPOINT.md|docs/research/CP023-P1-PROG01-R3-RESEARCH-CHECKPOINT.md|docs/research/CP023-P1-PROG01-REMEDIATION-BLUEPRINT-R2.md|docs/research/CP023-P1-PROG01-REMEDIATION-DEPENDENCIES-R2.tsv|docs/research/CP023-P1-PROG01-SOURCE-REGISTER-R3.tsv|docs/research/CP024-P0-L45-CODE-REFERENCE-INVENTORY-R1.tsv|docs/research/CP024-P0-L45-PRODUCTIVE-VO-SEED-INVENTORY-R1.tsv|docs/research/CP024-P0-L45-VERB-VALENCY-INVENTORY-R1.tsv|docs/research/CP025-P1-PFV01-CODE-DOCUMENT-COMPARISON-R1.tsv|docs/research/CP025-P1-PFV01-EXAMPLE-ADJUDICATION-R1.tsv|docs/research/CP025-P1-PFV01-IMPLEMENTATION-PROBE-R1.tsv|docs/research/CP025-P1-PFV01-R1-REAUDIT-CHECKPOINT.md|docs/research/CP025-P1-PFV01-SPEAKER-A-RAW-R2.md|docs/research/CP025-P1-PFV01-SPEAKER-A-RESULT-R2.tsv|docs/research/CP026-P1-RUL01-SPEAKER-A-FORM-R1.md|docs/research/CP029-P1-PFV01-BOUNDARY-INVENTORY-R1.tsv|docs/research/CP029-P1-PFV01-PUBLIC-PANEL-R1-RESULT.md|docs/research/CP035-P1-EXPERIENTIAL-DELIMITED-WRAPPER-AUDIT-R1.md|docs/research/CP051-P1-COPULAR-ANOTA-RECONCILIATION-R1.md|docs/research/CP055-P1-NEGATIVE-EXPERIENTIAL-RECONCILIATION-R1.md|docs/research/DIRECTIVE-SUGGESTION-PRIORITY-SOURCE-MAP-CP021B-R27.md|docs/research/EVALUATION-PACKET-BLUEPRINTS-CP021B-R37.json|docs/research/EVENT-MODIFICATION-REDUPLICATION-DELIMITATIVE-FAAN1-SOURCE-MAP-CP021B-R21.md|docs/research/EXISTENTIAL-POSSESSIVE-AVAILABILITY-SOURCE-MAP-CP021B-R9.md|docs/research/FINAL-LANGUAGE-LABEL-COVERAGE-SOURCE-MAP-CP021B-R33.md|docs/research/GLOSSIKA-WEEK16-LEXICON-PROVENANCE.md|docs/research/GLOSSIKA-YUEHK-A1-W18-20260719-RESEARCH.md|docs/research/NEGATION-ACCEPTABILITY-OPINION-SCHEDULING-SOURCE-MAP-CP021B-R30.md|docs/research/PARSER-CONSTRUCTION-CANONICAL-CONSOLIDATION-MATRIX-CP021B-R35.tsv|docs/research/PARSER-CONSTRUCTION-INTERNAL-PROVENANCE-REGISTER-CP021B-R37.tsv|docs/research/PARSER-CONSTRUCTION-INTERNAL-PROVENANCE-REGISTER-CP022-I1A-I04-R1.tsv|docs/research/PARSER-CONSTRUCTION-SOURCE-MATRIX-CP021B-R37.tsv|docs/research/PARSER-CONSTRUCTION-SOURCE-REGISTER-CP021B-R37.tsv|docs/research/PRQ2-001-YAU5-MOU5-DAK1-AVAILABILITY-COLLISION-AUDIT-R1.tsv|docs/research/PRQ2-001-YAU5-MOU5-DAK1-AVAILABILITY-RESEARCH-R1.md|docs/research/PRQ2-002-ZOU2ZI1-HINDSIGHT-REGRET-RESEARCH-R1.md|docs/research/PRQ2-005-HOI1-HABITUAL-ESTABLISHED-ACTIVITY-COLLISION-AUDIT-R1.tsv|docs/research/PRQ2-005-HOI1-HABITUAL-ESTABLISHED-ACTIVITY-RESEARCH-R1.md|docs/research/PRQ2-005-HOI1-HABITUAL-ESTABLISHED-ACTIVITY-SOURCE-VERIFICATION-R1.tsv|docs/research/PRQ2-007-HEI2SOENG5LAI4-INCHOATIVE-ASPECT-COLLISION-AUDIT-R1.tsv|docs/research/PRQ2-007-HEI2SOENG5LAI4-INCHOATIVE-ASPECT-RESEARCH-R1.md|docs/research/PRQ2-011-M4DAAN1ZI2-ZUNG6-ADDITIVE-CORRELATIVE-COLLISION-AUDIT-R1.tsv|docs/research/PRQ2-011-M4DAAN1ZI2-ZUNG6-ADDITIVE-CORRELATIVE-RESEARCH-R1.md|docs/research/PRQ2-015-MUI5-GO3GO3-DOU1-DISTRIBUTIVE-QUANTIFICATION-COLLISION-AUDIT-R1.tsv|docs/research/PRQ2-015-MUI5-GO3GO3-DOU1-DISTRIBUTIVE-QUANTIFICATION-RESEARCH-R1.md|docs/research/PRQ2-035-NING4JYUN6-DOU1-COMMITTED-PREFERENCE-COLLISION-AUDIT-R1.tsv|docs/research/PRQ2-035-NING4JYUN6-DOU1-COMMITTED-PREFERENCE-SOURCE-VERIFICATION-R1.tsv|docs/research/survey-derived/HKCanCor/HKCANCOR-SV-RQ-008-010-RESEARCH-NOTE-R1.md|docs/research/survey-derived/HKCanCor/HKCANCOR-SV-RQ-008-010-REVIEWED-RESULTS-R1.json|docs/research/survey-derived/Survey/SURVEY-EXPORT-2026-07-24-1538-AGGREGATE-R2.md|docs/research/survey-derived/Survey/SURVEY-EXPORT-2026-07-24-1538-AGGREGATE-SUMMARY-R2.json|docs/research/survey-derived/SV-RQ-001-007/SV-RQ-001-007-ROUND-1.md|docs/research/survey-derived/SV-RQ-001-007/SV-RQ-001-007-SOURCE-LEDGER.json|docs/research/survey-derived/SV-RQ-008-010/SV-RQ-008-010-ROUND-2.md|docs/research/survey-derived/SV-RQ-008-010/SV-RQ-008-010-SOURCE-LEDGER-R2.json|docs/research/survey-derived/SV-RQ-008/SV-RQ-008-CORPUS-QUERY-PLAN.md|docs/research/survey-derived/SV-RQ-008/SV-RQ-008-FOLLOW-UP-DESIGN.md|docs/research/survey-derived/SV-RQ-008/SV-RQ-008-RESEARCH-NOTE.md|docs/research/survey-derived/SV-RQ-008/SV-RQ-008-SOURCE-AUDIT-R1.md|docs/research/UC-RQ-001-GENERAL-ZOENG1-DISPOSAL-NATURAL-ATTESTATION-R1.tsv|docs/research/UC-RQ-001-GENERAL-ZOENG1-DISPOSAL-RESEARCH-R1.md|docs/research/UC-RQ-007-VERB-COPY-FOCUS-CONSTRUCTION-RESEARCH-R1.md|docs/research/UC-RQ-014-015-SEPARABLE-COMPOUND-HKCANCOR-ATTESTATION-R1.md|docs/research/UC-RQ-018-ALTERNATIVE-QUESTION-COLLISION-AUDIT-R1.tsv|docs/research/UC-RQ-025-NULL-ARGUMENT-ZERO-ANAPHORA-COLLISION-AUDIT-R1.tsv|docs/research/UC-RQ-025-NULL-ARGUMENT-ZERO-ANAPHORA-RESEARCH-R1.md|docs/research/UC-RQ-029-ZYU6-DURATIVE-COLLISION-AUDIT-R1.tsv|docs/research/UC-RQ-029-ZYU6-DURATIVE-DISPOSITION-R1.md|docs/research/UC-RQ-029-ZYU6-DURATIVE-SOURCE-VERIFICATION-R1.tsv|docs/research/UC-RQ-032-MEI6-NOT-YET-NEGATION-COLLISION-AUDIT-R1.tsv|docs/research/UC-RQ-032-MEI6-NOT-YET-NEGATION-RESEARCH-R1.md|docs/research/UC-RQ-032-MEI6-NOT-YET-NEGATION-SOURCE-VERIFICATION-R1.tsv|docs/research/UC-RQ-033-DAK1-POSTVERBAL-CONSTRUCTION-CONTRAST-RESEARCH-R1.md|docs/research/UC-RQ-033-DAK1-POSTVERBAL-CONSTRUCTION-CONTRAST-SOURCE-VERIFICATION-R1.tsv|docs/research/UC-RQ-034-PIVOTAL-CONTROL-COMPLEMENT-FAMILY-RESEARCH-R1.md|docs/research/UC-RQ-034-PIVOTAL-CONTROL-COMPLEMENT-FAMILY-SOURCE-VERIFICATION-R1.tsv|docs/research/UC-RQ-039-JAT1BIN1-SIMULTANEOUS-EVENT-CORRELATIVE-RESEARCH-R1.md|docs/research/UC-RQ-039-JAT1BIN1-SIMULTANEOUS-EVENT-CORRELATIVE-SOURCE-VERIFICATION-R1.tsv|grammar/research_pending/NegativeExperiential.md|grammar/research_pending/PostverbalZoPerfectiveVP.md|grammar/research_pending/PriorityMarkerClause.md|grammar/unsupported_generalization/ConditionalClause.md|grammar/unsupported_generalization/CopularANotAQuestion.md|grammar/unsupported_generalization/DelimitedVP.md|grammar/unsupported_generalization/NegatedVP.md|grammar/unsupported_generalization/RestorativeComplementVP.md|test-data/cp021b-lx1-construction-freeze-baseline.json|test-data/CP023-P1-PROG01-lexicon-baseline-probes.tsv|test-data/CP023-P1-PROG01-nominal-design-cases-r3.tsv|test-data/CP023-P1-PROG01-nominal-prerequisite-probes.tsv|test-data/CP023-P1-PROG01-visible-research-packet.tsv|test-data/native-speaker-naturalness-evidence-v1.json|test-data/native-speaker-naturalness-evidence-v1.tsv|test-data/natural-corpus-wechat-father-daughter-001-turns.json|test-data/natural-corpus-wechat-father-daughter-001-turns.tsv|test-data/natural-corpus-wechat-father-daughter-001-units.json|test-data/natural-corpus-wechat-father-daughter-001-units.tsv|test-data/pre-intermediate-gold-corpus.tsv|tests/constructions/ClauseRelationGraph.json|tests/constructions/ClauseSpan.json|tests/constructions/CompletionQuestion.json|tests/constructions/CopularANotAQuestion.json|tests/constructions/DirectionalMotionVP.json|tests/constructions/ExistentialClause.json|tests/constructions/ModifiedNP.json|tests/constructions/NeedsContext.json|tests/constructions/NegativeExperiential.json|tests/constructions/OvertHeadDemonstrativeClassifierNP.json|tests/constructions/PerfectiveVP.json|tests/constructions/PostverbalZoPerfectiveVP.json|tests/constructions/QuantifiedClassifierNP.json|tests/constructions/RepetitiveComplementVP.json|tests/constructions/TransitiveVP.json|tests/constructions/VerbComplementVP.json|tests/constructions/WhClassifierQuestion.json|tests/fixtures/np-subsystem.json|tests/fixtures/regression-snapshots.json|tests/tooling/corpus-review/workbench.test.js|tests/tooling/lexicon/glossika-week16-runtime-lexicon.test.js	perception_lexeme_review|vocabulary_surface_absent_from_dialog	REQUIRES_EXPERT_CONTEXT_REVIEW
GLOSSIKA-YUEHK-A1-DLG-012-20260222-I070	70	lexical_entry			30	人	jan4	person; people	sha256:153661a0b79a67a4a5400fbfd0dcfd3562d5457076ecaca18677b8d6512bb8cf	true			exact_duplicate_candidate	lexical_only_attestation	src/runtime-resources/lexicon/token-lexicon/people-and-address.js	src/parser/context/descriptors.js|src/parser/detectors/np/token-splits.js|src/plugin-entry.js|src/runtime-resources/grammar/templates/category-span-templates.js|src/runtime-resources/lexicon/compositional-lexical-phrases.js|src/runtime-resources/lexicon/token-lexicon/degree-and-formulas.js|src/runtime-resources/lexicon/token-lexicon/function-words-and-particles.js|src/runtime-resources/lexicon/token-lexicon/people-and-address.js|src/runtime-resources/lexicon/token-lexicon/places-and-times.js|src/runtime-resources/lexicon/token-lexicon/study-suite.js	data/construction-adjudication-batches/batch-11.json|data/construction-adjudication-batches/batch-13.json|data/construction-identities.json|data/natural-corpus/wechat-father-daughter-001.txt|data/pedagogical-corpus/glossika/GLOSSIKA-YUEHK-A1-DLG-003-20251214/crosswalk.json|data/pedagogical-corpus/glossika/GLOSSIKA-YUEHK-A1-DLG-003-20251214/items.tsv|data/pedagogical-corpus/glossika/GLOSSIKA-YUEHK-A1-DLG-003-20251214/review.json|data/pedagogical-corpus/glossika/GLOSSIKA-YUEHK-A1-DLG-003-20251214/source.json|data/pedagogical-corpus/glossika/GLOSSIKA-YUEHK-A1-DLG-004-20251221/crosswalk.json|data/pedagogical-corpus/glossika/GLOSSIKA-YUEHK-A1-DLG-004-20251221/items.tsv|data/pedagogical-corpus/glossika/GLOSSIKA-YUEHK-A1-DLG-004-20251221/review.json|data/pedagogical-corpus/glossika/GLOSSIKA-YUEHK-A1-DLG-004-20251221/source.json|data/pedagogical-corpus/glossika/GLOSSIKA-YUEHK-A1-DLG-006-20260104/crosswalk.json|data/pedagogical-corpus/glossika/GLOSSIKA-YUEHK-A1-DLG-006-20260104/items.tsv|data/pedagogical-corpus/glossika/GLOSSIKA-YUEHK-A1-DLG-006-20260104/review.json|data/pedagogical-corpus/glossika/GLOSSIKA-YUEHK-A1-DLG-006-20260104/source.json|data/pedagogical-corpus/glossika/GLOSSIKA-YUEHK-A1-DLG-008-20260125/crosswalk.json|data/pedagogical-corpus/glossika/GLOSSIKA-YUEHK-A1-DLG-008-20260125/items.tsv|data/pedagogical-corpus/glossika/GLOSSIKA-YUEHK-A1-DLG-008-20260125/review.json|data/pedagogical-corpus/glossika/GLOSSIKA-YUEHK-A1-DLG-008-20260125/source.json|data/pedagogical-corpus/glossika/GLOSSIKA-YUEHK-A1-DLG-009-20260201/crosswalk.json|data/pedagogical-corpus/glossika/GLOSSIKA-YUEHK-A1-DLG-009-20260201/items.tsv|data/pedagogical-corpus/glossika/GLOSSIKA-YUEHK-A1-DLG-009-20260201/review.json|data/pedagogical-corpus/glossika/GLOSSIKA-YUEHK-A1-DLG-009-20260201/source.json|data/pedagogical-corpus/glossika/GLOSSIKA-YUEHK-A1-DLG-010-20260208/crosswalk.json|data/pedagogical-corpus/glossika/GLOSSIKA-YUEHK-A1-DLG-010-20260208/items.tsv|data/pedagogical-corpus/glossika/GLOSSIKA-YUEHK-A1-DLG-010-20260208/review.json|data/pedagogical-corpus/glossika/GLOSSIKA-YUEHK-A1-DLG-010-20260208/source.json|data/pedagogical-corpus/glossika/GLOSSIKA-YUEHK-A1-W14-20260621/items.tsv|data/pedagogical-corpus/glossika/GLOSSIKA-YUEHK-A1-W14-20260621/review.json|data/pedagogical-corpus/glossika/GLOSSIKA-YUEHK-A1-W14-20260621/source.json|data/pedagogical-corpus/glossika/GLOSSIKA-YUEHK-A1-W15-20260628/items.tsv|data/pedagogical-corpus/glossika/GLOSSIKA-YUEHK-A1-W15-20260628/review.json|data/pedagogical-corpus/glossika/GLOSSIKA-YUEHK-A1-W15-20260628/source.json|data/research-ledgers/glossika-week14-claim-source.json|data/research-ledgers/glossika-week14-lexical-ingress.json|data/research-ledgers/glossika-week15-lexical-ingress.json|data/slot-model.json|docs/releases/v0.5.213-negated-stative-predicate-reconciliation-audit.json|docs/research/AB15-DEMONSTRATIVE-CLASSIFIER-NOUN-SCOPE-R1.md|docs/research/CP057-P1-NEGATED-STATIVE-PREDICATE-RECONCILIATION-R1.md|docs/research/ENVIRONMENTAL-LOCATIVE-FRAMES-SOURCE-MAP-CP021B-R22.md|docs/research/EVALUATION-PACKET-BLUEPRINTS-CP021B-R37.json|docs/research/GLOSSIKA-YUEHK-A1-W14-20260621-RESEARCH.md|docs/research/GLOSSIKA-YUEHK-A1-W15-20260628-RESEARCH.md|docs/research/LANE-06-CLASSIFIER-NP-SOURCE-MAP-CP021B-R5.md|docs/research/PARSER-CONSTRUCTION-CANONICAL-CONSOLIDATION-MATRIX-CP021B-R35.tsv|docs/research/PARSER-CONSTRUCTION-INTERNAL-DISPOSITION-MATRIX-CP021B-R34.tsv|docs/research/PARSER-CONSTRUCTION-INTERNAL-PROVENANCE-REGISTER-CP021B-R37.tsv|docs/research/PARSER-CONSTRUCTION-INTERNAL-PROVENANCE-REGISTER-CP022-I1A-I04-R1.tsv|docs/research/PARSER-CONSTRUCTION-SOURCE-MATRIX-CP021B-R37.tsv|docs/research/PARSER-CONSTRUCTION-SOURCE-REGISTER-CP021B-R37-ADDITIONS.tsv|docs/research/PRQ2-002-ZOU2ZI1-HINDSIGHT-REGRET-COLLISION-AUDIT-R1.tsv|docs/research/PRQ2-002-ZOU2ZI1-HINDSIGHT-REGRET-RESEARCH-R1.md|docs/research/PRQ2-002-ZOU2ZI1-HINDSIGHT-REGRET-SOURCE-VERIFICATION-R1.tsv|docs/research/PRQ2-003-JYUT6-SCALAR-PROGRESSION-COLLISION-AUDIT-R1.tsv|docs/research/PRQ2-003-JYUT6-SCALAR-PROGRESSION-RESEARCH-R1.md|docs/research/PRQ2-005-HOI1-HABITUAL-ESTABLISHED-ACTIVITY-COLLISION-AUDIT-R1.tsv|docs/research/PRQ2-005-HOI1-HABITUAL-ESTABLISHED-ACTIVITY-RESEARCH-R1.md|docs/research/PRQ2-005-HOI1-HABITUAL-ESTABLISHED-ACTIVITY-SOURCE-VERIFICATION-R1.tsv|docs/research/PRQ2-007-HEI2SOENG5LAI4-INCHOATIVE-ASPECT-COLLISION-AUDIT-R1.tsv|docs/research/PRQ2-007-HEI2SOENG5LAI4-INCHOATIVE-ASPECT-RESEARCH-R1.md|docs/research/PRQ2-007-HEI2SOENG5LAI4-INCHOATIVE-ASPECT-SOURCE-VERIFICATION-R1.tsv|docs/research/PRQ2-008-ZI2JIU3-ZAU6-SUFFICIENT-CONDITION-COLLISION-AUDIT-R1.tsv|docs/research/PRQ2-010-CEOI4ZO2-ZI1NGOI6-EXCLUSION-ADDITION-COLLISION-AUDIT-R1.tsv|docs/research/PRQ2-010-CEOI4ZO2-ZI1NGOI6-EXCLUSION-ADDITION-SOURCE-VERIFICATION-R1.tsv|docs/research/PRQ2-015-MUI5-GO3GO3-DOU1-DISTRIBUTIVE-QUANTIFICATION-COLLISION-AUDIT-R1.tsv|docs/research/PRQ2-015-MUI5-GO3GO3-DOU1-DISTRIBUTIVE-QUANTIFICATION-RESEARCH-R1.md|docs/research/PRQ2-015-MUI5-GO3GO3-DOU1-DISTRIBUTIVE-QUANTIFICATION-SOURCE-VERIFICATION-R1.tsv|docs/research/PRQ2-033-JAU6-JAU6-COEXISTENT-PREDICATE-RESEARCH-R1.md|docs/research/PRQ2-033-JAU6-JAU6-COEXISTENT-PREDICATE-SOURCE-VERIFICATION-R1.tsv|docs/research/PRQ2-035-NING4JYUN6-DOU1-COMMITTED-PREFERENCE-COLLISION-AUDIT-R1.tsv|docs/research/QUANTITY-SCALAR-ACTION-BOUNDARIES-SOURCE-MAP-CP021B-R29.md|docs/research/survey-derived/HKCanCor/HKCANCOR-SV-RQ-008-010-RESEARCH-NOTE-R1.md|docs/research/survey-derived/HKCanCor/HKCANCOR-SV-RQ-008-010-REVIEWED-RESULTS-R1.json|docs/research/UC-RQ-001-GENERAL-ZOENG1-DISPOSAL-NATURAL-ATTESTATION-R1.tsv|docs/research/UC-RQ-022-DEI6-PERSONAL-PLURAL-DISPOSITION-R1.md|docs/research/UC-RQ-026-DI1-DEGREE-COLLISION-AUDIT-R1.tsv|docs/research/UC-RQ-026-DI1-DEGREE-DISPOSITION-R1.md|docs/research/UC-RQ-035-JAT1-ZAU6-IMMEDIATE-ANTERIORITY-RESEARCH-R1.md|docs/research/UC-RQ-035-JAT1-ZAU6-IMMEDIATE-ANTERIORITY-SOURCE-VERIFICATION-R1.tsv|docs/research/WECHAT-GX-TRAVEL-002-ADJUDICATION-REPORT.md|docs/research/WECHAT-GX-TRAVEL-002-LEXICON-JYUTPING-READINESS-R1.md|docs/research/WECHAT-GX-TRAVEL-002-PRIORITY-GRAMMAR-RESEARCH-R1.md|grammar/research_pending/CoverbFrame.md|grammar/research_pending/ExistentialClause.md|grammar/research_pending/ExistentialPresentationalClause.md|grammar/research_pending/LocativePostureVP.md|grammar/research_pending/NegatedStativePredicate.md|grammar/research_pending/ReportedSpeech.md|grammar/unsupported_generalization/QuantifiedPersonNP.md|test-data/cp021b-lx1-construction-freeze-baseline.json|test-data/grammar-claim-source-edges-CP021A.tsv|test-data/native-speaker-naturalness-evidence-v1.json|test-data/native-speaker-naturalness-evidence-v1.tsv|test-data/natural-corpus-wechat-father-daughter-001-turns.json|test-data/natural-corpus-wechat-father-daughter-001-turns.tsv|test-data/natural-corpus-wechat-father-daughter-001-units.json|test-data/natural-corpus-wechat-father-daughter-001-units.tsv|test-data/natural-corpus-wechat-guangxi-travel-002-raw.txt|test-data/natural-corpus-wechat-guangxi-travel-002-turns.json|test-data/natural-corpus-wechat-guangxi-travel-002-turns.tsv|test-data/natural-corpus-wechat-guangxi-travel-002-units.json|test-data/natural-corpus-wechat-guangxi-travel-002-units.tsv|test-data/pre-intermediate-gold-corpus.tsv|test-data/WECHAT-GX-TRAVEL-002-ADJUDICATION-MATRIX.json|test-data/WECHAT-GX-TRAVEL-002-ADJUDICATION-MATRIX.tsv|test-data/WECHAT-GX-TRAVEL-002-LEXICON-JYUTPING-READINESS-R1.json|test-data/WECHAT-GX-TRAVEL-002-LEXICON-JYUTPING-READINESS-R1.tsv|test-data/WECHAT-GX-TRAVEL-002-LEXICON-JYUTPING-VERIFICATION-R2.json|test-data/WECHAT-GX-TRAVEL-002-LEXICON-JYUTPING-VERIFICATION-R2.tsv|test-data/WECHAT-GX-TRAVEL-002-LEXICON-PATCH-BLUEPRINT-R2.json|test-data/WECHAT-GX-TRAVEL-002-LEXICON-PATCH-BLUEPRINT-R2.tsv|test-data/WECHAT-GX-TRAVEL-002-LEXICON-PATCH-TEST-MATRIX-R2.tsv|test-data/WECHAT-GX-TRAVEL-002-QUEUE-D-context_disfluency_research.tsv|test-data/WECHAT-GX-TRAVEL-002-QUEUE-G-grammar_research_external_evidence.tsv|test-data/WECHAT-GX-TRAVEL-002-QUEUE-L-lexicon_jyutping_enrichment.tsv|tests/constructions/ANotAQuestion.json|tests/constructions/ClauseRelationGraph.json|tests/constructions/ClauseSpan.json|tests/constructions/CompletionVP.json|tests/constructions/DiMarkedNP.json|tests/constructions/ExistentialPresentationalClause.json|tests/constructions/ExistentialQuestion.json|tests/constructions/ExperientialVP.json|tests/constructions/ExperientialYesNoQuestion.json|tests/constructions/FocusParticleFrame.json|tests/constructions/LocativeExistentialClause.json|tests/constructions/LocativePlacePhrase.json|tests/constructions/ModifiedNP.json|tests/constructions/NeedsContext.json|tests/constructions/NegatedStativePredicate.json|tests/constructions/NominalHeadSpan.json|tests/constructions/QuantifiedClassifierNP.json|tests/constructions/QuantifiedPersonNP.json|tests/constructions/ScalarValueQuestion.json|tests/constructions/TransitiveVP.json|tests/fixtures/regression-snapshots.json|tests/tooling/corpus-review/test_aa77_hkcancor_profile.py|tests/tooling/corpus-review/test_aa91_hkcancor_profile.py		REQUIRES_EXPERT_CONTEXT_REVIEW
GLOSSIKA-YUEHK-A1-DLG-012-20260222-I071	71	lexical_entry			31	有啲	jau5 di1	some; a little; somewhat	sha256:41419e44f86d00392405509d5634a710e6c0b67eccdd09d39e351e1fe4d4a5c5	false			exact_duplicate_candidate	lexical_only_attestation	src/runtime-resources/lexicon/token-lexicon/degree-and-formulas.js	src/parser/orchestration/wrap-predicate.js|src/runtime-resources/lexicon/token-lexicon/degree-and-formulas.js	data/pedagogical-corpus/glossika/GLOSSIKA-YUEHK-A1-DLG-002-20251207/crosswalk.json|data/pedagogical-corpus/glossika/GLOSSIKA-YUEHK-A1-DLG-002-20251207/items.tsv|data/pedagogical-corpus/glossika/GLOSSIKA-YUEHK-A1-DLG-002-20251207/review.json|data/pedagogical-corpus/glossika/GLOSSIKA-YUEHK-A1-DLG-002-20251207/source.json|data/pedagogical-corpus/glossika/GLOSSIKA-YUEHK-A1-DLG-007-20260111/crosswalk.json|data/pedagogical-corpus/glossika/GLOSSIKA-YUEHK-A1-DLG-007-20260111/items.tsv|data/pedagogical-corpus/glossika/GLOSSIKA-YUEHK-A1-DLG-007-20260111/review.json|data/pedagogical-corpus/glossika/GLOSSIKA-YUEHK-A1-DLG-007-20260111/source.json|data/pedagogical-corpus/glossika/GLOSSIKA-YUEHK-A1-DLG-009-20260201/crosswalk.json|data/pedagogical-corpus/glossika/GLOSSIKA-YUEHK-A1-DLG-009-20260201/items.tsv|data/pedagogical-corpus/glossika/GLOSSIKA-YUEHK-A1-DLG-009-20260201/review.json|data/pedagogical-corpus/glossika/GLOSSIKA-YUEHK-A1-DLG-009-20260201/source.json|docs/research/CP022-IMPLEMENTATION-BACKLOG-CP021B-R37.tsv|docs/research/LANE-10-STATIVE-PREDICATION-SOURCE-MAP-CP021B-R8.md|docs/research/PARSER-CONSTRUCTION-CANONICAL-CONSOLIDATION-MATRIX-CP021B-R35.tsv|docs/research/PARSER-CONSTRUCTION-SOURCE-COVERAGE-CP021B-R37.tsv|docs/research/PARSER-CONSTRUCTION-SOURCE-MATRIX-CP021B-R37.tsv|docs/research/PRQ2-035-NING4JYUN6-DOU1-COMMITTED-PREFERENCE-COLLISION-AUDIT-R1.tsv|docs/research/UC-RQ-001-GENERAL-ZOENG1-DISPOSAL-NATURAL-ATTESTATION-R1.tsv|docs/research/UC-RQ-014-015-SEPARABLE-COMPOUND-HKCANCOR-ATTESTATION-R1.md|docs/research/UC-RQ-026-DI1-DEGREE-COLLISION-AUDIT-R1.tsv|docs/research/UC-RQ-026-DI1-DEGREE-DISPOSITION-R1.md|tests/constructions/ClauseRelationGraph.json	indefinite_degree_review|vocabulary_surface_absent_from_dialog	REQUIRES_EXPERT_CONTEXT_REVIEW
GLOSSIKA-YUEHK-A1-DLG-012-20260222-I072	72	lexical_entry			32	練習	lin6 zaap6	to practice; practice	sha256:5bdeac7c7deb23fb711a703a4a0c497914276966a2cf1c8090dbcb4550458442	false			no_project_match	new_attestation				practice_lexeme_review|vocabulary_surface_absent_from_dialog	REQUIRES_EXPERT_CONTEXT_REVIEW
GLOSSIKA-YUEHK-A1-DLG-012-20260222-I073	73	lexical_entry			33	就	zau6	then; only then	sha256:06dfd463fce639bf56ba5bd5a4c0fdc74aa91aedfb0d35bcb9e5d1f93a5b443b	true			exact_duplicate_candidate	lexical_only_attestation	src/runtime-resources/lexicon/token-lexicon/function-words-and-particles.js	src/parser/clause-relations/graph.js|src/parser/clause-relations/markers.js|src/parser/context/descriptors.js|src/parser/features/token-features.js|src/parser/terminal/particles/discourse.js|src/parser/tokenization/contextual-overrides.js|src/plugin-entry.js|src/runtime-resources/constructions/runtime-label-registry.js|src/runtime-resources/grammar/templates/slot-generation-rules.js|src/runtime-resources/lexicon/formulas.js|src/runtime-resources/lexicon/token-lexicon/degree-and-formulas.js|src/runtime-resources/lexicon/token-lexicon/function-words-and-particles.js	data/construction-adjudication-batches/batch-07.json|data/construction-candidate-readiness.json|data/construction-identities.json|data/natural-corpus/wechat-father-daughter-001.txt|data/pedagogical-corpus/glossika/GLOSSIKA-YUEHK-A1-DLG-002-20251207/crosswalk.json|data/pedagogical-corpus/glossika/GLOSSIKA-YUEHK-A1-DLG-002-20251207/items.tsv|data/pedagogical-corpus/glossika/GLOSSIKA-YUEHK-A1-DLG-002-20251207/review.json|data/pedagogical-corpus/glossika/GLOSSIKA-YUEHK-A1-DLG-002-20251207/source.json|data/pedagogical-corpus/glossika/GLOSSIKA-YUEHK-A1-DLG-003-20251214/crosswalk.json|data/pedagogical-corpus/glossika/GLOSSIKA-YUEHK-A1-DLG-003-20251214/items.tsv|data/pedagogical-corpus/glossika/GLOSSIKA-YUEHK-A1-DLG-003-20251214/review.json|data/pedagogical-corpus/glossika/GLOSSIKA-YUEHK-A1-DLG-003-20251214/source.json|data/pedagogical-corpus/glossika/GLOSSIKA-YUEHK-A1-DLG-006-20260104/crosswalk.json|data/pedagogical-corpus/glossika/GLOSSIKA-YUEHK-A1-DLG-006-20260104/items.tsv|data/pedagogical-corpus/glossika/GLOSSIKA-YUEHK-A1-DLG-006-20260104/review.json|data/pedagogical-corpus/glossika/GLOSSIKA-YUEHK-A1-DLG-006-20260104/source.json|data/pedagogical-corpus/glossika/GLOSSIKA-YUEHK-A1-DLG-007-20260111/crosswalk.json|data/pedagogical-corpus/glossika/GLOSSIKA-YUEHK-A1-DLG-007-20260111/items.tsv|data/pedagogical-corpus/glossika/GLOSSIKA-YUEHK-A1-DLG-007-20260111/review.json|data/pedagogical-corpus/glossika/GLOSSIKA-YUEHK-A1-DLG-007-20260111/source.json|data/pedagogical-corpus/glossika/GLOSSIKA-YUEHK-A1-DLG-008-20260125/crosswalk.json|data/pedagogical-corpus/glossika/GLOSSIKA-YUEHK-A1-DLG-008-20260125/items.tsv|data/pedagogical-corpus/glossika/GLOSSIKA-YUEHK-A1-DLG-008-20260125/review.json|data/pedagogical-corpus/glossika/GLOSSIKA-YUEHK-A1-DLG-008-20260125/source.json|data/pedagogical-corpus/glossika/GLOSSIKA-YUEHK-A1-DLG-009-20260201/crosswalk.json|data/pedagogical-corpus/glossika/GLOSSIKA-YUEHK-A1-DLG-009-20260201/items.tsv|data/pedagogical-corpus/glossika/GLOSSIKA-YUEHK-A1-DLG-009-20260201/review.json|data/pedagogical-corpus/glossika/GLOSSIKA-YUEHK-A1-DLG-009-20260201/source.json|data/pedagogical-corpus/glossika/GLOSSIKA-YUEHK-A1-DLG-010-20260208/crosswalk.json|data/pedagogical-corpus/glossika/GLOSSIKA-YUEHK-A1-DLG-010-20260208/items.tsv|data/pedagogical-corpus/glossika/GLOSSIKA-YUEHK-A1-DLG-010-20260208/review.json|data/pedagogical-corpus/glossika/GLOSSIKA-YUEHK-A1-DLG-010-20260208/source.json|data/pedagogical-corpus/glossika/GLOSSIKA-YUEHK-A1-DLG-011-20260215/crosswalk.json|data/pedagogical-corpus/glossika/GLOSSIKA-YUEHK-A1-DLG-011-20260215/items.tsv|data/pedagogical-corpus/glossika/GLOSSIKA-YUEHK-A1-DLG-011-20260215/review.json|data/pedagogical-corpus/glossika/GLOSSIKA-YUEHK-A1-DLG-011-20260215/source.json|data/pedagogical-corpus/glossika/GLOSSIKA-YUEHK-A1-W15-20260628/items.tsv|data/pedagogical-corpus/glossika/GLOSSIKA-YUEHK-A1-W15-20260628/review.json|data/pedagogical-corpus/glossika/GLOSSIKA-YUEHK-A1-W15-20260628/source.json|data/pedagogical-corpus/glossika/GLOSSIKA-YUEHK-A1-W16-20260705/items.tsv|data/pedagogical-corpus/glossika/GLOSSIKA-YUEHK-A1-W16-20260705/review.json|data/pedagogical-corpus/glossika/GLOSSIKA-YUEHK-A1-W16-20260705/source.json|data/pedagogical-corpus/glossika/GLOSSIKA-YUEHK-A1-W17-20260712/crosswalk.json|data/pedagogical-corpus/glossika/GLOSSIKA-YUEHK-A1-W17-20260712/items.tsv|data/pedagogical-corpus/glossika/GLOSSIKA-YUEHK-A1-W17-20260712/review.json|data/pedagogical-corpus/glossika/GLOSSIKA-YUEHK-A1-W17-20260712/source.json|data/pedagogical-corpus/glossika/GLOSSIKA-YUEHK-A1-W18-20260719/source.json|data/research-ledgers/glossika-week15-claim-source.json|data/research-ledgers/glossika-week15-followup-candidates.json|docs/research/AA84-MANNER-PROFILE-RECONCILIATION-R1.md|docs/research/AB30-CORPUS-CANDIDATE-REVIEW-R1.md|docs/research/COMPLEMENT-OMISSION-AND-VALENCY-SOURCE-MAP-CP021B-R26.md|docs/research/CONDITIONAL-CLAUSE-LINKING-SOURCE-MAP-CP021B-R25.md|docs/research/CP022-IMPLEMENTATION-BACKLOG-CP021B-R37.tsv|docs/research/CP023-P1-PROG01-CLAIM-SOURCE-EDGES.tsv|docs/research/CP023-P1-PROG01-NATURAL-ATTESTATION-ADJUDICATION.md|docs/research/CP023-P1-PROG01-NOMINAL-DI-ASSOCIATIVE-SCOPE-DESIGN-R3.md|docs/research/CP023-P1-PROG01-REMEDIATION-DEPENDENCIES-R2.tsv|docs/research/CP023-P1-PROG01-SOURCE-REGISTER-R3.tsv|docs/research/CP040-P1-FINAL-REACHABLE-WRAPPER-AUDIT-R1.md|docs/research/CP040-P1-FINAL-REACHABLE-WRAPPER-INVENTORY-R1.tsv|docs/research/CP061-P1-HIGH-FANOUT-BOUNDARY-CLOSURE-R1.md|docs/research/EVALUATION-PACKET-BLUEPRINTS-CP021B-R37.json|docs/research/GLOSSIKA-YUEHK-A1-DLG-002-20251207-CORPUS-INGRESS.md|docs/research/GLOSSIKA-YUEHK-A1-W15-20260628-RESEARCH.md|docs/research/I02-FOCUSED-EVALUATION-PACKET-CP022-I1A-I02-D1.md|docs/research/LANE-03-RESIDUAL-FRAGMENT-SUBTYPES-SOURCE-MAP-CP021B-R18.md|docs/research/PARSER-CONSTRUCTION-CANONICAL-CONSOLIDATION-MATRIX-CP021B-R35.tsv|docs/research/PARSER-CONSTRUCTION-INTERNAL-DISPOSITION-MATRIX-CP021B-R34.tsv|docs/research/PARSER-CONSTRUCTION-INTERNAL-PROVENANCE-REGISTER-CP021B-R37.tsv|docs/research/PARSER-CONSTRUCTION-INTERNAL-PROVENANCE-REGISTER-CP022-I1A-I04-R1.tsv|docs/research/PARSER-CONSTRUCTION-SOURCE-COVERAGE-CP021B-R37.tsv|docs/research/PARSER-CONSTRUCTION-SOURCE-MATRIX-CP021B-R37.tsv|docs/research/PARSER-CONSTRUCTION-SOURCE-REGISTER-CP021B-R37-ADDITIONS.tsv|docs/research/PARSER-CONSTRUCTION-SOURCE-REGISTER-CP021B-R37.tsv|docs/research/PRQ2-002-ZOU2ZI1-HINDSIGHT-REGRET-COLLISION-AUDIT-R1.tsv|docs/research/PRQ2-002-ZOU2ZI1-HINDSIGHT-REGRET-RESEARCH-R1.md|docs/research/PRQ2-002-ZOU2ZI1-HINDSIGHT-REGRET-SOURCE-VERIFICATION-R1.tsv|docs/research/PRQ2-003-JYUT6-SCALAR-PROGRESSION-COLLISION-AUDIT-R1.tsv|docs/research/PRQ2-003-JYUT6-SCALAR-PROGRESSION-RESEARCH-R1.md|docs/research/PRQ2-003-JYUT6-SCALAR-PROGRESSION-SOURCE-VERIFICATION-R1.tsv|docs/research/PRQ2-004-CAA1DI1-NEAR-MISS-COLLISION-AUDIT-R1.tsv|docs/research/PRQ2-004-CAA1DI1-NEAR-MISS-RESEARCH-R1.md|docs/research/PRQ2-004-CAA1DI1-NEAR-MISS-SOURCE-VERIFICATION-R1.tsv|docs/research/PRQ2-006-LOK6HEOI3-CONTINUATIVE-ASPECT-COLLISION-AUDIT-R1.tsv|docs/research/PRQ2-006-LOK6HEOI3-CONTINUATIVE-ASPECT-RESEARCH-R1.md|docs/research/PRQ2-007-HEI2SOENG5LAI4-INCHOATIVE-ASPECT-COLLISION-AUDIT-R1.tsv|docs/research/PRQ2-007-HEI2SOENG5LAI4-INCHOATIVE-ASPECT-RESEARCH-R1.md|docs/research/PRQ2-007-HEI2SOENG5LAI4-INCHOATIVE-ASPECT-SOURCE-VERIFICATION-R1.tsv|docs/research/PRQ2-008-ZI2JIU3-ZAU6-SUFFICIENT-CONDITION-COLLISION-AUDIT-R1.tsv|docs/research/PRQ2-008-ZI2JIU3-ZAU6-SUFFICIENT-CONDITION-RESEARCH-R1.md|docs/research/PRQ2-008-ZI2JIU3-ZAU6-SUFFICIENT-CONDITION-SOURCE-VERIFICATION-R1.tsv|docs/research/PRQ2-009-GEI3JIN4-PREMISE-RESPONSE-COLLISION-AUDIT-R1.tsv|docs/research/PRQ2-009-GEI3JIN4-PREMISE-RESPONSE-RESEARCH-R1.md|docs/research/PRQ2-010-CEOI4ZO2-ZI1NGOI6-EXCLUSION-ADDITION-COLLISION-AUDIT-R1.tsv|docs/research/PRQ2-010-CEOI4ZO2-ZI1NGOI6-EXCLUSION-ADDITION-RESEARCH-R1.md|docs/research/PRQ2-012-JAT1HAI6-EXCLUSIVE-ALTERNATIVE-COLLISION-AUDIT-R1.tsv|docs/research/PRQ2-012-JAT1HAI6-EXCLUSIVE-ALTERNATIVE-RESEARCH-R1.md|docs/research/PRQ2-012-JAT1HAI6-EXCLUSIVE-ALTERNATIVE-SOURCE-VERIFICATION-R1.tsv|docs/research/PRQ2-014-ZI2JAU5-SIN1ZI3-NECESSARY-CONDITION-COLLISION-AUDIT-R1.tsv|docs/research/PRQ2-014-ZI2JAU5-SIN1ZI3-NECESSARY-CONDITION-RESEARCH-R1.md|docs/research/PRQ2-015-MUI5-GO3GO3-DOU1-DISTRIBUTIVE-QUANTIFICATION-COLLISION-AUDIT-R1.tsv|docs/research/PRQ2-015-MUI5-GO3GO3-DOU1-DISTRIBUTIVE-QUANTIFICATION-RESEARCH-R1.md|docs/research/PRQ2-034-MOU4LEON6-DOU1-UNCONDITIONAL-COLLISION-AUDIT-R1.tsv|docs/research/PRQ2-034-MOU4LEON6-DOU1-UNCONDITIONAL-RESEARCH-R1.md|docs/research/RESEARCH-PROVENANCE-REPAIR-PLAN-R1.md|docs/research/RESULT-CHANGE-PRIMARY-SOURCE-LEDGER-R1.tsv|docs/research/RETIRED-CONSTRUCTION-ARCHIVE-v0.5.186-R1.tsv|docs/research/UC-RQ-001-GENERAL-ZOENG1-DISPOSAL-NATURAL-ATTESTATION-R1.tsv|docs/research/UC-RQ-002-003-DOUBLE-OBJECT-HKCANCOR-CENSUS-R1.md|docs/research/UC-RQ-007-VERB-COPY-FOCUS-CONSTRUCTION-RESEARCH-R1.md|docs/research/UC-RQ-014-015-SEPARABLE-COMPOUND-HKCANCOR-ATTESTATION-R1.md|docs/research/UC-RQ-035-JAT1-ZAU6-IMMEDIATE-ANTERIORITY-COLLISION-AUDIT-R1.tsv|docs/research/UC-RQ-035-JAT1-ZAU6-IMMEDIATE-ANTERIORITY-RESEARCH-R1.md|docs/research/UC-RQ-035-JAT1-ZAU6-IMMEDIATE-ANTERIORITY-SOURCE-VERIFICATION-R1.tsv|docs/research/UC-RQ-037-ZAU6SYUN3-DOU1-SCALAR-CONCESSIVE-COLLISION-AUDIT-R1.tsv|docs/research/UC-RQ-037-ZAU6SYUN3-DOU1-SCALAR-CONCESSIVE-RESEARCH-R1.md|docs/research/UC-RQ-037-ZAU6SYUN3-DOU1-SCALAR-CONCESSIVE-SOURCE-VERIFICATION-R1.tsv|docs/research/UC-RQ-038-CEOI4FEI1-EXCEPTION-CONDITIONAL-COLLISION-AUDIT-R1.tsv|docs/research/WECHAT-GX-TRAVEL-002-ADJUDICATION-REPORT.md|docs/research/WECHAT-GX-TRAVEL-002-PRIORITY-GRAMMAR-RESEARCH-R1.md|grammar/parser_heuristic/ClauseRelationGraph.md|grammar/research_pending/ComplementEllipsisFragment.md|grammar/retired/README.md|grammar/unsupported_generalization/ConditionalClause.md|test-data/cp021b-lx1-construction-freeze-baseline.json|test-data/CP023-P1-PROG01-visible-research-packet.tsv|test-data/native-speaker-naturalness-evidence-v1.json|test-data/native-speaker-naturalness-evidence-v1.tsv|test-data/natural-corpus-wechat-father-daughter-001-turns.json|test-data/natural-corpus-wechat-father-daughter-001-turns.tsv|test-data/natural-corpus-wechat-father-daughter-001-units.json|test-data/natural-corpus-wechat-father-daughter-001-units.tsv|test-data/natural-corpus-wechat-guangxi-travel-002-raw.txt|test-data/natural-corpus-wechat-guangxi-travel-002-turns.json|test-data/natural-corpus-wechat-guangxi-travel-002-turns.tsv|test-data/natural-corpus-wechat-guangxi-travel-002-units.json|test-data/natural-corpus-wechat-guangxi-travel-002-units.tsv|test-data/pre-intermediate-gold-corpus.tsv|test-data/review-only-readiness.tsv|test-data/w17-functional-corpus.tsv|test-data/w17-glossika-corpus.tsv|test-data/WECHAT-GX-TRAVEL-002-ADJUDICATION-MATRIX.json|test-data/WECHAT-GX-TRAVEL-002-ADJUDICATION-MATRIX.tsv|test-data/WECHAT-GX-TRAVEL-002-CONTROLLED-CONTRASTS-R1.tsv|test-data/WECHAT-GX-TRAVEL-002-LEXICON-PATCH-BLUEPRINT-R2.json|test-data/WECHAT-GX-TRAVEL-002-LEXICON-PATCH-BLUEPRINT-R2.tsv|test-data/WECHAT-GX-TRAVEL-002-LEXICON-PATCH-TEST-MATRIX-R2.tsv|test-data/WECHAT-GX-TRAVEL-002-QUEUE-D-context_disfluency_research.tsv|test-data/WECHAT-GX-TRAVEL-002-QUEUE-G-grammar_research_external_evidence.tsv|test-data/WECHAT-GX-TRAVEL-002-QUEUE-L-lexicon_jyutping_enrichment.tsv|test-data/WECHAT-GX-TRAVEL-002-QUEUE-R-accepted_behavior_regression.tsv|test-data/WECHAT-GX-TRAVEL-002-REGRESSION-REMEDIATION-READINESS-R2.json|test-data/WECHAT-GX-TRAVEL-002-REGRESSION-REMEDIATION-READINESS-R2.tsv|tests/constructions/ClauseRelationEdge.json|tests/constructions/ClauseRelationGraph.json|tests/constructions/ClauseRelationMemberSpan.json|tests/constructions/ClauseSpan.json|tests/constructions/CognitionContentFrame.json|tests/constructions/DirectionalMotionVP.json|tests/constructions/ImpersonalEnvironmentalClause.json|tests/constructions/IntransitiveVP.json|tests/constructions/NegatedDirectionalMotionVP.json|tests/constructions/NominalHeadSpan.json|tests/constructions/OpinionStanceFrame.json|tests/constructions/ReportedSpeech.json|tests/constructions/TransitiveVP.json|tests/fixtures/regression-snapshots.json	sequencing_result_review	REQUIRES_EXPERT_CONTEXT_REVIEW
GLOSSIKA-YUEHK-A1-DLG-012-20260222-I074	74	lexical_entry			34	會	wui5	will; can; know how to	sha256:d12806bc42690301c88f0e04d7d26b837496ef374abd12db1ef0c3f8db87811a	false			exact_duplicate_candidate	lexical_only_attestation	src/runtime-resources/lexicon/token-lexicon/function-words-and-particles.js	src/parser/nodes/node-shape.js|src/runtime-resources/constructions/runtime-label-registry.js|src/runtime-resources/grammar/predicate-profiles.js|src/runtime-resources/grammar/templates/slot-generation-rules.js|src/runtime-resources/lexicon/token-lexicon/function-words-and-particles.js	data/construction-adjudication-batches/batch-02.json|data/construction-adjudication-batches/batch-12.json|data/construction-adjudication-batches/batch-13.json|data/construction-identities.json|data/pedagogical-corpus/glossika/GLOSSIKA-YUEHK-A1-DLG-002-20251207/crosswalk.json|data/pedagogical-corpus/glossika/GLOSSIKA-YUEHK-A1-DLG-002-20251207/items.tsv|data/pedagogical-corpus/glossika/GLOSSIKA-YUEHK-A1-DLG-002-20251207/review.json|data/pedagogical-corpus/glossika/GLOSSIKA-YUEHK-A1-DLG-002-20251207/source.json|data/pedagogical-corpus/glossika/GLOSSIKA-YUEHK-A1-DLG-003-20251214/crosswalk.json|data/pedagogical-corpus/glossika/GLOSSIKA-YUEHK-A1-DLG-003-20251214/items.tsv|data/pedagogical-corpus/glossika/GLOSSIKA-YUEHK-A1-DLG-003-20251214/review.json|data/pedagogical-corpus/glossika/GLOSSIKA-YUEHK-A1-DLG-003-20251214/source.json|data/pedagogical-corpus/glossika/GLOSSIKA-YUEHK-A1-DLG-004-20251221/crosswalk.json|data/pedagogical-corpus/glossika/GLOSSIKA-YUEHK-A1-DLG-004-20251221/items.tsv|data/pedagogical-corpus/glossika/GLOSSIKA-YUEHK-A1-DLG-004-20251221/review.json|data/pedagogical-corpus/glossika/GLOSSIKA-YUEHK-A1-DLG-004-20251221/source.json|data/pedagogical-corpus/glossika/GLOSSIKA-YUEHK-A1-DLG-005-20251228/crosswalk.json|data/pedagogical-corpus/glossika/GLOSSIKA-YUEHK-A1-DLG-005-20251228/items.tsv|data/pedagogical-corpus/glossika/GLOSSIKA-YUEHK-A1-DLG-005-20251228/review.json|data/pedagogical-corpus/glossika/GLOSSIKA-YUEHK-A1-DLG-005-20251228/source.json|data/pedagogical-corpus/glossika/GLOSSIKA-YUEHK-A1-DLG-006-20260104/crosswalk.json|data/pedagogical-corpus/glossika/GLOSSIKA-YUEHK-A1-DLG-006-20260104/items.tsv|data/pedagogical-corpus/glossika/GLOSSIKA-YUEHK-A1-DLG-006-20260104/review.json|data/pedagogical-corpus/glossika/GLOSSIKA-YUEHK-A1-DLG-006-20260104/source.json|data/pedagogical-corpus/glossika/GLOSSIKA-YUEHK-A1-DLG-008-20260125/crosswalk.json|data/pedagogical-corpus/glossika/GLOSSIKA-YUEHK-A1-DLG-008-20260125/items.tsv|data/pedagogical-corpus/glossika/GLOSSIKA-YUEHK-A1-DLG-008-20260125/review.json|data/pedagogical-corpus/glossika/GLOSSIKA-YUEHK-A1-DLG-008-20260125/source.json|data/pedagogical-corpus/glossika/GLOSSIKA-YUEHK-A1-DLG-009-20260201/crosswalk.json|data/pedagogical-corpus/glossika/GLOSSIKA-YUEHK-A1-DLG-009-20260201/items.tsv|data/pedagogical-corpus/glossika/GLOSSIKA-YUEHK-A1-DLG-009-20260201/review.json|data/pedagogical-corpus/glossika/GLOSSIKA-YUEHK-A1-DLG-009-20260201/source.json|data/pedagogical-corpus/glossika/GLOSSIKA-YUEHK-A1-W14-20260621/items.tsv|data/pedagogical-corpus/glossika/GLOSSIKA-YUEHK-A1-W14-20260621/review.json|data/pedagogical-corpus/glossika/GLOSSIKA-YUEHK-A1-W14-20260621/source.json|data/pedagogical-corpus/glossika/GLOSSIKA-YUEHK-A1-W18-20260719/crosswalk.json|data/pedagogical-corpus/glossika/GLOSSIKA-YUEHK-A1-W18-20260719/items.tsv|data/pedagogical-corpus/glossika/GLOSSIKA-YUEHK-A1-W18-20260719/review.json|data/pedagogical-corpus/glossika/GLOSSIKA-YUEHK-A1-W18-20260719/source.json|data/research-ledgers/glossika-week14-claim-source.json|data/research-ledgers/glossika-week14-followup-candidates.json|data/research-ledgers/glossika-week14-lexical-ingress.json|data/research-ledgers/glossika-week18-temporal-lexicon.json|docs/research/CONDITIONAL-CLAUSE-LINKING-SOURCE-MAP-CP021B-R25.md|docs/research/CONSTRUCTION-ADJUDICATION-BATCH-02.md|docs/research/CONSTRUCTION-ADJUDICATION-BATCH-12.md|docs/research/CONSTRUCTION-ADJUDICATION-BATCH-13.md|docs/research/CP023-P1-PROG01-CLAIM-SOURCE-EDGES.tsv|docs/research/CP023-P1-PROG01-PREDICATE-COMPATIBILITY-MATRIX-R3.tsv|docs/research/CP023-P1-PROG01-QUESTION-AND-SOURCE-FREEZE.md|docs/research/CP023-P1-PROG01-R1-RESEARCH-CHECKPOINT.md|docs/research/CP023-P1-PROG01-REMEDIATION-BLUEPRINT-R2.md|docs/research/CP023-P1-PROG01-REMEDIATION-DEPENDENCIES-R2.tsv|docs/research/CP025-P1-PFV01-SPEAKER-A-RAW-R2.md|docs/research/CP036-P1-RESULT-CHANGE-STATE-WRAPPER-AUDIT-R1.md|docs/research/CP036-P1-RESULT-CHANGE-STATE-WRAPPER-INVENTORY-R1.tsv|docs/research/EVALUATION-PACKET-BLUEPRINTS-CP021B-R37.json|docs/research/GLOSSIKA-YUEHK-A1-W14-20260621-RESEARCH.md|docs/research/GLOSSIKA-YUEHK-A1-W18-20260719-RESEARCH.md|docs/research/LANE-07-A-NOT-A-QUESTIONS-SOURCE-MAP-CP021B-R7.md|docs/research/MODAL-DESIDERATIVE-PREFERENCE-SOURCE-MAP-CP021B-R14.md|docs/research/PARSER-CONSTRUCTION-CANONICAL-CONSOLIDATION-MATRIX-CP021B-R35.tsv|docs/research/PARSER-CONSTRUCTION-INTERNAL-DISPOSITION-MATRIX-CP021B-R34.tsv|docs/research/PARSER-CONSTRUCTION-SOURCE-MATRIX-CP021B-R37.tsv|docs/research/PARSER-CONSTRUCTION-SOURCE-REGISTER-CP021B-R37-ADDITIONS.tsv|docs/research/PARSER-CONSTRUCTION-SOURCE-REGISTER-CP021B-R37.tsv|docs/research/PRQ2-002-ZOU2ZI1-HINDSIGHT-REGRET-COLLISION-AUDIT-R1.tsv|docs/research/PRQ2-002-ZOU2ZI1-HINDSIGHT-REGRET-RESEARCH-R1.md|docs/research/PRQ2-002-ZOU2ZI1-HINDSIGHT-REGRET-SOURCE-VERIFICATION-R1.tsv|docs/research/PRQ2-005-HOI1-HABITUAL-ESTABLISHED-ACTIVITY-COLLISION-AUDIT-R1.tsv|docs/research/PRQ2-005-HOI1-HABITUAL-ESTABLISHED-ACTIVITY-RESEARCH-R1.md|docs/research/PRQ2-006-LOK6HEOI3-CONTINUATIVE-ASPECT-COLLISION-AUDIT-R1.tsv|docs/research/PRQ2-006-LOK6HEOI3-CONTINUATIVE-ASPECT-RESEARCH-R1.md|docs/research/PRQ2-006-LOK6HEOI3-CONTINUATIVE-ASPECT-SOURCE-VERIFICATION-R1.tsv|docs/research/PRQ2-008-ZI2JIU3-ZAU6-SUFFICIENT-CONDITION-RESEARCH-R1.md|docs/research/PRQ2-009-GEI3JIN4-PREMISE-RESPONSE-COLLISION-AUDIT-R1.tsv|docs/research/PRQ2-010-CEOI4ZO2-ZI1NGOI6-EXCLUSION-ADDITION-COLLISION-AUDIT-R1.tsv|docs/research/PRQ2-010-CEOI4ZO2-ZI1NGOI6-EXCLUSION-ADDITION-SOURCE-VERIFICATION-R1.tsv|docs/research/PRQ2-011-M4DAAN1ZI2-ZUNG6-ADDITIVE-CORRELATIVE-RESEARCH-R1.md|docs/research/PRQ2-013-JYU5KEI4-BAT1JYU4-ORDERED-PREFERENCE-COLLISION-AUDIT-R1.tsv|docs/research/PRQ2-015-MUI5-GO3GO3-DOU1-DISTRIBUTIVE-QUANTIFICATION-COLLISION-AUDIT-R1.tsv|docs/research/PRQ2-015-MUI5-GO3GO3-DOU1-DISTRIBUTIVE-QUANTIFICATION-RESEARCH-R1.md|docs/research/PRQ2-034-MOU4LEON6-DOU1-UNCONDITIONAL-COLLISION-AUDIT-R1.tsv|docs/research/RESULT-CHANGE-EVIDENCE-RECONCILIATION-R1.md|docs/research/RESULT-CHANGE-WRAPPERS-SOURCE-MAP-CP021B-R28.md|docs/research/survey-derived/SV-RQ-001-007/SV-RQ-001-007-ATTESTATION-REGISTER-R2.json|docs/research/survey-derived/SV-RQ-001-007/SV-RQ-001-007-ROUND-2.md|docs/research/UC-RQ-001-GENERAL-ZOENG1-DISPOSAL-COLLISION-AUDIT-R1.tsv|docs/research/UC-RQ-001-GENERAL-ZOENG1-DISPOSAL-NATURAL-ATTESTATION-R1.tsv|docs/research/UC-RQ-001-GENERAL-ZOENG1-DISPOSAL-RESEARCH-R1.md|docs/research/UC-RQ-002-003-DOUBLE-OBJECT-HKCANCOR-CENSUS-R1.md|docs/research/UC-RQ-014-015-SEPARABLE-COMPOUND-HKCANCOR-ATTESTATION-R1.md|docs/research/UC-RQ-021-NEGATIVE-POLARITY-MINIMIZER-RESEARCH-R1.md|docs/research/UC-RQ-025-NULL-ARGUMENT-ZERO-ANAPHORA-COLLISION-AUDIT-R1.tsv|docs/research/UC-RQ-038-CEOI4FEI1-EXCEPTION-CONDITIONAL-COLLISION-AUDIT-R1.tsv|docs/research/UC-RQ-038-CEOI4FEI1-EXCEPTION-CONDITIONAL-RESEARCH-R1.md|docs/research/UC-RQ-038-CEOI4FEI1-EXCEPTION-CONDITIONAL-SOURCE-VERIFICATION-R1.tsv|docs/research/WECHAT-GX-TRAVEL-002-PRIORITY-GRAMMAR-RESEARCH-R1.md|grammar/research_pending/ChangeIntoPredicate.md|grammar/research_pending/ModalVP.md|grammar/research_pending/PriorityMarkerClause.md|test-data/cp021b-lx1-construction-freeze-baseline.json|test-data/CP023-P1-PROG01-visible-research-packet.tsv|test-data/native-speaker-naturalness-evidence-v1.json|test-data/native-speaker-naturalness-evidence-v1.tsv|test-data/pre-intermediate-gold-corpus.tsv|test-data/WECHAT-GX-TRAVEL-002-CONTROLLED-CONTRASTS-R1.tsv|tests/constructions/ChangeIntoPredicate.json|tests/constructions/ClauseRelationGraph.json|tests/constructions/CognitionStatementClause.json|tests/constructions/DirectionalMotionVP.json|tests/constructions/DiscourseParticleFrame.json|tests/constructions/ImpersonalEnvironmentalClause.json|tests/constructions/ModalANotAQuestion.json|tests/constructions/ModalVP.json|tests/constructions/ReportedSpeech.json|tests/fixtures/regression-snapshots.json|tests/tooling/corpus-review/test_aa89_hkcancor_profile.py	modal_ability_future_review|vocabulary_surface_absent_from_dialog	REQUIRES_EXPERT_CONTEXT_REVIEW
GLOSSIKA-YUEHK-A1-DLG-012-20260222-I075	75	lexical_entry			35	啦	laa1	[particle]	sha256:04a6f7a27ff44a9458350e89cdda6a77494f95a9eddfc255aa3c44a4d02fe9a0	false			exact_duplicate_candidate	lexical_only_attestation	src/runtime-resources/lexicon/token-lexicon/degree-and-formulas.js	src/parser/detectors/acceptability/clauses.js|src/parser/detectors/boundaries/needs-context.js|src/parser/detectors/definition/copular-relations.js|src/parser/detectors/discourse/formula-responses.js|src/parser/detectors/discourse/priority.js|src/parser/detectors/motion/purpose-chains.js|src/parser/terminal/particles/discourse.js|src/plugin-entry.js|src/runtime-resources/grammar/ordered-particle-clusters.js|src/runtime-resources/grammar/templates/slot-generation-rules.js|src/runtime-resources/lexicon/compositional-lexical-phrases.js|src/runtime-resources/lexicon/formulas.js|src/runtime-resources/lexicon/token-lexicon/degree-and-formulas.js|src/runtime-resources/presentation/learner-glosses.js|src/runtime-resources/pronunciation/jyutping-review-expectations.js	data/construction-adjudication-batches/batch-03.json|data/construction-adjudication-batches/batch-05.json|data/construction-identities.json|data/natural-corpus/wechat-father-daughter-001.txt|data/pedagogical-corpus/glossika/GLOSSIKA-YUEHK-A1-DLG-002-20251207/crosswalk.json|data/pedagogical-corpus/glossika/GLOSSIKA-YUEHK-A1-DLG-002-20251207/items.tsv|data/pedagogical-corpus/glossika/GLOSSIKA-YUEHK-A1-DLG-002-20251207/review.json|data/pedagogical-corpus/glossika/GLOSSIKA-YUEHK-A1-DLG-002-20251207/source.json|data/pedagogical-corpus/glossika/GLOSSIKA-YUEHK-A1-DLG-003-20251214/crosswalk.json|data/pedagogical-corpus/glossika/GLOSSIKA-YUEHK-A1-DLG-003-20251214/items.tsv|data/pedagogical-corpus/glossika/GLOSSIKA-YUEHK-A1-DLG-003-20251214/review.json|data/pedagogical-corpus/glossika/GLOSSIKA-YUEHK-A1-DLG-003-20251214/source.json|data/pedagogical-corpus/glossika/GLOSSIKA-YUEHK-A1-DLG-004-20251221/crosswalk.json|data/pedagogical-corpus/glossika/GLOSSIKA-YUEHK-A1-DLG-004-20251221/items.tsv|data/pedagogical-corpus/glossika/GLOSSIKA-YUEHK-A1-DLG-004-20251221/review.json|data/pedagogical-corpus/glossika/GLOSSIKA-YUEHK-A1-DLG-004-20251221/source.json|data/pedagogical-corpus/glossika/GLOSSIKA-YUEHK-A1-DLG-006-20260104/crosswalk.json|data/pedagogical-corpus/glossika/GLOSSIKA-YUEHK-A1-DLG-006-20260104/items.tsv|data/pedagogical-corpus/glossika/GLOSSIKA-YUEHK-A1-DLG-006-20260104/review.json|data/pedagogical-corpus/glossika/GLOSSIKA-YUEHK-A1-DLG-006-20260104/source.json|data/pedagogical-corpus/glossika/GLOSSIKA-YUEHK-A1-DLG-007-20260111/crosswalk.json|data/pedagogical-corpus/glossika/GLOSSIKA-YUEHK-A1-DLG-007-20260111/items.tsv|data/pedagogical-corpus/glossika/GLOSSIKA-YUEHK-A1-DLG-007-20260111/review.json|data/pedagogical-corpus/glossika/GLOSSIKA-YUEHK-A1-DLG-007-20260111/source.json|data/pedagogical-corpus/glossika/GLOSSIKA-YUEHK-A1-DLG-008-20260125/crosswalk.json|data/pedagogical-corpus/glossika/GLOSSIKA-YUEHK-A1-DLG-008-20260125/items.tsv|data/pedagogical-corpus/glossika/GLOSSIKA-YUEHK-A1-DLG-008-20260125/review.json|data/pedagogical-corpus/glossika/GLOSSIKA-YUEHK-A1-DLG-008-20260125/source.json|data/pedagogical-corpus/glossika/GLOSSIKA-YUEHK-A1-DLG-010-20260208/crosswalk.json|data/pedagogical-corpus/glossika/GLOSSIKA-YUEHK-A1-DLG-010-20260208/items.tsv|data/pedagogical-corpus/glossika/GLOSSIKA-YUEHK-A1-DLG-010-20260208/review.json|data/pedagogical-corpus/glossika/GLOSSIKA-YUEHK-A1-DLG-010-20260208/source.json|data/pedagogical-corpus/glossika/GLOSSIKA-YUEHK-A1-DLG-011-20260215/crosswalk.json|data/pedagogical-corpus/glossika/GLOSSIKA-YUEHK-A1-DLG-011-20260215/items.tsv|data/pedagogical-corpus/glossika/GLOSSIKA-YUEHK-A1-DLG-011-20260215/review.json|data/pedagogical-corpus/glossika/GLOSSIKA-YUEHK-A1-DLG-011-20260215/source.json|data/pedagogical-corpus/glossika/GLOSSIKA-YUEHK-A1-W16-20260705/items.tsv|data/pedagogical-corpus/glossika/GLOSSIKA-YUEHK-A1-W16-20260705/review.json|data/pedagogical-corpus/glossika/GLOSSIKA-YUEHK-A1-W16-20260705/source.json|data/pedagogical-corpus/glossika/GLOSSIKA-YUEHK-A1-W18-20260719/crosswalk.json|data/pedagogical-corpus/glossika/GLOSSIKA-YUEHK-A1-W18-20260719/items.tsv|data/pedagogical-corpus/glossika/GLOSSIKA-YUEHK-A1-W18-20260719/review.json|data/pedagogical-corpus/glossika/GLOSSIKA-YUEHK-A1-W18-20260719/source.json|data/pedagogical-corpus/glossika/GLOSSIKA-YUEHK-A1-W19-20260726/crosswalk.json|data/pedagogical-corpus/glossika/GLOSSIKA-YUEHK-A1-W19-20260726/items.tsv|data/pedagogical-corpus/glossika/GLOSSIKA-YUEHK-A1-W19-20260726/review.json|data/pedagogical-corpus/glossika/GLOSSIKA-YUEHK-A1-W19-20260726/source.json|data/research-ledgers/glossika-week18-claim-source.json|data/research-ledgers/glossika-week19-claim-source.json|data/research-ledgers/glossika-week19-dative-audit.json|data/research-ledgers/glossika-week19-followup-candidates.json|data/research-ledgers/glossika-week19-particle-boundaries.json|data/slot-model.json|docs/research/AA84-MANNER-PRIMARY-SOURCE-LEDGER-R1.tsv|docs/research/AA84-MANNER-PROFILE-RECONCILIATION-R1.md|docs/research/AB30-CORPUS-CANDIDATE-REVIEW-R1.md|docs/research/AB30-CORPUS-DIVERSITY-GATE-REVIEW-R1.md|docs/research/CONDITIONAL-CLAUSE-LINKING-SOURCE-MAP-CP021B-R25.md|docs/research/CONSTRUCTION-ADJUDICATION-BATCH-05.md|docs/research/COVERB-MANNER-EVENT-MODIFICATION-SOURCE-MAP-CP021B-R23.md|docs/research/CP053-P1-EVALUATION-WITH-DOU-SYUN-EXTERNAL-EVIDENCE-R1.md|docs/research/DIRECTIVE-SUGGESTION-PRIORITY-SOURCE-MAP-CP021B-R27.md|docs/research/EVALUATION-PACKET-BLUEPRINTS-CP021B-R37.json|docs/research/GLOSSIKA-YUEHK-A1-W18-20260719-RESEARCH.md|docs/research/GLOSSIKA-YUEHK-A1-W19-20260726-RESEARCH.md|docs/research/LANE-03-FRAGMENTS-DISCOURSE-SOURCE-MAP-CP021B-R17.md|docs/research/LANE-03-RESIDUAL-FRAGMENT-SUBTYPES-SOURCE-MAP-CP021B-R18.md|docs/research/NATIVE-CORPUS-WECHAT-GUANGXI-TRAVEL-002.md|docs/research/PARSER-CONSTRUCTION-CANONICAL-CONSOLIDATION-MATRIX-CP021B-R35.tsv|docs/research/PARSER-CONSTRUCTION-INTERNAL-DISPOSITION-MATRIX-CP021B-R34.tsv|docs/research/PARSER-CONSTRUCTION-SOURCE-MATRIX-CP021B-R37.tsv|docs/research/PARSER-CONSTRUCTION-SOURCE-REGISTER-CP021B-R37-ADDITIONS.tsv|docs/research/PARSER-CONSTRUCTION-SOURCE-REGISTER-CP021B-R37.tsv|docs/research/PRQ2-002-ZOU2ZI1-HINDSIGHT-REGRET-COLLISION-AUDIT-R1.tsv|docs/research/PRQ2-002-ZOU2ZI1-HINDSIGHT-REGRET-RESEARCH-R1.md|docs/research/PRQ2-002-ZOU2ZI1-HINDSIGHT-REGRET-SOURCE-VERIFICATION-R1.tsv|docs/research/PRQ2-004-CAA1DI1-NEAR-MISS-RESEARCH-R1.md|docs/research/PRQ2-006-LOK6HEOI3-CONTINUATIVE-ASPECT-COLLISION-AUDIT-R1.tsv|docs/research/PRQ2-006-LOK6HEOI3-CONTINUATIVE-ASPECT-RESEARCH-R1.md|docs/research/PRQ2-009-GEI3JIN4-PREMISE-RESPONSE-COLLISION-AUDIT-R1.tsv|docs/research/PRQ2-009-GEI3JIN4-PREMISE-RESPONSE-RESEARCH-R1.md|docs/research/PRQ2-010-CEOI4ZO2-ZI1NGOI6-EXCLUSION-ADDITION-COLLISION-AUDIT-R1.tsv|docs/research/PRQ2-012-JAT1HAI6-EXCLUSIVE-ALTERNATIVE-COLLISION-AUDIT-R1.tsv|docs/research/PRQ2-014-ZI2JAU5-SIN1ZI3-NECESSARY-CONDITION-COLLISION-AUDIT-R1.tsv|docs/research/survey-derived/HKCanCor/hkcancor_svrq_008_010_extract.py|docs/research/UC-RQ-026-DI1-DEGREE-DISPOSITION-R1.md|docs/research/UC-RQ-026-DI1-DEGREE-SOURCE-VERIFICATION-R1.tsv|docs/research/UC-RQ-031-MAAI4-VERBAL-PARTICLE-FAMILY-RESEARCH-R1.md|docs/research/UC-RQ-037-ZAU6SYUN3-DOU1-SCALAR-CONCESSIVE-RESEARCH-R1.md|docs/research/UC-RQ-038-CEOI4FEI1-EXCEPTION-CONDITIONAL-RESEARCH-R1.md|docs/research/WECHAT-GX-TRAVEL-002-ADJUDICATION-REPORT.md|docs/research/WECHAT-GX-TRAVEL-002-PRIORITY-GRAMMAR-RESEARCH-R1.md|grammar/research_pending/PriorityMarkerClause.md|test-data/cp021b-lx1-construction-freeze-baseline.json|test-data/native-speaker-naturalness-evidence-v1.json|test-data/native-speaker-naturalness-evidence-v1.tsv|test-data/natural-corpus-wechat-father-daughter-001-turns.json|test-data/natural-corpus-wechat-father-daughter-001-turns.tsv|test-data/natural-corpus-wechat-father-daughter-001-units.json|test-data/natural-corpus-wechat-father-daughter-001-units.tsv|test-data/natural-corpus-wechat-guangxi-travel-002-raw.txt|test-data/natural-corpus-wechat-guangxi-travel-002-turns.json|test-data/natural-corpus-wechat-guangxi-travel-002-turns.tsv|test-data/natural-corpus-wechat-guangxi-travel-002-units.json|test-data/natural-corpus-wechat-guangxi-travel-002-units.tsv|test-data/pre-intermediate-gold-corpus.tsv|test-data/WECHAT-GX-TRAVEL-002-ADJUDICATION-MATRIX.json|test-data/WECHAT-GX-TRAVEL-002-ADJUDICATION-MATRIX.tsv|test-data/WECHAT-GX-TRAVEL-002-QUEUE-D-context_disfluency_research.tsv|test-data/WECHAT-GX-TRAVEL-002-QUEUE-G-grammar_research_external_evidence.tsv|test-data/WECHAT-GX-TRAVEL-002-QUEUE-L-lexicon_jyutping_enrichment.tsv|test-data/WECHAT-GX-TRAVEL-002-QUEUE-R-accepted_behavior_regression.tsv|test-data/WECHAT-GX-TRAVEL-002-REGRESSION-REMEDIATION-READINESS-R2.json|test-data/WECHAT-GX-TRAVEL-002-REGRESSION-REMEDIATION-READINESS-R2.tsv|tests/constructions/ANotAQuestion.json|tests/constructions/ClauseRelationGraph.json|tests/constructions/ClauseSpan.json|tests/constructions/DegreeMannerModifiedVP.json|tests/constructions/DirectionalMotionVP.json|tests/constructions/DiscourseParticleFrame.json|tests/constructions/ExistentialWhQuestion.json|tests/constructions/FormulaDiscourseUnit.json|tests/constructions/ModifiedNP.json|tests/constructions/MotionGoalVP.json|tests/constructions/NeedsContext.json|tests/constructions/NominalHeadSpan.json|tests/constructions/PriorityMarkerClause.json|tests/constructions/ProductiveVO.json|tests/fixtures/regression-snapshots.json|tests/run-regression.js	particle_gloss_review|vocabulary_surface_absent_from_dialog	REQUIRES_EXPERT_CONTEXT_REVIEW
GLOSSIKA-YUEHK-A1-DLG-012-20260222-I076	76	lexical_entry			36	志明	zi3 ming4	Chi Ming (given name)	sha256:46d5cefec9fb44f61d8c572be81762b6734f29edb8626cf97a0524e9f40b2e88	true			exact_duplicate_candidate	lexical_only_attestation	src/runtime-resources/lexicon/token-lexicon/people-and-address.js	src/runtime-resources/lexicon/token-lexicon/people-and-address.js	data/pedagogical-corpus/glossika/GLOSSIKA-YUEHK-A1-DLG-008-20260125/crosswalk.json|data/pedagogical-corpus/glossika/GLOSSIKA-YUEHK-A1-DLG-008-20260125/items.tsv|data/pedagogical-corpus/glossika/GLOSSIKA-YUEHK-A1-DLG-008-20260125/source.json		REQUIRES_EXPERT_CONTEXT_REVIEW
GLOSSIKA-YUEHK-A1-DLG-012-20260222-I077	77	lexical_entry			37	美玲	mei5 ling4	Mei Ling (given name)	sha256:cd778415d3d1264e8356c391ef6b6c8378175bcfe4568e52fe2398330bb3bbe7	false			exact_duplicate_candidate	lexical_only_attestation	src/runtime-resources/lexicon/token-lexicon/people-and-address.js	src/runtime-resources/lexicon/token-lexicon/people-and-address.js	data/pedagogical-corpus/glossika/GLOSSIKA-YUEHK-A1-DLG-010-20260208/crosswalk.json|data/pedagogical-corpus/glossika/GLOSSIKA-YUEHK-A1-DLG-010-20260208/items.tsv|data/pedagogical-corpus/glossika/GLOSSIKA-YUEHK-A1-DLG-010-20260208/review.json|data/pedagogical-corpus/glossika/GLOSSIKA-YUEHK-A1-DLG-010-20260208/source.json|data/slot-model.json	vocabulary_surface_absent_from_dialog	REQUIRES_EXPERT_CONTEXT_REVIEW
GLOSSIKA-YUEHK-A1-DLG-012-20260222-I078	78	lexical_entry			38	張	zoeng1	Zhang/Cheung (surname)	sha256:fb10aea3a527d05dbe1003247a984b4a3ef413c32e7b3754d8aea048098d1324	false			exact_duplicate_candidate	lexical_only_attestation	src/runtime-resources/lexicon/token-lexicon/referents-and-boundaries.js	src/parser/detectors/transfer/lexical-give.js|src/runtime-resources/grammar/classifier-head-rules.js|src/runtime-resources/lexicon/address-terms.js|src/runtime-resources/lexicon/token-lexicon/people-and-address.js|src/runtime-resources/lexicon/token-lexicon/referents-and-boundaries.js	data/construction-adjudication-batches/batch-06.json|data/construction-adjudication-batches/batch-17.json|data/construction-identities.json|data/pedagogical-corpus/glossika/GLOSSIKA-YUEHK-A1-DLG-007-20260111/crosswalk.json|data/pedagogical-corpus/glossika/GLOSSIKA-YUEHK-A1-DLG-007-20260111/items.tsv|data/pedagogical-corpus/glossika/GLOSSIKA-YUEHK-A1-DLG-007-20260111/review.json|data/pedagogical-corpus/glossika/GLOSSIKA-YUEHK-A1-DLG-007-20260111/source.json|data/pedagogical-corpus/glossika/GLOSSIKA-YUEHK-A1-DLG-008-20260125/crosswalk.json|data/pedagogical-corpus/glossika/GLOSSIKA-YUEHK-A1-DLG-008-20260125/items.tsv|data/pedagogical-corpus/glossika/GLOSSIKA-YUEHK-A1-DLG-008-20260125/review.json|data/pedagogical-corpus/glossika/GLOSSIKA-YUEHK-A1-DLG-008-20260125/source.json|data/pedagogical-corpus/glossika/GLOSSIKA-YUEHK-A1-DLG-009-20260201/crosswalk.json|data/pedagogical-corpus/glossika/GLOSSIKA-YUEHK-A1-DLG-009-20260201/items.tsv|data/pedagogical-corpus/glossika/GLOSSIKA-YUEHK-A1-DLG-009-20260201/review.json|data/pedagogical-corpus/glossika/GLOSSIKA-YUEHK-A1-DLG-009-20260201/source.json|data/pedagogical-corpus/glossika/GLOSSIKA-YUEHK-A1-DLG-010-20260208/crosswalk.json|data/pedagogical-corpus/glossika/GLOSSIKA-YUEHK-A1-DLG-010-20260208/items.tsv|data/pedagogical-corpus/glossika/GLOSSIKA-YUEHK-A1-DLG-010-20260208/source.json|data/pedagogical-corpus/glossika/GLOSSIKA-YUEHK-A1-W17-20260712/crosswalk.json|data/pedagogical-corpus/glossika/GLOSSIKA-YUEHK-A1-W17-20260712/items.tsv|data/pedagogical-corpus/glossika/GLOSSIKA-YUEHK-A1-W17-20260712/review.json|data/pedagogical-corpus/glossika/GLOSSIKA-YUEHK-A1-W17-20260712/source.json|data/pedagogical-corpus/glossika/GLOSSIKA-YUEHK-A1-W19-20260726/crosswalk.json|data/pedagogical-corpus/glossika/GLOSSIKA-YUEHK-A1-W19-20260726/items.tsv|data/pedagogical-corpus/glossika/GLOSSIKA-YUEHK-A1-W19-20260726/review.json|data/pedagogical-corpus/glossika/GLOSSIKA-YUEHK-A1-W19-20260726/source.json|data/research-ledgers/glossika-week19-classifier-compatibility.json|data/research-ledgers/glossika-week19-lexical-numeral-candidates.json|docs/current/NOUN-PHRASE-SUBSYSTEM.md|docs/releases/v0.5.210-scalar-evaluation-reconciliation-audit.json|docs/releases/v0.5.211-negative-experiential-reconciliation-audit.json|docs/research/AB15-CLASSIFIER-NP-PRIMARY-SOURCE-LEDGER-R1.tsv|docs/research/AB15-DEMONSTRATIVE-CLASSIFIER-NOUN-SCOPE-R1.md|docs/research/AB30-ZO-M-HKCANCOR-CLAIM-CROSS-REFERENCE-R1.md|docs/research/CONSTRUCTION-ADJUDICATION-BATCH-06.md|docs/research/CP021B-NATIVE-NATURALNESS-INGESTION.md|docs/research/CP026-P1-RUL01-PUBLIC-PANEL-R1-RESULT.md|docs/research/CP026-P1-RUL01-SPEAKER-A-FORM-R1.md|docs/research/CP042-P1-MANNER-ADVERBIAL-RECONCILIATION-R1.md|docs/research/CP044-P1-POLITE-REQUEST-ADJUSTMENT-RECONCILIATION-R1.md|docs/research/CP045-P1-COMPARATIVE-STATIVE-RETIREMENT-R1.md|docs/research/LANE-10-MEASURE-SCALAR-SOURCE-MAP-CP021B-R19.md|docs/research/PARSER-CONSTRUCTION-SOURCE-MATRIX-CP021B-R37.tsv|docs/research/PARSER-CONSTRUCTION-SOURCE-REGISTER-CP021B-R37-ADDITIONS.tsv|docs/research/PARSER-CONSTRUCTION-SOURCE-REGISTER-CP021B-R37.tsv|docs/research/PRQ2-002-ZOU2ZI1-HINDSIGHT-REGRET-SOURCE-VERIFICATION-R1.tsv|docs/research/PRQ2-003-JYUT6-SCALAR-PROGRESSION-COLLISION-AUDIT-R1.tsv|docs/research/PRQ2-003-JYUT6-SCALAR-PROGRESSION-RESEARCH-R1.md|docs/research/PRQ2-007-HEI2SOENG5LAI4-INCHOATIVE-ASPECT-COLLISION-AUDIT-R1.tsv|docs/research/PRQ2-007-HEI2SOENG5LAI4-INCHOATIVE-ASPECT-RESEARCH-R1.md|docs/research/PRQ2-015-MUI5-GO3GO3-DOU1-DISTRIBUTIVE-QUANTIFICATION-COLLISION-AUDIT-R1.tsv|docs/research/PRQ2-015-MUI5-GO3GO3-DOU1-DISTRIBUTIVE-QUANTIFICATION-RESEARCH-R1.md|docs/research/survey-derived/HKCanCor/HKCANCOR-SV-RQ-008-010-RESEARCH-NOTE-R1.md|docs/research/survey-derived/HKCanCor/HKCANCOR-SV-RQ-008-010-REVIEWED-RESULTS-R1.json|docs/research/UC-RQ-002-003-DOUBLE-OBJECT-HKCANCOR-CENSUS-R1.md|docs/research/UC-RQ-003-DOUBLE-OBJECT-ORDER-ALTERNATION-COLLISION-AUDIT-R1.tsv|docs/research/UC-RQ-003-DOUBLE-OBJECT-ORDER-ALTERNATION-RESEARCH-R1.md|docs/research/UC-RQ-016-HAI6-GE3-CLEFT-FOCUS-RESEARCH-R1.md|docs/research/UC-RQ-018-ALTERNATIVE-QUESTION-SOURCE-VERIFICATION-R1.tsv|docs/research/UC-RQ-025-NULL-ARGUMENT-ZERO-ANAPHORA-COLLISION-AUDIT-R1.tsv|docs/research/UC-RQ-032-MEI6-NOT-YET-NEGATION-SOURCE-VERIFICATION-R1.tsv|docs/research/UC-RQ-037-ZAU6SYUN3-DOU1-SCALAR-CONCESSIVE-SOURCE-VERIFICATION-R1.tsv|docs/research/v0.5.181-RENDER-CORRECTION-CUP-AND-LAI.md|docs/research/WECHAT-GX-TRAVEL-002-PRIORITY-GRAMMAR-RESEARCH-R1.md|docs/research/WH-IDENTITY-NAMING-ADDRESS-SOURCE-MAP-CP021B-R20.md|grammar/lexicalized_only/VocativeAddressTerm.md|grammar/research_pending/ActionStativeVP.md|grammar/research_pending/ChangeIntoPredicate.md|grammar/research_pending/ComplementEllipsisFragment.md|grammar/research_pending/CoverbFrame.md|grammar/research_pending/DegreeMannerAdverbial.md|grammar/research_pending/DegreeMannerModifiedVP.md|grammar/research_pending/ImpersonalEnvironmentalClause.md|grammar/research_pending/IntentionFrame.md|grammar/research_pending/LocativeFrameClause.md|grammar/research_pending/LocativePostureVP.md|grammar/research_pending/MannerAdverbialVP.md|grammar/research_pending/NamingClause.md|grammar/research_pending/NegativeExperiential.md|grammar/research_pending/PriorityMarkerClause.md|grammar/research_pending/ProhibitiveImperative.md|grammar/research_pending/ReduplicatedVP.md|grammar/research_pending/ResourceUseLaiFunctionRelation.md|grammar/research_pending/ScalarEvaluation.md|grammar/unsupported_generalization/AcceptabilityClause.md|grammar/unsupported_generalization/ConditionalClause.md|grammar/unsupported_generalization/CoordinatedNP.md|grammar/unsupported_generalization/DelimitedVP.md|grammar/unsupported_generalization/ExperientialClause.md|grammar/unsupported_generalization/IntransitiveVP.md|grammar/unsupported_generalization/LocativeWhQuestion.md|grammar/unsupported_generalization/NegatedVP.md|grammar/unsupported_generalization/OpinionQuestion.md|grammar/unsupported_generalization/OrdinalClassifierNP.md|grammar/unsupported_generalization/PerfectiveDirectionalVP.md|grammar/unsupported_generalization/PoliteImperativeClause.md|grammar/unsupported_generalization/QuantifiedPersonNP.md|grammar/unsupported_generalization/RepetitiveComplementVP.md|grammar/unsupported_generalization/SuggestionQuestion.md|grammar/unsupported_generalization/WhClassifierQuestion.md|test-data/cp021b-lx1-construction-freeze-baseline.json|test-data/review-only-readiness.tsv|test-data/w17-lexicon-role-review.tsv|test-data/w17-lexicon.tsv|tests/constructions/MeasureExpression.json|tests/constructions/ModifiedNP.json|tests/constructions/NominalPredicateClause.json|tests/constructions/OvertHeadDemonstrativeClassifierNP.json|tests/constructions/QuantifiedClassifierNP.json|tests/constructions/ResourceUseLaiFunctionRelation.json|tests/fixtures/np-subsystem.json|tests/fixtures/regression-snapshots.json	vocabulary_surface_absent_from_dialog	REQUIRES_EXPERT_CONTEXT_REVIEW
GLOSSIKA-YUEHK-A1-DLG-012-20260222-I079	79	lexical_entry			39	黃	wong4	Wong/Huang (surname)	sha256:edf03d485faaf6c25b8b0bb9e336c174d0dfb3547073172e885b4ade1342dac1	false			exact_duplicate_candidate	exact_duplicate		src/runtime-resources/lexicon/address-terms.js|src/runtime-resources/lexicon/token-lexicon/people-and-address.js|src/runtime-resources/lexicon/token-lexicon/study-suite.js	data/pedagogical-corpus/glossika/GLOSSIKA-YUEHK-A1-DLG-009-20260201/crosswalk.json|data/pedagogical-corpus/glossika/GLOSSIKA-YUEHK-A1-DLG-009-20260201/items.tsv|data/pedagogical-corpus/glossika/GLOSSIKA-YUEHK-A1-DLG-009-20260201/review.json|data/pedagogical-corpus/glossika/GLOSSIKA-YUEHK-A1-DLG-009-20260201/source.json|data/pedagogical-corpus/glossika/GLOSSIKA-YUEHK-A1-DLG-010-20260208/crosswalk.json|data/pedagogical-corpus/glossika/GLOSSIKA-YUEHK-A1-DLG-010-20260208/items.tsv|data/pedagogical-corpus/glossika/GLOSSIKA-YUEHK-A1-DLG-010-20260208/source.json|data/pedagogical-corpus/glossika/GLOSSIKA-YUEHK-A1-W18-20260719/crosswalk.json|data/pedagogical-corpus/glossika/GLOSSIKA-YUEHK-A1-W18-20260719/items.tsv|data/pedagogical-corpus/glossika/GLOSSIKA-YUEHK-A1-W18-20260719/review.json|data/pedagogical-corpus/glossika/GLOSSIKA-YUEHK-A1-W18-20260719/source.json|data/research-ledgers/glossika-week18-temporal-lexicon.json|docs/research/CP039-P1-EVALUATION-SCALAR-QUESTION-WRAPPER-AUDIT-R1.md|docs/research/GLOSSIKA-YUEHK-A1-W18-20260719-RESEARCH.md|docs/research/PARSER-CONSTRUCTION-SOURCE-MATRIX-CP021B-R37.tsv|docs/research/WH-IDENTITY-NAMING-ADDRESS-SOURCE-MAP-CP021B-R20.md	vocabulary_surface_absent_from_dialog	REQUIRES_EXPERT_CONTEXT_REVIEW
GLOSSIKA-YUEHK-A1-DLG-012-20260222-I080	80	lexical_entry			40	呢	ne1	[question particle]	sha256:1c11e181647577f8d634071f87a0987263697ba9d58217cfd9562b12389b106d	true			exact_duplicate_candidate	lexical_only_attestation	src/runtime-resources/lexicon/token-lexicon/degree-and-formulas.js	src/parser/context/descriptors.js|src/parser/detectors/boundaries/fragments.js|src/parser/detectors/definition/intended-function.js|src/parser/detectors/np/core.js|src/parser/detectors/np/token-splits.js|src/parser/features/token-features.js|src/parser/nodes/node-shape.js|src/parser/terminal/questions/question-fallbacks.js|src/parser/tokenization/contextual-overrides.js|src/plugin-entry.js|src/render/learner-display.js|src/runtime-resources/grammar/templates/slot-generation-rules.js|src/runtime-resources/lexicon/compositional-lexical-phrases.js|src/runtime-resources/lexicon/token-lexicon/degree-and-formulas.js|src/runtime-resources/lexicon/token-lexicon/referents-and-boundaries.js|src/runtime-resources/lexicon/token-lexicon/study-suite.js|src/runtime-resources/presentation/learner-glosses.js	data/construction-adjudication-batches/batch-04.json|data/construction-adjudication-batches/batch-06.json|data/construction-adjudication-batches/batch-10.json|data/construction-identities.json|data/natural-corpus/wechat-father-daughter-001.txt|data/pedagogical-corpus/glossika/GLOSSIKA-YUEHK-A1-DLG-002-20251207/crosswalk.json|data/pedagogical-corpus/glossika/GLOSSIKA-YUEHK-A1-DLG-002-20251207/items.tsv|data/pedagogical-corpus/glossika/GLOSSIKA-YUEHK-A1-DLG-002-20251207/review.json|data/pedagogical-corpus/glossika/GLOSSIKA-YUEHK-A1-DLG-002-20251207/source.json|data/pedagogical-corpus/glossika/GLOSSIKA-YUEHK-A1-DLG-003-20251214/crosswalk.json|data/pedagogical-corpus/glossika/GLOSSIKA-YUEHK-A1-DLG-003-20251214/items.tsv|data/pedagogical-corpus/glossika/GLOSSIKA-YUEHK-A1-DLG-003-20251214/review.json|data/pedagogical-corpus/glossika/GLOSSIKA-YUEHK-A1-DLG-003-20251214/source.json|data/pedagogical-corpus/glossika/GLOSSIKA-YUEHK-A1-DLG-005-20251228/crosswalk.json|data/pedagogical-corpus/glossika/GLOSSIKA-YUEHK-A1-DLG-005-20251228/items.tsv|data/pedagogical-corpus/glossika/GLOSSIKA-YUEHK-A1-DLG-005-20251228/review.json|data/pedagogical-corpus/glossika/GLOSSIKA-YUEHK-A1-DLG-005-20251228/source.json|data/pedagogical-corpus/glossika/GLOSSIKA-YUEHK-A1-DLG-006-20260104/crosswalk.json|data/pedagogical-corpus/glossika/GLOSSIKA-YUEHK-A1-DLG-006-20260104/items.tsv|data/pedagogical-corpus/glossika/GLOSSIKA-YUEHK-A1-DLG-006-20260104/review.json|data/pedagogical-corpus/glossika/GLOSSIKA-YUEHK-A1-DLG-006-20260104/source.json|data/pedagogical-corpus/glossika/GLOSSIKA-YUEHK-A1-DLG-007-20260111/crosswalk.json|data/pedagogical-corpus/glossika/GLOSSIKA-YUEHK-A1-DLG-007-20260111/items.tsv|data/pedagogical-corpus/glossika/GLOSSIKA-YUEHK-A1-DLG-007-20260111/review.json|data/pedagogical-corpus/glossika/GLOSSIKA-YUEHK-A1-DLG-007-20260111/source.json|data/pedagogical-corpus/glossika/GLOSSIKA-YUEHK-A1-DLG-008-20260125/crosswalk.json|data/pedagogical-corpus/glossika/GLOSSIKA-YUEHK-A1-DLG-008-20260125/items.tsv|data/pedagogical-corpus/glossika/GLOSSIKA-YUEHK-A1-DLG-008-20260125/review.json|data/pedagogical-corpus/glossika/GLOSSIKA-YUEHK-A1-DLG-008-20260125/source.json|data/pedagogical-corpus/glossika/GLOSSIKA-YUEHK-A1-DLG-009-20260201/crosswalk.json|data/pedagogical-corpus/glossika/GLOSSIKA-YUEHK-A1-DLG-009-20260201/items.tsv|data/pedagogical-corpus/glossika/GLOSSIKA-YUEHK-A1-DLG-009-20260201/review.json|data/pedagogical-corpus/glossika/GLOSSIKA-YUEHK-A1-DLG-009-20260201/source.json|data/pedagogical-corpus/glossika/GLOSSIKA-YUEHK-A1-DLG-010-20260208/crosswalk.json|data/pedagogical-corpus/glossika/GLOSSIKA-YUEHK-A1-DLG-010-20260208/items.tsv|data/pedagogical-corpus/glossika/GLOSSIKA-YUEHK-A1-DLG-010-20260208/README.md|data/pedagogical-corpus/glossika/GLOSSIKA-YUEHK-A1-DLG-010-20260208/review.json|data/pedagogical-corpus/glossika/GLOSSIKA-YUEHK-A1-DLG-010-20260208/source.json|data/pedagogical-corpus/glossika/GLOSSIKA-YUEHK-A1-DLG-011-20260215/crosswalk.json|data/pedagogical-corpus/glossika/GLOSSIKA-YUEHK-A1-DLG-011-20260215/items.tsv|data/pedagogical-corpus/glossika/GLOSSIKA-YUEHK-A1-DLG-011-20260215/review.json|data/pedagogical-corpus/glossika/GLOSSIKA-YUEHK-A1-DLG-011-20260215/source.json|data/pedagogical-corpus/glossika/GLOSSIKA-YUEHK-A1-W14-20260621/items.tsv|data/pedagogical-corpus/glossika/GLOSSIKA-YUEHK-A1-W14-20260621/review.json|data/pedagogical-corpus/glossika/GLOSSIKA-YUEHK-A1-W14-20260621/source.json|data/pedagogical-corpus/glossika/GLOSSIKA-YUEHK-A1-W16-20260705/items.tsv|data/pedagogical-corpus/glossika/GLOSSIKA-YUEHK-A1-W16-20260705/review.json|data/pedagogical-corpus/glossika/GLOSSIKA-YUEHK-A1-W16-20260705/source.json|data/pedagogical-corpus/glossika/GLOSSIKA-YUEHK-A1-W17-20260712/crosswalk.json|data/pedagogical-corpus/glossika/GLOSSIKA-YUEHK-A1-W17-20260712/items.tsv|data/pedagogical-corpus/glossika/GLOSSIKA-YUEHK-A1-W17-20260712/review.json|data/pedagogical-corpus/glossika/GLOSSIKA-YUEHK-A1-W17-20260712/source.json|data/pedagogical-corpus/glossika/GLOSSIKA-YUEHK-A1-W18-20260719/crosswalk.json|data/pedagogical-corpus/glossika/GLOSSIKA-YUEHK-A1-W18-20260719/items.tsv|data/pedagogical-corpus/glossika/GLOSSIKA-YUEHK-A1-W18-20260719/review.json|data/pedagogical-corpus/glossika/GLOSSIKA-YUEHK-A1-W18-20260719/source.json|data/pedagogical-corpus/glossika/GLOSSIKA-YUEHK-A1-W19-20260726/crosswalk.json|data/pedagogical-corpus/glossika/GLOSSIKA-YUEHK-A1-W19-20260726/items.tsv|data/pedagogical-corpus/glossika/GLOSSIKA-YUEHK-A1-W19-20260726/review.json|data/pedagogical-corpus/glossika/GLOSSIKA-YUEHK-A1-W19-20260726/source.json|data/research-ledgers/glossika-week19-followup-candidates.json|data/slot-model.json|docs/releases/v0.5.186-active-reaudit-closure-audit.json|docs/releases/v0.5.209-scalar-range-fragment-retirement-audit.json|docs/releases/v0.5.213-negated-stative-predicate-reconciliation-audit.json|docs/research/AB15-CLASSIFIER-NP-PRIMARY-SOURCE-LEDGER-R1.tsv|docs/research/AB15-DEMONSTRATIVE-CLASSIFIER-NOUN-SCOPE-R1.md|docs/research/CONSTRUCTION-ADJUDICATION-BATCH-02.md|docs/research/CONSTRUCTION-ADJUDICATION-BATCH-04.md|docs/research/CONSTRUCTION-ADJUDICATION-BATCH-06.md|docs/research/CONSTRUCTION-ADJUDICATION-BATCH-10.md|docs/research/CP022-IMPLEMENTATION-BACKLOG-CP021B-R37.tsv|docs/research/CP023-P1-PROG01-CLAIM-SOURCE-EDGES.tsv|docs/research/CP023-P1-PROG01-NATURAL-ATTESTATION-ADJUDICATION.md|docs/research/CP023-P1-PROG01-PREDICATE-COMPATIBILITY-MATRIX-R3.tsv|docs/research/CP023-P1-PROG01-REMEDIATION-DEPENDENCIES-R2.tsv|docs/research/CP025-P1-PFV01-CODE-DOCUMENT-COMPARISON-R1.tsv|docs/research/CP025-P1-PFV01-EXAMPLE-ADJUDICATION-R1.tsv|docs/research/CP025-P1-PFV01-IMPLEMENTATION-PROBE-R1.tsv|docs/research/CP025-P1-PFV01-R1-REAUDIT-CHECKPOINT.md|docs/research/CP025-P1-PFV01-SPEAKER-A-RAW-R2.md|docs/research/CP025-P1-PFV01-SPEAKER-A-RESULT-R2.tsv|docs/research/CP026-P1-RUL01-CODE-DOCUMENT-COMPARISON-R1.tsv|docs/research/CP026-P1-RUL01-EXAMPLE-ADJUDICATION-R1.tsv|docs/research/CP026-P1-RUL01-IMPLEMENTATION-PROBE-R1.tsv|docs/research/CP026-P1-RUL01-PUBLIC-PANEL-R1-RESULT.md|docs/research/CP026-P1-RUL01-R1-REAUDIT-CHECKPOINT.md|docs/research/CP026-P1-RUL01-SOURCE-VERIFICATION-R1.tsv|docs/research/CP026-P1-RUL01-SPEAKER-A-FORM-R1.md|docs/research/CP029-P1-PFV01-BOUNDARY-INVENTORY-R1.tsv|docs/research/CP029-P1-PFV01-PUBLIC-PANEL-R1-RESULT.md|docs/research/CP032-P1-RUL01-CONTRAST-REQUIREMENTS-R1.tsv|docs/research/CP032-P1-RUL01-SURVEY-READINESS-R1.md|docs/research/CP035-P1-EXPERIENTIAL-DELIMITED-WRAPPER-AUDIT-R1.md|docs/research/CP036-P1-RESULT-CHANGE-STATE-WRAPPER-AUDIT-R1.md|docs/research/CP037-P1-NOMINAL-WRAPPER-AUDIT-R1.md|docs/research/CP039-P1-EVALUATION-SCALAR-QUESTION-WRAPPER-AUDIT-R1.md|docs/research/CP040-P1-FINAL-REACHABLE-WRAPPER-AUDIT-R1.md|docs/research/CP052-P1-SCALAR-RANGE-FRAGMENT-RETIREMENT-R1.md|docs/research/CP056-P1-NEGATED-LEXICALIZED-STATIVE-RETIREMENT-R1.md|docs/research/CP057-P1-NEGATED-STATIVE-PREDICATE-RECONCILIATION-R1.md|docs/research/CP061-P1-HIGH-FANOUT-BOUNDARY-CLOSURE-R1.md|docs/research/EVALUATION-PACKET-BLUEPRINTS-CP021B-R37.json|docs/research/FINAL-LANGUAGE-LABEL-COVERAGE-SOURCE-MAP-CP021B-R33.md|docs/research/GLOSSIKA-YUEHK-A1-DLG-010-20260208-CORPUS-INGRESS.md|docs/research/GLOSSIKA-YUEHK-A1-W14-20260621-RESEARCH.md|docs/research/GLOSSIKA-YUEHK-A1-W19-20260726-RESEARCH.md|docs/research/LANE-03-FRAGMENTS-DISCOURSE-SOURCE-MAP-CP021B-R17.md|docs/research/LANE-03-RESIDUAL-FRAGMENT-SUBTYPES-SOURCE-MAP-CP021B-R18.md|docs/research/LANE-06-CLASSIFIER-NP-SOURCE-MAP-CP021B-R5.md|docs/research/LANE-09-DIRECTIONAL-MOTION-SOURCE-MAP-CP021B-R3.md|docs/research/PARSER-CONSTRUCTION-CANONICAL-CONSOLIDATION-MATRIX-CP021B-R35.tsv|docs/research/PARSER-CONSTRUCTION-INTERNAL-DISPOSITION-MATRIX-CP021B-R34.tsv|docs/research/PARSER-CONSTRUCTION-SOURCE-COVERAGE-CP021B-R37.tsv|docs/research/PARSER-CONSTRUCTION-SOURCE-MATRIX-CP021B-R37.tsv|docs/research/PARSER-CONSTRUCTION-SOURCE-REGISTER-CP021B-R37.tsv|docs/research/PRQ2-001-YAU5-MOU5-DAK1-AVAILABILITY-COLLISION-AUDIT-R1.tsv|docs/research/PRQ2-001-YAU5-MOU5-DAK1-AVAILABILITY-RESEARCH-R1.md|docs/research/PRQ2-003-JYUT6-SCALAR-PROGRESSION-COLLISION-AUDIT-R1.tsv|docs/research/PRQ2-003-JYUT6-SCALAR-PROGRESSION-RESEARCH-R1.md|docs/research/PRQ2-003-JYUT6-SCALAR-PROGRESSION-SOURCE-VERIFICATION-R1.tsv|docs/research/PRQ2-004-CAA1DI1-NEAR-MISS-COLLISION-AUDIT-R1.tsv|docs/research/PRQ2-004-CAA1DI1-NEAR-MISS-RESEARCH-R1.md|docs/research/PRQ2-005-HOI1-HABITUAL-ESTABLISHED-ACTIVITY-COLLISION-AUDIT-R1.tsv|docs/research/PRQ2-005-HOI1-HABITUAL-ESTABLISHED-ACTIVITY-RESEARCH-R1.md|docs/research/PRQ2-005-HOI1-HABITUAL-ESTABLISHED-ACTIVITY-SOURCE-VERIFICATION-R1.tsv|docs/research/PRQ2-006-LOK6HEOI3-CONTINUATIVE-ASPECT-COLLISION-AUDIT-R1.tsv|docs/research/PRQ2-006-LOK6HEOI3-CONTINUATIVE-ASPECT-RESEARCH-R1.md|docs/research/PRQ2-007-HEI2SOENG5LAI4-INCHOATIVE-ASPECT-COLLISION-AUDIT-R1.tsv|docs/research/PRQ2-007-HEI2SOENG5LAI4-INCHOATIVE-ASPECT-RESEARCH-R1.md|docs/research/PRQ2-008-ZI2JIU3-ZAU6-SUFFICIENT-CONDITION-COLLISION-AUDIT-R1.tsv|docs/research/PRQ2-010-CEOI4ZO2-ZI1NGOI6-EXCLUSION-ADDITION-COLLISION-AUDIT-R1.tsv|docs/research/PRQ2-012-JAT1HAI6-EXCLUSIVE-ALTERNATIVE-SOURCE-VERIFICATION-R1.tsv|docs/research/PRQ2-014-ZI2JAU5-SIN1ZI3-NECESSARY-CONDITION-COLLISION-AUDIT-R1.tsv|docs/research/PRQ2-033-JAU6-JAU6-COEXISTENT-PREDICATE-COLLISION-AUDIT-R1.tsv|docs/research/reopened-retired-labels/IdentityWhQuestion.md|docs/research/RESULT-CHANGE-WRAPPERS-SOURCE-MAP-CP021B-R28.md|docs/research/survey-derived/Follow-Up/FOLLOW-UP-THREE-STUDY-EXECUTION-PLAN-R1.md|docs/research/survey-derived/HKCanCor/HKCANCOR-SV-RQ-008-010-RESEARCH-NOTE-R1.md|docs/research/survey-derived/HKCanCor/HKCANCOR-SV-RQ-008-010-REVIEWED-RESULTS-R1.json|docs/research/survey-derived/SV-RQ-001-007/SV-RQ-001-007-ATTESTATION-REGISTER-R2.json|docs/research/survey-derived/SV-RQ-001-007/SV-RQ-001-007-ROUND-1.md|docs/research/survey-derived/SV-RQ-001-007/SV-RQ-001-007-ROUND-2.md|docs/research/UC-RQ-001-GENERAL-ZOENG1-DISPOSAL-NATURAL-ATTESTATION-R1.tsv|docs/research/UC-RQ-001-GENERAL-ZOENG1-DISPOSAL-RESEARCH-R1.md|docs/research/UC-RQ-025-NULL-ARGUMENT-ZERO-ANAPHORA-COLLISION-AUDIT-R1.tsv|docs/research/UC-RQ-025-NULL-ARGUMENT-ZERO-ANAPHORA-RESEARCH-R1.md|docs/research/UC-RQ-026-DI1-DEGREE-COLLISION-AUDIT-R1.tsv|docs/research/UC-RQ-026-DI1-DEGREE-DISPOSITION-R1.md|docs/research/UC-RQ-029-ZYU6-DURATIVE-DISPOSITION-R1.md|docs/research/UC-RQ-036-SEOI1JIN4-DAAN6HAI6-CONCESSIVE-RESEARCH-R1.md|docs/research/v0.5.181-RENDER-CORRECTION-CUP-AND-LAI.md|docs/research/v0.5.181-RESOURCE-USE-LAI-SOURCE-MAP.md|docs/research/v0.5.182-RESOURCE-USE-LAI-NATURAL-ATTESTATION-ADJUDICATION.md|docs/research/WH-IDENTITY-NAMING-ADDRESS-SOURCE-MAP-CP021B-R20.md|grammar/lexicalized_only/FormulaDiscourseUnit.md|grammar/parser_heuristic/DemonstrativeClassifierNP.md|grammar/research_pending/DirectedMannerMotionVP.md|grammar/research_pending/NegatedStativePredicate.md|grammar/research_pending/PostverbalZoPerfectiveVP.md|grammar/research_pending/ResourceUseLaiFunctionRelation.md|grammar/research_pending/Topic.md|grammar/unsupported_generalization/ExistentialQuestion.md|grammar/unsupported_generalization/IntransitiveVP.md|grammar/unsupported_generalization/LocativeWhQuestion.md|grammar/unsupported_generalization/OpinionQuestion.md|test-data/a1-context-status-fixture.tsv|test-data/cp021b-lx1-construction-freeze-baseline.json|test-data/CP023-P1-PROG01-visible-research-packet.tsv|test-data/grammar-claim-source-edges-CP021A.tsv|test-data/grammar-legitimacy-audit.json|test-data/grammar-legitimacy-audit.tsv|test-data/grammar-legitimacy-source-register.tsv|test-data/grammar-source-locators-CP021A.tsv|test-data/native-naturalness-conflict-dispositions.tsv|test-data/native-speaker-naturalness-evidence-v1.json|test-data/native-speaker-naturalness-evidence-v1.tsv|test-data/natural-corpus-wechat-father-daughter-001-turns.json|test-data/natural-corpus-wechat-father-daughter-001-turns.tsv|test-data/natural-corpus-wechat-father-daughter-001-units.json|test-data/natural-corpus-wechat-father-daughter-001-units.tsv|test-data/pre-intermediate-gold-corpus.tsv|test-data/review-only-readiness.tsv|test-data/w17-corpus-semantic-disposition.tsv|test-data/w17-functional-corpus.tsv|test-data/w17-glossika-corpus.tsv|tests/constructions/ClauseRelationGraph.json|tests/constructions/ClauseSpan.json|tests/constructions/CopularIdentificationFrame.json|tests/constructions/DegreeStativePredicate.json|tests/constructions/DelimitedVP.json|tests/constructions/DemonstrativeClassifierNP.json|tests/constructions/DesiderativeVP.json|tests/constructions/DirectionalMotionVP.json|tests/constructions/ExistentialQuestion.json|tests/constructions/ExperientialVP.json|tests/constructions/ExperientialYesNoQuestion.json|tests/constructions/FragmentQuestion.json|tests/constructions/HeadlessDemonstrativeClassifierNP.json|tests/constructions/IntendedFunctionRelation.json|tests/constructions/MeasureExpression.json|tests/constructions/ModifiedNP.json|tests/constructions/MotionGoalVP.json|tests/constructions/NeedsContext.json|tests/constructions/NegatedStativePredicate.json|tests/constructions/NominalHeadSpan.json|tests/constructions/NominalPredicateClause.json|tests/constructions/OvertHeadDemonstrativeClassifierNP.json|tests/constructions/PerfectiveVP.json|tests/constructions/PostverbalZoPerfectiveVP.json|tests/constructions/QuantifiedClassifierNP.json|tests/constructions/QuantityNP.json|tests/constructions/ResourceUseLaiFunctionRelation.json|tests/constructions/Topic.json|tests/constructions/TopicComment.json|tests/constructions/TransitiveVP.json|tests/fixtures/boundary-closure-v1.json|tests/fixtures/np-subsystem.json|tests/fixtures/regression-snapshots.json|tests/tooling/corpus-review/test_aa82_hkcancor_profile.py|tests/tooling/corpus-review/test_ab53_hkcancor_profile.py	question_particle_review	REQUIRES_EXPERT_CONTEXT_REVIEW
