id	ordinal	item_type	turn	speaker	vocabulary_ordinal	source_cantonese	source_jyutping	source_english	source_hash	source_dialog_exact_surface_present	previous_turn_id	next_turn_id	deduplication_relation	ingress_classification	runtime_lexical_owners	canonical_exact_owners	supporting_exact_owners	review_flags	review_state
GLOSSIKA-YUEHK-A1-DLG-011-20260215-I001	1	dialog_turn	1	陳明		喂，李芳，你知唔知附近邊度有文具舖？	/wai3, lei5 fong1, nei5 zi1 m4 zi1 fu6 gan6 bin1 dou6 jau5 man4 geoi6 pou3?/		sha256:f83efd8c7b16d124d47d1a57d1338c7ea98cd16ba8e7d60dd8ecbb4ac00edccf			GLOSSIKA-YUEHK-A1-DLG-011-20260215-I002	no_project_match	naturalness_review_candidate				naturalness_review_candidate|knowledge_a_not_a|nearby_locative_existential|wh_place|source_turn_translation_not_provided	REQUIRES_EXPERT_CONTEXT_REVIEW
GLOSSIKA-YUEHK-A1-DLG-011-20260215-I002	2	dialog_turn	2	李芳		文具舖？你想買咩嘢呀？	/man4 geoi6 pou3? nei5 soeng2 maai5 me1 je5 aa3?/		sha256:a3c6d975f0b7651a5bc7eda83496aa8cf47030017fd0f7810b5836bbcc9da77b		GLOSSIKA-YUEHK-A1-DLG-011-20260215-I001	GLOSSIKA-YUEHK-A1-DLG-011-20260215-I003	no_project_match	naturalness_review_candidate				naturalness_review_candidate|echo_shop|desire_wh_object|source_turn_translation_not_provided	REQUIRES_EXPERT_CONTEXT_REVIEW
GLOSSIKA-YUEHK-A1-DLG-011-20260215-I003	3	dialog_turn	3	陳明		我想買支筆同埋啲文件夾。	/ngo5 soeng2 maai5 zi1 bat1 tung4 maai4 di1 man4 gin6 gaap3./		sha256:17ff72b82eb55d1148d786984c4bb6be7b8bdedb92a5fe21c3a0aa426a9ced54		GLOSSIKA-YUEHK-A1-DLG-011-20260215-I002	GLOSSIKA-YUEHK-A1-DLG-011-20260215-I004	no_project_match	naturalness_review_candidate				naturalness_review_candidate|classifier_object_coordination|source_turn_translation_not_provided	REQUIRES_EXPERT_CONTEXT_REVIEW
GLOSSIKA-YUEHK-A1-DLG-011-20260215-I004	4	dialog_turn	4	李芳		噢，咁啱我知道有間幾好嘅。	/o5, gam3 ngaam1 ngo5 zi1 dou3 jau5 gaan1 gei2 hou2 ge3./		sha256:e7e9e73652f2a9f29eedeb2a0e8bb5857a59f6ac196559794bb325fd1e97f606		GLOSSIKA-YUEHK-A1-DLG-011-20260215-I003	GLOSSIKA-YUEHK-A1-DLG-011-20260215-I005	no_project_match	naturalness_review_candidate				naturalness_review_candidate|coincidence_gam3ngaam1|existential_classifier|nominal_ellipsis_ge3|source_turn_translation_not_provided	REQUIRES_EXPERT_CONTEXT_REVIEW
GLOSSIKA-YUEHK-A1-DLG-011-20260215-I005	5	dialog_turn	5	陳明		真係？喺邊度呀？	/zan1 hai6? hai2 bin1 dou6 aa3?/		sha256:bf40628b58d6a8f098b909acf7e79829d376f5a1706807fa3208df3dacdfea3e		GLOSSIKA-YUEHK-A1-DLG-011-20260215-I004	GLOSSIKA-YUEHK-A1-DLG-011-20260215-I006	no_project_match	naturalness_review_candidate				naturalness_review_candidate|locative_wh_question|source_turn_translation_not_provided	REQUIRES_EXPERT_CONTEXT_REVIEW
GLOSSIKA-YUEHK-A1-DLG-011-20260215-I006	6	dialog_turn	6	李芳		喺超級市場隔離，好近㗎。	/hai2 ciu1 kap1 si5 coeng4 gaak3 lei4, hou2 gan6 gaa3./		sha256:e4d626c4efdadadda9caf65e3394ffa08f170d608e919b87d3b8aa03c8c9ff5d		GLOSSIKA-YUEHK-A1-DLG-011-20260215-I005	GLOSSIKA-YUEHK-A1-DLG-011-20260215-I007	no_project_match	naturalness_review_candidate				naturalness_review_candidate|adjacency_locative|degree_near|gaa3_particle|source_turn_translation_not_provided	REQUIRES_EXPERT_CONTEXT_REVIEW
GLOSSIKA-YUEHK-A1-DLG-011-20260215-I007	7	dialog_turn	7	陳明		邊間超級市場呀？	/bin1 gaan1 ciu1 kap1 si5 coeng4 aa3?/		sha256:f0d0ba187b751368817d5cc20be81666afadee05e10f6ef8e6037f831feffd2b		GLOSSIKA-YUEHK-A1-DLG-011-20260215-I006	GLOSSIKA-YUEHK-A1-DLG-011-20260215-I008	no_project_match	naturalness_review_candidate				naturalness_review_candidate|classifier_wh|source_turn_translation_not_provided	REQUIRES_EXPERT_CONTEXT_REVIEW
GLOSSIKA-YUEHK-A1-DLG-011-20260215-I008	8	dialog_turn	8	李芳		就係嗰間大嘅囉，你識唔識？	/zau6 hai6 go2 gaan1 daai6 ge3 lo1, nei5 sik1 m4 sik1?/		sha256:895d557d38982f42c03cae2b84f32d924984b2ce30903ae189201d483bf129e6		GLOSSIKA-YUEHK-A1-DLG-011-20260215-I007	GLOSSIKA-YUEHK-A1-DLG-011-20260215-I009	no_project_match	naturalness_review_candidate				naturalness_review_candidate|identificational_zau6hai6|nominal_ellipsis_ge3|lo1_particle|sik1_m4_sik1|source_turn_translation_not_provided	REQUIRES_EXPERT_CONTEXT_REVIEW
GLOSSIKA-YUEHK-A1-DLG-011-20260215-I009	9	dialog_turn	9	陳明		識呀，我成日去嗰度買嘢。	/sik1 aa3, ngo5 seng4 jat6 heoi3 go2 dou6 maai5 je5./		sha256:18e6f672965438eadd4f1242e3a42b6e4df10fad604779377629448b451ffc6d		GLOSSIKA-YUEHK-A1-DLG-011-20260215-I008	GLOSSIKA-YUEHK-A1-DLG-011-20260215-I010	no_project_match	naturalness_review_candidate				naturalness_review_candidate|habitual_seng4jat6|motion_goal|source_turn_translation_not_provided	REQUIRES_EXPERT_CONTEXT_REVIEW
GLOSSIKA-YUEHK-A1-DLG-011-20260215-I010	10	dialog_turn	10	李芳		咁就啱喇，行過去咋。	/gam2 zau6 ngaam1 laa3, haang4 gwo3 heoi3 zaa3./		sha256:19ae92b18a4e5f6e1d00947acc94d901baf0c09cd9a85bcaf127b93ba2cc1651		GLOSSIKA-YUEHK-A1-DLG-011-20260215-I009	GLOSSIKA-YUEHK-A1-DLG-011-20260215-I011	no_project_match	naturalness_review_candidate				naturalness_review_candidate|discourse_gam2_zau6|directional_gwo3heoi3|restrictive_zaa3|source_turn_translation_not_provided	REQUIRES_EXPERT_CONTEXT_REVIEW
GLOSSIKA-YUEHK-A1-DLG-011-20260215-I011	11	dialog_turn	11	陳明		要行幾耐呀？	/jiu3 haang4 gei2 noi6 aa3?/		sha256:0a6391fd5d1658b521cc2ca0313f8958f4669c62d04bc82b1fa246d1dcf0b1d3		GLOSSIKA-YUEHK-A1-DLG-011-20260215-I010	GLOSSIKA-YUEHK-A1-DLG-011-20260215-I012	no_project_match	naturalness_review_candidate				naturalness_review_candidate|walking_duration_question|source_turn_translation_not_provided	REQUIRES_EXPERT_CONTEXT_REVIEW
GLOSSIKA-YUEHK-A1-DLG-011-20260215-I012	12	dialog_turn	12	李芳		唔使十分鐘，好快嘅。	/m4 sai2 sap6 fan1 zung1, hou2 faai3 ge3./		sha256:336e28a9afa3ae9d38d21b9d7dcaf3a12f9e437c70c815966414fab63a706712		GLOSSIKA-YUEHK-A1-DLG-011-20260215-I011	GLOSSIKA-YUEHK-A1-DLG-011-20260215-I013	no_project_match	naturalness_review_candidate				naturalness_review_candidate|m4_sai2_duration|degree_speed|source_turn_translation_not_provided	REQUIRES_EXPERT_CONTEXT_REVIEW
GLOSSIKA-YUEHK-A1-DLG-011-20260215-I013	13	dialog_turn	13	陳明		好呀，不如而家一齊去啦。	/hou2 aa3, bat1 jyu4 ji4 gaa1 jat1 cai4 heoi3 laa1./		sha256:0c9b30636da152179eee6e792aad8c2c19a9403a6a18ac9326daeb9476a434e0		GLOSSIKA-YUEHK-A1-DLG-011-20260215-I012	GLOSSIKA-YUEHK-A1-DLG-011-20260215-I014	no_project_match	naturalness_review_candidate				naturalness_review_candidate|proposal_bat1jyu4|current_time|group_motion|source_turn_translation_not_provided	REQUIRES_EXPERT_CONTEXT_REVIEW
GLOSSIKA-YUEHK-A1-DLG-011-20260215-I014	14	dialog_turn	14	李芳		得呀，我都想買啲嘢。	/dak1 aa3, ngo5 dou1 soeng2 maai5 di1 je5./		sha256:6efb79bc6a384df43fbcf4675e5682f6ae4e2475eea9c405cc6e80c992a7b699		GLOSSIKA-YUEHK-A1-DLG-011-20260215-I013	GLOSSIKA-YUEHK-A1-DLG-011-20260215-I015	no_project_match	naturalness_review_candidate				naturalness_review_candidate|permission_dak1|additive_dou1|desire_object|source_turn_translation_not_provided	REQUIRES_EXPERT_CONTEXT_REVIEW
GLOSSIKA-YUEHK-A1-DLG-011-20260215-I015	15	dialog_turn	15	陳明		你想買咩呀？	/nei5 soeng2 maai5 me1 aa3?/		sha256:c2ff86fdc6b208714075c7904e1d7a9dad2ed5198620aeebdf3cb1984d09a137		GLOSSIKA-YUEHK-A1-DLG-011-20260215-I014	GLOSSIKA-YUEHK-A1-DLG-011-20260215-I016	no_project_match	naturalness_review_candidate				naturalness_review_candidate|desire_wh_object|source_turn_translation_not_provided	REQUIRES_EXPERT_CONTEXT_REVIEW
GLOSSIKA-YUEHK-A1-DLG-011-20260215-I016	16	dialog_turn	16	李芳		我想買本簿同埋啲貼紙。	/ngo5 soeng2 maai5 bun2 bou6 tung4 maai4 di1 tip3 zi2./		sha256:90fb00e437e0c3e5dc73e8e5f9c2880b1356265443db1cb43c7b9083c39ed71e		GLOSSIKA-YUEHK-A1-DLG-011-20260215-I015	GLOSSIKA-YUEHK-A1-DLG-011-20260215-I017	no_project_match	naturalness_review_candidate				naturalness_review_candidate|classifier_bun2|coordination_tung4maai4|source_turn_translation_not_provided	REQUIRES_EXPERT_CONTEXT_REVIEW
GLOSSIKA-YUEHK-A1-DLG-011-20260215-I017	17	dialog_turn	17	陳明		嗰間舖頭嘢多唔多呀？	/go2 gaan1 pou3 tau2 je5 do1 m4 do1 aa3?/		sha256:59c8906bd73f10cc4d38f8305c408e5c5c36e2f12078b0521bbf4634fdc71c3a		GLOSSIKA-YUEHK-A1-DLG-011-20260215-I016	GLOSSIKA-YUEHK-A1-DLG-011-20260215-I018	no_project_match	naturalness_review_candidate				naturalness_review_candidate|quantity_a_not_a|source_turn_translation_not_provided	REQUIRES_EXPERT_CONTEXT_REVIEW
GLOSSIKA-YUEHK-A1-DLG-011-20260215-I018	18	dialog_turn	18	李芳		好多㗎，乜都有。	/hou2 do1 gaa3, mat1 dou1 jau5./		sha256:34ac27261d0f84a74b00e2cd2828360608c94623cafd6e47f4630267eca208d5		GLOSSIKA-YUEHK-A1-DLG-011-20260215-I017	GLOSSIKA-YUEHK-A1-DLG-011-20260215-I019	no_project_match	naturalness_review_candidate				naturalness_review_candidate|wh_dou1_existential|source_turn_translation_not_provided	REQUIRES_EXPERT_CONTEXT_REVIEW
GLOSSIKA-YUEHK-A1-DLG-011-20260215-I019	19	dialog_turn	19	陳明		價錢貴唔貴呀？	/gaa3 cin4 gwai3 m4 gwai3 aa3?/		sha256:1cab9cc2c7b5fe0d394d88ab74b0bda49e7233de360422e459742921a3d1fbab		GLOSSIKA-YUEHK-A1-DLG-011-20260215-I018	GLOSSIKA-YUEHK-A1-DLG-011-20260215-I020	no_project_match	naturalness_review_candidate				naturalness_review_candidate|price_a_not_a|source_turn_translation_not_provided	REQUIRES_EXPERT_CONTEXT_REVIEW
GLOSSIKA-YUEHK-A1-DLG-011-20260215-I020	20	dialog_turn	20	李芳		唔算貴，好合理㗎。	/m4 syun3 gwai3, hou2 hap6 lei5 gaa3./		sha256:ce0c942186b716e93d799ffac95242b6b2cdcad45b05bb100fc2b928a83aadf7		GLOSSIKA-YUEHK-A1-DLG-011-20260215-I019	GLOSSIKA-YUEHK-A1-DLG-011-20260215-I021	no_project_match	naturalness_review_candidate				naturalness_review_candidate|m4_syun3_evaluation|reasonableness|source_turn_translation_not_provided	REQUIRES_EXPERT_CONTEXT_REVIEW
GLOSSIKA-YUEHK-A1-DLG-011-20260215-I021	21	dialog_turn	21	陳明		咁就好喇，我最驚貴嘢。	/gam2 zau6 hou2 laa3, ngo5 zeoi3 geng1 gwai3 je5./		sha256:f9689c1d61a308212505e79c6f3a3a9eb97f68b64a500b04f6539e534b66935c		GLOSSIKA-YUEHK-A1-DLG-011-20260215-I020	GLOSSIKA-YUEHK-A1-DLG-011-20260215-I022	no_project_match	naturalness_review_candidate				naturalness_review_candidate|gam2_zau6_hou2|superlative_fear|source_turn_translation_not_provided	REQUIRES_EXPERT_CONTEXT_REVIEW
GLOSSIKA-YUEHK-A1-DLG-011-20260215-I022	22	dialog_turn	22	李芳		放心啦，呢間好抵㗎。	/fong3 sam1 laa1, ni1 gaan1 hou2 dai2 gaa3./		sha256:e41b8e1c05fe285b1748b0dbc66b38353f6fbbe0722554eb7f717be8bee3ae30		GLOSSIKA-YUEHK-A1-DLG-011-20260215-I021	GLOSSIKA-YUEHK-A1-DLG-011-20260215-I023	no_project_match	naturalness_review_candidate				naturalness_review_candidate|reassurance_formula|demonstrative_classifier|value_dai2|source_turn_translation_not_provided	REQUIRES_EXPERT_CONTEXT_REVIEW
GLOSSIKA-YUEHK-A1-DLG-011-20260215-I023	23	dialog_turn	23	陳明		叫咩名呀嗰間舖？	/giu3 me1 meng2 aa3 go2 gaan1 pou3?/		sha256:a903fa4546e5ef6ddce7d4de868fb7cbc458699d7f388405e4e8ba425e60d43d		GLOSSIKA-YUEHK-A1-DLG-011-20260215-I022	GLOSSIKA-YUEHK-A1-DLG-011-20260215-I024	no_project_match	naturalness_review_candidate				naturalness_review_candidate|name_wh_dislocation|source_turn_translation_not_provided	REQUIRES_EXPERT_CONTEXT_REVIEW
GLOSSIKA-YUEHK-A1-DLG-011-20260215-I024	24	dialog_turn	24	李芳		叫明記文具舖。	/giu3 ming4 gei3 man4 geoi6 pou3./		sha256:fbb1d6a6fc36dac8a12754e00db7c8fea32cc74552466530992f46e5e17b7c27		GLOSSIKA-YUEHK-A1-DLG-011-20260215-I023	GLOSSIKA-YUEHK-A1-DLG-011-20260215-I025	no_project_match	new_attestation				naming_predicate|source_turn_translation_not_provided	REQUIRES_EXPERT_CONTEXT_REVIEW
GLOSSIKA-YUEHK-A1-DLG-011-20260215-I025	25	dialog_turn	25	陳明		明記？幾時開門㗎？	/ming4 gei3? gei2 si4 hoi1 mun4 gaa3?/		sha256:3d3f7764e8445da49167c1f2938e51046999153547ffe17b985b3b323bc9d346		GLOSSIKA-YUEHK-A1-DLG-011-20260215-I024	GLOSSIKA-YUEHK-A1-DLG-011-20260215-I026	no_project_match	naturalness_review_candidate				naturalness_review_candidate|echo_name|opening_time_question|source_turn_translation_not_provided	REQUIRES_EXPERT_CONTEXT_REVIEW
GLOSSIKA-YUEHK-A1-DLG-011-20260215-I026	26	dialog_turn	26	李芳		朝早九點開，開到夜晚八點。	/ziu1 zou2 gau2 dim2 hoi1, hoi1 dou3 je6 maan5 baat3 dim2./		sha256:e917df0b3368f654d24c556375d81564f773a9ec184f527b95aba7590d5d3768		GLOSSIKA-YUEHK-A1-DLG-011-20260215-I025	GLOSSIKA-YUEHK-A1-DLG-011-20260215-I027	no_project_match	naturalness_review_candidate				naturalness_review_candidate|opening_interval_hoi1_dou3|source_turn_translation_not_provided	REQUIRES_EXPERT_CONTEXT_REVIEW
GLOSSIKA-YUEHK-A1-DLG-011-20260215-I027	27	dialog_turn	27	陳明		而家去啱啱好，仲有時間。	/ji4 gaa1 heoi3 ngaam1 ngaam1 hou2, zung6 jau5 si4 gaan3./		sha256:812fa412e11db040425b1a2bd71c081476a6abba37777388dca1fc06e8d07255		GLOSSIKA-YUEHK-A1-DLG-011-20260215-I026	GLOSSIKA-YUEHK-A1-DLG-011-20260215-I028	no_project_match	naturalness_review_candidate				naturalness_review_candidate|immediate_time_ngaam1ngaam1hou2|continuative_zung6jau5|source_turn_translation_not_provided	REQUIRES_EXPERT_CONTEXT_REVIEW
GLOSSIKA-YUEHK-A1-DLG-011-20260215-I028	28	dialog_turn	28	李芳		係呀，我哋走啦。	/hai6 aa3, ngo5 dei6 zau2 laa1./		sha256:1f7c9e5bf65f8ac8359aeb8a63544b9b29760f5498be9e9abc6451524f5af12b		GLOSSIKA-YUEHK-A1-DLG-011-20260215-I027	GLOSSIKA-YUEHK-A1-DLG-011-20260215-I029	no_project_match	new_attestation				departure_group|source_turn_translation_not_provided	REQUIRES_EXPERT_CONTEXT_REVIEW
GLOSSIKA-YUEHK-A1-DLG-011-20260215-I029	29	dialog_turn	29	陳明		行去定係坐車去？	/haang4 heoi3 ding6 hai6 co5 ce1 heoi3?/		sha256:a2b56c371b45bed88cacd60120d844a82aafce5b670fd977cd1bf3b790769a8c		GLOSSIKA-YUEHK-A1-DLG-011-20260215-I028	GLOSSIKA-YUEHK-A1-DLG-011-20260215-I030	no_project_match	naturalness_review_candidate				naturalness_review_candidate|alternative_ding6hai6|motion_manner|source_turn_translation_not_provided	REQUIRES_EXPERT_CONTEXT_REVIEW
GLOSSIKA-YUEHK-A1-DLG-011-20260215-I030	30	dialog_turn	30	李芳		行去啦，好近咋。	/haang4 heoi3 laa1, hou2 gan6 zaa3./		sha256:6e16623ea8bfd4fa483d16b87fc2dc806de5215f26625268969bd41484359fa9		GLOSSIKA-YUEHK-A1-DLG-011-20260215-I029	GLOSSIKA-YUEHK-A1-DLG-011-20260215-I031	no_project_match	naturalness_review_candidate				naturalness_review_candidate|motion_manner|restrictive_zaa3|source_turn_translation_not_provided	REQUIRES_EXPERT_CONTEXT_REVIEW
GLOSSIKA-YUEHK-A1-DLG-011-20260215-I031	31	dialog_turn	31	陳明		好呀，順便行吓。	/hou2 aa3, seon6 bin6 haang4 haa5./		sha256:68d3e56aa68b08efa3384e4c80379622eb2c1520a387dcfbafaf085713848c22		GLOSSIKA-YUEHK-A1-DLG-011-20260215-I030	GLOSSIKA-YUEHK-A1-DLG-011-20260215-I032	no_project_match	naturalness_review_candidate				naturalness_review_candidate|incidental_seon6bin6|delimitative_haa5|source_turn_translation_not_provided	REQUIRES_EXPERT_CONTEXT_REVIEW
GLOSSIKA-YUEHK-A1-DLG-011-20260215-I032	32	dialog_turn	32	李芳		由呢度一直行就到㗎喇。	/jau4 ni1 dou6 jat1 zik6 haang4 zau6 dou3 gaa3 laa3./		sha256:204b79eca1c879a80158fa64f689d8437bfb639bf7028343b3232146e09de9ff		GLOSSIKA-YUEHK-A1-DLG-011-20260215-I031	GLOSSIKA-YUEHK-A1-DLG-011-20260215-I033	no_project_match	naturalness_review_candidate				naturalness_review_candidate|source_jau4|path_jat1zik6|zau6_dou3_result|gaa3_laa3_cluster|source_turn_translation_not_provided	REQUIRES_EXPERT_CONTEXT_REVIEW
GLOSSIKA-YUEHK-A1-DLG-011-20260215-I033	33	dialog_turn	33	陳明		好清楚，多謝你呀。	/hou2 cing1 co2, do1 ze6 nei5 aa3./		sha256:b05e0cd431c3c52f346c25c361b10ffa4cfff414c2a54b38cd5f3b5415ba0bde		GLOSSIKA-YUEHK-A1-DLG-011-20260215-I032	GLOSSIKA-YUEHK-A1-DLG-011-20260215-I034	no_project_match	new_attestation				clarity_evaluation|gratitude|source_turn_translation_not_provided	REQUIRES_EXPERT_CONTEXT_REVIEW
GLOSSIKA-YUEHK-A1-DLG-011-20260215-I034	34	dialog_turn	34	李芳		唔使客氣，小事啫。	/m4 sai2 haak3 hei3, siu2 si6 ze1./		sha256:6f8d9400b471d8fa7c4620cb8fb6df908d2f3848be2f16cefc25259c5a8968b2		GLOSSIKA-YUEHK-A1-DLG-011-20260215-I033	GLOSSIKA-YUEHK-A1-DLG-011-20260215-I035	no_project_match	naturalness_review_candidate				naturalness_review_candidate|m4_sai2_haak3hei3|restrictive_ze1|source_turn_translation_not_provided	REQUIRES_EXPERT_CONTEXT_REVIEW
GLOSSIKA-YUEHK-A1-DLG-011-20260215-I035	35	dialog_turn	35	陳明		你成日去嗰度買嘢咩？	/nei5 seng4 jat6 heoi3 go2 dou6 maai5 je5 me1?/		sha256:976422db4f6f92542781b4a2bddf07fc2fe05d4772b2a4bda2bf78c2ecd276df		GLOSSIKA-YUEHK-A1-DLG-011-20260215-I034	GLOSSIKA-YUEHK-A1-DLG-011-20260215-I036	no_project_match	naturalness_review_candidate				naturalness_review_candidate|habitual_motion|me1_question|source_turn_translation_not_provided	REQUIRES_EXPERT_CONTEXT_REVIEW
GLOSSIKA-YUEHK-A1-DLG-011-20260215-I036	36	dialog_turn	36	李芳		係呀，好方便㗎。	/hai6 aa3, hou2 fong1 bin6 gaa3./		sha256:887333070a21185cecba8c1b71d03b99e942ff5a4b10b46eb266da3cb4a35941		GLOSSIKA-YUEHK-A1-DLG-011-20260215-I035	GLOSSIKA-YUEHK-A1-DLG-011-20260215-I037	no_project_match	naturalness_review_candidate				naturalness_review_candidate|convenience_evaluation|source_turn_translation_not_provided	REQUIRES_EXPERT_CONTEXT_REVIEW
GLOSSIKA-YUEHK-A1-DLG-011-20260215-I037	37	dialog_turn	37	陳明		咁以後我都去嗰度買。	/gam2 ji5 hau6 ngo5 dou1 heoi3 go2 dou6 maai5./		sha256:d24fd647eab5cff371c3feafb10afa533f7f309466de015d004a92536b9003bf		GLOSSIKA-YUEHK-A1-DLG-011-20260215-I036	GLOSSIKA-YUEHK-A1-DLG-011-20260215-I038	no_project_match	naturalness_review_candidate				naturalness_review_candidate|future_habitual_shift|additive_dou1|source_turn_translation_not_provided	REQUIRES_EXPERT_CONTEXT_REVIEW
GLOSSIKA-YUEHK-A1-DLG-011-20260215-I038	38	dialog_turn	38	李芳		好呀，我哋一齊去啦。	/hou2 aa3, ngo5 dei6 jat1 cai4 heoi3 laa1./		sha256:7716a6464c0641c547e4609de6d0c676ac8be6fcc8d9c4e4eed7654e5f2f0e25		GLOSSIKA-YUEHK-A1-DLG-011-20260215-I037	GLOSSIKA-YUEHK-A1-DLG-011-20260215-I039	no_project_match	naturalness_review_candidate				naturalness_review_candidate|group_motion|source_turn_translation_not_provided	REQUIRES_EXPERT_CONTEXT_REVIEW
GLOSSIKA-YUEHK-A1-DLG-011-20260215-I039	39	dialog_turn	39	陳明		嗯，快啲行啦。	/ng2, faai3 di1 haang4 laa1./		sha256:2f4a5cdb7c20e66ca365f93320bc0cbea13f3eda0892c447905b4f101e8dd80f		GLOSSIKA-YUEHK-A1-DLG-011-20260215-I038	GLOSSIKA-YUEHK-A1-DLG-011-20260215-I040	no_project_match	naturalness_review_candidate				naturalness_review_candidate|comparative_faai3di1|imperative_laa1|source_turn_translation_not_provided	REQUIRES_EXPERT_CONTEXT_REVIEW
GLOSSIKA-YUEHK-A1-DLG-011-20260215-I040	40	dialog_turn	40	李芳		好，我哋出發喇。	/hou2, ngo5 dei6 ceot1 faat3 laa3./		sha256:b055dd2952b4452a52aa2b78d08014fb4ffdf2db0b44d72910f394818716b7a6		GLOSSIKA-YUEHK-A1-DLG-011-20260215-I039		no_project_match	new_attestation				departure_inchoative_laa3|source_turn_translation_not_provided	REQUIRES_EXPERT_CONTEXT_REVIEW
GLOSSIKA-YUEHK-A1-DLG-011-20260215-I041	41	lexical_entry			1	知	zi1	to know	sha256:7cf09e9eb5626d13b93550b686ff4c63d67824c3eb4dc854667859ebda200d8a	true			exact_duplicate_candidate	lexical_only_attestation	src/runtime-resources/lexicon/token-lexicon/verbs.js	src/parser/context/licensed-fragments.js|src/parser/detectors/boundaries/needs-context.js|src/parser/detectors/cognition/fragments-content.js|src/parser/detectors/discourse/formula-responses.js|src/parser/features/token-features.js|src/runtime-resources/grammar/predicate-profiles.js|src/runtime-resources/grammar/templates/category-span-templates.js|src/runtime-resources/grammar/templates/construction-templates.js|src/runtime-resources/grammar/templates/slot-generation-rules.js|src/runtime-resources/lexicon/compositional-lexical-phrases.js|src/runtime-resources/lexicon/token-lexicon/function-words-and-particles.js|src/runtime-resources/lexicon/token-lexicon/verbs.js	data/construction-adjudication-batches/batch-03.json|data/construction-adjudication-batches/batch-07.json|data/construction-adjudication-batches/batch-15.json|data/construction-candidate-readiness.json|data/construction-identities.json|data/pedagogical-corpus/glossika/GLOSSIKA-YUEHK-A1-DLG-003-20251214/crosswalk.json|data/pedagogical-corpus/glossika/GLOSSIKA-YUEHK-A1-DLG-003-20251214/items.tsv|data/pedagogical-corpus/glossika/GLOSSIKA-YUEHK-A1-DLG-003-20251214/review.json|data/pedagogical-corpus/glossika/GLOSSIKA-YUEHK-A1-DLG-003-20251214/source.json|data/pedagogical-corpus/glossika/GLOSSIKA-YUEHK-A1-DLG-004-20251221/crosswalk.json|data/pedagogical-corpus/glossika/GLOSSIKA-YUEHK-A1-DLG-004-20251221/items.tsv|data/pedagogical-corpus/glossika/GLOSSIKA-YUEHK-A1-DLG-004-20251221/review.json|data/pedagogical-corpus/glossika/GLOSSIKA-YUEHK-A1-DLG-004-20251221/source.json|data/pedagogical-corpus/glossika/GLOSSIKA-YUEHK-A1-DLG-005-20251228/crosswalk.json|data/pedagogical-corpus/glossika/GLOSSIKA-YUEHK-A1-DLG-005-20251228/items.tsv|data/pedagogical-corpus/glossika/GLOSSIKA-YUEHK-A1-DLG-005-20251228/review.json|data/pedagogical-corpus/glossika/GLOSSIKA-YUEHK-A1-DLG-005-20251228/source.json|data/pedagogical-corpus/glossika/GLOSSIKA-YUEHK-A1-DLG-010-20260208/crosswalk.json|data/pedagogical-corpus/glossika/GLOSSIKA-YUEHK-A1-DLG-010-20260208/items.tsv|data/pedagogical-corpus/glossika/GLOSSIKA-YUEHK-A1-DLG-010-20260208/review.json|data/pedagogical-corpus/glossika/GLOSSIKA-YUEHK-A1-DLG-010-20260208/source.json|data/slot-model.json|docs/releases/v0.5.194-speech-transfer-complement-wrapper-audit.json|docs/research/COGNITION-SPEECH-INTENTION-SOURCE-MAP-CP021B-R31.md|docs/research/CONDITIONAL-CLAUSE-LINKING-SOURCE-MAP-CP021B-R25.md|docs/research/CONSTRUCTION-ADJUDICATION-BATCH-03.md|docs/research/CONSTRUCTION-ADJUDICATION-BATCH-07.md|docs/research/CONSTRUCTION-ADJUDICATION-BATCH-15.md|docs/research/CP022-IMPLEMENTATION-BACKLOG-CP021B-R37.tsv|docs/research/CP038-P1-SPEECH-TRANSFER-COMPLEMENT-WRAPPER-AUDIT-R1.md|docs/research/CP038-P1-SPEECH-TRANSFER-COMPLEMENT-WRAPPER-INVENTORY-R1.tsv|docs/research/EVALUATION-PACKET-BLUEPRINTS-CP021B-R37.json|docs/research/LANE-03-FRAGMENTS-DISCOURSE-SOURCE-MAP-CP021B-R17.md|docs/research/LANE-08-REPORTED-SPEECH-COGNITION-STANCE-SOURCE-MAP-CP021B-R15.md|docs/research/NATIVE-CORPUS-WECHAT-GUANGXI-TRAVEL-002.md|docs/research/NEGATION-ACCEPTABILITY-OPINION-SCHEDULING-SOURCE-MAP-CP021B-R30.md|docs/research/PARSER-CONSTRUCTION-CANONICAL-CONSOLIDATION-MATRIX-CP021B-R35.tsv|docs/research/PARSER-CONSTRUCTION-SOURCE-COVERAGE-CP021B-R37.tsv|docs/research/PARSER-CONSTRUCTION-SOURCE-MATRIX-CP021B-R37.tsv|docs/research/PARSER-CONSTRUCTION-SOURCE-REGISTER-CP021B-R37-ADDITIONS.tsv|docs/research/PARSER-CONSTRUCTION-SOURCE-REGISTER-CP021B-R37.tsv|docs/research/PRQ2-002-ZOU2ZI1-HINDSIGHT-REGRET-COLLISION-AUDIT-R1.tsv|docs/research/PRQ2-002-ZOU2ZI1-HINDSIGHT-REGRET-RESEARCH-R1.md|docs/research/PRQ2-002-ZOU2ZI1-HINDSIGHT-REGRET-SOURCE-VERIFICATION-R1.tsv|docs/research/PRQ2-006-LOK6HEOI3-CONTINUATIVE-ASPECT-COLLISION-AUDIT-R1.tsv|docs/research/PRQ2-006-LOK6HEOI3-CONTINUATIVE-ASPECT-RESEARCH-R1.md|docs/research/PRQ2-010-CEOI4ZO2-ZI1NGOI6-EXCLUSION-ADDITION-COLLISION-AUDIT-R1.tsv|docs/research/PRQ2-011-M4DAAN1ZI2-ZUNG6-ADDITIVE-CORRELATIVE-COLLISION-AUDIT-R1.tsv|docs/research/PRQ2-011-M4DAAN1ZI2-ZUNG6-ADDITIVE-CORRELATIVE-RESEARCH-R1.md|docs/research/PRQ2-015-MUI5-GO3GO3-DOU1-DISTRIBUTIVE-QUANTIFICATION-COLLISION-AUDIT-R1.tsv|docs/research/PRQ2-015-MUI5-GO3GO3-DOU1-DISTRIBUTIVE-QUANTIFICATION-RESEARCH-R1.md|docs/research/UC-RQ-003-DOUBLE-OBJECT-ORDER-ALTERNATION-RESEARCH-R1.md|docs/research/WECHAT-GX-TRAVEL-002-ADJUDICATION-REPORT.md|docs/research/WECHAT-GX-TRAVEL-002-CLAIM-SOURCE-EDGES-R1.tsv|docs/research/WECHAT-GX-TRAVEL-002-LEXICON-JYUTPING-READINESS-R1.md|docs/research/WECHAT-GX-TRAVEL-002-LEXICON-JYUTPING-VERIFICATION-R2.md|docs/research/WECHAT-GX-TRAVEL-002-LEXICON-PATCH-BLUEPRINT-R2.md|docs/research/WECHAT-GX-TRAVEL-002-PRIORITY-GRAMMAR-RESEARCH-R1.md|grammar/research_pending/DitransitiveSpeechVP.md|grammar/research_pending/NegativeCognitionFragment.md|grammar/unsupported_generalization/CognitionStatementClause.md|test-data/cp021b-lx1-construction-freeze-baseline.json|test-data/native-speaker-naturalness-evidence-v1.json|test-data/native-speaker-naturalness-evidence-v1.tsv|test-data/natural-corpus-wechat-guangxi-travel-002-raw.txt|test-data/natural-corpus-wechat-guangxi-travel-002-turns.json|test-data/natural-corpus-wechat-guangxi-travel-002-turns.tsv|test-data/natural-corpus-wechat-guangxi-travel-002-units.json|test-data/natural-corpus-wechat-guangxi-travel-002-units.tsv|test-data/pre-intermediate-gold-corpus.tsv|test-data/WECHAT-GX-TRAVEL-002-ADJUDICATION-MATRIX.json|test-data/WECHAT-GX-TRAVEL-002-ADJUDICATION-MATRIX.tsv|test-data/WECHAT-GX-TRAVEL-002-CONTROLLED-CONTRASTS-R1.tsv|test-data/WECHAT-GX-TRAVEL-002-LEXICON-JYUTPING-READINESS-R1.json|test-data/WECHAT-GX-TRAVEL-002-LEXICON-JYUTPING-READINESS-R1.tsv|test-data/WECHAT-GX-TRAVEL-002-LEXICON-JYUTPING-VERIFICATION-R2.json|test-data/WECHAT-GX-TRAVEL-002-LEXICON-JYUTPING-VERIFICATION-R2.tsv|test-data/WECHAT-GX-TRAVEL-002-QUEUE-D-context_disfluency_research.tsv|test-data/WECHAT-GX-TRAVEL-002-QUEUE-G-grammar_research_external_evidence.tsv|test-data/WECHAT-GX-TRAVEL-002-QUEUE-L-lexicon_jyutping_enrichment.tsv|tests/constructions/ANotAQuestion.json|tests/constructions/ClauseRelationEdge.json|tests/constructions/ClauseRelationGraph.json|tests/constructions/ClauseRelationMemberSpan.json|tests/constructions/ClauseSpan.json|tests/constructions/CognitionContentFrame.json|tests/constructions/CognitionStatementClause.json|tests/constructions/DirectionalMotionVP.json|tests/constructions/DitransitiveSpeechVP.json|tests/constructions/FormulaDiscourseUnit.json|tests/constructions/NegatedDirectionalMotionVP.json|tests/constructions/NegativeCognitionFragment.json|tests/constructions/NominalHeadSpan.json|tests/constructions/OpinionStanceFrame.json|tests/fixtures/boundary-closure-v1.json|tests/fixtures/regression-snapshots.json	knowledge_verb_review	REQUIRES_EXPERT_CONTEXT_REVIEW
GLOSSIKA-YUEHK-A1-DLG-011-20260215-I042	42	lexical_entry			2	唔知	m4 zi1	don't know	sha256:247d4c1e98f9fee26f488c536379f92d03bb6d98efaef2fe5b7d487f7695cddf	true			exact_duplicate_candidate	lexical_only_attestation	src/runtime-resources/lexicon/token-lexicon/verbs.js	src/parser/detectors/boundaries/needs-context.js|src/parser/detectors/cognition/fragments-content.js|src/parser/features/token-features.js|src/runtime-resources/grammar/predicate-profiles.js|src/runtime-resources/grammar/templates/construction-templates.js|src/runtime-resources/grammar/templates/slot-generation-rules.js|src/runtime-resources/lexicon/compositional-lexical-phrases.js|src/runtime-resources/lexicon/token-lexicon/function-words-and-particles.js|src/runtime-resources/lexicon/token-lexicon/verbs.js	data/construction-adjudication-batches/batch-07.json|data/construction-adjudication-batches/batch-15.json|data/construction-identities.json|data/pedagogical-corpus/glossika/GLOSSIKA-YUEHK-A1-DLG-010-20260208/crosswalk.json|data/pedagogical-corpus/glossika/GLOSSIKA-YUEHK-A1-DLG-010-20260208/items.tsv|data/pedagogical-corpus/glossika/GLOSSIKA-YUEHK-A1-DLG-010-20260208/review.json|data/pedagogical-corpus/glossika/GLOSSIKA-YUEHK-A1-DLG-010-20260208/source.json|docs/research/CONSTRUCTION-ADJUDICATION-BATCH-07.md|docs/research/CONSTRUCTION-ADJUDICATION-BATCH-15.md|docs/research/EVALUATION-PACKET-BLUEPRINTS-CP021B-R37.json|docs/research/LANE-08-REPORTED-SPEECH-COGNITION-STANCE-SOURCE-MAP-CP021B-R15.md|docs/research/NEGATION-ACCEPTABILITY-OPINION-SCHEDULING-SOURCE-MAP-CP021B-R30.md|docs/research/PARSER-CONSTRUCTION-CANONICAL-CONSOLIDATION-MATRIX-CP021B-R35.tsv|docs/research/PARSER-CONSTRUCTION-SOURCE-MATRIX-CP021B-R37.tsv|docs/research/PARSER-CONSTRUCTION-SOURCE-REGISTER-CP021B-R37.tsv|docs/research/PRQ2-006-LOK6HEOI3-CONTINUATIVE-ASPECT-COLLISION-AUDIT-R1.tsv|docs/research/PRQ2-006-LOK6HEOI3-CONTINUATIVE-ASPECT-RESEARCH-R1.md|docs/research/PRQ2-010-CEOI4ZO2-ZI1NGOI6-EXCLUSION-ADDITION-COLLISION-AUDIT-R1.tsv|grammar/research_pending/NegativeCognitionFragment.md|test-data/cp021b-lx1-construction-freeze-baseline.json|test-data/native-speaker-naturalness-evidence-v1.json|test-data/native-speaker-naturalness-evidence-v1.tsv|test-data/pre-intermediate-gold-corpus.tsv|tests/constructions/ANotAQuestion.json|tests/constructions/CognitionContentFrame.json|tests/constructions/CognitionStatementClause.json|tests/constructions/NegativeCognitionFragment.json|tests/constructions/OpinionStanceFrame.json|tests/fixtures/boundary-closure-v1.json|tests/fixtures/regression-snapshots.json	negative_knowledge_review	REQUIRES_EXPERT_CONTEXT_REVIEW
GLOSSIKA-YUEHK-A1-DLG-011-20260215-I043	43	lexical_entry			3	知唔知	zi1 m4 zi1	do you know (or not)	sha256:6d34decc19364f4af7a16bddb469c15a38d22338a9d680884fd890c569241150	true			exact_duplicate_candidate	exact_duplicate		src/runtime-resources/grammar/predicate-profiles.js	docs/research/PRQ2-010-CEOI4ZO2-ZI1NGOI6-EXCLUSION-ADDITION-COLLISION-AUDIT-R1.tsv|test-data/cp021b-lx1-construction-freeze-baseline.json|tests/constructions/CognitionStatementClause.json|tests/fixtures/regression-snapshots.json	a_not_a_knowledge_review	REQUIRES_EXPERT_CONTEXT_REVIEW
GLOSSIKA-YUEHK-A1-DLG-011-20260215-I044	44	lexical_entry			4	去	heoi3	to go	sha256:45a7360fac9e1e8b42bb6116d55d7f699f6e0361da71789d861a56ad63ee7bb7	true			exact_duplicate_candidate	lexical_only_attestation	src/runtime-resources/lexicon/token-lexicon/verbs.js	src/parser/detectors/aspect/composition.js|src/parser/detectors/motion/directional.js|src/parser/detectors/motion/path-goal-source.js|src/parser/detectors/motion/purpose-chains.js|src/parser/detectors/transfer/passive-permissive.js|src/parser/features/token-features.js|src/plugin-entry.js|src/runtime-resources/grammar/templates/category-span-templates.js|src/runtime-resources/grammar/templates/slot-generation-rules.js|src/runtime-resources/lexicon/compositional-lexical-phrases.js|src/runtime-resources/lexicon/token-lexicon/referents-and-boundaries.js|src/runtime-resources/lexicon/token-lexicon/verbs.js|src/runtime-resources/presentation/learner-glosses.js	data/construction-adjudication-batches/batch-03.json|data/construction-adjudication-batches/batch-04.json|data/construction-adjudication-batches/batch-07.json|data/construction-adjudication-batches/batch-08.json|data/construction-adjudication-batches/batch-09.json|data/construction-adjudication-batches/batch-10.json|data/construction-adjudication-batches/batch-12.json|data/construction-adjudication-batches/batch-13.json|data/construction-adjudication-batches/batch-14.json|data/construction-adjudication-batches/batch-16.json|data/construction-adjudication-batches/batch-18.json|data/construction-identities.json|data/natural-corpus/wechat-father-daughter-001.txt|data/pedagogical-corpus/glossika/GLOSSIKA-YUEHK-A1-DLG-004-20251221/crosswalk.json|data/pedagogical-corpus/glossika/GLOSSIKA-YUEHK-A1-DLG-004-20251221/items.tsv|data/pedagogical-corpus/glossika/GLOSSIKA-YUEHK-A1-DLG-004-20251221/review.json|data/pedagogical-corpus/glossika/GLOSSIKA-YUEHK-A1-DLG-004-20251221/source.json|data/pedagogical-corpus/glossika/GLOSSIKA-YUEHK-A1-DLG-005-20251228/crosswalk.json|data/pedagogical-corpus/glossika/GLOSSIKA-YUEHK-A1-DLG-005-20251228/items.tsv|data/pedagogical-corpus/glossika/GLOSSIKA-YUEHK-A1-DLG-005-20251228/review.json|data/pedagogical-corpus/glossika/GLOSSIKA-YUEHK-A1-DLG-005-20251228/source.json|data/pedagogical-corpus/glossika/GLOSSIKA-YUEHK-A1-DLG-007-20260111/crosswalk.json|data/pedagogical-corpus/glossika/GLOSSIKA-YUEHK-A1-DLG-007-20260111/items.tsv|data/pedagogical-corpus/glossika/GLOSSIKA-YUEHK-A1-DLG-007-20260111/review.json|data/pedagogical-corpus/glossika/GLOSSIKA-YUEHK-A1-DLG-007-20260111/source.json|data/pedagogical-corpus/glossika/GLOSSIKA-YUEHK-A1-DLG-009-20260201/crosswalk.json|data/pedagogical-corpus/glossika/GLOSSIKA-YUEHK-A1-DLG-009-20260201/items.tsv|data/pedagogical-corpus/glossika/GLOSSIKA-YUEHK-A1-DLG-009-20260201/review.json|data/pedagogical-corpus/glossika/GLOSSIKA-YUEHK-A1-DLG-009-20260201/source.json|data/pedagogical-corpus/glossika/GLOSSIKA-YUEHK-A1-DLG-010-20260208/crosswalk.json|data/pedagogical-corpus/glossika/GLOSSIKA-YUEHK-A1-DLG-010-20260208/items.tsv|data/pedagogical-corpus/glossika/GLOSSIKA-YUEHK-A1-DLG-010-20260208/review.json|data/pedagogical-corpus/glossika/GLOSSIKA-YUEHK-A1-DLG-010-20260208/source.json|data/pedagogical-corpus/glossika/GLOSSIKA-YUEHK-A1-W15-20260628/items.tsv|data/pedagogical-corpus/glossika/GLOSSIKA-YUEHK-A1-W15-20260628/review.json|data/pedagogical-corpus/glossika/GLOSSIKA-YUEHK-A1-W15-20260628/source.json|data/pedagogical-corpus/glossika/GLOSSIKA-YUEHK-A1-W16-20260705/items.tsv|data/pedagogical-corpus/glossika/GLOSSIKA-YUEHK-A1-W16-20260705/review.json|data/pedagogical-corpus/glossika/GLOSSIKA-YUEHK-A1-W16-20260705/source.json|data/pedagogical-corpus/glossika/GLOSSIKA-YUEHK-A1-W17-20260712/crosswalk.json|data/pedagogical-corpus/glossika/GLOSSIKA-YUEHK-A1-W17-20260712/items.tsv|data/pedagogical-corpus/glossika/GLOSSIKA-YUEHK-A1-W17-20260712/review.json|data/pedagogical-corpus/glossika/GLOSSIKA-YUEHK-A1-W17-20260712/source.json|data/pedagogical-corpus/glossika/GLOSSIKA-YUEHK-A1-W18-20260719/crosswalk.json|data/pedagogical-corpus/glossika/GLOSSIKA-YUEHK-A1-W18-20260719/items.tsv|data/pedagogical-corpus/glossika/GLOSSIKA-YUEHK-A1-W18-20260719/review.json|data/pedagogical-corpus/glossika/GLOSSIKA-YUEHK-A1-W18-20260719/source.json|data/pedagogical-corpus/glossika/GLOSSIKA-YUEHK-A1-W19-20260726/crosswalk.json|data/pedagogical-corpus/glossika/GLOSSIKA-YUEHK-A1-W19-20260726/items.tsv|data/pedagogical-corpus/glossika/GLOSSIKA-YUEHK-A1-W19-20260726/review.json|data/pedagogical-corpus/glossika/GLOSSIKA-YUEHK-A1-W19-20260726/source.json|data/research-ledgers/glossika-week15-followup-candidates.json|data/research-ledgers/glossika-week18-claim-source.json|data/research-ledgers/glossika-week18-common-verb-audit.json|data/research-ledgers/glossika-week18-temporal-lexicon.json|data/research-ledgers/glossika-week19-claim-source.json|data/research-ledgers/glossika-week19-followup-candidates.json|data/slot-model.json|docs/releases/v0.5.211-negative-experiential-reconciliation-audit.json|docs/research/AB30-ZO-M-HKCANCOR-CLAIM-CROSS-REFERENCE-R1.md|docs/research/AB30-ZO-R-HKCANCOR-CLAIM-CROSS-REFERENCE-R2.md|docs/research/ASPECTUAL-CLAUSE-WRAPPERS-SOURCE-MAP-CP021B-R24.md|docs/research/CONDITIONAL-CLAUSE-LINKING-SOURCE-MAP-CP021B-R25.md|docs/research/CONSTRUCTION-ADJUDICATION-BATCH-03.md|docs/research/CONSTRUCTION-ADJUDICATION-BATCH-09.md|docs/research/CONSTRUCTION-ADJUDICATION-BATCH-10.md|docs/research/CONSTRUCTION-ADJUDICATION-BATCH-12.md|docs/research/CONSTRUCTION-ADJUDICATION-BATCH-14.md|docs/research/CONSTRUCTION-ADJUDICATION-BATCH-16.md|docs/research/CONSTRUCTION-ADJUDICATION-BATCH-18.md|docs/research/COVERB-MANNER-EVENT-MODIFICATION-SOURCE-MAP-CP021B-R23.md|docs/research/CP022-IMPLEMENTATION-BACKLOG-CP021B-R37.tsv|docs/research/CP025-P1-PFV01-IMPLEMENTATION-PROBE-R1.tsv|docs/research/CP025-P1-PFV01-SPEAKER-A-RAW-R2.md|docs/research/CP025-P1-PFV01-SPEAKER-A-RESULT-R2.tsv|docs/research/CP026-P1-RUL01-IMPLEMENTATION-PROBE-R1.tsv|docs/research/CP026-P1-RUL01-PUBLIC-PANEL-R1-RESULT.md|docs/research/CP026-P1-RUL01-SOURCE-VERIFICATION-R1.tsv|docs/research/CP026-P1-RUL01-SPEAKER-A-FORM-R1.md|docs/research/CP029-P1-PFV01-BOUNDARY-INVENTORY-R1.tsv|docs/research/CP029-P1-PFV01-PUBLIC-PANEL-R1-RESULT.md|docs/research/CP035-P1-EXPERIENTIAL-DELIMITED-WRAPPER-AUDIT-R1.md|docs/research/CP051-P1-COPULAR-ANOTA-RECONCILIATION-R1.md|docs/research/CP051-P1-COPULAR-ANOTA-SOURCE-VERIFICATION-R1.tsv|docs/research/CP055-P1-NEGATIVE-EXPERIENTIAL-RECONCILIATION-R1.md|docs/research/DIRECTIVE-SUGGESTION-PRIORITY-SOURCE-MAP-CP021B-R27.md|docs/research/EVALUATION-PACKET-BLUEPRINTS-CP021B-R37.json|docs/research/FINAL-LANGUAGE-LABEL-COVERAGE-SOURCE-MAP-CP021B-R33.md|docs/research/GLOSSIKA-WEEK16-LEXICON-PROVENANCE.md|docs/research/GLOSSIKA-YUEHK-A1-W15-20260628-RESEARCH.md|docs/research/GLOSSIKA-YUEHK-A1-W18-20260719-RESEARCH.md|docs/research/GLOSSIKA-YUEHK-A1-W19-20260726-RESEARCH.md|docs/research/LANE-05-PROGRESSIVE-DURATIVE-EXPERIENTIAL-SOURCE-MAP-CP021B-R13.md|docs/research/LANE-05-RESULT-POTENTIAL-COMPLEMENTS-SOURCE-MAP-CP021B-R10.md|docs/research/LANE-09-DIRECTIONAL-MOTION-SOURCE-MAP-CP021B-R3.md|docs/research/LANE-09-SERIAL-PURPOSE-SOURCE-MAP-CP021B-R16.md|docs/research/LEGITIMACY-WORK-LEDGER.md|docs/research/NEGATION-ACCEPTABILITY-OPINION-SCHEDULING-SOURCE-MAP-CP021B-R30.md|docs/research/PARSER-CONSTRUCTION-CANONICAL-CONSOLIDATION-MATRIX-CP021B-R35.tsv|docs/research/PARSER-CONSTRUCTION-INTERNAL-DISPOSITION-MATRIX-CP021B-R34.tsv|docs/research/PARSER-CONSTRUCTION-INTERNAL-PROVENANCE-REGISTER-CP021B-R37.tsv|docs/research/PARSER-CONSTRUCTION-INTERNAL-PROVENANCE-REGISTER-CP022-I1A-I04-R1.tsv|docs/research/PARSER-CONSTRUCTION-SOURCE-COVERAGE-CP021B-R37.tsv|docs/research/PARSER-CONSTRUCTION-SOURCE-MATRIX-CP021B-R37.tsv|docs/research/PARSER-CONSTRUCTION-SOURCE-REGISTER-CP021B-R37.tsv|docs/research/PRQ2-001-YAU5-MOU5-DAK1-AVAILABILITY-COLLISION-AUDIT-R1.tsv|docs/research/PRQ2-001-YAU5-MOU5-DAK1-AVAILABILITY-RESEARCH-R1.md|docs/research/PRQ2-001-YAU5-MOU5-DAK1-AVAILABILITY-SOURCE-VERIFICATION-R1.tsv|docs/research/PRQ2-002-ZOU2ZI1-HINDSIGHT-REGRET-COLLISION-AUDIT-R1.tsv|docs/research/PRQ2-002-ZOU2ZI1-HINDSIGHT-REGRET-RESEARCH-R1.md|docs/research/PRQ2-002-ZOU2ZI1-HINDSIGHT-REGRET-SOURCE-VERIFICATION-R1.tsv|docs/research/PRQ2-003-JYUT6-SCALAR-PROGRESSION-COLLISION-AUDIT-R1.tsv|docs/research/PRQ2-003-JYUT6-SCALAR-PROGRESSION-RESEARCH-R1.md|docs/research/PRQ2-003-JYUT6-SCALAR-PROGRESSION-SOURCE-VERIFICATION-R1.tsv|docs/research/PRQ2-005-HOI1-HABITUAL-ESTABLISHED-ACTIVITY-COLLISION-AUDIT-R1.tsv|docs/research/PRQ2-005-HOI1-HABITUAL-ESTABLISHED-ACTIVITY-RESEARCH-R1.md|docs/research/PRQ2-005-HOI1-HABITUAL-ESTABLISHED-ACTIVITY-SOURCE-VERIFICATION-R1.tsv|docs/research/PRQ2-006-LOK6HEOI3-CONTINUATIVE-ASPECT-COLLISION-AUDIT-R1.tsv|docs/research/PRQ2-006-LOK6HEOI3-CONTINUATIVE-ASPECT-RESEARCH-R1.md|docs/research/PRQ2-006-LOK6HEOI3-CONTINUATIVE-ASPECT-SOURCE-VERIFICATION-R1.tsv|docs/research/PRQ2-007-HEI2SOENG5LAI4-INCHOATIVE-ASPECT-RESEARCH-R1.md|docs/research/PRQ2-007-HEI2SOENG5LAI4-INCHOATIVE-ASPECT-SOURCE-VERIFICATION-R1.tsv|docs/research/PRQ2-008-ZI2JIU3-ZAU6-SUFFICIENT-CONDITION-COLLISION-AUDIT-R1.tsv|docs/research/PRQ2-009-GEI3JIN4-PREMISE-RESPONSE-COLLISION-AUDIT-R1.tsv|docs/research/PRQ2-010-CEOI4ZO2-ZI1NGOI6-EXCLUSION-ADDITION-COLLISION-AUDIT-R1.tsv|docs/research/PRQ2-011-M4DAAN1ZI2-ZUNG6-ADDITIVE-CORRELATIVE-COLLISION-AUDIT-R1.tsv|docs/research/PRQ2-011-M4DAAN1ZI2-ZUNG6-ADDITIVE-CORRELATIVE-RESEARCH-R1.md|docs/research/PRQ2-012-JAT1HAI6-EXCLUSIVE-ALTERNATIVE-COLLISION-AUDIT-R1.tsv|docs/research/PRQ2-013-JYU5KEI4-BAT1JYU4-ORDERED-PREFERENCE-COLLISION-AUDIT-R1.tsv|docs/research/PRQ2-015-MUI5-GO3GO3-DOU1-DISTRIBUTIVE-QUANTIFICATION-COLLISION-AUDIT-R1.tsv|docs/research/PRQ2-015-MUI5-GO3GO3-DOU1-DISTRIBUTIVE-QUANTIFICATION-RESEARCH-R1.md|docs/research/PRQ2-034-MOU4LEON6-DOU1-UNCONDITIONAL-COLLISION-AUDIT-R1.tsv|docs/research/PRQ2-035-NING4JYUN6-DOU1-COMMITTED-PREFERENCE-COLLISION-AUDIT-R1.tsv|docs/research/RESEARCH-PROVENANCE-REPAIR-PLAN-R1.md|docs/research/SOURCE-SCREENING-LOG-CP021B.tsv|docs/research/survey-derived/HKCanCor/hkcancor_svrq_008_010_extract.py|docs/research/survey-derived/HKCanCor/HKCANCOR-SV-RQ-008-010-API-QUERY-MANIFEST.md|docs/research/survey-derived/HKCanCor/HKCANCOR-SV-RQ-008-010-RESEARCH-NOTE-R1.md|docs/research/survey-derived/HKCanCor/HKCANCOR-SV-RQ-008-010-REVIEWED-RESULTS-R1.json|docs/research/survey-derived/SV-RQ-001-007/SV-RQ-001-007-ROUND-1.md|docs/research/UC-RQ-001-GENERAL-ZOENG1-DISPOSAL-NATURAL-ATTESTATION-R1.tsv|docs/research/UC-RQ-001-GENERAL-ZOENG1-DISPOSAL-RESEARCH-R1.md|docs/research/UC-RQ-003-DOUBLE-OBJECT-ORDER-ALTERNATION-COLLISION-AUDIT-R1.tsv|docs/research/UC-RQ-003-DOUBLE-OBJECT-ORDER-ALTERNATION-RESEARCH-R1.md|docs/research/UC-RQ-008-WH-INDETERMINATE-CONSTRUCTION-RESEARCH-R1.md|docs/research/UC-RQ-008-WH-INDETERMINATE-SOURCE-VERIFICATION-R1.tsv|docs/research/UC-RQ-016-HAI6-GE3-CLEFT-FOCUS-RESEARCH-R1.md|docs/research/UC-RQ-019-CLAUSE-FINAL-TAG-QUESTION-RESEARCH-R1.md|docs/research/UC-RQ-019-CLAUSE-FINAL-TAG-QUESTION-SOURCE-VERIFICATION-R1.tsv|docs/research/UC-RQ-020-WH-DOU1-FREE-CHOICE-DISPOSITION-R1.md|docs/research/UC-RQ-026-DI1-DEGREE-DISPOSITION-R1.md|docs/research/UC-RQ-026-DI1-DEGREE-SOURCE-VERIFICATION-R1.tsv|docs/research/UC-RQ-032-MEI6-NOT-YET-NEGATION-RESEARCH-R1.md|docs/research/UC-RQ-032-MEI6-NOT-YET-NEGATION-SOURCE-VERIFICATION-R1.tsv|docs/research/UC-RQ-033-DAK1-POSTVERBAL-CONSTRUCTION-CONTRAST-RESEARCH-R1.md|docs/research/UC-RQ-038-CEOI4FEI1-EXCEPTION-CONDITIONAL-RESEARCH-R1.md|docs/research/v0.5.181-RENDER-CORRECTION-CUP-AND-LAI.md|docs/research/WECHAT-GX-TRAVEL-002-ADJUDICATION-REPORT.md|docs/research/WECHAT-GX-TRAVEL-002-CLAIM-SOURCE-EDGES-R1.tsv|docs/research/WECHAT-GX-TRAVEL-002-LEXICON-JYUTPING-READINESS-R1.md|docs/research/WECHAT-GX-TRAVEL-002-LEXICON-JYUTPING-VERIFICATION-R2.md|docs/research/WECHAT-GX-TRAVEL-002-PRIORITY-GRAMMAR-RESEARCH-R1.md|docs/research/WECHAT-GX-TRAVEL-002-REGRESSION-REMEDIATION-READINESS-R2.md|docs/research/WH-IDENTITY-NAMING-ADDRESS-SOURCE-MAP-CP021B-R20.md|grammar/research_pending/ANotAQuestion.md|grammar/research_pending/CompoundDirectionalMotionVP.md|grammar/research_pending/DegreeMannerModifiedVP.md|grammar/research_pending/DirectedMannerMotionVP.md|grammar/research_pending/DirectionalMotionVP.md|grammar/research_pending/ExperientialMotionGoalVP.md|grammar/research_pending/IntendedFunctionRelation.md|grammar/research_pending/NegatedDirectionalMotionVP.md|grammar/research_pending/NegativeExperiential.md|grammar/research_pending/ResourceUseLaiFunctionRelation.md|grammar/research_pending/SerialVerbPurposeChain.md|grammar/unsupported_generalization/AcceptabilityClause.md|grammar/unsupported_generalization/ConditionalClause.md|grammar/unsupported_generalization/CopularANotAQuestion.md|grammar/unsupported_generalization/LocativeWhQuestion.md|grammar/unsupported_generalization/MotionGoalVP.md|grammar/unsupported_generalization/MotionPurposeChain.md|grammar/unsupported_generalization/PerfectiveDirectionalVP.md|grammar/unsupported_generalization/ProgressiveDirectionalVP.md|test-data/a1-context-status-fixture.tsv|test-data/cp021b-lx1-construction-freeze-baseline.json|test-data/CP023-P1-PROG01-nominal-design-cases-r3.tsv|test-data/grammar-claim-source-edges-CP021A.tsv|test-data/grammar-legitimacy-audit.json|test-data/grammar-legitimacy-audit.tsv|test-data/grammar-legitimacy-source-register.tsv|test-data/native-speaker-naturalness-evidence-v1.json|test-data/native-speaker-naturalness-evidence-v1.tsv|test-data/natural-corpus-wechat-father-daughter-001-turns.json|test-data/natural-corpus-wechat-father-daughter-001-turns.tsv|test-data/natural-corpus-wechat-father-daughter-001-units.json|test-data/natural-corpus-wechat-father-daughter-001-units.tsv|test-data/natural-corpus-wechat-guangxi-travel-002-raw.txt|test-data/natural-corpus-wechat-guangxi-travel-002-turns.json|test-data/natural-corpus-wechat-guangxi-travel-002-turns.tsv|test-data/natural-corpus-wechat-guangxi-travel-002-units.json|test-data/natural-corpus-wechat-guangxi-travel-002-units.tsv|test-data/pre-intermediate-gold-corpus.tsv|test-data/review-only-readiness.tsv|test-data/w17-corpus-semantic-disposition.tsv|test-data/w17-functional-corpus.tsv|test-data/w17-glossika-corpus.tsv|test-data/w17-grammar-phrases.tsv|test-data/w17-lexicon-role-review.tsv|test-data/w17-lexicon.tsv|test-data/WECHAT-GX-TRAVEL-002-ADJUDICATION-MATRIX.json|test-data/WECHAT-GX-TRAVEL-002-ADJUDICATION-MATRIX.tsv|test-data/WECHAT-GX-TRAVEL-002-CONTROLLED-CONTRASTS-R1.tsv|test-data/WECHAT-GX-TRAVEL-002-LEXICON-JYUTPING-VERIFICATION-R2.json|test-data/WECHAT-GX-TRAVEL-002-LEXICON-JYUTPING-VERIFICATION-R2.tsv|test-data/WECHAT-GX-TRAVEL-002-LEXICON-PATCH-BLUEPRINT-R2.json|test-data/WECHAT-GX-TRAVEL-002-LEXICON-PATCH-BLUEPRINT-R2.tsv|test-data/WECHAT-GX-TRAVEL-002-LEXICON-PATCH-TEST-MATRIX-R2.tsv|test-data/WECHAT-GX-TRAVEL-002-LEXICON-SOURCE-REGISTER-R2.tsv|test-data/WECHAT-GX-TRAVEL-002-QUEUE-D-context_disfluency_research.tsv|test-data/WECHAT-GX-TRAVEL-002-QUEUE-G-grammar_research_external_evidence.tsv|test-data/WECHAT-GX-TRAVEL-002-QUEUE-L-lexicon_jyutping_enrichment.tsv|test-data/WECHAT-GX-TRAVEL-002-QUEUE-R-accepted_behavior_regression.tsv|test-data/WECHAT-GX-TRAVEL-002-REGRESSION-REMEDIATION-READINESS-R2.json|test-data/WECHAT-GX-TRAVEL-002-REGRESSION-REMEDIATION-READINESS-R2.tsv|tests/constructions/AcceptabilityClause.json|tests/constructions/ClauseRelationEdge.json|tests/constructions/ClauseRelationGraph.json|tests/constructions/ClauseRelationMemberSpan.json|tests/constructions/ClauseSpan.json|tests/constructions/CognitionContentFrame.json|tests/constructions/CompletionQuestion.json|tests/constructions/CompoundDirectionalMotionVP.json|tests/constructions/CopularANotAQuestion.json|tests/constructions/DegreeMannerModifiedVP.json|tests/constructions/DesiderativeVP.json|tests/constructions/DiMarkedNP.json|tests/constructions/DirectedMannerMotionVP.json|tests/constructions/DirectionalMotionVP.json|tests/constructions/DiscourseParticleFrame.json|tests/constructions/ExperientialMotionGoalVP.json|tests/constructions/ExperientialQuestion.json|tests/constructions/FragmentAnswer.json|tests/constructions/ImpersonalEnvironmentalClause.json|tests/constructions/LocativeWhQuestion.json|tests/constructions/MalformedCandidate.json|tests/constructions/ModalANotAQuestion.json|tests/constructions/ModalVP.json|tests/constructions/MotionGoalVP.json|tests/constructions/MotionPurposeChain.json|tests/constructions/NeedsContext.json|tests/constructions/NegatedDirectionalMotionVP.json|tests/constructions/NegativeExperiential.json|tests/constructions/NegativePotentialDirectionalVP.json|tests/constructions/NominalHeadSpan.json|tests/constructions/OpinionStanceFrame.json|tests/constructions/OvertHeadDemonstrativeClassifierNP.json|tests/constructions/PerfectiveDirectionalVP.json|tests/constructions/PerfectiveVP.json|tests/constructions/PolarQuestionFrame.json|tests/constructions/PostverbalZoPerfectiveVP.json|tests/constructions/PotentialDirectionalVP.json|tests/constructions/ProgressiveDirectionalVP.json|tests/constructions/QuantifiedClassifierNP.json|tests/constructions/ReportedSpeech.json|tests/constructions/ResourceUseLaiFunctionRelation.json|tests/constructions/SerialVerbPurposeChain.json|tests/constructions/SourceMotionClause.json|tests/constructions/SuggestionQuestion.json|tests/constructions/TemporalClause.json|tests/constructions/TransitiveVP.json|tests/constructions/VerbComplementVP.json|tests/fixtures/regression-snapshots.json|tests/tooling/corpus-review/test_aa62_hkcancor_profile.py|tests/tooling/corpus-review/test_aa82_hkcancor_profile.py|tests/tooling/corpus-review/test_aa89_hkcancor_profile.py|tests/tooling/corpus-review/workbench.test.js|tests/tooling/lexicon/glossika-week16-runtime-lexicon.test.js	motion_verb_review	REQUIRES_EXPERT_CONTEXT_REVIEW
GLOSSIKA-YUEHK-A1-DLG-011-20260215-I045	45	lexical_entry			5	邊度	bin1 dou6	where	sha256:dedbd6e193d522774a425edfb460e1d7b33505a6ff159bc09c599736ed989fde	true			exact_duplicate_candidate	lexical_only_attestation	src/runtime-resources/lexicon/token-lexicon/referents-and-boundaries.js	src/parser/detectors/questions/wh-scalar.js|src/parser/terminal/particles/discourse.js|src/runtime-resources/grammar/templates/slot-generation-rules.js|src/runtime-resources/lexicon/token-lexicon/referents-and-boundaries.js	data/construction-adjudication-batches/batch-12.json|data/construction-adjudication-batches/batch-14.json|data/construction-candidate-readiness.json|data/construction-identities.json|data/pedagogical-corpus/glossika/GLOSSIKA-YUEHK-A1-DLG-005-20251228/crosswalk.json|data/pedagogical-corpus/glossika/GLOSSIKA-YUEHK-A1-DLG-005-20251228/items.tsv|data/pedagogical-corpus/glossika/GLOSSIKA-YUEHK-A1-DLG-005-20251228/review.json|data/pedagogical-corpus/glossika/GLOSSIKA-YUEHK-A1-DLG-005-20251228/source.json|data/pedagogical-corpus/glossika/GLOSSIKA-YUEHK-A1-DLG-007-20260111/crosswalk.json|data/pedagogical-corpus/glossika/GLOSSIKA-YUEHK-A1-DLG-007-20260111/items.tsv|data/pedagogical-corpus/glossika/GLOSSIKA-YUEHK-A1-DLG-007-20260111/review.json|data/pedagogical-corpus/glossika/GLOSSIKA-YUEHK-A1-DLG-007-20260111/source.json|data/pedagogical-corpus/glossika/GLOSSIKA-YUEHK-A1-DLG-009-20260201/crosswalk.json|data/pedagogical-corpus/glossika/GLOSSIKA-YUEHK-A1-DLG-009-20260201/items.tsv|data/pedagogical-corpus/glossika/GLOSSIKA-YUEHK-A1-DLG-009-20260201/review.json|data/pedagogical-corpus/glossika/GLOSSIKA-YUEHK-A1-DLG-009-20260201/source.json|data/pedagogical-corpus/glossika/GLOSSIKA-YUEHK-A1-DLG-010-20260208/crosswalk.json|data/pedagogical-corpus/glossika/GLOSSIKA-YUEHK-A1-DLG-010-20260208/items.tsv|data/pedagogical-corpus/glossika/GLOSSIKA-YUEHK-A1-DLG-010-20260208/review.json|data/pedagogical-corpus/glossika/GLOSSIKA-YUEHK-A1-DLG-010-20260208/source.json|data/pedagogical-corpus/glossika/GLOSSIKA-YUEHK-A1-W15-20260628/items.tsv|data/pedagogical-corpus/glossika/GLOSSIKA-YUEHK-A1-W15-20260628/review.json|data/pedagogical-corpus/glossika/GLOSSIKA-YUEHK-A1-W15-20260628/source.json|data/pedagogical-corpus/glossika/GLOSSIKA-YUEHK-A1-W17-20260712/crosswalk.json|data/pedagogical-corpus/glossika/GLOSSIKA-YUEHK-A1-W17-20260712/items.tsv|data/pedagogical-corpus/glossika/GLOSSIKA-YUEHK-A1-W17-20260712/review.json|data/pedagogical-corpus/glossika/GLOSSIKA-YUEHK-A1-W17-20260712/source.json|data/pedagogical-corpus/glossika/GLOSSIKA-YUEHK-A1-W18-20260719/crosswalk.json|data/pedagogical-corpus/glossika/GLOSSIKA-YUEHK-A1-W18-20260719/items.tsv|data/pedagogical-corpus/glossika/GLOSSIKA-YUEHK-A1-W18-20260719/review.json|data/pedagogical-corpus/glossika/GLOSSIKA-YUEHK-A1-W18-20260719/source.json|data/research-ledgers/glossika-week15-claim-source.json|docs/research/CONSTRUCTION-ADJUDICATION-BATCH-12.md|docs/research/CONSTRUCTION-ADJUDICATION-BATCH-14.md|docs/research/CP040-P1-FINAL-REACHABLE-WRAPPER-AUDIT-R1.md|docs/research/EVALUATION-PACKET-BLUEPRINTS-CP021B-R37.json|docs/research/GLOSSIKA-YUEHK-A1-W15-20260628-RESEARCH.md|docs/research/NEGATION-ACCEPTABILITY-OPINION-SCHEDULING-SOURCE-MAP-CP021B-R30.md|docs/research/PARSER-CONSTRUCTION-CANONICAL-CONSOLIDATION-MATRIX-CP021B-R35.tsv|docs/research/PARSER-CONSTRUCTION-SOURCE-MATRIX-CP021B-R37.tsv|docs/research/PRQ2-034-MOU4LEON6-DOU1-UNCONDITIONAL-COLLISION-AUDIT-R1.tsv|docs/research/PRQ2-034-MOU4LEON6-DOU1-UNCONDITIONAL-SOURCE-VERIFICATION-R1.tsv|docs/research/UC-RQ-008-WH-INDETERMINATE-COLLISION-AUDIT-R1.tsv|docs/research/UC-RQ-008-WH-INDETERMINATE-CONSTRUCTION-RESEARCH-R1.md|docs/research/UC-RQ-008-WH-INDETERMINATE-SOURCE-VERIFICATION-R1.tsv|docs/research/UC-RQ-020-WH-DOU1-FREE-CHOICE-DISPOSITION-R1.md|docs/research/WH-IDENTITY-NAMING-ADDRESS-SOURCE-MAP-CP021B-R20.md|grammar/unsupported_generalization/AcceptabilityClause.md|grammar/unsupported_generalization/LocativeWhQuestion.md|test-data/cp021b-lx1-construction-freeze-baseline.json|test-data/native-speaker-naturalness-evidence-v1.json|test-data/native-speaker-naturalness-evidence-v1.tsv|test-data/review-only-readiness.tsv|test-data/w17-corpus-semantic-disposition.tsv|test-data/w17-functional-corpus.tsv|test-data/w17-glossika-corpus.tsv|tests/constructions/AcceptabilityClause.json|tests/constructions/ClauseRelationGraph.json|tests/constructions/ClauseSpan.json|tests/constructions/DirectionalMotionVP.json|tests/constructions/LocativePlacePhrase.json|tests/constructions/LocativeWhQuestion.json|tests/constructions/MotionGoalVP.json|tests/constructions/NeedsContext.json|tests/constructions/PostverbalZoPerfectiveVP.json|tests/constructions/VerbComplementVP.json|tests/fixtures/regression-snapshots.json|tests/tooling/corpus-review/test_aa82_hkcancor_profile.py	place_wh_review	REQUIRES_EXPERT_CONTEXT_REVIEW
GLOSSIKA-YUEHK-A1-DLG-011-20260215-I046	46	lexical_entry			6	買嘢	maai5 je5	to buy things, to shop	sha256:26ba4cdea8b508529bd22bd4d0c716afeb688df1d817b8f82cc403abaa6f3d44	true			exact_duplicate_candidate	exact_duplicate		src/parser/detectors/motion/purpose-chains.js|src/runtime-resources/lexicon/productive-vo.js	data/pedagogical-corpus/glossika/GLOSSIKA-YUEHK-A1-W17-20260712/crosswalk.json|data/pedagogical-corpus/glossika/GLOSSIKA-YUEHK-A1-W17-20260712/items.tsv|data/pedagogical-corpus/glossika/GLOSSIKA-YUEHK-A1-W17-20260712/review.json|data/pedagogical-corpus/glossika/GLOSSIKA-YUEHK-A1-W17-20260712/source.json|data/pedagogical-corpus/glossika/GLOSSIKA-YUEHK-A1-W18-20260719/crosswalk.json|data/pedagogical-corpus/glossika/GLOSSIKA-YUEHK-A1-W18-20260719/items.tsv|data/pedagogical-corpus/glossika/GLOSSIKA-YUEHK-A1-W18-20260719/review.json|data/pedagogical-corpus/glossika/GLOSSIKA-YUEHK-A1-W18-20260719/source.json|data/research-ledgers/glossika-week18-claim-source.json|data/research-ledgers/glossika-week18-followup-candidates.json|docs/research/CP024-P0-L45-CODE-REFERENCE-INVENTORY-R1.tsv|docs/research/CP024-P0-L45-PRODUCTIVE-VO-SEED-INVENTORY-R1.tsv|docs/research/GLOSSIKA-YUEHK-A1-W18-20260719-RESEARCH.md|test-data/review-only-readiness.tsv|test-data/w17-functional-corpus.tsv|test-data/w17-glossika-corpus.tsv	shopping_event_review	REQUIRES_EXPERT_CONTEXT_REVIEW
GLOSSIKA-YUEHK-A1-DLG-011-20260215-I047	47	lexical_entry			7	喂	wai3	hey, hello	sha256:8b6c567b38ee147c86cae8dd463a5499e43f175539de870d79279792c3fe5e92	true			exact_duplicate_candidate	lexical_only_attestation	src/runtime-resources/lexicon/token-lexicon/degree-and-formulas.js	src/runtime-resources/lexicon/token-lexicon/degree-and-formulas.js	data/pedagogical-corpus/glossika/GLOSSIKA-YUEHK-A1-DLG-003-20251214/crosswalk.json|data/pedagogical-corpus/glossika/GLOSSIKA-YUEHK-A1-DLG-003-20251214/items.tsv|data/pedagogical-corpus/glossika/GLOSSIKA-YUEHK-A1-DLG-003-20251214/review.json|data/pedagogical-corpus/glossika/GLOSSIKA-YUEHK-A1-DLG-003-20251214/source.json|data/pedagogical-corpus/glossika/GLOSSIKA-YUEHK-A1-DLG-007-20260111/crosswalk.json|data/pedagogical-corpus/glossika/GLOSSIKA-YUEHK-A1-DLG-007-20260111/items.tsv|data/pedagogical-corpus/glossika/GLOSSIKA-YUEHK-A1-DLG-007-20260111/review.json|data/pedagogical-corpus/glossika/GLOSSIKA-YUEHK-A1-DLG-007-20260111/source.json|data/pedagogical-corpus/glossika/GLOSSIKA-YUEHK-A1-W16-20260705/items.tsv|data/pedagogical-corpus/glossika/GLOSSIKA-YUEHK-A1-W16-20260705/review.json|data/pedagogical-corpus/glossika/GLOSSIKA-YUEHK-A1-W16-20260705/source.json|docs/research/PRQ2-010-CEOI4ZO2-ZI1NGOI6-EXCLUSION-ADDITION-COLLISION-AUDIT-R1.tsv|test-data/natural-corpus-wechat-guangxi-travel-002-raw.txt|test-data/natural-corpus-wechat-guangxi-travel-002-turns.json|test-data/natural-corpus-wechat-guangxi-travel-002-turns.tsv		REQUIRES_EXPERT_CONTEXT_REVIEW
GLOSSIKA-YUEHK-A1-DLG-011-20260215-I048	48	lexical_entry			8	附近	fu6 gan6	nearby, vicinity	sha256:6319fe4da40d8128be1e49dfb4fd0ff77f50571daf0447ea3b6ae2f3a07d8bc3	true			exact_duplicate_candidate	lexical_only_attestation	src/runtime-resources/lexicon/token-lexicon/study-suite.js	src/runtime-resources/lexicon/token-lexicon/study-suite.js	data/pedagogical-corpus/glossika/GLOSSIKA-YUEHK-A1-W15-20260628/items.tsv|data/pedagogical-corpus/glossika/GLOSSIKA-YUEHK-A1-W15-20260628/review.json|data/pedagogical-corpus/glossika/GLOSSIKA-YUEHK-A1-W15-20260628/source.json|data/research-ledgers/glossika-week15-lexical-ingress.json|docs/research/GLOSSIKA-YUEHK-A1-W15-20260628-RESEARCH.md|docs/research/WECHAT-GX-TRAVEL-002-ADJUDICATION-REPORT.md|docs/research/WECHAT-GX-TRAVEL-002-LEXICON-JYUTPING-VERIFICATION-R2.md|test-data/natural-corpus-wechat-guangxi-travel-002-raw.txt|test-data/natural-corpus-wechat-guangxi-travel-002-turns.json|test-data/natural-corpus-wechat-guangxi-travel-002-turns.tsv|test-data/natural-corpus-wechat-guangxi-travel-002-units.json|test-data/natural-corpus-wechat-guangxi-travel-002-units.tsv|test-data/WECHAT-GX-TRAVEL-002-ADJUDICATION-MATRIX.json|test-data/WECHAT-GX-TRAVEL-002-ADJUDICATION-MATRIX.tsv|test-data/WECHAT-GX-TRAVEL-002-LEXICON-JYUTPING-READINESS-R1.json|test-data/WECHAT-GX-TRAVEL-002-LEXICON-JYUTPING-READINESS-R1.tsv|test-data/WECHAT-GX-TRAVEL-002-LEXICON-JYUTPING-VERIFICATION-R2.json|test-data/WECHAT-GX-TRAVEL-002-LEXICON-JYUTPING-VERIFICATION-R2.tsv|test-data/WECHAT-GX-TRAVEL-002-QUEUE-D-context_disfluency_research.tsv|test-data/WECHAT-GX-TRAVEL-002-QUEUE-G-grammar_research_external_evidence.tsv|test-data/WECHAT-GX-TRAVEL-002-QUEUE-L-lexicon_jyutping_enrichment.tsv	proximal_region_review	REQUIRES_EXPERT_CONTEXT_REVIEW
GLOSSIKA-YUEHK-A1-DLG-011-20260215-I049	49	lexical_entry			9	有	jau5	to have, there is/are	sha256:77de9fd6710bf784f3bd21a5675da270a34259dac13a43f257f79489623cd556	true			exact_duplicate_candidate	lexical_only_attestation	src/runtime-resources/lexicon/token-lexicon/function-words-and-particles.js	src/parser/clause-relations/conditional.js|src/parser/clause-relations/graph.js|src/parser/context/descriptors.js|src/parser/detectors/boundaries/malformed.js|src/parser/detectors/boundaries/needs-context.js|src/parser/detectors/discourse/formula-responses.js|src/parser/detectors/existential/clauses.js|src/parser/detectors/existential/spatial.js|src/parser/detectors/opinion/stance.js|src/parser/detectors/questions/completion-experiential.js|src/parser/detectors/questions/wh-scalar.js|src/parser/detectors/reported-speech/composition.js|src/parser/features/token-features.js|src/parser/normalization/normalize-input.js|src/parser/orchestration/wrap-predicate.js|src/parser/terminal/questions/question-fallbacks.js|src/plugin-entry.js|src/runtime-resources/constructions/runtime-label-registry.js|src/runtime-resources/grammar/templates/construction-templates.js|src/runtime-resources/grammar/templates/slot-generation-rules.js|src/runtime-resources/lexicon/compositional-lexical-phrases.js|src/runtime-resources/lexicon/token-lexicon/degree-and-formulas.js|src/runtime-resources/lexicon/token-lexicon/function-words-and-particles.js|src/runtime-resources/lexicon/token-lexicon/verbs.js	data/construction-adjudication-batches/batch-03.json|data/construction-adjudication-batches/batch-05.json|data/construction-adjudication-batches/batch-07.json|data/construction-adjudication-batches/batch-09.json|data/construction-adjudication-batches/batch-10.json|data/construction-adjudication-batches/batch-11.json|data/construction-adjudication-batches/batch-12.json|data/construction-adjudication-batches/batch-13.json|data/construction-adjudication-batches/batch-15.json|data/construction-adjudication-batches/batch-16.json|data/construction-adjudication-batches/batch-18.json|data/construction-candidate-readiness.json|data/construction-identities.json|data/natural-corpus/wechat-father-daughter-001.txt|data/pedagogical-corpus/glossika/GLOSSIKA-YUEHK-A1-DLG-002-20251207/crosswalk.json|data/pedagogical-corpus/glossika/GLOSSIKA-YUEHK-A1-DLG-002-20251207/items.tsv|data/pedagogical-corpus/glossika/GLOSSIKA-YUEHK-A1-DLG-002-20251207/review.json|data/pedagogical-corpus/glossika/GLOSSIKA-YUEHK-A1-DLG-002-20251207/source.json|data/pedagogical-corpus/glossika/GLOSSIKA-YUEHK-A1-DLG-003-20251214/crosswalk.json|data/pedagogical-corpus/glossika/GLOSSIKA-YUEHK-A1-DLG-003-20251214/items.tsv|data/pedagogical-corpus/glossika/GLOSSIKA-YUEHK-A1-DLG-003-20251214/review.json|data/pedagogical-corpus/glossika/GLOSSIKA-YUEHK-A1-DLG-003-20251214/source.json|data/pedagogical-corpus/glossika/GLOSSIKA-YUEHK-A1-DLG-004-20251221/crosswalk.json|data/pedagogical-corpus/glossika/GLOSSIKA-YUEHK-A1-DLG-004-20251221/items.tsv|data/pedagogical-corpus/glossika/GLOSSIKA-YUEHK-A1-DLG-004-20251221/review.json|data/pedagogical-corpus/glossika/GLOSSIKA-YUEHK-A1-DLG-004-20251221/source.json|data/pedagogical-corpus/glossika/GLOSSIKA-YUEHK-A1-DLG-005-20251228/crosswalk.json|data/pedagogical-corpus/glossika/GLOSSIKA-YUEHK-A1-DLG-005-20251228/items.tsv|data/pedagogical-corpus/glossika/GLOSSIKA-YUEHK-A1-DLG-005-20251228/review.json|data/pedagogical-corpus/glossika/GLOSSIKA-YUEHK-A1-DLG-005-20251228/source.json|data/pedagogical-corpus/glossika/GLOSSIKA-YUEHK-A1-DLG-006-20260104/crosswalk.json|data/pedagogical-corpus/glossika/GLOSSIKA-YUEHK-A1-DLG-006-20260104/items.tsv|data/pedagogical-corpus/glossika/GLOSSIKA-YUEHK-A1-DLG-006-20260104/review.json|data/pedagogical-corpus/glossika/GLOSSIKA-YUEHK-A1-DLG-006-20260104/source.json|data/pedagogical-corpus/glossika/GLOSSIKA-YUEHK-A1-DLG-007-20260111/crosswalk.json|data/pedagogical-corpus/glossika/GLOSSIKA-YUEHK-A1-DLG-007-20260111/items.tsv|data/pedagogical-corpus/glossika/GLOSSIKA-YUEHK-A1-DLG-007-20260111/review.json|data/pedagogical-corpus/glossika/GLOSSIKA-YUEHK-A1-DLG-007-20260111/source.json|data/pedagogical-corpus/glossika/GLOSSIKA-YUEHK-A1-DLG-008-20260125/crosswalk.json|data/pedagogical-corpus/glossika/GLOSSIKA-YUEHK-A1-DLG-008-20260125/items.tsv|data/pedagogical-corpus/glossika/GLOSSIKA-YUEHK-A1-DLG-008-20260125/review.json|data/pedagogical-corpus/glossika/GLOSSIKA-YUEHK-A1-DLG-008-20260125/source.json|data/pedagogical-corpus/glossika/GLOSSIKA-YUEHK-A1-DLG-009-20260201/crosswalk.json|data/pedagogical-corpus/glossika/GLOSSIKA-YUEHK-A1-DLG-009-20260201/items.tsv|data/pedagogical-corpus/glossika/GLOSSIKA-YUEHK-A1-DLG-009-20260201/review.json|data/pedagogical-corpus/glossika/GLOSSIKA-YUEHK-A1-DLG-009-20260201/source.json|data/pedagogical-corpus/glossika/GLOSSIKA-YUEHK-A1-DLG-010-20260208/crosswalk.json|data/pedagogical-corpus/glossika/GLOSSIKA-YUEHK-A1-DLG-010-20260208/items.tsv|data/pedagogical-corpus/glossika/GLOSSIKA-YUEHK-A1-DLG-010-20260208/review.json|data/pedagogical-corpus/glossika/GLOSSIKA-YUEHK-A1-DLG-010-20260208/source.json|data/pedagogical-corpus/glossika/GLOSSIKA-YUEHK-A1-W15-20260628/items.tsv|data/pedagogical-corpus/glossika/GLOSSIKA-YUEHK-A1-W15-20260628/review.json|data/pedagogical-corpus/glossika/GLOSSIKA-YUEHK-A1-W15-20260628/source.json|data/pedagogical-corpus/glossika/GLOSSIKA-YUEHK-A1-W16-20260705/items.tsv|data/pedagogical-corpus/glossika/GLOSSIKA-YUEHK-A1-W16-20260705/review.json|data/pedagogical-corpus/glossika/GLOSSIKA-YUEHK-A1-W16-20260705/source.json|data/pedagogical-corpus/glossika/GLOSSIKA-YUEHK-A1-W17-20260712/crosswalk.json|data/pedagogical-corpus/glossika/GLOSSIKA-YUEHK-A1-W17-20260712/items.tsv|data/pedagogical-corpus/glossika/GLOSSIKA-YUEHK-A1-W17-20260712/review.json|data/research-ledgers/glossika-week15-claim-source.json|data/research-ledgers/glossika-week15-followup-candidates.json|data/research-ledgers/glossika-week18-claim-source.json|data/research-ledgers/glossika-week18-followup-candidates.json|docs/current/PROJECT-STATE.md|docs/releases/v0.5.191-experiential-delimited-wrapper-audit.json|docs/releases/v0.5.195-evaluation-scalar-question-wrapper-audit.json|docs/releases/v0.5.211-negative-experiential-reconciliation-audit.json|docs/research/AB30-ZO-M-HKCANCOR-CLAIM-CROSS-REFERENCE-R1.md|docs/research/ACTIVE-LABEL-EVIDENCE-ONTOLOGY-CLOSURE-R1.md|docs/research/ASPECTUAL-CLAUSE-WRAPPERS-SOURCE-MAP-CP021B-R24.md|docs/research/CANONICAL-TARGET-ONTOLOGY-CP021B-R35.tsv|docs/research/COMPLEMENT-OMISSION-AND-VALENCY-SOURCE-MAP-CP021B-R26.md|docs/research/CONDITIONAL-CLAUSE-LINKING-SOURCE-MAP-CP021B-R25.md|docs/research/CONSTRUCTION-ADJUDICATION-BATCH-03.md|docs/research/CONSTRUCTION-ADJUDICATION-BATCH-05.md|docs/research/CONSTRUCTION-ADJUDICATION-BATCH-07.md|docs/research/CONSTRUCTION-ADJUDICATION-BATCH-09.md|docs/research/CONSTRUCTION-ADJUDICATION-BATCH-10.md|docs/research/CONSTRUCTION-ADJUDICATION-BATCH-11.md|docs/research/CONSTRUCTION-ADJUDICATION-BATCH-12.md|docs/research/CONSTRUCTION-ADJUDICATION-BATCH-15.md|docs/research/CONSTRUCTION-ADJUDICATION-BATCH-18.md|docs/research/CP021B-CONTRADICTION-REGISTER.tsv|docs/research/CP021B-QUESTION-AND-DISCOVERY-PROTOCOL.md|docs/research/CP022-IMPLEMENTATION-BACKLOG-CP021B-R37.tsv|docs/research/CP023-P1-PROG01-CLAIM-SOURCE-EDGES.tsv|docs/research/CP023-P1-PROG01-PREDICATE-COMPATIBILITY-FREEZE-R3.md|docs/research/CP023-P1-PROG01-PREDICATE-COMPATIBILITY-MATRIX-R3.tsv|docs/research/CP023-P1-PROG01-QUESTION-AND-SOURCE-FREEZE.md|docs/research/CP023-P1-PROG01-R1-RESEARCH-CHECKPOINT.md|docs/research/CP023-P1-PROG01-R3-RESEARCH-CHECKPOINT.md|docs/research/CP023-P1-PROG01-REMEDIATION-BLUEPRINT-R2.md|docs/research/CP023-P1-PROG01-REMEDIATION-DEPENDENCIES-R2.tsv|docs/research/CP023-P1-PROG01-SOURCE-REGISTER-R3.tsv|docs/research/CP025-P1-PFV01-EXAMPLE-ADJUDICATION-R1.tsv|docs/research/CP035-P1-EXPERIENTIAL-DELIMITED-WRAPPER-AUDIT-R1.md|docs/research/CP035-P1-EXPERIENTIAL-DELIMITED-WRAPPER-INVENTORY-R1.tsv|docs/research/CP038-P1-SPEECH-TRANSFER-COMPLEMENT-WRAPPER-AUDIT-R1.md|docs/research/CP039-P1-EVALUATION-SCALAR-QUESTION-WRAPPER-AUDIT-R1.md|docs/research/CP039-P1-EVALUATION-SCALAR-QUESTION-WRAPPER-INVENTORY-R1.tsv|docs/research/CP051-P1-COPULAR-ANOTA-RECONCILIATION-R1.md|docs/research/CP051-P1-COPULAR-ANOTA-SOURCE-VERIFICATION-R1.tsv|docs/research/CP053-P1-EVALUATION-WITH-DOU-SYUN-EXTERNAL-EVIDENCE-R1.md|docs/research/CP055-P1-NEGATIVE-EXPERIENTIAL-RECONCILIATION-R1.md|docs/research/EVALUATION-PACKET-BLUEPRINTS-CP021B-R37.json|docs/research/EXISTENTIAL-POSSESSIVE-AVAILABILITY-SOURCE-MAP-CP021B-R9.md|docs/research/GLOSSIKA-WEEK16-LEXICON-PROVENANCE.md|docs/research/GLOSSIKA-YUEHK-A1-DLG-005-20251228-CORPUS-INGRESS.md|docs/research/GLOSSIKA-YUEHK-A1-W15-20260628-RESEARCH.md|docs/research/GLOSSIKA-YUEHK-A1-W18-20260719-RESEARCH.md|docs/research/LANE-03-FRAGMENTS-DISCOURSE-SOURCE-MAP-CP021B-R17.md|docs/research/LANE-05-PROGRESSIVE-DURATIVE-EXPERIENTIAL-SOURCE-MAP-CP021B-R13.md|docs/research/LANE-07-A-NOT-A-QUESTIONS-SOURCE-MAP-CP021B-R7.md|docs/research/LANE-08-REPORTED-SPEECH-COGNITION-STANCE-SOURCE-MAP-CP021B-R15.md|docs/research/LANE-10-STATIVE-PREDICATION-SOURCE-MAP-CP021B-R8.md|docs/research/NEGATION-ACCEPTABILITY-OPINION-SCHEDULING-SOURCE-MAP-CP021B-R30.md|docs/research/NOMINAL-RELATIONS-SOURCE-MAP-CP021B-R32.md|docs/research/PARSER-CONSTRUCTION-CANONICAL-CONSOLIDATION-MATRIX-CP021B-R35.tsv|docs/research/PARSER-CONSTRUCTION-INTERNAL-DISPOSITION-MATRIX-CP021B-R34.tsv|docs/research/PARSER-CONSTRUCTION-INTERNAL-PROVENANCE-REGISTER-CP021B-R37.tsv|docs/research/PARSER-CONSTRUCTION-INTERNAL-PROVENANCE-REGISTER-CP022-I1A-I04-R1.tsv|docs/research/PARSER-CONSTRUCTION-SOURCE-COVERAGE-CP021B-R37.tsv|docs/research/PARSER-CONSTRUCTION-SOURCE-MATRIX-CP021B-R37.tsv|docs/research/PARSER-CONSTRUCTION-SOURCE-REGISTER-CP021B-R37.tsv|docs/research/PRQ2-001-YAU5-MOU5-DAK1-AVAILABILITY-COLLISION-AUDIT-R1.tsv|docs/research/PRQ2-001-YAU5-MOU5-DAK1-AVAILABILITY-RESEARCH-R1.md|docs/research/PRQ2-001-YAU5-MOU5-DAK1-AVAILABILITY-SOURCE-VERIFICATION-R1.tsv|docs/research/PRQ2-003-JYUT6-SCALAR-PROGRESSION-COLLISION-AUDIT-R1.tsv|docs/research/PRQ2-003-JYUT6-SCALAR-PROGRESSION-RESEARCH-R1.md|docs/research/PRQ2-003-JYUT6-SCALAR-PROGRESSION-SOURCE-VERIFICATION-R1.tsv|docs/research/PRQ2-005-HOI1-HABITUAL-ESTABLISHED-ACTIVITY-COLLISION-AUDIT-R1.tsv|docs/research/PRQ2-005-HOI1-HABITUAL-ESTABLISHED-ACTIVITY-RESEARCH-R1.md|docs/research/PRQ2-007-HEI2SOENG5LAI4-INCHOATIVE-ASPECT-RESEARCH-R1.md|docs/research/PRQ2-008-ZI2JIU3-ZAU6-SUFFICIENT-CONDITION-COLLISION-AUDIT-R1.tsv|docs/research/PRQ2-008-ZI2JIU3-ZAU6-SUFFICIENT-CONDITION-RESEARCH-R1.md|docs/research/PRQ2-010-CEOI4ZO2-ZI1NGOI6-EXCLUSION-ADDITION-COLLISION-AUDIT-R1.tsv|docs/research/PRQ2-013-JYU5KEI4-BAT1JYU4-ORDERED-PREFERENCE-COLLISION-AUDIT-R1.tsv|docs/research/PRQ2-014-ZI2JAU5-SIN1ZI3-NECESSARY-CONDITION-COLLISION-AUDIT-R1.tsv|docs/research/PRQ2-014-ZI2JAU5-SIN1ZI3-NECESSARY-CONDITION-RESEARCH-R1.md|docs/research/PRQ2-014-ZI2JAU5-SIN1ZI3-NECESSARY-CONDITION-SOURCE-VERIFICATION-R1.tsv|docs/research/PRQ2-015-MUI5-GO3GO3-DOU1-DISTRIBUTIVE-QUANTIFICATION-COLLISION-AUDIT-R1.tsv|docs/research/PRQ2-015-MUI5-GO3GO3-DOU1-DISTRIBUTIVE-QUANTIFICATION-RESEARCH-R1.md|docs/research/PRQ2-035-NING4JYUN6-DOU1-COMMITTED-PREFERENCE-COLLISION-AUDIT-R1.tsv|docs/research/QUANTITY-SCALAR-ACTION-BOUNDARIES-SOURCE-MAP-CP021B-R29.md|docs/research/RESEARCH-PROVENANCE-REPAIR-PLAN-R1.md|docs/research/RETIRED-CONSTRUCTION-ARCHIVE-v0.5.186-R1.tsv|docs/research/survey-derived/HKCanCor/HKCANCOR-SV-RQ-008-010-REVIEWED-RESULTS-R1.json|docs/research/survey-derived/SV-RQ-001-007/SV-RQ-001-007-ATTESTATION-REGISTER-R2.json|docs/research/survey-derived/SV-RQ-001-007/SV-RQ-001-007-ROUND-1.md|docs/research/survey-derived/SV-RQ-001-007/SV-RQ-001-007-ROUND-2.md|docs/research/survey-derived/SV-RQ-009-012/SV-RQ-009-012-ROUND-1.md|docs/research/UC-RQ-001-GENERAL-ZOENG1-DISPOSAL-NATURAL-ATTESTATION-R1.tsv|docs/research/UC-RQ-002-INVERTED-DOUBLE-OBJECT-RESEARCH-R1.md|docs/research/UC-RQ-003-DOUBLE-OBJECT-ORDER-ALTERNATION-COLLISION-AUDIT-R1.tsv|docs/research/UC-RQ-003-DOUBLE-OBJECT-ORDER-ALTERNATION-RESEARCH-R1.md|docs/research/UC-RQ-004-005-COMPARISON-HKCANCOR-ATTESTATION-R1.md|docs/research/UC-RQ-004-CANTONESE-EQUATIVE-CONSTRUCTION-RESEARCH-R1.md|docs/research/UC-RQ-008-WH-INDETERMINATE-COLLISION-AUDIT-R1.tsv|docs/research/UC-RQ-014-015-SEPARABLE-COMPOUND-HKCANCOR-ATTESTATION-R1.md|docs/research/UC-RQ-025-NULL-ARGUMENT-ZERO-ANAPHORA-COLLISION-AUDIT-R1.tsv|docs/research/UC-RQ-025-NULL-ARGUMENT-ZERO-ANAPHORA-RESEARCH-R1.md|docs/research/UC-RQ-026-DI1-DEGREE-COLLISION-AUDIT-R1.tsv|docs/research/UC-RQ-026-DI1-DEGREE-DISPOSITION-R1.md|docs/research/UC-RQ-029-ZYU6-DURATIVE-DISPOSITION-R1.md|docs/research/UC-RQ-029-ZYU6-DURATIVE-SOURCE-VERIFICATION-R1.tsv|grammar/parser_heuristic/ClauseRelationGraph.md|grammar/parser_heuristic/PolarQuestionFrame.md|grammar/research_pending/ANotAQuestion.md|grammar/research_pending/ComplementEllipsisFragment.md|grammar/research_pending/DurativeVP.md|grammar/research_pending/ExistentialClause.md|grammar/research_pending/ExistentialPresentationalClause.md|grammar/research_pending/ExistentialWhQuestion.md|grammar/research_pending/ExperientialQuestion.md|grammar/research_pending/ExperientialVP.md|grammar/research_pending/FragmentAnswer.md|grammar/research_pending/LocativeExistentialClause.md|grammar/research_pending/NegatedExistentialFragment.md|grammar/research_pending/NegativeExperiential.md|grammar/research_pending/OvertHeadDemonstrativeClassifierNP.md|grammar/research_pending/ProgressiveVP.md|grammar/research_pending/QuantifiedClassifierNP.md|grammar/retired/README.md|grammar/unsupported_generalization/CopularANotAQuestion.md|grammar/unsupported_generalization/DelimitedVP.md|grammar/unsupported_generalization/ExistentialQuestion.md|grammar/unsupported_generalization/ExperientialClause.md|grammar/unsupported_generalization/ExperientialYesNoQuestion.md|grammar/unsupported_generalization/NegatedExistentialClause.md|grammar/unsupported_generalization/OrdinalClassifierNP.md|grammar/unsupported_generalization/ProgressiveDirectionalVP.md|test-data/cp021b-lx1-construction-freeze-baseline.json|test-data/CP023-P1-PROG01-visible-research-packet.tsv|test-data/grammar-legitimacy-source-register.tsv|test-data/native-naturalness-conflict-dispositions.tsv|test-data/native-speaker-naturalness-evidence-v1.json|test-data/native-speaker-naturalness-evidence-v1.tsv|test-data/natural-corpus-wechat-father-daughter-001-turns.json|test-data/natural-corpus-wechat-father-daughter-001-turns.tsv|test-data/natural-corpus-wechat-father-daughter-001-units.json|test-data/natural-corpus-wechat-father-daughter-001-units.tsv|test-data/natural-corpus-wechat-guangxi-travel-002-raw.txt|test-data/natural-corpus-wechat-guangxi-travel-002-turns.json|test-data/natural-corpus-wechat-guangxi-travel-002-turns.tsv|test-data/natural-corpus-wechat-guangxi-travel-002-units.json|test-data/natural-corpus-wechat-guangxi-travel-002-units.tsv|test-data/pre-intermediate-gold-corpus.tsv|test-data/review-only-readiness.tsv|test-data/w17-corpus-semantic-disposition.tsv|test-data/w17-functional-corpus.tsv|test-data/w17-glossika-corpus.tsv|test-data/w17-naturalized-alternatives.tsv|test-data/WECHAT-GX-TRAVEL-002-ADJUDICATION-MATRIX.json|test-data/WECHAT-GX-TRAVEL-002-ADJUDICATION-MATRIX.tsv|test-data/WECHAT-GX-TRAVEL-002-QUEUE-D-context_disfluency_research.tsv|test-data/WECHAT-GX-TRAVEL-002-QUEUE-G-grammar_research_external_evidence.tsv|test-data/WECHAT-GX-TRAVEL-002-QUEUE-L-lexicon_jyutping_enrichment.tsv|tests/constructions/ANotAQuestion.json|tests/constructions/ClauseRelationEdge.json|tests/constructions/ClauseRelationGraph.json|tests/constructions/ClauseRelationMemberSpan.json|tests/constructions/ClauseSpan.json|tests/constructions/ComplementEllipsisFragment.json|tests/constructions/CompletionVP.json|tests/constructions/ConditionalClause.json|tests/constructions/CoverbFrame.json|tests/constructions/DegreeStativePredicate.json|tests/constructions/ExistentialClause.json|tests/constructions/ExistentialPresentationalClause.json|tests/constructions/ExistentialQuestion.json|tests/constructions/ExistentialWhQuestion.json|tests/constructions/ExperientialQuestion.json|tests/constructions/ExperientialVP.json|tests/constructions/ExperientialYesNoQuestion.json|tests/constructions/FormulaDiscourseUnit.json|tests/constructions/LocativeExistentialClause.json|tests/constructions/LocativePlacePhrase.json|tests/constructions/MalformedCandidate.json|tests/constructions/ModifiedNP.json|tests/constructions/NeedsContext.json|tests/constructions/NegativeExperiential.json|tests/constructions/NominalHeadSpan.json|tests/constructions/OpinionStanceFrame.json|tests/constructions/PerfectiveVP.json|tests/constructions/ProductiveVO.json|tests/constructions/QuantifiedClassifierNP.json|tests/constructions/ReduplicatedVP.json|tests/constructions/ReportedSpeech.json|tests/constructions/TransitiveVP.json|tests/fixtures/regression-snapshots.json|tests/tooling/corpus-review/test_aa58_hkcancor_profile.py|tests/tooling/corpus-review/test_aa77_hkcancor_profile.py|tests/tooling/lexicon/glossika-week16-runtime-lexicon.test.js	existential_possession_review	REQUIRES_EXPERT_CONTEXT_REVIEW
GLOSSIKA-YUEHK-A1-DLG-011-20260215-I050	50	lexical_entry			10	文具舖	man4 geoi6 pou3	stationery shop	sha256:5f719c14f3f7b7bdd909a74026e0ab12bba0fdb9f8ec740555b357c77de4f857	true			no_project_match	new_attestation				shop_lexical_attestation	REQUIRES_EXPERT_CONTEXT_REVIEW
GLOSSIKA-YUEHK-A1-DLG-011-20260215-I051	51	lexical_entry			11	想	soeng2	to want, to think	sha256:af99ec55f24a84e97fd1076c01ac64c06a949e2863c3152b635585b7600c1b79	true			exact_duplicate_candidate	lexical_only_attestation	src/runtime-resources/lexicon/token-lexicon/function-words-and-particles.js	src/parser/clause-relations/graph.js|src/parser/context/descriptors.js|src/parser/detectors/boundaries/needs-context.js|src/parser/detectors/cognition/fragments-content.js|src/parser/detectors/modality/intention-preference.js|src/parser/detectors/questions/a-not-a.js|src/parser/nodes/node-shape.js|src/plugin-entry.js|src/runtime-resources/constructions/runtime-label-registry.js|src/runtime-resources/grammar/predicate-profiles.js|src/runtime-resources/grammar/templates/construction-templates.js|src/runtime-resources/grammar/templates/slot-generation-rules.js|src/runtime-resources/lexicon/compositional-lexical-phrases.js|src/runtime-resources/lexicon/token-lexicon/function-words-and-particles.js|src/runtime-resources/pronunciation/jyutping-review-expectations.js	data/construction-adjudication-batches/batch-08.json|data/construction-adjudication-batches/batch-13.json|data/construction-candidate-readiness.json|data/construction-identities.json|data/pedagogical-corpus/glossika/GLOSSIKA-YUEHK-A1-DLG-002-20251207/crosswalk.json|data/pedagogical-corpus/glossika/GLOSSIKA-YUEHK-A1-DLG-002-20251207/items.tsv|data/pedagogical-corpus/glossika/GLOSSIKA-YUEHK-A1-DLG-002-20251207/review.json|data/pedagogical-corpus/glossika/GLOSSIKA-YUEHK-A1-DLG-002-20251207/source.json|data/pedagogical-corpus/glossika/GLOSSIKA-YUEHK-A1-DLG-004-20251221/README.md|data/pedagogical-corpus/glossika/GLOSSIKA-YUEHK-A1-DLG-004-20251221/source.json|data/pedagogical-corpus/glossika/GLOSSIKA-YUEHK-A1-DLG-005-20251228/crosswalk.json|data/pedagogical-corpus/glossika/GLOSSIKA-YUEHK-A1-DLG-005-20251228/items.tsv|data/pedagogical-corpus/glossika/GLOSSIKA-YUEHK-A1-DLG-005-20251228/review.json|data/pedagogical-corpus/glossika/GLOSSIKA-YUEHK-A1-DLG-005-20251228/source.json|data/pedagogical-corpus/glossika/GLOSSIKA-YUEHK-A1-DLG-006-20260104/crosswalk.json|data/pedagogical-corpus/glossika/GLOSSIKA-YUEHK-A1-DLG-006-20260104/items.tsv|data/pedagogical-corpus/glossika/GLOSSIKA-YUEHK-A1-DLG-006-20260104/README.md|data/pedagogical-corpus/glossika/GLOSSIKA-YUEHK-A1-DLG-006-20260104/review.json|data/pedagogical-corpus/glossika/GLOSSIKA-YUEHK-A1-DLG-006-20260104/source.json|data/pedagogical-corpus/glossika/GLOSSIKA-YUEHK-A1-DLG-007-20260111/crosswalk.json|data/pedagogical-corpus/glossika/GLOSSIKA-YUEHK-A1-DLG-007-20260111/items.tsv|data/pedagogical-corpus/glossika/GLOSSIKA-YUEHK-A1-DLG-007-20260111/review.json|data/pedagogical-corpus/glossika/GLOSSIKA-YUEHK-A1-DLG-007-20260111/source.json|data/pedagogical-corpus/glossika/GLOSSIKA-YUEHK-A1-DLG-008-20260125/crosswalk.json|data/pedagogical-corpus/glossika/GLOSSIKA-YUEHK-A1-DLG-008-20260125/items.tsv|data/pedagogical-corpus/glossika/GLOSSIKA-YUEHK-A1-DLG-008-20260125/review.json|data/pedagogical-corpus/glossika/GLOSSIKA-YUEHK-A1-DLG-008-20260125/source.json|data/pedagogical-corpus/glossika/GLOSSIKA-YUEHK-A1-DLG-010-20260208/crosswalk.json|data/pedagogical-corpus/glossika/GLOSSIKA-YUEHK-A1-DLG-010-20260208/items.tsv|data/pedagogical-corpus/glossika/GLOSSIKA-YUEHK-A1-DLG-010-20260208/review.json|data/pedagogical-corpus/glossika/GLOSSIKA-YUEHK-A1-DLG-010-20260208/source.json|data/pedagogical-corpus/glossika/GLOSSIKA-YUEHK-A1-W16-20260705/items.tsv|data/pedagogical-corpus/glossika/GLOSSIKA-YUEHK-A1-W16-20260705/review.json|data/pedagogical-corpus/glossika/GLOSSIKA-YUEHK-A1-W16-20260705/source.json|data/pedagogical-corpus/glossika/GLOSSIKA-YUEHK-A1-W17-20260712/crosswalk.json|data/pedagogical-corpus/glossika/GLOSSIKA-YUEHK-A1-W17-20260712/items.tsv|data/pedagogical-corpus/glossika/GLOSSIKA-YUEHK-A1-W17-20260712/review.json|data/pedagogical-corpus/glossika/GLOSSIKA-YUEHK-A1-W17-20260712/source.json|data/pedagogical-corpus/glossika/GLOSSIKA-YUEHK-A1-W18-20260719/crosswalk.json|data/pedagogical-corpus/glossika/GLOSSIKA-YUEHK-A1-W18-20260719/items.tsv|data/pedagogical-corpus/glossika/GLOSSIKA-YUEHK-A1-W18-20260719/review.json|data/pedagogical-corpus/glossika/GLOSSIKA-YUEHK-A1-W18-20260719/source.json|data/slot-model.json|docs/research/COGNITION-SPEECH-INTENTION-SOURCE-MAP-CP021B-R31.md|docs/research/CONSTRUCTION-ADJUDICATION-BATCH-08.md|docs/research/CONSTRUCTION-ADJUDICATION-BATCH-13.md|docs/research/CP022-IMPLEMENTATION-BACKLOG-CP021B-R37.tsv|docs/research/EVALUATION-PACKET-BLUEPRINTS-CP021B-R37.json|docs/research/GLOSSIKA-YUEHK-A1-DLG-004-20251221-CORPUS-INGRESS.md|docs/research/GLOSSIKA-YUEHK-A1-DLG-005-20251228-CORPUS-INGRESS.md|docs/research/GLOSSIKA-YUEHK-A1-DLG-006-20260104-CORPUS-INGRESS.md|docs/research/LANE-07-A-NOT-A-QUESTIONS-SOURCE-MAP-CP021B-R7.md|docs/research/MODAL-DESIDERATIVE-PREFERENCE-SOURCE-MAP-CP021B-R14.md|docs/research/NEGATION-ACCEPTABILITY-OPINION-SCHEDULING-SOURCE-MAP-CP021B-R30.md|docs/research/PARSER-CONSTRUCTION-CANONICAL-CONSOLIDATION-MATRIX-CP021B-R35.tsv|docs/research/PARSER-CONSTRUCTION-INTERNAL-PROVENANCE-REGISTER-CP021B-R37.tsv|docs/research/PARSER-CONSTRUCTION-INTERNAL-PROVENANCE-REGISTER-CP022-I1A-I04-R1.tsv|docs/research/PARSER-CONSTRUCTION-SOURCE-COVERAGE-CP021B-R37.tsv|docs/research/PARSER-CONSTRUCTION-SOURCE-MATRIX-CP021B-R37.tsv|docs/research/PARSER-CONSTRUCTION-SOURCE-REGISTER-CP021B-R37.tsv|docs/research/PRQ2-010-CEOI4ZO2-ZI1NGOI6-EXCLUSION-ADDITION-COLLISION-AUDIT-R1.tsv|docs/research/PRQ2-013-JYU5KEI4-BAT1JYU4-ORDERED-PREFERENCE-COLLISION-AUDIT-R1.tsv|docs/research/PRQ2-035-NING4JYUN6-DOU1-COMMITTED-PREFERENCE-COLLISION-AUDIT-R1.tsv|docs/research/PRQ2-035-NING4JYUN6-DOU1-COMMITTED-PREFERENCE-RESEARCH-R1.md|docs/research/PRQ2-035-NING4JYUN6-DOU1-COMMITTED-PREFERENCE-SOURCE-VERIFICATION-R1.tsv|docs/research/RETIRED-CONSTRUCTION-ARCHIVE-v0.5.186-R1.tsv|docs/research/UC-RQ-018-ALTERNATIVE-QUESTION-RESEARCH-R1.md|docs/research/UC-RQ-025-NULL-ARGUMENT-ZERO-ANAPHORA-COLLISION-AUDIT-R1.tsv|docs/research/UC-RQ-025-NULL-ARGUMENT-ZERO-ANAPHORA-RESEARCH-R1.md|docs/research/UC-RQ-029-ZYU6-DURATIVE-DISPOSITION-R1.md|docs/research/UC-RQ-029-ZYU6-DURATIVE-SOURCE-VERIFICATION-R1.tsv|docs/research/WH-IDENTITY-NAMING-ADDRESS-SOURCE-MAP-CP021B-R20.md|grammar/research_pending/DesiderativeVP.md|grammar/research_pending/DurativeVP.md|grammar/research_pending/FragmentAnswer.md|grammar/research_pending/ModalVP.md|grammar/retired/README.md|grammar/unsupported_generalization/WhClassifierQuestion.md|test-data/a1-context-status-fixture.tsv|test-data/cp021b-lx1-construction-freeze-baseline.json|test-data/native-speaker-naturalness-evidence-v1.json|test-data/native-speaker-naturalness-evidence-v1.tsv|test-data/pre-intermediate-gold-corpus.tsv|test-data/review-only-readiness.tsv|test-data/w17-corpus-semantic-disposition.tsv|test-data/w17-functional-corpus.tsv|test-data/w17-glossika-corpus.tsv|tests/constructions/ClauseRelationGraph.json|tests/constructions/DelimitedVP.json|tests/constructions/DesiderativeVP.json|tests/constructions/DirectionalMotionVP.json|tests/constructions/MalformedCandidate.json|tests/constructions/ModalVP.json|tests/constructions/OvertHeadDemonstrativeClassifierNP.json|tests/constructions/TransitiveVP.json|tests/fixtures/boundary-closure-v1.json|tests/fixtures/regression-snapshots.json	desire_cognition_review	REQUIRES_EXPERT_CONTEXT_REVIEW
GLOSSIKA-YUEHK-A1-DLG-011-20260215-I052	52	lexical_entry			12	買	maai5	to buy	sha256:3c1371317eefe4eaa63e424b4b20e55b335a8a9b4e5ae976a6d5d69ad9a24da2	true			exact_duplicate_candidate	lexical_only_attestation	src/runtime-resources/lexicon/token-lexicon/verbs.js	src/parser/detectors/motion/purpose-chains.js|src/parser/detectors/transfer/post-theme.js|src/plugin-entry.js|src/runtime-resources/lexicon/productive-vo.js|src/runtime-resources/lexicon/token-lexicon/verbs.js|src/runtime-resources/normalization/simplified-to-traditional.js	data/construction-adjudication-batches/batch-02.json|data/construction-identities.json|data/pedagogical-corpus/glossika/GLOSSIKA-YUEHK-A1-DLG-002-20251207/crosswalk.json|data/pedagogical-corpus/glossika/GLOSSIKA-YUEHK-A1-DLG-002-20251207/items.tsv|data/pedagogical-corpus/glossika/GLOSSIKA-YUEHK-A1-DLG-002-20251207/review.json|data/pedagogical-corpus/glossika/GLOSSIKA-YUEHK-A1-DLG-002-20251207/source.json|data/pedagogical-corpus/glossika/GLOSSIKA-YUEHK-A1-DLG-003-20251214/crosswalk.json|data/pedagogical-corpus/glossika/GLOSSIKA-YUEHK-A1-DLG-003-20251214/items.tsv|data/pedagogical-corpus/glossika/GLOSSIKA-YUEHK-A1-DLG-003-20251214/review.json|data/pedagogical-corpus/glossika/GLOSSIKA-YUEHK-A1-DLG-003-20251214/source.json|data/pedagogical-corpus/glossika/GLOSSIKA-YUEHK-A1-DLG-004-20251221/source.json|data/pedagogical-corpus/glossika/GLOSSIKA-YUEHK-A1-DLG-007-20260111/crosswalk.json|data/pedagogical-corpus/glossika/GLOSSIKA-YUEHK-A1-DLG-007-20260111/items.tsv|data/pedagogical-corpus/glossika/GLOSSIKA-YUEHK-A1-DLG-007-20260111/review.json|data/pedagogical-corpus/glossika/GLOSSIKA-YUEHK-A1-DLG-007-20260111/source.json|data/pedagogical-corpus/glossika/GLOSSIKA-YUEHK-A1-W17-20260712/crosswalk.json|data/pedagogical-corpus/glossika/GLOSSIKA-YUEHK-A1-W17-20260712/items.tsv|data/pedagogical-corpus/glossika/GLOSSIKA-YUEHK-A1-W17-20260712/review.json|data/pedagogical-corpus/glossika/GLOSSIKA-YUEHK-A1-W17-20260712/source.json|data/pedagogical-corpus/glossika/GLOSSIKA-YUEHK-A1-W18-20260719/crosswalk.json|data/pedagogical-corpus/glossika/GLOSSIKA-YUEHK-A1-W18-20260719/items.tsv|data/pedagogical-corpus/glossika/GLOSSIKA-YUEHK-A1-W18-20260719/review.json|data/pedagogical-corpus/glossika/GLOSSIKA-YUEHK-A1-W18-20260719/source.json|data/research-ledgers/glossika-week18-claim-source.json|data/research-ledgers/glossika-week18-common-verb-audit.json|data/research-ledgers/glossika-week18-followup-candidates.json|docs/research/CP021B-NATIVE-NATURALNESS-INGESTION.md|docs/research/CP021B-PARSER-DESIGN-BEHAVIOR.tsv|docs/research/CP021B-PARSER-DESIGN-FREEZE.md|docs/research/CP023-P1-PROG01-CLAIM-SOURCE-EDGES.tsv|docs/research/CP023-P1-PROG01-LEXICON-JYUTPING-VERIFICATION-R2.md|docs/research/CP023-P1-PROG01-PREDICATE-COMPATIBILITY-FREEZE-R3.md|docs/research/CP023-P1-PROG01-PREDICATE-COMPATIBILITY-MATRIX-R3.tsv|docs/research/CP023-P1-PROG01-QUESTION-AND-SOURCE-FREEZE.md|docs/research/CP023-P1-PROG01-R1-RESEARCH-CHECKPOINT.md|docs/research/CP023-P1-PROG01-REMEDIATION-DEPENDENCIES-R2.tsv|docs/research/CP023-P1-PROG01-SOURCE-REGISTER-R3.tsv|docs/research/CP024-P0-L45-CODE-REFERENCE-INVENTORY-R1.tsv|docs/research/CP024-P0-L45-PRODUCTIVE-VO-SEED-INVENTORY-R1.tsv|docs/research/CP024-P0-L45-VERB-VALENCY-INVENTORY-R1.tsv|docs/research/CP025-P1-PFV01-CODE-DOCUMENT-COMPARISON-R1.tsv|docs/research/CP025-P1-PFV01-IMPLEMENTATION-PROBE-R1.tsv|docs/research/CP025-P1-PFV01-R1-REAUDIT-CHECKPOINT.md|docs/research/CP025-P1-PFV01-SPEAKER-A-RAW-R2.md|docs/research/CP025-P1-PFV01-SPEAKER-A-RESULT-R2.tsv|docs/research/CP026-P1-RUL01-EXAMPLE-ADJUDICATION-R1.tsv|docs/research/CP026-P1-RUL01-IMPLEMENTATION-PROBE-R1.tsv|docs/research/CP026-P1-RUL01-PUBLIC-PANEL-R1-RESULT.md|docs/research/CP026-P1-RUL01-R1-REAUDIT-CHECKPOINT.md|docs/research/CP026-P1-RUL01-SOURCE-VERIFICATION-R1.tsv|docs/research/CP026-P1-RUL01-SPEAKER-A-FORM-R1.md|docs/research/CP029-P1-PFV01-BOUNDARY-INVENTORY-R1.tsv|docs/research/CP029-P1-PFV01-PUBLIC-PANEL-R1-RESULT.md|docs/research/CP032-P1-RUL01-CONTRAST-REQUIREMENTS-R1.tsv|docs/research/CP032-P1-RUL01-SURVEY-READINESS-R1.md|docs/research/CP040-P1-FINAL-REACHABLE-WRAPPER-AUDIT-R1.md|docs/research/EVALUATION-PACKET-BLUEPRINTS-CP021B-R37.json|docs/research/EXISTENTIAL-POSSESSIVE-AVAILABILITY-SOURCE-MAP-CP021B-R9.md|docs/research/FINAL-LANGUAGE-LABEL-COVERAGE-SOURCE-MAP-CP021B-R33.md|docs/research/GLOSSIKA-YUEHK-A1-W18-20260719-RESEARCH.md|docs/research/LANE-05-PROGRESSIVE-DURATIVE-EXPERIENTIAL-SOURCE-MAP-CP021B-R13.md|docs/research/LANE-09-SERIAL-PURPOSE-SOURCE-MAP-CP021B-R16.md|docs/research/PARSER-CONSTRUCTION-CANONICAL-CONSOLIDATION-MATRIX-CP021B-R35.tsv|docs/research/PARSER-CONSTRUCTION-SOURCE-MATRIX-CP021B-R37.tsv|docs/research/PARSER-CONSTRUCTION-SOURCE-REGISTER-CP021B-R37.tsv|docs/research/PRQ2-005-HOI1-HABITUAL-ESTABLISHED-ACTIVITY-COLLISION-AUDIT-R1.tsv|docs/research/PRQ2-005-HOI1-HABITUAL-ESTABLISHED-ACTIVITY-RESEARCH-R1.md|docs/research/PRQ2-006-LOK6HEOI3-CONTINUATIVE-ASPECT-COLLISION-AUDIT-R1.tsv|docs/research/PRQ2-006-LOK6HEOI3-CONTINUATIVE-ASPECT-RESEARCH-R1.md|docs/research/PRQ2-006-LOK6HEOI3-CONTINUATIVE-ASPECT-SOURCE-VERIFICATION-R1.tsv|docs/research/PRQ2-011-M4DAAN1ZI2-ZUNG6-ADDITIVE-CORRELATIVE-RESEARCH-R1.md|docs/research/PRQ2-033-JAU6-JAU6-COEXISTENT-PREDICATE-RESEARCH-R1.md|docs/research/PRQ2-033-JAU6-JAU6-COEXISTENT-PREDICATE-SOURCE-VERIFICATION-R1.tsv|docs/research/PRQ2-035-NING4JYUN6-DOU1-COMMITTED-PREFERENCE-COLLISION-AUDIT-R1.tsv|docs/research/survey-derived/HKCanCor/HKCANCOR-SV-RQ-008-010-RESEARCH-NOTE-R1.md|docs/research/survey-derived/HKCanCor/HKCANCOR-SV-RQ-008-010-REVIEWED-RESULTS-R1.json|docs/research/survey-derived/SV-RQ-001-007/SV-RQ-001-007-ATTESTATION-REGISTER-R2.json|docs/research/survey-derived/SV-RQ-001-007/SV-RQ-001-007-ROUND-1.md|docs/research/survey-derived/SV-RQ-001-007/SV-RQ-001-007-ROUND-2.md|docs/research/survey-derived/SV-RQ-001-007/SV-RQ-001-007-SOURCE-LEDGER.json|docs/research/UC-RQ-007-VERB-COPY-FOCUS-CONSTRUCTION-RESEARCH-R1.md|docs/research/UC-RQ-023-GE3-NOMINALIZATION-RESEARCH-R1.md|docs/research/UC-RQ-025-NULL-ARGUMENT-ZERO-ANAPHORA-COLLISION-AUDIT-R1.tsv|docs/research/UC-RQ-030-SAAI3-TOTALITY-QUANTIFICATION-RESEARCH-R1.md|docs/research/UC-RQ-030-SAAI3-TOTALITY-QUANTIFICATION-SOURCE-VERIFICATION-R1.tsv|grammar/research_pending/ResourceUseLaiFunctionRelation.md|grammar/unsupported_generalization/IntransitiveVP.md|test-data/cp021b-lx1-construction-freeze-baseline.json|test-data/CP023-P1-PROG01-lexicon-baseline-probes.tsv|test-data/CP023-P1-PROG01-visible-research-packet.tsv|test-data/grammar-claim-source-edges-CP021A.tsv|test-data/grammar-source-locators-CP021A.tsv|test-data/native-speaker-naturalness-evidence-v1.json|test-data/native-speaker-naturalness-evidence-v1.tsv|test-data/review-only-readiness.tsv|test-data/w17-corpus-semantic-disposition.tsv|test-data/w17-functional-corpus.tsv|test-data/w17-glossika-corpus.tsv|tests/constructions/ClauseRelationGraph.json|tests/constructions/ClauseSpan.json|tests/constructions/DegreeStativePredicate.json|tests/constructions/ModifiedNP.json|tests/constructions/MotionGoalVP.json|tests/constructions/PostThemeParticipantRelation.json|tests/constructions/PostverbalZoPerfectiveVP.json|tests/constructions/RelativeClauseNP.json|tests/constructions/ResourceUseLaiFunctionRelation.json|tests/constructions/SerialVerbPurposeChain.json|tests/constructions/TransitiveVP.json|tests/fixtures/np-subsystem.json|tests/fixtures/regression-snapshots.json|tests/tooling/corpus-review/workbench.test.js		REQUIRES_EXPERT_CONTEXT_REVIEW
GLOSSIKA-YUEHK-A1-DLG-011-20260215-I053	53	lexical_entry			13	咩嘢	me1 je5	what, what thing	sha256:f591abc1c60c3535981a61f31ccef9b54705286bfae8a9f35b1f49bf7408dd18	true			exact_duplicate_candidate	exact_duplicate		src/runtime-resources/grammar/templates/category-span-templates.js	data/pedagogical-corpus/glossika/GLOSSIKA-YUEHK-A1-DLG-005-20251228/crosswalk.json|data/pedagogical-corpus/glossika/GLOSSIKA-YUEHK-A1-DLG-005-20251228/items.tsv|data/pedagogical-corpus/glossika/GLOSSIKA-YUEHK-A1-DLG-005-20251228/review.json|data/pedagogical-corpus/glossika/GLOSSIKA-YUEHK-A1-DLG-005-20251228/source.json|data/slot-model.json|docs/research/PRQ2-010-CEOI4ZO2-ZI1NGOI6-EXCLUSION-ADDITION-COLLISION-AUDIT-R1.tsv|test-data/cp021b-lx1-construction-freeze-baseline.json|tests/constructions/ModifiedNP.json|tests/fixtures/regression-snapshots.json		REQUIRES_EXPERT_CONTEXT_REVIEW
GLOSSIKA-YUEHK-A1-DLG-011-20260215-I054	54	lexical_entry			14	呀	aa3	[question particle]	sha256:bc99eac83927d494612682e9759ff3ba11c4f81ff91dde1c44daf5d1044a2ba2	true			exact_duplicate_candidate	lexical_only_attestation	src/runtime-resources/lexicon/token-lexicon/degree-and-formulas.js	src/parser/context/descriptors.js|src/parser/detectors/acceptability/clauses.js|src/parser/detectors/boundaries/needs-context.js|src/parser/detectors/cognition/fragments-content.js|src/parser/detectors/definition/copular-relations.js|src/parser/detectors/discourse/formula-responses.js|src/parser/detectors/discourse/priority.js|src/parser/detectors/discourse/protected-formulas.js|src/parser/detectors/motion/purpose-chains.js|src/plugin-entry.js|src/runtime-resources/constructions/runtime-label-registry.js|src/runtime-resources/lexicon/compositional-lexical-phrases.js|src/runtime-resources/lexicon/formulas.js|src/runtime-resources/lexicon/token-lexicon/degree-and-formulas.js|src/runtime-resources/lexicon/token-lexicon/referents-and-boundaries.js|src/runtime-resources/pronunciation/jyutping-review-expectations.js	data/construction-adjudication-batches/batch-03.json|data/construction-adjudication-batches/batch-10.json|data/construction-adjudication-batches/batch-12.json|data/construction-adjudication-batches/batch-15.json|data/construction-identities.json|data/pedagogical-corpus/glossika/GLOSSIKA-YUEHK-A1-DLG-002-20251207/crosswalk.json|data/pedagogical-corpus/glossika/GLOSSIKA-YUEHK-A1-DLG-002-20251207/items.tsv|data/pedagogical-corpus/glossika/GLOSSIKA-YUEHK-A1-DLG-002-20251207/review.json|data/pedagogical-corpus/glossika/GLOSSIKA-YUEHK-A1-DLG-002-20251207/source.json|data/pedagogical-corpus/glossika/GLOSSIKA-YUEHK-A1-DLG-003-20251214/crosswalk.json|data/pedagogical-corpus/glossika/GLOSSIKA-YUEHK-A1-DLG-003-20251214/items.tsv|data/pedagogical-corpus/glossika/GLOSSIKA-YUEHK-A1-DLG-003-20251214/review.json|data/pedagogical-corpus/glossika/GLOSSIKA-YUEHK-A1-DLG-003-20251214/source.json|data/pedagogical-corpus/glossika/GLOSSIKA-YUEHK-A1-DLG-004-20251221/crosswalk.json|data/pedagogical-corpus/glossika/GLOSSIKA-YUEHK-A1-DLG-004-20251221/items.tsv|data/pedagogical-corpus/glossika/GLOSSIKA-YUEHK-A1-DLG-004-20251221/review.json|data/pedagogical-corpus/glossika/GLOSSIKA-YUEHK-A1-DLG-004-20251221/source.json|data/pedagogical-corpus/glossika/GLOSSIKA-YUEHK-A1-DLG-005-20251228/crosswalk.json|data/pedagogical-corpus/glossika/GLOSSIKA-YUEHK-A1-DLG-005-20251228/items.tsv|data/pedagogical-corpus/glossika/GLOSSIKA-YUEHK-A1-DLG-005-20251228/review.json|data/pedagogical-corpus/glossika/GLOSSIKA-YUEHK-A1-DLG-005-20251228/source.json|data/pedagogical-corpus/glossika/GLOSSIKA-YUEHK-A1-DLG-006-20260104/crosswalk.json|data/pedagogical-corpus/glossika/GLOSSIKA-YUEHK-A1-DLG-006-20260104/items.tsv|data/pedagogical-corpus/glossika/GLOSSIKA-YUEHK-A1-DLG-006-20260104/review.json|data/pedagogical-corpus/glossika/GLOSSIKA-YUEHK-A1-DLG-006-20260104/source.json|data/pedagogical-corpus/glossika/GLOSSIKA-YUEHK-A1-DLG-007-20260111/crosswalk.json|data/pedagogical-corpus/glossika/GLOSSIKA-YUEHK-A1-DLG-007-20260111/items.tsv|data/pedagogical-corpus/glossika/GLOSSIKA-YUEHK-A1-DLG-007-20260111/review.json|data/pedagogical-corpus/glossika/GLOSSIKA-YUEHK-A1-DLG-007-20260111/source.json|data/pedagogical-corpus/glossika/GLOSSIKA-YUEHK-A1-DLG-008-20260125/crosswalk.json|data/pedagogical-corpus/glossika/GLOSSIKA-YUEHK-A1-DLG-008-20260125/items.tsv|data/pedagogical-corpus/glossika/GLOSSIKA-YUEHK-A1-DLG-008-20260125/review.json|data/pedagogical-corpus/glossika/GLOSSIKA-YUEHK-A1-DLG-008-20260125/source.json|data/pedagogical-corpus/glossika/GLOSSIKA-YUEHK-A1-DLG-009-20260201/crosswalk.json|data/pedagogical-corpus/glossika/GLOSSIKA-YUEHK-A1-DLG-009-20260201/items.tsv|data/pedagogical-corpus/glossika/GLOSSIKA-YUEHK-A1-DLG-009-20260201/review.json|data/pedagogical-corpus/glossika/GLOSSIKA-YUEHK-A1-DLG-009-20260201/source.json|data/pedagogical-corpus/glossika/GLOSSIKA-YUEHK-A1-DLG-010-20260208/crosswalk.json|data/pedagogical-corpus/glossika/GLOSSIKA-YUEHK-A1-DLG-010-20260208/items.tsv|data/pedagogical-corpus/glossika/GLOSSIKA-YUEHK-A1-DLG-010-20260208/review.json|data/pedagogical-corpus/glossika/GLOSSIKA-YUEHK-A1-DLG-010-20260208/source.json|data/pedagogical-corpus/glossika/GLOSSIKA-YUEHK-A1-W14-20260621/items.tsv|data/pedagogical-corpus/glossika/GLOSSIKA-YUEHK-A1-W14-20260621/review.json|data/pedagogical-corpus/glossika/GLOSSIKA-YUEHK-A1-W14-20260621/source.json|data/pedagogical-corpus/glossika/GLOSSIKA-YUEHK-A1-W15-20260628/items.tsv|data/pedagogical-corpus/glossika/GLOSSIKA-YUEHK-A1-W15-20260628/README.md|data/pedagogical-corpus/glossika/GLOSSIKA-YUEHK-A1-W15-20260628/review.json|data/pedagogical-corpus/glossika/GLOSSIKA-YUEHK-A1-W15-20260628/source.json|data/pedagogical-corpus/glossika/GLOSSIKA-YUEHK-A1-W16-20260705/items.tsv|data/pedagogical-corpus/glossika/GLOSSIKA-YUEHK-A1-W16-20260705/review.json|data/pedagogical-corpus/glossika/GLOSSIKA-YUEHK-A1-W16-20260705/source.json|data/pedagogical-corpus/glossika/GLOSSIKA-YUEHK-A1-W17-20260712/crosswalk.json|data/pedagogical-corpus/glossika/GLOSSIKA-YUEHK-A1-W17-20260712/items.tsv|data/pedagogical-corpus/glossika/GLOSSIKA-YUEHK-A1-W17-20260712/review.json|data/pedagogical-corpus/glossika/GLOSSIKA-YUEHK-A1-W17-20260712/source.json|data/pedagogical-corpus/glossika/GLOSSIKA-YUEHK-A1-W18-20260719/crosswalk.json|data/pedagogical-corpus/glossika/GLOSSIKA-YUEHK-A1-W18-20260719/items.tsv|data/pedagogical-corpus/glossika/GLOSSIKA-YUEHK-A1-W18-20260719/review.json|data/pedagogical-corpus/glossika/GLOSSIKA-YUEHK-A1-W18-20260719/source.json|data/pedagogical-corpus/glossika/GLOSSIKA-YUEHK-A1-W19-20260726/crosswalk.json|data/pedagogical-corpus/glossika/GLOSSIKA-YUEHK-A1-W19-20260726/items.tsv|data/pedagogical-corpus/glossika/GLOSSIKA-YUEHK-A1-W19-20260726/review.json|data/pedagogical-corpus/glossika/GLOSSIKA-YUEHK-A1-W19-20260726/source.json|data/research-ledgers/glossika-week15-claim-source.json|data/research-ledgers/glossika-week15-followup-candidates.json|data/research-ledgers/glossika-week19-claim-source.json|data/research-ledgers/glossika-week19-followup-candidates.json|data/research-ledgers/glossika-week19-particle-boundaries.json|docs/research/ASPECTUAL-CLAUSE-WRAPPERS-SOURCE-MAP-CP021B-R24.md|docs/research/COMPLEMENT-OMISSION-AND-VALENCY-SOURCE-MAP-CP021B-R26.md|docs/research/CONSTRUCTION-ADJUDICATION-BATCH-06.md|docs/research/CONSTRUCTION-ADJUDICATION-BATCH-10.md|docs/research/CONSTRUCTION-ADJUDICATION-BATCH-12.md|docs/research/CONSTRUCTION-ADJUDICATION-BATCH-15.md|docs/research/CP023-P1-PROG01-REMEDIATION-DEPENDENCIES-R2.tsv|docs/research/CP025-P1-PFV01-CODE-DOCUMENT-COMPARISON-R1.tsv|docs/research/CP025-P1-PFV01-EXAMPLE-ADJUDICATION-R1.tsv|docs/research/CP025-P1-PFV01-IMPLEMENTATION-PROBE-R1.tsv|docs/research/CP025-P1-PFV01-R1-REAUDIT-CHECKPOINT.md|docs/research/CP025-P1-PFV01-SPEAKER-A-RAW-R2.md|docs/research/CP025-P1-PFV01-SPEAKER-A-RESULT-R2.tsv|docs/research/CP029-P1-PFV01-BOUNDARY-INVENTORY-R1.tsv|docs/research/CP029-P1-PFV01-PUBLIC-PANEL-R1-RESULT.md|docs/research/CP035-P1-EXPERIENTIAL-DELIMITED-WRAPPER-AUDIT-R1.md|docs/research/CP039-P1-EVALUATION-SCALAR-QUESTION-WRAPPER-AUDIT-R1.md|docs/research/CP040-P1-FINAL-REACHABLE-WRAPPER-AUDIT-R1.md|docs/research/CP051-P1-COPULAR-ANOTA-RECONCILIATION-R1.md|docs/research/CP051-P1-COPULAR-ANOTA-SOURCE-VERIFICATION-R1.tsv|docs/research/CP055-P1-NEGATIVE-EXPERIENTIAL-RECONCILIATION-R1.md|docs/research/CP061-P1-HIGH-FANOUT-BOUNDARY-CLOSURE-R1.md|docs/research/DIRECTIVE-SUGGESTION-PRIORITY-SOURCE-MAP-CP021B-R27.md|docs/research/ENVIRONMENTAL-LOCATIVE-FRAMES-SOURCE-MAP-CP021B-R22.md|docs/research/EVALUATION-PACKET-BLUEPRINTS-CP021B-R37.json|docs/research/GLOSSIKA-YUEHK-A1-W14-20260621-RESEARCH.md|docs/research/GLOSSIKA-YUEHK-A1-W15-20260628-RESEARCH.md|docs/research/GLOSSIKA-YUEHK-A1-W18-20260719-RESEARCH.md|docs/research/GLOSSIKA-YUEHK-A1-W19-20260726-RESEARCH.md|docs/research/LANE-03-FRAGMENTS-DISCOURSE-SOURCE-MAP-CP021B-R17.md|docs/research/LANE-09-DIRECTIONAL-MOTION-SOURCE-MAP-CP021B-R3.md|docs/research/LANE-10-MEASURE-SCALAR-SOURCE-MAP-CP021B-R19.md|docs/research/PARSER-CONSTRUCTION-CANONICAL-CONSOLIDATION-MATRIX-CP021B-R35.tsv|docs/research/PARSER-CONSTRUCTION-SOURCE-MATRIX-CP021B-R37.tsv|docs/research/PARSER-CONSTRUCTION-SOURCE-REGISTER-CP021B-R37.tsv|docs/research/PRQ2-005-HOI1-HABITUAL-ESTABLISHED-ACTIVITY-COLLISION-AUDIT-R1.tsv|docs/research/PRQ2-005-HOI1-HABITUAL-ESTABLISHED-ACTIVITY-RESEARCH-R1.md|docs/research/PRQ2-005-HOI1-HABITUAL-ESTABLISHED-ACTIVITY-SOURCE-VERIFICATION-R1.tsv|docs/research/PRQ2-006-LOK6HEOI3-CONTINUATIVE-ASPECT-COLLISION-AUDIT-R1.tsv|docs/research/PRQ2-006-LOK6HEOI3-CONTINUATIVE-ASPECT-RESEARCH-R1.md|docs/research/PRQ2-010-CEOI4ZO2-ZI1NGOI6-EXCLUSION-ADDITION-COLLISION-AUDIT-R1.tsv|docs/research/QUANTITY-SCALAR-ACTION-BOUNDARIES-SOURCE-MAP-CP021B-R29.md|docs/research/UC-RQ-018-ALTERNATIVE-QUESTION-COLLISION-AUDIT-R1.tsv|docs/research/UC-RQ-019-CLAUSE-FINAL-TAG-QUESTION-RESEARCH-R1.md|docs/research/UC-RQ-019-CLAUSE-FINAL-TAG-QUESTION-SOURCE-VERIFICATION-R1.tsv|docs/research/UC-RQ-025-NULL-ARGUMENT-ZERO-ANAPHORA-RESEARCH-R1.md|docs/research/UC-RQ-030-SAAI3-TOTALITY-QUANTIFICATION-RESEARCH-R1.md|docs/research/UC-RQ-032-MEI6-NOT-YET-NEGATION-SOURCE-VERIFICATION-R1.tsv|docs/research/UC-RQ-040-AA3-WO3-BO3-STANCE-PARTICLE-CONTRAST-COLLISION-AUDIT-R1.tsv|docs/research/UC-RQ-040-AA3-WO3-BO3-STANCE-PARTICLE-CONTRAST-RESEARCH-R1.md|docs/research/WH-IDENTITY-NAMING-ADDRESS-SOURCE-MAP-CP021B-R20.md|grammar/research_pending/ComplementEllipsisFragment.md|grammar/research_pending/ExistentialWhQuestion.md|grammar/research_pending/ExperientialQuestion.md|grammar/research_pending/ExperientialVP.md|grammar/research_pending/GoalAttainmentMotionVP.md|grammar/research_pending/NegativeExperiential.md|grammar/research_pending/ProhibitiveImperative.md|grammar/research_pending/ScalarValueQuestion.md|grammar/unsupported_generalization/CopularANotAQuestion.md|grammar/unsupported_generalization/DelimitedVP.md|grammar/unsupported_generalization/ExistentialQuestion.md|grammar/unsupported_generalization/LocativeWhQuestion.md|grammar/unsupported_generalization/WhClassifierQuestion.md|test-data/a1-context-status-fixture.tsv|test-data/cp021b-lx1-construction-freeze-baseline.json|test-data/CP023-P1-PROG01-visible-research-packet.tsv|test-data/native-speaker-naturalness-evidence-v1.json|test-data/native-speaker-naturalness-evidence-v1.tsv|test-data/pre-intermediate-gold-corpus.tsv|test-data/review-only-readiness.tsv|test-data/w17-corpus-semantic-disposition.tsv|test-data/w17-functional-corpus.tsv|test-data/w17-glossika-corpus.tsv|test-data/w17-naturalized-alternatives.tsv|tests/constructions/ANotAQuestion.json|tests/constructions/ClauseRelationGraph.json|tests/constructions/ClauseRelationMemberSpan.json|tests/constructions/ClauseSpan.json|tests/constructions/ComplementEllipsisFragment.json|tests/constructions/CompletionQuestion.json|tests/constructions/CopularANotAQuestion.json|tests/constructions/DegreeStativePredicate.json|tests/constructions/DirectionalMotionVP.json|tests/constructions/ExistentialQuestion.json|tests/constructions/ExistentialWhQuestion.json|tests/constructions/ExperientialQuestion.json|tests/constructions/ExperientialYesNoQuestion.json|tests/constructions/FormulaDiscourseUnit.json|tests/constructions/FragmentQuestion.json|tests/constructions/LocativePlacePhrase.json|tests/constructions/LocativeWhQuestion.json|tests/constructions/ModalANotAQuestion.json|tests/constructions/ModifierNP.json|tests/constructions/MotionGoalVP.json|tests/constructions/NeedsContext.json|tests/constructions/NegatedExistentialFragment.json|tests/constructions/NegativeCognitionFragment.json|tests/constructions/NegativeExperiential.json|tests/constructions/NominalHeadSpan.json|tests/constructions/PerfectiveVP.json|tests/constructions/PolarQuestionFrame.json|tests/constructions/PostverbalZoPerfectiveVP.json|tests/constructions/ProgressiveWhObjectQuestion.json|tests/constructions/ScalarValueQuestion.json|tests/constructions/TemporalClause.json|tests/constructions/VerbComplementVP.json|tests/constructions/WhClassifierQuestion.json|tests/fixtures/boundary-closure-v1.json|tests/fixtures/np-subsystem.json|tests/fixtures/regression-snapshots.json|tests/tooling/corpus-review/test_aa82_hkcancor_profile.py	particle_gloss_review	REQUIRES_EXPERT_CONTEXT_REVIEW
GLOSSIKA-YUEHK-A1-DLG-011-20260215-I055	55	lexical_entry			15	支	zi1	[measure word for long objects]	sha256:58f4b6b35e1aede5c50d599550d9e9cb69c648c82fc17db787176f746513902a	true			exact_duplicate_candidate	lexical_only_attestation	src/runtime-resources/lexicon/token-lexicon/verbs.js	src/runtime-resources/grammar/classifier-head-rules.js|src/runtime-resources/lexicon/token-lexicon/verbs.js	data/construction-adjudication-batches/batch-11.json|data/construction-identities.json|data/pedagogical-corpus/glossika/GLOSSIKA-YUEHK-A1-DLG-002-20251207/crosswalk.json|data/pedagogical-corpus/glossika/GLOSSIKA-YUEHK-A1-DLG-002-20251207/items.tsv|data/pedagogical-corpus/glossika/GLOSSIKA-YUEHK-A1-DLG-002-20251207/review.json|data/pedagogical-corpus/glossika/GLOSSIKA-YUEHK-A1-DLG-002-20251207/source.json|data/pedagogical-corpus/glossika/GLOSSIKA-YUEHK-A1-DLG-006-20260104/crosswalk.json|data/pedagogical-corpus/glossika/GLOSSIKA-YUEHK-A1-DLG-006-20260104/items.tsv|data/pedagogical-corpus/glossika/GLOSSIKA-YUEHK-A1-DLG-006-20260104/review.json|data/pedagogical-corpus/glossika/GLOSSIKA-YUEHK-A1-DLG-006-20260104/source.json|data/pedagogical-corpus/glossika/GLOSSIKA-YUEHK-A1-DLG-008-20260125/crosswalk.json|data/pedagogical-corpus/glossika/GLOSSIKA-YUEHK-A1-DLG-008-20260125/items.tsv|data/pedagogical-corpus/glossika/GLOSSIKA-YUEHK-A1-DLG-008-20260125/review.json|data/pedagogical-corpus/glossika/GLOSSIKA-YUEHK-A1-DLG-008-20260125/source.json|docs/current/NOUN-PHRASE-SUBSYSTEM.md|docs/research/CP023-P1-PROG01-LEXICON-JYUTPING-VERIFICATION-R2.md|docs/research/CP026-P1-RUL01-PUBLIC-PANEL-R1-RESULT.md|docs/research/CP026-P1-RUL01-SPEAKER-A-FORM-R1.md|docs/research/EVALUATION-PACKET-BLUEPRINTS-CP021B-R37.json|docs/research/PARSER-CONSTRUCTION-CANONICAL-CONSOLIDATION-MATRIX-CP021B-R35.tsv|docs/research/PRQ2-007-HEI2SOENG5LAI4-INCHOATIVE-ASPECT-COLLISION-AUDIT-R1.tsv|docs/research/PRQ2-007-HEI2SOENG5LAI4-INCHOATIVE-ASPECT-RESEARCH-R1.md|docs/research/PRQ2-015-MUI5-GO3GO3-DOU1-DISTRIBUTIVE-QUANTIFICATION-COLLISION-AUDIT-R1.tsv|docs/research/PRQ2-015-MUI5-GO3GO3-DOU1-DISTRIBUTIVE-QUANTIFICATION-RESEARCH-R1.md|docs/research/UC-RQ-003-DOUBLE-OBJECT-ORDER-ALTERNATION-RESEARCH-R1.md|test-data/cp021b-lx1-construction-freeze-baseline.json|tests/constructions/LocativeExistentialClause.json|tests/constructions/LocativePlacePhrase.json|tests/constructions/ModifiedNP.json|tests/constructions/PostverbalZoPerfectiveVP.json|tests/constructions/QuantifiedClassifierNP.json|tests/constructions/ResourceUseLaiFunctionRelation.json|tests/fixtures/np-subsystem.json|tests/fixtures/regression-snapshots.json	classifier_review	REQUIRES_EXPERT_CONTEXT_REVIEW
GLOSSIKA-YUEHK-A1-DLG-011-20260215-I056	56	lexical_entry			16	筆	bat1	pen, writing instrument	sha256:e3d414121ef84bdc3bf254196dd1d2e8e692eea26dbeb679dbad56d77520c8f6	true			exact_duplicate_candidate	lexical_only_attestation	src/runtime-resources/lexicon/token-lexicon/things.js	src/plugin-entry.js|src/runtime-resources/lexicon/token-lexicon/things.js|src/runtime-resources/normalization/simplified-to-traditional.js	data/construction-adjudication-batches/batch-11.json|data/construction-identities.json|data/pedagogical-corpus/glossika/GLOSSIKA-YUEHK-A1-DLG-008-20260125/crosswalk.json|data/pedagogical-corpus/glossika/GLOSSIKA-YUEHK-A1-DLG-008-20260125/items.tsv|data/pedagogical-corpus/glossika/GLOSSIKA-YUEHK-A1-DLG-008-20260125/review.json|data/pedagogical-corpus/glossika/GLOSSIKA-YUEHK-A1-DLG-008-20260125/source.json|data/pedagogical-corpus/glossika/GLOSSIKA-YUEHK-A1-DLG-009-20260201/crosswalk.json|data/pedagogical-corpus/glossika/GLOSSIKA-YUEHK-A1-DLG-009-20260201/items.tsv|data/pedagogical-corpus/glossika/GLOSSIKA-YUEHK-A1-DLG-009-20260201/review.json|data/pedagogical-corpus/glossika/GLOSSIKA-YUEHK-A1-DLG-009-20260201/source.json|docs/research/CP026-P1-RUL01-PUBLIC-PANEL-R1-RESULT.md|docs/research/CP026-P1-RUL01-SPEAKER-A-FORM-R1.md|docs/research/EVALUATION-PACKET-BLUEPRINTS-CP021B-R37.json|docs/research/PARSER-CONSTRUCTION-CANONICAL-CONSOLIDATION-MATRIX-CP021B-R35.tsv|docs/research/PARSER-CONSTRUCTION-SOURCE-MATRIX-CP021B-R37.tsv|docs/research/UC-RQ-003-DOUBLE-OBJECT-ORDER-ALTERNATION-RESEARCH-R1.md|grammar/research_pending/LocativeExistentialClause.md|test-data/cp021b-lx1-construction-freeze-baseline.json|test-data/pre-intermediate-gold-corpus.tsv|tests/constructions/CoordinatedNP.json|tests/constructions/LocativeExistentialClause.json|tests/constructions/LocativePlacePhrase.json|tests/constructions/ModifiedNP.json|tests/constructions/PostverbalZoPerfectiveVP.json|tests/constructions/QuantifiedClassifierNP.json|tests/constructions/ResourceUseLaiFunctionRelation.json|tests/fixtures/np-subsystem.json|tests/fixtures/regression-snapshots.json		REQUIRES_EXPERT_CONTEXT_REVIEW
GLOSSIKA-YUEHK-A1-DLG-011-20260215-I057	57	lexical_entry			17	同埋	tung4 maai4	and, together with	sha256:6368554a6fe20d6a5143938ce17027fd5b155535a6036179a439821c012caaa2	true			exact_duplicate_candidate	lexical_only_attestation	src/runtime-resources/lexicon/token-lexicon/function-words-and-particles.js	src/parser/detectors/definition/intended-function.js|src/parser/detectors/np/core.js|src/runtime-resources/grammar/templates/slot-generation-rules.js|src/runtime-resources/lexicon/token-lexicon/function-words-and-particles.js	data/construction-adjudications.json|data/construction-identities.json|data/pedagogical-corpus/glossika/GLOSSIKA-YUEHK-A1-DLG-010-20260208/crosswalk.json|data/pedagogical-corpus/glossika/GLOSSIKA-YUEHK-A1-DLG-010-20260208/items.tsv|data/pedagogical-corpus/glossika/GLOSSIKA-YUEHK-A1-DLG-010-20260208/review.json|data/pedagogical-corpus/glossika/GLOSSIKA-YUEHK-A1-DLG-010-20260208/source.json|docs/current/NOUN-PHRASE-SUBSYSTEM.md|docs/research/CONSTRUCTION-ADJUDICATION-BATCH-01.md|docs/research/CP022-IMPLEMENTATION-BACKLOG-CP021B-R37.tsv|docs/research/CP023-P1-PROG01-CLAIM-SOURCE-EDGES-R3.tsv|docs/research/CP023-P1-PROG01-CLAIM-SOURCE-EDGES.tsv|docs/research/CP023-P1-PROG01-LEXICON-JYUTPING-VERIFICATION-R2.md|docs/research/CP023-P1-PROG01-LEXICON-SOURCE-REGISTER-R2.tsv|docs/research/CP023-P1-PROG01-NATURAL-ATTESTATION-ADJUDICATION.md|docs/research/CP023-P1-PROG01-NOMINAL-COORDINATION-DESIGN-R3.md|docs/research/CP023-P1-PROG01-PREDICATE-COMPATIBILITY-MATRIX-R3.tsv|docs/research/CP023-P1-PROG01-R1-RESEARCH-CHECKPOINT.md|docs/research/CP023-P1-PROG01-R2-RESEARCH-CHECKPOINT.md|docs/research/CP023-P1-PROG01-R3-RESEARCH-CHECKPOINT.md|docs/research/CP023-P1-PROG01-REMEDIATION-BLUEPRINT-R2.md|docs/research/CP023-P1-PROG01-REMEDIATION-DEPENDENCIES-R2.tsv|docs/research/CP023-P1-PROG01-SOURCE-REGISTER-R3.tsv|docs/research/CP026-P1-RUL01-CODE-DOCUMENT-COMPARISON-R1.tsv|docs/research/CP026-P1-RUL01-R1-REAUDIT-CHECKPOINT.md|docs/research/CP032-P1-RUL01-CONTRAST-REQUIREMENTS-R1.tsv|docs/research/NOMINAL-RELATIONS-SOURCE-MAP-CP021B-R32.md|docs/research/PARSER-CONSTRUCTION-CANONICAL-CONSOLIDATION-MATRIX-CP021B-R35.tsv|docs/research/PARSER-CONSTRUCTION-SOURCE-COVERAGE-CP021B-R37.tsv|docs/research/PARSER-CONSTRUCTION-SOURCE-MATRIX-CP021B-R37.tsv|docs/research/PARSER-CONSTRUCTION-SOURCE-REGISTER-CP021B-R37.tsv|docs/research/PRQ2-009-GEI3JIN4-PREMISE-RESPONSE-COLLISION-AUDIT-R1.tsv|docs/research/survey-derived/HKCanCor/HKCANCOR-SV-RQ-008-010-REVIEWED-RESULTS-R1.json|docs/research/survey-derived/SV-RQ-009-012/SV-RQ-009-012-ROUND-1.md|docs/research/UC-RQ-031-MAAI4-VERBAL-PARTICLE-FAMILY-COLLISION-AUDIT-R1.tsv|docs/research/UC-RQ-031-MAAI4-VERBAL-PARTICLE-FAMILY-RESEARCH-R1.md|grammar/unsupported_generalization/CoordinatedNP.md|test-data/CP023-P1-PROG01-lexicon-baseline-probes.tsv|test-data/CP023-P1-PROG01-nominal-design-cases-r3.tsv|test-data/CP023-P1-PROG01-nominal-prerequisite-probes.tsv|test-data/CP023-P1-PROG01-visible-research-packet.tsv|tests/constructions/ClauseRelationGraph.json|tests/constructions/CoordinatedNP.json|tests/constructions/PostverbalZoPerfectiveVP.json|tests/fixtures/np-subsystem.json|tests/tooling/corpus-review/test_aa30_hkcancor_profile.py	coordination_review	REQUIRES_EXPERT_CONTEXT_REVIEW
GLOSSIKA-YUEHK-A1-DLG-011-20260215-I058	58	lexical_entry			18	啲	di1	some, a little	sha256:27c9b82b710417cc44e844abb32673cb5c7f793f24acb09b09620241fb86a4d2	true			exact_duplicate_candidate	lexical_only_attestation	src/runtime-resources/lexicon/token-lexicon/function-words-and-particles.js	src/parser/detectors/definition/intended-function.js|src/parser/detectors/manner/adjustment.js|src/parser/detectors/np/token-splits.js|src/parser/features/token-features.js|src/parser/nodes/node-shape.js|src/parser/orchestration/wrap-core.js|src/parser/orchestration/wrap-predicate.js|src/parser/tokenization/contextual-overrides.js|src/plugin-entry.js|src/runtime-resources/constructions/runtime-label-registry.js|src/runtime-resources/grammar/templates/category-span-templates.js|src/runtime-resources/grammar/templates/construction-templates.js|src/runtime-resources/grammar/templates/slot-generation-rules.js|src/runtime-resources/lexicon/address-terms.js|src/runtime-resources/lexicon/compositional-lexical-phrases.js|src/runtime-resources/lexicon/token-lexicon/degree-and-formulas.js|src/runtime-resources/lexicon/token-lexicon/function-words-and-particles.js|src/runtime-resources/lexicon/token-lexicon/referents-and-boundaries.js|src/runtime-resources/lexicon/token-lexicon/statives.js|src/runtime-resources/lexicon/token-lexicon/study-suite.js|src/runtime-resources/presentation/learner-glosses.js|src/runtime-resources/pronunciation/jyutping-review-expectations.js	data/construction-adjudication-batches/batch-03.json|data/construction-adjudication-batches/batch-08.json|data/construction-adjudication-batches/batch-09.json|data/construction-candidate-readiness.json|data/construction-identities.json|data/natural-corpus/wechat-father-daughter-001.txt|data/pedagogical-corpus/glossika/GLOSSIKA-YUEHK-A1-DLG-002-20251207/crosswalk.json|data/pedagogical-corpus/glossika/GLOSSIKA-YUEHK-A1-DLG-002-20251207/items.tsv|data/pedagogical-corpus/glossika/GLOSSIKA-YUEHK-A1-DLG-002-20251207/review.json|data/pedagogical-corpus/glossika/GLOSSIKA-YUEHK-A1-DLG-002-20251207/source.json|data/pedagogical-corpus/glossika/GLOSSIKA-YUEHK-A1-DLG-003-20251214/crosswalk.json|data/pedagogical-corpus/glossika/GLOSSIKA-YUEHK-A1-DLG-003-20251214/items.tsv|data/pedagogical-corpus/glossika/GLOSSIKA-YUEHK-A1-DLG-003-20251214/review.json|data/pedagogical-corpus/glossika/GLOSSIKA-YUEHK-A1-DLG-003-20251214/source.json|data/pedagogical-corpus/glossika/GLOSSIKA-YUEHK-A1-DLG-004-20251221/crosswalk.json|data/pedagogical-corpus/glossika/GLOSSIKA-YUEHK-A1-DLG-004-20251221/items.tsv|data/pedagogical-corpus/glossika/GLOSSIKA-YUEHK-A1-DLG-004-20251221/review.json|data/pedagogical-corpus/glossika/GLOSSIKA-YUEHK-A1-DLG-004-20251221/source.json|data/pedagogical-corpus/glossika/GLOSSIKA-YUEHK-A1-DLG-005-20251228/crosswalk.json|data/pedagogical-corpus/glossika/GLOSSIKA-YUEHK-A1-DLG-005-20251228/items.tsv|data/pedagogical-corpus/glossika/GLOSSIKA-YUEHK-A1-DLG-005-20251228/review.json|data/pedagogical-corpus/glossika/GLOSSIKA-YUEHK-A1-DLG-005-20251228/source.json|data/pedagogical-corpus/glossika/GLOSSIKA-YUEHK-A1-DLG-006-20260104/crosswalk.json|data/pedagogical-corpus/glossika/GLOSSIKA-YUEHK-A1-DLG-006-20260104/items.tsv|data/pedagogical-corpus/glossika/GLOSSIKA-YUEHK-A1-DLG-006-20260104/review.json|data/pedagogical-corpus/glossika/GLOSSIKA-YUEHK-A1-DLG-006-20260104/source.json|data/pedagogical-corpus/glossika/GLOSSIKA-YUEHK-A1-DLG-007-20260111/crosswalk.json|data/pedagogical-corpus/glossika/GLOSSIKA-YUEHK-A1-DLG-007-20260111/items.tsv|data/pedagogical-corpus/glossika/GLOSSIKA-YUEHK-A1-DLG-007-20260111/review.json|data/pedagogical-corpus/glossika/GLOSSIKA-YUEHK-A1-DLG-007-20260111/source.json|data/pedagogical-corpus/glossika/GLOSSIKA-YUEHK-A1-DLG-008-20260125/crosswalk.json|data/pedagogical-corpus/glossika/GLOSSIKA-YUEHK-A1-DLG-008-20260125/items.tsv|data/pedagogical-corpus/glossika/GLOSSIKA-YUEHK-A1-DLG-008-20260125/review.json|data/pedagogical-corpus/glossika/GLOSSIKA-YUEHK-A1-DLG-008-20260125/source.json|data/pedagogical-corpus/glossika/GLOSSIKA-YUEHK-A1-DLG-009-20260201/crosswalk.json|data/pedagogical-corpus/glossika/GLOSSIKA-YUEHK-A1-DLG-009-20260201/items.tsv|data/pedagogical-corpus/glossika/GLOSSIKA-YUEHK-A1-DLG-009-20260201/review.json|data/pedagogical-corpus/glossika/GLOSSIKA-YUEHK-A1-DLG-009-20260201/source.json|data/pedagogical-corpus/glossika/GLOSSIKA-YUEHK-A1-DLG-010-20260208/crosswalk.json|data/pedagogical-corpus/glossika/GLOSSIKA-YUEHK-A1-DLG-010-20260208/items.tsv|data/pedagogical-corpus/glossika/GLOSSIKA-YUEHK-A1-DLG-010-20260208/review.json|data/pedagogical-corpus/glossika/GLOSSIKA-YUEHK-A1-DLG-010-20260208/source.json|data/pedagogical-corpus/glossika/GLOSSIKA-YUEHK-A1-W17-20260712/crosswalk.json|data/pedagogical-corpus/glossika/GLOSSIKA-YUEHK-A1-W17-20260712/items.tsv|data/pedagogical-corpus/glossika/GLOSSIKA-YUEHK-A1-W17-20260712/review.json|data/pedagogical-corpus/glossika/GLOSSIKA-YUEHK-A1-W17-20260712/source.json|data/pedagogical-corpus/glossika/GLOSSIKA-YUEHK-A1-W18-20260719/crosswalk.json|data/pedagogical-corpus/glossika/GLOSSIKA-YUEHK-A1-W18-20260719/items.tsv|data/pedagogical-corpus/glossika/GLOSSIKA-YUEHK-A1-W18-20260719/review.json|data/pedagogical-corpus/glossika/GLOSSIKA-YUEHK-A1-W18-20260719/source.json|docs/current/NOUN-PHRASE-SUBSYSTEM.md|docs/research/AB30-ZO-M-HKCANCOR-CLAIM-CROSS-REFERENCE-R1.md|docs/research/AB30-ZO-R-HKCANCOR-CLAIM-CROSS-REFERENCE-R2.md|docs/research/CONDITIONAL-CLAUSE-LINKING-SOURCE-MAP-CP021B-R25.md|docs/research/CONSTRUCTION-ADJUDICATION-BATCH-03.md|docs/research/CONSTRUCTION-ADJUDICATION-BATCH-08.md|docs/research/CONSTRUCTION-ADJUDICATION-BATCH-09.md|docs/research/COVERB-MANNER-EVENT-MODIFICATION-SOURCE-MAP-CP021B-R23.md|docs/research/CP022-IMPLEMENTATION-BACKLOG-CP021B-R37.tsv|docs/research/CP022-P1-PFV01-D1-RESEARCH-CHECKPOINT.md|docs/research/CP023-P1-PROG01-CLAIM-SOURCE-EDGES-R3.tsv|docs/research/CP023-P1-PROG01-CLAIM-SOURCE-EDGES.tsv|docs/research/CP023-P1-PROG01-NATURAL-ATTESTATION-ADJUDICATION.md|docs/research/CP023-P1-PROG01-NOMINAL-DI-ASSOCIATIVE-SCOPE-DESIGN-R3.md|docs/research/CP023-P1-PROG01-PREDICATE-COMPATIBILITY-MATRIX-R3.tsv|docs/research/CP023-P1-PROG01-R1-RESEARCH-CHECKPOINT.md|docs/research/CP023-P1-PROG01-R2-RESEARCH-CHECKPOINT.md|docs/research/CP023-P1-PROG01-R3-RESEARCH-CHECKPOINT.md|docs/research/CP023-P1-PROG01-REMEDIATION-BLUEPRINT-R2.md|docs/research/CP023-P1-PROG01-REMEDIATION-DEPENDENCIES-R2.tsv|docs/research/CP023-P1-PROG01-SOURCE-REGISTER-R3.tsv|docs/research/CP024-P0-L45-CODE-REFERENCE-INVENTORY-R1.tsv|docs/research/CP025-P1-PFV01-EXAMPLE-ADJUDICATION-R1.tsv|docs/research/CP025-P1-PFV01-SOURCE-VERIFICATION-R1.tsv|docs/research/CP026-P1-RUL01-EXAMPLE-ADJUDICATION-R1.tsv|docs/research/CP026-P1-RUL01-IMPLEMENTATION-PROBE-R1.tsv|docs/research/CP026-P1-RUL01-PUBLIC-PANEL-R1-RESULT.md|docs/research/CP026-P1-RUL01-R1-REAUDIT-CHECKPOINT.md|docs/research/CP026-P1-RUL01-SOURCE-VERIFICATION-R1.tsv|docs/research/CP026-P1-RUL01-SPEAKER-A-FORM-R1.md|docs/research/CP032-P1-RUL01-CONTRAST-REQUIREMENTS-R1.tsv|docs/research/CP032-P1-RUL01-SURVEY-READINESS-R1.md|docs/research/CP034-P1-LOW-REFERENCE-WRAPPER-AUDIT-R1.md|docs/research/CP034-P1-LOW-REFERENCE-WRAPPER-INVENTORY-R1.tsv|docs/research/CP040-P1-FINAL-REACHABLE-WRAPPER-AUDIT-R1.md|docs/research/CP044-P1-POLITE-REQUEST-ADJUSTMENT-RECONCILIATION-R1.md|docs/research/CP045-P1-COMPARATIVE-STATIVE-RETIREMENT-R1.md|docs/research/CP053-P1-EVALUATION-WITH-DOU-SYUN-EXTERNAL-EVIDENCE-R1.md|docs/research/DIRECTIVE-SUGGESTION-PRIORITY-SOURCE-MAP-CP021B-R27.md|docs/research/ENVIRONMENTAL-LOCATIVE-FRAMES-SOURCE-MAP-CP021B-R22.md|docs/research/EVALUATION-PACKET-BLUEPRINTS-CP021B-R37.json|docs/research/FULL-REPO-SUPPORTED-PRODUCTIVE-SWEEP-R1.md|docs/research/GLOSSIKA-YUEHK-A1-DLG-002-20251207-CORPUS-INGRESS.md|docs/research/LANE-05-PERFECTIVE-COMPLETION-SOURCE-MAP-CP021B-R6.md|docs/research/LANE-05-RESULT-POTENTIAL-COMPLEMENTS-SOURCE-MAP-CP021B-R10.md|docs/research/LANE-06-NOMINAL-MODIFICATION-RELATIVES-SOURCE-MAP-CP021B-R11.md|docs/research/LANE-09-SERIAL-PURPOSE-SOURCE-MAP-CP021B-R16.md|docs/research/LANE-10-STATIVE-PREDICATION-SOURCE-MAP-CP021B-R8.md|docs/research/NOMINAL-RELATIONS-SOURCE-MAP-CP021B-R32.md|docs/research/ORPHANED-CONSTRUCTION-EVIDENCE.md|docs/research/PARSER-CONSTRUCTION-CANONICAL-CONSOLIDATION-MATRIX-CP021B-R35.tsv|docs/research/PARSER-CONSTRUCTION-SOURCE-COVERAGE-CP021B-R37.tsv|docs/research/PARSER-CONSTRUCTION-SOURCE-MATRIX-CP021B-R37.tsv|docs/research/PARSER-CONSTRUCTION-SOURCE-REGISTER-CP021B-R37.tsv|docs/research/PRQ2-002-ZOU2ZI1-HINDSIGHT-REGRET-COLLISION-AUDIT-R1.tsv|docs/research/PRQ2-002-ZOU2ZI1-HINDSIGHT-REGRET-RESEARCH-R1.md|docs/research/PRQ2-003-JYUT6-SCALAR-PROGRESSION-COLLISION-AUDIT-R1.tsv|docs/research/PRQ2-003-JYUT6-SCALAR-PROGRESSION-RESEARCH-R1.md|docs/research/PRQ2-004-CAA1DI1-NEAR-MISS-COLLISION-AUDIT-R1.tsv|docs/research/PRQ2-004-CAA1DI1-NEAR-MISS-RESEARCH-R1.md|docs/research/PRQ2-004-CAA1DI1-NEAR-MISS-SOURCE-VERIFICATION-R1.tsv|docs/research/PRQ2-005-HOI1-HABITUAL-ESTABLISHED-ACTIVITY-COLLISION-AUDIT-R1.tsv|docs/research/PRQ2-005-HOI1-HABITUAL-ESTABLISHED-ACTIVITY-RESEARCH-R1.md|docs/research/PRQ2-006-LOK6HEOI3-CONTINUATIVE-ASPECT-COLLISION-AUDIT-R1.tsv|docs/research/PRQ2-006-LOK6HEOI3-CONTINUATIVE-ASPECT-RESEARCH-R1.md|docs/research/PRQ2-008-ZI2JIU3-ZAU6-SUFFICIENT-CONDITION-COLLISION-AUDIT-R1.tsv|docs/research/PRQ2-010-CEOI4ZO2-ZI1NGOI6-EXCLUSION-ADDITION-SOURCE-VERIFICATION-R1.tsv|docs/research/PRQ2-012-JAT1HAI6-EXCLUSIVE-ALTERNATIVE-COLLISION-AUDIT-R1.tsv|docs/research/PRQ2-014-ZI2JAU5-SIN1ZI3-NECESSARY-CONDITION-COLLISION-AUDIT-R1.tsv|docs/research/PRQ2-015-MUI5-GO3GO3-DOU1-DISTRIBUTIVE-QUANTIFICATION-COLLISION-AUDIT-R1.tsv|docs/research/PRQ2-015-MUI5-GO3GO3-DOU1-DISTRIBUTIVE-QUANTIFICATION-RESEARCH-R1.md|docs/research/PRQ2-015-MUI5-GO3GO3-DOU1-DISTRIBUTIVE-QUANTIFICATION-SOURCE-VERIFICATION-R1.tsv|docs/research/PRQ2-035-NING4JYUN6-DOU1-COMMITTED-PREFERENCE-COLLISION-AUDIT-R1.tsv|docs/research/QUANTITY-SCALAR-ACTION-BOUNDARIES-SOURCE-MAP-CP021B-R29.md|docs/research/reopened-retired-labels/DiComparativeStative.md|docs/research/RETIRED-CONSTRUCTION-ARCHIVE-v0.5.186-R1.tsv|docs/research/survey-derived/HKCanCor/HKCANCOR-SV-RQ-008-010-RESEARCH-NOTE-R1.md|docs/research/survey-derived/HKCanCor/HKCANCOR-SV-RQ-008-010-REVIEWED-RESULTS-R1.json|docs/research/survey-derived/SV-RQ-001-007/SV-RQ-001-007-ATTESTATION-REGISTER-R2.json|docs/research/survey-derived/SV-RQ-001-007/SV-RQ-001-007-ROUND-1.md|docs/research/survey-derived/SV-RQ-001-007/SV-RQ-001-007-ROUND-2.md|docs/research/survey-derived/SV-RQ-008-010/SV-RQ-008-010-ROUND-2.md|docs/research/survey-derived/SV-RQ-008/SV-RQ-008-RESEARCH-NOTE.md|docs/research/survey-derived/SV-RQ-008/SV-RQ-008-SOURCE-AUDIT-R1.md|docs/research/survey-derived/SV-RQ-008/SV-RQ-008-SOURCE-LEDGER.json|docs/research/UC-RQ-001-GENERAL-ZOENG1-DISPOSAL-NATURAL-ATTESTATION-R1.tsv|docs/research/UC-RQ-001-GENERAL-ZOENG1-DISPOSAL-RESEARCH-R1.md|docs/research/UC-RQ-001-GENERAL-ZOENG1-DISPOSAL-SOURCE-VERIFICATION-R1.tsv|docs/research/UC-RQ-002-003-DOUBLE-OBJECT-HKCANCOR-CENSUS-R1.md|docs/research/UC-RQ-004-005-COMPARISON-HKCANCOR-ATTESTATION-R1.md|docs/research/UC-RQ-004-CANTONESE-EQUATIVE-COLLISION-AUDIT-R1.tsv|docs/research/UC-RQ-004-CANTONESE-EQUATIVE-CONSTRUCTION-RESEARCH-R1.md|docs/research/UC-RQ-005-GWO3-SURPASS-COMPARATIVE-COLLISION-AUDIT-R1.tsv|docs/research/UC-RQ-005-GWO3-SURPASS-COMPARATIVE-RESEARCH-R1.md|docs/research/UC-RQ-007-VERB-COPY-FOCUS-CONSTRUCTION-RESEARCH-R1.md|docs/research/UC-RQ-010-COREFERENTIAL-N-CL-N-CONSTRUCTION-RESEARCH-R1.md|docs/research/UC-RQ-014-015-SEPARABLE-COMPOUND-HKCANCOR-ATTESTATION-R1.md|docs/research/UC-RQ-018-ALTERNATIVE-QUESTION-COLLISION-AUDIT-R1.tsv|docs/research/UC-RQ-021-NEGATIVE-POLARITY-MINIMIZER-RESEARCH-R1.md|docs/research/UC-RQ-021-NEGATIVE-POLARITY-MINIMIZER-SOURCE-VERIFICATION-R1.tsv|docs/research/UC-RQ-026-DI1-DEGREE-COLLISION-AUDIT-R1.tsv|docs/research/UC-RQ-026-DI1-DEGREE-DISPOSITION-R1.md|docs/research/UC-RQ-026-DI1-DEGREE-SOURCE-VERIFICATION-R1.tsv|docs/research/UC-RQ-027-ZEOI3-SUPERLATIVE-RESEARCH-R1.md|docs/research/UC-RQ-028-DIFFERENTIAL-COMPARATIVE-COLLISION-AUDIT-R1.tsv|docs/research/UC-RQ-028-DIFFERENTIAL-COMPARATIVE-DISPOSITION-R1.md|docs/research/UC-RQ-030-SAAI3-TOTALITY-QUANTIFICATION-RESEARCH-R1.md|docs/research/UC-RQ-030-SAAI3-TOTALITY-QUANTIFICATION-SOURCE-VERIFICATION-R1.tsv|docs/research/UC-RQ-031-MAAI4-VERBAL-PARTICLE-FAMILY-RESEARCH-R1.md|docs/research/UC-RQ-031-MAAI4-VERBAL-PARTICLE-FAMILY-SOURCE-VERIFICATION-R1.tsv|docs/research/UC-RQ-033-DAK1-POSTVERBAL-CONSTRUCTION-CONTRAST-COLLISION-AUDIT-R1.tsv|docs/research/UC-RQ-033-DAK1-POSTVERBAL-CONSTRUCTION-CONTRAST-RESEARCH-R1.md|docs/research/UC-RQ-036-SEOI1JIN4-DAAN6HAI6-CONCESSIVE-RESEARCH-R1.md|docs/research/VJYUNZO-NATIVE-CONFLICT-REASSESSMENT-CP022-P1.md|docs/research/WECHAT-GX-TRAVEL-002-ADJUDICATION-REPORT.md|grammar/research_pending/CompletionVP.md|grammar/research_pending/DegreeMannerAdverbial.md|grammar/research_pending/DegreeMannerModifiedVP.md|grammar/research_pending/DiMarkedNP.md|grammar/research_pending/LocativePostureVP.md|grammar/research_pending/PerfectiveVP.md|grammar/research_pending/PostverbalZoPerfectiveVP.md|grammar/research_pending/PriorityMarkerClause.md|grammar/research_pending/ResourceUseLaiFunctionRelation.md|grammar/retired/README.md|grammar/unsupported_generalization/AssociativeNP.md|grammar/unsupported_generalization/OrdinalClassifierNP.md|grammar/unsupported_generalization/PoliteImperativeClause.md|test-data/cp021b-lx1-construction-freeze-baseline.json|test-data/CP023-P1-PROG01-lexicon-baseline-probes.tsv|test-data/CP023-P1-PROG01-nominal-design-cases-r3.tsv|test-data/CP023-P1-PROG01-nominal-prerequisite-probes.tsv|test-data/CP023-P1-PROG01-visible-research-packet.tsv|test-data/grammar-claim-source-edges-CP021A.tsv|test-data/grammar-legitimacy-source-register.tsv|test-data/grammar-source-locators-CP021A.tsv|test-data/native-speaker-naturalness-evidence-v1.json|test-data/native-speaker-naturalness-evidence-v1.tsv|test-data/natural-corpus-wechat-father-daughter-001-turns.json|test-data/natural-corpus-wechat-father-daughter-001-turns.tsv|test-data/natural-corpus-wechat-father-daughter-001-units.json|test-data/natural-corpus-wechat-father-daughter-001-units.tsv|test-data/natural-corpus-wechat-guangxi-travel-002-raw.txt|test-data/natural-corpus-wechat-guangxi-travel-002-turns.json|test-data/natural-corpus-wechat-guangxi-travel-002-turns.tsv|test-data/natural-corpus-wechat-guangxi-travel-002-units.json|test-data/natural-corpus-wechat-guangxi-travel-002-units.tsv|test-data/pre-intermediate-gold-corpus.tsv|test-data/review-only-readiness.tsv|test-data/w17-corpus-semantic-disposition.tsv|test-data/w17-functional-corpus.tsv|test-data/w17-glossika-corpus.tsv|test-data/WECHAT-GX-TRAVEL-002-ADJUDICATION-MATRIX.json|test-data/WECHAT-GX-TRAVEL-002-ADJUDICATION-MATRIX.tsv|test-data/WECHAT-GX-TRAVEL-002-LEXICON-PATCH-BLUEPRINT-R2.json|test-data/WECHAT-GX-TRAVEL-002-LEXICON-PATCH-BLUEPRINT-R2.tsv|test-data/WECHAT-GX-TRAVEL-002-LEXICON-PATCH-TEST-MATRIX-R2.tsv|test-data/WECHAT-GX-TRAVEL-002-QUEUE-D-context_disfluency_research.tsv|test-data/WECHAT-GX-TRAVEL-002-QUEUE-G-grammar_research_external_evidence.tsv|test-data/WECHAT-GX-TRAVEL-002-QUEUE-L-lexicon_jyutping_enrichment.tsv|test-data/WECHAT-GX-TRAVEL-002-QUEUE-R-accepted_behavior_regression.tsv|test-data/WECHAT-GX-TRAVEL-002-REGRESSION-REMEDIATION-READINESS-R2.json|test-data/WECHAT-GX-TRAVEL-002-REGRESSION-REMEDIATION-READINESS-R2.tsv|tests/constructions/ClauseRelationGraph.json|tests/constructions/DegreeMannerAdverbial.json|tests/constructions/DegreeMannerModifiedVP.json|tests/constructions/DiMarkedNP.json|tests/constructions/FormulaDiscourseUnit.json|tests/constructions/PerfectiveVP.json|tests/constructions/PoliteImperativeClause.json|tests/constructions/ResourceUseLaiFunctionRelation.json|tests/constructions/SerialVerbPurposeChain.json|tests/constructions/TransitiveVP.json|tests/constructions/VerbComplementVP.json|tests/fixtures/regression-snapshots.json	quantity_degree_review	REQUIRES_EXPERT_CONTEXT_REVIEW
GLOSSIKA-YUEHK-A1-DLG-011-20260215-I059	59	lexical_entry			19	文件夾	man4 gin6 gaap3	folder, file holder	sha256:702991c914277275d9df07ef518207323533f600fcebe81afe35aea71a1ff787	true			no_project_match	new_attestation					REQUIRES_EXPERT_CONTEXT_REVIEW
GLOSSIKA-YUEHK-A1-DLG-011-20260215-I060	60	lexical_entry			20	噢	o4	oh, I see	sha256:f888c82fe80ffc302d74e99c6085748556f177bab00fd6cd7e7431c43f16b14c	true			exact_duplicate_candidate	lexical_only_attestation	src/runtime-resources/lexicon/token-lexicon/degree-and-formulas.js	src/runtime-resources/lexicon/token-lexicon/degree-and-formulas.js	data/pedagogical-corpus/glossika/GLOSSIKA-YUEHK-A1-DLG-010-20260208/crosswalk.json|data/pedagogical-corpus/glossika/GLOSSIKA-YUEHK-A1-DLG-010-20260208/items.tsv|data/pedagogical-corpus/glossika/GLOSSIKA-YUEHK-A1-DLG-010-20260208/review.json|data/pedagogical-corpus/glossika/GLOSSIKA-YUEHK-A1-DLG-010-20260208/source.json	source_dialog_o5_gloss_o4_discrepancy	REQUIRES_EXPERT_CONTEXT_REVIEW
GLOSSIKA-YUEHK-A1-DLG-011-20260215-I061	61	lexical_entry			21	咁啱	gam3 ngaam1	coincidentally, it just so happens	sha256:05337659db73a59b92dc8ef620e265b31b5124daf30e413c54edc66bd267d5e3	true			exact_duplicate_candidate	exact_duplicate		src/runtime-resources/lexicon/formulas.js|src/runtime-resources/lexicon/token-lexicon/degree-and-formulas.js	data/pedagogical-corpus/glossika/GLOSSIKA-YUEHK-A1-DLG-010-20260208/crosswalk.json|data/pedagogical-corpus/glossika/GLOSSIKA-YUEHK-A1-DLG-010-20260208/items.tsv|data/pedagogical-corpus/glossika/GLOSSIKA-YUEHK-A1-DLG-010-20260208/review.json|data/pedagogical-corpus/glossika/GLOSSIKA-YUEHK-A1-DLG-010-20260208/source.json|docs/research/survey-derived/SV-RQ-001-007/SV-RQ-001-007-ATTESTATION-REGISTER-R2.json	coincidence_review	REQUIRES_EXPERT_CONTEXT_REVIEW
GLOSSIKA-YUEHK-A1-DLG-011-20260215-I062	62	lexical_entry			22	間	gaan1	[measure word for buildings/rooms]	sha256:0d2e6b50da4ae49ecc5789c5fed9233713a011d6ebb987198ffc1145b9fed91e	true			exact_duplicate_candidate	lexical_only_attestation	src/runtime-resources/lexicon/token-lexicon/referents-and-boundaries.js	src/parser/clause-relations/graph.js|src/parser/context/descriptors.js|src/parser/detectors/np/token-splits.js|src/parser/detectors/relative-clauses/clauses.js|src/parser/nodes/node-shape.js|src/plugin-entry.js|src/runtime-resources/grammar/classifier-head-rules.js|src/runtime-resources/lexicon/compositional-lexical-phrases.js|src/runtime-resources/lexicon/token-lexicon/places-and-times.js|src/runtime-resources/lexicon/token-lexicon/referents-and-boundaries.js|src/runtime-resources/lexicon/token-lexicon/things.js|src/runtime-resources/normalization/simplified-to-traditional.js	data/construction-adjudication-batches/batch-09.json|data/construction-adjudication-batches/batch-17.json|data/construction-identities.json|data/natural-corpus/wechat-father-daughter-001.txt|data/pedagogical-corpus/glossika/GLOSSIKA-YUEHK-A1-DLG-007-20260111/crosswalk.json|data/pedagogical-corpus/glossika/GLOSSIKA-YUEHK-A1-DLG-007-20260111/items.tsv|data/pedagogical-corpus/glossika/GLOSSIKA-YUEHK-A1-DLG-007-20260111/review.json|data/pedagogical-corpus/glossika/GLOSSIKA-YUEHK-A1-DLG-007-20260111/source.json|data/pedagogical-corpus/glossika/GLOSSIKA-YUEHK-A1-DLG-010-20260208/crosswalk.json|data/pedagogical-corpus/glossika/GLOSSIKA-YUEHK-A1-DLG-010-20260208/items.tsv|data/pedagogical-corpus/glossika/GLOSSIKA-YUEHK-A1-DLG-010-20260208/README.md|data/pedagogical-corpus/glossika/GLOSSIKA-YUEHK-A1-DLG-010-20260208/review.json|data/pedagogical-corpus/glossika/GLOSSIKA-YUEHK-A1-DLG-010-20260208/source.json|data/pedagogical-corpus/glossika/GLOSSIKA-YUEHK-A1-W14-20260621/items.tsv|data/pedagogical-corpus/glossika/GLOSSIKA-YUEHK-A1-W14-20260621/review.json|data/pedagogical-corpus/glossika/GLOSSIKA-YUEHK-A1-W14-20260621/source.json|data/pedagogical-corpus/glossika/GLOSSIKA-YUEHK-A1-W16-20260705/items.tsv|data/pedagogical-corpus/glossika/GLOSSIKA-YUEHK-A1-W16-20260705/review.json|data/pedagogical-corpus/glossika/GLOSSIKA-YUEHK-A1-W16-20260705/source.json|data/pedagogical-corpus/glossika/GLOSSIKA-YUEHK-A1-W17-20260712/crosswalk.json|data/pedagogical-corpus/glossika/GLOSSIKA-YUEHK-A1-W17-20260712/items.tsv|data/pedagogical-corpus/glossika/GLOSSIKA-YUEHK-A1-W17-20260712/review.json|data/pedagogical-corpus/glossika/GLOSSIKA-YUEHK-A1-W17-20260712/source.json|data/pedagogical-corpus/glossika/GLOSSIKA-YUEHK-A1-W19-20260726/crosswalk.json|data/pedagogical-corpus/glossika/GLOSSIKA-YUEHK-A1-W19-20260726/items.tsv|data/pedagogical-corpus/glossika/GLOSSIKA-YUEHK-A1-W19-20260726/review.json|data/pedagogical-corpus/glossika/GLOSSIKA-YUEHK-A1-W19-20260726/source.json|data/research-ledgers/glossika-week19-classifier-compatibility.json|data/research-ledgers/glossika-week19-lexical-numeral-candidates.json|data/research-ledgers/glossika-week19-spatial-lexical-classes.json|data/slot-model.json|docs/current/NOUN-PHRASE-SUBSYSTEM.md|docs/releases/v0.5.186-active-reaudit-closure-audit.json|docs/research/CONSTRUCTION-ADJUDICATION-BATCH-09.md|docs/research/CP021B-QUESTION-AND-DISCOVERY-PROTOCOL.md|docs/research/CP026-P1-RUL01-EXAMPLE-ADJUDICATION-R1.tsv|docs/research/CP026-P1-RUL01-IMPLEMENTATION-PROBE-R1.tsv|docs/research/CP026-P1-RUL01-R1-REAUDIT-CHECKPOINT.md|docs/research/CP026-P1-RUL01-SOURCE-VERIFICATION-R1.tsv|docs/research/CP036-P1-RESULT-CHANGE-STATE-WRAPPER-AUDIT-R1.md|docs/research/CP037-P1-NOMINAL-WRAPPER-AUDIT-R1.md|docs/research/CP037-P1-NOMINAL-WRAPPER-INVENTORY-R1.tsv|docs/research/EVALUATION-PACKET-BLUEPRINTS-CP021B-R37.json|docs/research/EVENT-MODIFICATION-REDUPLICATION-DELIMITATIVE-FAAN1-SOURCE-MAP-CP021B-R21.md|docs/research/GLOSSIKA-YUEHK-A1-DLG-010-20260208-CORPUS-INGRESS.md|docs/research/GLOSSIKA-YUEHK-A1-W19-20260726-RESEARCH.md|docs/research/LANE-06-CLASSIFIER-NP-SOURCE-MAP-CP021B-R5.md|docs/research/LANE-10-MEASURE-SCALAR-SOURCE-MAP-CP021B-R19.md|docs/research/PARSER-CONSTRUCTION-CANONICAL-CONSOLIDATION-MATRIX-CP021B-R35.tsv|docs/research/PARSER-CONSTRUCTION-INTERNAL-DISPOSITION-MATRIX-CP021B-R34.tsv|docs/research/PARSER-CONSTRUCTION-SOURCE-MATRIX-CP021B-R37.tsv|docs/research/PARSER-CONSTRUCTION-SOURCE-REGISTER-CP021B-R37.tsv|docs/research/PRQ2-001-YAU5-MOU5-DAK1-AVAILABILITY-RESEARCH-R1.md|docs/research/PRQ2-005-HOI1-HABITUAL-ESTABLISHED-ACTIVITY-COLLISION-AUDIT-R1.tsv|docs/research/PRQ2-005-HOI1-HABITUAL-ESTABLISHED-ACTIVITY-RESEARCH-R1.md|docs/research/PRQ2-005-HOI1-HABITUAL-ESTABLISHED-ACTIVITY-SOURCE-VERIFICATION-R1.tsv|docs/research/PRQ2-007-HEI2SOENG5LAI4-INCHOATIVE-ASPECT-COLLISION-AUDIT-R1.tsv|docs/research/PRQ2-007-HEI2SOENG5LAI4-INCHOATIVE-ASPECT-RESEARCH-R1.md|docs/research/PRQ2-015-MUI5-GO3GO3-DOU1-DISTRIBUTIVE-QUANTIFICATION-COLLISION-AUDIT-R1.tsv|docs/research/PRQ2-015-MUI5-GO3GO3-DOU1-DISTRIBUTIVE-QUANTIFICATION-RESEARCH-R1.md|docs/research/PRQ2-033-JAU6-JAU6-COEXISTENT-PREDICATE-COLLISION-AUDIT-R1.tsv|docs/research/RESULT-CHANGE-WRAPPERS-SOURCE-MAP-CP021B-R28.md|docs/research/survey-derived/Follow-Up/FOLLOW-UP-THREE-STUDY-EXECUTION-PLAN-R1.md|docs/research/survey-derived/Survey/SURVEY-EXPORT-2026-07-24-1538-AGGREGATE-R2.md|docs/research/survey-derived/SV-RQ-001-007/SV-RQ-001-007-ATTESTATION-REGISTER-R2.json|docs/research/survey-derived/SV-RQ-001-007/SV-RQ-001-007-FOLLOW-UP-BRIEF-R2.md|docs/research/survey-derived/SV-RQ-001-007/SV-RQ-001-007-ROUND-1.md|docs/research/survey-derived/SV-RQ-001-007/SV-RQ-001-007-ROUND-2.md|docs/research/UC-RQ-001-GENERAL-ZOENG1-DISPOSAL-RESEARCH-R1.md|docs/research/UC-RQ-002-003-DOUBLE-OBJECT-HKCANCOR-CENSUS-R1.md|docs/research/UC-RQ-024-ZI6GEI2-REFLEXIVE-BINDING-RESEARCH-R1.md|docs/research/UC-RQ-036-SEOI1JIN4-DAAN6HAI6-CONCESSIVE-RESEARCH-R1.md|docs/research/v0.5.181-RESOURCE-USE-LAI-SOURCE-MAP.md|docs/research/v0.5.182-RESOURCE-USE-LAI-NATURAL-ATTESTATION-ADJUDICATION.md|docs/research/WH-IDENTITY-NAMING-ADDRESS-SOURCE-MAP-CP021B-R20.md|grammar/research_pending/PossessiveClassifierNP.md|grammar/research_pending/ResourceUseLaiFunctionRelation.md|grammar/unsupported_generalization/ExistentialQuestion.md|grammar/unsupported_generalization/WhClassifierQuestion.md|test-data/cp021b-lx1-construction-freeze-baseline.json|test-data/grammar-claim-source-edges-CP021A.tsv|test-data/grammar-legitimacy-source-register.tsv|test-data/grammar-source-locators-CP021A.tsv|test-data/native-naturalness-conflict-dispositions.tsv|test-data/native-speaker-naturalness-evidence-v1.json|test-data/native-speaker-naturalness-evidence-v1.tsv|test-data/natural-corpus-wechat-father-daughter-001-turns.json|test-data/natural-corpus-wechat-father-daughter-001-turns.tsv|test-data/natural-corpus-wechat-father-daughter-001-units.json|test-data/natural-corpus-wechat-father-daughter-001-units.tsv|test-data/pre-intermediate-gold-corpus.tsv|test-data/review-only-readiness.tsv|test-data/w17-corpus-semantic-disposition.tsv|test-data/w17-functional-corpus.tsv|test-data/w17-glossika-corpus.tsv|tests/constructions/ChangeIntoPredicate.json|tests/constructions/ExistentialClause.json|tests/constructions/IntentionFrame.json|tests/constructions/MeasureExpression.json|tests/constructions/ModifiedNP.json|tests/constructions/NominalPredicateClause.json|tests/constructions/OvertHeadDemonstrativeClassifierNP.json|tests/constructions/QuantifiedClassifierNP.json|tests/constructions/TemporalClause.json|tests/constructions/TimeNP.json|tests/constructions/WhClassifierQuestion.json|tests/fixtures/np-subsystem.json|tests/fixtures/regression-snapshots.json	building_classifier_review	REQUIRES_EXPERT_CONTEXT_REVIEW
GLOSSIKA-YUEHK-A1-DLG-011-20260215-I063	63	lexical_entry			23	幾好	gei2 hou2	quite good, pretty good	sha256:14e295f50b80c42f7113a5b6362775050ac7bdbd451dd96a0c195b70e05b63a3	true			exact_duplicate_candidate	exact_duplicate			data/pedagogical-corpus/glossika/GLOSSIKA-YUEHK-A1-DLG-005-20251228/crosswalk.json|data/pedagogical-corpus/glossika/GLOSSIKA-YUEHK-A1-DLG-005-20251228/items.tsv|data/pedagogical-corpus/glossika/GLOSSIKA-YUEHK-A1-DLG-005-20251228/review.json|data/pedagogical-corpus/glossika/GLOSSIKA-YUEHK-A1-DLG-005-20251228/source.json|data/pedagogical-corpus/glossika/GLOSSIKA-YUEHK-A1-DLG-007-20260111/crosswalk.json|data/pedagogical-corpus/glossika/GLOSSIKA-YUEHK-A1-DLG-007-20260111/items.tsv|data/pedagogical-corpus/glossika/GLOSSIKA-YUEHK-A1-DLG-007-20260111/review.json|data/pedagogical-corpus/glossika/GLOSSIKA-YUEHK-A1-DLG-007-20260111/source.json|data/pedagogical-corpus/glossika/GLOSSIKA-YUEHK-A1-DLG-009-20260201/crosswalk.json|data/pedagogical-corpus/glossika/GLOSSIKA-YUEHK-A1-DLG-009-20260201/items.tsv|data/pedagogical-corpus/glossika/GLOSSIKA-YUEHK-A1-DLG-009-20260201/review.json|data/pedagogical-corpus/glossika/GLOSSIKA-YUEHK-A1-DLG-009-20260201/source.json|data/slot-model.json		REQUIRES_EXPERT_CONTEXT_REVIEW
GLOSSIKA-YUEHK-A1-DLG-011-20260215-I064	64	lexical_entry			24	嘅	ge3	[possessive/descriptive particle]	sha256:d7d641b8b1cebc7cec9580462d75273deb76ba140a44bc9adcec9474ed411f18	true			exact_duplicate_candidate	lexical_only_attestation	src/runtime-resources/lexicon/token-lexicon/degree-and-formulas.js	src/parser/clause-relations/conditional.js|src/parser/detectors/boundaries/fragments.js|src/parser/detectors/definition/copular-relations.js|src/parser/detectors/opinion/stance.js|src/parser/detectors/questions/a-not-a.js|src/parser/detectors/relative-clauses/clauses.js|src/parser/features/token-features.js|src/parser/tokenization/tokenize-line.js|src/plugin-entry.js|src/render/learner-display.js|src/runtime-resources/grammar/templates/category-span-templates.js|src/runtime-resources/grammar/templates/construction-templates.js|src/runtime-resources/grammar/templates/slot-generation-rules.js|src/runtime-resources/lexicon/compositional-lexical-phrases.js|src/runtime-resources/lexicon/token-lexicon/degree-and-formulas.js|src/runtime-resources/lexicon/token-lexicon/places-and-times.js|src/runtime-resources/lexicon/token-lexicon/referents-and-boundaries.js|src/runtime-resources/presentation/learner-glosses.js|src/runtime-resources/pronunciation/jyutping-review-expectations.js	data/construction-adjudication-batches/batch-05.json|data/construction-adjudication-batches/batch-10.json|data/construction-adjudication-batches/batch-13.json|data/construction-adjudication-batches/batch-16.json|data/construction-adjudications.json|data/construction-candidate-readiness.json|data/construction-identities.json|data/natural-corpus/wechat-father-daughter-001.txt|data/pedagogical-corpus/glossika/GLOSSIKA-YUEHK-A1-DLG-002-20251207/crosswalk.json|data/pedagogical-corpus/glossika/GLOSSIKA-YUEHK-A1-DLG-002-20251207/items.tsv|data/pedagogical-corpus/glossika/GLOSSIKA-YUEHK-A1-DLG-002-20251207/review.json|data/pedagogical-corpus/glossika/GLOSSIKA-YUEHK-A1-DLG-002-20251207/source.json|data/pedagogical-corpus/glossika/GLOSSIKA-YUEHK-A1-DLG-003-20251214/crosswalk.json|data/pedagogical-corpus/glossika/GLOSSIKA-YUEHK-A1-DLG-003-20251214/items.tsv|data/pedagogical-corpus/glossika/GLOSSIKA-YUEHK-A1-DLG-003-20251214/review.json|data/pedagogical-corpus/glossika/GLOSSIKA-YUEHK-A1-DLG-003-20251214/source.json|data/pedagogical-corpus/glossika/GLOSSIKA-YUEHK-A1-DLG-006-20260104/crosswalk.json|data/pedagogical-corpus/glossika/GLOSSIKA-YUEHK-A1-DLG-006-20260104/items.tsv|data/pedagogical-corpus/glossika/GLOSSIKA-YUEHK-A1-DLG-006-20260104/review.json|data/pedagogical-corpus/glossika/GLOSSIKA-YUEHK-A1-DLG-006-20260104/source.json|data/pedagogical-corpus/glossika/GLOSSIKA-YUEHK-A1-DLG-007-20260111/crosswalk.json|data/pedagogical-corpus/glossika/GLOSSIKA-YUEHK-A1-DLG-007-20260111/items.tsv|data/pedagogical-corpus/glossika/GLOSSIKA-YUEHK-A1-DLG-007-20260111/review.json|data/pedagogical-corpus/glossika/GLOSSIKA-YUEHK-A1-DLG-007-20260111/source.json|data/pedagogical-corpus/glossika/GLOSSIKA-YUEHK-A1-DLG-008-20260125/crosswalk.json|data/pedagogical-corpus/glossika/GLOSSIKA-YUEHK-A1-DLG-008-20260125/items.tsv|data/pedagogical-corpus/glossika/GLOSSIKA-YUEHK-A1-DLG-008-20260125/review.json|data/pedagogical-corpus/glossika/GLOSSIKA-YUEHK-A1-DLG-008-20260125/source.json|data/pedagogical-corpus/glossika/GLOSSIKA-YUEHK-A1-DLG-009-20260201/crosswalk.json|data/pedagogical-corpus/glossika/GLOSSIKA-YUEHK-A1-DLG-009-20260201/items.tsv|data/pedagogical-corpus/glossika/GLOSSIKA-YUEHK-A1-DLG-009-20260201/README.md|data/pedagogical-corpus/glossika/GLOSSIKA-YUEHK-A1-DLG-009-20260201/review.json|data/pedagogical-corpus/glossika/GLOSSIKA-YUEHK-A1-DLG-009-20260201/source.json|data/pedagogical-corpus/glossika/GLOSSIKA-YUEHK-A1-DLG-010-20260208/crosswalk.json|data/pedagogical-corpus/glossika/GLOSSIKA-YUEHK-A1-DLG-010-20260208/items.tsv|data/pedagogical-corpus/glossika/GLOSSIKA-YUEHK-A1-DLG-010-20260208/review.json|data/pedagogical-corpus/glossika/GLOSSIKA-YUEHK-A1-DLG-010-20260208/source.json|data/pedagogical-corpus/glossika/GLOSSIKA-YUEHK-A1-W14-20260621/items.tsv|data/pedagogical-corpus/glossika/GLOSSIKA-YUEHK-A1-W14-20260621/review.json|data/pedagogical-corpus/glossika/GLOSSIKA-YUEHK-A1-W14-20260621/source.json|data/pedagogical-corpus/glossika/GLOSSIKA-YUEHK-A1-W17-20260712/crosswalk.json|data/pedagogical-corpus/glossika/GLOSSIKA-YUEHK-A1-W17-20260712/items.tsv|data/pedagogical-corpus/glossika/GLOSSIKA-YUEHK-A1-W17-20260712/review.json|data/pedagogical-corpus/glossika/GLOSSIKA-YUEHK-A1-W17-20260712/source.json|data/pedagogical-corpus/glossika/GLOSSIKA-YUEHK-A1-W18-20260719/crosswalk.json|data/pedagogical-corpus/glossika/GLOSSIKA-YUEHK-A1-W18-20260719/items.tsv|data/pedagogical-corpus/glossika/GLOSSIKA-YUEHK-A1-W18-20260719/review.json|data/pedagogical-corpus/glossika/GLOSSIKA-YUEHK-A1-W18-20260719/source.json|data/pedagogical-corpus/glossika/GLOSSIKA-YUEHK-A1-W19-20260726/crosswalk.json|data/pedagogical-corpus/glossika/GLOSSIKA-YUEHK-A1-W19-20260726/items.tsv|data/pedagogical-corpus/glossika/GLOSSIKA-YUEHK-A1-W19-20260726/review.json|data/pedagogical-corpus/glossika/GLOSSIKA-YUEHK-A1-W19-20260726/source.json|data/research-ledgers/glossika-week14-claim-source.json|data/research-ledgers/glossika-week14-followup-candidates.json|data/research-ledgers/glossika-week18-claim-source.json|data/research-ledgers/glossika-week18-followup-candidates.json|data/research-ledgers/glossika-week19-claim-source.json|data/research-ledgers/glossika-week19-dative-audit.json|data/research-ledgers/glossika-week19-followup-candidates.json|data/research-ledgers/glossika-week19-function-word-profiles.json|data/slot-model.json|docs/current/NOUN-PHRASE-SUBSYSTEM.md|docs/research/AB30-ZO-M-HKCANCOR-CLAIM-CROSS-REFERENCE-R1.md|docs/research/AB30-ZO-R-HKCANCOR-CLAIM-CROSS-REFERENCE-R2.md|docs/research/ACTIVE-LABEL-EVIDENCE-ONTOLOGY-CLOSURE-R1.md|docs/research/ASPECTUAL-CLAUSE-WRAPPERS-SOURCE-MAP-CP021B-R24.md|docs/research/CANONICAL-TARGET-ONTOLOGY-CP021B-R35.tsv|docs/research/COGNITION-SPEECH-INTENTION-SOURCE-MAP-CP021B-R31.md|docs/research/CONDITIONAL-CLAUSE-LINKING-SOURCE-MAP-CP021B-R25.md|docs/research/CONSTRUCTION-ADJUDICATION-BATCH-01.md|docs/research/CONSTRUCTION-ADJUDICATION-BATCH-05.md|docs/research/CONSTRUCTION-ADJUDICATION-BATCH-13.md|docs/research/CONSTRUCTION-ADJUDICATION-BATCH-16.md|docs/research/CP021B-NATIVE-NATURALNESS-INGESTION.md|docs/research/CP022-IMPLEMENTATION-BACKLOG-CP021B-R37.tsv|docs/research/CP023-P1-PROG01-CLAIM-SOURCE-EDGES-R3.tsv|docs/research/CP023-P1-PROG01-CLAIM-SOURCE-EDGES.tsv|docs/research/CP023-P1-PROG01-LEXICON-JYUTPING-VERIFICATION-R2.md|docs/research/CP023-P1-PROG01-NATURAL-ATTESTATION-ADJUDICATION.md|docs/research/CP023-P1-PROG01-NOMINAL-DI-ASSOCIATIVE-SCOPE-DESIGN-R3.md|docs/research/CP023-P1-PROG01-PREDICATE-COMPATIBILITY-MATRIX-R3.tsv|docs/research/CP023-P1-PROG01-QUESTION-AND-SOURCE-FREEZE.md|docs/research/CP023-P1-PROG01-R1-RESEARCH-CHECKPOINT.md|docs/research/CP023-P1-PROG01-R2-RESEARCH-CHECKPOINT.md|docs/research/CP023-P1-PROG01-R3-RESEARCH-CHECKPOINT.md|docs/research/CP023-P1-PROG01-REMEDIATION-BLUEPRINT-R2.md|docs/research/CP023-P1-PROG01-REMEDIATION-DEPENDENCIES-R2.tsv|docs/research/CP023-P1-PROG01-SOURCE-REGISTER-R3.tsv|docs/research/CP025-P1-PFV01-CODE-DOCUMENT-COMPARISON-R1.tsv|docs/research/CP025-P1-PFV01-IMPLEMENTATION-PROBE-R1.tsv|docs/research/CP025-P1-PFV01-R1-REAUDIT-CHECKPOINT.md|docs/research/CP025-P1-PFV01-SPEAKER-A-RAW-R2.md|docs/research/CP025-P1-PFV01-SPEAKER-A-RESULT-R2.tsv|docs/research/CP026-P1-RUL01-SPEAKER-A-FORM-R1.md|docs/research/CP029-P1-PFV01-PUBLIC-PANEL-R1-RESULT.md|docs/research/CP035-P1-EXPERIENTIAL-DELIMITED-WRAPPER-AUDIT-R1.md|docs/research/CP042-P1-MANNER-ADVERBIAL-RECONCILIATION-R1.md|docs/research/CP051-P1-COPULAR-ANOTA-RECONCILIATION-R1.md|docs/research/CP055-P1-NEGATIVE-EXPERIENTIAL-RECONCILIATION-R1.md|docs/research/DORMANT-LABEL-RETIREMENT-AUDIT-v0.5.183-R1.tsv|docs/research/EVALUATION-PACKET-BLUEPRINTS-CP021B-R37.json|docs/research/GLOSSIKA-YUEHK-A1-DLG-009-20260201-CORPUS-INGRESS.md|docs/research/GLOSSIKA-YUEHK-A1-W14-20260621-RESEARCH.md|docs/research/GLOSSIKA-YUEHK-A1-W18-20260719-RESEARCH.md|docs/research/GLOSSIKA-YUEHK-A1-W19-20260726-RESEARCH.md|docs/research/LANE-03-FRAGMENTS-DISCOURSE-SOURCE-MAP-CP021B-R17.md|docs/research/LANE-03-RESIDUAL-FRAGMENT-SUBTYPES-SOURCE-MAP-CP021B-R18.md|docs/research/LANE-06-NOMINAL-MODIFICATION-RELATIVES-SOURCE-MAP-CP021B-R11.md|docs/research/NEGATION-ACCEPTABILITY-OPINION-SCHEDULING-SOURCE-MAP-CP021B-R30.md|docs/research/NOMINAL-RELATIONS-SOURCE-MAP-CP021B-R32.md|docs/research/PARSER-CONSTRUCTION-CANONICAL-CONSOLIDATION-MATRIX-CP021B-R35.tsv|docs/research/PARSER-CONSTRUCTION-INTERNAL-DISPOSITION-MATRIX-CP021B-R34.tsv|docs/research/PARSER-CONSTRUCTION-INTERNAL-PROVENANCE-REGISTER-CP021B-R37.tsv|docs/research/PARSER-CONSTRUCTION-INTERNAL-PROVENANCE-REGISTER-CP022-I1A-I04-R1.tsv|docs/research/PARSER-CONSTRUCTION-SOURCE-COVERAGE-CP021B-R37.tsv|docs/research/PARSER-CONSTRUCTION-SOURCE-MATRIX-CP021B-R37.tsv|docs/research/PARSER-CONSTRUCTION-SOURCE-REGISTER-CP021B-R37.tsv|docs/research/PRQ2-003-JYUT6-SCALAR-PROGRESSION-COLLISION-AUDIT-R1.tsv|docs/research/PRQ2-003-JYUT6-SCALAR-PROGRESSION-RESEARCH-R1.md|docs/research/PRQ2-003-JYUT6-SCALAR-PROGRESSION-SOURCE-VERIFICATION-R1.tsv|docs/research/PRQ2-004-CAA1DI1-NEAR-MISS-COLLISION-AUDIT-R1.tsv|docs/research/PRQ2-004-CAA1DI1-NEAR-MISS-RESEARCH-R1.md|docs/research/PRQ2-005-HOI1-HABITUAL-ESTABLISHED-ACTIVITY-COLLISION-AUDIT-R1.tsv|docs/research/PRQ2-005-HOI1-HABITUAL-ESTABLISHED-ACTIVITY-RESEARCH-R1.md|docs/research/PRQ2-005-HOI1-HABITUAL-ESTABLISHED-ACTIVITY-SOURCE-VERIFICATION-R1.tsv|docs/research/PRQ2-006-LOK6HEOI3-CONTINUATIVE-ASPECT-COLLISION-AUDIT-R1.tsv|docs/research/PRQ2-006-LOK6HEOI3-CONTINUATIVE-ASPECT-RESEARCH-R1.md|docs/research/PRQ2-006-LOK6HEOI3-CONTINUATIVE-ASPECT-SOURCE-VERIFICATION-R1.tsv|docs/research/PRQ2-008-ZI2JIU3-ZAU6-SUFFICIENT-CONDITION-COLLISION-AUDIT-R1.tsv|docs/research/PRQ2-008-ZI2JIU3-ZAU6-SUFFICIENT-CONDITION-RESEARCH-R1.md|docs/research/PRQ2-010-CEOI4ZO2-ZI1NGOI6-EXCLUSION-ADDITION-COLLISION-AUDIT-R1.tsv|docs/research/PRQ2-011-M4DAAN1ZI2-ZUNG6-ADDITIVE-CORRELATIVE-RESEARCH-R1.md|docs/research/PRQ2-014-ZI2JAU5-SIN1ZI3-NECESSARY-CONDITION-COLLISION-AUDIT-R1.tsv|docs/research/PRQ2-015-MUI5-GO3GO3-DOU1-DISTRIBUTIVE-QUANTIFICATION-COLLISION-AUDIT-R1.tsv|docs/research/PRQ2-015-MUI5-GO3GO3-DOU1-DISTRIBUTIVE-QUANTIFICATION-RESEARCH-R1.md|docs/research/PRQ2-035-NING4JYUN6-DOU1-COMMITTED-PREFERENCE-COLLISION-AUDIT-R1.tsv|docs/research/reopened-retired-labels/IdentificationAssertionLaiFrame.md|docs/research/RETIRED-CONSTRUCTION-ARCHIVE-v0.5.183-R1.tsv|docs/research/RETIRED-CONSTRUCTION-ARCHIVE-v0.5.186-R1.tsv|docs/research/survey-derived/Follow-Up/FOLLOW-UP-THREE-STUDY-DESIGN-SPEC-R1.json|docs/research/survey-derived/Follow-Up/FOLLOW-UP-THREE-STUDY-EXECUTION-PLAN-R1.md|docs/research/survey-derived/HKCanCor/HKCANCOR-SV-RQ-008-010-RESEARCH-NOTE-R1.md|docs/research/survey-derived/HKCanCor/HKCANCOR-SV-RQ-008-010-REVIEWED-RESULTS-R1.json|docs/research/survey-derived/Survey/SURVEY-EXPORT-2026-07-24-1538-AGGREGATE-R2.md|docs/research/survey-derived/SV-RQ-001-007/SV-RQ-001-007-ATTESTATION-REGISTER-R2.json|docs/research/survey-derived/SV-RQ-001-007/SV-RQ-001-007-BOUNDARY-MATRIX-R2.md|docs/research/survey-derived/SV-RQ-001-007/SV-RQ-001-007-ROUND-1.md|docs/research/survey-derived/SV-RQ-001-007/SV-RQ-001-007-ROUND-2.md|docs/research/UC-RQ-001-GENERAL-ZOENG1-DISPOSAL-NATURAL-ATTESTATION-R1.tsv|docs/research/UC-RQ-003-DOUBLE-OBJECT-ORDER-ALTERNATION-COLLISION-AUDIT-R1.tsv|docs/research/UC-RQ-003-DOUBLE-OBJECT-ORDER-ALTERNATION-RESEARCH-R1.md|docs/research/UC-RQ-009-ASSOCIATIVE-PLURAL-COLLISION-AUDIT-R1.tsv|docs/research/UC-RQ-009-ASSOCIATIVE-PLURAL-CONSTRUCTION-RESEARCH-R1.md|docs/research/UC-RQ-010-COREFERENTIAL-N-CL-N-COLLISION-AUDIT-R1.tsv|docs/research/UC-RQ-010-COREFERENTIAL-N-CL-N-CONSTRUCTION-RESEARCH-R1.md|docs/research/UC-RQ-016-HAI6-GE3-CLEFT-FOCUS-COLLISION-AUDIT-R1.tsv|docs/research/UC-RQ-016-HAI6-GE3-CLEFT-FOCUS-RESEARCH-R1.md|docs/research/UC-RQ-016-HAI6-GE3-CLEFT-FOCUS-SOURCE-VERIFICATION-R1.tsv|docs/research/UC-RQ-021-NEGATIVE-POLARITY-MINIMIZER-SOURCE-VERIFICATION-R1.tsv|docs/research/UC-RQ-023-GE3-NOMINALIZATION-RESEARCH-R1.md|docs/research/UC-RQ-024-ZI6GEI2-REFLEXIVE-BINDING-COLLISION-AUDIT-R1.tsv|docs/research/UC-RQ-029-ZYU6-DURATIVE-DISPOSITION-R1.md|docs/research/UC-RQ-032-MEI6-NOT-YET-NEGATION-RESEARCH-R1.md|docs/research/UC-RQ-032-MEI6-NOT-YET-NEGATION-SOURCE-VERIFICATION-R1.tsv|docs/research/UC-RQ-035-JAT1-ZAU6-IMMEDIATE-ANTERIORITY-COLLISION-AUDIT-R1.tsv|docs/research/UC-RQ-035-JAT1-ZAU6-IMMEDIATE-ANTERIORITY-RESEARCH-R1.md|docs/research/UC-RQ-038-CEOI4FEI1-EXCEPTION-CONDITIONAL-COLLISION-AUDIT-R1.tsv|docs/research/UC-RQ-038-CEOI4FEI1-EXCEPTION-CONDITIONAL-RESEARCH-R1.md|grammar/lexicalized_only/VocativeAddressTerm.md|grammar/research_pending/DegreeMannerAdverbial.md|grammar/research_pending/ExistentialWhQuestion.md|grammar/research_pending/FragmentAnswer.md|grammar/research_pending/MannerAdverbialVP.md|grammar/research_pending/NamingClause.md|grammar/research_pending/NegativeExperiential.md|grammar/research_pending/PossessiveClassifierNP.md|grammar/research_pending/PostverbalZoPerfectiveVP.md|grammar/retired/README.md|grammar/unsupported_generalization/AssociativeNP.md|grammar/unsupported_generalization/ConditionalClause.md|grammar/unsupported_generalization/CopularANotAQuestion.md|grammar/unsupported_generalization/DelimitedVP.md|grammar/unsupported_generalization/LocativeWhQuestion.md|grammar/unsupported_generalization/OpinionStanceFrame.md|grammar/unsupported_generalization/PoliteImperativeClause.md|test-data/a1-context-status-fixture.tsv|test-data/cp021b-lx1-construction-freeze-baseline.json|test-data/CP023-P1-PROG01-lexicon-baseline-probes.tsv|test-data/CP023-P1-PROG01-nominal-design-cases-r3.tsv|test-data/CP023-P1-PROG01-nominal-prerequisite-probes.tsv|test-data/CP023-P1-PROG01-visible-research-packet.tsv|test-data/grammar-legitimacy-source-register.tsv|test-data/native-speaker-naturalness-evidence-v1.json|test-data/native-speaker-naturalness-evidence-v1.tsv|test-data/natural-corpus-wechat-father-daughter-001-turns.json|test-data/natural-corpus-wechat-father-daughter-001-turns.tsv|test-data/natural-corpus-wechat-father-daughter-001-units.json|test-data/natural-corpus-wechat-father-daughter-001-units.tsv|test-data/natural-corpus-wechat-guangxi-travel-002-raw.txt|test-data/natural-corpus-wechat-guangxi-travel-002-turns.json|test-data/natural-corpus-wechat-guangxi-travel-002-turns.tsv|test-data/natural-corpus-wechat-guangxi-travel-002-units.json|test-data/natural-corpus-wechat-guangxi-travel-002-units.tsv|test-data/pre-intermediate-gold-corpus.tsv|test-data/review-only-readiness.tsv|test-data/w17-corpus-semantic-disposition.tsv|test-data/w17-functional-corpus.tsv|test-data/w17-glossika-corpus.tsv|test-data/WECHAT-GX-TRAVEL-002-ADJUDICATION-MATRIX.json|test-data/WECHAT-GX-TRAVEL-002-ADJUDICATION-MATRIX.tsv|test-data/WECHAT-GX-TRAVEL-002-QUEUE-D-context_disfluency_research.tsv|test-data/WECHAT-GX-TRAVEL-002-QUEUE-G-grammar_research_external_evidence.tsv|test-data/WECHAT-GX-TRAVEL-002-QUEUE-L-lexicon_jyutping_enrichment.tsv|tests/constructions/AssociativeNP.json|tests/constructions/ClauseRelationEdge.json|tests/constructions/ClauseRelationGraph.json|tests/constructions/ClauseRelationMemberSpan.json|tests/constructions/ClauseSpan.json|tests/constructions/ConditionalClause.json|tests/constructions/CopularANotAQuestion.json|tests/constructions/CopularRelationFrame.json|tests/constructions/CoverbFrame.json|tests/constructions/DegreeStativePredicate.json|tests/constructions/DirectionalMotionVP.json|tests/constructions/LocativePlacePhrase.json|tests/constructions/NeedsContext.json|tests/constructions/NegativeExperiential.json|tests/constructions/NominalHeadSpan.json|tests/constructions/OpinionStanceFrame.json|tests/constructions/PossessiveClassifierNP.json|tests/constructions/PostverbalZoPerfectiveVP.json|tests/constructions/ProductiveVO.json|tests/constructions/ReduplicatedVP.json|tests/constructions/RelativeClauseNP.json|tests/constructions/StativeNominalComplement.json|tests/constructions/TransitiveVP.json|tests/fixtures/np-subsystem.json|tests/fixtures/regression-snapshots.json|tests/run-regression.js|tests/tooling/corpus-review/test_aa07_hkcancor_profile.py|tests/tooling/corpus-review/test_aa91_hkcancor_profile.py	attributive_nominalizer_review	REQUIRES_EXPERT_CONTEXT_REVIEW
GLOSSIKA-YUEHK-A1-DLG-011-20260215-I065	65	lexical_entry			25	真係	zan1 hai6	really, truly	sha256:63bd7d504acb24c96cbdd54c22f93994208b7c39f80b513530379f0cd16a80e5	true			exact_duplicate_candidate	exact_duplicate			data/pedagogical-corpus/glossika/GLOSSIKA-YUEHK-A1-DLG-002-20251207/crosswalk.json|data/pedagogical-corpus/glossika/GLOSSIKA-YUEHK-A1-DLG-002-20251207/items.tsv|data/pedagogical-corpus/glossika/GLOSSIKA-YUEHK-A1-DLG-002-20251207/review.json|data/pedagogical-corpus/glossika/GLOSSIKA-YUEHK-A1-DLG-002-20251207/source.json|data/pedagogical-corpus/glossika/GLOSSIKA-YUEHK-A1-DLG-006-20260104/crosswalk.json|data/pedagogical-corpus/glossika/GLOSSIKA-YUEHK-A1-DLG-006-20260104/items.tsv|data/pedagogical-corpus/glossika/GLOSSIKA-YUEHK-A1-DLG-006-20260104/review.json|data/pedagogical-corpus/glossika/GLOSSIKA-YUEHK-A1-DLG-006-20260104/source.json|data/pedagogical-corpus/glossika/GLOSSIKA-YUEHK-A1-DLG-008-20260125/crosswalk.json|data/pedagogical-corpus/glossika/GLOSSIKA-YUEHK-A1-DLG-008-20260125/items.tsv|data/pedagogical-corpus/glossika/GLOSSIKA-YUEHK-A1-DLG-008-20260125/review.json|data/pedagogical-corpus/glossika/GLOSSIKA-YUEHK-A1-DLG-008-20260125/source.json|data/pedagogical-corpus/glossika/GLOSSIKA-YUEHK-A1-DLG-010-20260208/crosswalk.json|data/pedagogical-corpus/glossika/GLOSSIKA-YUEHK-A1-DLG-010-20260208/items.tsv|data/pedagogical-corpus/glossika/GLOSSIKA-YUEHK-A1-DLG-010-20260208/review.json|data/pedagogical-corpus/glossika/GLOSSIKA-YUEHK-A1-DLG-010-20260208/source.json|data/pedagogical-corpus/glossika/GLOSSIKA-YUEHK-A1-W14-20260621/items.tsv|data/pedagogical-corpus/glossika/GLOSSIKA-YUEHK-A1-W14-20260621/review.json|data/pedagogical-corpus/glossika/GLOSSIKA-YUEHK-A1-W14-20260621/source.json|data/pedagogical-corpus/glossika/GLOSSIKA-YUEHK-A1-W18-20260719/source.json|docs/research/GLOSSIKA-YUEHK-A1-W14-20260621-RESEARCH.md|docs/research/PRQ2-007-HEI2SOENG5LAI4-INCHOATIVE-ASPECT-COLLISION-AUDIT-R1.tsv|docs/research/PRQ2-007-HEI2SOENG5LAI4-INCHOATIVE-ASPECT-RESEARCH-R1.md|docs/research/PRQ2-010-CEOI4ZO2-ZI1NGOI6-EXCLUSION-ADDITION-SOURCE-VERIFICATION-R1.tsv|docs/research/PRQ2-035-NING4JYUN6-DOU1-COMMITTED-PREFERENCE-COLLISION-AUDIT-R1.tsv|docs/research/UC-RQ-001-GENERAL-ZOENG1-DISPOSAL-NATURAL-ATTESTATION-R1.tsv|docs/research/UC-RQ-004-005-COMPARISON-HKCANCOR-ATTESTATION-R1.md|docs/research/UC-RQ-025-NULL-ARGUMENT-ZERO-ANAPHORA-COLLISION-AUDIT-R1.tsv		REQUIRES_EXPERT_CONTEXT_REVIEW
GLOSSIKA-YUEHK-A1-DLG-011-20260215-I066	66	lexical_entry			26	喺	hai2	at, in, on (location)	sha256:596638bca11f63b471d8f213e901fa008404b5da03a1a7c1eb8e0875008ebbe1	true			exact_duplicate_candidate	lexical_only_attestation	src/runtime-resources/lexicon/token-lexicon/function-words-and-particles.js	src/parser/detectors/boundaries/needs-context.js|src/parser/detectors/coverbs/frames.js|src/parser/detectors/existential/spatial.js|src/parser/detectors/locatives/coverb-place.js|src/parser/detectors/locatives/posture.js|src/parser/detectors/motion/path-goal-source.js|src/parser/detectors/nominal-predication/clauses.js|src/parser/detectors/questions/wh-scalar.js|src/parser/terminal/particles/discourse.js|src/parser/tokenization/contextual-overrides.js|src/plugin-entry.js|src/runtime-resources/constructions/runtime-label-registry.js|src/runtime-resources/grammar/templates/category-span-templates.js|src/runtime-resources/grammar/templates/slot-generation-rules.js|src/runtime-resources/lexicon/token-lexicon/function-words-and-particles.js|src/runtime-resources/lexicon/token-lexicon/verbs.js	data/construction-adjudication-batches/batch-03.json|data/construction-adjudication-batches/batch-04.json|data/construction-adjudication-batches/batch-08.json|data/construction-adjudication-batches/batch-11.json|data/construction-adjudication-batches/batch-12.json|data/construction-candidate-readiness.json|data/construction-identities.json|data/natural-corpus/wechat-father-daughter-001.txt|data/pedagogical-corpus/glossika/GLOSSIKA-YUEHK-A1-DLG-002-20251207/crosswalk.json|data/pedagogical-corpus/glossika/GLOSSIKA-YUEHK-A1-DLG-002-20251207/items.tsv|data/pedagogical-corpus/glossika/GLOSSIKA-YUEHK-A1-DLG-002-20251207/review.json|data/pedagogical-corpus/glossika/GLOSSIKA-YUEHK-A1-DLG-002-20251207/source.json|data/pedagogical-corpus/glossika/GLOSSIKA-YUEHK-A1-DLG-007-20260111/crosswalk.json|data/pedagogical-corpus/glossika/GLOSSIKA-YUEHK-A1-DLG-007-20260111/items.tsv|data/pedagogical-corpus/glossika/GLOSSIKA-YUEHK-A1-DLG-007-20260111/review.json|data/pedagogical-corpus/glossika/GLOSSIKA-YUEHK-A1-DLG-007-20260111/source.json|data/pedagogical-corpus/glossika/GLOSSIKA-YUEHK-A1-DLG-008-20260125/crosswalk.json|data/pedagogical-corpus/glossika/GLOSSIKA-YUEHK-A1-DLG-008-20260125/items.tsv|data/pedagogical-corpus/glossika/GLOSSIKA-YUEHK-A1-DLG-008-20260125/review.json|data/pedagogical-corpus/glossika/GLOSSIKA-YUEHK-A1-DLG-008-20260125/source.json|data/pedagogical-corpus/glossika/GLOSSIKA-YUEHK-A1-DLG-009-20260201/crosswalk.json|data/pedagogical-corpus/glossika/GLOSSIKA-YUEHK-A1-DLG-009-20260201/items.tsv|data/pedagogical-corpus/glossika/GLOSSIKA-YUEHK-A1-DLG-009-20260201/review.json|data/pedagogical-corpus/glossika/GLOSSIKA-YUEHK-A1-DLG-009-20260201/source.json|data/pedagogical-corpus/glossika/GLOSSIKA-YUEHK-A1-DLG-010-20260208/crosswalk.json|data/pedagogical-corpus/glossika/GLOSSIKA-YUEHK-A1-DLG-010-20260208/items.tsv|data/pedagogical-corpus/glossika/GLOSSIKA-YUEHK-A1-DLG-010-20260208/review.json|data/pedagogical-corpus/glossika/GLOSSIKA-YUEHK-A1-DLG-010-20260208/source.json|data/pedagogical-corpus/glossika/GLOSSIKA-YUEHK-A1-W14-20260621/items.tsv|data/pedagogical-corpus/glossika/GLOSSIKA-YUEHK-A1-W14-20260621/review.json|data/pedagogical-corpus/glossika/GLOSSIKA-YUEHK-A1-W14-20260621/source.json|data/pedagogical-corpus/glossika/GLOSSIKA-YUEHK-A1-W15-20260628/items.tsv|data/pedagogical-corpus/glossika/GLOSSIKA-YUEHK-A1-W15-20260628/review.json|data/pedagogical-corpus/glossika/GLOSSIKA-YUEHK-A1-W15-20260628/source.json|data/pedagogical-corpus/glossika/GLOSSIKA-YUEHK-A1-W17-20260712/crosswalk.json|data/pedagogical-corpus/glossika/GLOSSIKA-YUEHK-A1-W17-20260712/items.tsv|data/pedagogical-corpus/glossika/GLOSSIKA-YUEHK-A1-W17-20260712/review.json|data/pedagogical-corpus/glossika/GLOSSIKA-YUEHK-A1-W17-20260712/source.json|data/pedagogical-corpus/glossika/GLOSSIKA-YUEHK-A1-W18-20260719/crosswalk.json|data/pedagogical-corpus/glossika/GLOSSIKA-YUEHK-A1-W18-20260719/items.tsv|data/pedagogical-corpus/glossika/GLOSSIKA-YUEHK-A1-W18-20260719/review.json|data/pedagogical-corpus/glossika/GLOSSIKA-YUEHK-A1-W18-20260719/source.json|data/pedagogical-corpus/glossika/GLOSSIKA-YUEHK-A1-W19-20260726/crosswalk.json|data/pedagogical-corpus/glossika/GLOSSIKA-YUEHK-A1-W19-20260726/items.tsv|data/pedagogical-corpus/glossika/GLOSSIKA-YUEHK-A1-W19-20260726/review.json|data/pedagogical-corpus/glossika/GLOSSIKA-YUEHK-A1-W19-20260726/source.json|data/research-ledgers/glossika-week14-claim-source.json|data/research-ledgers/glossika-week14-followup-candidates.json|data/research-ledgers/glossika-week15-claim-source.json|data/research-ledgers/glossika-week15-followup-candidates.json|data/research-ledgers/glossika-week18-claim-source.json|data/research-ledgers/glossika-week18-followup-candidates.json|data/research-ledgers/glossika-week19-claim-source.json|data/research-ledgers/glossika-week19-function-word-profiles.json|docs/research/COMPLEMENT-OMISSION-AND-VALENCY-SOURCE-MAP-CP021B-R26.md|docs/research/CONSTRUCTION-ADJUDICATION-BATCH-03.md|docs/research/CONSTRUCTION-ADJUDICATION-BATCH-04.md|docs/research/CONSTRUCTION-ADJUDICATION-BATCH-08.md|docs/research/CONSTRUCTION-ADJUDICATION-BATCH-11.md|docs/research/CONSTRUCTION-ADJUDICATION-BATCH-12.md|docs/research/COVERB-MANNER-EVENT-MODIFICATION-SOURCE-MAP-CP021B-R23.md|docs/research/CP021B-NATIVE-NATURALNESS-INGESTION.md|docs/research/CP022-IMPLEMENTATION-BACKLOG-CP021B-R37.tsv|docs/research/CP023-P1-PROG01-CLAIM-SOURCE-EDGES.tsv|docs/research/CP023-P1-PROG01-NATURAL-ATTESTATION-ADJUDICATION.md|docs/research/CP023-P1-PROG01-QUESTION-AND-SOURCE-FREEZE.md|docs/research/CP023-P1-PROG01-R1-RESEARCH-CHECKPOINT.md|docs/research/CP023-P1-PROG01-REMEDIATION-BLUEPRINT-R2.md|docs/research/CP023-P1-PROG01-REMEDIATION-DEPENDENCIES-R2.tsv|docs/research/CP025-P1-PFV01-SPEAKER-A-RAW-R2.md|docs/research/CP026-P1-RUL01-SOURCE-VERIFICATION-R1.tsv|docs/research/CP026-P1-RUL01-SPEAKER-A-FORM-R1.md|docs/research/CP040-P1-FINAL-REACHABLE-WRAPPER-AUDIT-R1.md|docs/research/CP061-P1-HIGH-FANOUT-BOUNDARY-CLOSURE-R1.md|docs/research/ENVIRONMENTAL-LOCATIVE-FRAMES-SOURCE-MAP-CP021B-R22.md|docs/research/EVALUATION-PACKET-BLUEPRINTS-CP021B-R37.json|docs/research/EXISTENTIAL-POSSESSIVE-AVAILABILITY-SOURCE-MAP-CP021B-R9.md|docs/research/GLOSSIKA-YUEHK-A1-W14-20260621-RESEARCH.md|docs/research/GLOSSIKA-YUEHK-A1-W15-20260628-RESEARCH.md|docs/research/GLOSSIKA-YUEHK-A1-W18-20260719-RESEARCH.md|docs/research/GLOSSIKA-YUEHK-A1-W19-20260726-RESEARCH.md|docs/research/LANE-03-FRAGMENTS-DISCOURSE-SOURCE-MAP-CP021B-R17.md|docs/research/LANE-03-RESIDUAL-FRAGMENT-SUBTYPES-SOURCE-MAP-CP021B-R18.md|docs/research/LANE-05-PROGRESSIVE-DURATIVE-EXPERIENTIAL-SOURCE-MAP-CP021B-R13.md|docs/research/LANE-09-SERIAL-PURPOSE-SOURCE-MAP-CP021B-R16.md|docs/research/LEGITIMACY-WORK-LEDGER.md|docs/research/NATIVE-CORPUS-WECHAT-GUANGXI-TRAVEL-002.md|docs/research/PARSER-CONSTRUCTION-CANONICAL-CONSOLIDATION-MATRIX-CP021B-R35.tsv|docs/research/PARSER-CONSTRUCTION-INTERNAL-DISPOSITION-MATRIX-CP021B-R34.tsv|docs/research/PARSER-CONSTRUCTION-INTERNAL-PROVENANCE-REGISTER-CP021B-R37.tsv|docs/research/PARSER-CONSTRUCTION-INTERNAL-PROVENANCE-REGISTER-CP022-I1A-I04-R1.tsv|docs/research/PARSER-CONSTRUCTION-SOURCE-COVERAGE-CP021B-R37.tsv|docs/research/PARSER-CONSTRUCTION-SOURCE-MATRIX-CP021B-R37.tsv|docs/research/PARSER-CONSTRUCTION-SOURCE-REGISTER-CP021B-R37.tsv|docs/research/PRQ2-001-YAU5-MOU5-DAK1-AVAILABILITY-RESEARCH-R1.md|docs/research/PRQ2-009-GEI3JIN4-PREMISE-RESPONSE-COLLISION-AUDIT-R1.tsv|docs/research/PRQ2-011-M4DAAN1ZI2-ZUNG6-ADDITIVE-CORRELATIVE-COLLISION-AUDIT-R1.tsv|docs/research/PRQ2-011-M4DAAN1ZI2-ZUNG6-ADDITIVE-CORRELATIVE-RESEARCH-R1.md|docs/research/PRQ2-013-JYU5KEI4-BAT1JYU4-ORDERED-PREFERENCE-COLLISION-AUDIT-R1.tsv|docs/research/PRQ2-014-ZI2JAU5-SIN1ZI3-NECESSARY-CONDITION-COLLISION-AUDIT-R1.tsv|docs/research/PRQ2-034-MOU4LEON6-DOU1-UNCONDITIONAL-COLLISION-AUDIT-R1.tsv|docs/research/PRQ2-035-NING4JYUN6-DOU1-COMMITTED-PREFERENCE-COLLISION-AUDIT-R1.tsv|docs/research/reopened-retired-labels/TemporalAdverbialClause.md|docs/research/survey-derived/Follow-Up/FOLLOW-UP-THREE-STUDY-DESIGN-SPEC-R1.json|docs/research/survey-derived/Follow-Up/FOLLOW-UP-THREE-STUDY-EXECUTION-PLAN-R1.md|docs/research/survey-derived/HKCanCor/hkcancor_svrq_008_010_extract.py|docs/research/survey-derived/HKCanCor/HKCANCOR-SV-RQ-008-010-API-QUERY-MANIFEST.md|docs/research/survey-derived/HKCanCor/HKCANCOR-SV-RQ-008-010-RESEARCH-NOTE-R1.md|docs/research/survey-derived/HKCanCor/HKCANCOR-SV-RQ-008-010-REVIEWED-RESULTS-R1.json|docs/research/survey-derived/SV-RQ-001-007/SV-RQ-001-007-ATTESTATION-REGISTER-R2.json|docs/research/survey-derived/SV-RQ-008-010/SV-RQ-008-010-BOUNDARY-MATRIX-R2.md|docs/research/survey-derived/SV-RQ-008-010/SV-RQ-008-010-FOLLOW-UP-BRIEF-R2.md|docs/research/survey-derived/SV-RQ-008-010/SV-RQ-008-010-ROUND-2.md|docs/research/survey-derived/SV-RQ-008-010/SV-RQ-008-010-SOURCE-LEDGER-R2.json|docs/research/survey-derived/SV-RQ-009-012/SV-RQ-009-012-ROUND-1.md|docs/research/survey-derived/SV-RQ-009-012/SV-RQ-009-012-SOURCE-LEDGER.json|docs/research/TEMPORAL-EXPRESSIONS-SOURCE-MAP-CP021B-R12.md|docs/research/UC-RQ-001-GENERAL-ZOENG1-DISPOSAL-RESEARCH-R1.md|docs/research/UC-RQ-018-ALTERNATIVE-QUESTION-COLLISION-AUDIT-R1.tsv|docs/research/UC-RQ-018-ALTERNATIVE-QUESTION-SOURCE-VERIFICATION-R1.tsv|docs/research/UC-RQ-025-NULL-ARGUMENT-ZERO-ANAPHORA-COLLISION-AUDIT-R1.tsv|docs/research/UC-RQ-025-NULL-ARGUMENT-ZERO-ANAPHORA-RESEARCH-R1.md|docs/research/UC-RQ-026-DI1-DEGREE-DISPOSITION-R1.md|docs/research/UC-RQ-027-ZEOI3-SUPERLATIVE-RESEARCH-R1.md|docs/research/UC-RQ-027-ZEOI3-SUPERLATIVE-SOURCE-VERIFICATION-R1.tsv|docs/research/UC-RQ-029-ZYU6-DURATIVE-COLLISION-AUDIT-R1.tsv|docs/research/UC-RQ-029-ZYU6-DURATIVE-DISPOSITION-R1.md|docs/research/WECHAT-GX-TRAVEL-002-ADJUDICATION-REPORT.md|docs/research/WH-IDENTITY-NAMING-ADDRESS-SOURCE-MAP-CP021B-R20.md|grammar/research_pending/DegreeMannerAdverbial.md|grammar/research_pending/DegreeMannerModifiedVP.md|grammar/research_pending/LocativePostureVP.md|grammar/research_pending/ProgressiveVP.md|grammar/research_pending/ResourceUseLaiFunctionRelation.md|grammar/research_pending/TimeNP.md|grammar/unsupported_generalization/IntransitiveVP.md|grammar/unsupported_generalization/LocativePlacePhrase.md|grammar/unsupported_generalization/LocativeWhQuestion.md|test-data/a1-context-status-fixture.tsv|test-data/cp021b-lx1-construction-freeze-baseline.json|test-data/CP023-P1-PROG01-visible-research-packet.tsv|test-data/grammar-claim-source-edges-CP021A.tsv|test-data/grammar-legitimacy-source-register.tsv|test-data/grammar-source-locators-CP021A.tsv|test-data/native-speaker-naturalness-evidence-v1.json|test-data/native-speaker-naturalness-evidence-v1.tsv|test-data/natural-corpus-wechat-father-daughter-001-turns.json|test-data/natural-corpus-wechat-father-daughter-001-turns.tsv|test-data/natural-corpus-wechat-father-daughter-001-units.json|test-data/natural-corpus-wechat-father-daughter-001-units.tsv|test-data/natural-corpus-wechat-guangxi-travel-002-raw.txt|test-data/natural-corpus-wechat-guangxi-travel-002-turns.json|test-data/natural-corpus-wechat-guangxi-travel-002-turns.tsv|test-data/natural-corpus-wechat-guangxi-travel-002-units.json|test-data/natural-corpus-wechat-guangxi-travel-002-units.tsv|test-data/pre-intermediate-gold-corpus.tsv|test-data/review-only-readiness.tsv|test-data/w17-corpus-semantic-disposition.tsv|test-data/w17-functional-corpus.tsv|test-data/w17-glossika-corpus.tsv|test-data/w17-grammar-phrases.tsv|test-data/w17-lexicon-role-review.tsv|test-data/w17-lexicon.tsv|test-data/WECHAT-GX-TRAVEL-002-ADJUDICATION-MATRIX.json|test-data/WECHAT-GX-TRAVEL-002-ADJUDICATION-MATRIX.tsv|test-data/WECHAT-GX-TRAVEL-002-LEXICON-PATCH-BLUEPRINT-R2.json|test-data/WECHAT-GX-TRAVEL-002-LEXICON-PATCH-BLUEPRINT-R2.tsv|test-data/WECHAT-GX-TRAVEL-002-LEXICON-PATCH-TEST-MATRIX-R2.tsv|test-data/WECHAT-GX-TRAVEL-002-QUEUE-G-grammar_research_external_evidence.tsv|test-data/WECHAT-GX-TRAVEL-002-QUEUE-L-lexicon_jyutping_enrichment.tsv|test-data/WECHAT-GX-TRAVEL-002-QUEUE-R-accepted_behavior_regression.tsv|test-data/WECHAT-GX-TRAVEL-002-REGRESSION-REMEDIATION-READINESS-R2.json|test-data/WECHAT-GX-TRAVEL-002-REGRESSION-REMEDIATION-READINESS-R2.tsv|tests/constructions/ClauseRelationEdge.json|tests/constructions/ClauseRelationGraph.json|tests/constructions/ClauseRelationMemberSpan.json|tests/constructions/ClauseSpan.json|tests/constructions/CognitionContentFrame.json|tests/constructions/CoverbFrame.json|tests/constructions/DegreeMannerModifiedVP.json|tests/constructions/DirectionalMotionVP.json|tests/constructions/ExistentialClause.json|tests/constructions/ExistentialPresentationalClause.json|tests/constructions/LocativeExistentialClause.json|tests/constructions/LocativePlacePhrase.json|tests/constructions/LocativePostureVP.json|tests/constructions/LocativeWhQuestion.json|tests/constructions/MalformedCandidate.json|tests/constructions/ModifiedNP.json|tests/constructions/MotionGoalVP.json|tests/constructions/NeedsContext.json|tests/constructions/PathPhrase.json|tests/constructions/ProductiveVO.json|tests/constructions/RelativeClauseNP.json|tests/constructions/SourceMotionClause.json|tests/fixtures/boundary-closure-v1.json|tests/fixtures/regression-snapshots.json	locative_review	REQUIRES_EXPERT_CONTEXT_REVIEW
GLOSSIKA-YUEHK-A1-DLG-011-20260215-I067	67	lexical_entry			27	超級市場	ciu1 kap1 si5 coeng4	supermarket	sha256:fe12a5d60a52d7a9d2463791fa6ad630591a86b25cb3ba804a55058124b4a1b6	true			no_project_match	new_attestation					REQUIRES_EXPERT_CONTEXT_REVIEW
GLOSSIKA-YUEHK-A1-DLG-011-20260215-I068	68	lexical_entry			28	隔離	gaak3 lei4	next to, next door	sha256:ded22b830302e12cedf9b49b0f8c244407117f91384bdb874c96028c281b626a	true			exact_duplicate_candidate	exact_duplicate			data/pedagogical-corpus/glossika/GLOSSIKA-YUEHK-A1-DLG-009-20260201/crosswalk.json|data/pedagogical-corpus/glossika/GLOSSIKA-YUEHK-A1-DLG-009-20260201/items.tsv|data/pedagogical-corpus/glossika/GLOSSIKA-YUEHK-A1-DLG-009-20260201/review.json|data/pedagogical-corpus/glossika/GLOSSIKA-YUEHK-A1-DLG-009-20260201/source.json	adjacency_localizer_review	REQUIRES_EXPERT_CONTEXT_REVIEW
GLOSSIKA-YUEHK-A1-DLG-011-20260215-I069	69	lexical_entry			29	近	kan5	close, near	sha256:fed251e239be521dc5c21dfd28e0a3b1692b008a9d883701a6711d61c2c8c8d6	true			exact_duplicate_candidate	lexical_only_attestation	src/runtime-resources/lexicon/token-lexicon/statives.js	src/parser/detectors/questions/wh-scalar.js|src/parser/features/token-features.js|src/runtime-resources/grammar/templates/slot-generation-rules.js|src/runtime-resources/lexicon/token-lexicon/referents-and-boundaries.js|src/runtime-resources/lexicon/token-lexicon/statives.js|src/runtime-resources/lexicon/token-lexicon/study-suite.js	data/construction-adjudication-batches/batch-13.json|data/pedagogical-corpus/glossika/GLOSSIKA-YUEHK-A1-DLG-007-20260111/crosswalk.json|data/pedagogical-corpus/glossika/GLOSSIKA-YUEHK-A1-DLG-007-20260111/items.tsv|data/pedagogical-corpus/glossika/GLOSSIKA-YUEHK-A1-DLG-007-20260111/review.json|data/pedagogical-corpus/glossika/GLOSSIKA-YUEHK-A1-DLG-007-20260111/source.json|data/pedagogical-corpus/glossika/GLOSSIKA-YUEHK-A1-W15-20260628/items.tsv|data/pedagogical-corpus/glossika/GLOSSIKA-YUEHK-A1-W15-20260628/review.json|data/pedagogical-corpus/glossika/GLOSSIKA-YUEHK-A1-W15-20260628/source.json|data/pedagogical-corpus/glossika/GLOSSIKA-YUEHK-A1-W17-20260712/crosswalk.json|data/pedagogical-corpus/glossika/GLOSSIKA-YUEHK-A1-W17-20260712/items.tsv|data/pedagogical-corpus/glossika/GLOSSIKA-YUEHK-A1-W17-20260712/review.json|data/pedagogical-corpus/glossika/GLOSSIKA-YUEHK-A1-W17-20260712/source.json|data/pedagogical-corpus/glossika/GLOSSIKA-YUEHK-A1-W18-20260719/crosswalk.json|data/pedagogical-corpus/glossika/GLOSSIKA-YUEHK-A1-W18-20260719/items.tsv|data/pedagogical-corpus/glossika/GLOSSIKA-YUEHK-A1-W18-20260719/review.json|data/pedagogical-corpus/glossika/GLOSSIKA-YUEHK-A1-W18-20260719/source.json|data/pedagogical-corpus/glossika/GLOSSIKA-YUEHK-A1-W19-20260726/crosswalk.json|data/pedagogical-corpus/glossika/GLOSSIKA-YUEHK-A1-W19-20260726/items.tsv|data/pedagogical-corpus/glossika/GLOSSIKA-YUEHK-A1-W19-20260726/review.json|data/pedagogical-corpus/glossika/GLOSSIKA-YUEHK-A1-W19-20260726/source.json|data/research-ledgers/glossika-week15-lexical-ingress.json|data/research-ledgers/glossika-week18-temporal-lexicon.json|data/research-ledgers/glossika-week19-lexical-numeral-candidates.json|data/research-ledgers/glossika-week19-spatial-lexical-classes.json|data/slot-model.json|docs/research/CONSTRUCTION-ADJUDICATION-BATCH-13.md|docs/research/CP053-P1-EVALUATION-WITH-DOU-SYUN-EXTERNAL-EVIDENCE-R1.md|docs/research/EVALUATION-PACKET-BLUEPRINTS-CP021B-R37.json|docs/research/GLOSSIKA-YUEHK-A1-W15-20260628-RESEARCH.md|docs/research/GLOSSIKA-YUEHK-A1-W18-20260719-RESEARCH.md|docs/research/GLOSSIKA-YUEHK-A1-W19-20260726-RESEARCH.md|docs/research/PARSER-CONSTRUCTION-CANONICAL-CONSOLIDATION-MATRIX-CP021B-R35.tsv|docs/research/UC-RQ-027-ZEOI3-SUPERLATIVE-COLLISION-AUDIT-R1.tsv|docs/research/UC-RQ-027-ZEOI3-SUPERLATIVE-RESEARCH-R1.md|docs/research/UC-RQ-036-SEOI1JIN4-DAAN6HAI6-CONCESSIVE-RESEARCH-R1.md|docs/research/WECHAT-GX-TRAVEL-002-ADJUDICATION-REPORT.md|docs/research/WECHAT-GX-TRAVEL-002-LEXICON-JYUTPING-VERIFICATION-R2.md|test-data/cp021b-lx1-construction-freeze-baseline.json|test-data/native-speaker-naturalness-evidence-v1.json|test-data/native-speaker-naturalness-evidence-v1.tsv|test-data/natural-corpus-wechat-guangxi-travel-002-raw.txt|test-data/natural-corpus-wechat-guangxi-travel-002-turns.json|test-data/natural-corpus-wechat-guangxi-travel-002-turns.tsv|test-data/natural-corpus-wechat-guangxi-travel-002-units.json|test-data/natural-corpus-wechat-guangxi-travel-002-units.tsv|test-data/review-only-readiness.tsv|test-data/w17-corpus-semantic-disposition.tsv|test-data/w17-functional-corpus.tsv|test-data/w17-glossika-corpus.tsv|test-data/w17-naturalized-alternatives.tsv|test-data/WECHAT-GX-TRAVEL-002-ADJUDICATION-MATRIX.json|test-data/WECHAT-GX-TRAVEL-002-ADJUDICATION-MATRIX.tsv|test-data/WECHAT-GX-TRAVEL-002-LEXICON-JYUTPING-READINESS-R1.json|test-data/WECHAT-GX-TRAVEL-002-LEXICON-JYUTPING-READINESS-R1.tsv|test-data/WECHAT-GX-TRAVEL-002-LEXICON-JYUTPING-VERIFICATION-R2.json|test-data/WECHAT-GX-TRAVEL-002-LEXICON-JYUTPING-VERIFICATION-R2.tsv|test-data/WECHAT-GX-TRAVEL-002-QUEUE-D-context_disfluency_research.tsv|test-data/WECHAT-GX-TRAVEL-002-QUEUE-G-grammar_research_external_evidence.tsv|test-data/WECHAT-GX-TRAVEL-002-QUEUE-L-lexicon_jyutping_enrichment.tsv|tests/constructions/ClauseRelationGraph.json|tests/constructions/ClauseSpan.json|tests/constructions/DegreeStativePredicate.json|tests/constructions/FormulaDiscourseUnit.json|tests/constructions/ModifierNP.json|tests/constructions/StativePredicate.json|tests/fixtures/regression-snapshots.json	source_dialog_gan6_gloss_kan5_discrepancy	REQUIRES_EXPERT_CONTEXT_REVIEW
GLOSSIKA-YUEHK-A1-DLG-011-20260215-I070	70	lexical_entry			30	㗎	gaa3	[assertive particle]	sha256:ec8d1ac60dfdef3acfd450d154f91d8c5d5032e440a9e1461838cf29cec9fc1d	true			exact_duplicate_candidate	lexical_only_attestation	src/runtime-resources/lexicon/token-lexicon/degree-and-formulas.js	src/parser/detectors/definition/copular-relations.js|src/runtime-resources/constructions/runtime-label-registry.js|src/runtime-resources/grammar/ordered-particle-clusters.js|src/runtime-resources/grammar/templates/category-span-templates.js|src/runtime-resources/lexicon/token-lexicon/degree-and-formulas.js|src/runtime-resources/presentation/learner-glosses.js	data/construction-adjudication-batches/batch-18.json|data/construction-candidate-readiness.json|data/construction-identities.json|data/natural-corpus/wechat-father-daughter-001.txt|data/pedagogical-corpus/glossika/GLOSSIKA-YUEHK-A1-DLG-002-20251207/crosswalk.json|data/pedagogical-corpus/glossika/GLOSSIKA-YUEHK-A1-DLG-002-20251207/items.tsv|data/pedagogical-corpus/glossika/GLOSSIKA-YUEHK-A1-DLG-002-20251207/review.json|data/pedagogical-corpus/glossika/GLOSSIKA-YUEHK-A1-DLG-002-20251207/source.json|data/pedagogical-corpus/glossika/GLOSSIKA-YUEHK-A1-DLG-003-20251214/crosswalk.json|data/pedagogical-corpus/glossika/GLOSSIKA-YUEHK-A1-DLG-003-20251214/items.tsv|data/pedagogical-corpus/glossika/GLOSSIKA-YUEHK-A1-DLG-003-20251214/review.json|data/pedagogical-corpus/glossika/GLOSSIKA-YUEHK-A1-DLG-003-20251214/source.json|data/pedagogical-corpus/glossika/GLOSSIKA-YUEHK-A1-DLG-004-20251221/crosswalk.json|data/pedagogical-corpus/glossika/GLOSSIKA-YUEHK-A1-DLG-004-20251221/items.tsv|data/pedagogical-corpus/glossika/GLOSSIKA-YUEHK-A1-DLG-004-20251221/review.json|data/pedagogical-corpus/glossika/GLOSSIKA-YUEHK-A1-DLG-004-20251221/source.json|data/pedagogical-corpus/glossika/GLOSSIKA-YUEHK-A1-DLG-005-20251228/crosswalk.json|data/pedagogical-corpus/glossika/GLOSSIKA-YUEHK-A1-DLG-005-20251228/items.tsv|data/pedagogical-corpus/glossika/GLOSSIKA-YUEHK-A1-DLG-005-20251228/review.json|data/pedagogical-corpus/glossika/GLOSSIKA-YUEHK-A1-DLG-005-20251228/source.json|data/pedagogical-corpus/glossika/GLOSSIKA-YUEHK-A1-DLG-006-20260104/crosswalk.json|data/pedagogical-corpus/glossika/GLOSSIKA-YUEHK-A1-DLG-006-20260104/items.tsv|data/pedagogical-corpus/glossika/GLOSSIKA-YUEHK-A1-DLG-006-20260104/review.json|data/pedagogical-corpus/glossika/GLOSSIKA-YUEHK-A1-DLG-006-20260104/source.json|data/pedagogical-corpus/glossika/GLOSSIKA-YUEHK-A1-DLG-008-20260125/crosswalk.json|data/pedagogical-corpus/glossika/GLOSSIKA-YUEHK-A1-DLG-008-20260125/items.tsv|data/pedagogical-corpus/glossika/GLOSSIKA-YUEHK-A1-DLG-008-20260125/review.json|data/pedagogical-corpus/glossika/GLOSSIKA-YUEHK-A1-DLG-008-20260125/source.json|data/pedagogical-corpus/glossika/GLOSSIKA-YUEHK-A1-DLG-010-20260208/crosswalk.json|data/pedagogical-corpus/glossika/GLOSSIKA-YUEHK-A1-DLG-010-20260208/items.tsv|data/pedagogical-corpus/glossika/GLOSSIKA-YUEHK-A1-DLG-010-20260208/review.json|data/pedagogical-corpus/glossika/GLOSSIKA-YUEHK-A1-DLG-010-20260208/source.json|data/pedagogical-corpus/glossika/GLOSSIKA-YUEHK-A1-W14-20260621/items.tsv|data/pedagogical-corpus/glossika/GLOSSIKA-YUEHK-A1-W14-20260621/review.json|data/pedagogical-corpus/glossika/GLOSSIKA-YUEHK-A1-W14-20260621/source.json|data/pedagogical-corpus/glossika/GLOSSIKA-YUEHK-A1-W18-20260719/crosswalk.json|data/pedagogical-corpus/glossika/GLOSSIKA-YUEHK-A1-W18-20260719/items.tsv|data/pedagogical-corpus/glossika/GLOSSIKA-YUEHK-A1-W18-20260719/review.json|data/pedagogical-corpus/glossika/GLOSSIKA-YUEHK-A1-W18-20260719/source.json|data/pedagogical-corpus/glossika/GLOSSIKA-YUEHK-A1-W19-20260726/crosswalk.json|data/pedagogical-corpus/glossika/GLOSSIKA-YUEHK-A1-W19-20260726/items.tsv|data/pedagogical-corpus/glossika/GLOSSIKA-YUEHK-A1-W19-20260726/review.json|data/pedagogical-corpus/glossika/GLOSSIKA-YUEHK-A1-W19-20260726/source.json|data/research-ledgers/glossika-week14-claim-source.json|data/research-ledgers/glossika-week19-claim-source.json|data/research-ledgers/glossika-week19-followup-candidates.json|data/research-ledgers/glossika-week19-particle-boundaries.json|docs/research/CONSTRUCTION-ADJUDICATION-BATCH-18.md|docs/research/CP026-P1-RUL01-IMPLEMENTATION-PROBE-R1.tsv|docs/research/CP026-P1-RUL01-SPEAKER-A-FORM-R1.md|docs/research/CP032-P1-RUL01-CONTRAST-REQUIREMENTS-R1.tsv|docs/research/CP034-P1-LOW-REFERENCE-WRAPPER-AUDIT-R1.md|docs/research/CP034-P1-LOW-REFERENCE-WRAPPER-INVENTORY-R1.tsv|docs/research/CP039-P1-EVALUATION-SCALAR-QUESTION-WRAPPER-AUDIT-R1.md|docs/research/CP053-P1-EVALUATION-WITH-DOU-SYUN-EXTERNAL-EVIDENCE-R1.md|docs/research/CP061-P1-HIGH-FANOUT-BOUNDARY-CLOSURE-R1.md|docs/research/EVALUATION-PACKET-BLUEPRINTS-CP021B-R37.json|docs/research/GLOSSIKA-YUEHK-A1-DLG-002-20251207-CORPUS-INGRESS.md|docs/research/GLOSSIKA-YUEHK-A1-W14-20260621-RESEARCH.md|docs/research/GLOSSIKA-YUEHK-A1-W18-20260719-RESEARCH.md|docs/research/GLOSSIKA-YUEHK-A1-W19-20260726-RESEARCH.md|docs/research/NATIVE-CORPUS-WECHAT-GUANGXI-TRAVEL-002.md|docs/research/PARSER-CONSTRUCTION-CANONICAL-CONSOLIDATION-MATRIX-CP021B-R35.tsv|docs/research/PARSER-CONSTRUCTION-INTERNAL-DISPOSITION-MATRIX-CP021B-R34.tsv|docs/research/PARSER-CONSTRUCTION-SOURCE-MATRIX-CP021B-R37.tsv|docs/research/PARSER-CONSTRUCTION-SOURCE-REGISTER-CP021B-R37.tsv|docs/research/PRQ2-001-YAU5-MOU5-DAK1-AVAILABILITY-COLLISION-AUDIT-R1.tsv|docs/research/PRQ2-001-YAU5-MOU5-DAK1-AVAILABILITY-RESEARCH-R1.md|docs/research/PRQ2-005-HOI1-HABITUAL-ESTABLISHED-ACTIVITY-COLLISION-AUDIT-R1.tsv|docs/research/PRQ2-005-HOI1-HABITUAL-ESTABLISHED-ACTIVITY-RESEARCH-R1.md|docs/research/PRQ2-006-LOK6HEOI3-CONTINUATIVE-ASPECT-COLLISION-AUDIT-R1.tsv|docs/research/PRQ2-006-LOK6HEOI3-CONTINUATIVE-ASPECT-RESEARCH-R1.md|docs/research/PRQ2-006-LOK6HEOI3-CONTINUATIVE-ASPECT-SOURCE-VERIFICATION-R1.tsv|docs/research/PRQ2-007-HEI2SOENG5LAI4-INCHOATIVE-ASPECT-COLLISION-AUDIT-R1.tsv|docs/research/PRQ2-007-HEI2SOENG5LAI4-INCHOATIVE-ASPECT-RESEARCH-R1.md|docs/research/PRQ2-010-CEOI4ZO2-ZI1NGOI6-EXCLUSION-ADDITION-COLLISION-AUDIT-R1.tsv|docs/research/PRQ2-014-ZI2JAU5-SIN1ZI3-NECESSARY-CONDITION-COLLISION-AUDIT-R1.tsv|docs/research/reopened-retired-labels/IdentificationAssertionLaiFrame.md|docs/research/reopened-retired-labels/IdentityWhQuestion.md|docs/research/REPRESENTATION-HEURISTIC-AUDIT-CP021B-R34.md|docs/research/RETIRED-CONSTRUCTION-ARCHIVE-v0.5.186-R1.tsv|docs/research/survey-derived/Follow-Up/FOLLOW-UP-THREE-STUDY-DESIGN-SPEC-R1.json|docs/research/survey-derived/Follow-Up/FOLLOW-UP-THREE-STUDY-EXECUTION-PLAN-R1.md|docs/research/survey-derived/SURVEY-DERIVED-ROUND-1-COVERAGE.md|docs/research/survey-derived/Survey/SURVEY-EXPORT-2026-07-24-1538-AGGREGATE-R2.md|docs/research/survey-derived/Survey/SURVEY-EXPORT-2026-07-24-1538-AGGREGATE-SUMMARY-R2.json|docs/research/survey-derived/SV-RQ-001-007/SV-RQ-001-007-ATTESTATION-REGISTER-R2.json|docs/research/survey-derived/SV-RQ-001-007/SV-RQ-001-007-ROUND-1.md|docs/research/survey-derived/SV-RQ-001-007/SV-RQ-001-007-ROUND-2.md|docs/research/survey-derived/SV-RQ-009-012/SV-RQ-009-012-ROUND-1.md|docs/research/UC-RQ-011-GAA3-COLLISION-AUDIT-R1.tsv|docs/research/UC-RQ-011-GAA3-CONSTRUCTION-FAMILY-RESEARCH-R1.md|docs/research/UC-RQ-016-HAI6-GE3-CLEFT-FOCUS-COLLISION-AUDIT-R1.tsv|docs/research/UC-RQ-016-HAI6-GE3-CLEFT-FOCUS-RESEARCH-R1.md|docs/research/UC-RQ-018-ALTERNATIVE-QUESTION-RESEARCH-R1.md|docs/research/UC-RQ-037-ZAU6SYUN3-DOU1-SCALAR-CONCESSIVE-RESEARCH-R1.md|docs/research/WECHAT-GX-TRAVEL-002-ADJUDICATION-REPORT.md|docs/research/WECHAT-GX-TRAVEL-002-REGRESSION-REMEDIATION-READINESS-R2.md|docs/research/WH-IDENTITY-NAMING-ADDRESS-SOURCE-MAP-CP021B-R20.md|grammar/research_pending/NominalPredicateClause.md|grammar/retired/README.md|test-data/cp021b-lx1-construction-freeze-baseline.json|test-data/native-speaker-naturalness-evidence-v1.json|test-data/native-speaker-naturalness-evidence-v1.tsv|test-data/natural-corpus-wechat-father-daughter-001-turns.json|test-data/natural-corpus-wechat-father-daughter-001-turns.tsv|test-data/natural-corpus-wechat-father-daughter-001-units.json|test-data/natural-corpus-wechat-father-daughter-001-units.tsv|test-data/natural-corpus-wechat-guangxi-travel-002-turns.json|test-data/natural-corpus-wechat-guangxi-travel-002-turns.tsv|test-data/natural-corpus-wechat-guangxi-travel-002-units.json|test-data/natural-corpus-wechat-guangxi-travel-002-units.tsv|test-data/WECHAT-GX-TRAVEL-002-ADJUDICATION-MATRIX.json|test-data/WECHAT-GX-TRAVEL-002-ADJUDICATION-MATRIX.tsv|test-data/WECHAT-GX-TRAVEL-002-LEXICON-PATCH-BLUEPRINT-R2.json|test-data/WECHAT-GX-TRAVEL-002-LEXICON-PATCH-BLUEPRINT-R2.tsv|test-data/WECHAT-GX-TRAVEL-002-LEXICON-PATCH-TEST-MATRIX-R2.tsv|test-data/WECHAT-GX-TRAVEL-002-QUEUE-D-context_disfluency_research.tsv|test-data/WECHAT-GX-TRAVEL-002-QUEUE-G-grammar_research_external_evidence.tsv|test-data/WECHAT-GX-TRAVEL-002-QUEUE-L-lexicon_jyutping_enrichment.tsv|test-data/WECHAT-GX-TRAVEL-002-QUEUE-R-accepted_behavior_regression.tsv|test-data/WECHAT-GX-TRAVEL-002-REGRESSION-REMEDIATION-READINESS-R2.json|test-data/WECHAT-GX-TRAVEL-002-REGRESSION-REMEDIATION-READINESS-R2.tsv|tests/constructions/ANotAQuestion.json|tests/constructions/ClauseSpan.json|tests/constructions/DirectionalMotionVP.json|tests/constructions/DiscourseParticleFrame.json|tests/constructions/ExistentialWhQuestion.json|tests/constructions/ModifiedNP.json|tests/constructions/MotionGoalVP.json|tests/constructions/NeedsContext.json|tests/constructions/NominalHeadSpan.json|tests/constructions/PolarQuestionFrame.json|tests/fixtures/regression-snapshots.json	particle_gloss_review	REQUIRES_EXPERT_CONTEXT_REVIEW
GLOSSIKA-YUEHK-A1-DLG-011-20260215-I071	71	lexical_entry			31	好	hou2	good, very	sha256:be3d8bfb89772411bf8503312e0cb88c11a695b53f40634ef54c892ac2d33e43	true			exact_duplicate_candidate	lexical_only_attestation	src/runtime-resources/lexicon/token-lexicon/degree-and-formulas.js	src/parser/analyze-line.js|src/parser/clause-relations/graph.js|src/parser/context/descriptors.js|src/parser/detectors/aspect/composition.js|src/parser/detectors/boundaries/needs-context.js|src/parser/detectors/discourse/formula-responses.js|src/parser/detectors/imperatives/clauses.js|src/parser/detectors/modality/intention-preference.js|src/parser/detectors/np/token-splits.js|src/parser/detectors/opinion/stance.js|src/parser/detectors/transfer/passive-permissive.js|src/parser/features/token-features.js|src/parser/orchestration/wrap-predicate.js|src/parser/tokenization/contextual-overrides.js|src/parser/tokenization/lexical-selection.js|src/parser/tokenization/tokenize-line.js|src/plugin-entry.js|src/runtime-resources/constructions/runtime-label-registry.js|src/runtime-resources/grammar/templates/category-span-templates.js|src/runtime-resources/grammar/templates/construction-templates.js|src/runtime-resources/grammar/templates/slot-generation-rules.js|src/runtime-resources/lexicon/compositional-lexical-phrases.js|src/runtime-resources/lexicon/formulas.js|src/runtime-resources/lexicon/token-lexicon/degree-and-formulas.js|src/runtime-resources/lexicon/token-lexicon/function-words-and-particles.js|src/runtime-resources/lexicon/token-lexicon/referents-and-boundaries.js|src/runtime-resources/lexicon/token-lexicon/statives.js|src/runtime-resources/lexicon/token-lexicon/things.js|src/runtime-resources/lexicon/token-lexicon/verbs.js|src/runtime-resources/presentation/learner-glosses.js|src/runtime-resources/pronunciation/jyutping-review-expectations.js	data/construction-adjudication-batches/batch-02.json|data/construction-adjudication-batches/batch-05.json|data/construction-adjudication-batches/batch-08.json|data/construction-adjudication-batches/batch-11.json|data/construction-adjudication-batches/batch-13.json|data/construction-adjudication-batches/batch-15.json|data/construction-candidate-readiness.json|data/construction-identities.json|data/natural-corpus/wechat-father-daughter-001.txt|data/pedagogical-corpus/glossika/GLOSSIKA-YUEHK-A1-DLG-002-20251207/crosswalk.json|data/pedagogical-corpus/glossika/GLOSSIKA-YUEHK-A1-DLG-002-20251207/items.tsv|data/pedagogical-corpus/glossika/GLOSSIKA-YUEHK-A1-DLG-002-20251207/review.json|data/pedagogical-corpus/glossika/GLOSSIKA-YUEHK-A1-DLG-002-20251207/source.json|data/pedagogical-corpus/glossika/GLOSSIKA-YUEHK-A1-DLG-003-20251214/crosswalk.json|data/pedagogical-corpus/glossika/GLOSSIKA-YUEHK-A1-DLG-003-20251214/items.tsv|data/pedagogical-corpus/glossika/GLOSSIKA-YUEHK-A1-DLG-003-20251214/review.json|data/pedagogical-corpus/glossika/GLOSSIKA-YUEHK-A1-DLG-003-20251214/source.json|data/pedagogical-corpus/glossika/GLOSSIKA-YUEHK-A1-DLG-004-20251221/crosswalk.json|data/pedagogical-corpus/glossika/GLOSSIKA-YUEHK-A1-DLG-004-20251221/items.tsv|data/pedagogical-corpus/glossika/GLOSSIKA-YUEHK-A1-DLG-004-20251221/review.json|data/pedagogical-corpus/glossika/GLOSSIKA-YUEHK-A1-DLG-004-20251221/source.json|data/pedagogical-corpus/glossika/GLOSSIKA-YUEHK-A1-DLG-005-20251228/crosswalk.json|data/pedagogical-corpus/glossika/GLOSSIKA-YUEHK-A1-DLG-005-20251228/items.tsv|data/pedagogical-corpus/glossika/GLOSSIKA-YUEHK-A1-DLG-005-20251228/review.json|data/pedagogical-corpus/glossika/GLOSSIKA-YUEHK-A1-DLG-005-20251228/source.json|data/pedagogical-corpus/glossika/GLOSSIKA-YUEHK-A1-DLG-006-20260104/crosswalk.json|data/pedagogical-corpus/glossika/GLOSSIKA-YUEHK-A1-DLG-006-20260104/items.tsv|data/pedagogical-corpus/glossika/GLOSSIKA-YUEHK-A1-DLG-006-20260104/review.json|data/pedagogical-corpus/glossika/GLOSSIKA-YUEHK-A1-DLG-006-20260104/source.json|data/pedagogical-corpus/glossika/GLOSSIKA-YUEHK-A1-DLG-007-20260111/crosswalk.json|data/pedagogical-corpus/glossika/GLOSSIKA-YUEHK-A1-DLG-007-20260111/items.tsv|data/pedagogical-corpus/glossika/GLOSSIKA-YUEHK-A1-DLG-007-20260111/review.json|data/pedagogical-corpus/glossika/GLOSSIKA-YUEHK-A1-DLG-007-20260111/source.json|data/pedagogical-corpus/glossika/GLOSSIKA-YUEHK-A1-DLG-008-20260125/crosswalk.json|data/pedagogical-corpus/glossika/GLOSSIKA-YUEHK-A1-DLG-008-20260125/items.tsv|data/pedagogical-corpus/glossika/GLOSSIKA-YUEHK-A1-DLG-008-20260125/review.json|data/pedagogical-corpus/glossika/GLOSSIKA-YUEHK-A1-DLG-008-20260125/source.json|data/pedagogical-corpus/glossika/GLOSSIKA-YUEHK-A1-DLG-009-20260201/crosswalk.json|data/pedagogical-corpus/glossika/GLOSSIKA-YUEHK-A1-DLG-009-20260201/items.tsv|data/pedagogical-corpus/glossika/GLOSSIKA-YUEHK-A1-DLG-009-20260201/review.json|data/pedagogical-corpus/glossika/GLOSSIKA-YUEHK-A1-DLG-009-20260201/source.json|data/pedagogical-corpus/glossika/GLOSSIKA-YUEHK-A1-DLG-010-20260208/crosswalk.json|data/pedagogical-corpus/glossika/GLOSSIKA-YUEHK-A1-DLG-010-20260208/items.tsv|data/pedagogical-corpus/glossika/GLOSSIKA-YUEHK-A1-DLG-010-20260208/review.json|data/pedagogical-corpus/glossika/GLOSSIKA-YUEHK-A1-DLG-010-20260208/source.json|data/pedagogical-corpus/glossika/GLOSSIKA-YUEHK-A1-W14-20260621/items.tsv|data/pedagogical-corpus/glossika/GLOSSIKA-YUEHK-A1-W14-20260621/review.json|data/pedagogical-corpus/glossika/GLOSSIKA-YUEHK-A1-W14-20260621/source.json|data/pedagogical-corpus/glossika/GLOSSIKA-YUEHK-A1-W16-20260705/items.tsv|data/pedagogical-corpus/glossika/GLOSSIKA-YUEHK-A1-W16-20260705/review.json|data/pedagogical-corpus/glossika/GLOSSIKA-YUEHK-A1-W16-20260705/source.json|data/pedagogical-corpus/glossika/GLOSSIKA-YUEHK-A1-W17-20260712/crosswalk.json|data/pedagogical-corpus/glossika/GLOSSIKA-YUEHK-A1-W17-20260712/items.tsv|data/pedagogical-corpus/glossika/GLOSSIKA-YUEHK-A1-W17-20260712/review.json|data/pedagogical-corpus/glossika/GLOSSIKA-YUEHK-A1-W17-20260712/source.json|data/pedagogical-corpus/glossika/GLOSSIKA-YUEHK-A1-W18-20260719/crosswalk.json|data/pedagogical-corpus/glossika/GLOSSIKA-YUEHK-A1-W18-20260719/items.tsv|data/pedagogical-corpus/glossika/GLOSSIKA-YUEHK-A1-W18-20260719/review.json|data/pedagogical-corpus/glossika/GLOSSIKA-YUEHK-A1-W18-20260719/source.json|data/pedagogical-corpus/glossika/GLOSSIKA-YUEHK-A1-W19-20260726/crosswalk.json|data/pedagogical-corpus/glossika/GLOSSIKA-YUEHK-A1-W19-20260726/items.tsv|data/pedagogical-corpus/glossika/GLOSSIKA-YUEHK-A1-W19-20260726/review.json|data/pedagogical-corpus/glossika/GLOSSIKA-YUEHK-A1-W19-20260726/source.json|data/research-ledgers/glossika-week14-claim-source.json|data/research-ledgers/glossika-week14-followup-candidates.json|data/research-ledgers/glossika-week18-claim-source.json|data/research-ledgers/glossika-week18-followup-candidates.json|data/slot-model.json|docs/releases/v0.5.210-scalar-evaluation-reconciliation-audit.json|docs/releases/v0.5.212-negated-lexicalized-stative-retirement-audit.json|docs/research/AB30-CORPUS-CANDIDATE-REVIEW-R1.md|docs/research/AB30-ZO-M-HKCANCOR-CLAIM-CROSS-REFERENCE-R1.md|docs/research/CONSTRUCTION-ADJUDICATION-BATCH-02.md|docs/research/CONSTRUCTION-ADJUDICATION-BATCH-05.md|docs/research/CONSTRUCTION-ADJUDICATION-BATCH-08.md|docs/research/CONSTRUCTION-ADJUDICATION-BATCH-11.md|docs/research/CONSTRUCTION-ADJUDICATION-BATCH-13.md|docs/research/CONSTRUCTION-ADJUDICATION-BATCH-15.md|docs/research/CP022-IMPLEMENTATION-BACKLOG-CP021B-R37.tsv|docs/research/CP023-P1-PROG01-LEXICON-JYUTPING-VERIFICATION-R2.md|docs/research/CP023-P1-PROG01-NATURAL-ATTESTATION-ADJUDICATION.md|docs/research/CP023-P1-PROG01-PREDICATE-COMPATIBILITY-MATRIX-R3.tsv|docs/research/CP023-P1-PROG01-QUESTION-AND-SOURCE-FREEZE.md|docs/research/CP023-P1-PROG01-R1-RESEARCH-CHECKPOINT.md|docs/research/CP023-P1-PROG01-REMEDIATION-BLUEPRINT-R2.md|docs/research/CP023-P1-PROG01-REMEDIATION-DEPENDENCIES-R2.tsv|docs/research/CP023-P1-PROG01-SOURCE-REGISTER-R3.tsv|docs/research/CP025-P1-PFV01-EXAMPLE-ADJUDICATION-R1.tsv|docs/research/CP025-P1-PFV01-SPEAKER-A-RAW-R2.md|docs/research/CP036-P1-RESULT-CHANGE-STATE-WRAPPER-AUDIT-R1.md|docs/research/CP036-P1-RESULT-CHANGE-STATE-WRAPPER-INVENTORY-R1.tsv|docs/research/CP039-P1-EVALUATION-SCALAR-QUESTION-WRAPPER-AUDIT-R1.md|docs/research/CP040-P1-FINAL-REACHABLE-WRAPPER-AUDIT-R1.md|docs/research/CP040-P1-FINAL-REACHABLE-WRAPPER-INVENTORY-R1.tsv|docs/research/CP047-P1-DEGREE-MODIFIED-LEXICAL-STATIVE-RECONCILIATION-R1.md|docs/research/CP053-P1-EVALUATION-WITH-DOU-SYUN-EXTERNAL-EVIDENCE-R1.md|docs/research/CP054-P1-SCALAR-EVALUATION-RECONCILIATION-R1.md|docs/research/CP056-P1-NEGATED-LEXICALIZED-STATIVE-RETIREMENT-R1.md|docs/research/CP057-P1-NEGATED-STATIVE-PREDICATE-RECONCILIATION-R1.md|docs/research/CP061-P1-HIGH-FANOUT-BOUNDARY-CLOSURE-R1.md|docs/research/DIRECTIVE-SUGGESTION-PRIORITY-SOURCE-MAP-CP021B-R27.md|docs/research/DORMANT-LABEL-RETIREMENT-AUDIT-v0.5.183-R1.tsv|docs/research/ENVIRONMENTAL-LOCATIVE-FRAMES-SOURCE-MAP-CP021B-R22.md|docs/research/EVALUATION-PACKET-BLUEPRINTS-CP021B-R37.json|docs/research/EVENT-MODIFICATION-REDUPLICATION-DELIMITATIVE-FAAN1-SOURCE-MAP-CP021B-R21.md|docs/research/GLOSSIKA-YUEHK-A1-DLG-003-20251214-CORPUS-INGRESS.md|docs/research/GLOSSIKA-YUEHK-A1-W14-20260621-RESEARCH.md|docs/research/GLOSSIKA-YUEHK-A1-W18-20260719-RESEARCH.md|docs/research/LANE-03-FRAGMENTS-DISCOURSE-SOURCE-MAP-CP021B-R17.md|docs/research/LANE-03-RESIDUAL-FRAGMENT-SUBTYPES-SOURCE-MAP-CP021B-R18.md|docs/research/LANE-05-RESULT-POTENTIAL-COMPLEMENTS-SOURCE-MAP-CP021B-R10.md|docs/research/LANE-06-NOMINAL-MODIFICATION-RELATIVES-SOURCE-MAP-CP021B-R11.md|docs/research/LANE-10-MEASURE-SCALAR-SOURCE-MAP-CP021B-R19.md|docs/research/LANE-10-STATIVE-PREDICATION-SOURCE-MAP-CP021B-R8.md|docs/research/MODAL-DESIDERATIVE-PREFERENCE-SOURCE-MAP-CP021B-R14.md|docs/research/NATIVE-CORPUS-WECHAT-GUANGXI-TRAVEL-002.md|docs/research/NEGATION-ACCEPTABILITY-OPINION-SCHEDULING-SOURCE-MAP-CP021B-R30.md|docs/research/PARSER-CONSTRUCTION-CANONICAL-CONSOLIDATION-MATRIX-CP021B-R35.tsv|docs/research/PARSER-CONSTRUCTION-INTERNAL-PROVENANCE-REGISTER-CP021B-R37.tsv|docs/research/PARSER-CONSTRUCTION-INTERNAL-PROVENANCE-REGISTER-CP022-I1A-I04-R1.tsv|docs/research/PARSER-CONSTRUCTION-SOURCE-COVERAGE-CP021B-R37.tsv|docs/research/PARSER-CONSTRUCTION-SOURCE-MATRIX-CP021B-R37.tsv|docs/research/PARSER-CONSTRUCTION-SOURCE-REGISTER-CP021B-R37-ADDITIONS.tsv|docs/research/PARSER-CONSTRUCTION-SOURCE-REGISTER-CP021B-R37.tsv|docs/research/PRQ2-002-ZOU2ZI1-HINDSIGHT-REGRET-COLLISION-AUDIT-R1.tsv|docs/research/PRQ2-002-ZOU2ZI1-HINDSIGHT-REGRET-RESEARCH-R1.md|docs/research/PRQ2-002-ZOU2ZI1-HINDSIGHT-REGRET-SOURCE-VERIFICATION-R1.tsv|docs/research/PRQ2-003-JYUT6-SCALAR-PROGRESSION-COLLISION-AUDIT-R1.tsv|docs/research/PRQ2-003-JYUT6-SCALAR-PROGRESSION-RESEARCH-R1.md|docs/research/PRQ2-005-HOI1-HABITUAL-ESTABLISHED-ACTIVITY-COLLISION-AUDIT-R1.tsv|docs/research/PRQ2-005-HOI1-HABITUAL-ESTABLISHED-ACTIVITY-RESEARCH-R1.md|docs/research/PRQ2-005-HOI1-HABITUAL-ESTABLISHED-ACTIVITY-SOURCE-VERIFICATION-R1.tsv|docs/research/PRQ2-007-HEI2SOENG5LAI4-INCHOATIVE-ASPECT-COLLISION-AUDIT-R1.tsv|docs/research/PRQ2-007-HEI2SOENG5LAI4-INCHOATIVE-ASPECT-RESEARCH-R1.md|docs/research/PRQ2-007-HEI2SOENG5LAI4-INCHOATIVE-ASPECT-SOURCE-VERIFICATION-R1.tsv|docs/research/PRQ2-010-CEOI4ZO2-ZI1NGOI6-EXCLUSION-ADDITION-COLLISION-AUDIT-R1.tsv|docs/research/PRQ2-014-ZI2JAU5-SIN1ZI3-NECESSARY-CONDITION-COLLISION-AUDIT-R1.tsv|docs/research/PRQ2-015-MUI5-GO3GO3-DOU1-DISTRIBUTIVE-QUANTIFICATION-COLLISION-AUDIT-R1.tsv|docs/research/PRQ2-015-MUI5-GO3GO3-DOU1-DISTRIBUTIVE-QUANTIFICATION-RESEARCH-R1.md|docs/research/PRQ2-015-MUI5-GO3GO3-DOU1-DISTRIBUTIVE-QUANTIFICATION-SOURCE-VERIFICATION-R1.tsv|docs/research/PRQ2-034-MOU4LEON6-DOU1-UNCONDITIONAL-RESEARCH-R1.md|docs/research/PRQ2-035-NING4JYUN6-DOU1-COMMITTED-PREFERENCE-COLLISION-AUDIT-R1.tsv|docs/research/PRQ2-035-NING4JYUN6-DOU1-COMMITTED-PREFERENCE-RESEARCH-R1.md|docs/research/PRQ2-035-NING4JYUN6-DOU1-COMMITTED-PREFERENCE-SOURCE-VERIFICATION-R1.tsv|docs/research/QUANTITY-SCALAR-ACTION-BOUNDARIES-SOURCE-MAP-CP021B-R29.md|docs/research/RESULT-CHANGE-WRAPPERS-SOURCE-MAP-CP021B-R28.md|docs/research/RETIRED-CONSTRUCTION-ARCHIVE-v0.5.183-R1.tsv|docs/research/RETIRED-CONSTRUCTION-ARCHIVE-v0.5.186-R1.tsv|docs/research/survey-derived/HKCanCor/HKCANCOR-SV-RQ-008-010-RESEARCH-NOTE-R1.md|docs/research/survey-derived/HKCanCor/HKCANCOR-SV-RQ-008-010-REVIEWED-RESULTS-R1.json|docs/research/survey-derived/SV-RQ-001-007/SV-RQ-001-007-ATTESTATION-REGISTER-R2.json|docs/research/survey-derived/SV-RQ-001-007/SV-RQ-001-007-ROUND-2.md|docs/research/survey-derived/SV-RQ-008-010/SV-RQ-008-010-ROUND-2.md|docs/research/survey-derived/SV-RQ-008-010/SV-RQ-008-010-SOURCE-LEDGER-R2.json|docs/research/survey-derived/SV-RQ-008/SV-RQ-008-RESEARCH-NOTE.md|docs/research/survey-derived/SV-RQ-008/SV-RQ-008-SOURCE-AUDIT-R1.md|docs/research/survey-derived/SV-RQ-008/SV-RQ-008-SOURCE-LEDGER.json|docs/research/UC-RQ-001-GENERAL-ZOENG1-DISPOSAL-NATURAL-ATTESTATION-R1.tsv|docs/research/UC-RQ-002-003-DOUBLE-OBJECT-HKCANCOR-CENSUS-R1.md|docs/research/UC-RQ-003-DOUBLE-OBJECT-ORDER-ALTERNATION-COLLISION-AUDIT-R1.tsv|docs/research/UC-RQ-003-DOUBLE-OBJECT-ORDER-ALTERNATION-RESEARCH-R1.md|docs/research/UC-RQ-004-005-COMPARISON-HKCANCOR-ATTESTATION-R1.md|docs/research/UC-RQ-004-CANTONESE-EQUATIVE-COLLISION-AUDIT-R1.tsv|docs/research/UC-RQ-004-CANTONESE-EQUATIVE-CONSTRUCTION-RESEARCH-R1.md|docs/research/UC-RQ-004-CANTONESE-EQUATIVE-SOURCE-VERIFICATION-R1.tsv|docs/research/UC-RQ-005-GWO3-SURPASS-COMPARATIVE-COLLISION-AUDIT-R1.tsv|docs/research/UC-RQ-005-GWO3-SURPASS-COMPARATIVE-RESEARCH-R1.md|docs/research/UC-RQ-005-GWO3-SURPASS-COMPARATIVE-SOURCE-VERIFICATION-R1.tsv|docs/research/UC-RQ-014-015-SEPARABLE-COMPOUND-HKCANCOR-ATTESTATION-R1.md|docs/research/UC-RQ-019-CLAUSE-FINAL-TAG-QUESTION-RESEARCH-R1.md|docs/research/UC-RQ-019-CLAUSE-FINAL-TAG-QUESTION-SOURCE-VERIFICATION-R1.tsv|docs/research/UC-RQ-026-DI1-DEGREE-COLLISION-AUDIT-R1.tsv|docs/research/UC-RQ-026-DI1-DEGREE-DISPOSITION-R1.md|docs/research/UC-RQ-027-ZEOI3-SUPERLATIVE-COLLISION-AUDIT-R1.tsv|docs/research/UC-RQ-027-ZEOI3-SUPERLATIVE-RESEARCH-R1.md|docs/research/UC-RQ-029-ZYU6-DURATIVE-DISPOSITION-R1.md|docs/research/UC-RQ-033-DAK1-POSTVERBAL-CONSTRUCTION-CONTRAST-RESEARCH-R1.md|docs/research/UC-RQ-033-DAK1-POSTVERBAL-CONSTRUCTION-CONTRAST-SOURCE-VERIFICATION-R1.tsv|docs/research/UC-RQ-035-JAT1-ZAU6-IMMEDIATE-ANTERIORITY-RESEARCH-R1.md|docs/research/UC-RQ-036-SEOI1JIN4-DAAN6HAI6-CONCESSIVE-RESEARCH-R1.md|docs/research/UC-RQ-036-SEOI1JIN4-DAAN6HAI6-CONCESSIVE-SOURCE-VERIFICATION-R1.tsv|docs/research/UC-RQ-037-ZAU6SYUN3-DOU1-SCALAR-CONCESSIVE-RESEARCH-R1.md|docs/research/UC-RQ-038-CEOI4FEI1-EXCEPTION-CONDITIONAL-RESEARCH-R1.md|docs/research/UC-RQ-038-CEOI4FEI1-EXCEPTION-CONDITIONAL-SOURCE-VERIFICATION-R1.tsv|docs/research/UC-RQ-040-AA3-WO3-BO3-STANCE-PARTICLE-CONTRAST-RESEARCH-R1.md|docs/research/WECHAT-GX-TRAVEL-002-ADJUDICATION-REPORT.md|docs/research/WECHAT-GX-TRAVEL-002-CLAIM-SOURCE-EDGES-R1.tsv|docs/research/WECHAT-GX-TRAVEL-002-LEXICON-JYUTPING-READINESS-R1.md|docs/research/WECHAT-GX-TRAVEL-002-LEXICON-JYUTPING-VERIFICATION-R2.md|docs/research/WECHAT-GX-TRAVEL-002-PRIORITY-GRAMMAR-RESEARCH-R1.md|grammar/lexicalized_only/FormulaDiscourseUnit.md|grammar/research_pending/DegreeModifiedLexicalStative.md|grammar/research_pending/DegreeStativePredicate.md|grammar/research_pending/ExistentialClause.md|grammar/research_pending/ExistentialPresentationalClause.md|grammar/research_pending/ImpersonalEnvironmentalClause.md|grammar/research_pending/NegatedStativePredicate.md|grammar/research_pending/PerfectiveVP.md|grammar/research_pending/ProhibitiveImperative.md|grammar/research_pending/ScalarEvaluation.md|grammar/retired/README.md|grammar/unsupported_generalization/QuantifiedPersonNP.md|grammar/unsupported_generalization/RestorativeComplementVP.md|grammar/unsupported_generalization/SuggestionQuestion.md|test-data/a1-context-status-fixture.tsv|test-data/cp021b-lx1-construction-freeze-baseline.json|test-data/CP023-P1-PROG01-lexicon-baseline-probes.tsv|test-data/CP023-P1-PROG01-visible-research-packet.tsv|test-data/native-naturalness-conflict-dispositions.tsv|test-data/native-speaker-naturalness-evidence-v1.json|test-data/native-speaker-naturalness-evidence-v1.tsv|test-data/natural-corpus-wechat-father-daughter-001-turns.json|test-data/natural-corpus-wechat-father-daughter-001-turns.tsv|test-data/natural-corpus-wechat-father-daughter-001-units.json|test-data/natural-corpus-wechat-father-daughter-001-units.tsv|test-data/natural-corpus-wechat-guangxi-travel-002-raw.txt|test-data/natural-corpus-wechat-guangxi-travel-002-turns.json|test-data/natural-corpus-wechat-guangxi-travel-002-turns.tsv|test-data/natural-corpus-wechat-guangxi-travel-002-units.json|test-data/natural-corpus-wechat-guangxi-travel-002-units.tsv|test-data/pre-intermediate-gold-corpus.tsv|test-data/review-only-readiness.tsv|test-data/w17-corpus-semantic-disposition.tsv|test-data/w17-functional-corpus.tsv|test-data/w17-glossika-corpus.tsv|test-data/w17-grammar-phrases.tsv|test-data/w17-lexicon-role-review.tsv|test-data/w17-lexicon.tsv|test-data/w17-naturalized-alternatives.tsv|test-data/WECHAT-GX-TRAVEL-002-ADJUDICATION-MATRIX.json|test-data/WECHAT-GX-TRAVEL-002-ADJUDICATION-MATRIX.tsv|test-data/WECHAT-GX-TRAVEL-002-CONTROLLED-CONTRASTS-R1.tsv|test-data/WECHAT-GX-TRAVEL-002-LEXICON-JYUTPING-READINESS-R1.json|test-data/WECHAT-GX-TRAVEL-002-LEXICON-JYUTPING-READINESS-R1.tsv|test-data/WECHAT-GX-TRAVEL-002-LEXICON-JYUTPING-VERIFICATION-R2.json|test-data/WECHAT-GX-TRAVEL-002-LEXICON-JYUTPING-VERIFICATION-R2.tsv|test-data/WECHAT-GX-TRAVEL-002-LEXICON-PATCH-BLUEPRINT-R2.json|test-data/WECHAT-GX-TRAVEL-002-LEXICON-PATCH-BLUEPRINT-R2.tsv|test-data/WECHAT-GX-TRAVEL-002-LEXICON-PATCH-TEST-MATRIX-R2.tsv|test-data/WECHAT-GX-TRAVEL-002-LEXICON-SOURCE-REGISTER-R2.tsv|test-data/WECHAT-GX-TRAVEL-002-QUEUE-D-context_disfluency_research.tsv|test-data/WECHAT-GX-TRAVEL-002-QUEUE-G-grammar_research_external_evidence.tsv|test-data/WECHAT-GX-TRAVEL-002-QUEUE-L-lexicon_jyutping_enrichment.tsv|test-data/WECHAT-GX-TRAVEL-002-QUEUE-R-accepted_behavior_regression.tsv|test-data/WECHAT-GX-TRAVEL-002-REGRESSION-REMEDIATION-READINESS-R2.json|test-data/WECHAT-GX-TRAVEL-002-REGRESSION-REMEDIATION-READINESS-R2.tsv|tests/constructions/ClauseRelationEdge.json|tests/constructions/ClauseRelationGraph.json|tests/constructions/ClauseRelationMemberSpan.json|tests/constructions/ClauseSpan.json|tests/constructions/CognitionStatementClause.json|tests/constructions/CompletionVP.json|tests/constructions/ConditionalClause.json|tests/constructions/CopularIdentificationFrame.json|tests/constructions/DegreeModifiedLexicalStative.json|tests/constructions/DegreeStativePredicate.json|tests/constructions/DelimitedVP.json|tests/constructions/DiscourseParticleFrame.json|tests/constructions/ExistentialPresentationalClause.json|tests/constructions/ExperientialClause.json|tests/constructions/FormulaDiscourseUnit.json|tests/constructions/ImpersonalEnvironmentalClause.json|tests/constructions/IntransitiveVP.json|tests/constructions/LexicalGiveRelation.json|tests/constructions/LocativeFrameClause.json|tests/constructions/MalformedCandidate.json|tests/constructions/MannerAdverbialVP.json|tests/constructions/ModifierNP.json|tests/constructions/NegatedExistentialClause.json|tests/constructions/NegatedExistentialFragment.json|tests/constructions/NegatedStativePredicate.json|tests/constructions/NegatedVP.json|tests/constructions/NominalPredicateClause.json|tests/constructions/OpinionStanceFrame.json|tests/constructions/PerfectiveVP.json|tests/constructions/ProductiveVO.json|tests/constructions/ProgressiveVP.json|tests/constructions/ProhibitiveImperative.json|tests/constructions/QuantifiedPersonNP.json|tests/constructions/ReduplicatedVP.json|tests/constructions/RelativeClauseNP.json|tests/constructions/ReportedSpeech.json|tests/constructions/RestorativeComplementVP.json|tests/constructions/ResultComplement.json|tests/constructions/ResultComplementVP.json|tests/constructions/ScalarValueQuestion.json|tests/constructions/TemporalClause.json|tests/constructions/TopicComment.json|tests/constructions/TransitiveVP.json|tests/fixtures/boundary-closure-v1.json|tests/fixtures/regression-snapshots.json|tests/tooling/corpus-review/test_aa91_hkcancor_profile.py|tests/tooling/corpus-review/workbench.test.js|tests/tooling/runtime/generated-bundle.test.js		REQUIRES_EXPERT_CONTEXT_REVIEW
GLOSSIKA-YUEHK-A1-DLG-011-20260215-I072	72	lexical_entry			32	你	nei5	you	sha256:1689ce6434da331d45d3f86fec1e251f95483d7f5f2dcfbede447060f12814e4	true			exact_duplicate_candidate	lexical_only_attestation	src/runtime-resources/lexicon/token-lexicon/people-and-address.js	src/parser/context/descriptors.js|src/parser/detectors/boundaries/needs-context.js|src/parser/detectors/discourse/priority.js|src/parser/detectors/np/core.js|src/parser/detectors/questions/a-not-a.js|src/parser/detectors/transfer/lexical-give.js|src/plugin-entry.js|src/runtime-resources/lexicon/compositional-lexical-phrases.js|src/runtime-resources/lexicon/formulas.js|src/runtime-resources/lexicon/token-lexicon/degree-and-formulas.js|src/runtime-resources/lexicon/token-lexicon/people-and-address.js|src/runtime-resources/presentation/learner-glosses.js|src/runtime-resources/pronunciation/jyutping-review-expectations.js	data/construction-adjudication-batches/batch-03.json|data/construction-adjudication-batches/batch-05.json|data/construction-adjudication-batches/batch-08.json|data/construction-adjudication-batches/batch-09.json|data/construction-adjudication-batches/batch-10.json|data/construction-adjudication-batches/batch-11.json|data/construction-adjudication-batches/batch-13.json|data/construction-adjudication-batches/batch-17.json|data/construction-adjudication-batches/batch-18.json|data/construction-identities.json|data/natural-corpus/wechat-father-daughter-001.txt|data/pedagogical-corpus/glossika/GLOSSIKA-YUEHK-A1-DLG-002-20251207/crosswalk.json|data/pedagogical-corpus/glossika/GLOSSIKA-YUEHK-A1-DLG-002-20251207/items.tsv|data/pedagogical-corpus/glossika/GLOSSIKA-YUEHK-A1-DLG-002-20251207/review.json|data/pedagogical-corpus/glossika/GLOSSIKA-YUEHK-A1-DLG-002-20251207/source.json|data/pedagogical-corpus/glossika/GLOSSIKA-YUEHK-A1-DLG-003-20251214/crosswalk.json|data/pedagogical-corpus/glossika/GLOSSIKA-YUEHK-A1-DLG-003-20251214/items.tsv|data/pedagogical-corpus/glossika/GLOSSIKA-YUEHK-A1-DLG-003-20251214/review.json|data/pedagogical-corpus/glossika/GLOSSIKA-YUEHK-A1-DLG-003-20251214/source.json|data/pedagogical-corpus/glossika/GLOSSIKA-YUEHK-A1-DLG-004-20251221/crosswalk.json|data/pedagogical-corpus/glossika/GLOSSIKA-YUEHK-A1-DLG-004-20251221/items.tsv|data/pedagogical-corpus/glossika/GLOSSIKA-YUEHK-A1-DLG-004-20251221/review.json|data/pedagogical-corpus/glossika/GLOSSIKA-YUEHK-A1-DLG-004-20251221/source.json|data/pedagogical-corpus/glossika/GLOSSIKA-YUEHK-A1-DLG-005-20251228/crosswalk.json|data/pedagogical-corpus/glossika/GLOSSIKA-YUEHK-A1-DLG-005-20251228/items.tsv|data/pedagogical-corpus/glossika/GLOSSIKA-YUEHK-A1-DLG-005-20251228/review.json|data/pedagogical-corpus/glossika/GLOSSIKA-YUEHK-A1-DLG-005-20251228/source.json|data/pedagogical-corpus/glossika/GLOSSIKA-YUEHK-A1-DLG-006-20260104/crosswalk.json|data/pedagogical-corpus/glossika/GLOSSIKA-YUEHK-A1-DLG-006-20260104/items.tsv|data/pedagogical-corpus/glossika/GLOSSIKA-YUEHK-A1-DLG-006-20260104/review.json|data/pedagogical-corpus/glossika/GLOSSIKA-YUEHK-A1-DLG-006-20260104/source.json|data/pedagogical-corpus/glossika/GLOSSIKA-YUEHK-A1-DLG-007-20260111/crosswalk.json|data/pedagogical-corpus/glossika/GLOSSIKA-YUEHK-A1-DLG-007-20260111/items.tsv|data/pedagogical-corpus/glossika/GLOSSIKA-YUEHK-A1-DLG-007-20260111/review.json|data/pedagogical-corpus/glossika/GLOSSIKA-YUEHK-A1-DLG-007-20260111/source.json|data/pedagogical-corpus/glossika/GLOSSIKA-YUEHK-A1-DLG-008-20260125/crosswalk.json|data/pedagogical-corpus/glossika/GLOSSIKA-YUEHK-A1-DLG-008-20260125/items.tsv|data/pedagogical-corpus/glossika/GLOSSIKA-YUEHK-A1-DLG-008-20260125/review.json|data/pedagogical-corpus/glossika/GLOSSIKA-YUEHK-A1-DLG-008-20260125/source.json|data/pedagogical-corpus/glossika/GLOSSIKA-YUEHK-A1-DLG-009-20260201/crosswalk.json|data/pedagogical-corpus/glossika/GLOSSIKA-YUEHK-A1-DLG-009-20260201/items.tsv|data/pedagogical-corpus/glossika/GLOSSIKA-YUEHK-A1-DLG-009-20260201/review.json|data/pedagogical-corpus/glossika/GLOSSIKA-YUEHK-A1-DLG-009-20260201/source.json|data/pedagogical-corpus/glossika/GLOSSIKA-YUEHK-A1-DLG-010-20260208/crosswalk.json|data/pedagogical-corpus/glossika/GLOSSIKA-YUEHK-A1-DLG-010-20260208/items.tsv|data/pedagogical-corpus/glossika/GLOSSIKA-YUEHK-A1-DLG-010-20260208/README.md|data/pedagogical-corpus/glossika/GLOSSIKA-YUEHK-A1-DLG-010-20260208/review.json|data/pedagogical-corpus/glossika/GLOSSIKA-YUEHK-A1-DLG-010-20260208/source.json|data/pedagogical-corpus/glossika/GLOSSIKA-YUEHK-A1-W14-20260621/items.tsv|data/pedagogical-corpus/glossika/GLOSSIKA-YUEHK-A1-W14-20260621/review.json|data/pedagogical-corpus/glossika/GLOSSIKA-YUEHK-A1-W14-20260621/source.json|data/pedagogical-corpus/glossika/GLOSSIKA-YUEHK-A1-W15-20260628/items.tsv|data/pedagogical-corpus/glossika/GLOSSIKA-YUEHK-A1-W15-20260628/review.json|data/pedagogical-corpus/glossika/GLOSSIKA-YUEHK-A1-W15-20260628/source.json|data/pedagogical-corpus/glossika/GLOSSIKA-YUEHK-A1-W16-20260705/items.tsv|data/pedagogical-corpus/glossika/GLOSSIKA-YUEHK-A1-W16-20260705/review.json|data/pedagogical-corpus/glossika/GLOSSIKA-YUEHK-A1-W16-20260705/source.json|data/pedagogical-corpus/glossika/GLOSSIKA-YUEHK-A1-W17-20260712/crosswalk.json|data/pedagogical-corpus/glossika/GLOSSIKA-YUEHK-A1-W17-20260712/items.tsv|data/pedagogical-corpus/glossika/GLOSSIKA-YUEHK-A1-W17-20260712/review.json|data/pedagogical-corpus/glossika/GLOSSIKA-YUEHK-A1-W17-20260712/source.json|data/pedagogical-corpus/glossika/GLOSSIKA-YUEHK-A1-W18-20260719/crosswalk.json|data/pedagogical-corpus/glossika/GLOSSIKA-YUEHK-A1-W18-20260719/items.tsv|data/pedagogical-corpus/glossika/GLOSSIKA-YUEHK-A1-W18-20260719/review.json|data/pedagogical-corpus/glossika/GLOSSIKA-YUEHK-A1-W18-20260719/source.json|data/pedagogical-corpus/glossika/GLOSSIKA-YUEHK-A1-W19-20260726/crosswalk.json|data/pedagogical-corpus/glossika/GLOSSIKA-YUEHK-A1-W19-20260726/items.tsv|data/pedagogical-corpus/glossika/GLOSSIKA-YUEHK-A1-W19-20260726/review.json|data/pedagogical-corpus/glossika/GLOSSIKA-YUEHK-A1-W19-20260726/source.json|data/research-ledgers/glossika-week15-claim-source.json|data/research-ledgers/glossika-week15-followup-candidates.json|data/research-ledgers/glossika-week18-claim-source.json|data/research-ledgers/glossika-week18-followup-candidates.json|data/research-ledgers/glossika-week19-claim-source.json|data/slot-model.json|docs/releases/v0.5.194-speech-transfer-complement-wrapper-audit.json|docs/research/AB30-CORPUS-CANDIDATE-REVIEW-R1.md|docs/research/AB30-ZO-R-HKCANCOR-CLAIM-CROSS-REFERENCE-R2.md|docs/research/ASPECTUAL-CLAUSE-WRAPPERS-SOURCE-MAP-CP021B-R24.md|docs/research/COGNITION-SPEECH-INTENTION-SOURCE-MAP-CP021B-R31.md|docs/research/CONDITIONAL-CLAUSE-LINKING-SOURCE-MAP-CP021B-R25.md|docs/research/CONSTRUCTION-ADJUDICATION-BATCH-05.md|docs/research/CONSTRUCTION-ADJUDICATION-BATCH-09.md|docs/research/CONSTRUCTION-ADJUDICATION-BATCH-10.md|docs/research/CONSTRUCTION-ADJUDICATION-BATCH-11.md|docs/research/CONSTRUCTION-ADJUDICATION-BATCH-13.md|docs/research/CONSTRUCTION-ADJUDICATION-BATCH-17.md|docs/research/CP021B-NATIVE-NATURALNESS-INGESTION.md|docs/research/CP022-IMPLEMENTATION-BACKLOG-CP021B-R37.tsv|docs/research/CP023-P1-PROG01-NOMINAL-COORDINATION-DESIGN-R3.md|docs/research/CP023-P1-PROG01-R1-RESEARCH-CHECKPOINT.md|docs/research/CP023-P1-PROG01-REMEDIATION-DEPENDENCIES-R2.tsv|docs/research/CP025-P1-PFV01-CODE-DOCUMENT-COMPARISON-R1.tsv|docs/research/CP025-P1-PFV01-EXAMPLE-ADJUDICATION-R1.tsv|docs/research/CP025-P1-PFV01-IMPLEMENTATION-PROBE-R1.tsv|docs/research/CP025-P1-PFV01-R1-REAUDIT-CHECKPOINT.md|docs/research/CP025-P1-PFV01-SPEAKER-A-RAW-R2.md|docs/research/CP025-P1-PFV01-SPEAKER-A-RESULT-R2.tsv|docs/research/CP026-P1-RUL01-SPEAKER-A-FORM-R1.md|docs/research/CP029-P1-PFV01-BOUNDARY-INVENTORY-R1.tsv|docs/research/CP029-P1-PFV01-PUBLIC-PANEL-R1-RESULT.md|docs/research/CP035-P1-EXPERIENTIAL-DELIMITED-WRAPPER-AUDIT-R1.md|docs/research/CP035-P1-EXPERIENTIAL-DELIMITED-WRAPPER-INVENTORY-R1.tsv|docs/research/CP038-P1-SPEECH-TRANSFER-COMPLEMENT-WRAPPER-AUDIT-R1.md|docs/research/CP039-P1-EVALUATION-SCALAR-QUESTION-WRAPPER-AUDIT-R1.md|docs/research/CP040-P1-FINAL-REACHABLE-WRAPPER-AUDIT-R1.md|docs/research/CP044-P1-POLITE-REQUEST-ADJUSTMENT-RECONCILIATION-R1.md|docs/research/CP049-P1-ANOTA-ACCEPTABILITY-RECONCILIATION-R1.md|docs/research/CP049-P1-ANOTA-ACCEPTABILITY-SOURCE-VERIFICATION-R1.tsv|docs/research/CP051-P1-COPULAR-ANOTA-RECONCILIATION-R1.md|docs/research/CP051-P1-COPULAR-ANOTA-SOURCE-VERIFICATION-R1.tsv|docs/research/CP055-P1-NEGATIVE-EXPERIENTIAL-RECONCILIATION-R1.md|docs/research/CP057-P1-NEGATED-STATIVE-PREDICATE-RECONCILIATION-R1.md|docs/research/DIRECTIVE-SUGGESTION-PRIORITY-SOURCE-MAP-CP021B-R27.md|docs/research/ENVIRONMENTAL-LOCATIVE-FRAMES-SOURCE-MAP-CP021B-R22.md|docs/research/EVALUATION-PACKET-BLUEPRINTS-CP021B-R37.json|docs/research/GLOSSIKA-YUEHK-A1-DLG-010-20260208-CORPUS-INGRESS.md|docs/research/GLOSSIKA-YUEHK-A1-W14-20260621-RESEARCH.md|docs/research/GLOSSIKA-YUEHK-A1-W15-20260628-RESEARCH.md|docs/research/GLOSSIKA-YUEHK-A1-W18-20260719-RESEARCH.md|docs/research/GLOSSIKA-YUEHK-A1-W19-20260726-RESEARCH.md|docs/research/LANE-03-FRAGMENTS-DISCOURSE-SOURCE-MAP-CP021B-R17.md|docs/research/LANE-09-DIRECTIONAL-MOTION-SOURCE-MAP-CP021B-R3.md|docs/research/NEGATION-ACCEPTABILITY-OPINION-SCHEDULING-SOURCE-MAP-CP021B-R30.md|docs/research/PARSER-CONSTRUCTION-CANONICAL-CONSOLIDATION-MATRIX-CP021B-R35.tsv|docs/research/PARSER-CONSTRUCTION-INTERNAL-DISPOSITION-MATRIX-CP021B-R34.tsv|docs/research/PARSER-CONSTRUCTION-SOURCE-COVERAGE-CP021B-R37.tsv|docs/research/PARSER-CONSTRUCTION-SOURCE-MATRIX-CP021B-R37.tsv|docs/research/PARSER-CONSTRUCTION-SOURCE-REGISTER-CP021B-R37.tsv|docs/research/PRQ2-001-YAU5-MOU5-DAK1-AVAILABILITY-COLLISION-AUDIT-R1.tsv|docs/research/PRQ2-001-YAU5-MOU5-DAK1-AVAILABILITY-RESEARCH-R1.md|docs/research/PRQ2-001-YAU5-MOU5-DAK1-AVAILABILITY-SOURCE-VERIFICATION-R1.tsv|docs/research/PRQ2-002-ZOU2ZI1-HINDSIGHT-REGRET-COLLISION-AUDIT-R1.tsv|docs/research/PRQ2-002-ZOU2ZI1-HINDSIGHT-REGRET-RESEARCH-R1.md|docs/research/PRQ2-002-ZOU2ZI1-HINDSIGHT-REGRET-SOURCE-VERIFICATION-R1.tsv|docs/research/PRQ2-003-JYUT6-SCALAR-PROGRESSION-COLLISION-AUDIT-R1.tsv|docs/research/PRQ2-003-JYUT6-SCALAR-PROGRESSION-RESEARCH-R1.md|docs/research/PRQ2-004-CAA1DI1-NEAR-MISS-COLLISION-AUDIT-R1.tsv|docs/research/PRQ2-004-CAA1DI1-NEAR-MISS-RESEARCH-R1.md|docs/research/PRQ2-004-CAA1DI1-NEAR-MISS-SOURCE-VERIFICATION-R1.tsv|docs/research/PRQ2-005-HOI1-HABITUAL-ESTABLISHED-ACTIVITY-COLLISION-AUDIT-R1.tsv|docs/research/PRQ2-005-HOI1-HABITUAL-ESTABLISHED-ACTIVITY-RESEARCH-R1.md|docs/research/PRQ2-006-LOK6HEOI3-CONTINUATIVE-ASPECT-COLLISION-AUDIT-R1.tsv|docs/research/PRQ2-006-LOK6HEOI3-CONTINUATIVE-ASPECT-RESEARCH-R1.md|docs/research/PRQ2-006-LOK6HEOI3-CONTINUATIVE-ASPECT-SOURCE-VERIFICATION-R1.tsv|docs/research/PRQ2-008-ZI2JIU3-ZAU6-SUFFICIENT-CONDITION-COLLISION-AUDIT-R1.tsv|docs/research/PRQ2-009-GEI3JIN4-PREMISE-RESPONSE-COLLISION-AUDIT-R1.tsv|docs/research/PRQ2-009-GEI3JIN4-PREMISE-RESPONSE-RESEARCH-R1.md|docs/research/PRQ2-010-CEOI4ZO2-ZI1NGOI6-EXCLUSION-ADDITION-COLLISION-AUDIT-R1.tsv|docs/research/PRQ2-012-JAT1HAI6-EXCLUSIVE-ALTERNATIVE-COLLISION-AUDIT-R1.tsv|docs/research/PRQ2-013-JYU5KEI4-BAT1JYU4-ORDERED-PREFERENCE-COLLISION-AUDIT-R1.tsv|docs/research/PRQ2-014-ZI2JAU5-SIN1ZI3-NECESSARY-CONDITION-COLLISION-AUDIT-R1.tsv|docs/research/PRQ2-015-MUI5-GO3GO3-DOU1-DISTRIBUTIVE-QUANTIFICATION-COLLISION-AUDIT-R1.tsv|docs/research/PRQ2-015-MUI5-GO3GO3-DOU1-DISTRIBUTIVE-QUANTIFICATION-RESEARCH-R1.md|docs/research/PRQ2-034-MOU4LEON6-DOU1-UNCONDITIONAL-COLLISION-AUDIT-R1.tsv|docs/research/PRQ2-034-MOU4LEON6-DOU1-UNCONDITIONAL-SOURCE-VERIFICATION-R1.tsv|docs/research/QUANTITY-SCALAR-ACTION-BOUNDARIES-SOURCE-MAP-CP021B-R29.md|docs/research/survey-derived/HKCanCor/HKCANCOR-SV-RQ-008-010-RESEARCH-NOTE-R1.md|docs/research/survey-derived/HKCanCor/HKCANCOR-SV-RQ-008-010-REVIEWED-RESULTS-R1.json|docs/research/survey-derived/SV-RQ-001-007/SV-RQ-001-007-ROUND-1.md|docs/research/UC-RQ-001-GENERAL-ZOENG1-DISPOSAL-NATURAL-ATTESTATION-R1.tsv|docs/research/UC-RQ-002-003-DOUBLE-OBJECT-HKCANCOR-CENSUS-R1.md|docs/research/UC-RQ-002-INVERTED-DOUBLE-OBJECT-RESEARCH-R1.md|docs/research/UC-RQ-004-005-COMPARISON-HKCANCOR-ATTESTATION-R1.md|docs/research/UC-RQ-004-CANTONESE-EQUATIVE-CONSTRUCTION-RESEARCH-R1.md|docs/research/UC-RQ-010-COREFERENTIAL-N-CL-N-CONSTRUCTION-RESEARCH-R1.md|docs/research/UC-RQ-010-COREFERENTIAL-N-CL-N-SOURCE-VERIFICATION-R1.tsv|docs/research/UC-RQ-012-SENTENCE-FINAL-FOCUS-PARTICLE-COLLISION-AUDIT-R1.tsv|docs/research/UC-RQ-012-SENTENCE-FINAL-FOCUS-PARTICLE-FAMILY-RESEARCH-R1.md|docs/research/UC-RQ-014-015-SEPARABLE-COMPOUND-HKCANCOR-ATTESTATION-R1.md|docs/research/UC-RQ-016-HAI6-GE3-CLEFT-FOCUS-RESEARCH-R1.md|docs/research/UC-RQ-017-LIN4-DOU1-EVEN-FOCUS-RESEARCH-R1.md|docs/research/UC-RQ-018-ALTERNATIVE-QUESTION-COLLISION-AUDIT-R1.tsv|docs/research/UC-RQ-018-ALTERNATIVE-QUESTION-RESEARCH-R1.md|docs/research/UC-RQ-018-ALTERNATIVE-QUESTION-SOURCE-VERIFICATION-R1.tsv|docs/research/UC-RQ-019-CLAUSE-FINAL-TAG-QUESTION-RESEARCH-R1.md|docs/research/UC-RQ-019-CLAUSE-FINAL-TAG-QUESTION-SOURCE-VERIFICATION-R1.tsv|docs/research/UC-RQ-022-DEI6-PERSONAL-PLURAL-DISPOSITION-R1.md|docs/research/UC-RQ-024-ZI6GEI2-REFLEXIVE-BINDING-COLLISION-AUDIT-R1.tsv|docs/research/UC-RQ-025-NULL-ARGUMENT-ZERO-ANAPHORA-RESEARCH-R1.md|docs/research/UC-RQ-026-DI1-DEGREE-COLLISION-AUDIT-R1.tsv|docs/research/UC-RQ-027-ZEOI3-SUPERLATIVE-RESEARCH-R1.md|docs/research/UC-RQ-027-ZEOI3-SUPERLATIVE-SOURCE-VERIFICATION-R1.tsv|docs/research/UC-RQ-029-ZYU6-DURATIVE-DISPOSITION-R1.md|docs/research/UC-RQ-029-ZYU6-DURATIVE-SOURCE-VERIFICATION-R1.tsv|docs/research/UC-RQ-031-MAAI4-VERBAL-PARTICLE-FAMILY-RESEARCH-R1.md|docs/research/UC-RQ-031-MAAI4-VERBAL-PARTICLE-FAMILY-SOURCE-VERIFICATION-R1.tsv|docs/research/UC-RQ-037-ZAU6SYUN3-DOU1-SCALAR-CONCESSIVE-RESEARCH-R1.md|docs/research/UC-RQ-038-CEOI4FEI1-EXCEPTION-CONDITIONAL-RESEARCH-R1.md|docs/research/UC-RQ-039-JAT1BIN1-SIMULTANEOUS-EVENT-CORRELATIVE-RESEARCH-R1.md|docs/research/UC-RQ-039-JAT1BIN1-SIMULTANEOUS-EVENT-CORRELATIVE-SOURCE-VERIFICATION-R1.tsv|docs/research/WECHAT-GX-TRAVEL-002-ADJUDICATION-REPORT.md|docs/research/WECHAT-GX-TRAVEL-002-CLAIM-SOURCE-EDGES-R1.tsv|docs/research/WECHAT-GX-TRAVEL-002-PRIORITY-GRAMMAR-RESEARCH-R1.md|docs/research/WECHAT-GX-TRAVEL-002-REGRESSION-REMEDIATION-READINESS-R2.md|docs/research/WH-IDENTITY-NAMING-ADDRESS-SOURCE-MAP-CP021B-R20.md|grammar/research_pending/DitransitiveSpeechVP.md|grammar/research_pending/DurativeVP.md|grammar/research_pending/ExistentialClause.md|grammar/research_pending/ExistentialPresentationalClause.md|grammar/research_pending/ExperientialQuestion.md|grammar/research_pending/GoalAttainmentMotionVP.md|grammar/research_pending/NegatedStativePredicate.md|grammar/research_pending/NegativeExperiential.md|grammar/research_pending/PostverbalZoPerfectiveVP.md|grammar/unsupported_generalization/AcceptabilityANotA.md|grammar/unsupported_generalization/CopularANotAQuestion.md|grammar/unsupported_generalization/DelimitedVP.md|grammar/unsupported_generalization/ExperientialClause.md|grammar/unsupported_generalization/OpinionQuestion.md|grammar/unsupported_generalization/OpinionStanceFrame.md|grammar/unsupported_generalization/PoliteImperativeClause.md|grammar/unsupported_generalization/SuggestionQuestion.md|grammar/unsupported_generalization/WhClassifierQuestion.md|test-data/a1-context-status-fixture.tsv|test-data/cp021b-lx1-construction-freeze-baseline.json|test-data/CP023-P1-PROG01-nominal-design-cases-r3.tsv|test-data/CP023-P1-PROG01-visible-research-packet.tsv|test-data/native-naturalness-conflict-dispositions.tsv|test-data/native-speaker-naturalness-evidence-v1.json|test-data/native-speaker-naturalness-evidence-v1.tsv|test-data/natural-corpus-wechat-father-daughter-001-turns.json|test-data/natural-corpus-wechat-father-daughter-001-turns.tsv|test-data/natural-corpus-wechat-father-daughter-001-units.json|test-data/natural-corpus-wechat-father-daughter-001-units.tsv|test-data/natural-corpus-wechat-guangxi-travel-002-raw.txt|test-data/natural-corpus-wechat-guangxi-travel-002-turns.json|test-data/natural-corpus-wechat-guangxi-travel-002-turns.tsv|test-data/natural-corpus-wechat-guangxi-travel-002-units.json|test-data/natural-corpus-wechat-guangxi-travel-002-units.tsv|test-data/pre-intermediate-gold-corpus.tsv|test-data/review-only-readiness.tsv|test-data/w17-corpus-semantic-disposition.tsv|test-data/w17-functional-corpus.tsv|test-data/w17-glossika-corpus.tsv|test-data/w17-grammar-phrases.tsv|test-data/w17-naturalized-alternatives.tsv|test-data/WECHAT-GX-TRAVEL-002-ADJUDICATION-MATRIX.json|test-data/WECHAT-GX-TRAVEL-002-ADJUDICATION-MATRIX.tsv|test-data/WECHAT-GX-TRAVEL-002-CONTROLLED-CONTRASTS-R1.tsv|test-data/WECHAT-GX-TRAVEL-002-LEXICON-PATCH-BLUEPRINT-R2.json|test-data/WECHAT-GX-TRAVEL-002-LEXICON-PATCH-BLUEPRINT-R2.tsv|test-data/WECHAT-GX-TRAVEL-002-LEXICON-PATCH-TEST-MATRIX-R2.tsv|test-data/WECHAT-GX-TRAVEL-002-QUEUE-D-context_disfluency_research.tsv|test-data/WECHAT-GX-TRAVEL-002-QUEUE-G-grammar_research_external_evidence.tsv|test-data/WECHAT-GX-TRAVEL-002-QUEUE-L-lexicon_jyutping_enrichment.tsv|test-data/WECHAT-GX-TRAVEL-002-QUEUE-R-accepted_behavior_regression.tsv|test-data/WECHAT-GX-TRAVEL-002-REGRESSION-REMEDIATION-READINESS-R2.json|test-data/WECHAT-GX-TRAVEL-002-REGRESSION-REMEDIATION-READINESS-R2.tsv|tests/constructions/AcceptabilityANotA.json|tests/constructions/ANotAQuestion.json|tests/constructions/ClauseRelationEdge.json|tests/constructions/ClauseRelationGraph.json|tests/constructions/ClauseRelationMemberSpan.json|tests/constructions/ClauseSpan.json|tests/constructions/CognitionContentFrame.json|tests/constructions/CognitionStatementClause.json|tests/constructions/CompletionQuestion.json|tests/constructions/CompletionVP.json|tests/constructions/CopularANotAQuestion.json|tests/constructions/DegreeMannerAdverbial.json|tests/constructions/DiMarkedNP.json|tests/constructions/DirectionalMotionVP.json|tests/constructions/DiscourseParticleFrame.json|tests/constructions/DitransitiveSpeechVP.json|tests/constructions/ExistentialQuestion.json|tests/constructions/ExistentialWhQuestion.json|tests/constructions/ExperientialQuestion.json|tests/constructions/ExperientialYesNoQuestion.json|tests/constructions/FormulaDiscourseUnit.json|tests/constructions/FragmentAnswer.json|tests/constructions/FragmentQuestion.json|tests/constructions/IntransitiveVP.json|tests/constructions/LexicalGiveRelation.json|tests/constructions/LocativePlacePhrase.json|tests/constructions/LocativePostureVP.json|tests/constructions/LocativeWhQuestion.json|tests/constructions/ModalANotAQuestion.json|tests/constructions/ModalVP.json|tests/constructions/ModifiedNP.json|tests/constructions/MotionGoalVP.json|tests/constructions/NeedsContext.json|tests/constructions/NegatedStativePredicate.json|tests/constructions/NegativeExperiential.json|tests/constructions/NominalHeadSpan.json|tests/constructions/OpinionQuestion.json|tests/constructions/OpinionStanceFrame.json|tests/constructions/PerfectiveVP.json|tests/constructions/PolarQuestionFrame.json|tests/constructions/PoliteImperativeClause.json|tests/constructions/PostverbalZoPerfectiveVP.json|tests/constructions/PriorityMarkerClause.json|tests/constructions/ProductiveVO.json|tests/constructions/ProgressiveVP.json|tests/constructions/ProgressiveWhObjectQuestion.json|tests/constructions/RelativeClauseNP.json|tests/constructions/StativePredicate.json|tests/constructions/SuggestionQuestion.json|tests/constructions/TransitiveVP.json|tests/constructions/VerbComplementVP.json|tests/constructions/WhClassifierQuestion.json|tests/fixtures/boundary-closure-v1.json|tests/fixtures/np-subsystem.json|tests/fixtures/regression-snapshots.json|tests/run-regression.js|tests/tooling/corpus-review/test_aa30_hkcancor_profile.py|tests/tooling/corpus-review/test_aa58_hkcancor_profile.py|tests/tooling/corpus-review/test_aa76_hkcancor_profile.py|tests/tooling/corpus-review/test_aa82_hkcancor_profile.py|tests/tooling/corpus-review/test_aa89_hkcancor_profile.py|tests/tooling/runtime/generated-bundle.test.js		REQUIRES_EXPERT_CONTEXT_REVIEW
GLOSSIKA-YUEHK-A1-DLG-011-20260215-I073	73	lexical_entry			33	我	ngo5	I, me	sha256:6740a837f37a8f1ed700a5ad25b51fa96a35e9e190c698b8515690e642749981	true			exact_duplicate_candidate	lexical_only_attestation	src/runtime-resources/lexicon/token-lexicon/people-and-address.js	src/parser/clause-relations/graph.js|src/parser/context/descriptors.js|src/parser/detectors/boundaries/malformed.js|src/parser/detectors/cognition/fragments-content.js|src/parser/detectors/definition/intended-function.js|src/parser/detectors/discourse/formula-responses.js|src/parser/detectors/locatives/coverb-place.js|src/parser/detectors/np/core.js|src/parser/detectors/opinion/stance.js|src/parser/detectors/reported-speech/composition.js|src/parser/detectors/transfer/lexical-give.js|src/parser/terminal/questions/question-fallbacks.js|src/plugin-entry.js|src/runtime-resources/constructions/runtime-label-registry.js|src/runtime-resources/lexicon/compositional-lexical-phrases.js|src/runtime-resources/lexicon/token-lexicon/function-words-and-particles.js|src/runtime-resources/lexicon/token-lexicon/people-and-address.js|src/runtime-resources/pronunciation/jyutping-review-expectations.js	data/construction-adjudication-batches/batch-03.json|data/construction-adjudication-batches/batch-04.json|data/construction-adjudication-batches/batch-05.json|data/construction-adjudication-batches/batch-06.json|data/construction-adjudication-batches/batch-07.json|data/construction-adjudication-batches/batch-08.json|data/construction-adjudication-batches/batch-09.json|data/construction-adjudication-batches/batch-10.json|data/construction-adjudication-batches/batch-11.json|data/construction-adjudication-batches/batch-13.json|data/construction-adjudication-batches/batch-14.json|data/construction-adjudication-batches/batch-15.json|data/construction-adjudication-batches/batch-17.json|data/construction-identities.json|data/natural-corpus/wechat-father-daughter-001.txt|data/pedagogical-corpus/glossika/GLOSSIKA-YUEHK-A1-DLG-002-20251207/crosswalk.json|data/pedagogical-corpus/glossika/GLOSSIKA-YUEHK-A1-DLG-002-20251207/items.tsv|data/pedagogical-corpus/glossika/GLOSSIKA-YUEHK-A1-DLG-002-20251207/review.json|data/pedagogical-corpus/glossika/GLOSSIKA-YUEHK-A1-DLG-002-20251207/source.json|data/pedagogical-corpus/glossika/GLOSSIKA-YUEHK-A1-DLG-003-20251214/crosswalk.json|data/pedagogical-corpus/glossika/GLOSSIKA-YUEHK-A1-DLG-003-20251214/items.tsv|data/pedagogical-corpus/glossika/GLOSSIKA-YUEHK-A1-DLG-003-20251214/review.json|data/pedagogical-corpus/glossika/GLOSSIKA-YUEHK-A1-DLG-003-20251214/source.json|data/pedagogical-corpus/glossika/GLOSSIKA-YUEHK-A1-DLG-004-20251221/crosswalk.json|data/pedagogical-corpus/glossika/GLOSSIKA-YUEHK-A1-DLG-004-20251221/items.tsv|data/pedagogical-corpus/glossika/GLOSSIKA-YUEHK-A1-DLG-004-20251221/review.json|data/pedagogical-corpus/glossika/GLOSSIKA-YUEHK-A1-DLG-004-20251221/source.json|data/pedagogical-corpus/glossika/GLOSSIKA-YUEHK-A1-DLG-005-20251228/crosswalk.json|data/pedagogical-corpus/glossika/GLOSSIKA-YUEHK-A1-DLG-005-20251228/items.tsv|data/pedagogical-corpus/glossika/GLOSSIKA-YUEHK-A1-DLG-005-20251228/review.json|data/pedagogical-corpus/glossika/GLOSSIKA-YUEHK-A1-DLG-005-20251228/source.json|data/pedagogical-corpus/glossika/GLOSSIKA-YUEHK-A1-DLG-006-20260104/crosswalk.json|data/pedagogical-corpus/glossika/GLOSSIKA-YUEHK-A1-DLG-006-20260104/items.tsv|data/pedagogical-corpus/glossika/GLOSSIKA-YUEHK-A1-DLG-006-20260104/review.json|data/pedagogical-corpus/glossika/GLOSSIKA-YUEHK-A1-DLG-006-20260104/source.json|data/pedagogical-corpus/glossika/GLOSSIKA-YUEHK-A1-DLG-007-20260111/crosswalk.json|data/pedagogical-corpus/glossika/GLOSSIKA-YUEHK-A1-DLG-007-20260111/items.tsv|data/pedagogical-corpus/glossika/GLOSSIKA-YUEHK-A1-DLG-007-20260111/review.json|data/pedagogical-corpus/glossika/GLOSSIKA-YUEHK-A1-DLG-007-20260111/source.json|data/pedagogical-corpus/glossika/GLOSSIKA-YUEHK-A1-DLG-008-20260125/crosswalk.json|data/pedagogical-corpus/glossika/GLOSSIKA-YUEHK-A1-DLG-008-20260125/items.tsv|data/pedagogical-corpus/glossika/GLOSSIKA-YUEHK-A1-DLG-008-20260125/review.json|data/pedagogical-corpus/glossika/GLOSSIKA-YUEHK-A1-DLG-008-20260125/source.json|data/pedagogical-corpus/glossika/GLOSSIKA-YUEHK-A1-DLG-009-20260201/crosswalk.json|data/pedagogical-corpus/glossika/GLOSSIKA-YUEHK-A1-DLG-009-20260201/items.tsv|data/pedagogical-corpus/glossika/GLOSSIKA-YUEHK-A1-DLG-009-20260201/review.json|data/pedagogical-corpus/glossika/GLOSSIKA-YUEHK-A1-DLG-009-20260201/source.json|data/pedagogical-corpus/glossika/GLOSSIKA-YUEHK-A1-DLG-010-20260208/crosswalk.json|data/pedagogical-corpus/glossika/GLOSSIKA-YUEHK-A1-DLG-010-20260208/items.tsv|data/pedagogical-corpus/glossika/GLOSSIKA-YUEHK-A1-DLG-010-20260208/review.json|data/pedagogical-corpus/glossika/GLOSSIKA-YUEHK-A1-DLG-010-20260208/source.json|data/pedagogical-corpus/glossika/GLOSSIKA-YUEHK-A1-W14-20260621/items.tsv|data/pedagogical-corpus/glossika/GLOSSIKA-YUEHK-A1-W14-20260621/review.json|data/pedagogical-corpus/glossika/GLOSSIKA-YUEHK-A1-W14-20260621/source.json|data/pedagogical-corpus/glossika/GLOSSIKA-YUEHK-A1-W16-20260705/items.tsv|data/pedagogical-corpus/glossika/GLOSSIKA-YUEHK-A1-W16-20260705/review.json|data/pedagogical-corpus/glossika/GLOSSIKA-YUEHK-A1-W16-20260705/source.json|data/pedagogical-corpus/glossika/GLOSSIKA-YUEHK-A1-W17-20260712/crosswalk.json|data/pedagogical-corpus/glossika/GLOSSIKA-YUEHK-A1-W17-20260712/items.tsv|data/pedagogical-corpus/glossika/GLOSSIKA-YUEHK-A1-W17-20260712/review.json|data/pedagogical-corpus/glossika/GLOSSIKA-YUEHK-A1-W17-20260712/source.json|data/pedagogical-corpus/glossika/GLOSSIKA-YUEHK-A1-W18-20260719/crosswalk.json|data/pedagogical-corpus/glossika/GLOSSIKA-YUEHK-A1-W18-20260719/items.tsv|data/pedagogical-corpus/glossika/GLOSSIKA-YUEHK-A1-W18-20260719/review.json|data/pedagogical-corpus/glossika/GLOSSIKA-YUEHK-A1-W18-20260719/source.json|data/pedagogical-corpus/glossika/GLOSSIKA-YUEHK-A1-W19-20260726/crosswalk.json|data/pedagogical-corpus/glossika/GLOSSIKA-YUEHK-A1-W19-20260726/items.tsv|data/pedagogical-corpus/glossika/GLOSSIKA-YUEHK-A1-W19-20260726/review.json|data/pedagogical-corpus/glossika/GLOSSIKA-YUEHK-A1-W19-20260726/source.json|data/research-ledgers/glossika-week14-claim-source.json|data/research-ledgers/glossika-week18-claim-source.json|data/research-ledgers/glossika-week18-followup-candidates.json|data/slot-model.json|docs/research/AB30-CORPUS-CANDIDATE-REVIEW-R1.md|docs/research/AB30-ZO-M-HKCANCOR-CLAIM-CROSS-REFERENCE-R1.md|docs/research/ASPECTUAL-CLAUSE-WRAPPERS-SOURCE-MAP-CP021B-R24.md|docs/research/COGNITION-SPEECH-INTENTION-SOURCE-MAP-CP021B-R31.md|docs/research/COMPLEMENT-OMISSION-AND-VALENCY-SOURCE-MAP-CP021B-R26.md|docs/research/CONDITIONAL-CLAUSE-LINKING-SOURCE-MAP-CP021B-R25.md|docs/research/CONSTRUCTION-ADJUDICATION-BATCH-04.md|docs/research/CONSTRUCTION-ADJUDICATION-BATCH-05.md|docs/research/CONSTRUCTION-ADJUDICATION-BATCH-06.md|docs/research/CONSTRUCTION-ADJUDICATION-BATCH-08.md|docs/research/CONSTRUCTION-ADJUDICATION-BATCH-09.md|docs/research/CONSTRUCTION-ADJUDICATION-BATCH-10.md|docs/research/CONSTRUCTION-ADJUDICATION-BATCH-13.md|docs/research/CONSTRUCTION-ADJUDICATION-BATCH-14.md|docs/research/CONSTRUCTION-ADJUDICATION-BATCH-15.md|docs/research/CONSTRUCTION-ADJUDICATION-BATCH-16.md|docs/research/CONSTRUCTION-ADJUDICATION-BATCH-17.md|docs/research/COVERB-MANNER-EVENT-MODIFICATION-SOURCE-MAP-CP021B-R23.md|docs/research/CP021B-NATIVE-NATURALNESS-INGESTION.md|docs/research/CP022-IMPLEMENTATION-BACKLOG-CP021B-R37.tsv|docs/research/CP022-P1-PFV01-D1-RESEARCH-CHECKPOINT.md|docs/research/CP023-P1-PROG01-CLAIM-SOURCE-EDGES.tsv|docs/research/CP023-P1-PROG01-NATURAL-ATTESTATION-ADJUDICATION.md|docs/research/CP023-P1-PROG01-NOMINAL-COORDINATION-DESIGN-R3.md|docs/research/CP023-P1-PROG01-NOMINAL-DI-ASSOCIATIVE-SCOPE-DESIGN-R3.md|docs/research/CP023-P1-PROG01-R1-RESEARCH-CHECKPOINT.md|docs/research/CP023-P1-PROG01-REMEDIATION-DEPENDENCIES-R2.tsv|docs/research/CP023-P1-PROG01-SOURCE-REGISTER-R3.tsv|docs/research/CP025-P1-PFV01-CODE-DOCUMENT-COMPARISON-R1.tsv|docs/research/CP025-P1-PFV01-EXAMPLE-ADJUDICATION-R1.tsv|docs/research/CP025-P1-PFV01-IMPLEMENTATION-PROBE-R1.tsv|docs/research/CP025-P1-PFV01-R1-REAUDIT-CHECKPOINT.md|docs/research/CP025-P1-PFV01-SOURCE-VERIFICATION-R1.tsv|docs/research/CP025-P1-PFV01-SPEAKER-A-RAW-R2.md|docs/research/CP025-P1-PFV01-SPEAKER-A-RESULT-R2.md|docs/research/CP025-P1-PFV01-SPEAKER-A-RESULT-R2.tsv|docs/research/CP026-P1-RUL01-EXAMPLE-ADJUDICATION-R1.tsv|docs/research/CP026-P1-RUL01-IMPLEMENTATION-PROBE-R1.tsv|docs/research/CP026-P1-RUL01-PUBLIC-PANEL-R1-RESULT.md|docs/research/CP026-P1-RUL01-R1-REAUDIT-CHECKPOINT.md|docs/research/CP026-P1-RUL01-SOURCE-VERIFICATION-R1.tsv|docs/research/CP026-P1-RUL01-SPEAKER-A-FORM-R1.md|docs/research/CP029-P1-PFV01-BOUNDARY-INVENTORY-R1.tsv|docs/research/CP029-P1-PFV01-PUBLIC-PANEL-R1-RESULT.md|docs/research/CP032-P1-RUL01-CONTRAST-REQUIREMENTS-R1.tsv|docs/research/CP032-P1-RUL01-SURVEY-READINESS-R1.md|docs/research/CP035-P1-EXPERIENTIAL-DELIMITED-WRAPPER-AUDIT-R1.md|docs/research/CP037-P1-NOMINAL-WRAPPER-AUDIT-R1.md|docs/research/CP037-P1-NOMINAL-WRAPPER-INVENTORY-R1.tsv|docs/research/CP038-P1-SPEECH-TRANSFER-COMPLEMENT-WRAPPER-AUDIT-R1.md|docs/research/CP040-P1-FINAL-REACHABLE-WRAPPER-AUDIT-R1.md|docs/research/CP043-P1-PASSIVE-PERMISSIVE-BEI-RECONCILIATION-R1.md|docs/research/CP053-P1-EVALUATION-WITH-DOU-SYUN-EXTERNAL-EVIDENCE-R1.md|docs/research/CP055-P1-NEGATIVE-EXPERIENTIAL-RECONCILIATION-R1.md|docs/research/CP061-P1-HIGH-FANOUT-BOUNDARY-CLOSURE-R1.md|docs/research/DIRECTIVE-SUGGESTION-PRIORITY-SOURCE-MAP-CP021B-R27.md|docs/research/ENVIRONMENTAL-LOCATIVE-FRAMES-SOURCE-MAP-CP021B-R22.md|docs/research/EVALUATION-PACKET-BLUEPRINTS-CP021B-R37.json|docs/research/FINAL-LANGUAGE-LABEL-COVERAGE-SOURCE-MAP-CP021B-R33.md|docs/research/GLOSSIKA-YUEHK-A1-W14-20260621-RESEARCH.md|docs/research/GLOSSIKA-YUEHK-A1-W18-20260719-RESEARCH.md|docs/research/GLOSSIKA-YUEHK-A1-W19-20260726-RESEARCH.md|docs/research/LANE-03-FRAGMENTS-DISCOURSE-SOURCE-MAP-CP021B-R17.md|docs/research/LANE-05-PERFECTIVE-COMPLETION-SOURCE-MAP-CP021B-R6.md|docs/research/LANE-06-CLASSIFIER-NP-SOURCE-MAP-CP021B-R5.md|docs/research/LANE-08-REPORTED-SPEECH-COGNITION-STANCE-SOURCE-MAP-CP021B-R15.md|docs/research/LANE-09-DIRECTIONAL-MOTION-SOURCE-MAP-CP021B-R3.md|docs/research/LANE-09-SERIAL-PURPOSE-SOURCE-MAP-CP021B-R16.md|docs/research/LEGITIMACY-WORK-LEDGER.md|docs/research/NATIVE-CORPUS-WECHAT-GUANGXI-TRAVEL-002.md|docs/research/NEGATION-ACCEPTABILITY-OPINION-SCHEDULING-SOURCE-MAP-CP021B-R30.md|docs/research/PARSER-CONSTRUCTION-CANONICAL-CONSOLIDATION-MATRIX-CP021B-R35.tsv|docs/research/PARSER-CONSTRUCTION-INTERNAL-DISPOSITION-MATRIX-CP021B-R34.tsv|docs/research/PARSER-CONSTRUCTION-SOURCE-COVERAGE-CP021B-R37.tsv|docs/research/PARSER-CONSTRUCTION-SOURCE-MATRIX-CP021B-R37.tsv|docs/research/PARSER-CONSTRUCTION-SOURCE-REGISTER-CP021B-R37.tsv|docs/research/PRQ2-001-YAU5-MOU5-DAK1-AVAILABILITY-COLLISION-AUDIT-R1.tsv|docs/research/PRQ2-001-YAU5-MOU5-DAK1-AVAILABILITY-RESEARCH-R1.md|docs/research/PRQ2-001-YAU5-MOU5-DAK1-AVAILABILITY-SOURCE-VERIFICATION-R1.tsv|docs/research/PRQ2-002-ZOU2ZI1-HINDSIGHT-REGRET-COLLISION-AUDIT-R1.tsv|docs/research/PRQ2-002-ZOU2ZI1-HINDSIGHT-REGRET-RESEARCH-R1.md|docs/research/PRQ2-003-JYUT6-SCALAR-PROGRESSION-COLLISION-AUDIT-R1.tsv|docs/research/PRQ2-003-JYUT6-SCALAR-PROGRESSION-RESEARCH-R1.md|docs/research/PRQ2-004-CAA1DI1-NEAR-MISS-COLLISION-AUDIT-R1.tsv|docs/research/PRQ2-004-CAA1DI1-NEAR-MISS-RESEARCH-R1.md|docs/research/PRQ2-004-CAA1DI1-NEAR-MISS-SOURCE-VERIFICATION-R1.tsv|docs/research/PRQ2-005-HOI1-HABITUAL-ESTABLISHED-ACTIVITY-COLLISION-AUDIT-R1.tsv|docs/research/PRQ2-005-HOI1-HABITUAL-ESTABLISHED-ACTIVITY-RESEARCH-R1.md|docs/research/PRQ2-005-HOI1-HABITUAL-ESTABLISHED-ACTIVITY-SOURCE-VERIFICATION-R1.tsv|docs/research/PRQ2-006-LOK6HEOI3-CONTINUATIVE-ASPECT-COLLISION-AUDIT-R1.tsv|docs/research/PRQ2-006-LOK6HEOI3-CONTINUATIVE-ASPECT-RESEARCH-R1.md|docs/research/PRQ2-007-HEI2SOENG5LAI4-INCHOATIVE-ASPECT-COLLISION-AUDIT-R1.tsv|docs/research/PRQ2-007-HEI2SOENG5LAI4-INCHOATIVE-ASPECT-RESEARCH-R1.md|docs/research/PRQ2-008-ZI2JIU3-ZAU6-SUFFICIENT-CONDITION-COLLISION-AUDIT-R1.tsv|docs/research/PRQ2-008-ZI2JIU3-ZAU6-SUFFICIENT-CONDITION-RESEARCH-R1.md|docs/research/PRQ2-009-GEI3JIN4-PREMISE-RESPONSE-COLLISION-AUDIT-R1.tsv|docs/research/PRQ2-009-GEI3JIN4-PREMISE-RESPONSE-RESEARCH-R1.md|docs/research/PRQ2-009-GEI3JIN4-PREMISE-RESPONSE-SOURCE-VERIFICATION-R1.tsv|docs/research/PRQ2-010-CEOI4ZO2-ZI1NGOI6-EXCLUSION-ADDITION-COLLISION-AUDIT-R1.tsv|docs/research/PRQ2-011-M4DAAN1ZI2-ZUNG6-ADDITIVE-CORRELATIVE-COLLISION-AUDIT-R1.tsv|docs/research/PRQ2-011-M4DAAN1ZI2-ZUNG6-ADDITIVE-CORRELATIVE-RESEARCH-R1.md|docs/research/PRQ2-012-JAT1HAI6-EXCLUSIVE-ALTERNATIVE-COLLISION-AUDIT-R1.tsv|docs/research/PRQ2-013-JYU5KEI4-BAT1JYU4-ORDERED-PREFERENCE-COLLISION-AUDIT-R1.tsv|docs/research/PRQ2-014-ZI2JAU5-SIN1ZI3-NECESSARY-CONDITION-COLLISION-AUDIT-R1.tsv|docs/research/PRQ2-015-MUI5-GO3GO3-DOU1-DISTRIBUTIVE-QUANTIFICATION-COLLISION-AUDIT-R1.tsv|docs/research/PRQ2-015-MUI5-GO3GO3-DOU1-DISTRIBUTIVE-QUANTIFICATION-RESEARCH-R1.md|docs/research/PRQ2-015-MUI5-GO3GO3-DOU1-DISTRIBUTIVE-QUANTIFICATION-SOURCE-VERIFICATION-R1.tsv|docs/research/PRQ2-033-JAU6-JAU6-COEXISTENT-PREDICATE-COLLISION-AUDIT-R1.tsv|docs/research/PRQ2-034-MOU4LEON6-DOU1-UNCONDITIONAL-COLLISION-AUDIT-R1.tsv|docs/research/PRQ2-035-NING4JYUN6-DOU1-COMMITTED-PREFERENCE-COLLISION-AUDIT-R1.tsv|docs/research/survey-derived/Survey/SURVEY-EXPORT-2026-07-24-1538-AGGREGATE-R2.md|docs/research/survey-derived/Survey/SURVEY-EXPORT-2026-07-24-1538-AGGREGATE-SUMMARY-R2.json|docs/research/survey-derived/SV-RQ-001-007/SV-RQ-001-007-ATTESTATION-REGISTER-R2.json|docs/research/survey-derived/SV-RQ-001-007/SV-RQ-001-007-ROUND-1.md|docs/research/survey-derived/SV-RQ-001-007/SV-RQ-001-007-ROUND-2.md|docs/research/survey-derived/SV-RQ-008-010/SV-RQ-008-010-ROUND-2.md|docs/research/survey-derived/SV-RQ-008-010/SV-RQ-008-010-SOURCE-LEDGER-R2.json|docs/research/survey-derived/SV-RQ-008/SV-RQ-008-RESEARCH-NOTE.md|docs/research/UC-RQ-001-GENERAL-ZOENG1-DISPOSAL-COLLISION-AUDIT-R1.tsv|docs/research/UC-RQ-001-GENERAL-ZOENG1-DISPOSAL-NATURAL-ATTESTATION-R1.tsv|docs/research/UC-RQ-001-GENERAL-ZOENG1-DISPOSAL-RESEARCH-R1.md|docs/research/UC-RQ-001-GENERAL-ZOENG1-DISPOSAL-SOURCE-VERIFICATION-R1.tsv|docs/research/UC-RQ-002-003-DOUBLE-OBJECT-HKCANCOR-CENSUS-R1.md|docs/research/UC-RQ-002-INVERTED-DOUBLE-OBJECT-COLLISION-AUDIT-R1.tsv|docs/research/UC-RQ-002-INVERTED-DOUBLE-OBJECT-RESEARCH-R1.md|docs/research/UC-RQ-003-DOUBLE-OBJECT-ORDER-ALTERNATION-COLLISION-AUDIT-R1.tsv|docs/research/UC-RQ-003-DOUBLE-OBJECT-ORDER-ALTERNATION-RESEARCH-R1.md|docs/research/UC-RQ-004-005-COMPARISON-HKCANCOR-ATTESTATION-R1.md|docs/research/UC-RQ-005-GWO3-SURPASS-COMPARATIVE-RESEARCH-R1.md|docs/research/UC-RQ-007-VERB-COPY-FOCUS-CONSTRUCTION-RESEARCH-R1.md|docs/research/UC-RQ-016-HAI6-GE3-CLEFT-FOCUS-RESEARCH-R1.md|docs/research/UC-RQ-017-LIN4-DOU1-EVEN-FOCUS-RESEARCH-R1.md|docs/research/UC-RQ-018-ALTERNATIVE-QUESTION-COLLISION-AUDIT-R1.tsv|docs/research/UC-RQ-018-ALTERNATIVE-QUESTION-RESEARCH-R1.md|docs/research/UC-RQ-021-NEGATIVE-POLARITY-MINIMIZER-RESEARCH-R1.md|docs/research/UC-RQ-022-DEI6-PERSONAL-PLURAL-DISPOSITION-R1.md|docs/research/UC-RQ-023-GE3-NOMINALIZATION-RESEARCH-R1.md|docs/research/UC-RQ-024-ZI6GEI2-REFLEXIVE-BINDING-COLLISION-AUDIT-R1.tsv|docs/research/UC-RQ-025-NULL-ARGUMENT-ZERO-ANAPHORA-COLLISION-AUDIT-R1.tsv|docs/research/UC-RQ-025-NULL-ARGUMENT-ZERO-ANAPHORA-RESEARCH-R1.md|docs/research/UC-RQ-027-ZEOI3-SUPERLATIVE-RESEARCH-R1.md|docs/research/UC-RQ-027-ZEOI3-SUPERLATIVE-SOURCE-VERIFICATION-R1.tsv|docs/research/UC-RQ-029-ZYU6-DURATIVE-DISPOSITION-R1.md|docs/research/UC-RQ-029-ZYU6-DURATIVE-SOURCE-VERIFICATION-R1.tsv|docs/research/UC-RQ-030-SAAI3-TOTALITY-QUANTIFICATION-RESEARCH-R1.md|docs/research/UC-RQ-030-SAAI3-TOTALITY-QUANTIFICATION-SOURCE-VERIFICATION-R1.tsv|docs/research/UC-RQ-031-MAAI4-VERBAL-PARTICLE-FAMILY-RESEARCH-R1.md|docs/research/UC-RQ-031-MAAI4-VERBAL-PARTICLE-FAMILY-SOURCE-VERIFICATION-R1.tsv|docs/research/UC-RQ-032-MEI6-NOT-YET-NEGATION-RESEARCH-R1.md|docs/research/UC-RQ-032-MEI6-NOT-YET-NEGATION-SOURCE-VERIFICATION-R1.tsv|docs/research/UC-RQ-034-PIVOTAL-CONTROL-COMPLEMENT-FAMILY-RESEARCH-R1.md|docs/research/UC-RQ-034-PIVOTAL-CONTROL-COMPLEMENT-FAMILY-SOURCE-VERIFICATION-R1.tsv|docs/research/UC-RQ-035-JAT1-ZAU6-IMMEDIATE-ANTERIORITY-COLLISION-AUDIT-R1.tsv|docs/research/UC-RQ-035-JAT1-ZAU6-IMMEDIATE-ANTERIORITY-RESEARCH-R1.md|docs/research/UC-RQ-035-JAT1-ZAU6-IMMEDIATE-ANTERIORITY-SOURCE-VERIFICATION-R1.tsv|docs/research/UC-RQ-038-CEOI4FEI1-EXCEPTION-CONDITIONAL-RESEARCH-R1.md|docs/research/UC-RQ-038-CEOI4FEI1-EXCEPTION-CONDITIONAL-SOURCE-VERIFICATION-R1.tsv|docs/research/UC-RQ-039-JAT1BIN1-SIMULTANEOUS-EVENT-CORRELATIVE-RESEARCH-R1.md|docs/research/UC-RQ-039-JAT1BIN1-SIMULTANEOUS-EVENT-CORRELATIVE-SOURCE-VERIFICATION-R1.tsv|docs/research/VJYUNZO-NATIVE-CONFLICT-REASSESSMENT-CP022-P1.md|docs/research/WECHAT-GX-TRAVEL-002-ADJUDICATION-REPORT.md|docs/research/WECHAT-GX-TRAVEL-002-PRIORITY-GRAMMAR-RESEARCH-R1.md|docs/research/WECHAT-GX-TRAVEL-002-REGRESSION-REMEDIATION-READINESS-R2.md|docs/research/WH-IDENTITY-NAMING-ADDRESS-SOURCE-MAP-CP021B-R20.md|grammar/research_pending/ComplementEllipsisFragment.md|grammar/research_pending/CoverbFrame.md|grammar/research_pending/DitransitiveSpeechVP.md|grammar/research_pending/DurativeVP.md|grammar/research_pending/ExistentialPresentationalClause.md|grammar/research_pending/GoalAttainmentMotionVP.md|grammar/research_pending/IntentionFrame.md|grammar/research_pending/LocativeExistentialClause.md|grammar/research_pending/LocativePostureVP.md|grammar/research_pending/NamingClause.md|grammar/research_pending/NegativeExperiential.md|grammar/research_pending/PassivePermissiveRelation.md|grammar/research_pending/PerfectiveVP.md|grammar/research_pending/PossessiveClassifierNP.md|grammar/research_pending/PostverbalZoPerfectiveVP.md|grammar/research_pending/ReduplicatedVP.md|grammar/research_pending/ReportedSpeech.md|grammar/research_pending/ResourceUseLaiFunctionRelation.md|grammar/research_pending/Topic.md|grammar/unsupported_generalization/CoordinatedNP.md|grammar/unsupported_generalization/OpinionStanceFrame.md|grammar/unsupported_generalization/SuggestionQuestion.md|test-data/a1-context-status-fixture.tsv|test-data/cp021b-lx1-construction-freeze-baseline.json|test-data/CP023-P1-PROG01-nominal-design-cases-r3.tsv|test-data/CP023-P1-PROG01-visible-research-packet.tsv|test-data/grammar-claim-source-edges-CP021A.tsv|test-data/grammar-legitimacy-source-register.tsv|test-data/grammar-source-locators-CP021A.tsv|test-data/native-naturalness-conflict-dispositions.tsv|test-data/native-speaker-naturalness-evidence-v1.json|test-data/native-speaker-naturalness-evidence-v1.tsv|test-data/natural-corpus-wechat-father-daughter-001-turns.json|test-data/natural-corpus-wechat-father-daughter-001-turns.tsv|test-data/natural-corpus-wechat-father-daughter-001-units.json|test-data/natural-corpus-wechat-father-daughter-001-units.tsv|test-data/natural-corpus-wechat-guangxi-travel-002-raw.txt|test-data/natural-corpus-wechat-guangxi-travel-002-turns.json|test-data/natural-corpus-wechat-guangxi-travel-002-turns.tsv|test-data/natural-corpus-wechat-guangxi-travel-002-units.json|test-data/natural-corpus-wechat-guangxi-travel-002-units.tsv|test-data/pre-intermediate-gold-corpus.tsv|test-data/review-only-readiness.tsv|test-data/w17-corpus-semantic-disposition.tsv|test-data/w17-functional-corpus.tsv|test-data/w17-glossika-corpus.tsv|test-data/w17-naturalized-alternatives.tsv|test-data/WECHAT-GX-TRAVEL-002-ADJUDICATION-MATRIX.json|test-data/WECHAT-GX-TRAVEL-002-ADJUDICATION-MATRIX.tsv|test-data/WECHAT-GX-TRAVEL-002-CONTROLLED-CONTRASTS-R1.tsv|test-data/WECHAT-GX-TRAVEL-002-LEXICON-PATCH-BLUEPRINT-R2.json|test-data/WECHAT-GX-TRAVEL-002-LEXICON-PATCH-BLUEPRINT-R2.tsv|test-data/WECHAT-GX-TRAVEL-002-LEXICON-PATCH-TEST-MATRIX-R2.tsv|test-data/WECHAT-GX-TRAVEL-002-QUEUE-D-context_disfluency_research.tsv|test-data/WECHAT-GX-TRAVEL-002-QUEUE-G-grammar_research_external_evidence.tsv|test-data/WECHAT-GX-TRAVEL-002-QUEUE-L-lexicon_jyutping_enrichment.tsv|test-data/WECHAT-GX-TRAVEL-002-QUEUE-R-accepted_behavior_regression.tsv|test-data/WECHAT-GX-TRAVEL-002-REGRESSION-REMEDIATION-READINESS-R2.json|test-data/WECHAT-GX-TRAVEL-002-REGRESSION-REMEDIATION-READINESS-R2.tsv|tests/constructions/ActionStativeVP.json|tests/constructions/ANotAQuestion.json|tests/constructions/ApproximateQuantity.json|tests/constructions/AssociativeNP.json|tests/constructions/ClauseRelationEdge.json|tests/constructions/ClauseRelationGraph.json|tests/constructions/ClauseRelationMemberSpan.json|tests/constructions/ClauseSpan.json|tests/constructions/CognitionContentFrame.json|tests/constructions/CognitionStatementClause.json|tests/constructions/ComplementEllipsisFragment.json|tests/constructions/CompletionVP.json|tests/constructions/ConditionalClause.json|tests/constructions/CopularIdentificationFrame.json|tests/constructions/CopularRelationFrame.json|tests/constructions/CoverbFrame.json|tests/constructions/DegreeMannerAdverbial.json|tests/constructions/DegreeModifiedLexicalStative.json|tests/constructions/DegreeStativePredicate.json|tests/constructions/DelimitedVP.json|tests/constructions/DesiderativeVP.json|tests/constructions/DirectedMannerMotionVP.json|tests/constructions/DirectionalMotionVP.json|tests/constructions/DiscourseParticleFrame.json|tests/constructions/DitransitiveSpeechVP.json|tests/constructions/DurativeVP.json|tests/constructions/ExistentialClause.json|tests/constructions/ExistentialPresentationalClause.json|tests/constructions/ExperientialClause.json|tests/constructions/ExperientialMotionGoalVP.json|tests/constructions/ExperientialQuestion.json|tests/constructions/ExperientialVP.json|tests/constructions/FocusParticleFrame.json|tests/constructions/FormulaDiscourseUnit.json|tests/constructions/FragmentAnswer.json|tests/constructions/GoalAttainmentMotionVP.json|tests/constructions/ImpersonalEnvironmentalClause.json|tests/constructions/IntendedFunctionRelation.json|tests/constructions/IntentionFrame.json|tests/constructions/IntransitiveVP.json|tests/constructions/LexicalGiveRelation.json|tests/constructions/LocativeExistentialClause.json|tests/constructions/LocativeFrameClause.json|tests/constructions/LocativePlacePhrase.json|tests/constructions/MalformedCandidate.json|tests/constructions/MannerAdverbialVP.json|tests/constructions/MeasureExpression.json|tests/constructions/ModalVP.json|tests/constructions/ModifiedNP.json|tests/constructions/ModifierNP.json|tests/constructions/MotionGoalVP.json|tests/constructions/MotionPurposeChain.json|tests/constructions/NamingClause.json|tests/constructions/NeedsContext.json|tests/constructions/NegatedDirectionalMotionVP.json|tests/constructions/NegatedExistentialClause.json|tests/constructions/NegatedExistentialFragment.json|tests/constructions/NegatedVP.json|tests/constructions/NegativeCognitionFragment.json|tests/constructions/NegativeExperiential.json|tests/constructions/NegativePotentialComplement.json|tests/constructions/NegativePotentialDirectionalVP.json|tests/constructions/NominalHeadSpan.json|tests/constructions/NominalPredicateClause.json|tests/constructions/OpinionStanceFrame.json|tests/constructions/OvertHeadDemonstrativeClassifierNP.json|tests/constructions/PassivePermissiveRelation.json|tests/constructions/PathPhrase.json|tests/constructions/PerfectiveDirectionalVP.json|tests/constructions/PerfectiveVP.json|tests/constructions/PolarQuestionFrame.json|tests/constructions/PoliteImperativeClause.json|tests/constructions/PossessiveClassifierNP.json|tests/constructions/PostThemeParticipantRelation.json|tests/constructions/PostverbalZoPerfectiveVP.json|tests/constructions/PotentialDirectionalVP.json|tests/constructions/PotentialResultVP.json|tests/constructions/PreferenceVP.json|tests/constructions/PriorityMarkerClause.json|tests/constructions/ProductiveVO.json|tests/constructions/ProgressiveDirectionalVP.json|tests/constructions/ProgressiveVP.json|tests/constructions/ProhibitiveImperative.json|tests/constructions/QuantifiedClassifierNP.json|tests/constructions/ReduplicatedVP.json|tests/constructions/RelativeClauseNP.json|tests/constructions/RepetitiveComplementVP.json|tests/constructions/ReportedSpeech.json|tests/constructions/ResourceUseLaiFunctionRelation.json|tests/constructions/RestorativeComplementVP.json|tests/constructions/ResultComplementVP.json|tests/constructions/SerialVerbPurposeChain.json|tests/constructions/SourceMotionClause.json|tests/constructions/StativeNominalComplement.json|tests/constructions/StativePredicate.json|tests/constructions/SuggestionQuestion.json|tests/constructions/TemporalClause.json|tests/constructions/Topic.json|tests/constructions/TopicComment.json|tests/constructions/TransitiveVP.json|tests/constructions/VerbComplementVP.json|tests/constructions/VocativeAddressTerm.json|tests/fixtures/boundary-closure-v1.json|tests/fixtures/np-subsystem.json|tests/fixtures/regression-snapshots.json|tests/run-regression.js|tests/tooling/corpus-review/test_aa30_hkcancor_profile.py|tests/tooling/corpus-review/test_aa76_hkcancor_profile.py|tests/tooling/corpus-review/test_aa77_hkcancor_profile.py		REQUIRES_EXPERT_CONTEXT_REVIEW
GLOSSIKA-YUEHK-A1-DLG-011-20260215-I074	74	lexical_entry			34	係	hai6	to be, is/are	sha256:41d4059d3cda0ffb83e2af784d94e40a2f6a950c4a8ec4a0ccad8a4ba94fc2b3	true			exact_duplicate_candidate	lexical_only_attestation	src/runtime-resources/lexicon/token-lexicon/function-words-and-particles.js	src/parser/clause-relations/graph.js|src/parser/clause-relations/markers.js|src/parser/context/descriptors.js|src/parser/detectors/definition/copular-relations.js|src/parser/detectors/definition/intended-function.js|src/parser/detectors/discourse/formula-responses.js|src/parser/detectors/discourse/protected-formulas.js|src/parser/detectors/nominal-predication/clauses.js|src/parser/detectors/opinion/stance.js|src/parser/detectors/questions/a-not-a.js|src/parser/features/token-features.js|src/parser/terminal/questions/final-particles.js|src/parser/tokenization/contextual-overrides.js|src/plugin-entry.js|src/runtime-resources/constructions/runtime-label-registry.js|src/runtime-resources/grammar/templates/category-span-templates.js|src/runtime-resources/grammar/templates/construction-templates.js|src/runtime-resources/grammar/templates/slot-generation-rules.js|src/runtime-resources/lexicon/compositional-lexical-phrases.js|src/runtime-resources/lexicon/token-lexicon/degree-and-formulas.js|src/runtime-resources/lexicon/token-lexicon/function-words-and-particles.js|src/runtime-resources/lexicon/token-lexicon/study-suite.js|src/runtime-resources/lexicon/token-lexicon/verbs.js	data/construction-adjudication-batches/batch-04.json|data/construction-adjudication-batches/batch-06.json|data/construction-adjudication-batches/batch-07.json|data/construction-adjudication-batches/batch-12.json|data/construction-adjudication-batches/batch-17.json|data/construction-adjudication-batches/batch-18.json|data/construction-candidate-readiness.json|data/construction-identities.json|data/natural-corpus/wechat-father-daughter-001.txt|data/pedagogical-corpus/glossika/GLOSSIKA-YUEHK-A1-DLG-002-20251207/crosswalk.json|data/pedagogical-corpus/glossika/GLOSSIKA-YUEHK-A1-DLG-002-20251207/items.tsv|data/pedagogical-corpus/glossika/GLOSSIKA-YUEHK-A1-DLG-002-20251207/review.json|data/pedagogical-corpus/glossika/GLOSSIKA-YUEHK-A1-DLG-002-20251207/source.json|data/pedagogical-corpus/glossika/GLOSSIKA-YUEHK-A1-DLG-003-20251214/crosswalk.json|data/pedagogical-corpus/glossika/GLOSSIKA-YUEHK-A1-DLG-003-20251214/items.tsv|data/pedagogical-corpus/glossika/GLOSSIKA-YUEHK-A1-DLG-003-20251214/review.json|data/pedagogical-corpus/glossika/GLOSSIKA-YUEHK-A1-DLG-003-20251214/source.json|data/pedagogical-corpus/glossika/GLOSSIKA-YUEHK-A1-DLG-004-20251221/crosswalk.json|data/pedagogical-corpus/glossika/GLOSSIKA-YUEHK-A1-DLG-004-20251221/items.tsv|data/pedagogical-corpus/glossika/GLOSSIKA-YUEHK-A1-DLG-004-20251221/review.json|data/pedagogical-corpus/glossika/GLOSSIKA-YUEHK-A1-DLG-004-20251221/source.json|data/pedagogical-corpus/glossika/GLOSSIKA-YUEHK-A1-DLG-005-20251228/crosswalk.json|data/pedagogical-corpus/glossika/GLOSSIKA-YUEHK-A1-DLG-005-20251228/items.tsv|data/pedagogical-corpus/glossika/GLOSSIKA-YUEHK-A1-DLG-005-20251228/review.json|data/pedagogical-corpus/glossika/GLOSSIKA-YUEHK-A1-DLG-005-20251228/source.json|data/pedagogical-corpus/glossika/GLOSSIKA-YUEHK-A1-DLG-006-20260104/crosswalk.json|data/pedagogical-corpus/glossika/GLOSSIKA-YUEHK-A1-DLG-006-20260104/items.tsv|data/pedagogical-corpus/glossika/GLOSSIKA-YUEHK-A1-DLG-006-20260104/review.json|data/pedagogical-corpus/glossika/GLOSSIKA-YUEHK-A1-DLG-006-20260104/source.json|data/pedagogical-corpus/glossika/GLOSSIKA-YUEHK-A1-DLG-007-20260111/crosswalk.json|data/pedagogical-corpus/glossika/GLOSSIKA-YUEHK-A1-DLG-007-20260111/items.tsv|data/pedagogical-corpus/glossika/GLOSSIKA-YUEHK-A1-DLG-007-20260111/review.json|data/pedagogical-corpus/glossika/GLOSSIKA-YUEHK-A1-DLG-007-20260111/source.json|data/pedagogical-corpus/glossika/GLOSSIKA-YUEHK-A1-DLG-008-20260125/crosswalk.json|data/pedagogical-corpus/glossika/GLOSSIKA-YUEHK-A1-DLG-008-20260125/items.tsv|data/pedagogical-corpus/glossika/GLOSSIKA-YUEHK-A1-DLG-008-20260125/review.json|data/pedagogical-corpus/glossika/GLOSSIKA-YUEHK-A1-DLG-008-20260125/source.json|data/pedagogical-corpus/glossika/GLOSSIKA-YUEHK-A1-DLG-009-20260201/crosswalk.json|data/pedagogical-corpus/glossika/GLOSSIKA-YUEHK-A1-DLG-009-20260201/items.tsv|data/pedagogical-corpus/glossika/GLOSSIKA-YUEHK-A1-DLG-009-20260201/review.json|data/pedagogical-corpus/glossika/GLOSSIKA-YUEHK-A1-DLG-009-20260201/source.json|data/pedagogical-corpus/glossika/GLOSSIKA-YUEHK-A1-DLG-010-20260208/crosswalk.json|data/pedagogical-corpus/glossika/GLOSSIKA-YUEHK-A1-DLG-010-20260208/items.tsv|data/pedagogical-corpus/glossika/GLOSSIKA-YUEHK-A1-DLG-010-20260208/review.json|data/pedagogical-corpus/glossika/GLOSSIKA-YUEHK-A1-DLG-010-20260208/source.json|data/pedagogical-corpus/glossika/GLOSSIKA-YUEHK-A1-W14-20260621/items.tsv|data/pedagogical-corpus/glossika/GLOSSIKA-YUEHK-A1-W14-20260621/review.json|data/pedagogical-corpus/glossika/GLOSSIKA-YUEHK-A1-W14-20260621/source.json|data/pedagogical-corpus/glossika/GLOSSIKA-YUEHK-A1-W15-20260628/items.tsv|data/pedagogical-corpus/glossika/GLOSSIKA-YUEHK-A1-W15-20260628/review.json|data/pedagogical-corpus/glossika/GLOSSIKA-YUEHK-A1-W15-20260628/source.json|data/pedagogical-corpus/glossika/GLOSSIKA-YUEHK-A1-W16-20260705/items.tsv|data/pedagogical-corpus/glossika/GLOSSIKA-YUEHK-A1-W16-20260705/review.json|data/pedagogical-corpus/glossika/GLOSSIKA-YUEHK-A1-W16-20260705/source.json|data/pedagogical-corpus/glossika/GLOSSIKA-YUEHK-A1-W17-20260712/crosswalk.json|data/pedagogical-corpus/glossika/GLOSSIKA-YUEHK-A1-W17-20260712/items.tsv|data/pedagogical-corpus/glossika/GLOSSIKA-YUEHK-A1-W17-20260712/review.json|data/pedagogical-corpus/glossika/GLOSSIKA-YUEHK-A1-W17-20260712/source.json|data/pedagogical-corpus/glossika/GLOSSIKA-YUEHK-A1-W18-20260719/crosswalk.json|data/pedagogical-corpus/glossika/GLOSSIKA-YUEHK-A1-W18-20260719/items.tsv|data/pedagogical-corpus/glossika/GLOSSIKA-YUEHK-A1-W18-20260719/review.json|data/pedagogical-corpus/glossika/GLOSSIKA-YUEHK-A1-W18-20260719/source.json|data/research-ledgers/glossika-week15-claim-source.json|data/research-ledgers/glossika-week15-followup-candidates.json|data/research-ledgers/glossika-week18-claim-source.json|data/research-ledgers/glossika-week18-followup-candidates.json|data/research-ledgers/glossika-week19-function-word-profiles.json|docs/releases/v0.5.195-evaluation-scalar-question-wrapper-audit.json|docs/releases/v0.5.208-copular-anota-reconciliation-audit.json|docs/releases/v0.5.213-negated-stative-predicate-reconciliation-audit.json|docs/research/ACTIVE-LABEL-EVIDENCE-ONTOLOGY-CLOSURE-R1.md|docs/research/CANONICAL-TARGET-ONTOLOGY-CP021B-R35.tsv|docs/research/COGNITION-SPEECH-INTENTION-SOURCE-MAP-CP021B-R31.md|docs/research/COMPLEMENT-OMISSION-AND-VALENCY-SOURCE-MAP-CP021B-R26.md|docs/research/CONDITIONAL-CLAUSE-LINKING-SOURCE-MAP-CP021B-R25.md|docs/research/CONSTRUCTION-ADJUDICATION-BATCH-04.md|docs/research/CONSTRUCTION-ADJUDICATION-BATCH-06.md|docs/research/CONSTRUCTION-ADJUDICATION-BATCH-07.md|docs/research/CONSTRUCTION-ADJUDICATION-BATCH-12.md|docs/research/CONSTRUCTION-ADJUDICATION-BATCH-17.md|docs/research/CONSTRUCTION-ADJUDICATION-BATCH-18.md|docs/research/CP022-IMPLEMENTATION-BACKLOG-CP021B-R37.tsv|docs/research/CP023-P1-PROG01-NATURAL-ATTESTATION-ADJUDICATION.md|docs/research/CP023-P1-PROG01-REMEDIATION-DEPENDENCIES-R2.tsv|docs/research/CP025-P1-PFV01-SPEAKER-A-RAW-R2.md|docs/research/CP026-P1-RUL01-IMPLEMENTATION-PROBE-R1.tsv|docs/research/CP026-P1-RUL01-PUBLIC-PANEL-R1-RESULT.md|docs/research/CP026-P1-RUL01-SPEAKER-A-FORM-R1.md|docs/research/CP032-P1-RUL01-CONTRAST-REQUIREMENTS-R1.tsv|docs/research/CP034-P1-LOW-REFERENCE-WRAPPER-AUDIT-R1.md|docs/research/CP034-P1-LOW-REFERENCE-WRAPPER-INVENTORY-R1.tsv|docs/research/CP035-P1-EXPERIENTIAL-DELIMITED-WRAPPER-AUDIT-R1.md|docs/research/CP035-P1-EXPERIENTIAL-DELIMITED-WRAPPER-INVENTORY-R1.tsv|docs/research/CP039-P1-EVALUATION-SCALAR-QUESTION-WRAPPER-AUDIT-R1.md|docs/research/CP039-P1-EVALUATION-SCALAR-QUESTION-WRAPPER-INVENTORY-R1.tsv|docs/research/CP049-P1-ANOTA-ACCEPTABILITY-RECONCILIATION-R1.md|docs/research/CP049-P1-ANOTA-ACCEPTABILITY-SOURCE-VERIFICATION-R1.tsv|docs/research/CP051-P1-COPULAR-ANOTA-RECONCILIATION-R1.md|docs/research/CP051-P1-COPULAR-ANOTA-SOURCE-VERIFICATION-R1.tsv|docs/research/CP057-P1-NEGATED-STATIVE-PREDICATE-RECONCILIATION-R1.md|docs/research/CP061-P1-HIGH-FANOUT-BOUNDARY-CLOSURE-R1.md|docs/research/DIRECTIVE-SUGGESTION-PRIORITY-SOURCE-MAP-CP021B-R27.md|docs/research/EVALUATION-PACKET-BLUEPRINTS-CP021B-R37.json|docs/research/GLOSSIKA-YUEHK-A1-W14-20260621-RESEARCH.md|docs/research/GLOSSIKA-YUEHK-A1-W15-20260628-RESEARCH.md|docs/research/GLOSSIKA-YUEHK-A1-W18-20260719-RESEARCH.md|docs/research/GLOSSIKA-YUEHK-A1-W19-20260726-RESEARCH.md|docs/research/LANE-03-FRAGMENTS-DISCOURSE-SOURCE-MAP-CP021B-R17.md|docs/research/LANE-03-RESIDUAL-FRAGMENT-SUBTYPES-SOURCE-MAP-CP021B-R18.md|docs/research/LANE-06-NOMINAL-MODIFICATION-RELATIVES-SOURCE-MAP-CP021B-R11.md|docs/research/LANE-07-A-NOT-A-QUESTIONS-SOURCE-MAP-CP021B-R7.md|docs/research/LANE-08-REPORTED-SPEECH-COGNITION-STANCE-SOURCE-MAP-CP021B-R15.md|docs/research/LANE-10-MEASURE-SCALAR-SOURCE-MAP-CP021B-R19.md|docs/research/NEGATION-ACCEPTABILITY-OPINION-SCHEDULING-SOURCE-MAP-CP021B-R30.md|docs/research/PARSER-CONSTRUCTION-CANONICAL-CONSOLIDATION-MATRIX-CP021B-R35.tsv|docs/research/PARSER-CONSTRUCTION-INTERNAL-DISPOSITION-MATRIX-CP021B-R34.tsv|docs/research/PARSER-CONSTRUCTION-SOURCE-COVERAGE-CP021B-R37.tsv|docs/research/PARSER-CONSTRUCTION-SOURCE-MATRIX-CP021B-R37.tsv|docs/research/PARSER-CONSTRUCTION-SOURCE-REGISTER-CP021B-R37-ADDITIONS.tsv|docs/research/PARSER-CONSTRUCTION-SOURCE-REGISTER-CP021B-R37.tsv|docs/research/PRQ2-002-ZOU2ZI1-HINDSIGHT-REGRET-COLLISION-AUDIT-R1.tsv|docs/research/PRQ2-002-ZOU2ZI1-HINDSIGHT-REGRET-RESEARCH-R1.md|docs/research/PRQ2-002-ZOU2ZI1-HINDSIGHT-REGRET-SOURCE-VERIFICATION-R1.tsv|docs/research/PRQ2-003-JYUT6-SCALAR-PROGRESSION-COLLISION-AUDIT-R1.tsv|docs/research/PRQ2-003-JYUT6-SCALAR-PROGRESSION-RESEARCH-R1.md|docs/research/PRQ2-003-JYUT6-SCALAR-PROGRESSION-SOURCE-VERIFICATION-R1.tsv|docs/research/PRQ2-007-HEI2SOENG5LAI4-INCHOATIVE-ASPECT-COLLISION-AUDIT-R1.tsv|docs/research/PRQ2-007-HEI2SOENG5LAI4-INCHOATIVE-ASPECT-RESEARCH-R1.md|docs/research/PRQ2-008-ZI2JIU3-ZAU6-SUFFICIENT-CONDITION-COLLISION-AUDIT-R1.tsv|docs/research/PRQ2-008-ZI2JIU3-ZAU6-SUFFICIENT-CONDITION-RESEARCH-R1.md|docs/research/PRQ2-010-CEOI4ZO2-ZI1NGOI6-EXCLUSION-ADDITION-SOURCE-VERIFICATION-R1.tsv|docs/research/PRQ2-011-M4DAAN1ZI2-ZUNG6-ADDITIVE-CORRELATIVE-COLLISION-AUDIT-R1.tsv|docs/research/PRQ2-011-M4DAAN1ZI2-ZUNG6-ADDITIVE-CORRELATIVE-RESEARCH-R1.md|docs/research/PRQ2-012-JAT1HAI6-EXCLUSIVE-ALTERNATIVE-COLLISION-AUDIT-R1.tsv|docs/research/PRQ2-012-JAT1HAI6-EXCLUSIVE-ALTERNATIVE-RESEARCH-R1.md|docs/research/PRQ2-012-JAT1HAI6-EXCLUSIVE-ALTERNATIVE-SOURCE-VERIFICATION-R1.tsv|docs/research/PRQ2-015-MUI5-GO3GO3-DOU1-DISTRIBUTIVE-QUANTIFICATION-COLLISION-AUDIT-R1.tsv|docs/research/PRQ2-015-MUI5-GO3GO3-DOU1-DISTRIBUTIVE-QUANTIFICATION-RESEARCH-R1.md|docs/research/PRQ2-034-MOU4LEON6-DOU1-UNCONDITIONAL-COLLISION-AUDIT-R1.tsv|docs/research/PRQ2-034-MOU4LEON6-DOU1-UNCONDITIONAL-RESEARCH-R1.md|docs/research/PRQ2-034-MOU4LEON6-DOU1-UNCONDITIONAL-SOURCE-VERIFICATION-R1.tsv|docs/research/PRQ2-035-NING4JYUN6-DOU1-COMMITTED-PREFERENCE-COLLISION-AUDIT-R1.tsv|docs/research/QUANTITY-SCALAR-ACTION-BOUNDARIES-SOURCE-MAP-CP021B-R29.md|docs/research/reopened-retired-labels/IdentificationAssertionLaiFrame.md|docs/research/reopened-retired-labels/IdentityWhQuestion.md|docs/research/reopened-retired-labels/TimeToActionFrame.md|docs/research/REPRESENTATION-HEURISTIC-AUDIT-CP021B-R34.md|docs/research/RESEARCH-PROVENANCE-REPAIR-PLAN-R1.md|docs/research/RETIRED-CONSTRUCTION-ARCHIVE-v0.5.186-R1.tsv|docs/research/survey-derived/Survey/SURVEY-EXPORT-2026-07-24-1538-AGGREGATE-R2.md|docs/research/survey-derived/Survey/SURVEY-EXPORT-2026-07-24-1538-AGGREGATE-SUMMARY-R2.json|docs/research/survey-derived/SV-RQ-001-007/SV-RQ-001-007-ATTESTATION-REGISTER-R2.json|docs/research/survey-derived/SV-RQ-001-007/SV-RQ-001-007-BOUNDARY-MATRIX-R2.md|docs/research/survey-derived/SV-RQ-001-007/SV-RQ-001-007-ROUND-1.md|docs/research/survey-derived/SV-RQ-001-007/SV-RQ-001-007-ROUND-2.md|docs/research/UC-RQ-001-GENERAL-ZOENG1-DISPOSAL-NATURAL-ATTESTATION-R1.tsv|docs/research/UC-RQ-004-005-COMPARISON-HKCANCOR-ATTESTATION-R1.md|docs/research/UC-RQ-012-SENTENCE-FINAL-FOCUS-PARTICLE-COLLISION-AUDIT-R1.tsv|docs/research/UC-RQ-012-SENTENCE-FINAL-FOCUS-PARTICLE-FAMILY-RESEARCH-R1.md|docs/research/UC-RQ-016-HAI6-GE3-CLEFT-FOCUS-COLLISION-AUDIT-R1.tsv|docs/research/UC-RQ-016-HAI6-GE3-CLEFT-FOCUS-RESEARCH-R1.md|docs/research/UC-RQ-016-HAI6-GE3-CLEFT-FOCUS-SOURCE-VERIFICATION-R1.tsv|docs/research/UC-RQ-018-ALTERNATIVE-QUESTION-COLLISION-AUDIT-R1.tsv|docs/research/UC-RQ-018-ALTERNATIVE-QUESTION-RESEARCH-R1.md|docs/research/UC-RQ-018-ALTERNATIVE-QUESTION-SOURCE-VERIFICATION-R1.tsv|docs/research/UC-RQ-019-CLAUSE-FINAL-TAG-QUESTION-COLLISION-AUDIT-R1.tsv|docs/research/UC-RQ-019-CLAUSE-FINAL-TAG-QUESTION-RESEARCH-R1.md|docs/research/UC-RQ-019-CLAUSE-FINAL-TAG-QUESTION-SOURCE-VERIFICATION-R1.tsv|docs/research/UC-RQ-023-GE3-NOMINALIZATION-RESEARCH-R1.md|docs/research/UC-RQ-025-NULL-ARGUMENT-ZERO-ANAPHORA-COLLISION-AUDIT-R1.tsv|docs/research/UC-RQ-025-NULL-ARGUMENT-ZERO-ANAPHORA-RESEARCH-R1.md|docs/research/UC-RQ-026-DI1-DEGREE-COLLISION-AUDIT-R1.tsv|docs/research/UC-RQ-026-DI1-DEGREE-DISPOSITION-R1.md|docs/research/UC-RQ-026-DI1-DEGREE-SOURCE-VERIFICATION-R1.tsv|docs/research/UC-RQ-027-ZEOI3-SUPERLATIVE-RESEARCH-R1.md|docs/research/UC-RQ-027-ZEOI3-SUPERLATIVE-SOURCE-VERIFICATION-R1.tsv|docs/research/UC-RQ-035-JAT1-ZAU6-IMMEDIATE-ANTERIORITY-RESEARCH-R1.md|docs/research/UC-RQ-036-SEOI1JIN4-DAAN6HAI6-CONCESSIVE-COLLISION-AUDIT-R1.tsv|docs/research/UC-RQ-036-SEOI1JIN4-DAAN6HAI6-CONCESSIVE-RESEARCH-R1.md|docs/research/UC-RQ-036-SEOI1JIN4-DAAN6HAI6-CONCESSIVE-SOURCE-VERIFICATION-R1.tsv|docs/research/UC-RQ-037-ZAU6SYUN3-DOU1-SCALAR-CONCESSIVE-COLLISION-AUDIT-R1.tsv|docs/research/UC-RQ-037-ZAU6SYUN3-DOU1-SCALAR-CONCESSIVE-RESEARCH-R1.md|docs/research/UC-RQ-038-CEOI4FEI1-EXCEPTION-CONDITIONAL-COLLISION-AUDIT-R1.tsv|docs/research/UC-RQ-038-CEOI4FEI1-EXCEPTION-CONDITIONAL-RESEARCH-R1.md|docs/research/UC-RQ-038-CEOI4FEI1-EXCEPTION-CONDITIONAL-SOURCE-VERIFICATION-R1.tsv|docs/research/UC-RQ-039-JAT1BIN1-SIMULTANEOUS-EVENT-CORRELATIVE-SOURCE-VERIFICATION-R1.tsv|docs/research/WECHAT-GX-TRAVEL-002-ADJUDICATION-REPORT.md|docs/research/WECHAT-GX-TRAVEL-002-PRIORITY-GRAMMAR-RESEARCH-R1.md|docs/research/WECHAT-GX-TRAVEL-002-REGRESSION-REMEDIATION-READINESS-R2.md|docs/research/WH-IDENTITY-NAMING-ADDRESS-SOURCE-MAP-CP021B-R20.md|grammar/lexicalized_only/FormulaDiscourseUnit.md|grammar/parser_heuristic/PolarQuestionFrame.md|grammar/research_pending/ComplementEllipsisFragment.md|grammar/research_pending/ImpersonalEnvironmentalClause.md|grammar/research_pending/NamingClause.md|grammar/research_pending/NegatedStativePredicate.md|grammar/research_pending/NominalPredicateClause.md|grammar/retired/README.md|grammar/unsupported_generalization/AcceptabilityANotA.md|grammar/unsupported_generalization/CopularANotAQuestion.md|test-data/a1-context-status-fixture.tsv|test-data/cp021b-lx1-construction-freeze-baseline.json|test-data/CP023-P1-PROG01-visible-research-packet.tsv|test-data/grammar-legitimacy-source-register.tsv|test-data/native-speaker-naturalness-evidence-v1.json|test-data/native-speaker-naturalness-evidence-v1.tsv|test-data/natural-corpus-wechat-father-daughter-001-turns.json|test-data/natural-corpus-wechat-father-daughter-001-turns.tsv|test-data/natural-corpus-wechat-father-daughter-001-units.json|test-data/natural-corpus-wechat-father-daughter-001-units.tsv|test-data/natural-corpus-wechat-guangxi-travel-002-turns.json|test-data/natural-corpus-wechat-guangxi-travel-002-turns.tsv|test-data/natural-corpus-wechat-guangxi-travel-002-units.json|test-data/natural-corpus-wechat-guangxi-travel-002-units.tsv|test-data/pre-intermediate-gold-corpus.tsv|test-data/review-only-readiness.tsv|test-data/w17-corpus-semantic-disposition.tsv|test-data/w17-functional-corpus.tsv|test-data/w17-glossika-corpus.tsv|test-data/w17-naturalized-alternatives.tsv|test-data/WECHAT-GX-TRAVEL-002-ADJUDICATION-MATRIX.json|test-data/WECHAT-GX-TRAVEL-002-ADJUDICATION-MATRIX.tsv|test-data/WECHAT-GX-TRAVEL-002-CONTROLLED-CONTRASTS-R1.tsv|test-data/WECHAT-GX-TRAVEL-002-QUEUE-D-context_disfluency_research.tsv|test-data/WECHAT-GX-TRAVEL-002-QUEUE-G-grammar_research_external_evidence.tsv|test-data/WECHAT-GX-TRAVEL-002-QUEUE-L-lexicon_jyutping_enrichment.tsv|test-data/WECHAT-GX-TRAVEL-002-QUEUE-R-accepted_behavior_regression.tsv|test-data/WECHAT-GX-TRAVEL-002-REGRESSION-REMEDIATION-READINESS-R2.json|test-data/WECHAT-GX-TRAVEL-002-REGRESSION-REMEDIATION-READINESS-R2.tsv|tests/constructions/AcceptabilityANotA.json|tests/constructions/ClauseRelationEdge.json|tests/constructions/ClauseRelationGraph.json|tests/constructions/ClauseRelationMemberSpan.json|tests/constructions/ClauseSpan.json|tests/constructions/CognitionStatementClause.json|tests/constructions/ComplementEllipsisFragment.json|tests/constructions/CopularANotAQuestion.json|tests/constructions/CopularIdentificationFrame.json|tests/constructions/CopularRelationFrame.json|tests/constructions/DegreeStativePredicate.json|tests/constructions/DiMarkedNP.json|tests/constructions/DirectionalMotionVP.json|tests/constructions/FormulaDiscourseUnit.json|tests/constructions/HeadlessDemonstrativeClassifierNP.json|tests/constructions/ModifierNP.json|tests/constructions/NeedsContext.json|tests/constructions/NegatedDirectionalMotionVP.json|tests/constructions/NegatedStativePredicate.json|tests/constructions/NominalPredicateClause.json|tests/constructions/OpinionStanceFrame.json|tests/constructions/ProgressiveVP.json|tests/constructions/ResourceUseLaiFunctionRelation.json|tests/constructions/StativeNominalComplement.json|tests/constructions/TemporalClause.json|tests/fixtures/boundary-closure-v1.json|tests/fixtures/regression-snapshots.json		REQUIRES_EXPERT_CONTEXT_REVIEW
GLOSSIKA-YUEHK-A1-DLG-011-20260215-I075	75	lexical_entry			35	咪	mai6	then, in that case	sha256:36542ef915c65a39989be21d07943da23ea0fa9aeaa97248073a87076a295ae3	false			exact_duplicate_candidate	lexical_only_attestation	src/runtime-resources/lexicon/token-lexicon/study-suite.js	src/parser/context/descriptors.js|src/parser/detectors/questions/a-not-a.js|src/parser/tokenization/contextual-overrides.js|src/plugin-entry.js|src/runtime-resources/grammar/templates/construction-templates.js|src/runtime-resources/lexicon/token-lexicon/study-suite.js|src/runtime-resources/lexicon/token-lexicon/verbs.js	data/construction-adjudication-batches/batch-04.json|data/construction-adjudication-batches/batch-05.json|data/construction-adjudication-batches/batch-15.json|data/construction-adjudication-batches/batch-18.json|data/construction-candidate-readiness.json|data/construction-identities.json|data/natural-corpus/wechat-father-daughter-001.txt|data/pedagogical-corpus/glossika/GLOSSIKA-YUEHK-A1-DLG-003-20251214/crosswalk.json|data/pedagogical-corpus/glossika/GLOSSIKA-YUEHK-A1-DLG-003-20251214/items.tsv|data/pedagogical-corpus/glossika/GLOSSIKA-YUEHK-A1-DLG-003-20251214/review.json|data/pedagogical-corpus/glossika/GLOSSIKA-YUEHK-A1-DLG-003-20251214/source.json|data/pedagogical-corpus/glossika/GLOSSIKA-YUEHK-A1-DLG-006-20260104/crosswalk.json|data/pedagogical-corpus/glossika/GLOSSIKA-YUEHK-A1-DLG-006-20260104/items.tsv|data/pedagogical-corpus/glossika/GLOSSIKA-YUEHK-A1-DLG-006-20260104/review.json|data/pedagogical-corpus/glossika/GLOSSIKA-YUEHK-A1-DLG-006-20260104/source.json|data/pedagogical-corpus/glossika/GLOSSIKA-YUEHK-A1-DLG-007-20260111/crosswalk.json|data/pedagogical-corpus/glossika/GLOSSIKA-YUEHK-A1-DLG-007-20260111/items.tsv|data/pedagogical-corpus/glossika/GLOSSIKA-YUEHK-A1-DLG-007-20260111/review.json|data/pedagogical-corpus/glossika/GLOSSIKA-YUEHK-A1-DLG-007-20260111/source.json|docs/releases/v0.5.208-copular-anota-reconciliation-audit.json|docs/releases/v0.5.211-negative-experiential-reconciliation-audit.json|docs/releases/v0.5.212-negated-lexicalized-stative-retirement-audit.json|docs/research/ACTIVE-LABEL-EVIDENCE-ONTOLOGY-CLOSURE-R1.md|docs/research/ASPECTUAL-CLAUSE-WRAPPERS-SOURCE-MAP-CP021B-R24.md|docs/research/CONSTRUCTION-ADJUDICATION-BATCH-04.md|docs/research/CONSTRUCTION-ADJUDICATION-BATCH-05.md|docs/research/CONSTRUCTION-ADJUDICATION-BATCH-18.md|docs/research/CP022-IMPLEMENTATION-BACKLOG-CP021B-R37.tsv|docs/research/CP051-P1-COPULAR-ANOTA-RECONCILIATION-R1.md|docs/research/CP051-P1-COPULAR-ANOTA-SOURCE-VERIFICATION-R1.tsv|docs/research/CP055-P1-NEGATIVE-EXPERIENTIAL-RECONCILIATION-R1.md|docs/research/CP056-P1-NEGATED-LEXICALIZED-STATIVE-RETIREMENT-R1.md|docs/research/CP057-P1-NEGATED-STATIVE-PREDICATE-RECONCILIATION-R1.md|docs/research/DIRECTIVE-SUGGESTION-PRIORITY-SOURCE-MAP-CP021B-R27.md|docs/research/EVALUATION-PACKET-BLUEPRINTS-CP021B-R37.json|docs/research/LANE-03-RESIDUAL-FRAGMENT-SUBTYPES-SOURCE-MAP-CP021B-R18.md|docs/research/LANE-07-A-NOT-A-QUESTIONS-SOURCE-MAP-CP021B-R7.md|docs/research/LANE-09-DIRECTIONAL-MOTION-SOURCE-MAP-CP021B-R3.md|docs/research/LANE-10-STATIVE-PREDICATION-SOURCE-MAP-CP021B-R8.md|docs/research/NATIVE-CORPUS-WECHAT-GUANGXI-TRAVEL-002.md|docs/research/PARSER-CONSTRUCTION-CANONICAL-CONSOLIDATION-MATRIX-CP021B-R35.tsv|docs/research/PARSER-CONSTRUCTION-SOURCE-COVERAGE-CP021B-R37.tsv|docs/research/PARSER-CONSTRUCTION-SOURCE-MATRIX-CP021B-R37.tsv|docs/research/PARSER-CONSTRUCTION-SOURCE-REGISTER-CP021B-R37-ADDITIONS.tsv|docs/research/PARSER-CONSTRUCTION-SOURCE-REGISTER-CP021B-R37.tsv|docs/research/PRQ2-002-ZOU2ZI1-HINDSIGHT-REGRET-COLLISION-AUDIT-R1.tsv|docs/research/PRQ2-002-ZOU2ZI1-HINDSIGHT-REGRET-RESEARCH-R1.md|docs/research/PRQ2-002-ZOU2ZI1-HINDSIGHT-REGRET-SOURCE-VERIFICATION-R1.tsv|docs/research/UC-RQ-001-GENERAL-ZOENG1-DISPOSAL-NATURAL-ATTESTATION-R1.tsv|docs/research/UC-RQ-004-005-COMPARISON-HKCANCOR-ATTESTATION-R1.md|docs/research/UC-RQ-019-CLAUSE-FINAL-TAG-QUESTION-COLLISION-AUDIT-R1.tsv|docs/research/UC-RQ-019-CLAUSE-FINAL-TAG-QUESTION-RESEARCH-R1.md|docs/research/UC-RQ-019-CLAUSE-FINAL-TAG-QUESTION-SOURCE-VERIFICATION-R1.tsv|docs/research/WECHAT-GX-TRAVEL-002-ADJUDICATION-REPORT.md|docs/research/WECHAT-GX-TRAVEL-002-CLAIM-SOURCE-EDGES-R1.tsv|docs/research/WECHAT-GX-TRAVEL-002-LEXICON-JYUTPING-READINESS-R1.md|docs/research/WECHAT-GX-TRAVEL-002-LEXICON-JYUTPING-VERIFICATION-R2.md|docs/research/WECHAT-GX-TRAVEL-002-PRIORITY-GRAMMAR-RESEARCH-R1.md|grammar/parser_heuristic/PolarQuestionFrame.md|grammar/research_pending/NegatedDirectionalMotionVP.md|grammar/research_pending/NegatedStativePredicate.md|grammar/research_pending/NegativeExperiential.md|grammar/research_pending/ProhibitiveImperative.md|grammar/unsupported_generalization/CopularANotAQuestion.md|test-data/cp021b-lx1-construction-freeze-baseline.json|test-data/native-naturalness-conflict-dispositions.tsv|test-data/native-speaker-naturalness-evidence-v1.json|test-data/native-speaker-naturalness-evidence-v1.tsv|test-data/natural-corpus-wechat-father-daughter-001-turns.json|test-data/natural-corpus-wechat-father-daughter-001-turns.tsv|test-data/natural-corpus-wechat-father-daughter-001-units.json|test-data/natural-corpus-wechat-father-daughter-001-units.tsv|test-data/natural-corpus-wechat-guangxi-travel-002-raw.txt|test-data/natural-corpus-wechat-guangxi-travel-002-turns.json|test-data/natural-corpus-wechat-guangxi-travel-002-turns.tsv|test-data/natural-corpus-wechat-guangxi-travel-002-units.json|test-data/natural-corpus-wechat-guangxi-travel-002-units.tsv|test-data/WECHAT-GX-TRAVEL-002-ADJUDICATION-MATRIX.json|test-data/WECHAT-GX-TRAVEL-002-ADJUDICATION-MATRIX.tsv|test-data/WECHAT-GX-TRAVEL-002-CONTROLLED-CONTRASTS-R1.tsv|test-data/WECHAT-GX-TRAVEL-002-LEXICON-JYUTPING-READINESS-R1.json|test-data/WECHAT-GX-TRAVEL-002-LEXICON-JYUTPING-READINESS-R1.tsv|test-data/WECHAT-GX-TRAVEL-002-LEXICON-JYUTPING-VERIFICATION-R2.json|test-data/WECHAT-GX-TRAVEL-002-LEXICON-JYUTPING-VERIFICATION-R2.tsv|test-data/WECHAT-GX-TRAVEL-002-QUEUE-D-context_disfluency_research.tsv|test-data/WECHAT-GX-TRAVEL-002-QUEUE-G-grammar_research_external_evidence.tsv|test-data/WECHAT-GX-TRAVEL-002-QUEUE-L-lexicon_jyutping_enrichment.tsv|tests/constructions/DiMarkedNP.json|tests/constructions/ModifiedNP.json|tests/constructions/NegativeExperiential.json|tests/constructions/TemporalClause.json|tests/constructions/TimeNP.json|tests/fixtures/regression-snapshots.json	glossary_surface_absent_from_dialog|vocabulary_surface_absent_from_dialog	REQUIRES_EXPERT_CONTEXT_REVIEW
GLOSSIKA-YUEHK-A1-DLG-011-20260215-I076	76	lexical_entry			36	行	haang4	to walk, to go	sha256:417fe33de12b384aa45136675bf8640b5a23a4524f9db0e2ac0931a89a2b634f	true			exact_duplicate_candidate	lexical_only_attestation	src/runtime-resources/lexicon/token-lexicon/function-words-and-particles.js	src/parser/detectors/manner/adjustment.js|src/parser/detectors/motion/directional.js|src/parser/detectors/motion/path-goal-source.js|src/parser/detectors/transfer/passive-permissive.js|src/runtime-resources/grammar/templates/category-span-templates.js|src/runtime-resources/lexicon/token-lexicon/function-words-and-particles.js|src/runtime-resources/lexicon/token-lexicon/referents-and-boundaries.js|src/runtime-resources/lexicon/token-lexicon/study-suite.js|src/runtime-resources/lexicon/token-lexicon/verbs.js|src/runtime-resources/presentation/learner-glosses.js|src/runtime-resources/pronunciation/jyutping-review-expectations.js	data/construction-adjudication-batches/batch-02.json|data/construction-adjudication-batches/batch-03.json|data/construction-adjudication-batches/batch-08.json|data/construction-adjudication-batches/batch-09.json|data/construction-adjudication-batches/batch-10.json|data/construction-adjudication-batches/batch-16.json|data/construction-adjudication-batches/batch-17.json|data/construction-identities.json|data/pedagogical-corpus/glossika/GLOSSIKA-YUEHK-A1-DLG-006-20260104/crosswalk.json|data/pedagogical-corpus/glossika/GLOSSIKA-YUEHK-A1-DLG-006-20260104/items.tsv|data/pedagogical-corpus/glossika/GLOSSIKA-YUEHK-A1-DLG-006-20260104/review.json|data/pedagogical-corpus/glossika/GLOSSIKA-YUEHK-A1-DLG-006-20260104/source.json|data/pedagogical-corpus/glossika/GLOSSIKA-YUEHK-A1-DLG-007-20260111/crosswalk.json|data/pedagogical-corpus/glossika/GLOSSIKA-YUEHK-A1-DLG-007-20260111/items.tsv|data/pedagogical-corpus/glossika/GLOSSIKA-YUEHK-A1-DLG-007-20260111/review.json|data/pedagogical-corpus/glossika/GLOSSIKA-YUEHK-A1-DLG-007-20260111/source.json|data/pedagogical-corpus/glossika/GLOSSIKA-YUEHK-A1-DLG-008-20260125/crosswalk.json|data/pedagogical-corpus/glossika/GLOSSIKA-YUEHK-A1-DLG-008-20260125/items.tsv|data/pedagogical-corpus/glossika/GLOSSIKA-YUEHK-A1-DLG-008-20260125/review.json|data/pedagogical-corpus/glossika/GLOSSIKA-YUEHK-A1-DLG-008-20260125/source.json|data/pedagogical-corpus/glossika/GLOSSIKA-YUEHK-A1-W14-20260621/items.tsv|data/pedagogical-corpus/glossika/GLOSSIKA-YUEHK-A1-W14-20260621/review.json|data/pedagogical-corpus/glossika/GLOSSIKA-YUEHK-A1-W14-20260621/source.json|data/pedagogical-corpus/glossika/GLOSSIKA-YUEHK-A1-W15-20260628/items.tsv|data/pedagogical-corpus/glossika/GLOSSIKA-YUEHK-A1-W15-20260628/review.json|data/pedagogical-corpus/glossika/GLOSSIKA-YUEHK-A1-W15-20260628/source.json|data/pedagogical-corpus/glossika/GLOSSIKA-YUEHK-A1-W16-20260705/items.tsv|data/pedagogical-corpus/glossika/GLOSSIKA-YUEHK-A1-W16-20260705/review.json|data/pedagogical-corpus/glossika/GLOSSIKA-YUEHK-A1-W16-20260705/source.json|data/pedagogical-corpus/glossika/GLOSSIKA-YUEHK-A1-W18-20260719/crosswalk.json|data/pedagogical-corpus/glossika/GLOSSIKA-YUEHK-A1-W18-20260719/items.tsv|data/pedagogical-corpus/glossika/GLOSSIKA-YUEHK-A1-W18-20260719/review.json|data/pedagogical-corpus/glossika/GLOSSIKA-YUEHK-A1-W18-20260719/source.json|data/research-ledgers/glossika-week15-claim-source.json|data/research-ledgers/glossika-week15-followup-candidates.json|data/research-ledgers/glossika-week15-lexical-ingress.json|data/research-ledgers/glossika-week18-common-verb-audit.json|docs/research/CONSTRUCTION-ADJUDICATION-BATCH-02.md|docs/research/CONSTRUCTION-ADJUDICATION-BATCH-03.md|docs/research/CONSTRUCTION-ADJUDICATION-BATCH-08.md|docs/research/CONSTRUCTION-ADJUDICATION-BATCH-09.md|docs/research/CONSTRUCTION-ADJUDICATION-BATCH-10.md|docs/research/CONSTRUCTION-ADJUDICATION-BATCH-16.md|docs/research/CONSTRUCTION-ADJUDICATION-BATCH-17.md|docs/research/COVERB-MANNER-EVENT-MODIFICATION-SOURCE-MAP-CP021B-R23.md|docs/research/CP022-IMPLEMENTATION-BACKLOG-CP021B-R37.tsv|docs/research/CP023-P1-PROG01-SOURCE-REGISTER-R3.tsv|docs/research/CP024-P0-L45-VERB-VALENCY-INVENTORY-R1.tsv|docs/research/CP040-P1-FINAL-REACHABLE-WRAPPER-AUDIT-R1.md|docs/research/CP042-P1-MANNER-ADVERBIAL-RECONCILIATION-R1.md|docs/research/DIRECTIVE-SUGGESTION-PRIORITY-SOURCE-MAP-CP021B-R27.md|docs/research/EVALUATION-PACKET-BLUEPRINTS-CP021B-R37.json|docs/research/EVENT-MODIFICATION-REDUPLICATION-DELIMITATIVE-FAAN1-SOURCE-MAP-CP021B-R21.md|docs/research/GLOSSIKA-WEEK16-LEXICON-PROVENANCE.md|docs/research/GLOSSIKA-YUEHK-A1-W14-20260621-RESEARCH.md|docs/research/GLOSSIKA-YUEHK-A1-W15-20260628-RESEARCH.md|docs/research/GLOSSIKA-YUEHK-A1-W18-20260719-RESEARCH.md|docs/research/LANE-05-PROGRESSIVE-DURATIVE-EXPERIENTIAL-SOURCE-MAP-CP021B-R13.md|docs/research/LANE-05-RESULT-POTENTIAL-COMPLEMENTS-SOURCE-MAP-CP021B-R10.md|docs/research/LANE-09-DIRECTIONAL-MOTION-SOURCE-MAP-CP021B-R3.md|docs/research/PARSER-CONSTRUCTION-CANONICAL-CONSOLIDATION-MATRIX-CP021B-R35.tsv|docs/research/PARSER-CONSTRUCTION-INTERNAL-DISPOSITION-MATRIX-CP021B-R34.tsv|docs/research/PARSER-CONSTRUCTION-SOURCE-COVERAGE-CP021B-R37.tsv|docs/research/PARSER-CONSTRUCTION-SOURCE-MATRIX-CP021B-R37.tsv|docs/research/PARSER-CONSTRUCTION-SOURCE-REGISTER-CP021B-R37.tsv|docs/research/PRQ2-001-YAU5-MOU5-DAK1-AVAILABILITY-RESEARCH-R1.md|docs/research/PRQ2-003-JYUT6-SCALAR-PROGRESSION-COLLISION-AUDIT-R1.tsv|docs/research/PRQ2-003-JYUT6-SCALAR-PROGRESSION-RESEARCH-R1.md|docs/research/PRQ2-003-JYUT6-SCALAR-PROGRESSION-SOURCE-VERIFICATION-R1.tsv|docs/research/PRQ2-005-HOI1-HABITUAL-ESTABLISHED-ACTIVITY-COLLISION-AUDIT-R1.tsv|docs/research/PRQ2-005-HOI1-HABITUAL-ESTABLISHED-ACTIVITY-RESEARCH-R1.md|docs/research/PRQ2-005-HOI1-HABITUAL-ESTABLISHED-ACTIVITY-SOURCE-VERIFICATION-R1.tsv|docs/research/PRQ2-006-LOK6HEOI3-CONTINUATIVE-ASPECT-COLLISION-AUDIT-R1.tsv|docs/research/PRQ2-006-LOK6HEOI3-CONTINUATIVE-ASPECT-RESEARCH-R1.md|docs/research/PRQ2-007-HEI2SOENG5LAI4-INCHOATIVE-ASPECT-COLLISION-AUDIT-R1.tsv|docs/research/PRQ2-007-HEI2SOENG5LAI4-INCHOATIVE-ASPECT-RESEARCH-R1.md|docs/research/PRQ2-007-HEI2SOENG5LAI4-INCHOATIVE-ASPECT-SOURCE-VERIFICATION-R1.tsv|docs/research/PRQ2-010-CEOI4ZO2-ZI1NGOI6-EXCLUSION-ADDITION-COLLISION-AUDIT-R1.tsv|docs/research/PRQ2-011-M4DAAN1ZI2-ZUNG6-ADDITIVE-CORRELATIVE-COLLISION-AUDIT-R1.tsv|docs/research/PRQ2-011-M4DAAN1ZI2-ZUNG6-ADDITIVE-CORRELATIVE-RESEARCH-R1.md|docs/research/PRQ2-035-NING4JYUN6-DOU1-COMMITTED-PREFERENCE-COLLISION-AUDIT-R1.tsv|docs/research/UC-RQ-005-GWO3-SURPASS-COMPARATIVE-COLLISION-AUDIT-R1.tsv|docs/research/UC-RQ-005-GWO3-SURPASS-COMPARATIVE-RESEARCH-R1.md|docs/research/UC-RQ-026-DI1-DEGREE-COLLISION-AUDIT-R1.tsv|docs/research/UC-RQ-026-DI1-DEGREE-DISPOSITION-R1.md|docs/research/UC-RQ-026-DI1-DEGREE-SOURCE-VERIFICATION-R1.tsv|docs/research/UC-RQ-029-ZYU6-DURATIVE-SOURCE-VERIFICATION-R1.tsv|docs/research/UC-RQ-033-DAK1-POSTVERBAL-CONSTRUCTION-CONTRAST-RESEARCH-R1.md|docs/research/UC-RQ-033-DAK1-POSTVERBAL-CONSTRUCTION-CONTRAST-SOURCE-VERIFICATION-R1.tsv|grammar/research_pending/CompoundDirectionalMotionVP.md|grammar/research_pending/DegreeMannerAdverbial.md|grammar/research_pending/DegreeMannerModifiedVP.md|grammar/research_pending/DirectedMannerMotionVP.md|grammar/research_pending/DurativeVP.md|grammar/research_pending/MannerAdverbialVP.md|grammar/research_pending/NegatedDirectionalMotionVP.md|grammar/research_pending/ProgressiveVP.md|grammar/research_pending/ProhibitiveImperative.md|grammar/research_pending/ReduplicatedVP.md|grammar/unsupported_generalization/PoliteImperativeClause.md|grammar/unsupported_generalization/ProgressiveDirectionalVP.md|test-data/cp021b-lx1-construction-freeze-baseline.json|test-data/native-speaker-naturalness-evidence-v1.json|test-data/native-speaker-naturalness-evidence-v1.tsv|test-data/pre-intermediate-gold-corpus.tsv|tests/constructions/ClauseRelationGraph.json|tests/constructions/ClauseSpan.json|tests/constructions/CompoundDirectionalMotionVP.json|tests/constructions/DegreeMannerAdverbial.json|tests/constructions/DegreeMannerModifiedVP.json|tests/constructions/DirectedMannerMotionVP.json|tests/constructions/DirectionalMotionVP.json|tests/constructions/GoalAttainmentMotionVP.json|tests/constructions/MalformedCandidate.json|tests/constructions/MannerAdverbialVP.json|tests/constructions/NeedsContext.json|tests/constructions/NegativePotentialDirectionalVP.json|tests/constructions/PathPhrase.json|tests/constructions/PoliteImperativeClause.json|tests/constructions/PotentialDirectionalVP.json|tests/constructions/ProgressiveDirectionalVP.json|tests/constructions/SourceMotionClause.json|tests/constructions/VerbComplementVP.json|tests/fixtures/regression-snapshots.json|tests/tooling/corpus-review/test_aa91_hkcancor_profile.py|tests/tooling/lexicon/glossika-week16-runtime-lexicon.test.js		REQUIRES_EXPERT_CONTEXT_REVIEW
GLOSSIKA-YUEHK-A1-DLG-011-20260215-I077	77	lexical_entry			37	過去	gwo3 heoi3	to go over, to pass	sha256:91d45891b79ba902778ee0a8de03b7aad8ed09e3c2776cc6e048a7d2ee66af08	true			exact_duplicate_candidate	exact_duplicate			data/pedagogical-corpus/glossika/GLOSSIKA-YUEHK-A1-W18-20260719/crosswalk.json|data/pedagogical-corpus/glossika/GLOSSIKA-YUEHK-A1-W18-20260719/items.tsv|data/pedagogical-corpus/glossika/GLOSSIKA-YUEHK-A1-W18-20260719/review.json|data/pedagogical-corpus/glossika/GLOSSIKA-YUEHK-A1-W18-20260719/source.json|data/research-ledgers/glossika-week18-temporal-lexicon.json|docs/research/GLOSSIKA-YUEHK-A1-W18-20260719-RESEARCH.md	directional_or_path_review	REQUIRES_EXPERT_CONTEXT_REVIEW
GLOSSIKA-YUEHK-A1-DLG-011-20260215-I078	78	lexical_entry			38	睇	tai2	to look, to see, to watch	sha256:ad66da4a44a6a800ec75776b32e9ca2c5d595be57704a458d35520ea5c38daf9	false			exact_duplicate_candidate	lexical_only_attestation	src/runtime-resources/lexicon/token-lexicon/verbs.js	src/parser/context/descriptors.js|src/parser/features/token-features.js|src/parser/terminal/questions/question-fallbacks.js|src/plugin-entry.js|src/runtime-resources/lexicon/compositional-lexical-phrases.js|src/runtime-resources/lexicon/productive-vo.js|src/runtime-resources/lexicon/token-lexicon/statives.js|src/runtime-resources/lexicon/token-lexicon/verbs.js|src/runtime-resources/presentation/learner-glosses.js	data/natural-corpus/wechat-father-daughter-001.txt|data/pedagogical-corpus/glossika/GLOSSIKA-YUEHK-A1-DLG-002-20251207/crosswalk.json|data/pedagogical-corpus/glossika/GLOSSIKA-YUEHK-A1-DLG-002-20251207/items.tsv|data/pedagogical-corpus/glossika/GLOSSIKA-YUEHK-A1-DLG-002-20251207/review.json|data/pedagogical-corpus/glossika/GLOSSIKA-YUEHK-A1-DLG-002-20251207/source.json|data/pedagogical-corpus/glossika/GLOSSIKA-YUEHK-A1-DLG-005-20251228/crosswalk.json|data/pedagogical-corpus/glossika/GLOSSIKA-YUEHK-A1-DLG-005-20251228/items.tsv|data/pedagogical-corpus/glossika/GLOSSIKA-YUEHK-A1-DLG-005-20251228/review.json|data/pedagogical-corpus/glossika/GLOSSIKA-YUEHK-A1-DLG-005-20251228/source.json|data/pedagogical-corpus/glossika/GLOSSIKA-YUEHK-A1-DLG-006-20260104/crosswalk.json|data/pedagogical-corpus/glossika/GLOSSIKA-YUEHK-A1-DLG-006-20260104/items.tsv|data/pedagogical-corpus/glossika/GLOSSIKA-YUEHK-A1-DLG-006-20260104/review.json|data/pedagogical-corpus/glossika/GLOSSIKA-YUEHK-A1-DLG-006-20260104/source.json|data/pedagogical-corpus/glossika/GLOSSIKA-YUEHK-A1-DLG-007-20260111/crosswalk.json|data/pedagogical-corpus/glossika/GLOSSIKA-YUEHK-A1-DLG-007-20260111/items.tsv|data/pedagogical-corpus/glossika/GLOSSIKA-YUEHK-A1-DLG-007-20260111/review.json|data/pedagogical-corpus/glossika/GLOSSIKA-YUEHK-A1-DLG-007-20260111/source.json|data/pedagogical-corpus/glossika/GLOSSIKA-YUEHK-A1-DLG-009-20260201/crosswalk.json|data/pedagogical-corpus/glossika/GLOSSIKA-YUEHK-A1-DLG-009-20260201/items.tsv|data/pedagogical-corpus/glossika/GLOSSIKA-YUEHK-A1-DLG-009-20260201/review.json|data/pedagogical-corpus/glossika/GLOSSIKA-YUEHK-A1-DLG-009-20260201/source.json|data/pedagogical-corpus/glossika/GLOSSIKA-YUEHK-A1-DLG-010-20260208/crosswalk.json|data/pedagogical-corpus/glossika/GLOSSIKA-YUEHK-A1-DLG-010-20260208/items.tsv|data/pedagogical-corpus/glossika/GLOSSIKA-YUEHK-A1-DLG-010-20260208/review.json|data/pedagogical-corpus/glossika/GLOSSIKA-YUEHK-A1-DLG-010-20260208/source.json|data/pedagogical-corpus/glossika/GLOSSIKA-YUEHK-A1-W14-20260621/items.tsv|data/pedagogical-corpus/glossika/GLOSSIKA-YUEHK-A1-W14-20260621/review.json|data/pedagogical-corpus/glossika/GLOSSIKA-YUEHK-A1-W14-20260621/source.json|data/pedagogical-corpus/glossika/GLOSSIKA-YUEHK-A1-W16-20260705/items.tsv|data/pedagogical-corpus/glossika/GLOSSIKA-YUEHK-A1-W16-20260705/review.json|data/pedagogical-corpus/glossika/GLOSSIKA-YUEHK-A1-W16-20260705/source.json|data/pedagogical-corpus/glossika/GLOSSIKA-YUEHK-A1-W18-20260719/crosswalk.json|data/pedagogical-corpus/glossika/GLOSSIKA-YUEHK-A1-W18-20260719/items.tsv|data/pedagogical-corpus/glossika/GLOSSIKA-YUEHK-A1-W18-20260719/review.json|data/pedagogical-corpus/glossika/GLOSSIKA-YUEHK-A1-W18-20260719/source.json|data/research-ledgers/glossika-week18-claim-source.json|data/research-ledgers/glossika-week18-common-verb-audit.json|data/research-ledgers/glossika-week18-followup-candidates.json|data/slot-model.json|docs/research/AB30-ZO-M-HKCANCOR-CLAIM-CROSS-REFERENCE-R1.md|docs/research/AB30-ZO-R-HKCANCOR-CLAIM-CROSS-REFERENCE-R2.md|docs/research/ASPECTUAL-CLAUSE-WRAPPERS-SOURCE-MAP-CP021B-R24.md|docs/research/CONDITIONAL-CLAUSE-LINKING-SOURCE-MAP-CP021B-R25.md|docs/research/CP021B-NATIVE-NATURALNESS-INGESTION.md|docs/research/CP021B-PARSER-DESIGN-BEHAVIOR.tsv|docs/research/CP023-P1-PROG01-CLAIM-SOURCE-EDGES-R3.tsv|docs/research/CP023-P1-PROG01-CLAIM-SOURCE-EDGES.tsv|docs/research/CP023-P1-PROG01-NATURAL-ATTESTATION-ADJUDICATION.md|docs/research/CP023-P1-PROG01-NOMINAL-DI-ASSOCIATIVE-SCOPE-DESIGN-R3.md|docs/research/CP023-P1-PROG01-PREDICATE-COMPATIBILITY-FREEZE-R3.md|docs/research/CP023-P1-PROG01-PREDICATE-COMPATIBILITY-MATRIX-R3.tsv|docs/research/CP023-P1-PROG01-QUESTION-AND-SOURCE-FREEZE.md|docs/research/CP023-P1-PROG01-R1-RESEARCH-CHECKPOINT.md|docs/research/CP023-P1-PROG01-R2-RESEARCH-CHECKPOINT.md|docs/research/CP023-P1-PROG01-R3-RESEARCH-CHECKPOINT.md|docs/research/CP023-P1-PROG01-REMEDIATION-BLUEPRINT-R2.md|docs/research/CP023-P1-PROG01-REMEDIATION-DEPENDENCIES-R2.tsv|docs/research/CP023-P1-PROG01-SOURCE-REGISTER-R3.tsv|docs/research/CP024-P0-L45-CODE-REFERENCE-INVENTORY-R1.tsv|docs/research/CP024-P0-L45-PRODUCTIVE-VO-SEED-INVENTORY-R1.tsv|docs/research/CP024-P0-L45-VERB-VALENCY-INVENTORY-R1.tsv|docs/research/CP025-P1-PFV01-CODE-DOCUMENT-COMPARISON-R1.tsv|docs/research/CP025-P1-PFV01-EXAMPLE-ADJUDICATION-R1.tsv|docs/research/CP025-P1-PFV01-IMPLEMENTATION-PROBE-R1.tsv|docs/research/CP025-P1-PFV01-R1-REAUDIT-CHECKPOINT.md|docs/research/CP025-P1-PFV01-SPEAKER-A-RAW-R2.md|docs/research/CP025-P1-PFV01-SPEAKER-A-RESULT-R2.tsv|docs/research/CP026-P1-RUL01-SPEAKER-A-FORM-R1.md|docs/research/CP029-P1-PFV01-BOUNDARY-INVENTORY-R1.tsv|docs/research/CP029-P1-PFV01-PUBLIC-PANEL-R1-RESULT.md|docs/research/CP035-P1-EXPERIENTIAL-DELIMITED-WRAPPER-AUDIT-R1.md|docs/research/CP051-P1-COPULAR-ANOTA-RECONCILIATION-R1.md|docs/research/CP055-P1-NEGATIVE-EXPERIENTIAL-RECONCILIATION-R1.md|docs/research/DIRECTIVE-SUGGESTION-PRIORITY-SOURCE-MAP-CP021B-R27.md|docs/research/EVALUATION-PACKET-BLUEPRINTS-CP021B-R37.json|docs/research/EVENT-MODIFICATION-REDUPLICATION-DELIMITATIVE-FAAN1-SOURCE-MAP-CP021B-R21.md|docs/research/EXISTENTIAL-POSSESSIVE-AVAILABILITY-SOURCE-MAP-CP021B-R9.md|docs/research/FINAL-LANGUAGE-LABEL-COVERAGE-SOURCE-MAP-CP021B-R33.md|docs/research/GLOSSIKA-WEEK16-LEXICON-PROVENANCE.md|docs/research/GLOSSIKA-YUEHK-A1-W18-20260719-RESEARCH.md|docs/research/NEGATION-ACCEPTABILITY-OPINION-SCHEDULING-SOURCE-MAP-CP021B-R30.md|docs/research/PARSER-CONSTRUCTION-CANONICAL-CONSOLIDATION-MATRIX-CP021B-R35.tsv|docs/research/PARSER-CONSTRUCTION-INTERNAL-PROVENANCE-REGISTER-CP021B-R37.tsv|docs/research/PARSER-CONSTRUCTION-INTERNAL-PROVENANCE-REGISTER-CP022-I1A-I04-R1.tsv|docs/research/PARSER-CONSTRUCTION-SOURCE-MATRIX-CP021B-R37.tsv|docs/research/PARSER-CONSTRUCTION-SOURCE-REGISTER-CP021B-R37.tsv|docs/research/PRQ2-001-YAU5-MOU5-DAK1-AVAILABILITY-COLLISION-AUDIT-R1.tsv|docs/research/PRQ2-001-YAU5-MOU5-DAK1-AVAILABILITY-RESEARCH-R1.md|docs/research/PRQ2-002-ZOU2ZI1-HINDSIGHT-REGRET-RESEARCH-R1.md|docs/research/PRQ2-005-HOI1-HABITUAL-ESTABLISHED-ACTIVITY-COLLISION-AUDIT-R1.tsv|docs/research/PRQ2-005-HOI1-HABITUAL-ESTABLISHED-ACTIVITY-RESEARCH-R1.md|docs/research/PRQ2-005-HOI1-HABITUAL-ESTABLISHED-ACTIVITY-SOURCE-VERIFICATION-R1.tsv|docs/research/PRQ2-007-HEI2SOENG5LAI4-INCHOATIVE-ASPECT-COLLISION-AUDIT-R1.tsv|docs/research/PRQ2-007-HEI2SOENG5LAI4-INCHOATIVE-ASPECT-RESEARCH-R1.md|docs/research/PRQ2-011-M4DAAN1ZI2-ZUNG6-ADDITIVE-CORRELATIVE-COLLISION-AUDIT-R1.tsv|docs/research/PRQ2-011-M4DAAN1ZI2-ZUNG6-ADDITIVE-CORRELATIVE-RESEARCH-R1.md|docs/research/PRQ2-015-MUI5-GO3GO3-DOU1-DISTRIBUTIVE-QUANTIFICATION-COLLISION-AUDIT-R1.tsv|docs/research/PRQ2-015-MUI5-GO3GO3-DOU1-DISTRIBUTIVE-QUANTIFICATION-RESEARCH-R1.md|docs/research/PRQ2-035-NING4JYUN6-DOU1-COMMITTED-PREFERENCE-COLLISION-AUDIT-R1.tsv|docs/research/PRQ2-035-NING4JYUN6-DOU1-COMMITTED-PREFERENCE-SOURCE-VERIFICATION-R1.tsv|docs/research/survey-derived/HKCanCor/HKCANCOR-SV-RQ-008-010-RESEARCH-NOTE-R1.md|docs/research/survey-derived/HKCanCor/HKCANCOR-SV-RQ-008-010-REVIEWED-RESULTS-R1.json|docs/research/survey-derived/Survey/SURVEY-EXPORT-2026-07-24-1538-AGGREGATE-R2.md|docs/research/survey-derived/Survey/SURVEY-EXPORT-2026-07-24-1538-AGGREGATE-SUMMARY-R2.json|docs/research/survey-derived/SV-RQ-001-007/SV-RQ-001-007-ROUND-1.md|docs/research/survey-derived/SV-RQ-001-007/SV-RQ-001-007-SOURCE-LEDGER.json|docs/research/survey-derived/SV-RQ-008-010/SV-RQ-008-010-ROUND-2.md|docs/research/survey-derived/SV-RQ-008-010/SV-RQ-008-010-SOURCE-LEDGER-R2.json|docs/research/survey-derived/SV-RQ-008/SV-RQ-008-CORPUS-QUERY-PLAN.md|docs/research/survey-derived/SV-RQ-008/SV-RQ-008-FOLLOW-UP-DESIGN.md|docs/research/survey-derived/SV-RQ-008/SV-RQ-008-RESEARCH-NOTE.md|docs/research/survey-derived/SV-RQ-008/SV-RQ-008-SOURCE-AUDIT-R1.md|docs/research/UC-RQ-001-GENERAL-ZOENG1-DISPOSAL-NATURAL-ATTESTATION-R1.tsv|docs/research/UC-RQ-001-GENERAL-ZOENG1-DISPOSAL-RESEARCH-R1.md|docs/research/UC-RQ-007-VERB-COPY-FOCUS-CONSTRUCTION-RESEARCH-R1.md|docs/research/UC-RQ-014-015-SEPARABLE-COMPOUND-HKCANCOR-ATTESTATION-R1.md|docs/research/UC-RQ-018-ALTERNATIVE-QUESTION-COLLISION-AUDIT-R1.tsv|docs/research/UC-RQ-025-NULL-ARGUMENT-ZERO-ANAPHORA-COLLISION-AUDIT-R1.tsv|docs/research/UC-RQ-025-NULL-ARGUMENT-ZERO-ANAPHORA-RESEARCH-R1.md|docs/research/UC-RQ-029-ZYU6-DURATIVE-COLLISION-AUDIT-R1.tsv|docs/research/UC-RQ-029-ZYU6-DURATIVE-DISPOSITION-R1.md|docs/research/UC-RQ-029-ZYU6-DURATIVE-SOURCE-VERIFICATION-R1.tsv|docs/research/UC-RQ-032-MEI6-NOT-YET-NEGATION-COLLISION-AUDIT-R1.tsv|docs/research/UC-RQ-032-MEI6-NOT-YET-NEGATION-RESEARCH-R1.md|docs/research/UC-RQ-032-MEI6-NOT-YET-NEGATION-SOURCE-VERIFICATION-R1.tsv|docs/research/UC-RQ-033-DAK1-POSTVERBAL-CONSTRUCTION-CONTRAST-RESEARCH-R1.md|docs/research/UC-RQ-033-DAK1-POSTVERBAL-CONSTRUCTION-CONTRAST-SOURCE-VERIFICATION-R1.tsv|docs/research/UC-RQ-034-PIVOTAL-CONTROL-COMPLEMENT-FAMILY-RESEARCH-R1.md|docs/research/UC-RQ-034-PIVOTAL-CONTROL-COMPLEMENT-FAMILY-SOURCE-VERIFICATION-R1.tsv|docs/research/UC-RQ-039-JAT1BIN1-SIMULTANEOUS-EVENT-CORRELATIVE-RESEARCH-R1.md|docs/research/UC-RQ-039-JAT1BIN1-SIMULTANEOUS-EVENT-CORRELATIVE-SOURCE-VERIFICATION-R1.tsv|grammar/research_pending/NegativeExperiential.md|grammar/research_pending/PostverbalZoPerfectiveVP.md|grammar/research_pending/PriorityMarkerClause.md|grammar/unsupported_generalization/ConditionalClause.md|grammar/unsupported_generalization/CopularANotAQuestion.md|grammar/unsupported_generalization/DelimitedVP.md|grammar/unsupported_generalization/NegatedVP.md|grammar/unsupported_generalization/RestorativeComplementVP.md|test-data/cp021b-lx1-construction-freeze-baseline.json|test-data/CP023-P1-PROG01-lexicon-baseline-probes.tsv|test-data/CP023-P1-PROG01-nominal-design-cases-r3.tsv|test-data/CP023-P1-PROG01-nominal-prerequisite-probes.tsv|test-data/CP023-P1-PROG01-visible-research-packet.tsv|test-data/native-speaker-naturalness-evidence-v1.json|test-data/native-speaker-naturalness-evidence-v1.tsv|test-data/natural-corpus-wechat-father-daughter-001-turns.json|test-data/natural-corpus-wechat-father-daughter-001-turns.tsv|test-data/natural-corpus-wechat-father-daughter-001-units.json|test-data/natural-corpus-wechat-father-daughter-001-units.tsv|test-data/pre-intermediate-gold-corpus.tsv|tests/constructions/ClauseRelationGraph.json|tests/constructions/ClauseSpan.json|tests/constructions/CompletionQuestion.json|tests/constructions/CopularANotAQuestion.json|tests/constructions/DirectionalMotionVP.json|tests/constructions/ExistentialClause.json|tests/constructions/ModifiedNP.json|tests/constructions/NeedsContext.json|tests/constructions/NegativeExperiential.json|tests/constructions/OvertHeadDemonstrativeClassifierNP.json|tests/constructions/PerfectiveVP.json|tests/constructions/PostverbalZoPerfectiveVP.json|tests/constructions/QuantifiedClassifierNP.json|tests/constructions/RepetitiveComplementVP.json|tests/constructions/TransitiveVP.json|tests/constructions/VerbComplementVP.json|tests/constructions/WhClassifierQuestion.json|tests/fixtures/np-subsystem.json|tests/fixtures/regression-snapshots.json|tests/tooling/corpus-review/workbench.test.js|tests/tooling/lexicon/glossika-week16-runtime-lexicon.test.js	glossary_surface_absent_from_dialog|vocabulary_surface_absent_from_dialog	REQUIRES_EXPERT_CONTEXT_REVIEW
GLOSSIKA-YUEHK-A1-DLG-011-20260215-I079	79	lexical_entry			39	下	haa5	[softening particle]	sha256:110c4fbd38c4345976e0059134f581a044300a066890eedbf0ddbc0cd4e2ab55	false			exact_duplicate_candidate	lexical_only_attestation	src/runtime-resources/lexicon/token-lexicon/places-and-times.js	src/parser/features/token-features.js|src/plugin-entry.js|src/runtime-resources/grammar/templates/category-span-templates.js|src/runtime-resources/grammar/templates/slot-generation-rules.js|src/runtime-resources/lexicon/compositional-lexical-phrases.js|src/runtime-resources/lexicon/productive-vo.js|src/runtime-resources/lexicon/token-lexicon/places-and-times.js|src/runtime-resources/lexicon/token-lexicon/study-suite.js|src/runtime-resources/presentation/learner-glosses.js	data/natural-corpus/wechat-father-daughter-001.txt|data/pedagogical-corpus/glossika/GLOSSIKA-YUEHK-A1-DLG-002-20251207/crosswalk.json|data/pedagogical-corpus/glossika/GLOSSIKA-YUEHK-A1-DLG-002-20251207/items.tsv|data/pedagogical-corpus/glossika/GLOSSIKA-YUEHK-A1-DLG-002-20251207/review.json|data/pedagogical-corpus/glossika/GLOSSIKA-YUEHK-A1-DLG-002-20251207/source.json|data/pedagogical-corpus/glossika/GLOSSIKA-YUEHK-A1-DLG-003-20251214/crosswalk.json|data/pedagogical-corpus/glossika/GLOSSIKA-YUEHK-A1-DLG-003-20251214/items.tsv|data/pedagogical-corpus/glossika/GLOSSIKA-YUEHK-A1-DLG-003-20251214/review.json|data/pedagogical-corpus/glossika/GLOSSIKA-YUEHK-A1-DLG-003-20251214/source.json|data/pedagogical-corpus/glossika/GLOSSIKA-YUEHK-A1-DLG-007-20260111/crosswalk.json|data/pedagogical-corpus/glossika/GLOSSIKA-YUEHK-A1-DLG-007-20260111/items.tsv|data/pedagogical-corpus/glossika/GLOSSIKA-YUEHK-A1-DLG-007-20260111/review.json|data/pedagogical-corpus/glossika/GLOSSIKA-YUEHK-A1-DLG-007-20260111/source.json|data/pedagogical-corpus/glossika/GLOSSIKA-YUEHK-A1-DLG-008-20260125/crosswalk.json|data/pedagogical-corpus/glossika/GLOSSIKA-YUEHK-A1-DLG-008-20260125/items.tsv|data/pedagogical-corpus/glossika/GLOSSIKA-YUEHK-A1-DLG-008-20260125/review.json|data/pedagogical-corpus/glossika/GLOSSIKA-YUEHK-A1-DLG-008-20260125/source.json|data/pedagogical-corpus/glossika/GLOSSIKA-YUEHK-A1-DLG-010-20260208/crosswalk.json|data/pedagogical-corpus/glossika/GLOSSIKA-YUEHK-A1-DLG-010-20260208/items.tsv|data/pedagogical-corpus/glossika/GLOSSIKA-YUEHK-A1-DLG-010-20260208/README.md|data/pedagogical-corpus/glossika/GLOSSIKA-YUEHK-A1-DLG-010-20260208/review.json|data/pedagogical-corpus/glossika/GLOSSIKA-YUEHK-A1-DLG-010-20260208/source.json|data/pedagogical-corpus/glossika/GLOSSIKA-YUEHK-A1-W15-20260628/items.tsv|data/pedagogical-corpus/glossika/GLOSSIKA-YUEHK-A1-W15-20260628/review.json|data/pedagogical-corpus/glossika/GLOSSIKA-YUEHK-A1-W15-20260628/source.json|data/pedagogical-corpus/glossika/GLOSSIKA-YUEHK-A1-W16-20260705/items.tsv|data/pedagogical-corpus/glossika/GLOSSIKA-YUEHK-A1-W16-20260705/review.json|data/pedagogical-corpus/glossika/GLOSSIKA-YUEHK-A1-W16-20260705/source.json|data/pedagogical-corpus/glossika/GLOSSIKA-YUEHK-A1-W18-20260719/crosswalk.json|data/pedagogical-corpus/glossika/GLOSSIKA-YUEHK-A1-W18-20260719/items.tsv|data/pedagogical-corpus/glossika/GLOSSIKA-YUEHK-A1-W18-20260719/review.json|data/pedagogical-corpus/glossika/GLOSSIKA-YUEHK-A1-W18-20260719/source.json|data/research-ledgers/glossika-week15-claim-source.json|data/research-ledgers/glossika-week15-lexical-ingress.json|docs/research/COGNITION-SPEECH-INTENTION-SOURCE-MAP-CP021B-R31.md|docs/research/CP025-P1-PFV01-SPEAKER-A-RAW-R2.md|docs/research/CP026-P1-RUL01-SPEAKER-A-FORM-R1.md|docs/research/CP035-P1-EXPERIENTIAL-DELIMITED-WRAPPER-AUDIT-R1.md|docs/research/CP035-P1-EXPERIENTIAL-DELIMITED-WRAPPER-INVENTORY-R1.tsv|docs/research/DIRECTIVE-SUGGESTION-PRIORITY-SOURCE-MAP-CP021B-R27.md|docs/research/EVALUATION-PACKET-BLUEPRINTS-CP021B-R37.json|docs/research/EVENT-MODIFICATION-REDUPLICATION-DELIMITATIVE-FAAN1-SOURCE-MAP-CP021B-R21.md|docs/research/GLOSSIKA-WEEK16-LEXICON-PROVENANCE.md|docs/research/GLOSSIKA-YUEHK-A1-W15-20260628-RESEARCH.md|docs/research/GLOSSIKA-YUEHK-A1-W18-20260719-RESEARCH.md|docs/research/LANE-09-DIRECTIONAL-MOTION-SOURCE-MAP-CP021B-R3.md|docs/research/LANE-10-MEASURE-SCALAR-SOURCE-MAP-CP021B-R19.md|docs/research/PARSER-CONSTRUCTION-CANONICAL-CONSOLIDATION-MATRIX-CP021B-R35.tsv|docs/research/PARSER-CONSTRUCTION-SOURCE-MATRIX-CP021B-R37.tsv|docs/research/PARSER-CONSTRUCTION-SOURCE-REGISTER-CP021B-R37-ADDITIONS.tsv|docs/research/PARSER-CONSTRUCTION-SOURCE-REGISTER-CP021B-R37.tsv|docs/research/PRQ2-002-ZOU2ZI1-HINDSIGHT-REGRET-COLLISION-AUDIT-R1.tsv|docs/research/PRQ2-002-ZOU2ZI1-HINDSIGHT-REGRET-RESEARCH-R1.md|docs/research/PRQ2-002-ZOU2ZI1-HINDSIGHT-REGRET-SOURCE-VERIFICATION-R1.tsv|docs/research/PRQ2-006-LOK6HEOI3-CONTINUATIVE-ASPECT-COLLISION-AUDIT-R1.tsv|docs/research/PRQ2-006-LOK6HEOI3-CONTINUATIVE-ASPECT-RESEARCH-R1.md|docs/research/PRQ2-006-LOK6HEOI3-CONTINUATIVE-ASPECT-SOURCE-VERIFICATION-R1.tsv|docs/research/PRQ2-013-JYU5KEI4-BAT1JYU4-ORDERED-PREFERENCE-COLLISION-AUDIT-R1.tsv|docs/research/PRQ2-014-ZI2JAU5-SIN1ZI3-NECESSARY-CONDITION-COLLISION-AUDIT-R1.tsv|docs/research/survey-derived/HKCanCor/HKCANCOR-SV-RQ-008-010-RESEARCH-NOTE-R1.md|docs/research/survey-derived/HKCanCor/HKCANCOR-SV-RQ-008-010-REVIEWED-RESULTS-R1.json|docs/research/survey-derived/SV-RQ-008-010/SV-RQ-008-010-ROUND-2.md|docs/research/TEMPORAL-EXPRESSIONS-SOURCE-MAP-CP021B-R12.md|docs/research/UC-RQ-001-GENERAL-ZOENG1-DISPOSAL-NATURAL-ATTESTATION-R1.tsv|docs/research/UC-RQ-001-GENERAL-ZOENG1-DISPOSAL-RESEARCH-R1.md|docs/research/UC-RQ-007-VERB-COPY-FOCUS-CONSTRUCTION-RESEARCH-R1.md|docs/research/WECHAT-GX-TRAVEL-002-PRIORITY-GRAMMAR-RESEARCH-R1.md|grammar/research_pending/CoverbFrame.md|grammar/research_pending/DirectionalMotionVP.md|grammar/research_pending/PossessiveClassifierNP.md|grammar/research_pending/ReduplicatedVP.md|grammar/unsupported_generalization/DelimitedVP.md|grammar/unsupported_generalization/PoliteImperativeClause.md|test-data/cp021b-lx1-construction-freeze-baseline.json|test-data/native-naturalness-conflict-dispositions.tsv|test-data/native-speaker-naturalness-evidence-v1.json|test-data/native-speaker-naturalness-evidence-v1.tsv|test-data/natural-corpus-wechat-father-daughter-001-turns.json|test-data/natural-corpus-wechat-father-daughter-001-turns.tsv|test-data/natural-corpus-wechat-father-daughter-001-units.json|test-data/natural-corpus-wechat-father-daughter-001-units.tsv|test-data/natural-corpus-wechat-guangxi-travel-002-raw.txt|tests/constructions/ClauseRelationGraph.json|tests/constructions/ModifiedNP.json|tests/constructions/SuggestionQuestion.json|tests/constructions/TemporalClause.json|tests/constructions/TimeNP.json|tests/fixtures/regression-snapshots.json|tests/tooling/lexicon/glossika-week16-runtime-lexicon.test.js	glossary_surface_absent_from_dialog|vocabulary_surface_absent_from_dialog	REQUIRES_EXPERT_CONTEXT_REVIEW
GLOSSIKA-YUEHK-A1-DLG-011-20260215-I080	80	lexical_entry			40	先	sin1	first, before	sha256:c18f83006fcc04456cfa6f5d7df1cceb337d60c99b38e28191b90d4688abc3a9	false			exact_duplicate_candidate	lexical_only_attestation	src/runtime-resources/lexicon/token-lexicon/function-words-and-particles.js	src/parser/clause-relations/graph.js|src/parser/clause-relations/markers.js|src/parser/context/descriptors.js|src/parser/detectors/address/vocative.js|src/parser/detectors/coverbs/frames.js|src/parser/detectors/discourse/priority.js|src/parser/detectors/questions/a-not-a.js|src/runtime-resources/grammar/templates/category-span-templates.js|src/runtime-resources/lexicon/address-terms.js|src/runtime-resources/lexicon/token-lexicon/function-words-and-particles.js|src/runtime-resources/lexicon/token-lexicon/people-and-address.js|src/runtime-resources/lexicon/token-lexicon/study-suite.js|src/runtime-resources/lexicon/token-lexicon/verbs.js|src/runtime-resources/pronunciation/jyutping-review-expectations.js	data/construction-adjudication-batches/batch-05.json|data/construction-identities.json|data/natural-corpus/wechat-father-daughter-001.txt|data/pedagogical-corpus/glossika/GLOSSIKA-YUEHK-A1-DLG-002-20251207/crosswalk.json|data/pedagogical-corpus/glossika/GLOSSIKA-YUEHK-A1-DLG-002-20251207/items.tsv|data/pedagogical-corpus/glossika/GLOSSIKA-YUEHK-A1-DLG-002-20251207/review.json|data/pedagogical-corpus/glossika/GLOSSIKA-YUEHK-A1-DLG-002-20251207/source.json|data/pedagogical-corpus/glossika/GLOSSIKA-YUEHK-A1-DLG-004-20251221/crosswalk.json|data/pedagogical-corpus/glossika/GLOSSIKA-YUEHK-A1-DLG-004-20251221/items.tsv|data/pedagogical-corpus/glossika/GLOSSIKA-YUEHK-A1-DLG-004-20251221/review.json|data/pedagogical-corpus/glossika/GLOSSIKA-YUEHK-A1-DLG-004-20251221/source.json|data/pedagogical-corpus/glossika/GLOSSIKA-YUEHK-A1-DLG-006-20260104/crosswalk.json|data/pedagogical-corpus/glossika/GLOSSIKA-YUEHK-A1-DLG-006-20260104/items.tsv|data/pedagogical-corpus/glossika/GLOSSIKA-YUEHK-A1-DLG-006-20260104/review.json|data/pedagogical-corpus/glossika/GLOSSIKA-YUEHK-A1-DLG-006-20260104/source.json|data/pedagogical-corpus/glossika/GLOSSIKA-YUEHK-A1-DLG-008-20260125/crosswalk.json|data/pedagogical-corpus/glossika/GLOSSIKA-YUEHK-A1-DLG-008-20260125/items.tsv|data/pedagogical-corpus/glossika/GLOSSIKA-YUEHK-A1-DLG-008-20260125/review.json|data/pedagogical-corpus/glossika/GLOSSIKA-YUEHK-A1-DLG-008-20260125/source.json|data/pedagogical-corpus/glossika/GLOSSIKA-YUEHK-A1-DLG-009-20260201/crosswalk.json|data/pedagogical-corpus/glossika/GLOSSIKA-YUEHK-A1-DLG-009-20260201/items.tsv|data/pedagogical-corpus/glossika/GLOSSIKA-YUEHK-A1-DLG-009-20260201/review.json|data/pedagogical-corpus/glossika/GLOSSIKA-YUEHK-A1-DLG-009-20260201/source.json|data/pedagogical-corpus/glossika/GLOSSIKA-YUEHK-A1-DLG-010-20260208/crosswalk.json|data/pedagogical-corpus/glossika/GLOSSIKA-YUEHK-A1-DLG-010-20260208/items.tsv|data/pedagogical-corpus/glossika/GLOSSIKA-YUEHK-A1-DLG-010-20260208/review.json|data/pedagogical-corpus/glossika/GLOSSIKA-YUEHK-A1-DLG-010-20260208/source.json|data/pedagogical-corpus/glossika/GLOSSIKA-YUEHK-A1-W16-20260705/items.tsv|data/pedagogical-corpus/glossika/GLOSSIKA-YUEHK-A1-W16-20260705/review.json|data/pedagogical-corpus/glossika/GLOSSIKA-YUEHK-A1-W16-20260705/source.json|data/pedagogical-corpus/glossika/GLOSSIKA-YUEHK-A1-W17-20260712/crosswalk.json|data/pedagogical-corpus/glossika/GLOSSIKA-YUEHK-A1-W17-20260712/items.tsv|data/pedagogical-corpus/glossika/GLOSSIKA-YUEHK-A1-W17-20260712/review.json|data/pedagogical-corpus/glossika/GLOSSIKA-YUEHK-A1-W17-20260712/source.json|data/pedagogical-corpus/glossika/GLOSSIKA-YUEHK-A1-W18-20260719/crosswalk.json|data/pedagogical-corpus/glossika/GLOSSIKA-YUEHK-A1-W18-20260719/items.tsv|data/pedagogical-corpus/glossika/GLOSSIKA-YUEHK-A1-W18-20260719/review.json|data/pedagogical-corpus/glossika/GLOSSIKA-YUEHK-A1-W18-20260719/source.json|data/research-ledgers/glossika-week18-claim-source.json|data/research-ledgers/glossika-week18-followup-candidates.json|docs/research/CONDITIONAL-CLAUSE-LINKING-SOURCE-MAP-CP021B-R25.md|docs/research/CONSTRUCTION-ADJUDICATION-BATCH-05.md|docs/research/CP022-IMPLEMENTATION-BACKLOG-CP021B-R37.tsv|docs/research/CP023-P1-PROG01-REMEDIATION-DEPENDENCIES-R2.tsv|docs/research/CP025-P1-PFV01-SPEAKER-A-RAW-R2.md|docs/research/CP026-P1-RUL01-SPEAKER-A-FORM-R1.md|docs/research/CP039-P1-EVALUATION-SCALAR-QUESTION-WRAPPER-AUDIT-R1.md|docs/research/CP049-P1-ANOTA-ACCEPTABILITY-RECONCILIATION-R1.md|docs/research/CP049-P1-ANOTA-ACCEPTABILITY-SOURCE-VERIFICATION-R1.tsv|docs/research/DIRECTIVE-SUGGESTION-PRIORITY-SOURCE-MAP-CP021B-R27.md|docs/research/EVALUATION-PACKET-BLUEPRINTS-CP021B-R37.json|docs/research/GLOSSIKA-YUEHK-A1-DLG-004-20251221-CORPUS-INGRESS.md|docs/research/GLOSSIKA-YUEHK-A1-DLG-006-20260104-CORPUS-INGRESS.md|docs/research/GLOSSIKA-YUEHK-A1-W18-20260719-RESEARCH.md|docs/research/LANE-05-PERFECTIVE-COMPLETION-SOURCE-MAP-CP021B-R6.md|docs/research/PARSER-CONSTRUCTION-CANONICAL-CONSOLIDATION-MATRIX-CP021B-R35.tsv|docs/research/PARSER-CONSTRUCTION-SOURCE-COVERAGE-CP021B-R37.tsv|docs/research/PARSER-CONSTRUCTION-SOURCE-MATRIX-CP021B-R37.tsv|docs/research/PARSER-CONSTRUCTION-SOURCE-REGISTER-CP021B-R37.tsv|docs/research/PRQ2-001-YAU5-MOU5-DAK1-AVAILABILITY-COLLISION-AUDIT-R1.tsv|docs/research/PRQ2-001-YAU5-MOU5-DAK1-AVAILABILITY-RESEARCH-R1.md|docs/research/PRQ2-001-YAU5-MOU5-DAK1-AVAILABILITY-SOURCE-VERIFICATION-R1.tsv|docs/research/PRQ2-004-CAA1DI1-NEAR-MISS-COLLISION-AUDIT-R1.tsv|docs/research/PRQ2-004-CAA1DI1-NEAR-MISS-RESEARCH-R1.md|docs/research/PRQ2-004-CAA1DI1-NEAR-MISS-SOURCE-VERIFICATION-R1.tsv|docs/research/PRQ2-006-LOK6HEOI3-CONTINUATIVE-ASPECT-COLLISION-AUDIT-R1.tsv|docs/research/PRQ2-006-LOK6HEOI3-CONTINUATIVE-ASPECT-RESEARCH-R1.md|docs/research/PRQ2-007-HEI2SOENG5LAI4-INCHOATIVE-ASPECT-COLLISION-AUDIT-R1.tsv|docs/research/PRQ2-007-HEI2SOENG5LAI4-INCHOATIVE-ASPECT-RESEARCH-R1.md|docs/research/PRQ2-008-ZI2JIU3-ZAU6-SUFFICIENT-CONDITION-COLLISION-AUDIT-R1.tsv|docs/research/PRQ2-008-ZI2JIU3-ZAU6-SUFFICIENT-CONDITION-RESEARCH-R1.md|docs/research/PRQ2-014-ZI2JAU5-SIN1ZI3-NECESSARY-CONDITION-COLLISION-AUDIT-R1.tsv|docs/research/PRQ2-014-ZI2JAU5-SIN1ZI3-NECESSARY-CONDITION-RESEARCH-R1.md|docs/research/PRQ2-014-ZI2JAU5-SIN1ZI3-NECESSARY-CONDITION-SOURCE-VERIFICATION-R1.tsv|docs/research/PRQ2-015-MUI5-GO3GO3-DOU1-DISTRIBUTIVE-QUANTIFICATION-RESEARCH-R1.md|docs/research/RESEARCH-PROVENANCE-REPAIR-PLAN-R1.md|docs/research/survey-derived/SV-RQ-008/SV-RQ-008-RESEARCH-NOTE.md|docs/research/survey-derived/SV-RQ-008/SV-RQ-008-SOURCE-LEDGER.json|docs/research/UC-RQ-016-HAI6-GE3-CLEFT-FOCUS-RESEARCH-R1.md|docs/research/UC-RQ-018-ALTERNATIVE-QUESTION-COLLISION-AUDIT-R1.tsv|docs/research/UC-RQ-018-ALTERNATIVE-QUESTION-RESEARCH-R1.md|docs/research/UC-RQ-018-ALTERNATIVE-QUESTION-SOURCE-VERIFICATION-R1.tsv|docs/research/UC-RQ-029-ZYU6-DURATIVE-COLLISION-AUDIT-R1.tsv|docs/research/UC-RQ-029-ZYU6-DURATIVE-DISPOSITION-R1.md|docs/research/UC-RQ-029-ZYU6-DURATIVE-SOURCE-VERIFICATION-R1.tsv|docs/research/UC-RQ-031-MAAI4-VERBAL-PARTICLE-FAMILY-RESEARCH-R1.md|docs/research/UC-RQ-038-CEOI4FEI1-EXCEPTION-CONDITIONAL-COLLISION-AUDIT-R1.tsv|docs/research/UC-RQ-038-CEOI4FEI1-EXCEPTION-CONDITIONAL-RESEARCH-R1.md|docs/research/UC-RQ-038-CEOI4FEI1-EXCEPTION-CONDITIONAL-SOURCE-VERIFICATION-R1.tsv|docs/research/WH-IDENTITY-NAMING-ADDRESS-SOURCE-MAP-CP021B-R20.md|grammar/parser_heuristic/ClauseRelationGraph.md|grammar/research_pending/CompletionVP.md|grammar/research_pending/PerfectiveVP.md|grammar/research_pending/PostverbalZoPerfectiveVP.md|grammar/research_pending/PriorityMarkerClause.md|grammar/research_pending/ProhibitiveImperative.md|grammar/unsupported_generalization/AcceptabilityANotA.md|grammar/unsupported_generalization/DelimitedVP.md|test-data/cp021b-lx1-construction-freeze-baseline.json|test-data/CP023-P1-PROG01-visible-research-packet.tsv|test-data/native-naturalness-conflict-dispositions.tsv|test-data/native-speaker-naturalness-evidence-v1.json|test-data/native-speaker-naturalness-evidence-v1.tsv|test-data/natural-corpus-wechat-father-daughter-001-turns.json|test-data/natural-corpus-wechat-father-daughter-001-turns.tsv|test-data/natural-corpus-wechat-father-daughter-001-units.json|test-data/natural-corpus-wechat-father-daughter-001-units.tsv|test-data/pre-intermediate-gold-corpus.tsv|test-data/review-only-readiness.tsv|test-data/w17-corpus-semantic-disposition.tsv|test-data/w17-functional-corpus.tsv|test-data/w17-glossika-corpus.tsv|test-data/WECHAT-GX-TRAVEL-002-ADJUDICATION-MATRIX.json|test-data/WECHAT-GX-TRAVEL-002-ADJUDICATION-MATRIX.tsv|test-data/WECHAT-GX-TRAVEL-002-QUEUE-D-context_disfluency_research.tsv|test-data/WECHAT-GX-TRAVEL-002-QUEUE-G-grammar_research_external_evidence.tsv|tests/constructions/AcceptabilityANotA.json|tests/constructions/ClauseRelationEdge.json|tests/constructions/ClauseRelationGraph.json|tests/constructions/ClauseRelationMemberSpan.json|tests/constructions/DegreeStativePredicate.json|tests/constructions/NominalHeadSpan.json|tests/constructions/PriorityMarkerClause.json|tests/constructions/ProductiveVO.json|tests/fixtures/regression-snapshots.json	glossary_surface_absent_from_dialog|vocabulary_surface_absent_from_dialog	REQUIRES_EXPERT_CONTEXT_REVIEW
