rank	word	cifu_candidate_jyutping	rime_present	rime_readings	rime_readings_compact	rime_source_files
1	係	hai6	true	hai6	hai6	jyut6ping3.chars.dict.yaml
2	呢	ne1|ni1|nei1	true	le1|ne1|nei1|nei4|ni1	le1|ne1|nei1|nei4|ni1	jyut6ping3.chars.dict.yaml
3	嘅	ge3	true	ge2|ge3|koi2|koi3	ge2|ge3|koi2|koi3	jyut6ping3.chars.dict.yaml
4	我	ngo5	true	ngo5	ngo5	jyut6ping3.chars.dict.yaml
5	你	nei5	true	nei5	nei5	jyut6ping3.chars.dict.yaml
6	就	zau6	true	zau6	zau6	jyut6ping3.chars.dict.yaml
7	唔	m4	true	m4|ng4	m4|ng4	jyut6ping3.chars.dict.yaml
8	個	go3	true	go3	go3	jyut6ping3.chars.dict.yaml
9	佢	keoi5	true	heoi5|keoi5	heoi5|keoi5	jyut6ping3.chars.dict.yaml
10	咁	gam3|gam2	true	gam3	gam3	jyut6ping3.chars.dict.yaml
11	嗰	go2	true	go2	go2	jyut6ping3.chars.dict.yaml
12	好	hou2|hou3	true	hou2|hou3	hou2|hou3	jyut6ping3.chars.dict.yaml
13	啲	di1	true	di1|dit1	di1|dit1	jyut6ping3.chars.dict.yaml
14	啊	aa3|aa1|aa2	true	a3|aa2|aa3|o3	a3|aa2|aa3|o3	jyut6ping3.chars.dict.yaml
15	呀	aa3|aa1|aa6	true	aa4|haa1|ngaa4	aa4|haa1|ngaa4	jyut6ping3.chars.dict.yaml
16	都	dou1	true	dou1	dou1	jyut6ping3.chars.dict.yaml
17	喺	hai2	true	hai2	hai2	jyut6ping3.chars.dict.yaml
18	有	jau5	true	jau5|jau6	jau5|jau6	jyut6ping3.chars.dict.yaml
19	即係	zik1hai6	true	zik1 hai6	zik1hai6	jyut6ping3.words.dict.yaml
20	噉	gam2	true	daam6|gam2	daam6|gam2	jyut6ping3.chars.dict.yaml
21	去	heoi3	true	heoi2|heoi3	heoi2|heoi3	jyut6ping3.chars.dict.yaml
22	到	dou3	true	dou2|dou3	dou2|dou3	jyut6ping3.chars.dict.yaml
23	咗	zo2	true	zo2	zo2	jyut6ping3.chars.dict.yaml
24	冇	mou5	true	mo5|mou5	mo5|mou5	jyut6ping3.chars.dict.yaml
25	哋	dei6	true	dei2|dei6	dei2|dei6	jyut6ping3.chars.dict.yaml
26	嘢	je5	true	je5	je5	jyut6ping3.chars.dict.yaml
27	即	zik1	true	zik1	zik1	jyut6ping3.chars.dict.yaml
28	話	waa6|waa2	true	waa2|waa6	waa2|waa6	jyut6ping3.chars.dict.yaml
29	唔係	m4hai6	true	m4 hai6	m4hai6	jyut6ping3.words.dict.yaml
30	跟住	gan1zyu6	true	gan1 zyu6	gan1zyu6	jyut6ping3.words.dict.yaml
31	會	wui5|wui6|wui2	true	kui2|kui3|wui2|wui3|wui5|wui6	kui2|kui3|wui2|wui3|wui5|wui6	jyut6ping3.chars.dict.yaml
32	喇	laa1	true	laa1|laa3|laa5|laak3|laat3	laa1|laa3|laa5|laak3|laat3	jyut6ping3.chars.dict.yaml
33	但係	daan6hai6	true	daan6 hai6	daan6hai6	jyut6ping3.words.dict.yaml
34	又	jau6	true	jau6	jau6	jyut6ping3.chars.dict.yaml
35	之後	zi1hau6	true	zi1 hau6	zi1hau6	jyut6ping3.words.dict.yaml
36	啦	laa1|laa3	true	la1|laa1	la1|laa1	jyut6ping3.chars.dict.yaml
37	要	jiu3	true	jiu1|jiu2|jiu3	jiu1|jiu2|jiu3	jyut6ping3.chars.dict.yaml
38	一個	*jat1go3	true	jat1 go3	jat1go3	jyut6ping3.words.dict.yaml
39	喀	kak1	true	haak1|haak3|kaa1|kaa3	haak1|haak3|kaa1|kaa3	jyut6ping3.chars.dict.yaml
40	一	jat1	true	jat1	jat1	jyut6ping3.chars.dict.yaml
41	喎	wo3|wo4|wo5|wo6|wo1	true	kwaa1|waa1|wo3|wo5	kwaa1|waa1|wo3|wo5	jyut6ping3.chars.dict.yaml
42	㗎	*?	true	ga3|gaa2|gaa3	ga3|gaa2|gaa3	jyut6ping3.chars.dict.yaml
43	度	dou6|dok6	true	dok6|dou6	dok6|dou6	jyut6ping3.chars.dict.yaml
44	同埋	tung4maai4	true	tung4 maai4	tung4maai4	jyut6ping3.words.dict.yaml
45	覺得	gok3dak1	true	gok3 dak1	gok3dak1	jyut6ping3.words.dict.yaml
46	做	zou6	true	zou6	zou6	jyut6ping3.chars.dict.yaml
47	可以	ho2ji5	true	ho2 ji5	ho2ji5	jyut6ping3.words.dict.yaml
48	其實	kei4sat6	true	kei4 sat6	kei4sat6	jyut6ping3.words.dict.yaml
49	向	hoeng3	true	hoeng3	hoeng3	jyut6ping3.chars.dict.yaml
50	人	jan4	true	jan2|jan4	jan2|jan4	jyut6ping3.chars.dict.yaml
51	而家	ji4gaa1	true	ji4 gaa1	ji4gaa1	jyut6ping3.words.dict.yaml
52	中間	zung1gaan1	true	zung1 gaan1	zung1gaan1	jyut6ping3.words.dict.yaml
53	得	dak1	true	dak1	dak1	jyut6ping3.chars.dict.yaml
54	睇	tai2	true	dai6|tai2	dai6|tai2	jyut6ping3.chars.dict.yaml
55	上	soeng6|soeng5	true	soeng5|soeng6	soeng5|soeng6	jyut6ping3.chars.dict.yaml
56	真係	zan1hai6	true	zan1 hai6	zan1hai6	jyut6ping3.words.dict.yaml
57	嘞	laak3|lak3	true	la3|laak3|lak3	la3|laak3|lak3	jyut6ping3.chars.dict.yaml
58	誒	aai2|ei6|oi1	true	e6|ei6	e6|ei6	jyut6ping3.chars.dict.yaml
59	因為	jan1wai6	false			
60	下	haa6	true	haa5|haa6	haa5|haa6	jyut6ping3.chars.dict.yaml
61	多	do1	true	do1	do1	jyut6ping3.chars.dict.yaml
62	乜	mat1	true	mat1|me1|me2|me5|me6|ne6	mat1|me1|me2|me5|me6|ne6	jyut6ping3.chars.dict.yaml
63	囉	lo1|lo3|lo4	true	lo1|lo3	lo1|lo3	jyut6ping3.chars.dict.yaml
64	如果	jyu4gwo2	true	jyu4 gwo2	jyu4gwo2	jyut6ping3.words.dict.yaml
65	下面	haa6min6	true	haa6 min6	haa6min6	jyut6ping3.words.dict.yaml
66	講	gong2	true	gong2	gong2	jyut6ping3.chars.dict.yaml
67	咩	me1	true	me1	me1	jyut6ping3.chars.dict.yaml
68	嚟	lai4	true	lai4|lei4	lai4|lei4	jyut6ping3.chars.dict.yaml
69	哦	ngo4|o4|o6	true	ngo4|o2|o4|o6	ngo4|o2|o4|o6	jyut6ping3.chars.dict.yaml
70	係咪	*hai6mai1|mi4|mai5	true	hai6 mai6	hai6mai6	jyut6ping3.words.dict.yaml
71	自己	zi6gei2	true	zi6 gei2	zi6gei2	jyut6ping3.words.dict.yaml
72	咁樣	gam2joeng2	true	gam3 joeng6	gam3joeng6	jyut6ping3.words.dict.yaml
73	噉樣	gam2joeng2	true	gam2 joeng2	gam2joeng2	jyut6ping3.words.dict.yaml
74	吓	haa5	true	haa1|haa2	haa1|haa2	jyut6ping3.chars.dict.yaml
75	應該	jing1goi1	true	jing1 goi1	jing1goi1	jyut6ping3.words.dict.yaml
76	知	zi1|zi3	true	zi1|zi3	zi1|zi3	jyut6ping3.chars.dict.yaml
77	咪	mai1|mi4|mai5	true	mai1|mai5|mai6|mei1|mi1	mai1|mai5|mai6|mei1|mi1	jyut6ping3.chars.dict.yaml
78	兜	dau1	true	dau1	dau1	jyut6ping3.chars.dict.yaml
79	嗎	maa3	true	ma3|maa1|maa3|maa4|maa5	ma3|maa1|maa3|maa4|maa5	jyut6ping3.chars.dict.yaml
80	同	tung4	true	tung4	tung4	jyut6ping3.chars.dict.yaml
81	再	zoi3	true	zoi3	zoi3	jyut6ping3.chars.dict.yaml
82	見	gin3	true	gin3|jin6	gin3|jin6	jyut6ping3.chars.dict.yaml
83	好似	hou2ci5	true	hou2 ci5	hou2ci5	jyut6ping3.words.dict.yaml
84	吖	aa4	true	a1|aa1	a1|aa1	jyut6ping3.chars.dict.yaml
85	上面	soeng6min6	true	soeng6 min6	soeng6min6	jyut6ping3.words.dict.yaml
86	先	sin1	true	sin1|sin3	sin1|sin3	jyut6ping3.chars.dict.yaml
87	可能	ho2nang4	true	ho2 nang4	ho2nang4	jyut6ping3.words.dict.yaml
88	開始	hoi1ci2	true	hoi1 ci2	hoi1ci2	jyut6ping3.words.dict.yaml
89	諗	nam2	true	nam2|sam2	nam2|sam2	jyut6ping3.chars.dict.yaml
90	來	loi4	true	lai4|loi4|loi6	lai4|loi4|loi6	jyut6ping3.chars.dict.yaml
91	然	jin4	true	jin4	jin4	jyut6ping3.chars.dict.yaml
92	右	jau6	true	jau6	jau6	jyut6ping3.chars.dict.yaml
93	經過	ging1gwo3	true	ging1 gwo3	ging1gwo3	jyut6ping3.words.dict.yaml
94	時	si4	true	si4	si4	jyut6ping3.chars.dict.yaml
95	大	daai6	true	daai6|taai3	daai6|taai3	jyut6ping3.chars.dict.yaml
96	想	soeng2	true	soeng2	soeng2	jyut6ping3.chars.dict.yaml
97	邊	bin1	true	bin1	bin1	jyut6ping3.chars.dict.yaml
98	搵	wan2|wan3	true	man5|wan2|wan3	man5|wan2|wan3	jyut6ping3.chars.dict.yaml
99	或者	waak6ze2	true	waak6 ze2	waak6ze2	jyut6ping3.words.dict.yaml
100	字	zi6	true	zi6	zi6	jyut6ping3.chars.dict.yaml
101	時候	si4hau6	true	si4 hau6	si4hau6	jyut6ping3.words.dict.yaml
102	唔好	m4hou2	true	m4 hou2	m4hou2	jyut6ping3.words.dict.yaml
103	俾	bei2	true	bei2|pai3	bei2|pai3	jyut6ping3.chars.dict.yaml
104	所以	so2ji5	true	so2 ji5	so2ji5	jyut6ping3.words.dict.yaml
105	少少	siu2siu2	true	siu2 siu2	siu2siu2	jyut6ping3.words.dict.yaml
106	面	min6	true	min2|min6	min2|min6	jyut6ping3.chars.dict.yaml
107	幾	gei2|gei1	true	gei1|gei2	gei1|gei2	jyut6ping3.chars.dict.yaml
108	畀	bei2	true	bei2|bei3	bei2|bei3	jyut6ping3.chars.dict.yaml
109	嘛	maa4	true	maa3|maa4|maa5	maa3|maa4|maa5	jyut6ping3.chars.dict.yaml
110	住	zyu6	true	zyu6	zyu6	jyut6ping3.chars.dict.yaml
111	過	gwo3	true	gwo1|gwo3	gwo1|gwo3	jyut6ping3.chars.dict.yaml
112	譬如	pei3jyu4	true	pei3 jyu4	pei3jyu4	jyut6ping3.words.dict.yaml
113	聽	teng1|ting1|ting3	true	teng1|ting1|ting3	teng1|ting1|ting3	jyut6ping3.chars.dict.yaml
114	已經	ji5ging1	true	ji5 ging1	ji5ging1	jyut6ping3.words.dict.yaml
115	返	faan1|faan2	true	faan1|faan2	faan1|faan2	jyut6ping3.chars.dict.yaml
116	嗯	ng2	true	ng2|ng4|ng5|ng6	ng2|ng4|ng5|ng6	jyut6ping3.chars.dict.yaml
117	隻	zek3	true	zek3	zek3	jyut6ping3.chars.dict.yaml
118	左	zo2	true	zo2	zo2	jyut6ping3.chars.dict.yaml
119	叫	giu3	true	giu3	giu3	jyut6ping3.chars.dict.yaml
120	哩	lei5|le1|lei1|li1	true	le5|lei1|lei5|li1	le5|lei1|lei5|li1	jyut6ping3.chars.dict.yaml
121	落去	lok6heoi3	true	lok6 heoi3	lok6heoi3	jyut6ping3.words.dict.yaml
122	對	deoi3	true	deoi3	deoi3	jyut6ping3.chars.dict.yaml
123	買	maai5	true	maai5	maai5	jyut6ping3.chars.dict.yaml
124	然後	jin4hau6	true	jin4 hau6	jin4hau6	jyut6ping3.words.dict.yaml
125	方	fong1	true	fong1	fong1	jyut6ping3.chars.dict.yaml
126	陣	zan6	true	zan6	zan6	jyut6ping3.chars.dict.yaml
127	點解	dim2gaai2	true	dim2 gaai2	dim2gaai2	jyut6ping3.words.dict.yaml
128	沙漠	saa1mok6	true	saa1 mok6	saa1mok6	jyut6ping3.words.dict.yaml
129	最	zeoi3	true	zeoi3	zeoi3	jyut6ping3.chars.dict.yaml
130	啫	zek1|ze1	true	ze1|zek1|zoe1	ze1|zek1|zoe1	jyut6ping3.chars.dict.yaml
131	兩	loeng5	true	loeng2|loeng5|loeng6	loeng2|loeng5|loeng6	jyut6ping3.chars.dict.yaml
132	晒	saai3	true	saai3	saai3	jyut6ping3.chars.dict.yaml
133	喂	wai3	true	wai2|wai3|wai6	wai2|wai3|wai6	jyut6ping3.chars.dict.yaml
134	不過	bat1gwo3	true	bat1 gwo3	bat1gwo3	jyut6ping3.words.dict.yaml
135	樣	joeng6	true	joeng2|joeng6	joeng2|joeng6	jyut6ping3.chars.dict.yaml
136	嘩	waa1|waa4	true	faa1|jip6|waa1|waa4	faa1|jip6|waa1|waa4	jyut6ping3.chars.dict.yaml
137	穿過	cyun1gwo3	true	cyun1 gwo3	cyun1gwo3	jyut6ping3.words.dict.yaml
138	問題	man6tai4	true	man6 tai4	man6tai4	jyut6ping3.words.dict.yaml
139	兩個	*loeng5go3	true	loeng5 go3	loeng5go3	jyut6ping3.words.dict.yaml
140	個人	go3jan4	true	go3 jan4	go3jan4	jyut6ping3.words.dict.yaml
141	終點	zung1dim2	true	zung1 dim2	zung1dim2	jyut6ping3.words.dict.yaml
142	洞	dung6	true	dung6|tung4	dung6|tung4	jyut6ping3.chars.dict.yaml
143	山	saan1	true	saan1	saan1	jyut6ping3.chars.dict.yaml
144	上去	soeng5heoi3	true	soeng5 heoi3	soeng5heoi3	jyut6ping3.words.dict.yaml
145	行	hang4|haang4|hang6|hong4|hong2	true	haang4|hang4|hang6|hong2|hong4|hong6	haang4|hang4|hang6|hong2|hong4|hong6	jyut6ping3.chars.dict.yaml
146	園	jyun4	true	jyun4	jyun4	jyut6ping3.chars.dict.yaml
147	角	gok3	true	gok2|gok3|luk6	gok2|gok3|luk6	jyut6ping3.chars.dict.yaml
148	條	tiu4	true	tiu4|tiu5	tiu4|tiu5	jyut6ping3.chars.dict.yaml
149	揾	*?	true	wan3	wan3	jyut6ping3.chars.dict.yaml
150	手	sau2	true	sau2	sau2	jyut6ping3.chars.dict.yaml
151	哩個	*lei5|le1|lei1|li1go3	true	ni1 go3	ni1go3	jyut6ping3.words.dict.yaml
152	間	gaan1|gaan3	true	gaan1|gaan3|haan4	gaan1|gaan3|haan4	jyut6ping3.chars.dict.yaml
153	亦	jik6	true	jik6	jik6	jyut6ping3.chars.dict.yaml
154	點樣	dim2joeng2	true	dim2 joeng2	dim2joeng2	jyut6ping3.words.dict.yaml
155	啱	ngaam1	true	ngaam1	ngaam1	jyut6ping3.chars.dict.yaml
156	有個	*jau5go3	false			
157	唔到	*m4dou3	true	m4 dou2	m4dou2	jyut6ping3.words.dict.yaml
158	走	zau2	true	zau2	zau2	jyut6ping3.chars.dict.yaml
159	大家	daai6gaa1	true	daai6 gaa1	daai6gaa1	jyut6ping3.words.dict.yaml
160	落	lok6	true	laai3|laai6|lok1|lok6	laai3|laai6|lok1|lok6	jyut6ping3.chars.dict.yaml
161	未	mei6	true	mei6	mei6	jyut6ping3.chars.dict.yaml
162	埋	maai4	true	maai4	maai4	jyut6ping3.chars.dict.yaml
163	邊個	bin1go3	true	bin1 go3	bin1go3	jyut6ping3.words.dict.yaml
164	線	sin3	true	sin3	sin3	jyut6ping3.chars.dict.yaml
165	但	daan6	true	daan6	daan6	jyut6ping3.chars.dict.yaml
166	一定	jat1ding6	true	jat1 ding6	jat1ding6	jyut6ping3.words.dict.yaml
167	咋	zaa1|zaa3|zaak3	true	zaa1|zaa2|zaa3|zaa6|zaak3|zaak6	zaa1|zaa2|zaa3|zaa6|zaak3|zaak6	jyut6ping3.chars.dict.yaml
168	樹	syu6	true	syu6	syu6	jyut6ping3.chars.dict.yaml
169	一路	jat1lou6	true	jat1 lou6	jat1lou6	jyut6ping3.words.dict.yaml
170	成日	sing4jat6	true	seng4 jat6|sing4 jat6	seng4jat6|sing4jat6	jyut6ping3.words.dict.yaml
171	政府	zing3fu2	true	zing3 fu2	zing3fu2	jyut6ping3.words.dict.yaml
172	點	dim2	true	dim2	dim2	jyut6ping3.chars.dict.yaml
173	塔	taap3	true	taap3	taap3	jyut6ping3.chars.dict.yaml
174	裏	leoi5	true	lei5|leoi5	lei5|leoi5	jyut6ping3.chars.dict.yaml
175	香港	hoeng1gong2	true	hoeng1 gong2	hoeng1gong2	jyut6ping3.words.dict.yaml
176	錢	cin2|cin4	true	cin2|cin4|zin2	cin2|cin4|zin2	jyut6ping3.chars.dict.yaml
177	靚	leng3	true	leng3|zing6	leng3|zing6	jyut6ping3.chars.dict.yaml
178	公司	gung1si1	true	gung1 si1	gung1si1	jyut6ping3.words.dict.yaml
179	池	ci4	true	ci4|to4	ci4|to4	jyut6ping3.chars.dict.yaml
180	茅屋	maau4uk1	true	maau4 uk1	maau4uk1	jyut6ping3.words.dict.yaml
181	出	ceot1	true	ceot1	ceot1	jyut6ping3.chars.dict.yaml
182	阿	aa3|o1	true	aa2|aa3|aak3|o1	aa2|aa3|aak3|o1	jyut6ping3.chars.dict.yaml
183	知道	zi1dou3	true	zi1 dou3	zi1dou3	jyut6ping3.words.dict.yaml
184	用	jung6	true	jung6	jung6	jyut6ping3.chars.dict.yaml
185	過去	gwo3heoi3	true	gwo3 heoi3	gwo3heoi3	jyut6ping3.words.dict.yaml
186	唔使	m4sai2	true	m4 sai2	m4sai2	jyut6ping3.words.dict.yaml
187	叫做	giu3zou6	true	giu3 zou6	giu3zou6	jyut6ping3.words.dict.yaml
188	頭先	tau4sin1	true	tau4 sin1	tau4sin1	jyut6ping3.words.dict.yaml
189	右邊	jau6bin1	true	jau6 bin1|jau6 bin6	jau6bin1|jau6bin6	jyut6ping3.words.dict.yaml
190	而	ji4	true	ji4|nang4	ji4|nang4	jyut6ping3.chars.dict.yaml
191	一直	jat1zik6	true	jat1 zik6	jat1zik6	jyut6ping3.words.dict.yaml
192	一樣	jat1joeng6	true	jat1 joeng6	jat1joeng6	jyut6ping3.words.dict.yaml
193	香	hoeng1	true	hoeng1	hoeng1	jyut6ping3.chars.dict.yaml
194	緊	gan2	true	gan2	gan2	jyut6ping3.chars.dict.yaml
195	三	saam1|saam3	true	saam1|saam3	saam1|saam3	jyut6ping3.chars.dict.yaml
196	張	zoeng1	true	zoeng1|zoeng3	zoeng1|zoeng3	jyut6ping3.chars.dict.yaml
197	方向	fong1hoeng3	true	fong1 hoeng3	fong1hoeng3	jyut6ping3.words.dict.yaml
198	由	jau4	true	jau4	jau4	jyut6ping3.chars.dict.yaml
199	識	sik1	true	sik1|zi3	sik1|zi3	jyut6ping3.chars.dict.yaml
200	第一	dai6jat1	true	dai6 jat1	dai6jat1	jyut6ping3.words.dict.yaml
201	畫	waak6|waa2	true	waa2|waa6|waak6	waa2|waa6|waak6	jyut6ping3.chars.dict.yaml
202	鍾意	zung1ji3	true	zung1 ji3	zung1ji3	jyut6ping3.words.dict.yaml
203	左邊	zo2bin1	true	zo2 bin1|zo2 bin6	zo2bin1|zo2bin6	jyut6ping3.words.dict.yaml
204	善	sin6	true	sin6	sin6	jyut6ping3.chars.dict.yaml
205	港	gong2	true	gong2	gong2	jyut6ping3.chars.dict.yaml
206	繼續	gai3zuk6	true	gai3 zuk6	gai3zuk6	jyut6ping3.words.dict.yaml
207	地方	dei6fong1	true	dei6 fong1	dei6fong1	jyut6ping3.words.dict.yaml
208	讀	duk6	true	dau6|duk6	dau6|duk6	jyut6ping3.chars.dict.yaml
209	地圖	dei6tou4	true	dei6 tou4	dei6tou4	jyut6ping3.words.dict.yaml
210	時間	si4gaan3	true	si4 gaan3	si4gaan3	jyut6ping3.words.dict.yaml
211	場	coeng4	true	coeng4	coeng4	jyut6ping3.chars.dict.yaml
212	台	toi4	true	ji4|toi1|toi4	ji4|toi1|toi4	jyut6ping3.chars.dict.yaml
213	湖	wu4	true	wu4	wu4	jyut6ping3.chars.dict.yaml
214	番	faan1	true	bo1|faan1|po4|pun1	bo1|faan1|po4|pun1	jyut6ping3.chars.dict.yaml
215	邊度	bin1dou6	true	bin1 dou6	bin1dou6	jyut6ping3.words.dict.yaml
216	事	si6	true	si6	si6	jyut6ping3.chars.dict.yaml
217	唔見	*m4gin3	true	m4 gin3|ng5 gin3	m4gin3|ng5gin3	jyut6ping3.words.dict.yaml
218	馬戲	maa5hei3	true	maa5 hei3	maa5hei3	jyut6ping3.words.dict.yaml
219	兜過	*dau1gwo3	false			
220	正	zing1|zing3|zeng	true	zeng3|zing1|zing3	zeng3|zing1|zing3	jyut6ping3.chars.dict.yaml
221	個位	go3wai6	true	go3 wai2|go3 wai6	go3wai2|go3wai6	jyut6ping3.words.dict.yaml
222	比較	bei2gaau3	true	bei2 gaau3	bei2gaau3	jyut6ping3.words.dict.yaml
223	冇乜	*mou5mat1	true	mou5 mat1	mou5mat1	jyut6ping3.words.dict.yaml
224	朋友	pang4jau5	true	pang4 jau5	pang4jau5	jyut6ping3.words.dict.yaml
225	恨	han6	true	han6	han6	jyut6ping3.chars.dict.yaml
226	紙	zi2	true	zi2	zi2	jyut6ping3.chars.dict.yaml
227	點鐘	dim2zung1	true	dim2 zung1	dim2zung1	jyut6ping3.words.dict.yaml
228	交叉	gaau1caa1	true	gaau1 caa1	gaau1caa1	jyut6ping3.words.dict.yaml
229	死	sei2	true	sei2|si2	sei2|si2	jyut6ping3.chars.dict.yaml
230	年	nin4	true	nin4	nin4	jyut6ping3.chars.dict.yaml
231	韻	wan6	true	wan2|wan5|wan6	wan2|wan5|wan6	jyut6ping3.chars.dict.yaml
232	驚	ging1|geng1	true	geng1|ging1	geng1|ging1	jyut6ping3.chars.dict.yaml
233	出嚟	ceot1lai4	true	ceot1 lai4	ceot1lai4	jyut6ping3.words.dict.yaml
234	返去	faan1heoi3	true	faan1 heoi3	faan1heoi3	jyut6ping3.words.dict.yaml
235	日	jat6	true	jat6|mik6	jat6|mik6	jyut6ping3.chars.dict.yaml
236	位	wai6|wai2	true	wai2|wai6	wai2|wai6	jyut6ping3.chars.dict.yaml
237	開心	hoi1sam1	true	hoi1 sam1	hoi1sam1	jyut6ping3.words.dict.yaml
238	廟	miu6	true	miu2|miu6	miu2|miu6	jyut6ping3.chars.dict.yaml
239	戀	lyun2|lyun5	true	lyun2|lyun5	lyun2|lyun5	jyut6ping3.chars.dict.yaml
240	完	jyun4	true	jyun4	jyun4	jyut6ping3.chars.dict.yaml
241	都會	dou1wui5	true	dou1 wui6	dou1wui6	jyut6ping3.words.dict.yaml
242	右面	jau6min6	true	jau6 min6	jau6min6	jyut6ping3.words.dict.yaml
243	泳池	wing6ci4	true	wing6 ci4	wing6ci4	jyut6ping3.words.dict.yaml
244	需要	seoi1jiu3	true	seoi1 jiu3	seoi1jiu3	jyut6ping3.words.dict.yaml
245	左面	zo2min6	true	zo2 min6	zo2min6	jyut6ping3.words.dict.yaml
246	變	bin3	true	bin3	bin3	jyut6ping3.chars.dict.yaml
247	成	sing4	true	cing4|seng4|sing4	cing4|seng4|sing4	jyut6ping3.chars.dict.yaml
248	位置	wai6zi3	true	wai6 zi3	wai6zi3	jyut6ping3.words.dict.yaml
249	幾多	*gei2|gei1do1	true	gei2 do1	gei2do1	jyut6ping3.words.dict.yaml
250	等	dang2	true	dang2	dang2	jyut6ping3.chars.dict.yaml
251	路	lou6	true	lou6	lou6	jyut6ping3.chars.dict.yaml
252	團	tyun4	true	tyun4	tyun4	jyut6ping3.chars.dict.yaml
253	機場	gei1coeng4	true	gei1 coeng4	gei1coeng4	jyut6ping3.words.dict.yaml
254	之間	zi1gaan1	true	zi1 gaan1	zi1gaan1	jyut6ping3.words.dict.yaml
255	食	sik6	true	ji6|sik6|zi6	ji6|sik6|zi6	jyut6ping3.chars.dict.yaml
256	啱啱	ngaam1ngaam1	true	ngaam1 ngaam1	ngaam1ngaam1	jyut6ping3.words.dict.yaml
257	唉	aai1|oi1	true	aai1|aai3|aai6|ngaai6|oi1	aai1|aai3|aai6|ngaai6|oi1	jyut6ping3.chars.dict.yaml
258	梗係	gang2hai6	true	gang2 hai6	gang2hai6	jyut6ping3.words.dict.yaml
259	哎	aai1	true	aai1|ai3|ngaai6	aai1|ai3|ngaai6	jyut6ping3.chars.dict.yaml
260	蛇	se4	true	ji4|se4	ji4|se4	jyut6ping3.chars.dict.yaml
261	枉	wong2	true	wong2	wong2	jyut6ping3.chars.dict.yaml
262	高	gou1	true	gou1	gou1	jyut6ping3.chars.dict.yaml
263	擰	ning4|ning6	true	ling2|ling6|ning1|ning4|ning6	ling2|ling6|ning1|ning4|ning6	jyut6ping3.chars.dict.yaml
264	打	daa2|daa1	true	daa1|daa2|ding2	daa1|daa2|ding2	jyut6ping3.chars.dict.yaml
265	丸	jyun2|jyun4	true	jyun2|jyun4	jyun2|jyun4	jyut6ping3.chars.dict.yaml
266	公園	gung1jyun2	true	gung1 jyun2|gung1 jyun4	gung1jyun2|gung1jyun4	jyut6ping3.words.dict.yaml
267	玩	wun6|waan2	true	waan2|waan4|wun6	waan2|waan4|wun6	jyut6ping3.chars.dict.yaml
268	隔離	gaak3lei4	true	gaak3 lei4	gaak3lei4	jyut6ping3.words.dict.yaml
269	寫	se2	true	se2	se2	jyut6ping3.chars.dict.yaml
270	屋企	uk1kei2	true	uk1 kei2	uk1kei2	jyut6ping3.words.dict.yaml
271	幫	bong1	true	bong1	bong1	jyut6ping3.chars.dict.yaml
272	搞	gaau2	true	gaau2	gaau2	jyut6ping3.chars.dict.yaml
273	葡萄	pou4tou4	true	pou4 tou4	pou4tou4	jyut6ping3.words.dict.yaml
274	往	wong5	true	wong5	wong5	jyut6ping3.chars.dict.yaml
275	淨係	zing6hai6	true	zing6 hai6	zing6hai6	jyut6ping3.words.dict.yaml
276	迷宮	mai4gung1	true	mai4 gung1	mai4gung1	jyut6ping3.words.dict.yaml
277	份	fan6	true	ban1|fan2|fan6	ban1|fan2|fan6	jyut6ping3.chars.dict.yaml
278	底	dai2	true	dai2|dik1	dai2|dik1	jyut6ping3.chars.dict.yaml
279	宅	zaak6	true	zaak2|zaak6	zaak2|zaak6	jyut6ping3.chars.dict.yaml
280	次	ci3	true	ci1|ci3|zi1	ci1|ci3|zi1	jyut6ping3.chars.dict.yaml
281	為	wai6|wai4	true	wai4|wai6	wai4|wai6	jyut6ping3.chars.dict.yaml
282	腰	jiu1	true	jiu1	jiu1	jyut6ping3.chars.dict.yaml
283	車站	ce1zaam6	true	ce1 zaam6	ce1zaam6	jyut6ping3.words.dict.yaml
284	以前	ji5cin4	true	ji5 cin4	ji5cin4	jyut6ping3.words.dict.yaml
285	係噉	*hai6gam2	true	hai6 gam2	hai6gam2	jyut6ping3.words.dict.yaml
286	差唔多	caa1m4do1	true	caa1 m4 do1	caa1m4do1	jyut6ping3.words.dict.yaml
287	開	hoi1	true	hoi1	hoi1	jyut6ping3.chars.dict.yaml
288	魚排	jyu4paai4	true	jyu4 paai4	jyu4paai4	jyut6ping3.words.dict.yaml
289	諗住	*nam2zyu6	true	nam2 zyu6	nam2zyu6	jyut6ping3.words.dict.yaml
290	另外	ling6ngoi6	true	ling6 ngoi6	ling6ngoi6	jyut6ping3.words.dict.yaml
291	科技	fo1gei6	true	fo1 gei6	fo1gei6	jyut6ping3.words.dict.yaml
292	月	jyut6	true	jyut6	jyut6	jyut6ping3.chars.dict.yaml
293	仲	zung6	true	zung6	zung6	jyut6ping3.chars.dict.yaml
294	問	man6	true	man6	man6	jyut6ping3.chars.dict.yaml
295	萍	ping4	true	ping4	ping4	jyut6ping3.chars.dict.yaml
296	唔同	m4tung4	true	m4 tung4	m4tung4	jyut6ping3.words.dict.yaml
297	條線	*tiu4sin3	false			
298	會見	wui6gin3	true	wui6 gin3	wui6gin3	jyut6ping3.words.dict.yaml
299	起點	hei2dim2	true	hei2 dim2	hei2dim2	jyut6ping3.words.dict.yaml
300	瞓	fan3	true	fan3	fan3	jyut6ping3.chars.dict.yaml
301	賣	maai6	true	juk6|maai6	juk6|maai6	jyut6ping3.chars.dict.yaml
302	希望	hei1mong6	true	hei1 mong6	hei1mong6	jyut6ping3.words.dict.yaml
303	其他	kei4taa1	true	kei4 taa1	kei4taa1	jyut6ping3.words.dict.yaml
304	十	sap6	true	sap6	sap6	jyut6ping3.chars.dict.yaml
305	南	naam4	true	naa1|naam4	naa1|naam4	jyut6ping3.chars.dict.yaml
306	今日	gam1jat6	true	gam1 jat6	gam1jat6	jyut6ping3.words.dict.yaml
307	吔	jaa3	true	jaa1|jaa2|jaak3	jaa1|jaa2|jaak3	jyut6ping3.chars.dict.yaml
308	滑雪	waat6syut3	true	waat6 syut3	waat6syut3	jyut6ping3.words.dict.yaml
309	新	san1	true	san1	san1	jyut6ping3.chars.dict.yaml
310	明白	ming4baak6	true	ming4 baak6	ming4baak6	jyut6ping3.words.dict.yaml
311	等等	dang2dang2	true	dang2 dang2	dang2dang2	jyut6ping3.words.dict.yaml
312	中	zung1|zung3	true	zung1|zung3	zung1|zung3	jyut6ping3.chars.dict.yaml
313	定係	ding6hai6	true	ding6 hai6	ding6hai6	jyut6ping3.words.dict.yaml
314	電話	din6waa2	true	din6 waa2	din6waa2	jyut6ping3.words.dict.yaml
315	冇錯	mou5co3	true	mou5 co3	mou5co3	jyut6ping3.words.dict.yaml
316	原來	jyun4loi4	true	jyun4 loi4	jyun4loi4	jyut6ping3.words.dict.yaml
317	根本	gan1bun2	true	gan1 bun2	gan1bun2	jyut6ping3.words.dict.yaml
318	盛	sing6|sing4	true	sing4|sing6	sing4|sing6	jyut6ping3.chars.dict.yaml
319	燕	jin3|jin1	true	jin1|jin3	jin1|jin3	jyut6ping3.chars.dict.yaml
320	大概	daai6koi3	true	daai6 koi3	daai6koi3	jyut6ping3.words.dict.yaml
321	工廠	gung1cong2	true	gung1 cong2	gung1cong2	jyut6ping3.words.dict.yaml
322	同學	tung4hok6	true	tung4 hok6	tung4hok6	jyut6ping3.words.dict.yaml
323	快	faai3	true	faai3	faai3	jyut6ping3.chars.dict.yaml
324	傻	so4	true	so4	so4	jyut6ping3.chars.dict.yaml
325	算	syun3	true	syun3	syun3	jyut6ping3.chars.dict.yaml
326	請	ceng2|cing2	true	ceng2|cing1|cing2|king4|zing6	ceng2|cing1|cing2|king4|zing6	jyut6ping3.chars.dict.yaml
327	之前	zi1cin4	true	zi1 cin4	zi1cin4	jyut6ping3.words.dict.yaml
328	只	zi2|zek3	true	zek3|zi2	zek3|zi2	jyut6ping3.chars.dict.yaml
329	可	ho2	true	hak1|ho2	hak1|ho2	jyut6ping3.chars.dict.yaml
330	有時	jau5si4	true	jau5 si4	jau5si4	jyut6ping3.words.dict.yaml
331	意思	ji3si1	true	ji3 si1|ji3 si3	ji3si1|ji3si3	jyut6ping3.words.dict.yaml
332	仲有	zung6jau5	true	zung6 jau5	zung6jau5	jyut6ping3.words.dict.yaml
333	唧	zik1	true	zek1|zik1|zit3	zek1|zik1|zit3	jyut6ping3.chars.dict.yaml
334	陪	pui4	true	pui4	pui4	jyut6ping3.chars.dict.yaml
335	一齊	jat1cai4	true	jat1 cai4	jat1cai4	jyut6ping3.words.dict.yaml
336	大樹	daai6syu6	false			
337	老	lou5	true	lou5	lou5	jyut6ping3.chars.dict.yaml
338	依	ji1	true	ji1	ji1	jyut6ping3.chars.dict.yaml
339	咦	ji4	true	hi1|ji2|ji4	hi1|ji2|ji4	jyut6ping3.chars.dict.yaml
340	停	ting4	true	ting4	ting4	jyut6ping3.chars.dict.yaml
341	感覺	gam2gok3	true	gam2 gok3	gam2gok3	jyut6ping3.words.dict.yaml
342	洗	sai2	true	sai2|sin2	sai2|sin2	jyut6ping3.chars.dict.yaml
343	扮	baan6|baan3	true	baan3|baan6|fan5	baan3|baan6|fan5	jyut6ping3.chars.dict.yaml
344	定	ding6	true	deng6|ding3|ding6	deng6|ding3|ding6	jyut6ping3.chars.dict.yaml
345	耐	noi6	true	nang4|noi6	nang4|noi6	jyut6ping3.chars.dict.yaml
346	擁	jung2	true	jung2|ung2	jung2|ung2	jyut6ping3.chars.dict.yaml
347	本身	bun2san1	true	bun2 san1	bun2san1	jyut6ping3.words.dict.yaml
348	方面	fong1min6	true	fong1 min6	fong1min6	jyut6ping3.words.dict.yaml
349	另	ling6	true	ling6	ling6	jyut6ping3.chars.dict.yaml
350	扮汗	*baan6|baan3hon6|hon4|hong6	false			
351	格	gaak3	true	gaak3	gaak3	jyut6ping3.chars.dict.yaml
352	不如	bat1jyu4	true	bat1 jyu4	bat1jyu4	jyut6ping3.words.dict.yaml
353	今次	*gam1ci3	true	gam1 ci3	gam1ci3	jyut6ping3.words.dict.yaml
354	城	sing4	true	seng2|seng4|sing4	seng2|seng4|sing4	jyut6ping3.chars.dict.yaml
355	球場	kau4coeng4	true	kau4 coeng4	kau4coeng4	jyut6ping3.words.dict.yaml
356	多謝	do1ze6	true	do1 ze6	do1ze6	jyut6ping3.words.dict.yaml
357	汗	hon6|hon4|hong6	true	hon4|hon6	hon4|hon6	jyut6ping3.chars.dict.yaml
358	社會	se5wui2	true	se5 wui2	se5wui2	jyut6ping3.words.dict.yaml
359	莊	zong1	true	zong1	zong1	jyut6ping3.chars.dict.yaml
360	幾好	*gei2|gei1hou2|hou3	true	gei2 hou2	gei2hou2	jyut6ping3.words.dict.yaml
361	彭	pang4	true	bong1|paang4|pong4	bong1|paang4|pong4	jyut6ping3.chars.dict.yaml
362	煙	jin1	true	jin1	jin1	jyut6ping3.chars.dict.yaml
363	遠	jyun5	true	jyun5|jyun6	jyun5|jyun6	jyut6ping3.chars.dict.yaml
364	貧大宅	*pan4daai6zaak2	false			
365	名	ming4|meng4	true	meng2|meng4|ming4	meng2|meng4|ming4	jyut6ping3.chars.dict.yaml
366	即刻	zik1hak1	true	zik1 hak1	zik1hak1	jyut6ping3.words.dict.yaml
367	勁	ging6|ging3	true	ging3|ging6	ging3|ging6	jyut6ping3.chars.dict.yaml
368	將	zoeng1|zoeng3	true	coeng1|zoeng1|zoeng3	coeng1|zoeng1|zoeng3	jyut6ping3.chars.dict.yaml
369	像	zoeng6	true	zoeng6	zoeng6	jyut6ping3.chars.dict.yaml
370	二	ji6	true	ji6	ji6	jyut6ping3.chars.dict.yaml
371	北方	bak1fong1	true	bak1 fong1	bak1fong1	jyut6ping3.words.dict.yaml
372	仔	zai2|zi2	true	zai2|zi1|zi2	zai2|zi1|zi2	jyut6ping3.chars.dict.yaml
373	半	bun3	true	bun3	bun3	jyut6ping3.chars.dict.yaml
374	東	dung1	true	dung1	dung1	jyut6ping3.chars.dict.yaml
375	金字塔	gam1zi6taap3	true	gam1 zi6 taap3	gam1zi6taap3	jyut6ping3.words.dict.yaml
376	風車	fung1ce1	true	fung1 ce1	fung1ce1	jyut6ping3.words.dict.yaml
377	越	jyut6	true	jyut6	jyut6	jyut6ping3.chars.dict.yaml
378	工	gung1	true	gung1	gung1	jyut6ping3.chars.dict.yaml
379	考	haau2	true	haau2	haau2	jyut6ping3.chars.dict.yaml
380	當然	dong1jin4	true	dong1 jin4	dong1jin4	jyut6ping3.words.dict.yaml
381	農	nung4	true	nung4	nung4	jyut6ping3.chars.dict.yaml
382	碼頭	maa5tau4	true	maa5 tau4	maa5tau4	jyut6ping3.words.dict.yaml
383	礦場	kwong3coeng4	true	kwong3 coeng4	kwong3coeng4	jyut6ping3.words.dict.yaml
384	入	jap6	true	jap6	jap6	jyut6ping3.chars.dict.yaml
385	女仔	neoi5zai2	true	neoi5 zai2	neoi5zai2	jyut6ping3.words.dict.yaml
386	引	jan5	true	jan5	jan5	jyut6ping3.chars.dict.yaml
387	先至	*sin1zi3	true	sin1 zi3	sin1zi3	jyut6ping3.words.dict.yaml
388	究竟	gau3ging2	true	gau3 ging2	gau3ging2	jyut6ping3.words.dict.yaml
389	前	cin4	true	cin4	cin4	jyut6ping3.chars.dict.yaml
390	頭	tau4	true	tau4	tau4	jyut6ping3.chars.dict.yaml
391	飲	jam2	true	jam2|jam3	jam2|jam3	jyut6ping3.chars.dict.yaml
392	暖	nyun5	true	hyun1|nyun5	hyun1|nyun5	jyut6ping3.chars.dict.yaml
393	總之	zung2zi1	true	zung2 zi1	zung2zi1	jyut6ping3.words.dict.yaml
394	完全	jyun4cyun4	true	jyun4 cyun4	jyun4cyun4	jyut6ping3.words.dict.yaml
395	情況	cing4fong3	true	cing4 fong3	cing4fong3	jyut6ping3.words.dict.yaml
396	甜	tim4	true	tim4	tim4	jyut6ping3.chars.dict.yaml
397	低	dai1	true	dai1	dai1	jyut6ping3.chars.dict.yaml
398	農莊	nung4zong1	true	nung4 zong1	nung4zong1	jyut6ping3.words.dict.yaml
399	瀑布	buk6bou3	true	buk6 bou3	buk6bou3	jyut6ping3.words.dict.yaml
400	五	ng5	true	ng5	ng5	jyut6ping3.chars.dict.yaml
401	辛苦	san1fu2	true	san1 fu2	san1fu2	jyut6ping3.words.dict.yaml
402	股	gu2	true	gu2	gu2	jyut6ping3.chars.dict.yaml
403	墳場	fan4coeng4	true	fan4 coeng4	fan4coeng4	jyut6ping3.words.dict.yaml
404	出來	ceot1loi4	true	ceot1 loi4	ceot1loi4	jyut6ping3.words.dict.yaml
405	部	bou6	true	bou6	bou6	jyut6ping3.chars.dict.yaml
406	你講	*nei5gong2	false			
407	信	seon3	true	san1|seon3	san1|seon3	jyut6ping3.chars.dict.yaml
408	樹林	syu6lam4	true	syu6 lam4	syu6lam4	jyut6ping3.words.dict.yaml
409	禮堂	lai5tong4	true	lai5 tong4	lai5tong4	jyut6ping3.words.dict.yaml
410	所	so2	true	so2	so2	jyut6ping3.chars.dict.yaml
411	所謂	so2wai6	true	so2 wai6	so2wai6	jyut6ping3.words.dict.yaml
412	首先	sau2sin1	true	sau2 sin1	sau2sin1	jyut6ping3.words.dict.yaml
413	國旗	gwok3kei4	true	gwok3 kei4	gwok3kei4	jyut6ping3.words.dict.yaml
414	帶	daai3|daai2	true	daai2|daai3	daai2|daai3	jyut6ping3.chars.dict.yaml
415	畫到	*waak6|waa2dou3	false			
416	燈塔	dang1taap3	true	dang1 taap3	dang1taap3	jyut6ping3.words.dict.yaml
417	講呢	*gong2ne1|ni1|nei1	false			
418	纜車	laam6ce1	true	laam6 ce1	laam6ce1	jyut6ping3.words.dict.yaml
419	全部	cyun4bou6	true	cyun4 bou6	cyun4bou6	jyut6ping3.words.dict.yaml
420	重有	zung6jau5	true	zung6 jau5	zung6jau5	jyut6ping3.words.dict.yaml
421	貴	gwai3	true	gwai3	gwai3	jyut6ping3.chars.dict.yaml
422	四	sei3	true	sei3|si3	sei3|si3	jyut6ping3.chars.dict.yaml
423	服務	fuk6mou6	true	fuk6 mou6	fuk6mou6	jyut6ping3.words.dict.yaml
424	書	syu1	true	syu1	syu1	jyut6ping3.chars.dict.yaml
425	覺	gaau3|gok3	true	gaau3|gok3	gaau3|gok3	jyut6ping3.chars.dict.yaml
426	本	bun2	true	bun2	bun2	jyut6ping3.chars.dict.yaml
427	特別	dak6bit6	true	dak6 bit6	dak6bit6	jyut6ping3.words.dict.yaml
428	得到	dak1dou2	true	dak1 dou3	dak1dou3	jyut6ping3.words.dict.yaml
429	清楚	cing1co2	true	cing1 co2	cing1co2	jyut6ping3.words.dict.yaml
430	理	lei5	true	lei5	lei5	jyut6ping3.chars.dict.yaml
431	種	zung2|zung3	true	zung2|zung3	zung2|zung3	jyut6ping3.chars.dict.yaml
432	堂	tong4	true	tong4	tong4	jyut6ping3.chars.dict.yaml
433	后	hau6	true	hau6	hau6	jyut6ping3.chars.dict.yaml
434	呃	ngaak1|aak1|ak1	true	aai3|aak1|ak1|ngaak1|ngak1	aai3|aak1|ak1|ngaak1|ngak1	jyut6ping3.chars.dict.yaml
435	就算	zau6syun3	true	zau6 syun3	zau6syun3	jyut6ping3.words.dict.yaml
436	虛線	heoi1sin3	true	heoi1 sin3	heoi1sin3	jyut6ping3.words.dict.yaml
437	太	taai3	true	taai3	taai3	jyut6ping3.chars.dict.yaml
438	少	siu2|siu3	true	siu2|siu3	siu2|siu3	jyut6ping3.chars.dict.yaml
439	出去	ceot1heoi3	true	ceot1 heoi3	ceot1heoi3	jyut6ping3.words.dict.yaml
440	怨	jyun3	true	jyun3	jyun3	jyut6ping3.chars.dict.yaml
441	唔記得	m4gei3dak1	true	m4 gei3 dak1	m4gei3dak1	jyut6ping3.words.dict.yaml
442	效果	haau6gwo2	true	haau6 gwo2	haau6gwo2	jyut6ping3.words.dict.yaml
443	起	hei2	true	hei2	hei2	jyut6ping3.chars.dict.yaml
444	文字	man4zi6	true	man4 zi6	man4zi6	jyut6ping3.words.dict.yaml
445	以為	ji5wai4	false			
446	打橫	daa2waang4	true	daa2 waang4	daa2waang4	jyut6ping3.words.dict.yaml
447	通常	tung1soeng4	true	tung1 soeng4	tung1soeng4	jyut6ping3.words.dict.yaml
448	陳	can4	true	can4|zan6	can4|zan6	jyut6ping3.chars.dict.yaml
449	地盤	dei6pun4	true	dei6 pun4	dei6pun4	jyut6ping3.words.dict.yaml
450	行到	*hang4|haang4|hang6|hong4|hong2dou3	false			
451	杏堂	*hang6tong4	false			
452	相信	soeng1seon3	true	soeng1 seon3	soeng1seon3	jyut6ping3.words.dict.yaml
453	揀	gaan2	true	gaan2	gaan2	jyut6ping3.chars.dict.yaml
454	項	hong6	true	hong6	hong6	jyut6ping3.chars.dict.yaml
455	禮拜	lai5baai3	true	lai5 baai3	lai5baai3	jyut6ping3.words.dict.yaml
456	市場	si5coeng4	true	si5 coeng4	si5coeng4	jyut6ping3.words.dict.yaml
457	我講	*ngo5gong2	false			
458	尚健	*soeng6gin6	false			
459	蚊	man1	true	man1|man4	man1|man4	jyut6ping3.chars.dict.yaml
460	印	jan3	true	jan3|ngan3	jan3|ngan3	jyut6ping3.chars.dict.yaml
461	直	zik6	true	zik6	zik6	jyut6ping3.chars.dict.yaml
462	嶺	leng5|ling5	true	leng5|ling5	leng5|ling5	jyut6ping3.chars.dict.yaml
463	入去	jap6heoi3	true	jap6 heoi3	jap6heoi3	jyut6ping3.words.dict.yaml
464	之	zi1	true	zi1	zi1	jyut6ping3.chars.dict.yaml
465	六	luk6	true	liu1|luk6	liu1|luk6	jyut6ping3.chars.dict.yaml
466	出現	ceot1jin6	true	ceot1 jin6	ceot1jin6	jyut6ping3.words.dict.yaml
467	直情	zik6cing4	true	zik6 cing4	zik6cing4	jyut6ping3.words.dict.yaml
468	國	gwok3	true	gwok3	gwok3	jyut6ping3.chars.dict.yaml
469	圖	tou4	true	tou4	tou4	jyut6ping3.chars.dict.yaml
470	西	sai1	true	sai1	sai1	jyut6ping3.chars.dict.yaml
471	掂	dim1|dim6	true	dim1|dim3|dim6	dim1|dim3|dim6	jyut6ping3.chars.dict.yaml
472	條路線	*tiu4lou6sin3	false			
473	頂	ding2|deng2	true	deng2|ding2	deng2|ding2	jyut6ping3.chars.dict.yaml
474	裏邊	*leoi5bin1	true	leoi5 bin1	leoi5bin1	jyut6ping3.words.dict.yaml
475	銅	tung4	true	tung4	tung4	jyut6ping3.chars.dict.yaml
476	濫	laam6	true	haam5|laam5|laam6	haam5|laam5|laam6	jyut6ping3.chars.dict.yaml
477	小	siu2	true	siu2	siu2	jyut6ping3.chars.dict.yaml
478	冇問題	mou5man6tai4	true	mou5 man6 tai4	mou5man6tai4	jyut6ping3.words.dict.yaml
479	右行	*jau6hang4|haang4|hang6|hong4|hong2	false			
480	讀書	duk6syu1	true	duk6 syu1	duk6syu1	jyut6ping3.words.dict.yaml
481	不	bat1	true	bat1|fau2|pei1	bat1|fau2|pei1	jyut6ping3.chars.dict.yaml
482	水塘	seoi2tong4	true	seoi2 tong4	seoi2tong4	jyut6ping3.words.dict.yaml
483	件	gin6	true	gin6	gin6	jyut6ping3.chars.dict.yaml
484	地標	dei6biu1	true	dei6 biu1	dei6biu1	jyut6ping3.words.dict.yaml
485	收	sau1	true	sau1	sau1	jyut6ping3.chars.dict.yaml
486	更加	gang3gaa1	true	gang3 gaa1	gang3gaa1	jyut6ping3.words.dict.yaml
487	男朋友	naam4pang4jau5	true	naam4 pang4 jau5	naam4pang4jau5	jyut6ping3.words.dict.yaml
488	唔該	m4goi1	true	m4 goi1	m4goi1	jyut6ping3.words.dict.yaml
489	愁	sau4	true	sau4	sau4	jyut6ping3.chars.dict.yaml
490	一條	*jat1tiu4	false			
491	八	baat3	true	baat3	baat3	jyut6ping3.chars.dict.yaml
492	忍	jan2	true	jan2|jan5	jan2|jan5	jyut6ping3.chars.dict.yaml
493	重	zung6|cung4|cung5	true	cung4|cung5|zung6	cung4|cung5|zung6	jyut6ping3.chars.dict.yaml
494	將來	zoeng1loi4	true	zoeng1 loi4	zoeng1loi4	jyut6ping3.words.dict.yaml
495	斜	ce4|ce3	true	ce3|ce4|je4	ce3|ce4|je4	jyut6ping3.chars.dict.yaml
496	望	mong6	true	mong4|mong6	mong4|mong6	jyut6ping3.chars.dict.yaml
497	提碑	*tai4bei1	false			
498	工作	gung1zok3	true	gung1 zok3	gung1zok3	jyut6ping3.words.dict.yaml
499	皮	pei4	true	pei2|pei4	pei2|pei4	jyut6ping3.chars.dict.yaml
500	共	gung6	true	gung1|gung2|gung6	gung1|gung2|gung6	jyut6ping3.chars.dict.yaml
501	地	dei6	true	dei6|deng6	dei6|deng6	jyut6ping3.chars.dict.yaml
502	明	ming4	true	ming4	ming4	jyut6ping3.chars.dict.yaml
503	鬼	gwai2	true	gwai2	gwai2	jyut6ping3.chars.dict.yaml
504	最後	zeoi3hau6	true	zeoi3 hau6	zeoi3hau6	jyut6ping3.words.dict.yaml
505	憂	jau1	true	jau1	jau1	jyut6ping3.chars.dict.yaml
506	一次	jat1ci3	true	jat1 ci3	jat1ci3	jyut6ping3.words.dict.yaml
507	加	gaa1	true	gaa1|gaa3	gaa1|gaa3	jyut6ping3.chars.dict.yaml
508	受	sau6	true	sau6	sau6	jyut6ping3.chars.dict.yaml
509	肯定	hang2ding6	true	hang2 ding6	hang2ding6	jyut6ping3.words.dict.yaml
510	能夠	nang4gau3	true	nang4 gau3	nang4gau3	jyut6ping3.words.dict.yaml
511	瑞	seoi6	true	seoi6	seoi6	jyut6ping3.chars.dict.yaml
512	電腦	din6nou5	true	din6 nou5	din6nou5	jyut6ping3.words.dict.yaml
513	領	ling5|leng5	true	leng2|leng5|ling5	leng2|leng5|ling5	jyut6ping3.chars.dict.yaml
514	長	coeng4|zoeng2	true	coeng4|zoeng2|zoeng6	coeng4|zoeng2|zoeng6	jyut6ping3.chars.dict.yaml
515	信心	seon3sam1	true	seon3 sam1	seon3sam1	jyut6ping3.words.dict.yaml
516	後尾	*hau6mei5	true	hau1 mei1|hau6 mei1	hau1mei1|hau6mei1	jyut6ping3.words.dict.yaml
517	重要	zung6jiu3	true	zung6 jiu3	zung6jiu3	jyut6ping3.words.dict.yaml
518	意	ji3	true	ji3	ji3	jyut6ping3.chars.dict.yaml
519	當	dong1|dong3	true	dong1|dong3	dong1|dong3	jyut6ping3.chars.dict.yaml
520	繞	jiu5	true	jiu2|jiu5	jiu2|jiu5	jyut6ping3.chars.dict.yaml
521	水	seoi2	true	seoi2	seoi2	jyut6ping3.chars.dict.yaml
522	成病	*sing4beng6	false			
523	坐	co5|zo6	true	co5|zo6	co5|zo6	jyut6ping3.chars.dict.yaml
524	我話	*ngo5waa6|waa2	false			
525	是	si6	true	si6	si6	jyut6ping3.chars.dict.yaml
526	英文	jing1man4	true	jing1 man2|jing1 man4	jing1man2|jing1man4	jyut6ping3.words.dict.yaml
527	真	zan1	true	zan1	zan1	jyut6ping3.chars.dict.yaml
528	貧	pan4	true	pan4	pan4	jyut6ping3.chars.dict.yaml
529	擺	baai2	true	baai2	baai2	jyut6ping3.chars.dict.yaml
530	彎	waan1	true	waan1	waan1	jyut6ping3.chars.dict.yaml
531	今年	gam1nin4	true	gam1 nin4	gam1nin4	jyut6ping3.words.dict.yaml
532	完成	jyun4sing4	true	jyun4 sing4	jyun4sing4	jyut6ping3.words.dict.yaml
533	男仔	*naam4zai2|zi2	true	naam4 zai2	naam4zai2	jyut6ping3.words.dict.yaml
534	排	paai4	true	bik1|paai4	bik1|paai4	jyut6ping3.chars.dict.yaml
535	跟	gan1	true	gan1	gan1	jyut6ping3.chars.dict.yaml
536	灣	waan1	true	waan1|waan4	waan1|waan4	jyut6ping3.chars.dict.yaml
537	任何	jam6ho4	true	jam6 ho4	jam6ho4	jyut6ping3.words.dict.yaml
538	返來	*faan1|faan2loi4	true	faan1 lai4	faan1lai4	jyut6ping3.words.dict.yaml
539	室	sat1	true	sat1	sat1	jyut6ping3.chars.dict.yaml
540	記得	gei3dak1	true	gei3 dak1	gei3dak1	jyut6ping3.words.dict.yaml
541	犀利	sai1lei6	true	sai1 lei6	sai1lei6	jyut6ping3.words.dict.yaml
542	緊要	gan2jiu3	true	gan2 jiu3	gan2jiu3	jyut6ping3.words.dict.yaml
543	憂店	*jau1dim3	false			
544	樂	lok6|ngok6	true	lok3|lok6|ngaau6|ngok6	lok3|lok6|ngaau6|ngok6	jyut6ping3.chars.dict.yaml
545	樂園	lok6jyun4	true	lok6 jyun4	lok6jyun4	jyut6ping3.words.dict.yaml
546	左上	zo2soeng6	false			
547	先生	sin1saang1	true	sin1 saang1	sin1saang1	jyut6ping3.words.dict.yaml
548	形	jing4	true	jing4	jing4	jyut6ping3.chars.dict.yaml
549	直接	zik6zip3	true	zik6 zip3	zik6zip3	jyut6ping3.words.dict.yaml
550	班	baan1	true	baan1	baan1	jyut6ping3.chars.dict.yaml
551	國家	gwok3gaa1	true	gwok3 gaa1	gwok3gaa1	jyut6ping3.words.dict.yaml
552	第二個	*dai6ji6go3	false			
553	細個	*sai3go3	true	sai3 go3	sai3go3	jyut6ping3.words.dict.yaml
554	幾時	gei2si4	true	gei2 si4	gei2si4	jyut6ping3.words.dict.yaml
555	傾	king1	true	king1	king1	jyut6ping3.chars.dict.yaml
556	經濟	ging1zai3	true	ging1 zai3	ging1zai3	jyut6ping3.words.dict.yaml
557	點啊	*dim2aa3|aa1|aa2	true	dim2 aa3	dim2aa3	jyut6ping3.words.dict.yaml
558	一係	jat1hai6	true	jat1 hai6	jat1hai6	jyut6ping3.words.dict.yaml
559	我會	*ngo5wui5|wui6|wui2	false			
560	使	sai2|si2|si3	true	sai2|si2|si3	sai2|si2|si3	jyut6ping3.chars.dict.yaml
561	突然	dat6jin4	true	dat6 jin4	dat6jin4	jyut6ping3.words.dict.yaml
562	海	hoi2	true	hoi2	hoi2	jyut6ping3.chars.dict.yaml
563	提	tai4	true	si4|tai4	si4|tai4	jyut6ping3.chars.dict.yaml
564	養	joeng5	true	joeng5|joeng6	joeng5|joeng6	jyut6ping3.chars.dict.yaml
565	錯	co3	true	co3|cok3|cou3|laap6	co3|cok3|cou3|laap6	jyut6ping3.chars.dict.yaml
566	叢林	cung4lam4	true	cung4 lam4	cung4lam4	jyut6ping3.words.dict.yaml
567	七	cat1	true	cat1	cat1	jyut6ping3.chars.dict.yaml
568	大陸	daai6luk6	true	daai6 luk6	daai6luk6	jyut6ping3.words.dict.yaml
569	平	ping4	true	peng4|ping4	peng4|ping4	jyut6ping3.chars.dict.yaml
570	打電話	daa2din6waa2	true	daa1 din6 waa2|daa2 din6 waa2	daa1din6waa2|daa2din6waa2	jyut6ping3.words.dict.yaml
571	成個	*sing4go3	false			
572	基本上	gei1bun2soeng6	true	gei1 bun2 soeng6	gei1bun2soeng6	jyut6ping3.words.dict.yaml
573	碟	dip6	true	dip2|dip6	dip2|dip6	jyut6ping3.chars.dict.yaml
574	說話	syut3waa6	true	syut3 waa6	syut3waa6	jyut6ping3.words.dict.yaml
575	雖然	seoi1jin4	true	seoi1 jin4	seoi1jin4	jyut6ping3.words.dict.yaml
576	上行	soeng6hang4	false			
577	心	sam1	true	sam1	sam1	jyut6ping3.chars.dict.yaml
578	自由	zi6jau4	true	zi6 jau4	zi6jau4	jyut6ping3.words.dict.yaml
579	每	mui5	true	mui5	mui5	jyut6ping3.chars.dict.yaml
580	直線	zik6sin3	true	zik6 sin3	zik6sin3	jyut6ping3.words.dict.yaml
581	穿	cyun1	true	cyun1	cyun1	jyut6ping3.chars.dict.yaml
582	哩樣	*lei5|le1|lei1|li1joeng6	false			
583	差	caa1|caai1|cī	true	caa1|caai1|ci1|co1	caa1|caai1|ci1|co1	jyut6ping3.chars.dict.yaml
584	從	cung4	true	cung1|cung4|sung1|zung1|zung3|zung6	cung1|cung4|sung1|zung1|zung3|zung6	jyut6ping3.chars.dict.yaml
585	舊	gau6	true	gau6	gau6	jyut6ping3.chars.dict.yaml
586	呵	ho1	true	aa3|ho1|ho2|o1	aa3|ho1|ho2|o1	jyut6ping3.chars.dict.yaml
587	性	sing3	true	sing3	sing3	jyut6ping3.chars.dict.yaml
588	林	lam4	true	lam4	lam4	jyut6ping3.chars.dict.yaml
589	揸	zaa1	true	zaa1	zaa1	jyut6ping3.chars.dict.yaml
590	機	gei1	true	gei1	gei1	jyut6ping3.chars.dict.yaml
591	世界	sai3gaai3	true	sai3 gaai3	sai3gaai3	jyut6ping3.words.dict.yaml
592	右上	jau6soeng6	false			
593	似	ci5	true	ci5	ci5	jyut6ping3.chars.dict.yaml
594	東方	dung1fong1	true	dung1 fong1	dung1fong1	jyut6ping3.words.dict.yaml
595	返工	faan1gung1	true	faan1 gung1	faan1gung1	jyut6ping3.words.dict.yaml
596	理由	lei5jau4	true	lei5 jau4	lei5jau4	jyut6ping3.words.dict.yaml
597	着	*?	true	ziu1|zoek3|zoek6	ziu1|zoek3|zoek6	jyut6ping3.chars.dict.yaml
598	貨倉	fo3cong1	true	fo3 cong1	fo3cong1	jyut6ping3.words.dict.yaml
599	發覺	faat3gok3	true	faat3 gok3	faat3gok3	jyut6ping3.words.dict.yaml
600	落到	lok6dou2	false			
601	繞過	*jiu5gwo3	false			
602	翻版	faan1baan2	true	faan1 baan2	faan1baan2	jyut6ping3.words.dict.yaml
603	一種	jat1zung2	false			
604	以	ji5	true	ji5	ji5	jyut6ping3.chars.dict.yaml
605	包	baau1	true	baau1	baau1	jyut6ping3.chars.dict.yaml
606	未必	mei6bit1	true	mei6 bit1	mei6bit1	jyut6ping3.words.dict.yaml
607	拍	paak3	true	paak3	paak3	jyut6ping3.chars.dict.yaml
608	法律	faat3leot6	true	faat3 leot6	faat3leot6	jyut6ping3.words.dict.yaml
609	要求	jiu1kau4	true	jiu1 kau4	jiu1kau4	jyut6ping3.words.dict.yaml
610	旅行	leoi5hang4	true	leoi5 hang4	leoi5hang4	jyut6ping3.words.dict.yaml
611	影響	jing2hoeng2	true	jing2 hoeng2	jing2hoeng2	jyut6ping3.words.dict.yaml
612	學生	hok6saang1	true	hok6 saang1	hok6saang1	jyut6ping3.words.dict.yaml
613	講到	gong2dou3	false			
614	關係	gwaan1hai6	true	gwaan1 hai6	gwaan1hai6	jyut6ping3.words.dict.yaml
615	灘	taan1|taan5	true	taan1	taan1	jyut6ping3.chars.dict.yaml
616	女	neoi5	true	jyu5|neoi2|neoi5|neoi6	jyu5|neoi2|neoi5|neoi6	jyut6ping3.chars.dict.yaml
617	考慮	haau2leoi6	true	haau2 leoi6	haau2leoi6	jyut6ping3.words.dict.yaml
618	男人	naam4jan2	true	naam4 jan2	naam4jan2	jyut6ping3.words.dict.yaml
619	某	mau5	true	mau5	mau5	jyut6ping3.chars.dict.yaml
620	唔夠	m4gau3	true	m4 gau3	m4gau3	jyut6ping3.words.dict.yaml
621	射	se6	true	je6|jik6|se6|sik6	je6|jik6|se6|sik6	jyut6ping3.chars.dict.yaml
622	會話	wui6waa6	true	wui6 waa2	wui6waa2	jyut6ping3.words.dict.yaml
623	電視	din6si6	true	din6 si6	din6si6	jyut6ping3.words.dict.yaml
624	學校	hok6haau6	true	hok6 haau6	hok6haau6	jyut6ping3.words.dict.yaml
625	轉彎	zyun3waan1	true	zyun2 waan1|zyun3 waan1	zyun2waan1|zyun3waan1	jyut6ping3.words.dict.yaml
626	攬	laam5	true	laam2|laam5	laam2|laam5	jyut6ping3.chars.dict.yaml
627	九	gau2	true	gau2	gau2	jyut6ping3.chars.dict.yaml
628	水平	seoi2ping4	true	seoi2 ping4	seoi2ping4	jyut6ping3.words.dict.yaml
629	生活	sang1wut6	true	sang1 wut6	sang1wut6	jyut6ping3.words.dict.yaml
630	早晨	zou2san4	true	zou2 san4	zou2san4	jyut6ping3.words.dict.yaml
631	其中	kei4zung1	true	kei4 zung1	kei4zung1	jyut6ping3.words.dict.yaml
632	放	fong3	true	fong2|fong3	fong2|fong3	jyut6ping3.chars.dict.yaml
633	法	faat3	true	faat3|fat3	faat3|fat3	jyut6ping3.chars.dict.yaml
634	教	gaau3	true	gaau1|gaau3	gaau1|gaau3	jyut6ping3.chars.dict.yaml
635	最好	zeoi3hou2	true	zeoi3 hou2	zeoi3hou2	jyut6ping3.words.dict.yaml
636	磅	bong6|bong2	true	bong6|pong4	bong6|pong4	jyut6ping3.chars.dict.yaml
637	山路	saan1lou6	true	saan1 lou6	saan1lou6	jyut6ping3.words.dict.yaml
638	公共	gung1gung6	true	gung1 gung6	gung1gung6	jyut6ping3.words.dict.yaml
639	方法	fong1faat3	true	fong1 faat3	fong1faat3	jyut6ping3.words.dict.yaml
640	代表	doi6biu2	true	doi6 biu2	doi6biu2	jyut6ping3.words.dict.yaml
641	好過	*hou2|hou3gwo3	true	hou2 gwo3	hou2gwo3	jyut6ping3.words.dict.yaml
642	西方	sai1fong1	true	sai1 fong1	sai1fong1	jyut6ping3.words.dict.yaml
643	者	ze2	true	ze2	ze2	jyut6ping3.chars.dict.yaml
644	段	dyun6	true	dyun6	dyun6	jyut6ping3.chars.dict.yaml
645	難	naan6|naan4	true	naan4|naan6|no4	naan4|naan6|no4	jyut6ping3.chars.dict.yaml
646	好睇	*hou2|hou3tai2	true	hou2 tai2	hou2tai2	jyut6ping3.words.dict.yaml
647	早	zou2	true	zou2	zou2	jyut6ping3.chars.dict.yaml
648	店	dim3	true	dim3	dim3	jyut6ping3.chars.dict.yaml
649	第	dai6	true	dai6	dai6	jyut6ping3.chars.dict.yaml
650	發展	faat3zin2	true	faat3 zin2	faat3zin2	jyut6ping3.words.dict.yaml
651	圖案	tou4on3	true	tou4 on3	tou4on3	jyut6ping3.words.dict.yaml
652	學	hok6	true	hok6	hok6	jyut6ping3.chars.dict.yaml
653	賺	zaan6	true	zaan6	zaan6	jyut6ping3.chars.dict.yaml
654	簡單	gaan2daan1	true	gaan2 daan1	gaan2daan1	jyut6ping3.words.dict.yaml
655	同一	tung4jat1	true	tung4 jat1	tung4jat1	jyut6ping3.words.dict.yaml
656	尾	mei5	true	mei5	mei5	jyut6ping3.chars.dict.yaml
657	我見	*ngo5gin3	false			
658	近	gan6|kan5	true	gan6|kan5	gan6|kan5	jyut6ping3.chars.dict.yaml
659	拜拜	baai1baai3	true	baai1 baai3	baai1baai3	jyut6ping3.words.dict.yaml
660	接受	zip3sau6	true	zip3 sau6	zip3sau6	jyut6ping3.words.dict.yaml
661	第二	dai6ji6	true	dai6 ji6	dai6ji6	jyut6ping3.words.dict.yaml
662	貧大	*pan4daai6	false			
663	最近	zeoi3gan6	true	zeoi3 gan6	zeoi3gan6	jyut6ping3.words.dict.yaml
664	意見	ji3gin3	true	ji3 gin3	ji3gin3	jyut6ping3.words.dict.yaml
665	圖片	tou4pin3	true	tou4 pin2	tou4pin2	jyut6ping3.words.dict.yaml
666	辦法	baan6faat3	true	baan6 faat3	baan6faat3	jyut6ping3.words.dict.yaml
667	入面	jap6min6	true	jap6 min6	jap6min6	jyut6ping3.words.dict.yaml
668	分鐘	fan1zung1	true	fan1 zung1	fan1zung1	jyut6ping3.words.dict.yaml
669	北	bak1	true	bak1|bui3	bak1|bui3	jyut6ping3.chars.dict.yaml
670	外國	ngoi6gwok3	true	ngoi6 gwok3	ngoi6gwok3	jyut6ping3.words.dict.yaml
671	平時	ping4si4	true	ping4 si4	ping4si4	jyut6ping3.words.dict.yaml
672	打開	daa2hoi1	true	daa2 hoi1	daa2hoi1	jyut6ping3.words.dict.yaml
673	把	baa2	true	baa2|baa3	baa2|baa3	jyut6ping3.chars.dict.yaml
674	步	bou6	true	bou6|fau6	bou6|fau6	jyut6ping3.chars.dict.yaml
675	炒	caau2	true	caau2	caau2	jyut6ping3.chars.dict.yaml
676	狗	gau2	true	gau2	gau2	jyut6ping3.chars.dict.yaml
677	直行	zik6hong4	false			
678	借	ze3	true	ze3	ze3	jyut6ping3.chars.dict.yaml
679	容易	jung4ji6	true	jung4 ji6	jung4ji6	jyut6ping3.words.dict.yaml
680	座	zo6	true	zo2|zo6	zo2|zo6	jyut6ping3.chars.dict.yaml
681	起碼	hei2maa5	true	hei2 maa5	hei2maa5	jyut6ping3.words.dict.yaml
682	偏	pin1	true	pin1	pin1	jyut6ping3.chars.dict.yaml
683	報紙	bou3zi2	true	bou3 zi2	bou3zi2	jyut6ping3.words.dict.yaml
684	人工	jan4gung1	true	jan4 gung1	jan4gung1	jyut6ping3.words.dict.yaml
685	分	fan1|fan6	true	fan1|fan6	fan1|fan6	jyut6ping3.chars.dict.yaml
686	反而	faan2ji4	true	faan2 ji4	faan2ji4	jyut6ping3.words.dict.yaml
687	主要	zyu2jiu3	true	zyu2 jiu3	zyu2jiu3	jyut6ping3.words.dict.yaml
688	有陣	*jau5zan6	false			
689	怪	gwaai3	true	gwaai3	gwaai3	jyut6ping3.chars.dict.yaml
690	除	ceoi4	true	ceoi4|cyu1|cyu4|zyu6	ceoi4|cyu1|cyu4|zyu6	jyut6ping3.chars.dict.yaml
691	剪	zin2	true	zin2	zin2	jyut6ping3.chars.dict.yaml
692	細	sai3	true	sai3	sai3	jyut6ping3.chars.dict.yaml
693	袋	doi6|doi2	true	doi6	doi6	jyut6ping3.chars.dict.yaml
694	等陣	dang2zan6	true	dang2 zan6	dang2zan6	jyut6ping3.words.dict.yaml
695	閒	haan4	true	gaan1|gaan3|haan4	gaan1|gaan3|haan4	jyut6ping3.chars.dict.yaml
696	慢慢	maan6maan6	true	maan6 maan2	maan6maan2	jyut6ping3.words.dict.yaml
697	鐘	zung1	true	zung1	zung1	jyut6ping3.chars.dict.yaml
698	三個	*saam1|saam3go3	false			
699	女人	neoi5jan2	true	neoi5 jan2	neoi5jan2	jyut6ping3.words.dict.yaml
700	幼	jau3	true	jau3	jau3	jyut6ping3.chars.dict.yaml
701	同意	tung4ji3	true	tung4 ji3	tung4ji3	jyut6ping3.words.dict.yaml
702	行過	*hang4|haang4|hang6|hong4|hong2gwo3	false			
703	所有	so2jau5	true	so2 jau5	so2jau5	jyut6ping3.words.dict.yaml
704	直落	zik6lok6	true	zik6 lok6	zik6lok6	jyut6ping3.words.dict.yaml
705	後	hau6	true	hau6	hau6	jyut6ping3.chars.dict.yaml
706	家	gaa1	true	gaa1|gu1|ze1	gaa1|gu1|ze1	jyut6ping3.chars.dict.yaml
707	財政	coi4zing3	true	coi4 zing3	coi4zing3	jyut6ping3.words.dict.yaml
708	敢	gam2	true	gam2	gam2	jyut6ping3.chars.dict.yaml
709	節目	zit3muk6	true	zit3 muk6	zit3muk6	jyut6ping3.words.dict.yaml
710	點呀	*dim2aa3|aa1|aa6	true	dim2 aa4	dim2aa4	jyut6ping3.words.dict.yaml
711	點知	*dim2zi1|zi3	true	dim2 zi1	dim2zi1	jyut6ping3.words.dict.yaml
712	水平線	seoi2ping4sin3	true	seoi2 ping4 sin3	seoi2ping4sin3	jyut6ping3.words.dict.yaml
713	例如	lai6jyu4	true	lai6 jyu4	lai6jyu4	jyut6ping3.words.dict.yaml
714	爸爸	baa4baa1	true	baa4 baa1	baa4baa1	jyut6ping3.words.dict.yaml
715	直上	zik6soeng5	false			
716	直程	*zik6cing4	true	zik6 cing4	zik6cing4	jyut6ping3.words.dict.yaml
717	個個	go3go3	true	go3 go3	go3go3	jyut6ping3.words.dict.yaml
718	幅	fuk1	true	fuk1	fuk1	jyut6ping3.chars.dict.yaml
719	普通	pou2tung1	true	pou2 tung1	pou2tung1	jyut6ping3.words.dict.yaml
720	畫個	*waak6|waa2go3	false			
721	碑	bei1	true	bei1	bei1	jyut6ping3.chars.dict.yaml
722	一半	jat1bun3	true	jat1 bun3	jat1bun3	jyut6ping3.words.dict.yaml
723	左右	zo2jau2|zo2jau6	true	zo2 jau2|zo2 jau6	zo2jau2|zo2jau6	jyut6ping3.words.dict.yaml
724	左行	*zo2hang4|haang4|hang6|hong4|hong2	false			
725	食飯	*sik6faan6	true	sik6 faan6	sik6faan6	jyut6ping3.words.dict.yaml
726	距離	keoi5lei4	true	keoi5 lei4	keoi5lei4	jyut6ping3.words.dict.yaml
727	概念	koi3nim6	true	koi3 nim6	koi3nim6	jyut6ping3.words.dict.yaml
728	環境	waan4ging2	true	waan4 ging2	waan4ging2	jyut6ping3.words.dict.yaml
729	人權	jan4kyun4	true	jan4 kyun4	jan4kyun4	jyut6ping3.words.dict.yaml
730	下行	haa6hang4	false			
731	小姐	siu2ze2	true	siu2 ze2	siu2ze2	jyut6ping3.words.dict.yaml
732	包括	baau1kut3	true	baau1 kut3	baau1kut3	jyut6ping3.words.dict.yaml
733	生	saang1|sang1	true	saang1|sang1	saang1|sang1	jyut6ping3.chars.dict.yaml
734	因	jan1	true	jan1	jan1	jyut6ping3.chars.dict.yaml
735	考試	haau2si3	true	haau2 si3|haau2 si5	haau2si3|haau2si5	jyut6ping3.words.dict.yaml
736	杏	hang6	true	hang6	hang6	jyut6ping3.chars.dict.yaml
737	始終	ci2zung1	true	ci2 zung1	ci2zung1	jyut6ping3.words.dict.yaml
738	阿媽	aa3maa1	true	aa3 maa1	aa3maa1	jyut6ping3.words.dict.yaml
739	計	gai3	true	gai2|gai3|gei3	gai2|gai3|gei3	jyut6ping3.chars.dict.yaml
740	個韻	*go3wan6	false			
741	原本	jyun4bun2	true	jyun4 bun2	jyun4bun2	jyut6ping3.words.dict.yaml
742	連	lin4	true	lin4	lin4	jyut6ping3.chars.dict.yaml
743	港人	gong2jan4	true	gong2 jan4	gong2jan4	jyut6ping3.words.dict.yaml
744	試過	*si3gwo3	true	si3 gwo3	si3gwo3	jyut6ping3.words.dict.yaml
745	對於	deoi3jyu1	true	deoi3 jyu1	deoi3jyu1	jyut6ping3.words.dict.yaml
746	轉	zyun2|zyun3	true	zyun2|zyun3	zyun2|zyun3	jyut6ping3.chars.dict.yaml
747	大個	*daai6go3	true	daai6 go3	daai6go3	jyut6ping3.words.dict.yaml
748	公務員	gung1mou6jyun4	true	gung1 mou6 jyun4	gung1mou6jyun4	jyut6ping3.words.dict.yaml
749	分別	fan1bit6	true	fan1 bit6	fan1bit6	jyut6ping3.words.dict.yaml
750	化	faa3	true	faa1|faa3	faa1|faa3	jyut6ping3.chars.dict.yaml
751	比	bei2	true	bei2|bei3|bei6|pei4	bei2|bei3|bei6|pei4	jyut6ping3.chars.dict.yaml
752	我個	*ngo5go3	false			
753	我想	*ngo5soeng2	false			
754	車	ce1|geoi1	true	ce1|geoi1	ce1|geoi1	jyut6ping3.chars.dict.yaml
755	放棄	fong3hei3	true	fong3 hei3	fong3hei3	jyut6ping3.words.dict.yaml
756	勇	jung6	true	jung5	jung5	jyut6ping3.chars.dict.yaml
757	神	san4	true	san1|san4	san1|san4	jyut6ping3.chars.dict.yaml
758	得閒	dak1haan4	true	dak1 haan4	dak1haan4	jyut6ping3.words.dict.yaml
759	笨	ban6	true	ban6	ban6	jyut6ping3.chars.dict.yaml
760	尊重	zyun1zung6	true	zyun1 zung6	zyun1zung6	jyut6ping3.words.dict.yaml
761	幾個	gei2go3	false			
762	棚	paang4	true	paang4	paang4	jyut6ping3.chars.dict.yaml
763	會堂	wui6tong4	false			
764	講話	gong2waa6	true	gong2 waa6	gong2waa6	jyut6ping3.words.dict.yaml
765	礦	kwong3|gwong3	true	gwong3|kong3|kwong3	gwong3|kong3|kwong3	jyut6ping3.chars.dict.yaml
766	一份	*jat1fan6	false			
767	大學	daai6hok6	true	daai6 hok6	daai6hok6	jyut6ping3.words.dict.yaml
768	之外	zi1ngoi6	true	zi1 ngoi6	zi1ngoi6	jyut6ping3.words.dict.yaml
769	介紹	gaai3siu6	true	gaai3 siu6	gaai3siu6	jyut6ping3.words.dict.yaml
770	行為	hang6wai4	false			
771	忍依	*jan2ji1	false			
772	投資	tau4zi1	true	tau4 zi1	tau4zi1	jyut6ping3.words.dict.yaml
773	架	gaa3|gaa2	true	gaa3	gaa3	jyut6ping3.chars.dict.yaml
774	害	hoi6	true	hoi6|hot3|hot6	hoi6|hot3|hot6	jyut6ping3.chars.dict.yaml
775	笑	siu3	true	siu3	siu3	jyut6ping3.chars.dict.yaml
776	魚	jyu2	true	jyu2|jyu4	jyu2|jyu4	jyut6ping3.chars.dict.yaml
777	堡	bou2	true	bou2|pou3	bou2|pou3	jyut6ping3.chars.dict.yaml
778	當時	dong1si4	true	dong1 si4	dong1si4	jyut6ping3.words.dict.yaml
779	路線	lou6sin3	true	lou6 sin3	lou6sin3	jyut6ping3.words.dict.yaml
780	興趣	hing3ceoi3	true	hing3 ceoi3	hing3ceoi3	jyut6ping3.words.dict.yaml
781	餐室	caan1sat1	true	caan1 sat1	caan1sat1	jyut6ping3.words.dict.yaml
782	黐線	*ci1sin3	true	ci1 sin3	ci1sin3	jyut6ping3.words.dict.yaml
783	一年	*jat1nin4	false			
784	日本	jat6bun2	true	jat6 bun2	jat6bun2	jyut6ping3.words.dict.yaml
785	令	ling6	true	lim1|ling1|ling4|ling5|ling6	lim1|ling1|ling4|ling5|ling6	jyut6ping3.chars.dict.yaml
786	右手	jau6sau2	false			
787	外	ngoi6|oi6	true	ngoi6	ngoi6	jyut6ping3.chars.dict.yaml
788	有錢	jau5cin2	true	jau5 cin2|jau5 cin4	jau5cin2|jau5cin4	jyut6ping3.words.dict.yaml
789	至	zi3	true	zi3	zi3	jyut6ping3.chars.dict.yaml
790	我知	*ngo5zi1|zi3	false			
791	表達	biu2daat6	true	biu2 daat6	biu2daat6	jyut6ping3.words.dict.yaml
792	甚至	sam6zi3	true	sam6 zi3	sam6zi3	jyut6ping3.words.dict.yaml
793	美	mei5	true	mei5	mei5	jyut6ping3.chars.dict.yaml
794	唔緊要	m4gan2jiu3	true	m4 gan2 jiu3	m4gan2jiu3	jyut6ping3.words.dict.yaml
795	秩序	dit6zeoi6	true	dit6 zeoi6	dit6zeoi6	jyut6ping3.words.dict.yaml
796	能力	nang4lik6	true	nang4 lik6	nang4lik6	jyut6ping3.words.dict.yaml
797	棵	po1|fo2	true	fo1|fo2|po1	fo1|fo2|po1	jyut6ping3.chars.dict.yaml
798	廣告	gwong2gou3	true	gwong2 gou3	gwong2gou3	jyut6ping3.words.dict.yaml
799	靠	kaau3	true	kaau3	kaau3	jyut6ping3.chars.dict.yaml
800	講下	*gong2haa6	true	gong2 haa5	gong2haa5	jyut6ping3.words.dict.yaml
801	○	*?	false			
802	上方	soeng6fong1	false			
803	只不過	*zi2|zek3bat1gwo3	true	zi2 bat1 gwo3	zi2bat1gwo3	jyut6ping3.words.dict.yaml
804	永遠	wing5jyun5	true	wing5 jyun5	wing5jyun5	jyut6ping3.words.dict.yaml
805	生意	saang1ji3	true	saang1 ji3	saang1ji3	jyut6ping3.words.dict.yaml
806	好玩	hou2waan2	true	hou2 waan2|hou2 wun6	hou2waan2|hou2wun6	jyut6ping3.words.dict.yaml
807	字典	zi6din2	true	zi6 din2	zi6din2	jyut6ping3.words.dict.yaml
808	房	fong4|fong2	true	fong2|fong4|pong4	fong2|fong4|pong4	jyut6ping3.chars.dict.yaml
809	於	jyu1	true	jyu1|jyu4|wu1	jyu1|jyu4|wu1	jyut6ping3.chars.dict.yaml
810	型	jing4	true	jing4	jing4	jyut6ping3.chars.dict.yaml
811	盆	pun4	true	pun4	pun4	jyut6ping3.chars.dict.yaml
812	飛機	fei1gei1	true	fei1 gei1	fei1gei1	jyut6ping3.words.dict.yaml
813	陣時	*zan6si4	false			
814	接近	zip3gan6	true	zip3 gan6	zip3gan6	jyut6ping3.words.dict.yaml
815	短	dyun2	true	dyun2	dyun2	jyut6ping3.chars.dict.yaml
816	機會	gei1wui6	true	gei1 wui6	gei1wui6	jyut6ping3.words.dict.yaml
817	聲	seng1|sing1	true	seng1|sing1	seng1|sing1	jyut6ping3.chars.dict.yaml
818	講得	*gong2dak1	false			
819	講過	*gong2gwo3	false			
820	出面	ceot1min2	true	ceot1 min2|ceot1 min6	ceot1min2|ceot1min6	jyut6ping3.words.dict.yaml
821	叻	lek1	true	lak6|lek1|lik1|lik6	lak6|lek1|lik1|lik6	jyut6ping3.chars.dict.yaml
822	我要	*ngo5jiu3	false			
823	來講	*loi4gong2	false			
824	制度	zai3dou6	true	zai3 dou6	zai3dou6	jyut6ping3.words.dict.yaml
825	股票	gu2piu3	true	gu2 piu3	gu2piu3	jyut6ping3.words.dict.yaml
826	面對	min6deoi3	true	min6 deoi3	min6deoi3	jyut6ping3.words.dict.yaml
827	套	tou3	true	tou3	tou3	jyut6ping3.chars.dict.yaml
828	案	on3|ngon3	true	on3	on3	jyut6ping3.chars.dict.yaml
829	晚	maan5	true	maan5	maan5	jyut6ping3.chars.dict.yaml
830	無論	mou4leon6	true	mou4 leon6	mou4leon6	jyut6ping3.words.dict.yaml
831	圓形	jyun4jing4	true	jyun4 jing4	jyun4jing4	jyut6ping3.words.dict.yaml
832	感受	gam2sau6	true	gam2 sau6	gam2sau6	jyut6ping3.words.dict.yaml
833	嘍	lau1|lau4	true	lau1|lau3|lau4	lau1|lau3|lau4	jyut6ping3.chars.dict.yaml
834	鼻	bei6	true	bat6|bei6	bat6|bei6	jyut6ping3.chars.dict.yaml
835	嘿	hei1	true	hei1|mak6	hei1|mak6	jyut6ping3.chars.dict.yaml
836	嬋	sim4|sin4	true	sim4|sin4	sim4|sin4	jyut6ping3.chars.dict.yaml
837	數碼	sou3maa5	true	sou3 maa5	sou3maa5	jyut6ping3.words.dict.yaml
838	誰	seoi4	true	seoi2|seoi4	seoi2|seoi4	jyut6ping3.chars.dict.yaml
839	一陣	jat1zan6	true	jat1 zan6	jat1zan6	jyut6ping3.words.dict.yaml
840	一間	*jat1gaan1|gaan3	false			
841	大佬	daai6lou2	true	daai6 lou2	daai6lou2	jyut6ping3.words.dict.yaml
842	女朋友	neoi5pang4jau5	true	neoi5 pang4 jau5	neoi5pang4jau5	jyut6ping3.words.dict.yaml
843	小學	siu2hok6	true	siu2 hok6	siu2hok6	jyut6ping3.words.dict.yaml
844	中文	zung1man4	true	zung1 man2|zung1 man4	zung1man2|zung1man4	jyut6ping3.words.dict.yaml
845	井	zeng2|zing2	true	zeng2|zing2	zeng2|zing2	jyut6ping3.chars.dict.yaml
846	令到	*ling6dou3	true	ling6 dou3	ling6dou3	jyut6ping3.words.dict.yaml
847	去邊	*heoi3bin1	false			
848	句	geoi3	true	gau1|geoi3|ngau1	gau1|geoi3|ngau1	jyut6ping3.chars.dict.yaml
849	立法	lap6faat3	true	laap6 faat3|lap6 faat3	laap6faat3|lap6faat3	jyut6ping3.words.dict.yaml
850	判決	pun3kyut3	true	pun3 kyut3	pun3kyut3	jyut6ping3.words.dict.yaml
851	拎	ling1	true	ling1|ling4|ning1	ling1|ling4|ning1	jyut6ping3.chars.dict.yaml
852	法院	faat3jyun2	true	faat3 jyun2	faat3jyun2	jyut6ping3.words.dict.yaml
853	知點	*zi1|zi3dim2	false			
854	城市	sing4si5	true	sing4 si5	sing4si5	jyut6ping3.words.dict.yaml
855	相	soeng1	true	soeng1|soeng2|soeng3	soeng1|soeng2|soeng3	jyut6ping3.chars.dict.yaml
856	飛	fei1	true	fei1	fei1	jyut6ping3.chars.dict.yaml
857	原因	jyun4jan1	true	jyun4 jan1	jyun4jan1	jyut6ping3.words.dict.yaml
858	病	beng6	true	beng6|bing6	beng6|bing6	jyut6ping3.chars.dict.yaml
859	純	seon4	true	seon4|tyun4|zeon2	seon4|tyun4|zeon2	jyut6ping3.chars.dict.yaml
860	眼	ngaan5	true	ngaan5	ngaan5	jyut6ping3.chars.dict.yaml
861	最多	zeoi3do1	true	zeoi3 do1	zeoi3do1	jyut6ping3.words.dict.yaml
862	喥	dou6	true	dok6|zaa3	dok6|zaa3	jyut6ping3.chars.dict.yaml
863	發生	faat3sang1	true	faat3 sang1	faat3sang1	jyut6ping3.words.dict.yaml
864	開頭	hoi1tau4	true	hoi1 tau4	hoi1tau4	jyut6ping3.words.dict.yaml
865	塘	tong4	true	tong4	tong4	jyut6ping3.chars.dict.yaml
866	歲	seoi3	true	seoi3	seoi3	jyut6ping3.chars.dict.yaml
867	經	ging1	true	ging1	ging1	jyut6ping3.chars.dict.yaml
868	講真	*gong2zan1	true	gong2 zan1	gong2zan1	jyut6ping3.words.dict.yaml
869	下方	haa6fong1	false			
870	包住	baau1zyu6	true	baau1 zyu6	baau1zyu6	jyut6ping3.words.dict.yaml
871	行行	*hang4|haang4|hang6|hong4|hong2hang4|haang4|hang6|hong4|hong2	true	hong4 hong4	hong4hong4	jyut6ping3.words.dict.yaml
872	形容	jing4jung4	true	jing4 jung4	jing4jung4	jyut6ping3.words.dict.yaml
873	身	san1	true	gyun1|jyun4|kin4|san1	gyun1|jyun4|kin4|san1	jyut6ping3.chars.dict.yaml
874	法官	faat3gun1	true	faat3 gun1	faat3gun1	jyut6ping3.words.dict.yaml
875	返學	faan1hok6	true	faan1 hok6	faan1hok6	jyut6ping3.words.dict.yaml
876	厘米	lei4mai5	true	lei4 mai5	lei4mai5	jyut6ping3.words.dict.yaml
877	問下	*man6haa6	false			
878	跌	dit3	true	daat3|dit3	daat3|dit3	jyut6ping3.chars.dict.yaml
879	搞笑	gaau2siu3	true	gaau2 siu3	gaau2siu3	jyut6ping3.words.dict.yaml
880	搭	daap3	true	daap3|taap3	daap3|taap3	jyut6ping3.chars.dict.yaml
881	實	sat6	true	sat6	sat6	jyut6ping3.chars.dict.yaml
882	撞	zong6	true	cong4|zong2|zong6	cong4|zong2|zong6	jyut6ping3.chars.dict.yaml
883	一日	*jat1jat6	true	jat1 jat6	jat1jat6	jyut6ping3.words.dict.yaml
884	上次	soeng6ci3	true	soeng6 ci3	soeng6ci3	jyut6ping3.words.dict.yaml
885	中國	zung1gwok3	true	zung1 gwok3	zung1gwok3	jyut6ping3.words.dict.yaml
886	今晚	gam1maan5	true	gam1 maan5	gam1maan5	jyut6ping3.words.dict.yaml
887	右手面	jau6sau2min6	true	jau6 sau2 min6	jau6sau2min6	jyut6ping3.words.dict.yaml
888	左手	zo2sau2	false			
889	平衡	ping4hang4	true	ping4 hang4	ping4hang4	jyut6ping3.words.dict.yaml
890	好難	*hou2|hou3naan6|naan4	false			
891	成為	sing4wai4	false			
892	成績	sing4zik1	true	sing4 zik1	sing4zik1	jyut6ping3.words.dict.yaml
893	周圍	zau1wai4	true	zau1 wai4	zau1wai4	jyut6ping3.words.dict.yaml
894	明明	ming4ming4	true	ming4 ming4	ming4ming4	jyut6ping3.words.dict.yaml
895	肥	fei4	true	fai6|fei4	fai6|fei4	jyut6ping3.chars.dict.yaml
896	返到	*faan1|faan2dou3	false			
897	非常	fei1soeng4	true	fei1 soeng4	fei1soeng4	jyut6ping3.words.dict.yaml
898	屋	uk1|nguk1	true	uk1	uk1	jyut6ping3.chars.dict.yaml
899	科	fo1	true	fo1	fo1	jyut6ping3.chars.dict.yaml
900	美國	mei5gwok3	true	mei5 gwok3	mei5gwok3	jyut6ping3.words.dict.yaml
901	送	sung3	true	sung3	sung3	jyut6ping3.chars.dict.yaml
902	圈	hyun1|gyun6	true	gyun6|hyun1	gyun6|hyun1	jyut6ping3.chars.dict.yaml
903	國際	gwok3zai3	true	gwok3 zai3	gwok3zai3	jyut6ping3.words.dict.yaml
904	寄	gei3	true	gei3	gei3	jyut6ping3.chars.dict.yaml
905	彭銅	*pang4tung4	false			
906	無	mou4	true	mo4|mou4	mo4|mou4	jyut6ping3.chars.dict.yaml
907	絕對	zyut6deoi3	true	zyut6 deoi3	zyut6deoi3	jyut6ping3.words.dict.yaml
908	跑	paau2	true	paau2|paau4	paau2|paau4	jyut6ping3.chars.dict.yaml
909	郵票	jau4piu3	true	jau4 piu3	jau4piu3	jyut6ping3.words.dict.yaml
910	經歷	ging1lik6	true	ging1 lik6	ging1lik6	jyut6ping3.words.dict.yaml
911	整	zing2	true	zing2	zing2	jyut6ping3.chars.dict.yaml
912	點講	*dim2gong2	false			
913	關於	gwaan1jyu1	true	gwaan1 jyu1	gwaan1jyu1	jyut6ping3.words.dict.yaml
914	一下	jat1haa5	true	jat1 haa5	jat1haa5	jyut6ping3.words.dict.yaml
915	之下	zi1haa6	true	zi1 haa6	zi1haa6	jyut6ping3.words.dict.yaml
916	未來	mei6loi4	true	mei6 loi4	mei6loi4	jyut6ping3.words.dict.yaml
917	同事	tung4si6	true	tung4 si6	tung4si6	jyut6ping3.words.dict.yaml
918	見過	gin3gwo3	false			
919	個樣	*go3joeng6	false			
920	衰	seoi1|ceoi1	true	ceoi1|seoi1	ceoi1|seoi1	jyut6ping3.chars.dict.yaml
921	教書	gaau3syu1	true	gaau3 syu1	gaau3syu1	jyut6ping3.words.dict.yaml
922	透過	tau3gwo3	true	tau3 gwo3	tau3gwo3	jyut6ping3.words.dict.yaml
923	景點	ging2dim2	true	ging2 dim2	ging2dim2	jyut6ping3.words.dict.yaml
924	結果	git3gwo2	true	git3 gwo2	git3gwo2	jyut6ping3.words.dict.yaml
925	圓	jyun4	true	jyun4	jyun4	jyut6ping3.chars.dict.yaml
926	萬	maan6	true	maak6|maan6	maak6|maan6	jyut6ping3.chars.dict.yaml
927	跳	tiu3	true	tiu3|tiu4	tiu3|tiu4	jyut6ping3.chars.dict.yaml
928	過程	gwo3cing4	true	gwo3 cing4	gwo3cing4	jyut6ping3.words.dict.yaml
929	幣	bai6	true	bai6	bai6	jyut6ping3.chars.dict.yaml
930	橢圓	to5jyun4	true	to5 jyun4	to5jyun4	jyut6ping3.words.dict.yaml
931	壓力	aat3lik6	true	aat3 lik6	aat3lik6	jyut6ping3.words.dict.yaml
932	薯	syu4|syu5	true	syu2|syu4|syu5|syu6	syu2|syu4|syu5|syu6	jyut6ping3.chars.dict.yaml
933	體	tai2	true	tai2	tai2	jyut6ping3.chars.dict.yaml
934	小心	siu2sam1	true	siu2 sam1	siu2sam1	jyut6ping3.words.dict.yaml
935	互聯網	wu6lyun4mong5	true	wu6 lyun4 mong5	wu6lyun4mong5	jyut6ping3.words.dict.yaml
936	公仔	gung1zai2	true	gung1 zai2	gung1zai2	jyut6ping3.words.dict.yaml
937	手邊	*sau2bin1	false			
938	北行	*bak1hang4|haang4|hang6|hong4|hong2	true	bak1 hang4	bak1hang4	jyut6ping3.words.dict.yaml
939	正常	zing3soeng4	true	zing3 soeng4	zing3soeng4	jyut6ping3.words.dict.yaml
940	企	kei5	true	kei2|kei5	kei2|kei5	jyut6ping3.chars.dict.yaml
941	全	cyun4	true	cyun4	cyun4	jyut6ping3.chars.dict.yaml
942	好奇	hou3kei4	true	hou3 kei4	hou3kei4	jyut6ping3.words.dict.yaml
943	作為	zok3wai4	false			
944	利益	lei6jik1	true	lei6 jik1	lei6jik1	jyut6ping3.words.dict.yaml
945	努力	nou5lik6	true	nou5 lik6	nou5lik6	jyut6ping3.words.dict.yaml
946	改革	goi2gaak3	true	goi2 gaak3	goi2gaak3	jyut6ping3.words.dict.yaml
947	私營化	*si1jing4faa3	false			
948	法庭	faat3ting4	true	faat3 ting4	faat3ting4	jyut6ping3.words.dict.yaml
949	留意	lau4ji3	true	lau4 ji3	lau4ji3	jyut6ping3.words.dict.yaml
950	起身	hei2san1	true	hei2 san1	hei2san1	jyut6ping3.words.dict.yaml
951	掛住	*gwaa3zyu6	true	gwaa3 zyu6	gwaa3zyu6	jyut6ping3.words.dict.yaml
952	第日	*dai6jat6	true	dai6 jat6	dai6jat6	jyut6ping3.words.dict.yaml
953	等如	*dang2jyu4	true	dang2 jyu4	dang2jyu4	jyut6ping3.words.dict.yaml
954	舒服	syu1fuk6	true	syu1 fuk6	syu1fuk6	jyut6ping3.words.dict.yaml
955	街	gaai1	true	gaai1	gaai1	jyut6ping3.chars.dict.yaml
956	開支	hoi1zi1	true	hoi1 zi1	hoi1zi1	jyut6ping3.words.dict.yaml
957	亂	lyun6	true	lyun6	lyun6	jyut6ping3.chars.dict.yaml
958	愛	oi3|ngoi3	true	oi3	oi3	jyut6ping3.chars.dict.yaml
959	腳	goek3	true	goek3|gok3	goek3|gok3	jyut6ping3.chars.dict.yaml
960	旗	kei4	true	kei4	kei4	jyut6ping3.chars.dict.yaml
961	認為	jing6wai4	false			
962	遲啲	ci4di1	true	ci4 di1	ci4di1	jyut6ping3.words.dict.yaml
963	頹餐	*teoi4caan1	false			
964	上市	soeng5si5	true	soeng5 si5	soeng5si5	jyut6ping3.words.dict.yaml
965	公約	gung1joek3	true	gung1 joek3	gung1joek3	jyut6ping3.words.dict.yaml
966	支持	zi1ci4	true	zi1 ci4	zi1ci4	jyut6ping3.words.dict.yaml
967	方式	fong1sik1	true	fong1 sik1	fong1sik1	jyut6ping3.words.dict.yaml
968	方便	fong1bin6	true	fong1 bin6	fong1bin6	jyut6ping3.words.dict.yaml
969	日子	jat6zi2	true	jat6 zi2	jat6zi2	jyut6ping3.words.dict.yaml
970	奶茶	naai5caa4	true	naai5 caa4	naai5caa4	jyut6ping3.words.dict.yaml
971	左手面	zo2sau2min6	true	zo2 sau2 min6	zo2sau2min6	jyut6ping3.words.dict.yaml
972	市	si5	true	si5	si5	jyut6ping3.chars.dict.yaml
973	正話	zing3waa6	true	zing3 waa6	zing3waa6	jyut6ping3.words.dict.yaml
974	好彩	hou2coi2	true	hou2 coi2	hou2coi2	jyut6ping3.words.dict.yaml
975	色	sik1	true	sik1	sik1	jyut6ping3.chars.dict.yaml
976	決定	kyut3ding6	true	kyut3 ding6	kyut3ding6	jyut6ping3.words.dict.yaml
977	兩年	loeng5nin4	false			
978	受害	sau6hoi6	true	sau6 hoi6	sau6hoi6	jyut6ping3.words.dict.yaml
979	夜晚	je6maan5	true	je6 maan5	je6maan5	jyut6ping3.words.dict.yaml
980	沿住	*jyun4zyu6	true	jyun4 zyu6	jyun4zyu6	jyut6ping3.words.dict.yaml
981	門	mun4	true	mun4	mun4	jyut6ping3.chars.dict.yaml
982	附近	fu6gan6	true	fu6 gan6	fu6gan6	jyut6ping3.words.dict.yaml
983	咸	haam4	true	haam4	haam4	jyut6ping3.chars.dict.yaml
984	英	jing1	true	jing1	jing1	jyut6ping3.chars.dict.yaml
985	唔通	m4tung1	true	m4 tung1	m4tung1	jyut6ping3.words.dict.yaml
986	真正	zan1zing3	true	zan1 zing3	zan1zing3	jyut6ping3.words.dict.yaml
987	停低	ting4dai1	true	ting4 dai1	ting4dai1	jyut6ping3.words.dict.yaml
988	幾年	gei2nin4	true	gei2 nin4	gei2nin4	jyut6ping3.words.dict.yaml
989	無聊	mou4liu4	true	mou4 liu4	mou4liu4	jyut6ping3.words.dict.yaml
990	選擇	syun2zaak6	true	syun2 zaak6	syun2zaak6	jyut6ping3.words.dict.yaml
991	頭髮	tau4faat3	true	tau4 faat3	tau4faat3	jyut6ping3.words.dict.yaml
992	類似	leoi6ci5	true	leoi6 ci5	leoi6ci5	jyut6ping3.words.dict.yaml
993	鐘頭	zung1tau4	true	zung1 tau4	zung1tau4	jyut6ping3.words.dict.yaml
994	千	cin1	true	cin1	cin1	jyut6ping3.chars.dict.yaml
995	口	hau2	true	hau2	hau2	jyut6ping3.chars.dict.yaml
996	手指	sau2zi2	true	sau2 zi2	sau2zi2	jyut6ping3.words.dict.yaml
997	四個	*sei3go3	false			
998	交	gaau1	true	gaau1	gaau1	jyut6ping3.chars.dict.yaml
999	同人	*tung4jan4	true	tung4 jan4	tung4jan4	jyut6ping3.words.dict.yaml
1000	在乎	zoi6fu4	true	zoi6 fu4	zoi6fu4	jyut6ping3.words.dict.yaml
1001	如	jyu4	true	jyu4	jyu4	jyut6ping3.chars.dict.yaml
1002	有條	jau5tiu4	false			
1003	改	goi2	true	goi2	goi2	jyut6ping3.chars.dict.yaml
1004	其	kei4	true	gei1|gei6|kei4	gei1|gei6|kei4	jyut6ping3.chars.dict.yaml
1005	拖	to1	true	to1	to1	jyut6ping3.chars.dict.yaml
1006	後來	hau6loi4	true	hau6 loi4	hau6loi4	jyut6ping3.words.dict.yaml
1007	研究	jin4gau3	true	jin4 gau3	jin4gau3	jyut6ping3.words.dict.yaml
1008	衫	saam1|sam1	true	saam1	saam1	jyut6ping3.chars.dict.yaml
1009	限制	haan6zai3	true	haan6 zai3	haan6zai3	jyut6ping3.words.dict.yaml
1010	值	zik6	true	zik6	zik6	jyut6ping3.chars.dict.yaml
1011	婆	po4	true	po4	po4	jyut6ping3.chars.dict.yaml
1012	得意	dak1ji3	true	dak1 ji3	dak1ji3	jyut6ping3.words.dict.yaml
1013	條路	*tiu4lou6	false			
1014	添	tim1	true	tim1	tim1	jyut6ping3.chars.dict.yaml
1015	曾經	cang4ging1	true	cang4 ging1	cang4ging1	jyut6ping3.words.dict.yaml
1016	答	daap3	true	daap3	daap3	jyut6ping3.chars.dict.yaml
1017	搬	bun1	true	bun1	bun1	jyut6ping3.chars.dict.yaml
1018	會考	*wui5|wui6|wui2haau2	true	wui6 haau2	wui6haau2	jyut6ping3.words.dict.yaml
1019	經驗	ging1jim6	true	ging1 jim6	ging1jim6	jyut6ping3.words.dict.yaml
1020	態度	taai3dou6	true	taai3 dou6	taai3dou6	jyut6ping3.words.dict.yaml
1021	慘	caam2	true	caam2	caam2	jyut6ping3.chars.dict.yaml
1022	盡量	zeon6loeng6	true	zeon6 loeng6	zeon6loeng6	jyut6ping3.words.dict.yaml
1023	網絡	mong5lok3	true	mong5 lok3|mong5 lok6	mong5lok3|mong5lok6	jyut6ping3.words.dict.yaml
1024	緊張	gan2zoeng1	true	gan2 zoeng1	gan2zoeng1	jyut6ping3.words.dict.yaml
1025	價值	gaa3zik6	true	gaa3 zik6	gaa3zik6	jyut6ping3.words.dict.yaml
1026	噉樣樣	*gam2joeng2joeng6	true	gam2 joeng2 joeng2	gam2joeng2joeng2	jyut6ping3.words.dict.yaml
1027	影	jing2	true	jeng2|jing2	jeng2|jing2	jyut6ping3.chars.dict.yaml
1028	橋	kiu4	true	kiu4	kiu4	jyut6ping3.chars.dict.yaml
1029	餐	caan1	true	caan1	caan1	jyut6ping3.chars.dict.yaml
1030	講呀	*gong2aa3|aa1|aa6	false			
1031	點呢	*dim2ne1|ni1|nei1	false			
1032	一段	*jat1dyun6	false			
1033	一般	jat1bun1	true	jat1 bun1	jat1bun1	jyut6ping3.words.dict.yaml
1034	一張	jat1zoeng1	false			
1035	八月	baat3jyut6	true	baat3 jyut6	baat3jyut6	jyut6ping3.words.dict.yaml
1036	下個	*haa6go3	false			
1037	大部份	daai6bou6fan6	true	daai6 bou6 fan6	daai6bou6fan6	jyut6ping3.words.dict.yaml
1038	女性	neoi5sing3	true	neoi5 sing3	neoi5sing3	jyut6ping3.words.dict.yaml
1039	尤其	jau4kei4	true	jau4 kei4	jau4kei4	jyut6ping3.words.dict.yaml
1040	外圍	ngoi6wai4	true	ngoi6 wai4	ngoi6wai4	jyut6ping3.words.dict.yaml
1041	皮池	*pei4ci4	false			
1042	刑事	jing4si6	true	jing4 si6	jing4si6	jyut6ping3.words.dict.yaml
1043	而且	ji4ce2	true	ji4 ce2	ji4ce2	jyut6ping3.words.dict.yaml
1044	抑或	*jik1waak6	true	jik1 waak6	jik1waak6	jyut6ping3.words.dict.yaml
1045	到時	dou3si4	true	dou3 si4	dou3si4	jyut6ping3.words.dict.yaml
1046	拉	laai1|laa1	true	laa1|laai1|laai6|laap6|laat6	laa1|laai1|laai6|laap6|laat6	jyut6ping3.chars.dict.yaml
1047	欣	jan1	true	jan1	jan1	jyut6ping3.chars.dict.yaml
1048	南行	*naam4hang4|haang4|hang6|hong4|hong2	false			
1049	咯	gaak3|lo1|lok3|gok3	true	gok3|haak3|kat1|lo1|lo3|lok3|lok6	gok3|haak3|kat1|lo1|lo3|lok3|lok6	jyut6ping3.chars.dict.yaml
1050	重係	*zung6|cung4|cung5hai6	true	zung6 hai6	zung6hai6	jyut6ping3.words.dict.yaml
1051	凍	dung3	true	dung3	dung3	jyut6ping3.chars.dict.yaml
1052	馬	maa5	true	maa5	maa5	jyut6ping3.chars.dict.yaml
1053	帳	zoeng3	true	zoeng3	zoeng3	jyut6ping3.chars.dict.yaml
1054	常	soeng4	true	soeng4	soeng4	jyut6ping3.chars.dict.yaml
1055	陶	tou4	true	jiu4|tou4	jiu4|tou4	jyut6ping3.chars.dict.yaml
1056	麻煩	maa4faan4	true	maa4 faan4	maa4faan4	jyut6ping3.words.dict.yaml
1057	暑假	syu2gaa3	true	syu2 gaa3	syu2gaa3	jyut6ping3.words.dict.yaml
1058	發現	faat3jin6	true	faat3 jin6	faat3jin6	jyut6ping3.words.dict.yaml
1059	睇法	*tai2faat3	true	tai2 faat3	tai2faat3	jyut6ping3.words.dict.yaml
1060	程度	cing4dou6	true	cing4 dou6	cing4dou6	jyut6ping3.words.dict.yaml
1061	塊	faai3	true	faai3	faai3	jyut6ping3.chars.dict.yaml
1062	試	si3	true	si3|si5	si3|si5	jyut6ping3.chars.dict.yaml
1063	嘥	saai1	true	saai1	saai1	jyut6ping3.chars.dict.yaml
1064	澳洲	ou3zau1	true	ou3 zau1	ou3zau1	jyut6ping3.words.dict.yaml
1065	講啦	*gong2laa1|laa3	false			
1066	點算	*dim2syun3	true	dim2 syun3	dim2syun3	jyut6ping3.words.dict.yaml
1067	聽日	ting1jat6	true	ting1 jat6	ting1jat6	jyut6ping3.words.dict.yaml
1068	聽講	teng1gong2	true	teng1 gong2	teng1gong2	jyut6ping3.words.dict.yaml
1069	入邊	*jap6bin1	true	jap6 bin1|jap6 bin6	jap6bin1|jap6bin6	jyut6ping3.words.dict.yaml
1070	力	lik6	true	lik6	lik6	jyut6ping3.chars.dict.yaml
1071	冇事	*mou5si6	true	mou5 si6	mou5si6	jyut6ping3.words.dict.yaml
1072	功課	gung1fo3	true	gung1 fo3	gung1fo3	jyut6ping3.words.dict.yaml
1073	左下角	*zo2haa6gok3	false			
1074	左畫	*zo2waak6|waa2	false			
1075	本來	bun2loi4	true	bun2 loi4	bun2loi4	jyut6ping3.words.dict.yaml
1076	生日	saang1jat6	true	saang1 jat6	saang1jat6	jyut6ping3.words.dict.yaml
1077	白紙	*baak6zi2	true	baak6 zi2	baak6zi2	jyut6ping3.words.dict.yaml
1078	尖	zim1	true	zim1	zim1	jyut6ping3.chars.dict.yaml
1079	年紀	nin4gei2	true	nin4 gei2	nin4gei2	jyut6ping3.words.dict.yaml
1080	百	baak3	true	baak3|mak6	baak3|mak6	jyut6ping3.chars.dict.yaml
1081	男	naam4	true	naam4	naam4	jyut6ping3.chars.dict.yaml
1082	事實	si6sat6	true	si6 sat6	si6sat6	jyut6ping3.words.dict.yaml
1083	兩間	*loeng5gaan1|gaan3	false			
1084	尚	soeng6	true	soeng6	soeng6	jyut6ping3.chars.dict.yaml
1085	於是	jyu1si6	true	jyu1 si6	jyu1si6	jyut6ping3.words.dict.yaml
1086	版	baan2	true	baan2	baan2	jyut6ping3.chars.dict.yaml
1087	直到	zik6dou3	true	zik6 dou3	zik6dou3	jyut6ping3.words.dict.yaml
1088	空白	hung1baak6	true	hung1 baak6	hung1baak6	jyut6ping3.words.dict.yaml
1089	指	zi2	true	zi2	zi2	jyut6ping3.chars.dict.yaml
1090	要點	jiu3dim2	true	jiu3 dim2	jiu3dim2	jyut6ping3.words.dict.yaml
1091	負責	fu6zaak3	true	fu6 zaak3	fu6zaak3	jyut6ping3.words.dict.yaml
1092	冤墓	*jyun1mou6	false			
1093	畫條	*waak6|waa2tiu4	false			
1094	電子	din6zi2	true	din6 zi2	din6zi2	jyut6ping3.words.dict.yaml
1095	標	biu1	true	biu1	biu1	jyut6ping3.chars.dict.yaml
1096	談	taam4	true	taam4	taam4	jyut6ping3.chars.dict.yaml
1097	聯	lyun4	true	lyun4	lyun4	jyut6ping3.chars.dict.yaml
1098	講返	*gong2faan1|faan2	false			
1099	舊年	gau6nin2	true	gau6 nin2	gau6nin2	jyut6ping3.words.dict.yaml
1100	覆	fuk1|fau6	true	fau6|fu3|fuk1	fau6|fu3|fuk1	jyut6ping3.chars.dict.yaml
1101	醫生	ji1sang1	true	ji1 sang1	ji1sang1	jyut6ping3.words.dict.yaml
1102	九點	*gau2dim2	false			
1103	大約	daai6joek3	true	daai6 joek3	daai6joek3	jyut6ping3.words.dict.yaml
1104	分開	fan1hoi1	true	fan1 hoi1	fan1hoi1	jyut6ping3.words.dict.yaml
1105	升	sing1	true	sing1	sing1	jyut6ping3.chars.dict.yaml
1106	廿	jaa6|nim6|je6	true	jaa6|jap6|je6|nim6	jaa6|jap6|je6|nim6	jyut6ping3.chars.dict.yaml
1107	打個	*daa2|daa1go3	false			
1108	白色	baak6sik1	true	baak6 sik1	baak6sik1	jyut6ping3.words.dict.yaml
1109	行去	*hang4|haang4|hang6|hong4|hong2heoi3	false			
1110	形狀	jing4zong6	true	jing4 zong6	jing4zong6	jyut6ping3.words.dict.yaml
1111	我想問	*ngo5soeng2man6	false			
1112	改變	goi2bin3	true	goi2 bin3	goi2bin3	jyut6ping3.words.dict.yaml
1113	私人	si1jan4	true	si1 jan4	si1jan4	jyut6ping3.words.dict.yaml
1114	兩個韻	*loeng5go3wan6	false			
1115	受山	*sau6saan1	false			
1116	底下	dai2haa6	true	dai2 haa6	dai2haa6	jyut6ping3.words.dict.yaml
1117	東行	*dung1hang4|haang4|hang6|hong4|hong2	false			
1118	長方形	coeng4fong1jing4	true	coeng4 fong1 jing4	coeng4fong1jing4	jyut6ping3.words.dict.yaml
1119	航	hong4	true	hong4	hong4	jyut6ping3.chars.dict.yaml
1120	兜返	*dau1faan1|faan2	false			
1121	捱	ngaai4	true	ngaai4	ngaai4	jyut6ping3.chars.dict.yaml
1122	終於	zung1jyu1	true	zung1 jyu1	zung1jyu1	jyut6ping3.words.dict.yaml
1123	處理	cyu2lei5	true	cyu2 lei5|cyu5 lei5	cyu2lei5|cyu5lei5	jyut6ping3.words.dict.yaml
1124	單	daan1	true	daan1|sim4|sin4|sin6	daan1|sim4|sin4|sin6	jyut6ping3.chars.dict.yaml
1125	幾耐	*gei2|gei1noi6	true	gei2 noi6	gei2noi6	jyut6ping3.words.dict.yaml
1126	新聞	san1man4	true	san1 man2|san1 man4	san1man2|san1man4	jyut6ping3.words.dict.yaml
1127	準備	zeon2bei6	true	zeon2 bei6	zeon2bei6	jyut6ping3.words.dict.yaml
1128	解	gaai2|haai6	true	gaai2|gaai3|haai5|haai6	gaai2|gaai3|haai5|haai6	jyut6ping3.chars.dict.yaml
1129	資產	zi1caan2	true	zi1 caan2	zi1caan2	jyut6ping3.words.dict.yaml
1130	預算案	*jyu6syun3on3|ngon3	true	jyu6 syun3 on3	jyu6syun3on3	jyut6ping3.words.dict.yaml
1131	墓	mou6	true	mou6	mou6	jyut6ping3.chars.dict.yaml
1132	維持	wai4ci4	true	wai4 ci4	wai4ci4	jyut6ping3.words.dict.yaml
1133	舖	pou3	true	pou1|pou3	pou1|pou3	jyut6ping3.chars.dict.yaml
1134	機構	gei1kau3	true	gei1 gau3|gei1 kau3	gei1gau3|gei1kau3	jyut6ping3.words.dict.yaml
1135	離開	lei4hoi1	true	lei4 hoi1	lei4hoi1	jyut6ping3.words.dict.yaml
1136	聽眾	ting1zung3	false			
1137	一方面	jat1fong1min6	true	jat1 fong1 min6	jat1fong1min6	jyut6ping3.words.dict.yaml
1138	七月	cat1jyut6	true	cat1 jyut6	cat1jyut6	jyut6ping3.words.dict.yaml
1139	三年	saam1nin4	false			
1140	仍然	jing4jin4	true	jing4 jin4	jing4jin4	jyut6ping3.words.dict.yaml
1141	手面	*sau2min6	false			
1142	乎	fu4	true	fu1|fu4|wu4	fu1|fu4|wu4	jyut6ping3.chars.dict.yaml
1143	以後	ji5hau6	true	ji5 hau6	ji5hau6	jyut6ping3.words.dict.yaml
1144	北面	bak1min6	true	bak1 min6	bak1min6	jyut6ping3.words.dict.yaml
1145	仲要	*zung6jiu3	true	zung6 jiu3	zung6jiu3	jyut6ping3.words.dict.yaml
1146	兆	siu6|ziu6	true	siu6	siu6	jyut6ping3.chars.dict.yaml
1147	同個	*tung4go3	false			
1148	地下	dei6haa6|dei5haa2	true	dei6 haa2|dei6 haa6	dei6haa2|dei6haa6	jyut6ping3.words.dict.yaml
1149	地產	dei6caan2	true	dei6 caan2	dei6caan2	jyut6ping3.words.dict.yaml
1150	年代	nin4doi6	true	nin4 doi6	nin4doi6	jyut6ping3.words.dict.yaml
1151	即話	*zik1waa6|waa2	false			
1152	我同	*ngo5tung4	false			
1153	身邊	san1bin1	true	san1 bin1	san1bin1	jyut6ping3.words.dict.yaml
1154	例子	lai6zi2	true	lai6 zi2	lai6zi2	jyut6ping3.words.dict.yaml
1155	咖啡	gaa3fe1	true	gaa3 fe1	gaa3fe1	jyut6ping3.words.dict.yaml
1156	怕	paa3	true	paa3	paa3	jyut6ping3.chars.dict.yaml
1157	抵	dai2	true	dai2|zi2	dai2|zi2	jyut6ping3.chars.dict.yaml
1158	爭	zang1|zaang1	true	caang1|zaang1|zang1	caang1|zaang1|zang1	jyut6ping3.chars.dict.yaml
1159	盈利	jing4lei6	true	jing4 lei6	jing4lei6	jyut6ping3.words.dict.yaml
1160	值得	zik6dak1	true	zik6 dak1	zik6dak1	jyut6ping3.words.dict.yaml
1161	哩度	*lei5|le1|lei1|li1dou6|dok6	false			
1162	唔肯	*m4hang2	false			
1163	做咩	*zou6me1	true	zou6 me1	zou6me1	jyut6ping3.words.dict.yaml
1164	健	gin6	true	gin6	gin6	jyut6ping3.chars.dict.yaml
1165	夠	gau3	true	gau3	gau3	jyut6ping3.chars.dict.yaml
1166	控制	hung3zai3	true	hung3 zai3	hung3zai3	jyut6ping3.words.dict.yaml
1167	被	bei6	true	bei6|pei1|pei5	bei6|pei1|pei5	jyut6ping3.chars.dict.yaml
1168	報	bou3	true	bou3	bou3	jyut6ping3.chars.dict.yaml
1169	結婚	git3fan1	true	git3 fan1	git3fan1	jyut6ping3.words.dict.yaml
1170	順	seon6	true	seon6	seon6	jyut6ping3.chars.dict.yaml
1171	煙海	jin1hoi2	false			
1172	聖經	sing3ging1	true	sing3 ging1	sing3ging1	jyut6ping3.words.dict.yaml
1173	補習	bou2zaap6	true	bou2 zaap6	bou2zaap6	jyut6ping3.words.dict.yaml
1174	解釋	gaai2sik1	true	gaai2 sik1	gaai2sik1	jyut6ping3.words.dict.yaml
1175	圖形	tou4jing4	true	tou4 jing4	tou4jing4	jyut6ping3.words.dict.yaml
1176	實在	sat6zoi6	true	sat6 zoi6	sat6zoi6	jyut6ping3.words.dict.yaml
1177	對唔住	deoi3m4zyu6	true	deoi3 m4 zyu6	deoi3m4zyu6	jyut6ping3.words.dict.yaml
1178	精神	zing1san4	true	zing1 san4	zing1san4	jyut6ping3.words.dict.yaml
1179	暫時	zaam6si4	true	zaam6 si4	zaam6si4	jyut6ping3.words.dict.yaml
1180	賠	pui4	true	pui4	pui4	jyut6ping3.chars.dict.yaml
1181	擔心	daam1sam1	true	daam1 sam1	daam1sam1	jyut6ping3.words.dict.yaml
1182	整個	zing2go3	true	zing2 go3	zing2go3	jyut6ping3.words.dict.yaml
1183	講乜	*gong2mat1	true	gong3 mat1	gong3mat1	jyut6ping3.words.dict.yaml
1184	闆	baan2	true	baan2	baan2	jyut6ping3.chars.dict.yaml
1185	叢	cung4	true	cung4	cung4	jyut6ping3.chars.dict.yaml
1186	競爭	ging6zang1	true	ging3 zang1|ging6 zang1	ging3zang1|ging6zang1	jyut6ping3.words.dict.yaml
1187	公	gung1	true	gung1	gung1	jyut6ping3.chars.dict.yaml
1188	只要	zi2jiu3	true	zi2 jiu3	zi2jiu3	jyut6ping3.words.dict.yaml
1189	右下角	*jau6haa6gok3	false			
1190	失業	sat1jip6	true	sat1 jip6	sat1jip6	jyut6ping3.words.dict.yaml
1191	正下方	zing3haa6fong1	false			
1192	民	man4	true	man4	man4	jyut6ping3.chars.dict.yaml
1193	先算	*sin1syun3	false			
1194	地鐵	dei6tit3	true	dei6 tit3	dei6tit3	jyut6ping3.words.dict.yaml
1195	好話	hou2waa2	true	hou2 waa6	hou2waa6	jyut6ping3.words.dict.yaml
1196	你點	*nei5dim2	false			
1197	形式	jing4sik1	true	jing4 sik1	jing4sik1	jyut6ping3.words.dict.yaml
1198	例	lai6	true	lai6	lai6	jyut6ping3.chars.dict.yaml
1199	到底	dou3dai2	true	dou3 dai2	dou3dai2	jyut6ping3.words.dict.yaml
1200	抹	maat3|mut3	true	maat3|mut3|mut6	maat3|mut3|mut6	jyut6ping3.chars.dict.yaml
1201	的	dik1	true	dik1	dik1	jyut6ping3.chars.dict.yaml
1202	保障	bou2zoeng3	true	bou2 zoeng3	bou2zoeng3	jyut6ping3.words.dict.yaml
1203	張紙	*zoeng1zi2	false			
1204	畫畫	waak6waa2	true	waak6 waa2	waak6waa2	jyut6ping3.words.dict.yaml
1205	媽媽	maa4maa1	true	maa4 maa1	maa4maa1	jyut6ping3.words.dict.yaml
1206	想講	*soeng2gong2	false			
1207	溝通	kau1tung1	true	kau1 tung1	kau1tung1	jyut6ping3.words.dict.yaml
1208	道	dou6	true	dou3|dou6	dou3|dou6	jyut6ping3.chars.dict.yaml
1209	零	ling4	true	lin4|ling4	lin4|ling4	jyut6ping3.chars.dict.yaml
1210	電視機	din6si6gei1	true	din6 si6 gei1	din6si6gei1	jyut6ping3.words.dict.yaml
1211	預備	jyu6bei6	true	jyu6 bei6	jyu6bei6	jyut6ping3.words.dict.yaml
1212	歌	go1	true	go1	go1	jyut6ping3.chars.dict.yaml
1213	銀行	ngan4hong4	true	ngan4 hong4	ngan4hong4	jyut6ping3.words.dict.yaml
1214	價錢	gaa3cin4	true	gaa3 cin2|gaa3 cin4	gaa3cin2|gaa3cin4	jyut6ping3.words.dict.yaml
1215	噏	ap1	true	kap1|ngap1	kap1|ngap1	jyut6ping3.chars.dict.yaml
1216	頹	teoi4	true	teoi4	teoi4	jyut6ping3.chars.dict.yaml
1217	變成	bin3sing4	true	bin3 sing4	bin3sing4	jyut6ping3.words.dict.yaml
1218	一個韻	*jat1go3wan6	false			
1219	三角形	saam1gok3jing4	true	saam1 gok3 jing4	saam1gok3jing4	jyut6ping3.words.dict.yaml
1220	分手	fan1sau2	true	fan1 sau2	fan1sau2	jyut6ping3.words.dict.yaml
1221	反應	faan2jing3	true	faan2 jing3	faan2jing3	jyut6ping3.words.dict.yaml
1222	支	zi1	true	zi1	zi1	jyut6ping3.chars.dict.yaml
1223	右下	jau6haa6	false			
1224	右手邊	jau6sau2bin1	true	jau6 sau2 bin1	jau6sau2bin1	jyut6ping3.words.dict.yaml
1225	市民	si5man4	true	si5 man4	si5man4	jyut6ping3.words.dict.yaml
1226	回歸	wui4gwai1	true	wui4 gwai1	wui4gwai1	jyut6ping3.words.dict.yaml
1227	成功	sing4gung1	true	sing4 gung1	sing4gung1	jyut6ping3.words.dict.yaml
1228	有人	jau5jan4	false			
1229	自然	zi6jin4	true	zi6 jin4	zi6jin4	jyut6ping3.words.dict.yaml
1230	估	gu2|gu3	true	gu2|gu3	gu2|gu3	jyut6ping3.chars.dict.yaml
1231	男性	naam4sing3	true	naam4 sing3	naam4sing3	jyut6ping3.words.dict.yaml
1232	性格	sing3gaak3	true	sing3 gaak3	sing3gaak3	jyut6ping3.words.dict.yaml
1233	放假	fong3gaa3	true	fong3 gaa3	fong3gaa3	jyut6ping3.words.dict.yaml
1234	直頭	zik6tau4	true	zik6 tau4	zik6tau4	jyut6ping3.words.dict.yaml
1235	返上	*faan1|faan2soeng6|soeng5	false			
1236	南方	naam4fong1	false			
1237	是但	si6daan6	true	si6 daan6	si6daan6	jyut6ping3.words.dict.yaml
1238	相當	soeng1dong1	true	soeng1 dong1	soeng1dong1	jyut6ping3.words.dict.yaml
1239	英國	jing1gwok3	true	jing1 gwok3	jing1gwok3	jyut6ping3.words.dict.yaml
1240	要好	jiu3hou2	true	jiu3 hou2	jiu3hou2	jyut6ping3.words.dict.yaml
1241	俾人	*bei2jan4	false			
1242	原則	jyun4zak1	true	jyun4 zak1	jyun4zak1	jyut6ping3.words.dict.yaml
1243	埋個	*maai4go3	false			
1244	拿	naa4	true	naa4	naa4	jyut6ping3.chars.dict.yaml
1245	旁邊	pong4bin1	true	pong4 bin1	pong4bin1	jyut6ping3.words.dict.yaml
1246	留	lau4	true	lau4	lau4	jyut6ping3.chars.dict.yaml
1247	記住	gei3zyu6	true	gei3 zyu6	gei3zyu6	jyut6ping3.words.dict.yaml
1248	追	zeoi1	true	deoi1|zeoi1	deoi1|zeoi1	jyut6ping3.chars.dict.yaml
1249	做過	*zou6gwo3	false			
1250	得罪	dak1zeoi6	true	dak1 zeoi6	dak1zeoi6	jyut6ping3.words.dict.yaml
1251	畢業	bat1jip6	true	bat1 jip6	bat1jip6	jyut6ping3.words.dict.yaml
1252	剩	zing6|sing6	true	sing6|zing6	sing6|zing6	jyut6ping3.chars.dict.yaml
1253	幾大	*gei2|gei1daai6	true	gei2 daai2	gei2daai2	jyut6ping3.words.dict.yaml
1254	提供	tai4gung1	true	tai4 gung1	tai4gung1	jyut6ping3.words.dict.yaml
1255	象徵	zoeng6zing1	true	zoeng6 zing1	zoeng6zing1	jyut6ping3.words.dict.yaml
1256	感情	gam2cing4	true	gam2 cing4	gam2cing4	jyut6ping3.words.dict.yaml
1257	號	hou6	true	hou4|hou6	hou4|hou6	jyut6ping3.chars.dict.yaml
1258	解決	gaai2kyut3	true	gaai2 kyut3	gaai2kyut3	jyut6ping3.words.dict.yaml
1259	試下	*si3haa6	false			
1260	熄	sik1	true	sik1	sik1	jyut6ping3.chars.dict.yaml
1261	廠	cong2	true	cong2	cong2	jyut6ping3.chars.dict.yaml
1262	熟	suk6	true	suk6	suk6	jyut6ping3.chars.dict.yaml
1263	適合	sik1hap6	true	sik1 hap6	sik1hap6	jyut6ping3.words.dict.yaml
1264	靚女	leng3neoi2	true	leng3 neoi2	leng3neoi2	jyut6ping3.words.dict.yaml
1265	儲	cyu5	true	cou5|cyu1|cyu4|cyu5	cou5|cyu1|cyu4|cyu5	jyut6ping3.chars.dict.yaml
1266	應	jing1|jing3	true	jing1|jing3	jing1|jing3	jyut6ping3.chars.dict.yaml
1267	戲	hei3	true	fai1|fu1|hei3	fai1|fu1|hei3	jyut6ping3.chars.dict.yaml
1268	擦膠	caat3gaau1	true	caat3 gaau1	caat3gaau1	jyut6ping3.words.dict.yaml
1269	禮物	lai5mat6	true	lai5 mat6	lai5mat6	jyut6ping3.words.dict.yaml
1270	雞	gai1	true	gai1	gai1	jyut6ping3.chars.dict.yaml
1271	懷疑	waai4ji4	true	waai4 ji4	waai4ji4	jyut6ping3.words.dict.yaml
1272	鐘意	zung1ji3	false			
1273	權	kyun4	true	kyun4	kyun4	jyut6ping3.chars.dict.yaml
1274	鑑林	*gaam3lam4	false			
1275	三點	saam1dim2	false			
1276	下邊	haa6bin1	true	haa6 bin6	haa6bin6	jyut6ping3.words.dict.yaml
1277	公眾	gung1zung3	false			
1278	太過	*taai3gwo3	true	taai3 gwo3	taai3gwo3	jyut6ping3.words.dict.yaml
1279	毋	mou4	true	mou4	mou4	jyut6ping3.chars.dict.yaml
1280	四十五度	*sei3sap6m5dou6|dok6	false			
1281	左下	zo2haa6	false			
1282	平排	ping4paai4	true	ping4 paai4	ping4paai4	jyut6ping3.words.dict.yaml
1283	必須	bit1seoi1	true	bit1 seoi1	bit1seoi1	jyut6ping3.words.dict.yaml
1284	打直	daa2zik6	true	daa2 zik6	daa2zik6	jyut6ping3.words.dict.yaml
1285	打斜	daa2ce3	true	daa2 ce3	daa2ce3	jyut6ping3.words.dict.yaml
1286	民主黨	man4zyu2dong2	false			
1287	任	jam6	true	jam4|jam6	jam4|jam6	jyut6ping3.chars.dict.yaml
1288	再落	*zoi3lok6	false			
1289	多數	do1sou3	true	do1 sou3	do1sou3	jyut6ping3.words.dict.yaml
1290	好大	*hou2|hou3daai6	false			
1291	好慘	*hou2|hou3caam2	false			
1292	收到	sau1dou3|sau1dou2	true	sau1 dou2	sau1dou2	jyut6ping3.words.dict.yaml
1293	有機	jau5gei1	true	jau5 gei1	jau5gei1	jyut6ping3.words.dict.yaml
1294	告	gou3	true	gou3|guk1	gou3|guk1	jyut6ping3.chars.dict.yaml
1295	我估	*ngo5gu2|gu3	false			
1296	我畫	*ngo5waak6|waa2	false			
1297	言論	jin4leon6	true	jin4 leon6	jin4leon6	jyut6ping3.words.dict.yaml
1298	受到	sau6dou3	true	sau6 dou3	sau6dou3	jyut6ping3.words.dict.yaml
1299	咁上下	gam3soeng6haa2	true	gam3 soeng6 haa2	gam3soeng6haa2	jyut6ping3.words.dict.yaml
1300	波浪	bo1long6	true	bo1 long6	bo1long6	jyut6ping3.words.dict.yaml
1301	知有	*zi1|zi3jau5	false			
1302	阿哥	aa3go1	true	aa3 go1	aa3go1	jyut6ping3.words.dict.yaml
1303	後生	*hau6saang1|sang1	true	hau6 saang1	hau6saang1	jyut6ping3.words.dict.yaml
1304	後面	hau6min6	true	hau6 min6	hau6min6	jyut6ping3.words.dict.yaml
1305	計劃	gai3waak6	true	gai3 waak6	gai3waak6	jyut6ping3.words.dict.yaml
1306	個害	*go3hoi6	false			
1307	唔好意思	m4hou2ji3si3	true	m4 hou2 ji3 si1	m4hou2ji3si1	jyut6ping3.words.dict.yaml
1308	租	zou1	true	zou1	zou1	jyut6ping3.chars.dict.yaml
1309	純粹	seon4seoi6	true	seon4 seoi5|seon4 seoi6	seon4seoi5|seon4seoi6	jyut6ping3.words.dict.yaml
1310	高度	gou1dou6	true	gou1 dou6	gou1dou6	jyut6ping3.words.dict.yaml
1311	基本法	gei1bun2faat3	true	gei1 bun2 faat3	gei1bun2faat3	jyut6ping3.words.dict.yaml
1312	將個	*zoeng1|zoeng3go3	false			
1313	理論	lei5leon6	true	lei5 leon6	lei5leon6	jyut6ping3.words.dict.yaml
1314	處	cyu2|cyu3|syu3	true	cyu2|cyu3|cyu5|syu3	cyu2|cyu3|cyu5|syu3	jyut6ping3.chars.dict.yaml
1315	喊	haam3	true	haam3	haam3	jyut6ping3.chars.dict.yaml
1316	圍住	wai4zyu6	false			
1317	尊嚴	zyun1jim4	true	zyun1 jim4	zyun1jim4	jyut6ping3.words.dict.yaml
1318	發	faat3	true	but3|but6|faat3|fat3	but3|but6|faat3|fat3	jyut6ping3.chars.dict.yaml
1319	照	ziu3	true	ziu3	ziu3	jyut6ping3.chars.dict.yaml
1320	落落	*lok6lok6	false			
1321	資料	zi1liu2	true	zi1 liu2|zi1 liu6	zi1liu2|zi1liu6	jyut6ping3.words.dict.yaml
1322	審	sam2	true	sam2	sam2	jyut6ping3.chars.dict.yaml
1323	撳	gam6	true	gam6	gam6	jyut6ping3.chars.dict.yaml
1324	複雜	fuk1zaap6	true	fuk1 zaap6	fuk1zaap6	jyut6ping3.words.dict.yaml
1325	論	leon6	true	leon4|leon6	leon4|leon6	jyut6ping3.chars.dict.yaml
1326	輪	leon4	true	leon4	leon4	jyut6ping3.chars.dict.yaml
1327	遮	ze1	true	ze1	ze1	jyut6ping3.chars.dict.yaml
1328	靚仔	*leng3zai2|zi2	true	leng3 zai2	leng3zai2	jyut6ping3.words.dict.yaml
1329	鬧	naau6	true	naau6	naau6	jyut6ping3.chars.dict.yaml
1330	瞭解	liu5gaai2	true	liu5 gaai2	liu5gaai2	jyut6ping3.words.dict.yaml
1331	邊行	*bin1hang4|haang4|hang6|hong4|hong2	false			
1332	權利	kyun4lei6	true	kyun4 lei6	kyun4lei6	jyut6ping3.words.dict.yaml
1333	一晚	*jat1maan5	false			
1334	一點	jat1dim2	true	jat1 dim2	jat1dim2	jyut6ping3.words.dict.yaml
1335	人士	jan4si6	true	jan4 si6	jan4si6	jyut6ping3.words.dict.yaml
1336	上角	*soeng6|soeng5gok3	false			
1337	上邊	soeng6bin6	true	soeng6 bin1|soeng6 bin6	soeng6bin1|soeng6bin6	jyut6ping3.words.dict.yaml
1338	下下	*haa6haa6	true	haa5 haa5	haa5haa5	jyut6ping3.words.dict.yaml
1339	已	ji5	true	ji5	ji5	jyut6ping3.chars.dict.yaml
1340	不嬲	*bat1nau1	true	bat1 lau1	bat1lau1	jyut6ping3.words.dict.yaml
1341	公平	gung1ping4	true	gung1 ping4	gung1ping4	jyut6ping3.words.dict.yaml
1342	冇所謂	mou5so2wai6	true	mou5 so2 wai6	mou5so2wai6	jyut6ping3.words.dict.yaml
1343	失敗	sat1baai6	true	sat1 baai6	sat1baai6	jyut6ping3.words.dict.yaml
1344	申請	san1cing2	true	san1 cing2	san1cing2	jyut6ping3.words.dict.yaml
1345	合格	hap6gaak3	true	hap6 gaak3	hap6gaak3	jyut6ping3.words.dict.yaml
1346	安排	on1paai4	true	on1 paai4	on1paai4	jyut6ping3.words.dict.yaml
1347	成張	*sing4zoeng1	false			
1348	肉	juk6	true	juk6	juk6	jyut6ping3.chars.dict.yaml
1349	自	zi6	true	zi6	zi6	jyut6ping3.chars.dict.yaml
1350	似乎	ci5fu4	true	ci5 fu4	ci5fu4	jyut6ping3.words.dict.yaml
1351	即個	*zik1go3	false			
1352	吸引	kap1jan5	true	kap1 jan5	kap1jan5	jyut6ping3.words.dict.yaml
1353	更	gang3|gang1	true	gaang1|gang1|gang3|ngang3	gaang1|gang1|gang3|ngang3	jyut6ping3.chars.dict.yaml
1354	垂直	seoi4zik6	true	seoi4 zik6	seoi4zik6	jyut6ping3.words.dict.yaml
1355	奇怪	kei4gwaai3	true	kei4 gwaai3	kei4gwaai3	jyut6ping3.words.dict.yaml
1356	空間	hung1gaan1	true	hung1 gaan1	hung1gaan1	jyut6ping3.words.dict.yaml
1357	阿婆	aa3po4	true	aa3 po4	aa3po4	jyut6ping3.words.dict.yaml
1358	信佳	*seon3gaai1	false			
1359	咬	ngaau5	true	aau1|gaau1|ngaau5	aau1|gaau1|ngaau5	jyut6ping3.chars.dict.yaml
1360	城堡	sing4bou2	true	sing4 bou2	sing4bou2	jyut6ping3.words.dict.yaml
1361	政黨	zing3dong2	true	zing3 dong2	zing3dong2	jyut6ping3.words.dict.yaml
1362	冤	jyun1	true	jyun1	jyun1	jyut6ping3.chars.dict.yaml
1363	效	haau6	true	haau6	haau6	jyut6ping3.chars.dict.yaml
1364	酒店	zau2dim3	true	zau2 dim3	zau2dim3	jyut6ping3.words.dict.yaml
1365	區	keoi1|au1	true	au1|keoi1	au1|keoi1	jyut6ping3.chars.dict.yaml
1366	問我	*man6ngo5	false			
1367	基本	gei1bun2	true	gei1 bun2	gei1bun2	jyut6ping3.words.dict.yaml
1368	教育	gaau3juk6	true	gaau3 juk6	gaau3juk6	jyut6ping3.words.dict.yaml
1369	殺	saat3	true	saai3|saat3	saai3|saat3	jyut6ping3.chars.dict.yaml
1370	毫子	*hou4zi2	true	hou4 zi2	hou4zi2	jyut6ping3.words.dict.yaml
1371	深	sam1	true	sam1	sam1	jyut6ping3.chars.dict.yaml
1372	雀仔	*zoek3zai2|zi2	true	zoek3 zai2	zoek3zai2	jyut6ping3.words.dict.yaml
1373	創作	cong3zok3	true	cong3 zok3	cong3zok3	jyut6ping3.words.dict.yaml
1374	幾喇	*gei2|gei1laa1	false			
1375	朝頭早	*ziu1|ciu4tau4zou2	true	ziu1 tau4 zou2	ziu1tau4zou2	jyut6ping3.words.dict.yaml
1376	無端端	mou4dyun1dyun1	true	mou4 dyun1 dyun1	mou4dyun1dyun1	jyut6ping3.words.dict.yaml
1377	越來	*jyut6loi4	false			
1378	黃	wong4	true	wong4	wong4	jyut6ping3.chars.dict.yaml
1379	搞錯	gaau2co3	true	gaau2 co3	gaau2co3	jyut6ping3.words.dict.yaml
1380	資訊	zi1seon3	true	zi1 seon3	zi1seon3	jyut6ping3.words.dict.yaml
1381	對方	deoi3fong1	true	deoi3 fong1	deoi3fong1	jyut6ping3.words.dict.yaml
1382	語言	jyu5jin4	true	jyu5 jin4	jyu5jin4	jyut6ping3.words.dict.yaml
1383	整體	zing2tai2	true	zing2 tai2	zing2tai2	jyut6ping3.words.dict.yaml
1384	醒	sing2	true	seng2|sing1|sing2	seng2|sing1|sing2	jyut6ping3.chars.dict.yaml
1385	環保	waan4bou2	true	waan4 bou2	waan4bou2	jyut6ping3.words.dict.yaml
1386	總	zung2	true	zung2	zung2	jyut6ping3.chars.dict.yaml
1387	講個	*gong2go3	false			
1388	轉個	*zyun2|zyun3go3	false			
1389	證明	zing3ming4	true	zing3 ming4	zing3ming4	jyut6ping3.words.dict.yaml
1390	黨	dong2	true	dong2|tong2	dong2|tong2	jyut6ping3.chars.dict.yaml
1391	攪	gaau2	true	gaau2	gaau2	jyut6ping3.chars.dict.yaml
1392	一次過	*jat1ci3gwo3	true	jat1 ci3 gwo3	jat1ci3gwo3	jyut6ping3.words.dict.yaml
1393	一百蚊	*jat1baak3man1	false			
1394	乜鬼	*mat1gwai2	true	mat1 gwai2	mat1gwai2	jyut6ping3.words.dict.yaml
1395	上年	*soeng6|soeng5nin4	true	soeng6 nin2	soeng6nin2	jyut6ping3.words.dict.yaml
1396	不斷	bat1tyun5	true	bat1 dyun6	bat1dyun6	jyut6ping3.words.dict.yaml
1397	之類	zi1leoi6	true	zi1 leoi2|zi1 leoi6	zi1leoi2|zi1leoi6	jyut6ping3.words.dict.yaml
1398	冇用	mou5jung6	true	mou5 jung6	mou5jung6	jyut6ping3.words.dict.yaml
1399	片	pin3|pin2	true	pin2|pin3	pin2|pin3	jyut6ping3.chars.dict.yaml
1400	右下方	jau6haa6fong1	false			
1401	左手邊	zo2sau2bin1	true	zo2 sau2 bin1	zo2sau2bin1	jyut6ping3.words.dict.yaml
1402	印椰樹	*jan3je4syu6	false			
1403	地點	dei6dim2	true	dei6 dim2	dei6dim2	jyut6ping3.words.dict.yaml
1404	多少	do1siu2	true	do1 siu2	do1siu2	jyut6ping3.words.dict.yaml
1405	多次	do1ci3	false			
1406	多個	do1go3	false			
1407	好處	hou2cyu3	true	hou2 cyu3	hou2cyu3	jyut6ping3.words.dict.yaml
1408	存在	cyun4zoi6	true	cyun4 zoi6	cyun4zoi6	jyut6ping3.words.dict.yaml
1409	有趣	jau5ceoi3	true	jau5 ceoi3	jau5ceoi3	jyut6ping3.words.dict.yaml
1410	老實	lou5sat6	true	lou5 sat6	lou5sat6	jyut6ping3.words.dict.yaml
1411	艾爾頓	*ngaai6ji5deon6|duk6	false			
1412	何	ho4	true	ho4|ho6	ho4|ho6	jyut6ping3.chars.dict.yaml
1413	冷氣	laang5hei3	true	laang5 hei3	laang5hei3	jyut6ping3.words.dict.yaml
1414	沖	cung1	true	cung1	cung1	jyut6ping3.chars.dict.yaml
1415	角色	gok3sik1	true	gok3 sik1	gok3sik1	jyut6ping3.words.dict.yaml
1416	車主	ce1zyu2	true	ce1 zyu2	ce1zyu2	jyut6ping3.words.dict.yaml
1417	亞視	*aa3|ngaa3si6	true	aa3 si6	aa3si6	jyut6ping3.words.dict.yaml
1418	依家	ji1gaa1	true	ji1 gaa1	ji1gaa1	jyut6ping3.words.dict.yaml
1419	坦白	taan2baak6	true	taan2 baak6	taan2baak6	jyut6ping3.words.dict.yaml
1420	姓	sing3	true	seng3|sing3	seng3|sing3	jyut6ping3.chars.dict.yaml
1421	明顯	ming4hin2	true	ming4 hin2	ming4hin2	jyut6ping3.words.dict.yaml
1422	法例	*faat3lai6	true	faat3 lai6	faat3lai6	jyut6ping3.words.dict.yaml
1423	波	bo1	true	bo1	bo1	jyut6ping3.chars.dict.yaml
1424	花	faa1	true	faa1	faa1	jyut6ping3.chars.dict.yaml
1425	金	gam1	true	gam1	gam1	jyut6ping3.chars.dict.yaml
1426	約	joek3	true	joek3|wok6	joek3|wok6	jyut6ping3.chars.dict.yaml
1427	訂	ding3|deng6	true	deng3|deng6|ding3|ding6	deng3|deng6|ding3|ding6	jyut6ping3.chars.dict.yaml
1428	迫	baak1	true	baak1|bik1	baak1|bik1	jyut6ping3.chars.dict.yaml
1429	重新	cung4san1	true	cung4 san1	cung4san1	jyut6ping3.words.dict.yaml
1430	音樂	jam1ngok6	true	jam1 ngok6	jam1ngok6	jyut6ping3.words.dict.yaml
1431	音響	jam1hoeng2	true	jam1 hoeng2	jam1hoeng2	jyut6ping3.words.dict.yaml
1432	個意	*go3ji3	false			
1433	家姐	*gaa1ze2	true	gaa1 ze1	gaa1ze1	jyut6ping3.words.dict.yaml
1434	恐怖	hung2bou3	true	hung2 bou3	hung2bou3	jyut6ping3.words.dict.yaml
1435	捉	zuk1|zuk3	true	zuk1|zuk3	zuk1|zuk3	jyut6ping3.chars.dict.yaml
1436	時話	*si4waa6|waa2	false			
1437	除非	ceoi4fei1	true	ceoi4 fei1	ceoi4fei1	jyut6ping3.words.dict.yaml
1438	情	cing4	true	cing4	cing4	jyut6ping3.chars.dict.yaml
1439	排隊	paai4deoi2	true	paai4 deoi2	paai4deoi2	jyut6ping3.words.dict.yaml
1440	票	piu3	true	biu1|biu6|piu3	biu1|biu6|piu3	jyut6ping3.chars.dict.yaml
1441	終審	*zung1sam2	false			
1442	竟然	ging2jin4	true	ging2 jin4	ging2jin4	jyut6ping3.words.dict.yaml
1443	就畫	*zau6waak6|waa2	false			
1444	提出	tai4ceot1	true	tai4 ceot1	tai4ceot1	jyut6ping3.words.dict.yaml
1445	答案	daap3on3	true	daap3 on3	daap3on3	jyut6ping3.words.dict.yaml
1446	著	zyu3	true	zoek3|zoek6|zyu3	zoek3|zoek6|zyu3	jyut6ping3.chars.dict.yaml
1447	賀	ho6	true	ho3|ho6	ho3|ho6	jyut6ping3.chars.dict.yaml
1448	黑	haak1|hak1	true	haak1|hak1	haak1|hak1	jyut6ping3.chars.dict.yaml
1449	椰	je4	true	je4	je4	jyut6ping3.chars.dict.yaml
1450	落返	*lok6faan1|faan2	false			
1451	過個	*gwo3go3	false			
1452	隔	gaak3	true	gaak3|gik1	gaak3|gik1	jyut6ping3.chars.dict.yaml
1453	電影	din6jing2	true	din6 jing2	din6jing2	jyut6ping3.words.dict.yaml
1454	寧願	ning4jyun6	true	ning4 jyun2|ning4 jyun6	ning4jyun2|ning4jyun6	jyut6ping3.words.dict.yaml
1455	摺	zip3	true	zaap3|zip3	zaap3|zip3	jyut6ping3.chars.dict.yaml
1456	盡	zeon6	true	zeon2|zeon6	zeon2|zeon6	jyut6ping3.chars.dict.yaml
1457	福利	fuk1lei6	true	fuk1 lei6	fuk1lei6	jyut6ping3.words.dict.yaml
1458	與	jyu5	true	jyu4|jyu5|jyu6	jyu4|jyu5|jyu6	jyut6ping3.chars.dict.yaml
1459	劍	gim3	true	gim3	gim3	jyut6ping3.chars.dict.yaml
1460	層	cang4	true	cang4	cang4	jyut6ping3.chars.dict.yaml
1461	數	sou3|sou2	true	cuk1|sok3|sou2|sou3	cuk1|sok3|sou2|sou3	jyut6ping3.chars.dict.yaml
1462	樓	lau4	true	lau2|lau4	lau2|lau4	jyut6ping3.chars.dict.yaml
1463	膠袋	*gaau1doi6|doi2	true	gaau1 doi2	gaau1doi2	jyut6ping3.words.dict.yaml
1464	諗法	*nam2faat3	true	nam2 faat3	nam2faat3	jyut6ping3.words.dict.yaml
1465	質素	zat1sou3	true	zat1 sou3	zat1sou3	jyut6ping3.words.dict.yaml
1466	選	syun2	true	syun2|syun3	syun2|syun3	jyut6ping3.chars.dict.yaml
1467	錄	luk6	true	luk6	luk6	jyut6ping3.chars.dict.yaml
1468	講番	*gong2faan1	false			
1469	點會	*dim2wui5|wui6|wui2	true	dim2 wui5	dim2wui5	jyut6ping3.words.dict.yaml
1470	醫療	ji1liu4	true	ji1 liu4	ji1liu4	jyut6ping3.words.dict.yaml
1471	贊成	zaan3sing4	true	zaan3 sing4	zaan3sing4	jyut6ping3.words.dict.yaml
1472	曬	saai3	true	saai3	saai3	jyut6ping3.chars.dict.yaml
1473	一本	*jat1bun2	true	jat1 bun2	jat1bun2	jyut6ping3.words.dict.yaml
1474	一座	*jat1zo6	false			
1475	下角	*haa6gok3	false			
1476	大隻	*daai6zek3	true	daai6 zek3	daai6zek3	jyut6ping3.words.dict.yaml
1477	女皇	neoi5wong4	true	neoi5 wong4	neoi5wong4	jyut6ping3.words.dict.yaml
1478	五點	*ng5dim2	false			
1479	引起	jan5hei2	true	jan5 hei2	jan5hei2	jyut6ping3.words.dict.yaml
1480	心理	sam1lei5	true	sam1 lei5	sam1lei5	jyut6ping3.words.dict.yaml
1481	文化	man4faa3	true	man4 faa3	man4faa3	jyut6ping3.words.dict.yaml
1482	毛	mou4	true	mou4	mou4	jyut6ping3.chars.dict.yaml
1483	右畫	*jau6waak6|waa2	false			
1484	再畫	*zoi3waak6|waa2	false			
1485	各	gok3	true	gok3	gok3	jyut6ping3.chars.dict.yaml
1486	回應	wui4jing3	true	wui4 jing3	wui4jing3	jyut6ping3.words.dict.yaml
1487	好貴	*hou2|hou3gwai3	false			
1488	有關	jau5gwaan1	true	jau5 gwaan1	jau5gwaan1	jyut6ping3.words.dict.yaml
1489	行業	hong4jip6	true	hong4 jip6	hong4jip6	jyut6ping3.words.dict.yaml
1490	初初	*co1co1	true	co1 co1	co1co1	jyut6ping3.words.dict.yaml
1491	困難	kwan3naan4	true	kwan3 naan4	kwan3naan4	jyut6ping3.words.dict.yaml
1492	每個	mui5go3	false			
1493	沙	saa1	true	saa1	saa1	jyut6ping3.chars.dict.yaml
1494	角度	gok3dou6	true	gok3 dou6	gok3dou6	jyut6ping3.words.dict.yaml
1495	事實上	si6sat6soeng6	true	si6 sat6 soeng6	si6sat6soeng6	jyut6ping3.words.dict.yaml
1496	佬	lou2	true	liu4|lou2|lou5	liu4|lou2|lou5	jyut6ping3.chars.dict.yaml
1497	或	waak6	true	waak6	waak6	jyut6ping3.chars.dict.yaml
1498	拍拖	paak3to1	true	paak3 to1	paak3to1	jyut6ping3.words.dict.yaml
1499	果	gwo2	true	gu2|gwo2	gu2|gwo2	jyut6ping3.chars.dict.yaml
1500	沾污	*zim1wu1	true	zim1 wu1	zim1wu1	jyut6ping3.words.dict.yaml
1501	削	soek3	true	ciu3|soek3	ciu3|soek3	jyut6ping3.chars.dict.yaml
1502	屋企人	uk1kei2jan4	true	uk1 kei2 jan4	uk1kei2jan4	jyut6ping3.words.dict.yaml
1503	架構	gaa3kau3	true	gaa3 gau3|gaa3 kau3	gaa3gau3|gaa3kau3	jyut6ping3.words.dict.yaml
1504	查	caa4	true	caa4|zaa1	caa4|zaa1	jyut6ping3.chars.dict.yaml
1505	要講	*jiu3gong2	false			
1506	重複	cung4fuk1	true	cung4 fuk1	cung4fuk1	jyut6ping3.words.dict.yaml
1507	倒	dou2|dou3	true	dou2|dou3	dou2|dou3	jyut6ping3.chars.dict.yaml
1508	剛才	gong1coi4	false			
1509	容許	jung4heoi2	true	jung4 heoi2	jung4heoi2	jyut6ping3.words.dict.yaml
1510	效率	haau6leot2	true	haau6 leot2|haau6 leot6	haau6leot2|haau6leot6	jyut6ping3.words.dict.yaml
1511	根據	gan1geoi3	true	gan1 geoi3	gan1geoi3	jyut6ping3.words.dict.yaml
1512	特登	*dak6dang1	true	dak6 dang1	dak6dang1	jyut6ping3.words.dict.yaml
1513	假	gaa2|gaa3	true	gaa2|gaa3	gaa2|gaa3	jyut6ping3.chars.dict.yaml
1514	唪	fung2|baa6	true	baang6|fung2|fung6	baang6|fung2|fung6	jyut6ping3.chars.dict.yaml
1515	從來	cung4loi4	true	cung4 loi4	cung4loi4	jyut6ping3.words.dict.yaml
1516	教授	gaau3sau6	true	gaau3 sau6	gaau3sau6	jyut6ping3.words.dict.yaml
1517	焗	guk6	true	guk6	guk6	jyut6ping3.chars.dict.yaml
1518	貨	fo3	true	fo3|fo6	fo3|fo6	jyut6ping3.chars.dict.yaml
1519	郭富城	*gwok3fu3sing4	false			
1520	幾咁	*gei2|gei1gam3|gam2	true	gei2 gam3	gei2gam3	jyut6ping3.words.dict.yaml
1521	牌	paai4	true	paai4	paai4	jyut6ping3.chars.dict.yaml
1522	牌子	paai4zi2	true	paai4 zi2	paai4zi2	jyut6ping3.words.dict.yaml
1523	等於	dang2jyu1	true	dang2 jyu1	dang2jyu1	jyut6ping3.words.dict.yaml
1524	費事	*fai3si6	true	fai3 si6	fai3si6	jyut6ping3.words.dict.yaml
1525	貼	tip1	true	tip3	tip3	jyut6ping3.chars.dict.yaml
1526	媽咪	maa1mi4	true	maa1 mi4	maa1mi4	jyut6ping3.words.dict.yaml
1527	搞掂	gaau2dim6	true	gaau2 dim6	gaau2dim6	jyut6ping3.words.dict.yaml
1528	經常	ging1soeng4	true	ging1 soeng4	ging1soeng4	jyut6ping3.words.dict.yaml
1529	聖誕	sing3daan3	true	sing3 daan3	sing3daan3	jyut6ping3.words.dict.yaml
1530	預	jyu6	true	jyu6	jyu6	jyut6ping3.chars.dict.yaml
1531	認識	jing6sik1	true	jing6 sik1	jing6sik1	jyut6ping3.words.dict.yaml
1532	罷	baa6	true	baa6|pei4	baa6|pei4	jyut6ping3.chars.dict.yaml
1533	舖頭	*pou3tau4	true	pou3 tau2	pou3tau2	jyut6ping3.words.dict.yaml
1534	養魚	*joeng5jyu2	false			
1535	錄音	luk6jam1	true	luk6 jam1	luk6jam1	jyut6ping3.words.dict.yaml
1536	講講	*gong2gong2	false			
1537	醫院	ji1jyun2	true	ji1 jyun2	ji1jyun2	jyut6ping3.words.dict.yaml
1538	離婚	lei4fan1	true	lei4 fan1	lei4fan1	jyut6ping3.words.dict.yaml
1539	壞	waai6	true	waai6	waai6	jyut6ping3.chars.dict.yaml
1540	羅	lo4	true	lo4	lo4	jyut6ping3.chars.dict.yaml
1541	辭典	ci4din2	true	ci4 din2	ci4din2	jyut6ping3.words.dict.yaml
1542	邊緣	bin1jyun4	true	bin1 jyun4	bin1jyun4	jyut6ping3.words.dict.yaml
1543	類	leoi6	true	leoi6	leoi6	jyut6ping3.chars.dict.yaml
1544	讓	joeng6	true	joeng6	joeng6	jyut6ping3.chars.dict.yaml
1545	一件	jat1gin6	false			
1546	一部份	*jat1bou6fan6	true	jat1 bou6 fan6	jat1bou6fan6	jyut6ping3.words.dict.yaml
1547	一棵	*jat1po1|fo2	false			
1548	十年	sap6nin4	false			
1549	叉	caa1	true	caa1	caa1	jyut6ping3.chars.dict.yaml
1550	中心	zung1sam1	true	zung1 sam1	zung1sam1	jyut6ping3.words.dict.yaml
1551	中醫	zung1ji1	true	zung1 ji1	zung1ji1	jyut6ping3.words.dict.yaml
1552	之中	zi1zung1	true	zi1 zung1	zi1zung1	jyut6ping3.words.dict.yaml
1553	互相	wu6soeng1	true	wu6 soeng1	wu6soeng1	jyut6ping3.words.dict.yaml
1554	今個	*gam1go3	false			
1555	太太	taai3taai2	true	taai3 taai2	taai3taai2	jyut6ping3.words.dict.yaml
1556	日後	jat6hau6	true	jat6 hau6	jat6hau6	jyut6ping3.words.dict.yaml
1557	主角	zyu2gok3	true	zyu2 gok3	zyu2gok3	jyut6ping3.words.dict.yaml
1558	主題	zyu2tai4	true	zyu2 tai4	zyu2tai4	jyut6ping3.words.dict.yaml
1559	出聲	ceot1seng1	true	ceot1 seng1	ceot1seng1	jyut6ping3.words.dict.yaml
1560	台灣	toi4waan1	false			
1561	司	si1	true	si1	si1	jyut6ping3.chars.dict.yaml
1562	犯	faan6	true	faan6	faan6	jyut6ping3.chars.dict.yaml
1563	白	baak6	true	baak6	baak6	jyut6ping3.chars.dict.yaml
1564	目的	muk6dik1	true	muk6 dik1	muk6dik1	jyut6ping3.words.dict.yaml
1565	先得	*sin1dak1	true	sin1 dak1	sin1dak1	jyut6ping3.words.dict.yaml
1566	好少	*hou2|hou3siu2|siu3	true	hou2 siu2	hou2siu2	jyut6ping3.words.dict.yaml
1567	好笑	hou2siu3	true	hou2 siu3	hou2siu3	jyut6ping3.words.dict.yaml
1568	好煩	*hou2|hou3faan4	false			
1569	扣	kau3	true	kau3	kau3	jyut6ping3.chars.dict.yaml
1570	收埋	*sau1maai4	true	sau1 maai4	sau1maai4	jyut6ping3.words.dict.yaml
1571	自信	zi6seon3	true	zi6 seon3	zi6seon3	jyut6ping3.words.dict.yaml
1572	作	zok3	true	zok3	zok3	jyut6ping3.chars.dict.yaml
1573	你畫	*nei5waak6|waa2	false			
1574	即要	*zik1jiu3	false			
1575	夾	gaap3|gaap2	true	gaak3|gaap3|gap3|gep3|gep6|gip3|gip6|hip3	gaak3|gaap3|gap3|gep3|gep6|gip3|gip6|hip3	jyut6ping3.chars.dict.yaml
1576	我識	*ngo5sik1	true	ngo5 sik1	ngo5sik1	jyut6ping3.words.dict.yaml
1577	身體	san1tai2	true	san1 tai2	san1tai2	jyut6ping3.words.dict.yaml
1578	兩條	*loeng5tiu4	false			
1579	咁滯	gam3zai6	true	gam3 zai6	gam3zai6	jyut6ping3.words.dict.yaml
1580	拗	aau2|aau3	true	aau2|aau3|juk6	aau2|aau3|juk6	jyut6ping3.chars.dict.yaml
1581	返轉頭	*faan1|faan2zyun3tau4	true	faan1 zyun3 tau4	faan1zyun3tau4	jyut6ping3.words.dict.yaml
1582	金融	gam1jung4	true	gam1 jung4	gam1jung4	jyut6ping3.words.dict.yaml
1583	封	fung1	true	fung1	fung1	jyut6ping3.chars.dict.yaml
1584	政治	zing3zi6	true	zing3 zi6	zing3zi6	jyut6ping3.words.dict.yaml
1585	柱	cyu5	true	cyu5	cyu5	jyut6ping3.chars.dict.yaml
1586	為止	wai4zi2	false			
1587	界	gaai3	true	gaai3	gaai3	jyut6ping3.chars.dict.yaml
1588	閂	saan1	true	saan1	saan1	jyut6ping3.chars.dict.yaml
1589	面前	min6cin4	true	min6 cin4	min6cin4	jyut6ping3.words.dict.yaml
1590	食到	*sik6dou3	false			
1591	個萍	*go3ping4	false			
1592	唔錯	*m4co3	true	m4 co3	m4co3	jyut6ping3.words.dict.yaml
1593	庭	ting4	true	ting3|ting4	ting3|ting4	jyut6ping3.chars.dict.yaml
1594	秘書	bei3syu1	false			
1595	站	zaam6	true	zaam6	zaam6	jyut6ping3.chars.dict.yaml
1596	能	nang4	true	nang4|noi6|toi4	nang4|noi6|toi4	jyut6ping3.chars.dict.yaml
1597	茶	caa4	true	caa4	caa4	jyut6ping3.chars.dict.yaml
1598	骨折	gwat1zit3	true	gwat1 zit3	gwat1zit3	jyut6ping3.words.dict.yaml
1599	參考	caam1haau2	true	caam1 haau2	caam1haau2	jyut6ping3.words.dict.yaml
1600	接	zip3	true	zip3	zip3	jyut6ping3.chars.dict.yaml
1601	痕	han4	true	han4	han4	jyut6ping3.chars.dict.yaml
1602	細路仔	*sai3lou6zai2|zi2	true	sai3 lou6 zai2	sai3lou6zai2	jyut6ping3.words.dict.yaml
1603	速度	cuk1dou6	true	cuk1 dou6	cuk1dou6	jyut6ping3.words.dict.yaml
1604	部門	bou6mun4	true	bou6 mun4	bou6mun4	jyut6ping3.words.dict.yaml
1605	雀	zoek3	true	zoek2|zoek3	zoek2|zoek3	jyut6ping3.chars.dict.yaml
1606	單仲佳	*daan1zung6gaai1	false			
1607	就會	*zau6wui5|wui6|wui2	false			
1608	幾靚	*gei2|gei1leng3	false			
1609	幾點	gei2dim2	true	gei2 dim2	gei2dim2	jyut6ping3.words.dict.yaml
1610	掣	zai3|cit3	true	cit3|zai3	cit3|zai3	jyut6ping3.chars.dict.yaml
1611	期	kei4	true	gei1|kei4	gei1|kei4	jyut6ping3.chars.dict.yaml
1612	琴日	kam4jat6	true	kam4 jat6	kam4jat6	jyut6ping3.words.dict.yaml
1613	畫一個	*waak6|waa2jat1go3	false			
1614	稅	seoi3	true	seoi3|teoi3|tyut3	seoi3|teoi3|tyut3	jyut6ping3.chars.dict.yaml
1615	黑色	haak1sik1	true	hak1 sik1	hak1sik1	jyut6ping3.words.dict.yaml
1616	傷害	soeng1hoi6	true	soeng1 hoi6	soeng1hoi6	jyut6ping3.words.dict.yaml
1617	傾偈	king1gai2	true	king1 gai2	king1gai2	jyut6ping3.words.dict.yaml
1618	感	gam2	true	gam2	gam2	jyut6ping3.chars.dict.yaml
1619	損失	syun2sat1	true	syun2 sat1	syun2sat1	jyut6ping3.words.dict.yaml
1620	會會	wui5wui5	false			
1621	照顧	ziu3gu3	true	ziu3 gu3	ziu3gu3	jyut6ping3.words.dict.yaml
1622	運	wan6	true	wan6	wan6	jyut6ping3.chars.dict.yaml
1623	嘗試	soeng4si3	true	soeng4 si3	soeng4si3	jyut6ping3.words.dict.yaml
1624	監管	gaam1gun2	true	gaam1 gun2	gaam1gun2	jyut6ping3.words.dict.yaml
1625	碧	bik1	true	bik1	bik1	jyut6ping3.chars.dict.yaml
1626	網	mong5	true	mong5	mong5	jyut6ping3.chars.dict.yaml
1627	認真	jing6zan1	true	jing2 zan1|jing6 zan1	jing2zan1|jing6zan1	jyut6ping3.words.dict.yaml
1628	增加	zang1gaa1	true	zang1 gaa1	zang1gaa1	jyut6ping3.words.dict.yaml
1629	數字	sou3zi6	true	sou3 zi6	sou3zi6	jyut6ping3.words.dict.yaml
1630	熱	jit6	true	jit6	jit6	jyut6ping3.chars.dict.yaml
1631	鋪	pou3	true	pou1|pou2|pou3	pou1|pou2|pou3	jyut6ping3.chars.dict.yaml
1632	燈	dang1	true	dang1	dang1	jyut6ping3.chars.dict.yaml
1633	牆	coeng4	true	coeng4	coeng4	jyut6ping3.chars.dict.yaml
1634	講多次	*gong2do1ci3	false			
1635	嚮	hoeng3	true	hoeng2|hoeng3	hoeng2|hoeng3	jyut6ping3.chars.dict.yaml
1636	關	gwaan1	true	gwaan1	gwaan1	jyut6ping3.chars.dict.yaml
1637	一刻	*jat1hak1|haak1	true	jat1 hak1	jat1hak1	jyut6ping3.words.dict.yaml
1638	一套	jat1tou3	false			
1639	一部	*jat1bou6	false			
1640	十二點	sap6ji6dim2	false			
1641	十分	sap6fan1	true	sap6 fan1	sap6fan1	jyut6ping3.words.dict.yaml
1642	中學	zung1hok6	true	zung1 hok6	zung1hok6	jyut6ping3.words.dict.yaml
1643	之內	zi1noi6	true	zi1 noi6	zi1noi6	jyut6ping3.words.dict.yaml
1644	今	gam1	true	gam1	gam1	jyut6ping3.chars.dict.yaml
1645	內容	noi6jung4	true	noi6 jung4	noi6jung4	jyut6ping3.words.dict.yaml
1646	水草	seoi2cou2	true	seoi2 cou2	seoi2cou2	jyut6ping3.words.dict.yaml
1647	牙	ngaa4	true	ngaa4	ngaa4	jyut6ping3.chars.dict.yaml
1648	去過	*heoi3gwo3	false			
1649	正面	zing3min6	true	zing3 min6	zing3min6	jyut6ping3.words.dict.yaml
1650	生產	sang1caan2	true	sang1 caan2	sang1caan2	jyut6ping3.words.dict.yaml
1651	合理	hap6lei5	true	hap6 lei5	hap6lei5	jyut6ping3.words.dict.yaml
1652	多過	*do1gwo3	false			
1653	好食	*hou2|hou3sik6	true	hou2 sik6	hou2sik6	jyut6ping3.words.dict.yaml
1654	好悶	*hou2|hou3mun6	false			
1655	好聽	hou2teng1	true	hou2 teng1|hou2 ting1	hou2teng1|hou2ting1	jyut6ping3.words.dict.yaml
1656	成熟	sing4suk6	true	sing4 suk6	sing4suk6	jyut6ping3.words.dict.yaml
1657	早餐	zou2caan1	true	zou2 caan1	zou2caan1	jyut6ping3.words.dict.yaml
1658	曲線	kuk1sin3	true	kuk1 sin3	kuk1sin3	jyut6ping3.words.dict.yaml
1659	西行	*sai1hang4|haang4|hang6|hong4|hong2	false			
1660	西面	sai1min6	true	sai1 min6	sai1min6	jyut6ping3.words.dict.yaml
1661	佔	zim3	true	cim1|zim1|zim3	cim1|zim1|zim3	jyut6ping3.chars.dict.yaml
1662	判	pun3	true	pun3	pun3	jyut6ping3.chars.dict.yaml
1663	即將	zik1zoeng1	true	zik1 zoeng1	zik1zoeng1	jyut6ping3.words.dict.yaml
1664	形象	jing4zoeng6	true	jing4 zoeng6	jing4zoeng6	jyut6ping3.words.dict.yaml
1665	投訴	tau4sou3	true	tau4 sou3	tau4sou3	jyut6ping3.words.dict.yaml
1666	私家	si1gaa1	true	si1 gaa1	si1gaa1	jyut6ping3.words.dict.yaml
1667	兩日	*loeng5jat6	false			
1668	兩樣	loeng5joeng6	false			
1669	制	zai3	true	zai3	zai3	jyut6ping3.chars.dict.yaml
1670	呢種	*ne1|ni1|nei1zung2|zung3	true	nei1 zung2	nei1zung2	jyut6ping3.words.dict.yaml
1671	居民	geoi1man4	true	geoi1 man4	geoi1man4	jyut6ping3.words.dict.yaml
1672	直角	zik6gok3	true	zik6 gok3	zik6gok3	jyut6ping3.words.dict.yaml
1673	空	hung1	true	hung1|hung3	hung1|hung3	jyut6ping3.chars.dict.yaml
1674	股份	gu2fan2	true	gu2 fan2|gu2 fan6	gu2fan2|gu2fan6	jyut6ping3.words.dict.yaml
1675	門口	mun4hau2	true	mun4 hau2	mun4hau2	jyut6ping3.words.dict.yaml
1676	既然	gei3jin4	true	gei3 jin4	gei3jin4	jyut6ping3.words.dict.yaml
1677	珍惜	zan1sik1	true	zan1 sik1	zan1sik1	jyut6ping3.words.dict.yaml
1678	相處	soeng1cyu2	true	soeng1 cyu2|soeng1 cyu3	soeng1cyu2|soeng1cyu3	jyut6ping3.words.dict.yaml
1679	相對	soeng1deoi3	true	soeng1 deoi3	soeng1deoi3	jyut6ping3.words.dict.yaml
1680	音	jam1	true	jam1	jam1	jyut6ping3.chars.dict.yaml
1681	個頭	*go3tau4	false			
1682	員	jyun4	true	jyun4|wan4|wan6	jyun4|wan4|wan6	jyut6ping3.chars.dict.yaml
1683	唔多	*m4do1	true	m4 do1	m4do1	jyut6ping3.words.dict.yaml
1684	時效	si4haau6	false			
1685	校長	haau6zoeng2	true	haau6 zoeng2	haau6zoeng2	jyut6ping3.words.dict.yaml
1686	核突	wat6dat6	false			
1687	案件	on3gin2	true	on3 gin2|on3 gin6	on3gin2|on3gin6	jyut6ping3.words.dict.yaml
1688	破壞	po3waai6	true	po3 waai6	po3waai6	jyut6ping3.words.dict.yaml
1689	財務	coi4mou6	true	coi4 mou6	coi4mou6	jyut6ping3.words.dict.yaml
1690	高過	*gou1gwo3	false			
1691	乾淨	gon1zeng6	true	gon1 zeng6|gon1 zing6	gon1zeng6|gon1zing6	jyut6ping3.words.dict.yaml
1692	唱	coeng3	true	coeng3	coeng3	jyut6ping3.chars.dict.yaml
1693	商業	soeng1jip6	true	soeng1 jip6	soeng1jip6	jyut6ping3.words.dict.yaml
1694	問吓	*man6haa5	false			
1695	國內	gwok3noi6	true	gwok3 noi6	gwok3noi6	jyut6ping3.words.dict.yaml
1696	最右	*zeoi3jau6	false			
1697	最底	*zeoi3dai2	false			
1698	報告	bou3gou3	true	bou3 gou3	bou3gou3	jyut6ping3.words.dict.yaml
1699	提到	tai4dou3	false			
1700	插	caap3	true	caap3	caap3	jyut6ping3.chars.dict.yaml
1701	琴晚	kam4maan5	true	kam4 maan5	kam4maan5	jyut6ping3.words.dict.yaml
1702	痛	tung3	true	tung3	tung3	jyut6ping3.chars.dict.yaml
1703	睇住	*tai2zyu6	true	tai2 zyu6	tai2zyu6	jyut6ping3.words.dict.yaml
1704	窗	coeng1	true	coeng1	coeng1	jyut6ping3.chars.dict.yaml
1705	結	git3	true	gai1|git3|lit3	gai1|git3|lit3	jyut6ping3.chars.dict.yaml
1706	貼住	*tip1zyu6	true	tip3 zyu6	tip3zyu6	jyut6ping3.words.dict.yaml
1707	開燈	hoi1dang1	true	hoi1 dang1	hoi1dang1	jyut6ping3.words.dict.yaml
1708	溜	lau6|lau1|liu1	true	lau4|lau6|liu1	lau4|lau6|liu1	jyut6ping3.chars.dict.yaml
1709	溫暖	wan1nyun5	true	wan1 nyun5	wan1nyun5	jyut6ping3.words.dict.yaml
1710	罪	zeoi6	true	zeoi6	zeoi6	jyut6ping3.chars.dict.yaml
1711	補充	bou2cung1	true	bou2 cung1	bou2cung1	jyut6ping3.words.dict.yaml
1712	詳細	coeng4sai3	true	coeng4 sai3	coeng4sai3	jyut6ping3.words.dict.yaml
1713	誇張	kwaa1zoeng1	true	kwaa1 zoeng1	kwaa1zoeng1	jyut6ping3.words.dict.yaml
1714	遇到	jyu6dou2	true	jyu6 dou2|jyu6 dou3	jyu6dou2|jyu6dou3	jyut6ping3.words.dict.yaml
1715	電芯	*din6sam1	true	din6 sam1	din6sam1	jyut6ping3.words.dict.yaml
1716	嘉賓	gaa1ban1	true	gaa1 ban1	gaa1ban1	jyut6ping3.words.dict.yaml
1717	對面	deoi3min6	true	deoi3 min6	deoi3min6	jyut6ping3.words.dict.yaml
1718	製造	zai3zou6	true	zai3 zou6	zai3zou6	jyut6ping3.words.dict.yaml
1719	增長	zang1zoeng2	true	zang1 zoeng2	zang1zoeng2	jyut6ping3.words.dict.yaml
1720	黎明	lai4ming4	true	lai4 ming4	lai4ming4	jyut6ping3.words.dict.yaml
1721	橫線	waang4sin3	true	waang4 sin3	waang4sin3	jyut6ping3.words.dict.yaml
1722	澳門	ou3mun2	true	ou3 mun2|ou3 mun4	ou3mun2|ou3mun4	jyut6ping3.words.dict.yaml
1723	燒	siu1	true	siu1	siu1	jyut6ping3.chars.dict.yaml
1724	興	hing1|hing3	true	hing1|hing3|jan6	hing1|hing3|jan6	jyut6ping3.chars.dict.yaml
1725	龜	gwai1	true	gau1|gwai1|gwan1|kau1	gau1|gwai1|gwan1|kau1	jyut6ping3.chars.dict.yaml
1726	尷尬	gaam3gaai3	true	gaam3 gaai3	gaam3gaai3	jyut6ping3.words.dict.yaml
1727	闊	fut3	true	fut3	fut3	jyut6ping3.chars.dict.yaml
1728	邊有	*bin1jau5	false			
1729	響	hoeng2	true	hoeng2	hoeng2	jyut6ping3.chars.dict.yaml
1730	爛	laan6	true	laan6	laan6	jyut6ping3.chars.dict.yaml
1731	聽過	*teng1|ting1|ting3gwo3	true	teng1 gwo3	teng1gwo3	jyut6ping3.words.dict.yaml
1732	廳	teng1	true	teng1|ting1	teng1|ting1	jyut6ping3.chars.dict.yaml
1733	一句	jat1geoi3	false			
1734	一號	jat1hou6	true	jat1 hou6	jat1hou6	jyut6ping3.words.dict.yaml
1735	九月	gau2jyut6	true	gau2 jyut6	gau2jyut6	jyut6ping3.words.dict.yaml
1736	人話	*jan4waa6|waa2	true	jan4 waa2	jan4waa2	jyut6ping3.words.dict.yaml
1737	千祈	*cin1kei4	true	cin1 kei4	cin1kei4	jyut6ping3.words.dict.yaml
1738	工人	gung1jan4	true	gung1 jan4	gung1jan4	jyut6ping3.words.dict.yaml
1739	工業	gung1jip6	true	gung1 jip6	gung1jip6	jyut6ping3.words.dict.yaml
1740	五個	*ng5go3	false			
1741	及	kap6	true	gap6|kap6	gap6|kap6	jyut6ping3.chars.dict.yaml
1742	反對	faan2deoi3	true	faan2 deoi3	faan2deoi3	jyut6ping3.words.dict.yaml
1743	巴士	baa1si2	true	baa1 si2	baa1si2	jyut6ping3.words.dict.yaml
1744	心胸	sam1hung1	true	sam1 hung1	sam1hung1	jyut6ping3.words.dict.yaml
1745	比例	bei2lai6	true	bei2 lai6	bei2lai6	jyut6ping3.words.dict.yaml
1746	牛肉	ngau4juk6	true	ngau4 juk6	ngau4juk6	jyut6ping3.words.dict.yaml
1747	冬天	dung1tin1	true	dung1 tin1	dung1tin1	jyut6ping3.words.dict.yaml
1748	出版	ceot1baan2	true	ceot1 baan2	ceot1baan2	jyut6ping3.words.dict.yaml
1749	半年	bun3nin4	false			
1750	卡	kaa1|kaat1	true	kaa1|kaa2|kaa3|kaat1|zaap6	kaa1|kaa2|kaa3|kaat1|zaap6	jyut6ping3.chars.dict.yaml
1751	司長	si1zoeng2	true	si1 zoeng2	si1zoeng2	jyut6ping3.words.dict.yaml
1752	必要	bit1jiu3	true	bit1 jiu3	bit1jiu3	jyut6ping3.words.dict.yaml
1753	本地	bun2dei6	true	bun2 dei6	bun2dei6	jyut6ping3.words.dict.yaml
1754	正上方	zing3soeng6fong1	false			
1755	正版	*zing1|zing3|zengbaan2	true	zing3 baan2	zing3baan2	jyut6ping3.words.dict.yaml
1756	甩	lat1	true	lat1|seot1	lat1|seot1	jyut6ping3.chars.dict.yaml
1757	光	gwong1	true	gwong1	gwong1	jyut6ping3.chars.dict.yaml
1758	再行	*zoi3hang4|haang4|hang6|hong4|hong2	false			
1759	在	zoi6	true	zoi6	zoi6	jyut6ping3.chars.dict.yaml
1760	好多人	*hou2do1jan4	true	hou2 do1 jan4	hou2do1jan4	jyut6ping3.words.dict.yaml
1761	好快	*hou2|hou3faai3	false			
1762	好近	*hou2|hou3gan6|kan5	false			
1763	好遠	*hou2|hou3jyun5	false			
1764	妄想	mong5soeng2	true	mong5 soeng2	mong5soeng2	jyut6ping3.words.dict.yaml
1765	忙	mong4	true	mong4	mong4	jyut6ping3.chars.dict.yaml
1766	成年	sing4nin4	true	sing4 nin4	sing4nin4	jyut6ping3.words.dict.yaml
1767	老細	*lou5sai3	true	lou5 sai3	lou5sai3	jyut6ping3.words.dict.yaml
1768	自從	zi6cung4	true	zi6 cung4	zi6cung4	jyut6ping3.words.dict.yaml
1769	初頭	*co1tau4	true	co1 tau4	co1tau4	jyut6ping3.words.dict.yaml
1770	局	guk6|guk2	true	guk6	guk6	jyut6ping3.chars.dict.yaml
1771	我問	*ngo5man6	false			
1772	足夠	zuk1gau3	true	zuk1 gau3	zuk1gau3	jyut6ping3.words.dict.yaml
1773	邪	ce4	true	ce4|je4	ce4|je4	jyut6ping3.chars.dict.yaml
1774	事業	si6jip6	true	si6 jip6	si6jip6	jyut6ping3.words.dict.yaml
1775	兩點	loeng5dim2	false			
1776	咀	zeoi2	true	zeoi2|zo3	zeoi2|zo3	jyut6ping3.chars.dict.yaml
1777	定義	ding6ji6	true	ding6 ji6	ding6ji6	jyut6ping3.words.dict.yaml
1778	忽然	fat1jin4	true	fat1 jin4	fat1jin4	jyut6ping3.words.dict.yaml
1779	拃	*?	true	zaa3|zaa6	zaa3|zaa6	jyut6ping3.chars.dict.yaml
1780	杯	bui1	true	bui1	bui1	jyut6ping3.chars.dict.yaml
1781	東面	dung1min6	false			
1782	欣賞	jan1soeng2	true	jan1 soeng2	jan1soeng2	jyut6ping3.words.dict.yaml
1783	股價	gu2gaa3	true	gu2 gaa3	gu2gaa3	jyut6ping3.words.dict.yaml
1784	表現	biu2jin6	true	biu2 jin6	biu2jin6	jyut6ping3.words.dict.yaml
1785	長遠	coeng4jyun5	true	coeng4 jyun5	coeng4jyun5	jyut6ping3.words.dict.yaml
1786	保險	bou2him2	true	bou2 him2	bou2him2	jyut6ping3.words.dict.yaml
1787	活動	wut6dung6	true	wut6 dung6	wut6dung6	jyut6ping3.words.dict.yaml
1788	重心	zung6sam1	true	zung6 sam1	zung6sam1	jyut6ping3.words.dict.yaml
1789	哲學	zit3hok6	true	zit3 hok6	zit3hok6	jyut6ping3.words.dict.yaml
1790	家人	gaa1jan4	true	gaa1 jan4	gaa1jan4	jyut6ping3.words.dict.yaml
1791	晏晝	*aan3zau3	true	aan3 zau3	aan3zau3	jyut6ping3.words.dict.yaml
1792	校	haau6|gaau3	true	gaau3|haau6	gaau3|haau6	jyut6ping3.chars.dict.yaml
1793	窄	zaak3	true	zaak3	zaak3	jyut6ping3.chars.dict.yaml
1794	粉	fan2	true	fan2	fan2	jyut6ping3.chars.dict.yaml
1795	做法	zou6faat3	true	zou6 faat3	zou6faat3	jyut6ping3.words.dict.yaml
1796	健康	gin6hong1	true	gin6 hong1	gin6hong1	jyut6ping3.words.dict.yaml
1797	唯一	wai4jat1	true	wai4 jat1	wai4jat1	jyut6ping3.words.dict.yaml
1798	唱片	coeng3pin2	true	coeng3 pin2	coeng3pin2	jyut6ping3.words.dict.yaml
1799	婚姻	fan1jan1	true	fan1 jan1	fan1jan1	jyut6ping3.words.dict.yaml
1800	接觸	zip3zuk1	true	zip3 zuk1	zip3zuk1	jyut6ping3.words.dict.yaml
1801	梗	gang2	true	gang2|gwaang2	gang2|gwaang2	jyut6ping3.chars.dict.yaml
1802	清	cing1	true	ceng1|cing1	ceng1|cing1	jyut6ping3.chars.dict.yaml
1803	率	leot6|seot1	true	leot2|leot6|seoi3|seot1	leot2|leot6|seoi3|seot1	jyut6ping3.chars.dict.yaml
1804	現象	jin6zoeng6	true	jin6 zoeng6	jin6zoeng6	jyut6ping3.words.dict.yaml
1805	笪	daat3	true	daat3	daat3	jyut6ping3.chars.dict.yaml
1806	第二個韻	*dai6ji6go3wan6	false			
1807	第時	*dai6si4	true	dai6 si4	dai6si4	jyut6ping3.words.dict.yaml
1808	粗口	cou1hau2	true	cou1 hau2	cou1hau2	jyut6ping3.words.dict.yaml
1809	細妹	*sai3mui6	true	sai3 mui2	sai3mui2	jyut6ping3.words.dict.yaml
1810	終	zung1	true	zung1	zung1	jyut6ping3.chars.dict.yaml
1811	規則	kwai1zak1	true	kwai1 zak1	kwai1zak1	jyut6ping3.words.dict.yaml
1812	通	tung1	true	tung1	tung1	jyut6ping3.chars.dict.yaml
1813	通知	tung1zi1	true	tung1 zi1	tung1zi1	jyut6ping3.words.dict.yaml
1814	創意	cong3ji3	true	cong3 ji3	cong3ji3	jyut6ping3.words.dict.yaml
1815	創新	cong3san1	true	cong3 san1	cong3san1	jyut6ping3.words.dict.yaml
1816	就講	*zau6gong2	false			
1817	幾日	gei2jat6	false			
1818	換	wun6	true	wun6	wun6	jyut6ping3.chars.dict.yaml
1819	普通話	pou2tung1waa2	true	pou2 tung1 waa2	pou2tung1waa2	jyut6ping3.words.dict.yaml
1820	普遍	pou2pin3	true	pou2 pin3	pou2pin3	jyut6ping3.words.dict.yaml
1821	評價	ping4gaa3	true	ping4 gaa3	ping4gaa3	jyut6ping3.words.dict.yaml
1822	意義	ji3ji6	true	ji3 ji6	ji3ji6	jyut6ping3.words.dict.yaml
1823	愛情	oi3cing4	true	oi3 cing4	oi3cing4	jyut6ping3.words.dict.yaml
1824	業	jip6	true	jip6	jip6	jyut6ping3.chars.dict.yaml
1825	業主	jip6zyu2	true	jip6 zyu2	jip6zyu2	jyut6ping3.words.dict.yaml
1826	當你	*dong1|dong3nei5	false			
1827	當我	*dong1|dong3ngo5	false			
1828	罪行	zeoi6hang4	true	zeoi6 hang6	zeoi6hang6	jyut6ping3.words.dict.yaml
1829	較	gaau3	true	gaau3|gok3	gaau3|gok3	jyut6ping3.chars.dict.yaml
1830	遊戲	jau4hei3	true	jau4 hei3	jau4hei3	jyut6ping3.words.dict.yaml
1831	電訊	din6seon3	true	din6 seon3	din6seon3	jyut6ping3.words.dict.yaml
1832	鼓勵	gu2lai6	true	gu2 lai6	gu2lai6	jyut6ping3.words.dict.yaml
1833	嘔	au2	true	au1|au2|au3|heoi1	au1|au2|au3|heoi1	jyut6ping3.chars.dict.yaml
1834	實際上	sat6zai3soeng6	true	sat6 zai3 soeng6	sat6zai3soeng6	jyut6ping3.words.dict.yaml
1835	慳	haan1	true	haan1	haan1	jyut6ping3.chars.dict.yaml
1836	樓下	lau4haa6	true	lau4 haa6	lau4haa6	jyut6ping3.words.dict.yaml
1837	瘦	sau3	true	sau3	sau3	jyut6ping3.chars.dict.yaml
1838	賭	dou2	true	dou2	dou2	jyut6ping3.chars.dict.yaml
1839	踩	caai2	true	caai2|coi2|jaai2	caai2|coi2|jaai2	jyut6ping3.chars.dict.yaml
1840	燕梳	*jin3|jin1so1	true	jin3 so1	jin3so1	jyut6ping3.words.dict.yaml
1841	遲	ci4	true	ci4|zi3|zi6	ci4|zi3|zi6	jyut6ping3.chars.dict.yaml
1842	幫到	*bong1dou3	false			
1843	戲院	hei3jyun2	true	hei3 jyun2	hei3jyun2	jyut6ping3.words.dict.yaml
1844	擦紙膠	caat3zi2gaau1	true	caat3 zi2 gaau1	caat3zi2gaau1	jyut6ping3.words.dict.yaml
1845	營	jing4	true	jing4	jing4	jyut6ping3.chars.dict.yaml
1846	聯絡	lyun4lok3	true	lyun4 lok3|lyun4 lok6	lyun4lok3|lyun4lok6	jyut6ping3.words.dict.yaml
1847	講法	*gong2faat3	true	gong2 faat3	gong2faat3	jyut6ping3.words.dict.yaml
1848	講開	*gong2hoi1	false			
1849	黏	nim4|nim1|zim1	true	nim1|nim4	nim1|nim4	jyut6ping3.chars.dict.yaml
1850	禮拜三	*lai5baai3saam1|saam3	true	lai5 baai3 saam1	lai5baai3saam1	jyut6ping3.words.dict.yaml
1851	禮拜六	*lai5baai3luk6	true	lai5 baai3 luk6	lai5baai3luk6	jyut6ping3.words.dict.yaml
1852	翻譯	faan1jik6	true	faan1 jik6	faan1jik6	jyut6ping3.words.dict.yaml
1853	轉右	*zyun2|zyun3jau6	false			
1854	轉頭	zyun3tau4	true	zyun3 tau4	zyun3tau4	jyut6ping3.words.dict.yaml
1855	額	ngaak6	true	ngaak6	ngaak6	jyut6ping3.chars.dict.yaml
1856	鯉	lei5	true	lei5	lei5	jyut6ping3.chars.dict.yaml
1857	穩定	wan2ding6	true	wan2 ding6	wan2ding6	jyut6ping3.words.dict.yaml
1858	邊間	*bin1gaan1|gaan3	true	bin1 gaan1	bin1gaan1	jyut6ping3.words.dict.yaml
1859	嚴重	jim4zung6	true	jim4 zung6	jim4zung6	jyut6ping3.words.dict.yaml
1860	屬於	suk6jyu1	true	suk6 jyu1	suk6jyu1	jyut6ping3.words.dict.yaml
1861	聽到	teng1dou2	true	teng1 dou2	teng1dou2	jyut6ping3.words.dict.yaml
1862	黐	ci1	true	ci1	ci1	jyut6ping3.chars.dict.yaml
1863	顯示	hin2si6	true	hin2 si6	hin2si6	jyut6ping3.words.dict.yaml
1864	一模一樣	jat1mou4jat1joeng6	true	jat1 mou4 jat1 joeng6	jat1mou4jat1joeng6	jyut6ping3.words.dict.yaml
1865	一邊	jat1bin1	true	jat1 bin1	jat1bin1	jyut6ping3.words.dict.yaml
1866	九十度	*gau2sap6dou6|dok6	false			
1867	人生	jan4sang1	true	jan4 sang1	jan4sang1	jyut6ping3.words.dict.yaml
1868	十一點	sap6jat1dim2	false			
1869	上堂	*soeng6|soeng5tong4	true	soeng5 tong4	soeng5tong4	jyut6ping3.words.dict.yaml
1870	下畫	*haa6waak6|waa2	false			
1871	山個	*saan1go3	false			
1872	中國人	zung1gwok3jan4	false			
1873	五月	ng5jyut6	true	ng5 jyut6	ng5jyut6	jyut6ping3.words.dict.yaml
1874	內心	noi6sam1	true	noi6 sam1	noi6sam1	jyut6ping3.words.dict.yaml
1875	反映	faan2jing2	true	faan2 jing2	faan2jing2	jyut6ping3.words.dict.yaml
1876	天堂	tin1tong4	true	tin1 tong4	tin1tong4	jyut6ping3.words.dict.yaml
1877	太陽	taai3joeng4	true	taai3 joeng4	taai3joeng4	jyut6ping3.words.dict.yaml
1878	心態	sam1taai3	true	sam1 taai3	sam1taai3	jyut6ping3.words.dict.yaml
1879	文	man4	true	man1|man2|man4|man6	man1|man2|man4|man6	jyut6ping3.chars.dict.yaml
1880	止	zi2	true	zi2	zi2	jyut6ping3.chars.dict.yaml
1881	火星	fo2sing1	true	fo2 sing1	fo2sing1	jyut6ping3.words.dict.yaml
1882	仙人掌	sin1jan4zoeng2	true	sin1 jan4 zoeng2	sin1jan4zoeng2	jyut6ping3.words.dict.yaml
1883	以往	ji5wong5	true	ji5 wong5	ji5wong5	jyut6ping3.words.dict.yaml
1884	凹	nap1|aau3|waa1	true	aau1|aau3|lap1|nap1|waa1	aau1|aau3|lap1|nap1|waa1	jyut6ping3.chars.dict.yaml
1885	出席	ceot1zik6	true	ceot1 zik6	ceot1zik6	jyut6ping3.words.dict.yaml
1886	出邊	*ceot1bin1	true	ceot1 bin1|ceot1 bin6	ceot1bin1|ceot1bin6	jyut6ping3.words.dict.yaml
1887	加返	*gaa1faan1|faan2	false			
1888	可憐	ho2lin4	true	ho2 lin4	ho2lin4	jyut6ping3.words.dict.yaml
1889	失	sat1	true	jat6|sat1	jat6|sat1	jyut6ping3.chars.dict.yaml
1890	民主	man4zyu2	true	man4 zyu2	man4zyu2	jyut6ping3.words.dict.yaml
1891	民建聯	man4gin3lyun4	true	man4 gin3 lyun4	man4gin3lyun4	jyut6ping3.words.dict.yaml
1892	生物	sang1mat6	true	sang1 mat6	sang1mat6	jyut6ping3.words.dict.yaml
1893	由個	*jau4go3	false			
1894	全名	*cyun4ming4|meng4	true	cyun4 meng2	cyun4meng2	jyut6ping3.words.dict.yaml
1895	合	hap6	true	gap3|hap6|ho4	gap3|hap6|ho4	jyut6ping3.chars.dict.yaml
1896	合法	hap6faat3	true	hap6 faat3	hap6faat3	jyut6ping3.words.dict.yaml
1897	吋	cyun3	true	cyun3|jing1 cyun3	cyun3|jing1cyun3	jyut6ping3.chars.dict.yaml
1898	同時	tung4si4	true	tung4 si4	tung4si4	jyut6ping3.words.dict.yaml
1899	同樣	tung4joeng6	true	tung4 joeng6	tung4joeng6	jyut6ping3.words.dict.yaml
1900	地球	dei6kau4	true	dei6 kau4	dei6kau4	jyut6ping3.words.dict.yaml
1901	好人	hou2jan4	true	hou2 jan4	hou2jan4	jyut6ping3.words.dict.yaml
1902	好味	*hou2|hou3mei6	true	hou2 mei6	hou2mei6	jyut6ping3.words.dict.yaml
1903	好靚	*hou2|hou3leng3	true	hou2 leng3	hou2leng3	jyut6ping3.words.dict.yaml
1904	安全	on1cyun4	true	on1 cyun4	on1cyun4	jyut6ping3.words.dict.yaml
1905	年青	nin4cing1	true	nin4 cing1	nin4cing1	jyut6ping3.words.dict.yaml
1906	年齡	nin4ling4	true	nin4 ling4	nin4ling4	jyut6ping3.words.dict.yaml
1907	式	sik1	true	sik1	sik1	jyut6ping3.chars.dict.yaml
1908	攰	gui6	true	gui6	gui6	jyut6ping3.chars.dict.yaml
1909	曲	kuk1	true	kuk1	kuk1	jyut6ping3.chars.dict.yaml
1910	有份	*jau5fan6	true	jau5 fan2	jau5fan2	jyut6ping3.words.dict.yaml
1911	有位	*jau5wai6|wai2	false			
1912	老公	lou5gung1	true	lou5 gung1	lou5gung1	jyut6ping3.words.dict.yaml
1913	考到	haau2dou2	false			
1914	行返	*hang4|haang4|hang6|hong4|hong2faan1|faan2	false			
1915	行路	haang4lou6	true	haang4 lou6	haang4lou6	jyut6ping3.words.dict.yaml
1916	你明	*nei5ming4	false			
1917	你識	*nei5sik1	false			
1918	判斷	pun3tyun5	true	pun3 dyun3|pun3 dyun6	pun3dyun3|pun3dyun6	jyut6ping3.words.dict.yaml
1919	別人	bit6jan4	true	bit6 jan4	bit6jan4	jyut6ping3.words.dict.yaml
1920	完整	jyun4zing2	true	jyun4 zing2	jyun4zing2	jyut6ping3.words.dict.yaml
1921	我明	*ngo5ming4	false			
1922	使錢	sai2cin2	true	sai2 cin2	sai2cin2	jyut6ping3.words.dict.yaml
1923	依然	ji1jin4	true	ji1 jin4	ji1jin4	jyut6ping3.words.dict.yaml
1924	兔仔	*tou3zai2|zi2	true	tou3 zai2	tou3zai2	jyut6ping3.words.dict.yaml
1925	兩位	*loeng5wai6|wai2	false			
1926	呢邊	*ne1|ni1|nei1bin1	true	nei1 bin1|ni1 bin1	nei1bin1|ni1bin1	jyut6ping3.words.dict.yaml
1927	味	mei6	true	mei6	mei6	jyut6ping3.chars.dict.yaml
1928	和	wo4|wo6	true	gwo3|wo4|wo6|wu4	gwo3|wo4|wo6|wu4	jyut6ping3.chars.dict.yaml
1929	姊妹	zi2mui6|zi2mui2	true	zi2 mui2|zi2 mui6	zi2mui2|zi2mui6	jyut6ping3.words.dict.yaml
1930	定下	ding6haa6	true	ding6 haa6	ding6haa6	jyut6ping3.words.dict.yaml
1931	板	baan2	true	baan2	baan2	jyut6ping3.chars.dict.yaml
1932	返番	*faan1|faan2faan1	false			
1933	侮辱	mou5juk6	true	mou5 juk6	mou5juk6	jyut6ping3.words.dict.yaml
1934	保護	bou2wu6	true	bou2 wu6	bou2wu6	jyut6ping3.words.dict.yaml
1935	哈哈	haa1haa1	true	haa1 haa1	haa1haa1	jyut6ping3.words.dict.yaml
1936	指示	zi2si6	true	zi2 si6	zi2si6	jyut6ping3.words.dict.yaml
1937	故	gu3	true	gu3	gu3	jyut6ping3.chars.dict.yaml
1938	星	sing1	true	seng1|sing1	seng1|sing1	jyut6ping3.chars.dict.yaml
1939	洲	zau1	true	zau1	zau1	jyut6ping3.chars.dict.yaml
1940	界定	gaai3ding6	true	gaai3 ding6	gaai3ding6	jyut6ping3.words.dict.yaml
1941	紅籌	hung4cau4	true	hung4 cau4	hung4cau4	jyut6ping3.words.dict.yaml
1942	耶穌	je4sou1	true	je4 sou1	je4sou1	jyut6ping3.words.dict.yaml
1943	背後	bui3hau6	true	bui3 hau6	bui3hau6	jyut6ping3.words.dict.yaml
1944	要畫	*jiu3waak6|waa2	false			
1945	飛碟	fei1dip2	true	fei1 dip2	fei1dip2	jyut6ping3.words.dict.yaml
1946	個案	go3on3	true	go3 on3	go3on3	jyut6ping3.words.dict.yaml
1947	原	jyun4	true	jyun4|jyun5	jyun4|jyun5	jyut6ping3.chars.dict.yaml
1948	哩件	*lei5|le1|lei1|li1gin6	false			
1949	唔知幾	*m4zi1|zi3gei2|gei1	true	m4 zi1 gei2	m4zi1gei2	jyut6ping3.words.dict.yaml
1950	孭	*?	true	me1	me1	jyut6ping3.chars.dict.yaml
1951	旅遊	leoi5jau4	true	leoi5 jau4	leoi5jau4	jyut6ping3.words.dict.yaml
1952	特色	dak6sik1	true	dak6 sik1	dak6sik1	jyut6ping3.words.dict.yaml
1953	特殊	dak6syu4	true	dak6 syu4	dak6syu4	jyut6ping3.words.dict.yaml
1954	狹窄	haap6zaak3	true	haap3 zaak3|haap6 zaak3	haap3zaak3|haap6zaak3	jyut6ping3.words.dict.yaml
1955	退	teoi3	true	teoi3	teoi3	jyut6ping3.chars.dict.yaml
1956	針對	zam1deoi3	true	zam1 deoi3	zam1deoi3	jyut6ping3.words.dict.yaml
1957	偈	gai2|gai6|git6	true	gai2|gai6|git6	gai2|gai6|git6	jyut6ping3.chars.dict.yaml
1958	兜個	*dau1go3	false			
1959	副	fu3	true	fu3|pik1	fu3|pik1	jyut6ping3.chars.dict.yaml
1960	唯有	*wai4|wai2jau5	true	wai4 jau5	wai4jau5	jyut6ping3.words.dict.yaml
1961	專業	zyun1jip6	true	zyun1 jip6	zyun1jip6	jyut6ping3.words.dict.yaml
1962	得滯	*dak1zai6	true	dak1 zai6	dak1zai6	jyut6ping3.words.dict.yaml
1963	梳打	*so1daa2|daa1	true	so1 daa2	so1daa2	jyut6ping3.words.dict.yaml
1964	淨	zing6|zeng6	true	zeng6|zing6	zeng6|zing6	jyut6ping3.chars.dict.yaml
1965	清晰	cing1sik1	true	cing1 sik1	cing1sik1	jyut6ping3.words.dict.yaml
1966	現實	jin6sat6	true	jin6 sat6	jin6sat6	jyut6ping3.words.dict.yaml
1967	船	syun4	true	syun4	syun4	jyut6ping3.chars.dict.yaml
1968	規定	kwai1ding6	true	kwai1 ding6	kwai1ding6	jyut6ping3.words.dict.yaml
1969	貨櫃	fo3gwai6	true	fo3 gwai6	fo3gwai6	jyut6ping3.words.dict.yaml
1970	責任	zaak3jam6	true	zaak3 jam6	zaak3jam6	jyut6ping3.words.dict.yaml
1971	連埋	*lin4maai4	true	lin4 maai4	lin4maai4	jyut6ping3.words.dict.yaml
1972	陰	jam1	true	am1|jam1|jam3	am1|jam1|jam3	jyut6ping3.chars.dict.yaml
1973	單位	daan1wai2	true	daan1 wai2|daan1 wai6	daan1wai2|daan1wai6	jyut6ping3.words.dict.yaml
1974	悶	mun6	true	mun6	mun6	jyut6ping3.chars.dict.yaml
1975	期間	kei4gaan1	true	kei4 gaan1	kei4gaan1	jyut6ping3.words.dict.yaml
1976	無謂	mou4wai6	true	mou4 wai6	mou4wai6	jyut6ping3.words.dict.yaml
1977	發達	faat3daat6	true	faat3 daat6	faat3daat6	jyut6ping3.words.dict.yaml
1978	硬係	*ngaang6hai6	true	ngaang2 hai6	ngaang2hai6	jyut6ping3.words.dict.yaml
1979	量	loeng4|loeng6	true	loeng4|loeng6	loeng4|loeng6	jyut6ping3.chars.dict.yaml
1980	開會	hoi1wui2	true	hoi1 wui2	hoi1wui2	jyut6ping3.words.dict.yaml
1981	傳	cyun4|zyun6	true	cyun4|zyun2|zyun3|zyun6	cyun4|zyun2|zyun3|zyun6	jyut6ping3.chars.dict.yaml
1982	傳媒	cyun4mui4	true	cyun4 mui4	cyun4mui4	jyut6ping3.words.dict.yaml
1983	傾計	*king1gai3	true	king1 gai2	king1gai2	jyut6ping3.words.dict.yaml
1984	會有	*wui5|wui6|wui2jau5	false			
1985	煩	faan4	true	faan4	faan4	jyut6ping3.chars.dict.yaml
1986	猷	jau4	true	jau4	jau4	jyut6ping3.chars.dict.yaml
1987	運動	wan6dung6	true	wan6 dung6	wan6dung6	jyut6ping3.words.dict.yaml
1988	圖標	tou4biu1	false			
1989	實際	sat6zai3	true	sat6 zai3	sat6zai3	jyut6ping3.words.dict.yaml
1990	監察	gaam1caat3	true	gaam1 caat3	gaam1caat3	jyut6ping3.words.dict.yaml
1991	端	dyun1	true	dyun1	dyun1	jyut6ping3.chars.dict.yaml
1992	網球	mong5kau4	true	mong5 kau4	mong5kau4	jyut6ping3.words.dict.yaml
1993	齊	cai4	true	cai4|zaai1|zai6|zi1	cai4|zaai1|zai6|zi1	jyut6ping3.chars.dict.yaml
1994	價	gaa3	true	gaa3	gaa3	jyut6ping3.chars.dict.yaml
1995	嘴	zeoi2	true	zeoi2	zeoi2	jyut6ping3.chars.dict.yaml
1996	撈	laau4|lou4	true	laau1|laau4|lou1|lou4	laau1|laau4|lou1|lou4	jyut6ping3.chars.dict.yaml
1997	數學	sou3hok6	true	sou3 hok6	sou3hok6	jyut6ping3.words.dict.yaml
1998	擁有	jung2jau5	true	jung2 jau5	jung2jau5	jyut6ping3.words.dict.yaml
1999	輸	syu1	true	syu1	syu1	jyut6ping3.chars.dict.yaml
2000	隨時	ceoi4si4	true	ceoi4 si4	ceoi4si4	jyut6ping3.words.dict.yaml
