id	ordinal	item_type	turn	speaker	vocabulary_ordinal	source_cantonese	source_jyutping	source_english	source_hash	source_dialog_exact_surface_present	previous_turn_id	next_turn_id	deduplication_relation	ingress_classification	runtime_lexical_owners	canonical_exact_owners	supporting_exact_owners	review_flags	review_state
GLOSSIKA-YUEHK-A1-DLG-006-20260104-I001	1	dialog_turn	1	家豪		詠思，你將來想做乜嘢工作呀？	/wing6 si1, nei5 zoeng1 loi4 soeng2 zou6 mat1 je5 gung1 zok3 aa3?/		sha256:ce64c68c27f29fa5536d021b147c20d572099fe92827d90af324c0965a4e865b			GLOSSIKA-YUEHK-A1-DLG-006-20260104-I002	no_project_match	naturalness_review_candidate				naturalness_review_candidate|future_modal_desire_wh|occupation_object|source_turn_translation_not_provided	REQUIRES_EXPERT_CONTEXT_REVIEW
GLOSSIKA-YUEHK-A1-DLG-006-20260104-I002	2	dialog_turn	2	詠思		我都唔係好肯定。你呢？	/ngo5 dou1 m4 hai6 hou2 hang2 ding6. nei5 ne1?/		sha256:db3a9f4d58e270c2960b2bb690ba441375044bf283d8fc587386e89b42f8ce25		GLOSSIKA-YUEHK-A1-DLG-006-20260104-I001	GLOSSIKA-YUEHK-A1-DLG-006-20260104-I003	no_project_match	new_attestation				degree_negation_m4hai6hou2|ne1_continuation|source_turn_translation_not_provided	REQUIRES_EXPERT_CONTEXT_REVIEW
GLOSSIKA-YUEHK-A1-DLG-006-20260104-I003	3	dialog_turn	3	家豪		我想做老師，教小朋友。	/ngo5 soeng2 zou6 lou5 si1, gaau3 siu2 pang4 jau5./		sha256:6fef732c31b8b3d927a94584c4a81c4b9ca0fbbd40399fc69746c38052763f51		GLOSSIKA-YUEHK-A1-DLG-006-20260104-I002	GLOSSIKA-YUEHK-A1-DLG-006-20260104-I004	no_project_match	new_attestation				occupation_copular_or_light_verb|purpose_or_apposition|source_turn_translation_not_provided	REQUIRES_EXPERT_CONTEXT_REVIEW
GLOSSIKA-YUEHK-A1-DLG-006-20260104-I004	4	dialog_turn	4	詠思		嘩，做老師好辛苦㗎喎！	/waa3, zou6 lou5 si1 hou2 san1 fu2 gaa3 wo3!/		sha256:2376632586b09530a46a973f624fd2829739d6bedb40b93281546989df7c013a		GLOSSIKA-YUEHK-A1-DLG-006-20260104-I003	GLOSSIKA-YUEHK-A1-DLG-006-20260104-I005	no_project_match	naturalness_review_candidate				naturalness_review_candidate|particle_cluster_gaa3_wo3|evaluative_predication|source_turn_translation_not_provided	REQUIRES_EXPERT_CONTEXT_REVIEW
GLOSSIKA-YUEHK-A1-DLG-006-20260104-I005	5	dialog_turn	5	家豪		係辛苦，但係我鍾意同小朋友相處。	/hai6 san1 fu2, daan6 hai6 ngo5 zung1 ji3 tung4 siu2 pang4 jau5 soeng1 cyu5./		sha256:5bb246b2eeb98a30900cc1ace5d597ca55711a1e9780330c70e07b086064624c		GLOSSIKA-YUEHK-A1-DLG-006-20260104-I004	GLOSSIKA-YUEHK-A1-DLG-006-20260104-I006	no_project_match	new_attestation				source_turn_translation_not_provided	REQUIRES_EXPERT_CONTEXT_REVIEW
GLOSSIKA-YUEHK-A1-DLG-006-20260104-I006	6	dialog_turn	6	詠思		咁你讀緊教育啦？	/gam2 nei5 duk6 gan2 gaau3 juk6 laa1?/		sha256:7a82a06f166a0f94a876e9636d8e0a4e045eaa940c2445ed5b39f6b1c49fdaa0		GLOSSIKA-YUEHK-A1-DLG-006-20260104-I005	GLOSSIKA-YUEHK-A1-DLG-006-20260104-I007	no_project_match	naturalness_review_candidate				naturalness_review_candidate|progressive_education_question|assumptive_laa1|source_turn_translation_not_provided	REQUIRES_EXPERT_CONTEXT_REVIEW
GLOSSIKA-YUEHK-A1-DLG-006-20260104-I007	7	dialog_turn	7	家豪		係呀，我讀緊教育學位課程。	/hai6 aa3, ngo5 duk6 gan2 gaau3 juk6 hok6 wai2 fo3 cing4./		sha256:94aed1f976c299be574d570ad2930fc1e4b06268df501727f19d669b3c32cfa7		GLOSSIKA-YUEHK-A1-DLG-006-20260104-I006	GLOSSIKA-YUEHK-A1-DLG-006-20260104-I008	no_project_match	new_attestation				source_turn_translation_not_provided	REQUIRES_EXPERT_CONTEXT_REVIEW
GLOSSIKA-YUEHK-A1-DLG-006-20260104-I008	8	dialog_turn	8	詠思		仲有幾多年先畢業呀？	/zung6 jau5 gei2 do1 nin4 sin1 bat1 jip6 aa3?/		sha256:7bd5dc305aa30b71d90055b57b4a6c937712ccf570600c4c16177296cbcc4b26		GLOSSIKA-YUEHK-A1-DLG-006-20260104-I007	GLOSSIKA-YUEHK-A1-DLG-006-20260104-I009	no_project_match	naturalness_review_candidate				naturalness_review_candidate|zung6_jau5_duration|sin1_temporal_boundary|source_turn_translation_not_provided	REQUIRES_EXPERT_CONTEXT_REVIEW
GLOSSIKA-YUEHK-A1-DLG-006-20260104-I009	9	dialog_turn	9	家豪		仲有兩年。你呢？你想做咩？	/zung6 jau5 loeng5 nin4. nei5 ne1? nei5 soeng2 zou6 me1?/		sha256:eaf0d219927ea44b47c615b8d739cc9714aedada25419548818f5fdd51d91877		GLOSSIKA-YUEHK-A1-DLG-006-20260104-I008	GLOSSIKA-YUEHK-A1-DLG-006-20260104-I010	no_project_match	naturalness_review_candidate				naturalness_review_candidate|duration_fragment|ne1_continuation|wh_object_me1|source_turn_translation_not_provided	REQUIRES_EXPERT_CONTEXT_REVIEW
GLOSSIKA-YUEHK-A1-DLG-006-20260104-I010	10	dialog_turn	10	詠思		我鍾意畫畫，想做設計師。	/ngo5 zung1 ji3 waak6 waa2, soeng2 zou6 cit3 gai3 si1./		sha256:a94ebed224e8949bcc49d6a28082952ca183fc803aae5d45fdd063afb581dcc8		GLOSSIKA-YUEHK-A1-DLG-006-20260104-I009	GLOSSIKA-YUEHK-A1-DLG-006-20260104-I011	no_project_match	new_attestation				source_turn_translation_not_provided	REQUIRES_EXPERT_CONTEXT_REVIEW
GLOSSIKA-YUEHK-A1-DLG-006-20260104-I011	11	dialog_turn	11	家豪		吓？你讀緊設計？	/haa2? nei5 duk6 gan2 cit3 gai3?/		sha256:a387dfe8c751f06b002b448326aad55b4cf6034a2a9f9f989f39653e16c01db4		GLOSSIKA-YUEHK-A1-DLG-006-20260104-I010	GLOSSIKA-YUEHK-A1-DLG-006-20260104-I012	no_project_match	naturalness_review_candidate				naturalness_review_candidate|echo_question_progressive|source_turn_translation_not_provided	REQUIRES_EXPERT_CONTEXT_REVIEW
GLOSSIKA-YUEHK-A1-DLG-006-20260104-I012	12	dialog_turn	12	詠思		未呀，我而家讀緊商科。	/mei6 aa3, ngo5 ji4 gaa1 duk6 gan2 soeng1 fo1./		sha256:7a46795e086cf8668a15fd947e87a5dddc6f0970dd0599cb481f5edd59e5742f		GLOSSIKA-YUEHK-A1-DLG-006-20260104-I011	GLOSSIKA-YUEHK-A1-DLG-006-20260104-I013	no_project_match	new_attestation				mei6_fragment|progressive_study|source_turn_translation_not_provided	REQUIRES_EXPERT_CONTEXT_REVIEW
GLOSSIKA-YUEHK-A1-DLG-006-20260104-I013	13	dialog_turn	13	家豪		點解唔讀設計呀？	/dim2 gaai2 m4 duk6 cit3 gai3 aa3?/		sha256:72ae63e415f3f4476ab245da465cb99d0a4adfc474b79d4f532aac51e9243491		GLOSSIKA-YUEHK-A1-DLG-006-20260104-I012	GLOSSIKA-YUEHK-A1-DLG-006-20260104-I014	no_project_match	new_attestation				source_turn_translation_not_provided	REQUIRES_EXPERT_CONTEXT_REVIEW
GLOSSIKA-YUEHK-A1-DLG-006-20260104-I014	14	dialog_turn	14	詠思		我屋企人話商科搵食容易啲。	/ngo5 uk1 kei2 jan4 waa6 soeng1 fo1 wan2 sik6 jung4 ji6 di1./		sha256:a6208060b45d03d606636eb3b6cb08336f62efacbcae0aa54fcdb6d177848521		GLOSSIKA-YUEHK-A1-DLG-006-20260104-I013	GLOSSIKA-YUEHK-A1-DLG-006-20260104-I015	no_project_match	naturalness_review_candidate				naturalness_review_candidate|reported_speech_waa6|wan2_sik6_lexicalization|comparative_di1|source_turn_translation_not_provided	REQUIRES_EXPERT_CONTEXT_REVIEW
GLOSSIKA-YUEHK-A1-DLG-006-20260104-I015	15	dialog_turn	15	家豪		但係你真係鍾意商科咩？	/daan6 hai6 nei5 zan1 hai6 zung1 ji3 soeng1 fo1 me1?/		sha256:1fcf780257b9e10ae4de687e5be6f8029fa45c19539be91a974a5f02767481f8		GLOSSIKA-YUEHK-A1-DLG-006-20260104-I014	GLOSSIKA-YUEHK-A1-DLG-006-20260104-I016	no_project_match	naturalness_review_candidate				naturalness_review_candidate|biased_question_me1|source_turn_translation_not_provided	REQUIRES_EXPERT_CONTEXT_REVIEW
GLOSSIKA-YUEHK-A1-DLG-006-20260104-I016	16	dialog_turn	16	詠思		唔係好鍾意，覺得好悶。	/m4 hai6 hou2 zung1 ji3, gok3 dak1 hou2 mun6./		sha256:733263c4e214c0951ee031f5b6874b54c86f1213c6d6be74eb2b4aadaa81f8be		GLOSSIKA-YUEHK-A1-DLG-006-20260104-I015	GLOSSIKA-YUEHK-A1-DLG-006-20260104-I017	no_project_match	new_attestation				source_turn_translation_not_provided	REQUIRES_EXPERT_CONTEXT_REVIEW
GLOSSIKA-YUEHK-A1-DLG-006-20260104-I017	17	dialog_turn	17	家豪		咁你可以轉科呀！	/gam2 nei5 ho2 ji5 zyun2 fo1 aa3!/		sha256:f57023a042809b4845b205c7b517a5aab26ccbe0e5e29ea5e86587fff51e3c87		GLOSSIKA-YUEHK-A1-DLG-006-20260104-I016	GLOSSIKA-YUEHK-A1-DLG-006-20260104-I018	no_project_match	new_attestation				source_turn_translation_not_provided	REQUIRES_EXPERT_CONTEXT_REVIEW
GLOSSIKA-YUEHK-A1-DLG-006-20260104-I018	18	dialog_turn	18	詠思		我都有諗過，但係驚屋企人嬲。	/ngo5 dou1 jau5 nam2 gwo3, daan6 hai6 geng1 uk1 kei2 jan4 nau1./		sha256:639406bc3a1edffe36cb0743bdd1210a1e7eaf63dfc7fb5b6f2a1f98c1659695		GLOSSIKA-YUEHK-A1-DLG-006-20260104-I017	GLOSSIKA-YUEHK-A1-DLG-006-20260104-I019	no_project_match	naturalness_review_candidate				naturalness_review_candidate|experiential_nam2_gwo3|fear_complement|source_turn_translation_not_provided	REQUIRES_EXPERT_CONTEXT_REVIEW
GLOSSIKA-YUEHK-A1-DLG-006-20260104-I019	19	dialog_turn	19	家豪		你要做自己鍾意嘅嘢先開心㗎。	/nei5 jiu3 zou6 zi6 gei2 zung1 ji3 ge3 je5 sin1 hoi1 sam1 gaa3./		sha256:47ae6957f8a9c1dae90179c659396e014c7ccb2a1c389ec228cf3b6e27c9e924		GLOSSIKA-YUEHK-A1-DLG-006-20260104-I018	GLOSSIKA-YUEHK-A1-DLG-006-20260104-I020	no_project_match	naturalness_review_candidate				naturalness_review_candidate|sin1_condition_or_sequence|nominalized_ge3_je5|source_turn_translation_not_provided	REQUIRES_EXPERT_CONTEXT_REVIEW
GLOSSIKA-YUEHK-A1-DLG-006-20260104-I020	20	dialog_turn	20	詠思		你講得啱。我應該同屋企人傾吓。	/nei5 gong2 dak1 ngaam1. ngo5 jing1 goi1 tung4 uk1 kei2 jan4 king1 haa5./		sha256:ebd56341cb4875950f5c37ccbe70ed96a45865ea89f717d248895f473926bb1a		GLOSSIKA-YUEHK-A1-DLG-006-20260104-I019	GLOSSIKA-YUEHK-A1-DLG-006-20260104-I021	no_project_match	naturalness_review_candidate				naturalness_review_candidate|manner_result_gong2_dak1_ngaam1|delimitative_haa5|source_turn_translation_not_provided	REQUIRES_EXPERT_CONTEXT_REVIEW
GLOSSIKA-YUEHK-A1-DLG-006-20260104-I021	21	dialog_turn	21	家豪		係呀！你將來想做設計，而家就要準備。	/hai6 aa3! nei5 zoeng1 loi4 soeng2 zou6 cit3 gai3, ji4 gaa1 zau6 jiu3 zeon2 bei6./		sha256:a69c2dfdb9a6a45fc1addc62bea747e5590bda4d18115ce9e416d12cce5642d0		GLOSSIKA-YUEHK-A1-DLG-006-20260104-I020	GLOSSIKA-YUEHK-A1-DLG-006-20260104-I022	no_project_match	naturalness_review_candidate				naturalness_review_candidate|future_present_contrast|zau6_necessity|source_turn_translation_not_provided	REQUIRES_EXPERT_CONTEXT_REVIEW
GLOSSIKA-YUEHK-A1-DLG-006-20260104-I022	22	dialog_turn	22	詠思		我可以平時自己學畫畫。	/ngo5 ho2 ji5 ping4 si4 zi6 gei2 hok6 waak6 waa2./		sha256:18b965ca280ea3d239c8e521bfacc44faf433e8c14625def60e1b67ffbc9c9ca		GLOSSIKA-YUEHK-A1-DLG-006-20260104-I021	GLOSSIKA-YUEHK-A1-DLG-006-20260104-I023	no_project_match	new_attestation				source_turn_translation_not_provided	REQUIRES_EXPERT_CONTEXT_REVIEW
GLOSSIKA-YUEHK-A1-DLG-006-20260104-I023	23	dialog_turn	23	家豪		啱呀！你有冇上網學？	/ngaam1 aa3! nei5 jau5 mou5 soeng5 mong5 hok6?/		sha256:9c5e2f111ed53b17606c4429bbec4b15c8dc3a43b1f4ca1973c2af9f6fa740fb		GLOSSIKA-YUEHK-A1-DLG-006-20260104-I022	GLOSSIKA-YUEHK-A1-DLG-006-20260104-I024	no_project_match	naturalness_review_candidate				naturalness_review_candidate|jau5_mou5_online_learning_question|source_turn_translation_not_provided	REQUIRES_EXPERT_CONTEXT_REVIEW
GLOSSIKA-YUEHK-A1-DLG-006-20260104-I024	24	dialog_turn	24	詠思		有呀，我睇緊YouTube教學。	/jau5 aa3, ngo5 tai2 gan2 YouTube gaau3 hok6./		sha256:1658b1c6821d44f8b1930c480c3f0963018885b3aeaf9616673a06a68d056df6		GLOSSIKA-YUEHK-A1-DLG-006-20260104-I023	GLOSSIKA-YUEHK-A1-DLG-006-20260104-I025	no_project_match	naturalness_review_candidate				naturalness_review_candidate|progressive_media_learning|english_proper_name|source_turn_translation_not_provided	REQUIRES_EXPERT_CONTEXT_REVIEW
GLOSSIKA-YUEHK-A1-DLG-006-20260104-I025	25	dialog_turn	25	家豪		好呀！慢慢學，將來一定做到設計師。	/hou2 aa3! maan6 maan6 hok6, zoeng1 loi4 jat1 ding6 zou6 dou2 cit3 gai3 si1./		sha256:9b91b6e24dcd2cac0124c1695b20436cad3f617a307a17c952e3f479d092ed3c		GLOSSIKA-YUEHK-A1-DLG-006-20260104-I024	GLOSSIKA-YUEHK-A1-DLG-006-20260104-I026	no_project_match	naturalness_review_candidate				naturalness_review_candidate|reduplicated_manner_maan6maan6|resultative_zou6_dou2|source_turn_translation_not_provided	REQUIRES_EXPERT_CONTEXT_REVIEW
GLOSSIKA-YUEHK-A1-DLG-006-20260104-I026	26	dialog_turn	26	詠思		希望啦！你呢？你有冇做過補習？	/hei1 mong6 laa1! nei5 ne1? nei5 jau5 mou5 zou6 gwo3 bou2 zaap6?/		sha256:7e32d24bae65324430987b1fd72b4d1db867517b679720d6468d39daeae34701		GLOSSIKA-YUEHK-A1-DLG-006-20260104-I025	GLOSSIKA-YUEHK-A1-DLG-006-20260104-I027	no_project_match	naturalness_review_candidate				naturalness_review_candidate|jau5_mou5_experiential_question|ne1_continuation|source_turn_translation_not_provided	REQUIRES_EXPERT_CONTEXT_REVIEW
GLOSSIKA-YUEHK-A1-DLG-006-20260104-I027	27	dialog_turn	27	家豪		有呀！我而家幫小學生補習。	/jau5 aa3! ngo5 ji4 gaa1 bong1 siu2 hok6 saang1 bou2 zaap6./		sha256:cd29ba378fb5d177f5439fc646815745e8d8d86c94d3301fea63ba7db794ec49		GLOSSIKA-YUEHK-A1-DLG-006-20260104-I026	GLOSSIKA-YUEHK-A1-DLG-006-20260104-I028	no_project_match	naturalness_review_candidate				naturalness_review_candidate|benefactive_bong1|tutoring_object|source_turn_translation_not_provided	REQUIRES_EXPERT_CONTEXT_REVIEW
GLOSSIKA-YUEHK-A1-DLG-006-20260104-I028	28	dialog_turn	28	詠思		係咪好難教呀？	/hai6 mai6 hou2 naan4 gaau3 aa3?/		sha256:c0ac34602aef5780792df97b333028277b230e117ff8d6195c6412a3b44193b9		GLOSSIKA-YUEHK-A1-DLG-006-20260104-I027	GLOSSIKA-YUEHK-A1-DLG-006-20260104-I029	no_project_match	new_attestation				hai6_mai6_degree_question|source_turn_translation_not_provided	REQUIRES_EXPERT_CONTEXT_REVIEW
GLOSSIKA-YUEHK-A1-DLG-006-20260104-I029	29	dialog_turn	29	家豪		有時難，但係好有滿足感。	/jau5 si4 naan4, daan6 hai6 hou2 jau5 mun5 zuk1 gam2./		sha256:06d106d39bc7f576848cb857f34c812ab2f580ec667e2f4865d8173eed613351		GLOSSIKA-YUEHK-A1-DLG-006-20260104-I028	GLOSSIKA-YUEHK-A1-DLG-006-20260104-I030	no_project_match	naturalness_review_candidate				naturalness_review_candidate|jau5_si4_temporal|jau5_abstract_possession|source_turn_translation_not_provided	REQUIRES_EXPERT_CONTEXT_REVIEW
GLOSSIKA-YUEHK-A1-DLG-006-20260104-I030	30	dialog_turn	30	詠思		你真係好適合做老師。	/nei5 zan1 hai6 hou2 sik1 hap6 zou6 lou5 si1./		sha256:6b4f869ff1cbf41961902f349ff65bed40806bdddafa4cf6cccd41f0f4935ea8		GLOSSIKA-YUEHK-A1-DLG-006-20260104-I029	GLOSSIKA-YUEHK-A1-DLG-006-20260104-I031	no_project_match	new_attestation				sik1_hap6_complement|source_turn_translation_not_provided	REQUIRES_EXPERT_CONTEXT_REVIEW
GLOSSIKA-YUEHK-A1-DLG-006-20260104-I031	31	dialog_turn	31	家豪		多謝！你將來做設計都一定得㗎！	/do1 ze6! nei5 zoeng1 loi4 zou6 cit3 gai3 dou1 jat1 ding6 dak1 gaa3!/		sha256:016229dac64d434242da5ac7a10a633f4ecdabc21d275188dc91061a1248d763		GLOSSIKA-YUEHK-A1-DLG-006-20260104-I030	GLOSSIKA-YUEHK-A1-DLG-006-20260104-I032	no_project_match	naturalness_review_candidate				naturalness_review_candidate|future_topic|additive_dou1|encouragement_dak1|source_turn_translation_not_provided	REQUIRES_EXPERT_CONTEXT_REVIEW
GLOSSIKA-YUEHK-A1-DLG-006-20260104-I032	32	dialog_turn	32	詠思		希望我哋嘅夢想都會實現。	/hei1 mong6 ngo5 dei6 ge3 mung6 soeng2 dou1 wui5 sat6 jin6./		sha256:5dc1ecbb5ea8506caa3923148df50c6b1701e2ba2bee80a8a2069cae2c3890f2		GLOSSIKA-YUEHK-A1-DLG-006-20260104-I031	GLOSSIKA-YUEHK-A1-DLG-006-20260104-I033	no_project_match	naturalness_review_candidate				naturalness_review_candidate|hope_complement|dreams_dou1|source_turn_translation_not_provided	REQUIRES_EXPERT_CONTEXT_REVIEW
GLOSSIKA-YUEHK-A1-DLG-006-20260104-I033	33	dialog_turn	33	家豪		一定會㗎！最緊要有目標。	/jat1 ding6 wui5 gaa3! zeoi3 gan2 jiu3 jau5 muk6 biu1./		sha256:f0869ad79e321fa87eae3a4ef5b6fed5e603907e7c7991413d82be5bd127486b		GLOSSIKA-YUEHK-A1-DLG-006-20260104-I032	GLOSSIKA-YUEHK-A1-DLG-006-20260104-I034	no_project_match	naturalness_review_candidate				naturalness_review_candidate|modal_wui5_particle_gaa3|superlative_zeoi3|source_turn_translation_not_provided	REQUIRES_EXPERT_CONTEXT_REVIEW
GLOSSIKA-YUEHK-A1-DLG-006-20260104-I034	34	dialog_turn	34	詠思		我今日之後會努力啲㗎喇！	/ngo5 gam1 jat6 zi1 hau6 wui5 nou5 lik6 di1 gaa3 laa3!/		sha256:46245dfbbdd0e5c4106040093fea769e49f2c525facfb38d23dcb84f5f91377b		GLOSSIKA-YUEHK-A1-DLG-006-20260104-I033	GLOSSIKA-YUEHK-A1-DLG-006-20260104-I035	no_project_match	naturalness_review_candidate				naturalness_review_candidate|post_time_zi1hau6|particle_cluster_gaa3_laa3|source_turn_translation_not_provided	REQUIRES_EXPERT_CONTEXT_REVIEW
GLOSSIKA-YUEHK-A1-DLG-006-20260104-I035	35	dialog_turn	35	家豪		好呀！我哋一齊加油！	/hou2 aa3! ngo5 dei6 jat1 cai4 gaa1 jau4!/		sha256:5f3931ac3cdeeb131bef707bb10303c02d7abbc94432f8692a8b0c9172b2e08c		GLOSSIKA-YUEHK-A1-DLG-006-20260104-I034	GLOSSIKA-YUEHK-A1-DLG-006-20260104-I036	no_project_match	new_attestation				source_turn_translation_not_provided	REQUIRES_EXPERT_CONTEXT_REVIEW
GLOSSIKA-YUEHK-A1-DLG-006-20260104-I036	36	dialog_turn	36	詠思		你幾時畢業就做老師？	/nei5 gei2 si4 bat1 jip6 zau6 zou6 lou5 si1?/		sha256:20848e39df60f325cc388c8a66978f1996540006a152bf2ae4091f69f2e3e005		GLOSSIKA-YUEHK-A1-DLG-006-20260104-I035	GLOSSIKA-YUEHK-A1-DLG-006-20260104-I037	no_project_match	naturalness_review_candidate				naturalness_review_candidate|gei2si4_zau6_sequence_question|source_turn_translation_not_provided	REQUIRES_EXPERT_CONTEXT_REVIEW
GLOSSIKA-YUEHK-A1-DLG-006-20260104-I037	37	dialog_turn	37	家豪		畢業之後會搵學校，希望搵到啦。	/bat1 jip6 zi1 hau6 wui5 wan2 hok6 haau6, hei1 mong6 wan2 dou2 laa1./		sha256:d4c63288f0a6795b2da91b227a530ff51e4758c73367b87890613ff8d0ebb197		GLOSSIKA-YUEHK-A1-DLG-006-20260104-I036	GLOSSIKA-YUEHK-A1-DLG-006-20260104-I038	no_project_match	naturalness_review_candidate				naturalness_review_candidate|post_event_zi1hau6|resultative_wan2_dou2|source_turn_translation_not_provided	REQUIRES_EXPERT_CONTEXT_REVIEW
GLOSSIKA-YUEHK-A1-DLG-006-20260104-I038	38	dialog_turn	38	詠思		你咁有心，一定搵到㗎！	/nei5 gam3 jau5 sam1, jat1 ding6 wan2 dou2 gaa3!/		sha256:a8572e6c4b11ce1ebd18ff603844c4b86e6eb0967081a01be68a23935aa62d86		GLOSSIKA-YUEHK-A1-DLG-006-20260104-I037	GLOSSIKA-YUEHK-A1-DLG-006-20260104-I039	no_project_match	naturalness_review_candidate				naturalness_review_candidate|degree_gam3|resultative_wan2_dou2|source_turn_translation_not_provided	REQUIRES_EXPERT_CONTEXT_REVIEW
GLOSSIKA-YUEHK-A1-DLG-006-20260104-I039	39	dialog_turn	39	家豪		多謝你支持我！	/do1 ze6 nei5 zi1 ci4 ngo5!/		sha256:cd624fc46b708e1022f3c75bb1351ee1bb1fcca2f67e3275fd48dab4e4450297		GLOSSIKA-YUEHK-A1-DLG-006-20260104-I038	GLOSSIKA-YUEHK-A1-DLG-006-20260104-I040	no_project_match	new_attestation				source_turn_translation_not_provided	REQUIRES_EXPERT_CONTEXT_REVIEW
GLOSSIKA-YUEHK-A1-DLG-006-20260104-I040	40	dialog_turn	40	詠思		我哋將來都會成功㗎！	/ngo5 dei6 zoeng1 loi4 dou1 wui5 sing4 gung1 gaa3!/		sha256:cbc151909b3b54a71fcbda3a5068a3947dd81c7e364d0c0e5ed41f9145b88cbf		GLOSSIKA-YUEHK-A1-DLG-006-20260104-I039		no_project_match	naturalness_review_candidate				naturalness_review_candidate|future_dou1_wui5|sentence_final_gaa3|source_turn_translation_not_provided	REQUIRES_EXPERT_CONTEXT_REVIEW
GLOSSIKA-YUEHK-A1-DLG-006-20260104-I041	41	lexical_entry			1	將來	zoeng1 loi4	future, in the future	sha256:0d8cf3d8dfd168f92fefb7cf5785d89a3b883c3be3133c90d2e870460a4535f6	true			exact_duplicate_candidate	exact_duplicate			data/pedagogical-corpus/glossika/GLOSSIKA-YUEHK-A1-W18-20260719/crosswalk.json|data/pedagogical-corpus/glossika/GLOSSIKA-YUEHK-A1-W18-20260719/items.tsv|data/pedagogical-corpus/glossika/GLOSSIKA-YUEHK-A1-W18-20260719/review.json|data/pedagogical-corpus/glossika/GLOSSIKA-YUEHK-A1-W18-20260719/source.json|data/research-ledgers/glossika-week18-temporal-lexicon.json|docs/research/GLOSSIKA-YUEHK-A1-W18-20260719-RESEARCH.md		REQUIRES_EXPERT_CONTEXT_REVIEW
GLOSSIKA-YUEHK-A1-DLG-006-20260104-I042	42	lexical_entry			2	想	soeng2	want, wish, think	sha256:ce8bbe5285ef0f64a917caac89680e213860cb0931bb63c8d33289ba22346b35	true			exact_duplicate_candidate	lexical_only_attestation	src/runtime-resources/lexicon/token-lexicon/function-words-and-particles.js	src/parser/clause-relations/graph.js|src/parser/context/descriptors.js|src/parser/detectors/boundaries/needs-context.js|src/parser/detectors/cognition/fragments-content.js|src/parser/detectors/modality/intention-preference.js|src/parser/detectors/questions/a-not-a.js|src/parser/nodes/node-shape.js|src/plugin-entry.js|src/runtime-resources/constructions/runtime-label-registry.js|src/runtime-resources/grammar/predicate-profiles.js|src/runtime-resources/grammar/templates/construction-templates.js|src/runtime-resources/grammar/templates/slot-generation-rules.js|src/runtime-resources/lexicon/compositional-lexical-phrases.js|src/runtime-resources/lexicon/token-lexicon/function-words-and-particles.js|src/runtime-resources/pronunciation/jyutping-review-expectations.js	data/construction-adjudication-batches/batch-08.json|data/construction-adjudication-batches/batch-13.json|data/construction-candidate-readiness.json|data/construction-identities.json|data/pedagogical-corpus/glossika/GLOSSIKA-YUEHK-A1-DLG-002-20251207/crosswalk.json|data/pedagogical-corpus/glossika/GLOSSIKA-YUEHK-A1-DLG-002-20251207/items.tsv|data/pedagogical-corpus/glossika/GLOSSIKA-YUEHK-A1-DLG-002-20251207/review.json|data/pedagogical-corpus/glossika/GLOSSIKA-YUEHK-A1-DLG-002-20251207/source.json|data/pedagogical-corpus/glossika/GLOSSIKA-YUEHK-A1-DLG-004-20251221/README.md|data/pedagogical-corpus/glossika/GLOSSIKA-YUEHK-A1-DLG-004-20251221/source.json|data/pedagogical-corpus/glossika/GLOSSIKA-YUEHK-A1-DLG-005-20251228/crosswalk.json|data/pedagogical-corpus/glossika/GLOSSIKA-YUEHK-A1-DLG-005-20251228/items.tsv|data/pedagogical-corpus/glossika/GLOSSIKA-YUEHK-A1-DLG-005-20251228/review.json|data/pedagogical-corpus/glossika/GLOSSIKA-YUEHK-A1-DLG-005-20251228/source.json|data/pedagogical-corpus/glossika/GLOSSIKA-YUEHK-A1-W16-20260705/items.tsv|data/pedagogical-corpus/glossika/GLOSSIKA-YUEHK-A1-W16-20260705/review.json|data/pedagogical-corpus/glossika/GLOSSIKA-YUEHK-A1-W16-20260705/source.json|data/pedagogical-corpus/glossika/GLOSSIKA-YUEHK-A1-W17-20260712/crosswalk.json|data/pedagogical-corpus/glossika/GLOSSIKA-YUEHK-A1-W17-20260712/items.tsv|data/pedagogical-corpus/glossika/GLOSSIKA-YUEHK-A1-W17-20260712/review.json|data/pedagogical-corpus/glossika/GLOSSIKA-YUEHK-A1-W17-20260712/source.json|data/pedagogical-corpus/glossika/GLOSSIKA-YUEHK-A1-W18-20260719/crosswalk.json|data/pedagogical-corpus/glossika/GLOSSIKA-YUEHK-A1-W18-20260719/items.tsv|data/pedagogical-corpus/glossika/GLOSSIKA-YUEHK-A1-W18-20260719/review.json|data/pedagogical-corpus/glossika/GLOSSIKA-YUEHK-A1-W18-20260719/source.json|data/slot-model.json|docs/research/COGNITION-SPEECH-INTENTION-SOURCE-MAP-CP021B-R31.md|docs/research/CONSTRUCTION-ADJUDICATION-BATCH-08.md|docs/research/CONSTRUCTION-ADJUDICATION-BATCH-13.md|docs/research/CP022-IMPLEMENTATION-BACKLOG-CP021B-R37.tsv|docs/research/EVALUATION-PACKET-BLUEPRINTS-CP021B-R37.json|docs/research/GLOSSIKA-YUEHK-A1-DLG-004-20251221-CORPUS-INGRESS.md|docs/research/GLOSSIKA-YUEHK-A1-DLG-005-20251228-CORPUS-INGRESS.md|docs/research/LANE-07-A-NOT-A-QUESTIONS-SOURCE-MAP-CP021B-R7.md|docs/research/MODAL-DESIDERATIVE-PREFERENCE-SOURCE-MAP-CP021B-R14.md|docs/research/NEGATION-ACCEPTABILITY-OPINION-SCHEDULING-SOURCE-MAP-CP021B-R30.md|docs/research/PARSER-CONSTRUCTION-CANONICAL-CONSOLIDATION-MATRIX-CP021B-R35.tsv|docs/research/PARSER-CONSTRUCTION-INTERNAL-PROVENANCE-REGISTER-CP021B-R37.tsv|docs/research/PARSER-CONSTRUCTION-INTERNAL-PROVENANCE-REGISTER-CP022-I1A-I04-R1.tsv|docs/research/PARSER-CONSTRUCTION-SOURCE-COVERAGE-CP021B-R37.tsv|docs/research/PARSER-CONSTRUCTION-SOURCE-MATRIX-CP021B-R37.tsv|docs/research/PARSER-CONSTRUCTION-SOURCE-REGISTER-CP021B-R37.tsv|docs/research/PRQ2-010-CEOI4ZO2-ZI1NGOI6-EXCLUSION-ADDITION-COLLISION-AUDIT-R1.tsv|docs/research/PRQ2-013-JYU5KEI4-BAT1JYU4-ORDERED-PREFERENCE-COLLISION-AUDIT-R1.tsv|docs/research/PRQ2-035-NING4JYUN6-DOU1-COMMITTED-PREFERENCE-COLLISION-AUDIT-R1.tsv|docs/research/PRQ2-035-NING4JYUN6-DOU1-COMMITTED-PREFERENCE-RESEARCH-R1.md|docs/research/PRQ2-035-NING4JYUN6-DOU1-COMMITTED-PREFERENCE-SOURCE-VERIFICATION-R1.tsv|docs/research/RETIRED-CONSTRUCTION-ARCHIVE-v0.5.186-R1.tsv|docs/research/UC-RQ-018-ALTERNATIVE-QUESTION-RESEARCH-R1.md|docs/research/UC-RQ-025-NULL-ARGUMENT-ZERO-ANAPHORA-COLLISION-AUDIT-R1.tsv|docs/research/UC-RQ-025-NULL-ARGUMENT-ZERO-ANAPHORA-RESEARCH-R1.md|docs/research/UC-RQ-029-ZYU6-DURATIVE-DISPOSITION-R1.md|docs/research/UC-RQ-029-ZYU6-DURATIVE-SOURCE-VERIFICATION-R1.tsv|docs/research/WH-IDENTITY-NAMING-ADDRESS-SOURCE-MAP-CP021B-R20.md|grammar/research_pending/DesiderativeVP.md|grammar/research_pending/DurativeVP.md|grammar/research_pending/FragmentAnswer.md|grammar/research_pending/ModalVP.md|grammar/retired/README.md|grammar/unsupported_generalization/WhClassifierQuestion.md|test-data/a1-context-status-fixture.tsv|test-data/cp021b-lx1-construction-freeze-baseline.json|test-data/native-speaker-naturalness-evidence-v1.json|test-data/native-speaker-naturalness-evidence-v1.tsv|test-data/pre-intermediate-gold-corpus.tsv|test-data/review-only-readiness.tsv|test-data/w17-corpus-semantic-disposition.tsv|test-data/w17-functional-corpus.tsv|test-data/w17-glossika-corpus.tsv|tests/constructions/ClauseRelationGraph.json|tests/constructions/DelimitedVP.json|tests/constructions/DesiderativeVP.json|tests/constructions/DirectionalMotionVP.json|tests/constructions/MalformedCandidate.json|tests/constructions/ModalVP.json|tests/constructions/OvertHeadDemonstrativeClassifierNP.json|tests/constructions/TransitiveVP.json|tests/fixtures/boundary-closure-v1.json|tests/fixtures/regression-snapshots.json		REQUIRES_EXPERT_CONTEXT_REVIEW
GLOSSIKA-YUEHK-A1-DLG-006-20260104-I043	43	lexical_entry			3	做	zou6	do, make, work as	sha256:c627d787a98027b42ecb47477d1716dc69ea9cb168e28f5561656be1562be854	true			exact_duplicate_candidate	lexical_only_attestation	src/runtime-resources/lexicon/token-lexicon/verbs.js	src/parser/detectors/naming/self-introduction.js|src/plugin-entry.js|src/runtime-resources/constructions/runtime-label-registry.js|src/runtime-resources/lexicon/productive-vo.js|src/runtime-resources/lexicon/token-lexicon/verbs.js|src/runtime-resources/presentation/learner-glosses.js	data/construction-adjudication-batches/batch-02.json|data/construction-adjudication-batches/batch-04.json|data/construction-adjudication-batches/batch-08.json|data/construction-adjudication-batches/batch-10.json|data/construction-adjudication-batches/batch-15.json|data/construction-adjudication-batches/batch-16.json|data/construction-candidate-readiness.json|data/construction-identities.json|data/natural-corpus/wechat-father-daughter-001.txt|data/pedagogical-corpus/glossika/GLOSSIKA-YUEHK-A1-DLG-003-20251214/source.json|data/pedagogical-corpus/glossika/GLOSSIKA-YUEHK-A1-DLG-004-20251221/crosswalk.json|data/pedagogical-corpus/glossika/GLOSSIKA-YUEHK-A1-DLG-004-20251221/items.tsv|data/pedagogical-corpus/glossika/GLOSSIKA-YUEHK-A1-DLG-004-20251221/review.json|data/pedagogical-corpus/glossika/GLOSSIKA-YUEHK-A1-DLG-004-20251221/source.json|data/pedagogical-corpus/glossika/GLOSSIKA-YUEHK-A1-DLG-005-20251228/crosswalk.json|data/pedagogical-corpus/glossika/GLOSSIKA-YUEHK-A1-DLG-005-20251228/items.tsv|data/pedagogical-corpus/glossika/GLOSSIKA-YUEHK-A1-DLG-005-20251228/review.json|data/pedagogical-corpus/glossika/GLOSSIKA-YUEHK-A1-DLG-005-20251228/source.json|data/pedagogical-corpus/glossika/GLOSSIKA-YUEHK-A1-W14-20260621/items.tsv|data/pedagogical-corpus/glossika/GLOSSIKA-YUEHK-A1-W14-20260621/review.json|data/pedagogical-corpus/glossika/GLOSSIKA-YUEHK-A1-W14-20260621/source.json|data/pedagogical-corpus/glossika/GLOSSIKA-YUEHK-A1-W16-20260705/items.tsv|data/pedagogical-corpus/glossika/GLOSSIKA-YUEHK-A1-W16-20260705/review.json|data/pedagogical-corpus/glossika/GLOSSIKA-YUEHK-A1-W16-20260705/source.json|data/pedagogical-corpus/glossika/GLOSSIKA-YUEHK-A1-W17-20260712/crosswalk.json|data/pedagogical-corpus/glossika/GLOSSIKA-YUEHK-A1-W17-20260712/items.tsv|data/pedagogical-corpus/glossika/GLOSSIKA-YUEHK-A1-W17-20260712/review.json|data/pedagogical-corpus/glossika/GLOSSIKA-YUEHK-A1-W17-20260712/source.json|data/pedagogical-corpus/glossika/GLOSSIKA-YUEHK-A1-W18-20260719/crosswalk.json|data/pedagogical-corpus/glossika/GLOSSIKA-YUEHK-A1-W18-20260719/items.tsv|data/pedagogical-corpus/glossika/GLOSSIKA-YUEHK-A1-W18-20260719/review.json|data/pedagogical-corpus/glossika/GLOSSIKA-YUEHK-A1-W18-20260719/source.json|data/research-ledgers/glossika-week14-claim-source.json|data/research-ledgers/glossika-week14-followup-candidates.json|data/research-ledgers/glossika-week18-common-verb-audit.json|docs/releases/v0.5.194-speech-transfer-complement-wrapper-audit.json|docs/research/AB30-ZO-M-HKCANCOR-CLAIM-CROSS-REFERENCE-R1.md|docs/research/AB30-ZO-R-HKCANCOR-CLAIM-CROSS-REFERENCE-R2.md|docs/research/CONSTRUCTION-ADJUDICATION-BATCH-02.md|docs/research/CONSTRUCTION-ADJUDICATION-BATCH-04.md|docs/research/CONSTRUCTION-ADJUDICATION-BATCH-15.md|docs/research/CONSTRUCTION-ADJUDICATION-BATCH-16.md|docs/research/CP022-IMPLEMENTATION-BACKLOG-CP021B-R37.tsv|docs/research/CP022-P1-PFV01-D1-RESEARCH-CHECKPOINT.md|docs/research/CP023-P1-PROG01-PREDICATE-COMPATIBILITY-FREEZE-R3.md|docs/research/CP023-P1-PROG01-PREDICATE-COMPATIBILITY-MATRIX-R3.tsv|docs/research/CP024-P0-L45-CODE-REFERENCE-INVENTORY-R1.tsv|docs/research/CP024-P0-L45-PRODUCTIVE-VO-SEED-INVENTORY-R1.tsv|docs/research/CP024-P0-L45-VERB-VALENCY-INVENTORY-R1.tsv|docs/research/CP025-P1-PFV01-EXAMPLE-ADJUDICATION-R1.tsv|docs/research/CP026-P1-RUL01-EXAMPLE-ADJUDICATION-R1.tsv|docs/research/CP026-P1-RUL01-IMPLEMENTATION-PROBE-R1.tsv|docs/research/CP026-P1-RUL01-SOURCE-VERIFICATION-R1.tsv|docs/research/CP026-P1-RUL01-SPEAKER-A-FORM-R1.md|docs/research/CP032-P1-RUL01-CONTRAST-REQUIREMENTS-R1.tsv|docs/research/CP036-P1-RESULT-CHANGE-STATE-WRAPPER-AUDIT-R1.md|docs/research/CP036-P1-RESULT-CHANGE-STATE-WRAPPER-INVENTORY-R1.tsv|docs/research/CP038-P1-SPEECH-TRANSFER-COMPLEMENT-WRAPPER-AUDIT-R1.md|docs/research/CP038-P1-SPEECH-TRANSFER-COMPLEMENT-WRAPPER-INVENTORY-R1.tsv|docs/research/CP040-P1-FINAL-REACHABLE-WRAPPER-AUDIT-R1.md|docs/research/ENVIRONMENTAL-LOCATIVE-FRAMES-SOURCE-MAP-CP021B-R22.md|docs/research/EVALUATION-PACKET-BLUEPRINTS-CP021B-R37.json|docs/research/EXISTENTIAL-POSSESSIVE-AVAILABILITY-SOURCE-MAP-CP021B-R9.md|docs/research/GLOSSIKA-YUEHK-A1-W14-20260621-RESEARCH.md|docs/research/GLOSSIKA-YUEHK-A1-W18-20260719-RESEARCH.md|docs/research/LANE-05-PERFECTIVE-COMPLETION-SOURCE-MAP-CP021B-R6.md|docs/research/LANE-09-SERIAL-PURPOSE-SOURCE-MAP-CP021B-R16.md|docs/research/LEGITIMACY-WORK-LEDGER.md|docs/research/NEGATION-ACCEPTABILITY-OPINION-SCHEDULING-SOURCE-MAP-CP021B-R30.md|docs/research/PARSER-CONSTRUCTION-CANONICAL-CONSOLIDATION-MATRIX-CP021B-R35.tsv|docs/research/PARSER-CONSTRUCTION-INTERNAL-DISPOSITION-MATRIX-CP021B-R34.tsv|docs/research/PARSER-CONSTRUCTION-INTERNAL-PROVENANCE-REGISTER-CP021B-R37.tsv|docs/research/PARSER-CONSTRUCTION-INTERNAL-PROVENANCE-REGISTER-CP022-I1A-I04-R1.tsv|docs/research/PARSER-CONSTRUCTION-SOURCE-COVERAGE-CP021B-R37.tsv|docs/research/PARSER-CONSTRUCTION-SOURCE-MATRIX-CP021B-R37.tsv|docs/research/PARSER-CONSTRUCTION-SOURCE-REGISTER-CP021B-R37.tsv|docs/research/PRQ2-003-JYUT6-SCALAR-PROGRESSION-COLLISION-AUDIT-R1.tsv|docs/research/PRQ2-003-JYUT6-SCALAR-PROGRESSION-SOURCE-VERIFICATION-R1.tsv|docs/research/PRQ2-005-HOI1-HABITUAL-ESTABLISHED-ACTIVITY-COLLISION-AUDIT-R1.tsv|docs/research/PRQ2-005-HOI1-HABITUAL-ESTABLISHED-ACTIVITY-RESEARCH-R1.md|docs/research/PRQ2-005-HOI1-HABITUAL-ESTABLISHED-ACTIVITY-SOURCE-VERIFICATION-R1.tsv|docs/research/PRQ2-006-LOK6HEOI3-CONTINUATIVE-ASPECT-COLLISION-AUDIT-R1.tsv|docs/research/PRQ2-006-LOK6HEOI3-CONTINUATIVE-ASPECT-RESEARCH-R1.md|docs/research/PRQ2-007-HEI2SOENG5LAI4-INCHOATIVE-ASPECT-RESEARCH-R1.md|docs/research/PRQ2-008-ZI2JIU3-ZAU6-SUFFICIENT-CONDITION-COLLISION-AUDIT-R1.tsv|docs/research/PRQ2-009-GEI3JIN4-PREMISE-RESPONSE-COLLISION-AUDIT-R1.tsv|docs/research/PRQ2-009-GEI3JIN4-PREMISE-RESPONSE-RESEARCH-R1.md|docs/research/PRQ2-014-ZI2JAU5-SIN1ZI3-NECESSARY-CONDITION-COLLISION-AUDIT-R1.tsv|docs/research/PRQ2-015-MUI5-GO3GO3-DOU1-DISTRIBUTIVE-QUANTIFICATION-COLLISION-AUDIT-R1.tsv|docs/research/PRQ2-015-MUI5-GO3GO3-DOU1-DISTRIBUTIVE-QUANTIFICATION-RESEARCH-R1.md|docs/research/PRQ2-035-NING4JYUN6-DOU1-COMMITTED-PREFERENCE-COLLISION-AUDIT-R1.tsv|docs/research/reopened-retired-labels/AspectMarkedTransformationPredicate.md|docs/research/RESULT-CHANGE-WRAPPERS-SOURCE-MAP-CP021B-R28.md|docs/research/RETIRED-CONSTRUCTION-ARCHIVE-v0.5.186-R1.tsv|docs/research/survey-derived/HKCanCor/HKCANCOR-SV-RQ-008-010-RESEARCH-NOTE-R1.md|docs/research/survey-derived/HKCanCor/HKCANCOR-SV-RQ-008-010-REVIEWED-RESULTS-R1.json|docs/research/survey-derived/SURVEY-DERIVED-ROUND-1-COVERAGE.md|docs/research/survey-derived/Survey/SURVEY-EXPORT-2026-07-24-1538-AGGREGATE-R2.md|docs/research/survey-derived/SV-RQ-001-007/SV-RQ-001-007-ATTESTATION-REGISTER-R2.json|docs/research/survey-derived/SV-RQ-001-007/SV-RQ-001-007-ROUND-1.md|docs/research/survey-derived/SV-RQ-001-007/SV-RQ-001-007-ROUND-2.md|docs/research/survey-derived/SV-RQ-008/SV-RQ-008-CORPUS-QUERY-PLAN.md|docs/research/survey-derived/SV-RQ-008/SV-RQ-008-FOLLOW-UP-DESIGN.md|docs/research/survey-derived/SV-RQ-009-012/SV-RQ-009-012-ROUND-1.md|docs/research/survey-derived/SV-RQ-009-012/SV-RQ-009-012-SOURCE-LEDGER.json|docs/research/UC-RQ-001-GENERAL-ZOENG1-DISPOSAL-NATURAL-ATTESTATION-R1.tsv|docs/research/UC-RQ-029-ZYU6-DURATIVE-DISPOSITION-R1.md|docs/research/UC-RQ-034-PIVOTAL-CONTROL-COMPLEMENT-FAMILY-COLLISION-AUDIT-R1.tsv|docs/research/UC-RQ-034-PIVOTAL-CONTROL-COMPLEMENT-FAMILY-RESEARCH-R1.md|docs/research/UC-RQ-034-PIVOTAL-CONTROL-COMPLEMENT-FAMILY-SOURCE-VERIFICATION-R1.tsv|docs/research/UC-RQ-039-JAT1BIN1-SIMULTANEOUS-EVENT-CORRELATIVE-RESEARCH-R1.md|docs/research/UC-RQ-039-JAT1BIN1-SIMULTANEOUS-EVENT-CORRELATIVE-SOURCE-VERIFICATION-R1.tsv|docs/research/VJYUNZO-NATIVE-CONFLICT-REASSESSMENT-CP022-P1.md|docs/research/WECHAT-GX-TRAVEL-002-ADJUDICATION-REPORT.md|docs/research/WECHAT-GX-TRAVEL-002-LEXICON-JYUTPING-READINESS-R1.md|docs/research/WH-IDENTITY-NAMING-ADDRESS-SOURCE-MAP-CP021B-R20.md|grammar/research_pending/ChangeIntoPredicate.md|grammar/research_pending/CompletionVP.md|grammar/research_pending/ExistentialWhQuestion.md|grammar/research_pending/LocativePostureVP.md|grammar/research_pending/NamingClause.md|grammar/research_pending/PerfectiveVP.md|grammar/research_pending/ProgressiveVP.md|grammar/research_pending/ResourceUseLaiFunctionRelation.md|grammar/retired/README.md|test-data/cp021b-lx1-construction-freeze-baseline.json|test-data/grammar-claim-source-edges-CP021A.tsv|test-data/grammar-legitimacy-source-register.tsv|test-data/native-naturalness-conflict-dispositions.tsv|test-data/native-speaker-naturalness-evidence-v1.json|test-data/native-speaker-naturalness-evidence-v1.tsv|test-data/natural-corpus-wechat-father-daughter-001-turns.json|test-data/natural-corpus-wechat-father-daughter-001-turns.tsv|test-data/natural-corpus-wechat-father-daughter-001-units.json|test-data/natural-corpus-wechat-father-daughter-001-units.tsv|test-data/natural-corpus-wechat-guangxi-travel-002-raw.txt|test-data/natural-corpus-wechat-guangxi-travel-002-turns.json|test-data/natural-corpus-wechat-guangxi-travel-002-turns.tsv|test-data/natural-corpus-wechat-guangxi-travel-002-units.json|test-data/natural-corpus-wechat-guangxi-travel-002-units.tsv|test-data/pre-intermediate-gold-corpus.tsv|test-data/review-only-readiness.tsv|test-data/w17-corpus-semantic-disposition.tsv|test-data/w17-functional-corpus.tsv|test-data/w17-glossika-corpus.tsv|test-data/WECHAT-GX-TRAVEL-002-ADJUDICATION-MATRIX.json|test-data/WECHAT-GX-TRAVEL-002-ADJUDICATION-MATRIX.tsv|test-data/WECHAT-GX-TRAVEL-002-LEXICON-JYUTPING-READINESS-R1.json|test-data/WECHAT-GX-TRAVEL-002-LEXICON-JYUTPING-READINESS-R1.tsv|test-data/WECHAT-GX-TRAVEL-002-LEXICON-JYUTPING-VERIFICATION-R2.json|test-data/WECHAT-GX-TRAVEL-002-LEXICON-JYUTPING-VERIFICATION-R2.tsv|test-data/WECHAT-GX-TRAVEL-002-QUEUE-G-grammar_research_external_evidence.tsv|test-data/WECHAT-GX-TRAVEL-002-QUEUE-L-lexicon_jyutping_enrichment.tsv|tests/constructions/ANotAQuestion.json|tests/constructions/ChangeIntoPredicate.json|tests/constructions/ClassifierObjectNP.json|tests/constructions/ClauseRelationEdge.json|tests/constructions/ClauseRelationGraph.json|tests/constructions/ClauseRelationMemberSpan.json|tests/constructions/ClauseSpan.json|tests/constructions/CompletionVP.json|tests/constructions/DegreeStativePredicate.json|tests/constructions/ExperientialVP.json|tests/constructions/ExperientialYesNoQuestion.json|tests/constructions/MalformedCandidate.json|tests/constructions/NamingClause.json|tests/constructions/NeedsContext.json|tests/constructions/NegatedVP.json|tests/constructions/NegativePotentialComplement.json|tests/constructions/NominalHeadSpan.json|tests/constructions/PerfectiveVP.json|tests/constructions/PostverbalZoPerfectiveVP.json|tests/constructions/PotentialResultVP.json|tests/constructions/ProductiveVO.json|tests/constructions/ProgressiveVP.json|tests/constructions/QuantifiedPersonNP.json|tests/constructions/ResultComplementVP.json|tests/fixtures/regression-snapshots.json|tests/tooling/corpus-review/test_aa89_hkcancor_profile.py|tests/tooling/corpus-review/test_aa91_hkcancor_profile.py|tests/tooling/lexicon/glossika-week16-runtime-lexicon.test.js		REQUIRES_EXPERT_CONTEXT_REVIEW
GLOSSIKA-YUEHK-A1-DLG-006-20260104-I044	44	lexical_entry			4	乜嘢	mat1 je5	what	sha256:16ed92fefcb9b643a3fbe1ad3c02bd873e8a4b94bd4f13dfb9329340ace8e117	true			exact_duplicate_candidate	lexical_only_attestation	src/runtime-resources/lexicon/token-lexicon/referents-and-boundaries.js	src/parser/detectors/definition/copular-relations.js|src/parser/detectors/existential/clauses.js|src/parser/detectors/questions/wh-scalar.js|src/runtime-resources/lexicon/token-lexicon/referents-and-boundaries.js	docs/research/AB30-ZO-R-HKCANCOR-CLAIM-CROSS-REFERENCE-R2.md|docs/research/CP034-P1-LOW-REFERENCE-WRAPPER-AUDIT-R1.md|docs/research/CP034-P1-LOW-REFERENCE-WRAPPER-INVENTORY-R1.tsv|docs/research/CP061-P1-HIGH-FANOUT-BOUNDARY-CLOSURE-R1.md|docs/research/NEGATION-ACCEPTABILITY-OPINION-SCHEDULING-SOURCE-MAP-CP021B-R30.md|docs/research/PARSER-CONSTRUCTION-SOURCE-MATRIX-CP021B-R37.tsv|docs/research/PRQ2-005-HOI1-HABITUAL-ESTABLISHED-ACTIVITY-COLLISION-AUDIT-R1.tsv|docs/research/PRQ2-005-HOI1-HABITUAL-ESTABLISHED-ACTIVITY-RESEARCH-R1.md|docs/research/PRQ2-015-MUI5-GO3GO3-DOU1-DISTRIBUTIVE-QUANTIFICATION-COLLISION-AUDIT-R1.tsv|docs/research/PRQ2-015-MUI5-GO3GO3-DOU1-DISTRIBUTIVE-QUANTIFICATION-RESEARCH-R1.md|docs/research/UC-RQ-008-WH-INDETERMINATE-COLLISION-AUDIT-R1.tsv|docs/research/UC-RQ-008-WH-INDETERMINATE-CONSTRUCTION-RESEARCH-R1.md|docs/research/UC-RQ-020-WH-DOU1-FREE-CHOICE-DISPOSITION-R1.md|docs/research/WH-IDENTITY-NAMING-ADDRESS-SOURCE-MAP-CP021B-R20.md|grammar/research_pending/NamingClause.md|tests/constructions/DirectionalMotionVP.json		REQUIRES_EXPERT_CONTEXT_REVIEW
GLOSSIKA-YUEHK-A1-DLG-006-20260104-I045	45	lexical_entry			5	工作	gung1 zok3	work, job	sha256:7544af3280a012d1c47bcd9fd925ecb94c5b98dc70d224c0f35c3603b6685509	true			exact_duplicate_candidate	lexical_only_attestation	src/runtime-resources/lexicon/token-lexicon/study-suite.js	src/runtime-resources/lexicon/token-lexicon/study-suite.js	docs/research/PARSER-CONSTRUCTION-SOURCE-MATRIX-CP021B-R37.tsv|docs/research/PRQ2-009-GEI3JIN4-PREMISE-RESPONSE-COLLISION-AUDIT-R1.tsv|tests/constructions/ClauseRelationGraph.json		REQUIRES_EXPERT_CONTEXT_REVIEW
GLOSSIKA-YUEHK-A1-DLG-006-20260104-I046	46	lexical_entry			6	都	dou1	also, all, even	sha256:d9b87f32bd10c88dd8260de6d6066d3ceb8b4edf94724583a814e83dbceaf8fd	true			exact_duplicate_candidate	lexical_only_attestation	src/runtime-resources/lexicon/token-lexicon/function-words-and-particles.js	src/parser/clause-relations/graph.js|src/parser/context/descriptors.js|src/parser/detectors/acceptability/clauses.js|src/parser/detectors/coverbs/frames.js|src/parser/detectors/existential/clauses.js|src/parser/features/token-features.js|src/plugin-entry.js|src/runtime-resources/constructions/runtime-label-registry.js|src/runtime-resources/grammar/templates/construction-templates.js|src/runtime-resources/grammar/templates/slot-generation-rules.js|src/runtime-resources/lexicon/compositional-lexical-phrases.js|src/runtime-resources/lexicon/token-lexicon/function-words-and-particles.js|src/runtime-resources/pronunciation/jyutping-review-expectations.js	data/construction-adjudication-batches/batch-05.json|data/construction-adjudication-batches/batch-15.json|data/construction-candidate-readiness.json|data/construction-identities.json|data/natural-corpus/wechat-father-daughter-001.txt|data/pedagogical-corpus/glossika/GLOSSIKA-YUEHK-A1-DLG-002-20251207/crosswalk.json|data/pedagogical-corpus/glossika/GLOSSIKA-YUEHK-A1-DLG-002-20251207/items.tsv|data/pedagogical-corpus/glossika/GLOSSIKA-YUEHK-A1-DLG-002-20251207/review.json|data/pedagogical-corpus/glossika/GLOSSIKA-YUEHK-A1-DLG-002-20251207/source.json|data/pedagogical-corpus/glossika/GLOSSIKA-YUEHK-A1-DLG-003-20251214/crosswalk.json|data/pedagogical-corpus/glossika/GLOSSIKA-YUEHK-A1-DLG-003-20251214/items.tsv|data/pedagogical-corpus/glossika/GLOSSIKA-YUEHK-A1-DLG-003-20251214/review.json|data/pedagogical-corpus/glossika/GLOSSIKA-YUEHK-A1-DLG-003-20251214/source.json|data/pedagogical-corpus/glossika/GLOSSIKA-YUEHK-A1-DLG-004-20251221/crosswalk.json|data/pedagogical-corpus/glossika/GLOSSIKA-YUEHK-A1-DLG-004-20251221/items.tsv|data/pedagogical-corpus/glossika/GLOSSIKA-YUEHK-A1-DLG-004-20251221/review.json|data/pedagogical-corpus/glossika/GLOSSIKA-YUEHK-A1-DLG-004-20251221/source.json|data/pedagogical-corpus/glossika/GLOSSIKA-YUEHK-A1-DLG-005-20251228/crosswalk.json|data/pedagogical-corpus/glossika/GLOSSIKA-YUEHK-A1-DLG-005-20251228/items.tsv|data/pedagogical-corpus/glossika/GLOSSIKA-YUEHK-A1-DLG-005-20251228/review.json|data/pedagogical-corpus/glossika/GLOSSIKA-YUEHK-A1-DLG-005-20251228/source.json|data/pedagogical-corpus/glossika/GLOSSIKA-YUEHK-A1-W16-20260705/items.tsv|data/pedagogical-corpus/glossika/GLOSSIKA-YUEHK-A1-W16-20260705/review.json|data/pedagogical-corpus/glossika/GLOSSIKA-YUEHK-A1-W16-20260705/source.json|data/pedagogical-corpus/glossika/GLOSSIKA-YUEHK-A1-W17-20260712/crosswalk.json|data/pedagogical-corpus/glossika/GLOSSIKA-YUEHK-A1-W17-20260712/items.tsv|data/pedagogical-corpus/glossika/GLOSSIKA-YUEHK-A1-W17-20260712/review.json|data/pedagogical-corpus/glossika/GLOSSIKA-YUEHK-A1-W17-20260712/source.json|docs/releases/v0.5.195-evaluation-scalar-question-wrapper-audit.json|docs/releases/v0.5.210-scalar-evaluation-reconciliation-audit.json|docs/research/CANONICAL-TARGET-ONTOLOGY-CP021B-R35.tsv|docs/research/COMPLEMENT-OMISSION-AND-VALENCY-SOURCE-MAP-CP021B-R26.md|docs/research/CONSTRUCTION-ADJUDICATION-BATCH-05.md|docs/research/CONSTRUCTION-ADJUDICATION-BATCH-15.md|docs/research/CP023-P1-PROG01-NATURAL-ATTESTATION-ADJUDICATION.md|docs/research/CP023-P1-PROG01-REMEDIATION-DEPENDENCIES-R2.tsv|docs/research/CP025-P1-PFV01-EXAMPLE-ADJUDICATION-R1.tsv|docs/research/CP025-P1-PFV01-SPEAKER-A-RAW-R2.md|docs/research/CP026-P1-RUL01-SOURCE-VERIFICATION-R1.tsv|docs/research/CP036-P1-RESULT-CHANGE-STATE-WRAPPER-AUDIT-R1.md|docs/research/CP039-P1-EVALUATION-SCALAR-QUESTION-WRAPPER-AUDIT-R1.md|docs/research/CP039-P1-EVALUATION-SCALAR-QUESTION-WRAPPER-INVENTORY-R1.tsv|docs/research/CP047-P1-DEGREE-MODIFIED-LEXICAL-STATIVE-RECONCILIATION-R1.md|docs/research/CP051-P1-COPULAR-ANOTA-RECONCILIATION-R1.md|docs/research/CP053-P1-EVALUATION-WITH-DOU-SYUN-EXTERNAL-EVIDENCE-R1.md|docs/research/CP054-P1-SCALAR-EVALUATION-RECONCILIATION-R1.md|docs/research/EVALUATION-PACKET-BLUEPRINTS-CP021B-R37.json|docs/research/GLOSSIKA-YUEHK-A1-DLG-005-20251228-CORPUS-INGRESS.md|docs/research/LANE-07-A-NOT-A-QUESTIONS-SOURCE-MAP-CP021B-R7.md|docs/research/NATIVE-CORPUS-WECHAT-GUANGXI-TRAVEL-002.md|docs/research/NEGATION-ACCEPTABILITY-OPINION-SCHEDULING-SOURCE-MAP-CP021B-R30.md|docs/research/PARSER-CONSTRUCTION-CANONICAL-CONSOLIDATION-MATRIX-CP021B-R35.tsv|docs/research/PARSER-CONSTRUCTION-SOURCE-MATRIX-CP021B-R37.tsv|docs/research/PARSER-CONSTRUCTION-SOURCE-REGISTER-CP021B-R37.tsv|docs/research/PRQ2-007-HEI2SOENG5LAI4-INCHOATIVE-ASPECT-COLLISION-AUDIT-R1.tsv|docs/research/PRQ2-007-HEI2SOENG5LAI4-INCHOATIVE-ASPECT-RESEARCH-R1.md|docs/research/PRQ2-008-ZI2JIU3-ZAU6-SUFFICIENT-CONDITION-COLLISION-AUDIT-R1.tsv|docs/research/PRQ2-008-ZI2JIU3-ZAU6-SUFFICIENT-CONDITION-RESEARCH-R1.md|docs/research/PRQ2-008-ZI2JIU3-ZAU6-SUFFICIENT-CONDITION-SOURCE-VERIFICATION-R1.tsv|docs/research/PRQ2-009-GEI3JIN4-PREMISE-RESPONSE-COLLISION-AUDIT-R1.tsv|docs/research/PRQ2-010-CEOI4ZO2-ZI1NGOI6-EXCLUSION-ADDITION-COLLISION-AUDIT-R1.tsv|docs/research/PRQ2-010-CEOI4ZO2-ZI1NGOI6-EXCLUSION-ADDITION-RESEARCH-R1.md|docs/research/PRQ2-010-CEOI4ZO2-ZI1NGOI6-EXCLUSION-ADDITION-SOURCE-VERIFICATION-R1.tsv|docs/research/PRQ2-013-JYU5KEI4-BAT1JYU4-ORDERED-PREFERENCE-COLLISION-AUDIT-R1.tsv|docs/research/PRQ2-013-JYU5KEI4-BAT1JYU4-ORDERED-PREFERENCE-RESEARCH-R1.md|docs/research/PRQ2-015-MUI5-GO3GO3-DOU1-DISTRIBUTIVE-QUANTIFICATION-COLLISION-AUDIT-R1.tsv|docs/research/PRQ2-015-MUI5-GO3GO3-DOU1-DISTRIBUTIVE-QUANTIFICATION-RESEARCH-R1.md|docs/research/PRQ2-015-MUI5-GO3GO3-DOU1-DISTRIBUTIVE-QUANTIFICATION-SOURCE-VERIFICATION-R1.tsv|docs/research/PRQ2-034-MOU4LEON6-DOU1-UNCONDITIONAL-COLLISION-AUDIT-R1.tsv|docs/research/PRQ2-034-MOU4LEON6-DOU1-UNCONDITIONAL-RESEARCH-R1.md|docs/research/PRQ2-034-MOU4LEON6-DOU1-UNCONDITIONAL-SOURCE-VERIFICATION-R1.tsv|docs/research/PRQ2-035-NING4JYUN6-DOU1-COMMITTED-PREFERENCE-COLLISION-AUDIT-R1.tsv|docs/research/PRQ2-035-NING4JYUN6-DOU1-COMMITTED-PREFERENCE-RESEARCH-R1.md|docs/research/PRQ2-035-NING4JYUN6-DOU1-COMMITTED-PREFERENCE-SOURCE-VERIFICATION-R1.tsv|docs/research/QUANTITY-SCALAR-ACTION-BOUNDARIES-SOURCE-MAP-CP021B-R29.md|docs/research/reopened-retired-labels/DouSyunScalarEvaluation.md|docs/research/RESEARCH-PROVENANCE-REPAIR-PLAN-R1.md|docs/research/RESULT-CHANGE-WRAPPERS-SOURCE-MAP-CP021B-R28.md|docs/research/RETIRED-CONSTRUCTION-ARCHIVE-v0.5.186-R1.tsv|docs/research/survey-derived/HKCanCor/HKCANCOR-SV-RQ-008-010-REVIEWED-RESULTS-R1.json|docs/research/survey-derived/SV-RQ-001-007/SV-RQ-001-007-ROUND-2.md|docs/research/UC-RQ-001-GENERAL-ZOENG1-DISPOSAL-NATURAL-ATTESTATION-R1.tsv|docs/research/UC-RQ-001-GENERAL-ZOENG1-DISPOSAL-RESEARCH-R1.md|docs/research/UC-RQ-004-005-COMPARISON-HKCANCOR-ATTESTATION-R1.md|docs/research/UC-RQ-007-VERB-COPY-FOCUS-COLLISION-AUDIT-R1.tsv|docs/research/UC-RQ-007-VERB-COPY-FOCUS-CONSTRUCTION-RESEARCH-R1.md|docs/research/UC-RQ-008-WH-INDETERMINATE-COLLISION-AUDIT-R1.tsv|docs/research/UC-RQ-008-WH-INDETERMINATE-CONSTRUCTION-RESEARCH-R1.md|docs/research/UC-RQ-008-WH-INDETERMINATE-SOURCE-VERIFICATION-R1.tsv|docs/research/UC-RQ-014-015-SEPARABLE-COMPOUND-HKCANCOR-ATTESTATION-R1.md|docs/research/UC-RQ-016-HAI6-GE3-CLEFT-FOCUS-RESEARCH-R1.md|docs/research/UC-RQ-017-LIN4-DOU1-EVEN-FOCUS-RESEARCH-R1.md|docs/research/UC-RQ-017-LIN4-DOU1-EVEN-FOCUS-SOURCE-VERIFICATION-R1.tsv|docs/research/UC-RQ-020-WH-DOU1-FREE-CHOICE-DISPOSITION-R1.md|docs/research/UC-RQ-020-WH-DOU1-FREE-CHOICE-SOURCE-VERIFICATION-R1.tsv|docs/research/UC-RQ-021-NEGATIVE-POLARITY-MINIMIZER-RESEARCH-R1.md|docs/research/UC-RQ-021-NEGATIVE-POLARITY-MINIMIZER-SOURCE-VERIFICATION-R1.tsv|docs/research/UC-RQ-025-NULL-ARGUMENT-ZERO-ANAPHORA-COLLISION-AUDIT-R1.tsv|docs/research/UC-RQ-030-SAAI3-TOTALITY-QUANTIFICATION-RESEARCH-R1.md|docs/research/UC-RQ-030-SAAI3-TOTALITY-QUANTIFICATION-SOURCE-VERIFICATION-R1.tsv|docs/research/UC-RQ-033-DAK1-POSTVERBAL-CONSTRUCTION-CONTRAST-COLLISION-AUDIT-R1.tsv|docs/research/UC-RQ-033-DAK1-POSTVERBAL-CONSTRUCTION-CONTRAST-RESEARCH-R1.md|docs/research/UC-RQ-036-SEOI1JIN4-DAAN6HAI6-CONCESSIVE-RESEARCH-R1.md|docs/research/UC-RQ-037-ZAU6SYUN3-DOU1-SCALAR-CONCESSIVE-COLLISION-AUDIT-R1.tsv|docs/research/UC-RQ-037-ZAU6SYUN3-DOU1-SCALAR-CONCESSIVE-RESEARCH-R1.md|docs/research/UC-RQ-037-ZAU6SYUN3-DOU1-SCALAR-CONCESSIVE-SOURCE-VERIFICATION-R1.tsv|grammar/research_pending/DegreeModifiedLexicalStative.md|grammar/research_pending/ResourceUseLaiFunctionRelation.md|grammar/research_pending/ScalarEvaluation.md|grammar/retired/README.md|grammar/unsupported_generalization/AcceptabilityClause.md|grammar/unsupported_generalization/CopularANotAQuestion.md|grammar/unsupported_generalization/OrdinalClassifierNP.md|test-data/cp021b-lx1-construction-freeze-baseline.json|test-data/CP023-P1-PROG01-visible-research-packet.tsv|test-data/grammar-claim-source-edges-CP021A.tsv|test-data/grammar-legitimacy-source-register.tsv|test-data/grammar-source-locators-CP021A.tsv|test-data/native-speaker-naturalness-evidence-v1.json|test-data/native-speaker-naturalness-evidence-v1.tsv|test-data/natural-corpus-wechat-father-daughter-001-turns.json|test-data/natural-corpus-wechat-father-daughter-001-turns.tsv|test-data/natural-corpus-wechat-father-daughter-001-units.json|test-data/natural-corpus-wechat-father-daughter-001-units.tsv|test-data/natural-corpus-wechat-guangxi-travel-002-raw.txt|test-data/natural-corpus-wechat-guangxi-travel-002-turns.json|test-data/natural-corpus-wechat-guangxi-travel-002-turns.tsv|test-data/natural-corpus-wechat-guangxi-travel-002-units.json|test-data/natural-corpus-wechat-guangxi-travel-002-units.tsv|test-data/review-only-readiness.tsv|test-data/w17-corpus-semantic-disposition.tsv|test-data/w17-functional-corpus.tsv|test-data/w17-glossika-corpus.tsv|test-data/WECHAT-GX-TRAVEL-002-ADJUDICATION-MATRIX.json|test-data/WECHAT-GX-TRAVEL-002-ADJUDICATION-MATRIX.tsv|test-data/WECHAT-GX-TRAVEL-002-QUEUE-D-context_disfluency_research.tsv|test-data/WECHAT-GX-TRAVEL-002-QUEUE-G-grammar_research_external_evidence.tsv|test-data/WECHAT-GX-TRAVEL-002-QUEUE-L-lexicon_jyutping_enrichment.tsv|tests/constructions/AcceptabilityClause.json|tests/constructions/ClauseRelationGraph.json|tests/constructions/ClauseSpan.json|tests/constructions/ComplementEllipsisFragment.json|tests/constructions/CopularANotAQuestion.json|tests/constructions/DegreeStativePredicate.json|tests/constructions/ExistentialClause.json|tests/constructions/ModalVP.json|tests/constructions/MotionGoalVP.json|tests/constructions/NeedsContext.json|tests/constructions/NegatedExistentialFragment.json|tests/constructions/OpinionStanceFrame.json|tests/constructions/OvertHeadDemonstrativeClassifierNP.json|tests/constructions/PerfectiveVP.json|tests/constructions/PostverbalZoPerfectiveVP.json|tests/constructions/QuantifiedClassifierNP.json|tests/constructions/QuantifiedPersonNP.json|tests/constructions/ScalarEvaluation.json|tests/fixtures/regression-snapshots.json	polyfunction_gloss_review	REQUIRES_EXPERT_CONTEXT_REVIEW
GLOSSIKA-YUEHK-A1-DLG-006-20260104-I047	47	lexical_entry			7	唔係好	m4 hai6 hou2	not very	sha256:6c7e293a4f1b3e64fd21bb694a4a8a22cbb34b9f0179af9e940ea61244993c0f	true			normalized_duplicate_candidate	normalized_duplicate					REQUIRES_EXPERT_CONTEXT_REVIEW
GLOSSIKA-YUEHK-A1-DLG-006-20260104-I048	48	lexical_entry			8	肯定	hang2 ding6	certain, sure	sha256:6303b10dae84c9bafa0eda2882c833d8465cbf7e07ec1629ccf83dba050b8b07	true			exact_duplicate_candidate	lexical_only_attestation	src/runtime-resources/lexicon/token-lexicon/study-suite.js	src/runtime-resources/lexicon/token-lexicon/study-suite.js	data/natural-corpus/wechat-father-daughter-001.txt|test-data/natural-corpus-wechat-father-daughter-001-turns.json|test-data/natural-corpus-wechat-father-daughter-001-turns.tsv|test-data/natural-corpus-wechat-father-daughter-001-units.json|test-data/natural-corpus-wechat-father-daughter-001-units.tsv		REQUIRES_EXPERT_CONTEXT_REVIEW
GLOSSIKA-YUEHK-A1-DLG-006-20260104-I049	49	lexical_entry			9	呢	ne1	[question particle]	sha256:1c11e181647577f8d634071f87a0987263697ba9d58217cfd9562b12389b106d	true			exact_duplicate_candidate	lexical_only_attestation	src/runtime-resources/lexicon/token-lexicon/degree-and-formulas.js	src/parser/context/descriptors.js|src/parser/detectors/boundaries/fragments.js|src/parser/detectors/definition/intended-function.js|src/parser/detectors/np/core.js|src/parser/detectors/np/token-splits.js|src/parser/features/token-features.js|src/parser/nodes/node-shape.js|src/parser/terminal/questions/question-fallbacks.js|src/parser/tokenization/contextual-overrides.js|src/plugin-entry.js|src/render/learner-display.js|src/runtime-resources/grammar/templates/slot-generation-rules.js|src/runtime-resources/lexicon/compositional-lexical-phrases.js|src/runtime-resources/lexicon/token-lexicon/degree-and-formulas.js|src/runtime-resources/lexicon/token-lexicon/referents-and-boundaries.js|src/runtime-resources/lexicon/token-lexicon/study-suite.js|src/runtime-resources/presentation/learner-glosses.js	data/construction-adjudication-batches/batch-04.json|data/construction-adjudication-batches/batch-06.json|data/construction-adjudication-batches/batch-10.json|data/construction-identities.json|data/natural-corpus/wechat-father-daughter-001.txt|data/pedagogical-corpus/glossika/GLOSSIKA-YUEHK-A1-DLG-002-20251207/crosswalk.json|data/pedagogical-corpus/glossika/GLOSSIKA-YUEHK-A1-DLG-002-20251207/items.tsv|data/pedagogical-corpus/glossika/GLOSSIKA-YUEHK-A1-DLG-002-20251207/review.json|data/pedagogical-corpus/glossika/GLOSSIKA-YUEHK-A1-DLG-002-20251207/source.json|data/pedagogical-corpus/glossika/GLOSSIKA-YUEHK-A1-DLG-003-20251214/crosswalk.json|data/pedagogical-corpus/glossika/GLOSSIKA-YUEHK-A1-DLG-003-20251214/items.tsv|data/pedagogical-corpus/glossika/GLOSSIKA-YUEHK-A1-DLG-003-20251214/review.json|data/pedagogical-corpus/glossika/GLOSSIKA-YUEHK-A1-DLG-003-20251214/source.json|data/pedagogical-corpus/glossika/GLOSSIKA-YUEHK-A1-DLG-005-20251228/crosswalk.json|data/pedagogical-corpus/glossika/GLOSSIKA-YUEHK-A1-DLG-005-20251228/items.tsv|data/pedagogical-corpus/glossika/GLOSSIKA-YUEHK-A1-DLG-005-20251228/review.json|data/pedagogical-corpus/glossika/GLOSSIKA-YUEHK-A1-DLG-005-20251228/source.json|data/pedagogical-corpus/glossika/GLOSSIKA-YUEHK-A1-W14-20260621/items.tsv|data/pedagogical-corpus/glossika/GLOSSIKA-YUEHK-A1-W14-20260621/review.json|data/pedagogical-corpus/glossika/GLOSSIKA-YUEHK-A1-W14-20260621/source.json|data/pedagogical-corpus/glossika/GLOSSIKA-YUEHK-A1-W16-20260705/items.tsv|data/pedagogical-corpus/glossika/GLOSSIKA-YUEHK-A1-W16-20260705/review.json|data/pedagogical-corpus/glossika/GLOSSIKA-YUEHK-A1-W16-20260705/source.json|data/pedagogical-corpus/glossika/GLOSSIKA-YUEHK-A1-W17-20260712/crosswalk.json|data/pedagogical-corpus/glossika/GLOSSIKA-YUEHK-A1-W17-20260712/items.tsv|data/pedagogical-corpus/glossika/GLOSSIKA-YUEHK-A1-W17-20260712/review.json|data/pedagogical-corpus/glossika/GLOSSIKA-YUEHK-A1-W17-20260712/source.json|data/pedagogical-corpus/glossika/GLOSSIKA-YUEHK-A1-W18-20260719/crosswalk.json|data/pedagogical-corpus/glossika/GLOSSIKA-YUEHK-A1-W18-20260719/items.tsv|data/pedagogical-corpus/glossika/GLOSSIKA-YUEHK-A1-W18-20260719/review.json|data/pedagogical-corpus/glossika/GLOSSIKA-YUEHK-A1-W18-20260719/source.json|data/pedagogical-corpus/glossika/GLOSSIKA-YUEHK-A1-W19-20260726/crosswalk.json|data/pedagogical-corpus/glossika/GLOSSIKA-YUEHK-A1-W19-20260726/items.tsv|data/pedagogical-corpus/glossika/GLOSSIKA-YUEHK-A1-W19-20260726/review.json|data/pedagogical-corpus/glossika/GLOSSIKA-YUEHK-A1-W19-20260726/source.json|data/research-ledgers/glossika-week19-followup-candidates.json|data/slot-model.json|docs/releases/v0.5.186-active-reaudit-closure-audit.json|docs/releases/v0.5.209-scalar-range-fragment-retirement-audit.json|docs/releases/v0.5.213-negated-stative-predicate-reconciliation-audit.json|docs/research/CONSTRUCTION-ADJUDICATION-BATCH-02.md|docs/research/CONSTRUCTION-ADJUDICATION-BATCH-04.md|docs/research/CONSTRUCTION-ADJUDICATION-BATCH-06.md|docs/research/CONSTRUCTION-ADJUDICATION-BATCH-10.md|docs/research/CP022-IMPLEMENTATION-BACKLOG-CP021B-R37.tsv|docs/research/CP023-P1-PROG01-CLAIM-SOURCE-EDGES.tsv|docs/research/CP023-P1-PROG01-NATURAL-ATTESTATION-ADJUDICATION.md|docs/research/CP023-P1-PROG01-PREDICATE-COMPATIBILITY-MATRIX-R3.tsv|docs/research/CP023-P1-PROG01-REMEDIATION-DEPENDENCIES-R2.tsv|docs/research/CP025-P1-PFV01-CODE-DOCUMENT-COMPARISON-R1.tsv|docs/research/CP025-P1-PFV01-EXAMPLE-ADJUDICATION-R1.tsv|docs/research/CP025-P1-PFV01-IMPLEMENTATION-PROBE-R1.tsv|docs/research/CP025-P1-PFV01-R1-REAUDIT-CHECKPOINT.md|docs/research/CP025-P1-PFV01-SPEAKER-A-RAW-R2.md|docs/research/CP025-P1-PFV01-SPEAKER-A-RESULT-R2.tsv|docs/research/CP026-P1-RUL01-CODE-DOCUMENT-COMPARISON-R1.tsv|docs/research/CP026-P1-RUL01-EXAMPLE-ADJUDICATION-R1.tsv|docs/research/CP026-P1-RUL01-IMPLEMENTATION-PROBE-R1.tsv|docs/research/CP026-P1-RUL01-PUBLIC-PANEL-R1-RESULT.md|docs/research/CP026-P1-RUL01-R1-REAUDIT-CHECKPOINT.md|docs/research/CP026-P1-RUL01-SOURCE-VERIFICATION-R1.tsv|docs/research/CP026-P1-RUL01-SPEAKER-A-FORM-R1.md|docs/research/CP029-P1-PFV01-BOUNDARY-INVENTORY-R1.tsv|docs/research/CP029-P1-PFV01-PUBLIC-PANEL-R1-RESULT.md|docs/research/CP032-P1-RUL01-CONTRAST-REQUIREMENTS-R1.tsv|docs/research/CP032-P1-RUL01-SURVEY-READINESS-R1.md|docs/research/CP035-P1-EXPERIENTIAL-DELIMITED-WRAPPER-AUDIT-R1.md|docs/research/CP036-P1-RESULT-CHANGE-STATE-WRAPPER-AUDIT-R1.md|docs/research/CP037-P1-NOMINAL-WRAPPER-AUDIT-R1.md|docs/research/CP039-P1-EVALUATION-SCALAR-QUESTION-WRAPPER-AUDIT-R1.md|docs/research/CP040-P1-FINAL-REACHABLE-WRAPPER-AUDIT-R1.md|docs/research/CP052-P1-SCALAR-RANGE-FRAGMENT-RETIREMENT-R1.md|docs/research/CP056-P1-NEGATED-LEXICALIZED-STATIVE-RETIREMENT-R1.md|docs/research/CP057-P1-NEGATED-STATIVE-PREDICATE-RECONCILIATION-R1.md|docs/research/CP061-P1-HIGH-FANOUT-BOUNDARY-CLOSURE-R1.md|docs/research/EVALUATION-PACKET-BLUEPRINTS-CP021B-R37.json|docs/research/FINAL-LANGUAGE-LABEL-COVERAGE-SOURCE-MAP-CP021B-R33.md|docs/research/GLOSSIKA-YUEHK-A1-W14-20260621-RESEARCH.md|docs/research/GLOSSIKA-YUEHK-A1-W19-20260726-RESEARCH.md|docs/research/LANE-03-FRAGMENTS-DISCOURSE-SOURCE-MAP-CP021B-R17.md|docs/research/LANE-03-RESIDUAL-FRAGMENT-SUBTYPES-SOURCE-MAP-CP021B-R18.md|docs/research/LANE-06-CLASSIFIER-NP-SOURCE-MAP-CP021B-R5.md|docs/research/LANE-09-DIRECTIONAL-MOTION-SOURCE-MAP-CP021B-R3.md|docs/research/PARSER-CONSTRUCTION-CANONICAL-CONSOLIDATION-MATRIX-CP021B-R35.tsv|docs/research/PARSER-CONSTRUCTION-INTERNAL-DISPOSITION-MATRIX-CP021B-R34.tsv|docs/research/PARSER-CONSTRUCTION-SOURCE-COVERAGE-CP021B-R37.tsv|docs/research/PARSER-CONSTRUCTION-SOURCE-MATRIX-CP021B-R37.tsv|docs/research/PARSER-CONSTRUCTION-SOURCE-REGISTER-CP021B-R37.tsv|docs/research/PRQ2-001-YAU5-MOU5-DAK1-AVAILABILITY-COLLISION-AUDIT-R1.tsv|docs/research/PRQ2-001-YAU5-MOU5-DAK1-AVAILABILITY-RESEARCH-R1.md|docs/research/PRQ2-003-JYUT6-SCALAR-PROGRESSION-COLLISION-AUDIT-R1.tsv|docs/research/PRQ2-003-JYUT6-SCALAR-PROGRESSION-RESEARCH-R1.md|docs/research/PRQ2-003-JYUT6-SCALAR-PROGRESSION-SOURCE-VERIFICATION-R1.tsv|docs/research/PRQ2-004-CAA1DI1-NEAR-MISS-COLLISION-AUDIT-R1.tsv|docs/research/PRQ2-004-CAA1DI1-NEAR-MISS-RESEARCH-R1.md|docs/research/PRQ2-005-HOI1-HABITUAL-ESTABLISHED-ACTIVITY-COLLISION-AUDIT-R1.tsv|docs/research/PRQ2-005-HOI1-HABITUAL-ESTABLISHED-ACTIVITY-RESEARCH-R1.md|docs/research/PRQ2-005-HOI1-HABITUAL-ESTABLISHED-ACTIVITY-SOURCE-VERIFICATION-R1.tsv|docs/research/PRQ2-006-LOK6HEOI3-CONTINUATIVE-ASPECT-COLLISION-AUDIT-R1.tsv|docs/research/PRQ2-006-LOK6HEOI3-CONTINUATIVE-ASPECT-RESEARCH-R1.md|docs/research/PRQ2-007-HEI2SOENG5LAI4-INCHOATIVE-ASPECT-COLLISION-AUDIT-R1.tsv|docs/research/PRQ2-007-HEI2SOENG5LAI4-INCHOATIVE-ASPECT-RESEARCH-R1.md|docs/research/PRQ2-008-ZI2JIU3-ZAU6-SUFFICIENT-CONDITION-COLLISION-AUDIT-R1.tsv|docs/research/PRQ2-010-CEOI4ZO2-ZI1NGOI6-EXCLUSION-ADDITION-COLLISION-AUDIT-R1.tsv|docs/research/PRQ2-012-JAT1HAI6-EXCLUSIVE-ALTERNATIVE-SOURCE-VERIFICATION-R1.tsv|docs/research/PRQ2-014-ZI2JAU5-SIN1ZI3-NECESSARY-CONDITION-COLLISION-AUDIT-R1.tsv|docs/research/PRQ2-033-JAU6-JAU6-COEXISTENT-PREDICATE-COLLISION-AUDIT-R1.tsv|docs/research/reopened-retired-labels/IdentityWhQuestion.md|docs/research/RESULT-CHANGE-WRAPPERS-SOURCE-MAP-CP021B-R28.md|docs/research/survey-derived/Follow-Up/FOLLOW-UP-THREE-STUDY-EXECUTION-PLAN-R1.md|docs/research/survey-derived/HKCanCor/HKCANCOR-SV-RQ-008-010-RESEARCH-NOTE-R1.md|docs/research/survey-derived/HKCanCor/HKCANCOR-SV-RQ-008-010-REVIEWED-RESULTS-R1.json|docs/research/survey-derived/SV-RQ-001-007/SV-RQ-001-007-ATTESTATION-REGISTER-R2.json|docs/research/survey-derived/SV-RQ-001-007/SV-RQ-001-007-ROUND-1.md|docs/research/survey-derived/SV-RQ-001-007/SV-RQ-001-007-ROUND-2.md|docs/research/UC-RQ-001-GENERAL-ZOENG1-DISPOSAL-NATURAL-ATTESTATION-R1.tsv|docs/research/UC-RQ-001-GENERAL-ZOENG1-DISPOSAL-RESEARCH-R1.md|docs/research/UC-RQ-025-NULL-ARGUMENT-ZERO-ANAPHORA-COLLISION-AUDIT-R1.tsv|docs/research/UC-RQ-025-NULL-ARGUMENT-ZERO-ANAPHORA-RESEARCH-R1.md|docs/research/UC-RQ-026-DI1-DEGREE-COLLISION-AUDIT-R1.tsv|docs/research/UC-RQ-026-DI1-DEGREE-DISPOSITION-R1.md|docs/research/UC-RQ-029-ZYU6-DURATIVE-DISPOSITION-R1.md|docs/research/UC-RQ-036-SEOI1JIN4-DAAN6HAI6-CONCESSIVE-RESEARCH-R1.md|docs/research/v0.5.181-RENDER-CORRECTION-CUP-AND-LAI.md|docs/research/v0.5.181-RESOURCE-USE-LAI-SOURCE-MAP.md|docs/research/v0.5.182-RESOURCE-USE-LAI-NATURAL-ATTESTATION-ADJUDICATION.md|docs/research/WH-IDENTITY-NAMING-ADDRESS-SOURCE-MAP-CP021B-R20.md|grammar/lexicalized_only/FormulaDiscourseUnit.md|grammar/parser_heuristic/DemonstrativeClassifierNP.md|grammar/research_pending/DirectedMannerMotionVP.md|grammar/research_pending/NegatedStativePredicate.md|grammar/research_pending/PostverbalZoPerfectiveVP.md|grammar/research_pending/ResourceUseLaiFunctionRelation.md|grammar/research_pending/Topic.md|grammar/unsupported_generalization/ExistentialQuestion.md|grammar/unsupported_generalization/IntransitiveVP.md|grammar/unsupported_generalization/LocativeWhQuestion.md|grammar/unsupported_generalization/OpinionQuestion.md|test-data/a1-context-status-fixture.tsv|test-data/cp021b-lx1-construction-freeze-baseline.json|test-data/CP023-P1-PROG01-visible-research-packet.tsv|test-data/grammar-claim-source-edges-CP021A.tsv|test-data/grammar-legitimacy-audit.json|test-data/grammar-legitimacy-audit.tsv|test-data/grammar-legitimacy-source-register.tsv|test-data/grammar-source-locators-CP021A.tsv|test-data/native-naturalness-conflict-dispositions.tsv|test-data/native-speaker-naturalness-evidence-v1.json|test-data/native-speaker-naturalness-evidence-v1.tsv|test-data/natural-corpus-wechat-father-daughter-001-turns.json|test-data/natural-corpus-wechat-father-daughter-001-turns.tsv|test-data/natural-corpus-wechat-father-daughter-001-units.json|test-data/natural-corpus-wechat-father-daughter-001-units.tsv|test-data/pre-intermediate-gold-corpus.tsv|test-data/review-only-readiness.tsv|test-data/w17-corpus-semantic-disposition.tsv|test-data/w17-functional-corpus.tsv|test-data/w17-glossika-corpus.tsv|tests/constructions/ClauseRelationGraph.json|tests/constructions/ClauseSpan.json|tests/constructions/CopularIdentificationFrame.json|tests/constructions/DegreeStativePredicate.json|tests/constructions/DelimitedVP.json|tests/constructions/DemonstrativeClassifierNP.json|tests/constructions/DesiderativeVP.json|tests/constructions/DirectionalMotionVP.json|tests/constructions/ExistentialQuestion.json|tests/constructions/ExperientialVP.json|tests/constructions/ExperientialYesNoQuestion.json|tests/constructions/FragmentQuestion.json|tests/constructions/HeadlessDemonstrativeClassifierNP.json|tests/constructions/IntendedFunctionRelation.json|tests/constructions/MeasureExpression.json|tests/constructions/ModifiedNP.json|tests/constructions/MotionGoalVP.json|tests/constructions/NeedsContext.json|tests/constructions/NegatedStativePredicate.json|tests/constructions/NominalHeadSpan.json|tests/constructions/NominalPredicateClause.json|tests/constructions/OvertHeadDemonstrativeClassifierNP.json|tests/constructions/PerfectiveVP.json|tests/constructions/PostverbalZoPerfectiveVP.json|tests/constructions/QuantifiedClassifierNP.json|tests/constructions/QuantityNP.json|tests/constructions/ResourceUseLaiFunctionRelation.json|tests/constructions/Topic.json|tests/constructions/TopicComment.json|tests/constructions/TransitiveVP.json|tests/fixtures/boundary-closure-v1.json|tests/fixtures/np-subsystem.json|tests/fixtures/regression-snapshots.json|tests/tooling/corpus-review/test_aa82_hkcancor_profile.py|tests/tooling/corpus-review/test_ab53_hkcancor_profile.py	question_particle_gloss_review	REQUIRES_EXPERT_CONTEXT_REVIEW
GLOSSIKA-YUEHK-A1-DLG-006-20260104-I050	50	lexical_entry			10	老師	lou5 si1	teacher	sha256:9431414a97a3de11199d8fe762569c6f6aa0e37b5662e8f740d75d7daf1a7f14	true			exact_duplicate_candidate	lexical_only_attestation	src/runtime-resources/lexicon/token-lexicon/people-and-address.js	src/parser/detectors/transfer/lexical-give.js|src/runtime-resources/lexicon/token-lexicon/people-and-address.js	data/pedagogical-corpus/glossika/GLOSSIKA-YUEHK-A1-W15-20260628/items.tsv|data/pedagogical-corpus/glossika/GLOSSIKA-YUEHK-A1-W15-20260628/review.json|data/pedagogical-corpus/glossika/GLOSSIKA-YUEHK-A1-W15-20260628/source.json|docs/research/CP021B-NATIVE-NATURALNESS-INGESTION.md|docs/research/CP036-P1-RESULT-CHANGE-STATE-WRAPPER-AUDIT-R1.md|docs/research/EVALUATION-PACKET-BLUEPRINTS-CP021B-R37.json|docs/research/GLOSSIKA-YUEHK-A1-W15-20260628-RESEARCH.md|docs/research/PARSER-CONSTRUCTION-CANONICAL-CONSOLIDATION-MATRIX-CP021B-R35.tsv|docs/research/PARSER-CONSTRUCTION-INTERNAL-DISPOSITION-MATRIX-CP021B-R34.tsv|test-data/cp021b-lx1-construction-freeze-baseline.json|test-data/pre-intermediate-gold-corpus.tsv|tests/constructions/ChangeIntoPredicate.json|tests/constructions/CopularIdentificationFrame.json|tests/constructions/CopularRelationFrame.json|tests/constructions/NominalPredicateClause.json|tests/constructions/QuantifiedClassifierNP.json|tests/fixtures/boundary-closure-v1.json|tests/fixtures/np-subsystem.json|tests/fixtures/regression-snapshots.json		REQUIRES_EXPERT_CONTEXT_REVIEW
GLOSSIKA-YUEHK-A1-DLG-006-20260104-I051	51	lexical_entry			11	教	gaau3	teach	sha256:101b2a0ce03e657a3fb39e5bb17ce5a968395a0cb50755af58cdeda26a1ae32c	true			exact_duplicate_candidate	exact_duplicate			data/pedagogical-corpus/glossika/GLOSSIKA-YUEHK-A1-DLG-003-20251214/crosswalk.json|data/pedagogical-corpus/glossika/GLOSSIKA-YUEHK-A1-DLG-003-20251214/items.tsv|data/pedagogical-corpus/glossika/GLOSSIKA-YUEHK-A1-DLG-003-20251214/review.json|data/pedagogical-corpus/glossika/GLOSSIKA-YUEHK-A1-DLG-003-20251214/source.json|data/pedagogical-corpus/glossika/GLOSSIKA-YUEHK-A1-W15-20260628/items.tsv|data/pedagogical-corpus/glossika/GLOSSIKA-YUEHK-A1-W15-20260628/review.json|data/pedagogical-corpus/glossika/GLOSSIKA-YUEHK-A1-W15-20260628/source.json|data/research-ledgers/glossika-week15-lexical-ingress.json|docs/releases/v0.5.210-scalar-evaluation-reconciliation-audit.json|docs/releases/v0.5.211-negative-experiential-reconciliation-audit.json|docs/research/CP044-P1-POLITE-REQUEST-ADJUSTMENT-RECONCILIATION-R1.md|docs/research/GLOSSIKA-YUEHK-A1-W15-20260628-RESEARCH.md|docs/research/PARSER-CONSTRUCTION-SOURCE-REGISTER-CP021B-R37-ADDITIONS.tsv|docs/research/PARSER-CONSTRUCTION-SOURCE-REGISTER-CP021B-R37.tsv|docs/research/PRQ2-002-ZOU2ZI1-HINDSIGHT-REGRET-SOURCE-VERIFICATION-R1.tsv|docs/research/PRQ2-003-JYUT6-SCALAR-PROGRESSION-SOURCE-VERIFICATION-R1.tsv|docs/research/PRQ2-011-M4DAAN1ZI2-ZUNG6-ADDITIVE-CORRELATIVE-COLLISION-AUDIT-R1.tsv|docs/research/PRQ2-011-M4DAAN1ZI2-ZUNG6-ADDITIVE-CORRELATIVE-RESEARCH-R1.md|docs/research/UC-RQ-002-003-DOUBLE-OBJECT-HKCANCOR-CENSUS-R1.md|docs/research/UC-RQ-002-INVERTED-DOUBLE-OBJECT-RESEARCH-R1.md|docs/research/UC-RQ-002-INVERTED-DOUBLE-OBJECT-SOURCE-VERIFICATION-R1.tsv|docs/research/UC-RQ-003-DOUBLE-OBJECT-ORDER-ALTERNATION-COLLISION-AUDIT-R1.tsv|docs/research/UC-RQ-003-DOUBLE-OBJECT-ORDER-ALTERNATION-RESEARCH-R1.md|docs/research/UC-RQ-003-DOUBLE-OBJECT-ORDER-ALTERNATION-SOURCE-VERIFICATION-R1.tsv|docs/research/UC-RQ-018-ALTERNATIVE-QUESTION-SOURCE-VERIFICATION-R1.tsv|docs/research/UC-RQ-032-MEI6-NOT-YET-NEGATION-SOURCE-VERIFICATION-R1.tsv|docs/research/UC-RQ-037-ZAU6SYUN3-DOU1-SCALAR-CONCESSIVE-SOURCE-VERIFICATION-R1.tsv|docs/research/WH-IDENTITY-NAMING-ADDRESS-SOURCE-MAP-CP021B-R20.md|grammar/lexicalized_only/VocativeAddressTerm.md|grammar/research_pending/ActionStativeVP.md|grammar/research_pending/ChangeIntoPredicate.md|grammar/research_pending/ComplementEllipsisFragment.md|grammar/research_pending/CoverbFrame.md|grammar/research_pending/DegreeMannerAdverbial.md|grammar/research_pending/DegreeMannerModifiedVP.md|grammar/research_pending/ImpersonalEnvironmentalClause.md|grammar/research_pending/IntentionFrame.md|grammar/research_pending/LocativeFrameClause.md|grammar/research_pending/LocativePostureVP.md|grammar/research_pending/MannerAdverbialVP.md|grammar/research_pending/NamingClause.md|grammar/research_pending/NegativeExperiential.md|grammar/research_pending/PriorityMarkerClause.md|grammar/research_pending/ProhibitiveImperative.md|grammar/research_pending/ReduplicatedVP.md|grammar/research_pending/ScalarEvaluation.md|grammar/unsupported_generalization/AcceptabilityClause.md|grammar/unsupported_generalization/ConditionalClause.md|grammar/unsupported_generalization/CoordinatedNP.md|grammar/unsupported_generalization/DelimitedVP.md|grammar/unsupported_generalization/ExperientialClause.md|grammar/unsupported_generalization/IntransitiveVP.md|grammar/unsupported_generalization/LocativeWhQuestion.md|grammar/unsupported_generalization/NegatedVP.md|grammar/unsupported_generalization/OpinionQuestion.md|grammar/unsupported_generalization/OrdinalClassifierNP.md|grammar/unsupported_generalization/PoliteImperativeClause.md|grammar/unsupported_generalization/QuantifiedPersonNP.md|grammar/unsupported_generalization/RepetitiveComplementVP.md|grammar/unsupported_generalization/SuggestionQuestion.md|grammar/unsupported_generalization/WhClassifierQuestion.md		REQUIRES_EXPERT_CONTEXT_REVIEW
GLOSSIKA-YUEHK-A1-DLG-006-20260104-I052	52	lexical_entry			12	小朋友	siu2 pang4 jau5	children, kids	sha256:2cef24e998f3189580a62c689aa53d7286a8ca002fa0daf1ca95246f48ef653b	true			exact_duplicate_candidate	lexical_only_attestation	src/runtime-resources/lexicon/token-lexicon/people-and-address.js	src/runtime-resources/lexicon/token-lexicon/people-and-address.js	test-data/pre-intermediate-gold-corpus.tsv		REQUIRES_EXPERT_CONTEXT_REVIEW
GLOSSIKA-YUEHK-A1-DLG-006-20260104-I053	53	lexical_entry			13	嘩	waa1	[exclamation of surprise]	sha256:689911c100f49d2065cf78a0fe7a59bf2244018b8b29b46152bd8f4131cef554	true			no_project_match	new_attestation				source_pronunciation_discrepancy_waa1_vs_waa3	REQUIRES_EXPERT_CONTEXT_REVIEW
GLOSSIKA-YUEHK-A1-DLG-006-20260104-I054	54	lexical_entry			14	辛苦	san1 fu2	hard, difficult, tiring	sha256:d7e373e80af971b1036fd5cb4e994e25415355d9d440d61c784cc75f4bb14a60	true			exact_duplicate_candidate	lexical_only_attestation	src/runtime-resources/lexicon/token-lexicon/referents-and-boundaries.js	src/runtime-resources/lexicon/token-lexicon/referents-and-boundaries.js	data/pedagogical-corpus/glossika/GLOSSIKA-YUEHK-A1-DLG-004-20251221/crosswalk.json|data/pedagogical-corpus/glossika/GLOSSIKA-YUEHK-A1-DLG-004-20251221/items.tsv|data/pedagogical-corpus/glossika/GLOSSIKA-YUEHK-A1-DLG-004-20251221/review.json|data/pedagogical-corpus/glossika/GLOSSIKA-YUEHK-A1-DLG-004-20251221/source.json|data/pedagogical-corpus/glossika/GLOSSIKA-YUEHK-A1-W14-20260621/items.tsv|data/pedagogical-corpus/glossika/GLOSSIKA-YUEHK-A1-W14-20260621/review.json|data/pedagogical-corpus/glossika/GLOSSIKA-YUEHK-A1-W14-20260621/source.json|data/pedagogical-corpus/glossika/GLOSSIKA-YUEHK-A1-W17-20260712/crosswalk.json|data/pedagogical-corpus/glossika/GLOSSIKA-YUEHK-A1-W17-20260712/items.tsv|data/pedagogical-corpus/glossika/GLOSSIKA-YUEHK-A1-W17-20260712/review.json|data/pedagogical-corpus/glossika/GLOSSIKA-YUEHK-A1-W17-20260712/source.json|data/research-ledgers/glossika-week14-claim-source.json|docs/research/GLOSSIKA-YUEHK-A1-W14-20260621-RESEARCH.md|docs/research/UC-RQ-004-005-COMPARISON-HKCANCOR-ATTESTATION-R1.md|docs/research/WECHAT-GX-TRAVEL-002-ADJUDICATION-REPORT.md|docs/research/WECHAT-GX-TRAVEL-002-REGRESSION-REMEDIATION-READINESS-R2.md|test-data/natural-corpus-wechat-guangxi-travel-002-raw.txt|test-data/natural-corpus-wechat-guangxi-travel-002-turns.json|test-data/natural-corpus-wechat-guangxi-travel-002-turns.tsv|test-data/natural-corpus-wechat-guangxi-travel-002-units.json|test-data/natural-corpus-wechat-guangxi-travel-002-units.tsv|test-data/review-only-readiness.tsv|test-data/w17-lexicon-role-review.tsv|test-data/w17-lexicon.tsv|test-data/WECHAT-GX-TRAVEL-002-ADJUDICATION-MATRIX.json|test-data/WECHAT-GX-TRAVEL-002-ADJUDICATION-MATRIX.tsv|test-data/WECHAT-GX-TRAVEL-002-QUEUE-G-grammar_research_external_evidence.tsv|test-data/WECHAT-GX-TRAVEL-002-QUEUE-R-accepted_behavior_regression.tsv|test-data/WECHAT-GX-TRAVEL-002-REGRESSION-REMEDIATION-READINESS-R2.json|test-data/WECHAT-GX-TRAVEL-002-REGRESSION-REMEDIATION-READINESS-R2.tsv		REQUIRES_EXPERT_CONTEXT_REVIEW
GLOSSIKA-YUEHK-A1-DLG-006-20260104-I055	55	lexical_entry			15	㗎喎	gaa3 wo3	[emphasis + hearsay]	sha256:4b117ba9952986cbafef80ac9764a401f17aa566aa49fbc0c7f4bf2f723fd7e7	true			exact_duplicate_candidate	exact_duplicate			docs/research/PRQ2-001-YAU5-MOU5-DAK1-AVAILABILITY-COLLISION-AUDIT-R1.tsv|docs/research/PRQ2-001-YAU5-MOU5-DAK1-AVAILABILITY-RESEARCH-R1.md|test-data/cp021b-lx1-construction-freeze-baseline.json|tests/constructions/ClauseSpan.json|tests/constructions/MotionGoalVP.json|tests/fixtures/regression-snapshots.json	particle_cluster_gloss_review	REQUIRES_EXPERT_CONTEXT_REVIEW
GLOSSIKA-YUEHK-A1-DLG-006-20260104-I056	56	lexical_entry			16	鍾意	zung1 ji3	like, love	sha256:c60d506dd65023e76c97fce3ec2968dcfe91c301cf5b0ebd39ef66ce679a582e	true			exact_duplicate_candidate	lexical_only_attestation	src/runtime-resources/lexicon/token-lexicon/verbs.js	src/parser/detectors/modality/intention-preference.js|src/parser/detectors/transfer/passive-permissive.js|src/parser/features/token-features.js|src/parser/orchestration/wrap-core.js|src/plugin-entry.js|src/runtime-resources/lexicon/compositional-lexical-phrases.js|src/runtime-resources/lexicon/token-lexicon/referents-and-boundaries.js|src/runtime-resources/lexicon/token-lexicon/verbs.js	data/construction-adjudication-batches/batch-05.json|data/construction-adjudication-batches/batch-07.json|data/construction-adjudication-batches/batch-08.json|data/construction-identities.json|data/pedagogical-corpus/glossika/GLOSSIKA-YUEHK-A1-DLG-003-20251214/crosswalk.json|data/pedagogical-corpus/glossika/GLOSSIKA-YUEHK-A1-DLG-003-20251214/items.tsv|data/pedagogical-corpus/glossika/GLOSSIKA-YUEHK-A1-DLG-003-20251214/review.json|data/pedagogical-corpus/glossika/GLOSSIKA-YUEHK-A1-DLG-003-20251214/source.json|data/pedagogical-corpus/glossika/GLOSSIKA-YUEHK-A1-DLG-005-20251228/crosswalk.json|data/pedagogical-corpus/glossika/GLOSSIKA-YUEHK-A1-DLG-005-20251228/items.tsv|data/pedagogical-corpus/glossika/GLOSSIKA-YUEHK-A1-DLG-005-20251228/review.json|data/pedagogical-corpus/glossika/GLOSSIKA-YUEHK-A1-DLG-005-20251228/source.json|data/pedagogical-corpus/glossika/GLOSSIKA-YUEHK-A1-W16-20260705/items.tsv|data/pedagogical-corpus/glossika/GLOSSIKA-YUEHK-A1-W16-20260705/review.json|data/pedagogical-corpus/glossika/GLOSSIKA-YUEHK-A1-W16-20260705/source.json|data/pedagogical-corpus/glossika/GLOSSIKA-YUEHK-A1-W17-20260712/crosswalk.json|data/pedagogical-corpus/glossika/GLOSSIKA-YUEHK-A1-W17-20260712/items.tsv|data/pedagogical-corpus/glossika/GLOSSIKA-YUEHK-A1-W17-20260712/review.json|data/pedagogical-corpus/glossika/GLOSSIKA-YUEHK-A1-W17-20260712/source.json|docs/research/COMPLEMENT-OMISSION-AND-VALENCY-SOURCE-MAP-CP021B-R26.md|docs/research/CONSTRUCTION-ADJUDICATION-BATCH-05.md|docs/research/CONSTRUCTION-ADJUDICATION-BATCH-08.md|docs/research/CP022-IMPLEMENTATION-BACKLOG-CP021B-R37.tsv|docs/research/CP051-P1-COPULAR-ANOTA-RECONCILIATION-R1.md|docs/research/MODAL-DESIDERATIVE-PREFERENCE-SOURCE-MAP-CP021B-R14.md|docs/research/PARSER-CONSTRUCTION-CANONICAL-CONSOLIDATION-MATRIX-CP021B-R35.tsv|docs/research/PARSER-CONSTRUCTION-INTERNAL-PROVENANCE-REGISTER-CP021B-R37.tsv|docs/research/PARSER-CONSTRUCTION-INTERNAL-PROVENANCE-REGISTER-CP022-I1A-I04-R1.tsv|docs/research/PARSER-CONSTRUCTION-SOURCE-COVERAGE-CP021B-R37.tsv|docs/research/PARSER-CONSTRUCTION-SOURCE-MATRIX-CP021B-R37.tsv|docs/research/PARSER-CONSTRUCTION-SOURCE-REGISTER-CP021B-R37.tsv|docs/research/PRQ2-015-MUI5-GO3GO3-DOU1-DISTRIBUTIVE-QUANTIFICATION-COLLISION-AUDIT-R1.tsv|docs/research/PRQ2-015-MUI5-GO3GO3-DOU1-DISTRIBUTIVE-QUANTIFICATION-RESEARCH-R1.md|docs/research/PRQ2-035-NING4JYUN6-DOU1-COMMITTED-PREFERENCE-COLLISION-AUDIT-R1.tsv|docs/research/UC-RQ-004-CANTONESE-EQUATIVE-CONSTRUCTION-RESEARCH-R1.md|docs/research/UC-RQ-025-NULL-ARGUMENT-ZERO-ANAPHORA-COLLISION-AUDIT-R1.tsv|docs/research/UC-RQ-025-NULL-ARGUMENT-ZERO-ANAPHORA-RESEARCH-R1.md|docs/research/UC-RQ-027-ZEOI3-SUPERLATIVE-RESEARCH-R1.md|docs/research/UC-RQ-027-ZEOI3-SUPERLATIVE-SOURCE-VERIFICATION-R1.tsv|grammar/research_pending/ComplementEllipsisFragment.md|grammar/research_pending/FragmentAnswer.md|grammar/research_pending/PreferenceVP.md|grammar/unsupported_generalization/CopularANotAQuestion.md|test-data/a1-context-status-fixture.tsv|test-data/cp021b-lx1-construction-freeze-baseline.json|test-data/review-only-readiness.tsv|test-data/w17-corpus-semantic-disposition.tsv|test-data/w17-functional-corpus.tsv|test-data/w17-glossika-corpus.tsv|test-data/w17-lexicon-role-review.tsv|test-data/w17-lexicon.tsv|tests/constructions/ClauseRelationGraph.json|tests/constructions/CopularANotAQuestion.json|tests/constructions/NeedsContext.json|tests/constructions/PreferenceVP.json|tests/fixtures/regression-snapshots.json|tests/tooling/corpus-review/test_aa07_hkcancor_profile.py		REQUIRES_EXPERT_CONTEXT_REVIEW
GLOSSIKA-YUEHK-A1-DLG-006-20260104-I057	57	lexical_entry			17	同	tung4	with, and	sha256:ad2c6994c92225eded5cc3e1f16fc9e4ede23f652f543ac8dbfe4cb871481406	true			exact_duplicate_candidate	lexical_only_attestation	src/runtime-resources/lexicon/token-lexicon/function-words-and-particles.js	src/parser/detectors/coverbs/frames.js|src/parser/detectors/definition/intended-function.js|src/parser/detectors/np/core.js|src/plugin-entry.js|src/runtime-resources/grammar/templates/category-span-templates.js|src/runtime-resources/grammar/templates/construction-templates.js|src/runtime-resources/grammar/templates/slot-generation-rules.js|src/runtime-resources/lexicon/compositional-lexical-phrases.js|src/runtime-resources/lexicon/token-lexicon/function-words-and-particles.js|src/runtime-resources/lexicon/token-lexicon/people-and-address.js	data/construction-adjudication-batches/batch-08.json|data/construction-adjudication-batches/batch-11.json|data/construction-adjudications.json|data/construction-identities.json|data/natural-corpus/wechat-father-daughter-001.txt|data/pedagogical-corpus/glossika/GLOSSIKA-YUEHK-A1-DLG-002-20251207/crosswalk.json|data/pedagogical-corpus/glossika/GLOSSIKA-YUEHK-A1-DLG-002-20251207/items.tsv|data/pedagogical-corpus/glossika/GLOSSIKA-YUEHK-A1-DLG-002-20251207/review.json|data/pedagogical-corpus/glossika/GLOSSIKA-YUEHK-A1-DLG-002-20251207/source.json|data/pedagogical-corpus/glossika/GLOSSIKA-YUEHK-A1-DLG-003-20251214/crosswalk.json|data/pedagogical-corpus/glossika/GLOSSIKA-YUEHK-A1-DLG-003-20251214/items.tsv|data/pedagogical-corpus/glossika/GLOSSIKA-YUEHK-A1-DLG-003-20251214/README.md|data/pedagogical-corpus/glossika/GLOSSIKA-YUEHK-A1-DLG-003-20251214/review.json|data/pedagogical-corpus/glossika/GLOSSIKA-YUEHK-A1-DLG-003-20251214/source.json|data/pedagogical-corpus/glossika/GLOSSIKA-YUEHK-A1-DLG-004-20251221/crosswalk.json|data/pedagogical-corpus/glossika/GLOSSIKA-YUEHK-A1-DLG-004-20251221/items.tsv|data/pedagogical-corpus/glossika/GLOSSIKA-YUEHK-A1-DLG-004-20251221/review.json|data/pedagogical-corpus/glossika/GLOSSIKA-YUEHK-A1-DLG-004-20251221/source.json|data/pedagogical-corpus/glossika/GLOSSIKA-YUEHK-A1-DLG-005-20251228/crosswalk.json|data/pedagogical-corpus/glossika/GLOSSIKA-YUEHK-A1-DLG-005-20251228/items.tsv|data/pedagogical-corpus/glossika/GLOSSIKA-YUEHK-A1-DLG-005-20251228/README.md|data/pedagogical-corpus/glossika/GLOSSIKA-YUEHK-A1-DLG-005-20251228/review.json|data/pedagogical-corpus/glossika/GLOSSIKA-YUEHK-A1-DLG-005-20251228/source.json|data/pedagogical-corpus/glossika/GLOSSIKA-YUEHK-A1-W16-20260705/items.tsv|data/pedagogical-corpus/glossika/GLOSSIKA-YUEHK-A1-W16-20260705/review.json|data/pedagogical-corpus/glossika/GLOSSIKA-YUEHK-A1-W16-20260705/source.json|data/pedagogical-corpus/glossika/GLOSSIKA-YUEHK-A1-W17-20260712/crosswalk.json|data/pedagogical-corpus/glossika/GLOSSIKA-YUEHK-A1-W17-20260712/items.tsv|data/pedagogical-corpus/glossika/GLOSSIKA-YUEHK-A1-W17-20260712/review.json|data/pedagogical-corpus/glossika/GLOSSIKA-YUEHK-A1-W17-20260712/source.json|docs/current/NOUN-PHRASE-SUBSYSTEM.md|docs/research/AB30-CORPUS-CANDIDATE-REVIEW-R1.md|docs/research/COMPLEMENT-OMISSION-AND-VALENCY-SOURCE-MAP-CP021B-R26.md|docs/research/CONSTRUCTION-ADJUDICATION-BATCH-01.md|docs/research/CONSTRUCTION-ADJUDICATION-BATCH-08.md|docs/research/CONSTRUCTION-ADJUDICATION-BATCH-11.md|docs/research/COVERB-MANNER-EVENT-MODIFICATION-SOURCE-MAP-CP021B-R23.md|docs/research/CP022-IMPLEMENTATION-BACKLOG-CP021B-R37.tsv|docs/research/CP023-P1-PROG01-CLAIM-SOURCE-EDGES-R3.tsv|docs/research/CP023-P1-PROG01-CLAIM-SOURCE-EDGES.tsv|docs/research/CP023-P1-PROG01-LEXICON-JYUTPING-VERIFICATION-R2.md|docs/research/CP023-P1-PROG01-LEXICON-SOURCE-REGISTER-R2.tsv|docs/research/CP023-P1-PROG01-NATURAL-ATTESTATION-ADJUDICATION.md|docs/research/CP023-P1-PROG01-NOMINAL-COORDINATION-DESIGN-R3.md|docs/research/CP023-P1-PROG01-PREDICATE-COMPATIBILITY-MATRIX-R3.tsv|docs/research/CP023-P1-PROG01-R1-RESEARCH-CHECKPOINT.md|docs/research/CP023-P1-PROG01-R2-RESEARCH-CHECKPOINT.md|docs/research/CP023-P1-PROG01-R3-RESEARCH-CHECKPOINT.md|docs/research/CP023-P1-PROG01-REMEDIATION-BLUEPRINT-R2.md|docs/research/CP023-P1-PROG01-REMEDIATION-DEPENDENCIES-R2.tsv|docs/research/CP023-P1-PROG01-SOURCE-REGISTER-R3.tsv|docs/research/CP024-P0-L45-VERB-VALENCY-INVENTORY-R1.tsv|docs/research/CP025-P1-PFV01-SPEAKER-A-RAW-R2.md|docs/research/CP026-P1-RUL01-CODE-DOCUMENT-COMPARISON-R1.tsv|docs/research/CP026-P1-RUL01-R1-REAUDIT-CHECKPOINT.md|docs/research/CP026-P1-RUL01-SPEAKER-A-FORM-R1.md|docs/research/CP032-P1-RUL01-CONTRAST-REQUIREMENTS-R1.tsv|docs/research/EVALUATION-PACKET-BLUEPRINTS-CP021B-R37.json|docs/research/GLOSSIKA-YUEHK-A1-DLG-003-20251214-CORPUS-INGRESS.md|docs/research/GLOSSIKA-YUEHK-A1-DLG-005-20251228-CORPUS-INGRESS.md|docs/research/LANE-06-NOMINAL-MODIFICATION-RELATIVES-SOURCE-MAP-CP021B-R11.md|docs/research/LEGITIMACY-WORK-LEDGER.md|docs/research/NATIVE-CORPUS-WECHAT-GUANGXI-TRAVEL-002.md|docs/research/NOMINAL-RELATIONS-SOURCE-MAP-CP021B-R32.md|docs/research/PARSER-CONSTRUCTION-CANONICAL-CONSOLIDATION-MATRIX-CP021B-R35.tsv|docs/research/PARSER-CONSTRUCTION-INTERNAL-DISPOSITION-MATRIX-CP021B-R34.tsv|docs/research/PARSER-CONSTRUCTION-SOURCE-COVERAGE-CP021B-R37.tsv|docs/research/PARSER-CONSTRUCTION-SOURCE-MATRIX-CP021B-R37.tsv|docs/research/PARSER-CONSTRUCTION-SOURCE-REGISTER-CP021B-R37.tsv|docs/research/PRQ2-009-GEI3JIN4-PREMISE-RESPONSE-COLLISION-AUDIT-R1.tsv|docs/research/PRQ2-010-CEOI4ZO2-ZI1NGOI6-EXCLUSION-ADDITION-COLLISION-AUDIT-R1.tsv|docs/research/PRQ2-012-JAT1HAI6-EXCLUSIVE-ALTERNATIVE-COLLISION-AUDIT-R1.tsv|docs/research/PRQ2-014-ZI2JAU5-SIN1ZI3-NECESSARY-CONDITION-COLLISION-AUDIT-R1.tsv|docs/research/PRQ2-015-MUI5-GO3GO3-DOU1-DISTRIBUTIVE-QUANTIFICATION-COLLISION-AUDIT-R1.tsv|docs/research/PRQ2-015-MUI5-GO3GO3-DOU1-DISTRIBUTIVE-QUANTIFICATION-RESEARCH-R1.md|docs/research/PRQ2-015-MUI5-GO3GO3-DOU1-DISTRIBUTIVE-QUANTIFICATION-SOURCE-VERIFICATION-R1.tsv|docs/research/QUANTITY-SCALAR-ACTION-BOUNDARIES-SOURCE-MAP-CP021B-R29.md|docs/research/survey-derived/HKCanCor/HKCANCOR-SV-RQ-008-010-REVIEWED-RESULTS-R1.json|docs/research/survey-derived/SV-RQ-001-007/SV-RQ-001-007-ROUND-2.md|docs/research/survey-derived/SV-RQ-009-012/SV-RQ-009-012-ROUND-1.md|docs/research/UC-RQ-001-GENERAL-ZOENG1-DISPOSAL-NATURAL-ATTESTATION-R1.tsv|docs/research/UC-RQ-001-GENERAL-ZOENG1-DISPOSAL-RESEARCH-R1.md|docs/research/UC-RQ-003-DOUBLE-OBJECT-ORDER-ALTERNATION-COLLISION-AUDIT-R1.tsv|docs/research/UC-RQ-003-DOUBLE-OBJECT-ORDER-ALTERNATION-RESEARCH-R1.md|docs/research/UC-RQ-004-005-COMPARISON-HKCANCOR-ATTESTATION-R1.md|docs/research/UC-RQ-004-CANTONESE-EQUATIVE-COLLISION-AUDIT-R1.tsv|docs/research/UC-RQ-004-CANTONESE-EQUATIVE-CONSTRUCTION-RESEARCH-R1.md|docs/research/UC-RQ-004-CANTONESE-EQUATIVE-SOURCE-VERIFICATION-R1.tsv|docs/research/UC-RQ-010-COREFERENTIAL-N-CL-N-SOURCE-VERIFICATION-R1.tsv|docs/research/UC-RQ-014-015-SEPARABLE-COMPOUND-HKCANCOR-ATTESTATION-R1.md|docs/research/UC-RQ-031-MAAI4-VERBAL-PARTICLE-FAMILY-COLLISION-AUDIT-R1.tsv|docs/research/UC-RQ-031-MAAI4-VERBAL-PARTICLE-FAMILY-RESEARCH-R1.md|docs/research/WECHAT-GX-TRAVEL-002-ADJUDICATION-REPORT.md|grammar/research_pending/ComplementEllipsisFragment.md|grammar/research_pending/CoverbFrame.md|grammar/research_pending/ReportedSpeech.md|grammar/unsupported_generalization/CoordinatedNP.md|grammar/unsupported_generalization/IntransitiveVP.md|test-data/cp021b-lx1-construction-freeze-baseline.json|test-data/CP023-P1-PROG01-lexicon-baseline-probes.tsv|test-data/CP023-P1-PROG01-nominal-design-cases-r3.tsv|test-data/CP023-P1-PROG01-nominal-prerequisite-probes.tsv|test-data/CP023-P1-PROG01-visible-research-packet.tsv|test-data/native-speaker-naturalness-evidence-v1.json|test-data/native-speaker-naturalness-evidence-v1.tsv|test-data/natural-corpus-wechat-father-daughter-001-turns.json|test-data/natural-corpus-wechat-father-daughter-001-turns.tsv|test-data/natural-corpus-wechat-father-daughter-001-units.json|test-data/natural-corpus-wechat-father-daughter-001-units.tsv|test-data/natural-corpus-wechat-guangxi-travel-002-raw.txt|test-data/natural-corpus-wechat-guangxi-travel-002-turns.json|test-data/natural-corpus-wechat-guangxi-travel-002-turns.tsv|test-data/natural-corpus-wechat-guangxi-travel-002-units.json|test-data/natural-corpus-wechat-guangxi-travel-002-units.tsv|test-data/pre-intermediate-gold-corpus.tsv|test-data/review-only-readiness.tsv|test-data/w17-corpus-semantic-disposition.tsv|test-data/w17-functional-corpus.tsv|test-data/w17-glossika-corpus.tsv|test-data/w17-grammar-phrases.tsv|test-data/w17-lexicon-role-review.tsv|test-data/w17-lexicon.tsv|test-data/WECHAT-GX-TRAVEL-002-ADJUDICATION-MATRIX.json|test-data/WECHAT-GX-TRAVEL-002-ADJUDICATION-MATRIX.tsv|test-data/WECHAT-GX-TRAVEL-002-LEXICON-PATCH-BLUEPRINT-R2.json|test-data/WECHAT-GX-TRAVEL-002-LEXICON-PATCH-BLUEPRINT-R2.tsv|test-data/WECHAT-GX-TRAVEL-002-LEXICON-PATCH-TEST-MATRIX-R2.tsv|test-data/WECHAT-GX-TRAVEL-002-QUEUE-D-context_disfluency_research.tsv|test-data/WECHAT-GX-TRAVEL-002-QUEUE-G-grammar_research_external_evidence.tsv|test-data/WECHAT-GX-TRAVEL-002-QUEUE-L-lexicon_jyutping_enrichment.tsv|test-data/WECHAT-GX-TRAVEL-002-QUEUE-R-accepted_behavior_regression.tsv|test-data/WECHAT-GX-TRAVEL-002-REGRESSION-REMEDIATION-READINESS-R2.json|test-data/WECHAT-GX-TRAVEL-002-REGRESSION-REMEDIATION-READINESS-R2.tsv|tests/constructions/ClauseRelationEdge.json|tests/constructions/ClauseRelationGraph.json|tests/constructions/ClauseRelationMemberSpan.json|tests/constructions/ClauseSpan.json|tests/constructions/ConditionalClause.json|tests/constructions/CoordinatedNP.json|tests/constructions/CoverbFrame.json|tests/constructions/IntransitiveVP.json|tests/constructions/NominalHeadSpan.json|tests/constructions/OpinionStanceFrame.json|tests/constructions/PostverbalZoPerfectiveVP.json|tests/constructions/ReduplicatedVP.json|tests/fixtures/np-subsystem.json|tests/fixtures/regression-snapshots.json|tests/tooling/corpus-review/test_aa07_hkcancor_profile.py|tests/tooling/corpus-review/test_aa30_hkcancor_profile.py|tests/tooling/corpus-review/test_aa58_hkcancor_profile.py|tests/tooling/corpus-review/test_aa76_hkcancor_profile.py|tests/tooling/corpus-review/test_aa82_hkcancor_profile.py|tests/tooling/corpus-review/test_ab53_hkcancor_profile.py	coordination_coverb_polysemy_review	REQUIRES_EXPERT_CONTEXT_REVIEW
GLOSSIKA-YUEHK-A1-DLG-006-20260104-I058	58	lexical_entry			18	相處	soeng1 cyu2	get along, interact	sha256:ab4b740dfea04e3de8e70c76e88a2a88e884dc9653aa596a243b60d52db1699a	true			no_project_match	new_attestation					REQUIRES_EXPERT_CONTEXT_REVIEW
GLOSSIKA-YUEHK-A1-DLG-006-20260104-I059	59	lexical_entry			19	讀緊	duk6 gan2	studying, reading (now)	sha256:a92cf5a341a1273bd92824ba40b657dfef5df084e343f83da470f5021bc073f9	true			exact_duplicate_candidate	exact_duplicate			docs/research/CP023-P1-PROG01-PREDICATE-COMPATIBILITY-MATRIX-R3.tsv|docs/research/CP023-P1-PROG01-R1-RESEARCH-CHECKPOINT.md|docs/research/CP023-P1-PROG01-REMEDIATION-DEPENDENCIES-R2.tsv|test-data/CP023-P1-PROG01-visible-research-packet.tsv	compositional_progressive_review	REQUIRES_EXPERT_CONTEXT_REVIEW
GLOSSIKA-YUEHK-A1-DLG-006-20260104-I060	60	lexical_entry			20	教育	gaau3 juk6	education	sha256:dd703a3765b9d038be2c28a96e38cbcf71cfed83981ef673e2d7227a46ede599	true			no_project_match	new_attestation					REQUIRES_EXPERT_CONTEXT_REVIEW
GLOSSIKA-YUEHK-A1-DLG-006-20260104-I061	61	lexical_entry			21	啦	laa1	[assumption particle]	sha256:4a22f0944e0fca919ff4420c9c95e67f48b89b916b6024797df2ce31aa7bcf46	true			exact_duplicate_candidate	lexical_only_attestation	src/runtime-resources/lexicon/token-lexicon/degree-and-formulas.js	src/parser/detectors/acceptability/clauses.js|src/parser/detectors/boundaries/needs-context.js|src/parser/detectors/definition/copular-relations.js|src/parser/detectors/discourse/formula-responses.js|src/parser/detectors/discourse/priority.js|src/parser/detectors/motion/purpose-chains.js|src/parser/terminal/particles/discourse.js|src/plugin-entry.js|src/runtime-resources/grammar/ordered-particle-clusters.js|src/runtime-resources/grammar/templates/slot-generation-rules.js|src/runtime-resources/lexicon/compositional-lexical-phrases.js|src/runtime-resources/lexicon/formulas.js|src/runtime-resources/lexicon/token-lexicon/degree-and-formulas.js|src/runtime-resources/presentation/learner-glosses.js|src/runtime-resources/pronunciation/jyutping-review-expectations.js	data/construction-adjudication-batches/batch-03.json|data/construction-adjudication-batches/batch-05.json|data/construction-identities.json|data/natural-corpus/wechat-father-daughter-001.txt|data/pedagogical-corpus/glossika/GLOSSIKA-YUEHK-A1-DLG-002-20251207/crosswalk.json|data/pedagogical-corpus/glossika/GLOSSIKA-YUEHK-A1-DLG-002-20251207/items.tsv|data/pedagogical-corpus/glossika/GLOSSIKA-YUEHK-A1-DLG-002-20251207/review.json|data/pedagogical-corpus/glossika/GLOSSIKA-YUEHK-A1-DLG-002-20251207/source.json|data/pedagogical-corpus/glossika/GLOSSIKA-YUEHK-A1-DLG-003-20251214/crosswalk.json|data/pedagogical-corpus/glossika/GLOSSIKA-YUEHK-A1-DLG-003-20251214/items.tsv|data/pedagogical-corpus/glossika/GLOSSIKA-YUEHK-A1-DLG-003-20251214/review.json|data/pedagogical-corpus/glossika/GLOSSIKA-YUEHK-A1-DLG-003-20251214/source.json|data/pedagogical-corpus/glossika/GLOSSIKA-YUEHK-A1-DLG-004-20251221/crosswalk.json|data/pedagogical-corpus/glossika/GLOSSIKA-YUEHK-A1-DLG-004-20251221/items.tsv|data/pedagogical-corpus/glossika/GLOSSIKA-YUEHK-A1-DLG-004-20251221/review.json|data/pedagogical-corpus/glossika/GLOSSIKA-YUEHK-A1-DLG-004-20251221/source.json|data/pedagogical-corpus/glossika/GLOSSIKA-YUEHK-A1-W16-20260705/items.tsv|data/pedagogical-corpus/glossika/GLOSSIKA-YUEHK-A1-W16-20260705/review.json|data/pedagogical-corpus/glossika/GLOSSIKA-YUEHK-A1-W16-20260705/source.json|data/pedagogical-corpus/glossika/GLOSSIKA-YUEHK-A1-W18-20260719/crosswalk.json|data/pedagogical-corpus/glossika/GLOSSIKA-YUEHK-A1-W18-20260719/items.tsv|data/pedagogical-corpus/glossika/GLOSSIKA-YUEHK-A1-W18-20260719/review.json|data/pedagogical-corpus/glossika/GLOSSIKA-YUEHK-A1-W18-20260719/source.json|data/pedagogical-corpus/glossika/GLOSSIKA-YUEHK-A1-W19-20260726/crosswalk.json|data/pedagogical-corpus/glossika/GLOSSIKA-YUEHK-A1-W19-20260726/items.tsv|data/pedagogical-corpus/glossika/GLOSSIKA-YUEHK-A1-W19-20260726/review.json|data/pedagogical-corpus/glossika/GLOSSIKA-YUEHK-A1-W19-20260726/source.json|data/research-ledgers/glossika-week18-claim-source.json|data/research-ledgers/glossika-week19-claim-source.json|data/research-ledgers/glossika-week19-dative-audit.json|data/research-ledgers/glossika-week19-followup-candidates.json|data/research-ledgers/glossika-week19-particle-boundaries.json|data/slot-model.json|docs/research/AB30-CORPUS-CANDIDATE-REVIEW-R1.md|docs/research/CONDITIONAL-CLAUSE-LINKING-SOURCE-MAP-CP021B-R25.md|docs/research/CONSTRUCTION-ADJUDICATION-BATCH-05.md|docs/research/COVERB-MANNER-EVENT-MODIFICATION-SOURCE-MAP-CP021B-R23.md|docs/research/CP053-P1-EVALUATION-WITH-DOU-SYUN-EXTERNAL-EVIDENCE-R1.md|docs/research/DIRECTIVE-SUGGESTION-PRIORITY-SOURCE-MAP-CP021B-R27.md|docs/research/EVALUATION-PACKET-BLUEPRINTS-CP021B-R37.json|docs/research/GLOSSIKA-YUEHK-A1-W18-20260719-RESEARCH.md|docs/research/GLOSSIKA-YUEHK-A1-W19-20260726-RESEARCH.md|docs/research/LANE-03-FRAGMENTS-DISCOURSE-SOURCE-MAP-CP021B-R17.md|docs/research/LANE-03-RESIDUAL-FRAGMENT-SUBTYPES-SOURCE-MAP-CP021B-R18.md|docs/research/NATIVE-CORPUS-WECHAT-GUANGXI-TRAVEL-002.md|docs/research/PARSER-CONSTRUCTION-CANONICAL-CONSOLIDATION-MATRIX-CP021B-R35.tsv|docs/research/PARSER-CONSTRUCTION-INTERNAL-DISPOSITION-MATRIX-CP021B-R34.tsv|docs/research/PARSER-CONSTRUCTION-SOURCE-MATRIX-CP021B-R37.tsv|docs/research/PARSER-CONSTRUCTION-SOURCE-REGISTER-CP021B-R37-ADDITIONS.tsv|docs/research/PARSER-CONSTRUCTION-SOURCE-REGISTER-CP021B-R37.tsv|docs/research/PRQ2-002-ZOU2ZI1-HINDSIGHT-REGRET-COLLISION-AUDIT-R1.tsv|docs/research/PRQ2-002-ZOU2ZI1-HINDSIGHT-REGRET-RESEARCH-R1.md|docs/research/PRQ2-002-ZOU2ZI1-HINDSIGHT-REGRET-SOURCE-VERIFICATION-R1.tsv|docs/research/PRQ2-004-CAA1DI1-NEAR-MISS-RESEARCH-R1.md|docs/research/PRQ2-006-LOK6HEOI3-CONTINUATIVE-ASPECT-COLLISION-AUDIT-R1.tsv|docs/research/PRQ2-006-LOK6HEOI3-CONTINUATIVE-ASPECT-RESEARCH-R1.md|docs/research/PRQ2-009-GEI3JIN4-PREMISE-RESPONSE-COLLISION-AUDIT-R1.tsv|docs/research/PRQ2-009-GEI3JIN4-PREMISE-RESPONSE-RESEARCH-R1.md|docs/research/PRQ2-010-CEOI4ZO2-ZI1NGOI6-EXCLUSION-ADDITION-COLLISION-AUDIT-R1.tsv|docs/research/PRQ2-012-JAT1HAI6-EXCLUSIVE-ALTERNATIVE-COLLISION-AUDIT-R1.tsv|docs/research/PRQ2-014-ZI2JAU5-SIN1ZI3-NECESSARY-CONDITION-COLLISION-AUDIT-R1.tsv|docs/research/survey-derived/HKCanCor/hkcancor_svrq_008_010_extract.py|docs/research/UC-RQ-026-DI1-DEGREE-DISPOSITION-R1.md|docs/research/UC-RQ-026-DI1-DEGREE-SOURCE-VERIFICATION-R1.tsv|docs/research/UC-RQ-031-MAAI4-VERBAL-PARTICLE-FAMILY-RESEARCH-R1.md|docs/research/UC-RQ-037-ZAU6SYUN3-DOU1-SCALAR-CONCESSIVE-RESEARCH-R1.md|docs/research/UC-RQ-038-CEOI4FEI1-EXCEPTION-CONDITIONAL-RESEARCH-R1.md|docs/research/WECHAT-GX-TRAVEL-002-ADJUDICATION-REPORT.md|docs/research/WECHAT-GX-TRAVEL-002-PRIORITY-GRAMMAR-RESEARCH-R1.md|grammar/research_pending/PriorityMarkerClause.md|test-data/cp021b-lx1-construction-freeze-baseline.json|test-data/native-speaker-naturalness-evidence-v1.json|test-data/native-speaker-naturalness-evidence-v1.tsv|test-data/natural-corpus-wechat-father-daughter-001-turns.json|test-data/natural-corpus-wechat-father-daughter-001-turns.tsv|test-data/natural-corpus-wechat-father-daughter-001-units.json|test-data/natural-corpus-wechat-father-daughter-001-units.tsv|test-data/natural-corpus-wechat-guangxi-travel-002-raw.txt|test-data/natural-corpus-wechat-guangxi-travel-002-turns.json|test-data/natural-corpus-wechat-guangxi-travel-002-turns.tsv|test-data/natural-corpus-wechat-guangxi-travel-002-units.json|test-data/natural-corpus-wechat-guangxi-travel-002-units.tsv|test-data/pre-intermediate-gold-corpus.tsv|test-data/WECHAT-GX-TRAVEL-002-ADJUDICATION-MATRIX.json|test-data/WECHAT-GX-TRAVEL-002-ADJUDICATION-MATRIX.tsv|test-data/WECHAT-GX-TRAVEL-002-QUEUE-D-context_disfluency_research.tsv|test-data/WECHAT-GX-TRAVEL-002-QUEUE-G-grammar_research_external_evidence.tsv|test-data/WECHAT-GX-TRAVEL-002-QUEUE-L-lexicon_jyutping_enrichment.tsv|test-data/WECHAT-GX-TRAVEL-002-QUEUE-R-accepted_behavior_regression.tsv|test-data/WECHAT-GX-TRAVEL-002-REGRESSION-REMEDIATION-READINESS-R2.json|test-data/WECHAT-GX-TRAVEL-002-REGRESSION-REMEDIATION-READINESS-R2.tsv|tests/constructions/ANotAQuestion.json|tests/constructions/ClauseRelationGraph.json|tests/constructions/ClauseSpan.json|tests/constructions/DegreeMannerModifiedVP.json|tests/constructions/DirectionalMotionVP.json|tests/constructions/DiscourseParticleFrame.json|tests/constructions/ExistentialWhQuestion.json|tests/constructions/FormulaDiscourseUnit.json|tests/constructions/ModifiedNP.json|tests/constructions/MotionGoalVP.json|tests/constructions/NeedsContext.json|tests/constructions/NominalHeadSpan.json|tests/constructions/PriorityMarkerClause.json|tests/constructions/ProductiveVO.json|tests/fixtures/regression-snapshots.json|tests/run-regression.js	particle_function_gloss_review	REQUIRES_EXPERT_CONTEXT_REVIEW
GLOSSIKA-YUEHK-A1-DLG-006-20260104-I062	62	lexical_entry			22	未	mei6	not yet	sha256:d232148f7ce6cb57f628253b5feccbd68f22a6a211219f8d315b23cddd35666d	true			exact_duplicate_candidate	lexical_only_attestation	src/runtime-resources/lexicon/token-lexicon/function-words-and-particles.js	src/parser/context/descriptors.js|src/parser/context/licensed-fragments.js|src/parser/detectors/boundaries/needs-context.js|src/parser/detectors/questions/completion-experiential.js|src/parser/features/token-features.js|src/plugin-entry.js|src/runtime-resources/grammar/templates/construction-templates.js|src/runtime-resources/grammar/templates/slot-generation-rules.js|src/runtime-resources/lexicon/compositional-lexical-phrases.js|src/runtime-resources/lexicon/token-lexicon/function-words-and-particles.js|src/runtime-resources/presentation/learner-glosses.js	data/construction-adjudication-batches/batch-03.json|data/construction-adjudication-batches/batch-04.json|data/construction-adjudication-batches/batch-05.json|data/construction-adjudication-batches/batch-07.json|data/construction-adjudication-batches/batch-08.json|data/construction-adjudication-batches/batch-10.json|data/construction-adjudication-batches/batch-15.json|data/construction-adjudication-batches/batch-17.json|data/construction-adjudication-batches/batch-18.json|data/construction-candidate-readiness.json|data/construction-identities.json|data/pedagogical-corpus/glossika/GLOSSIKA-YUEHK-A1-DLG-003-20251214/crosswalk.json|data/pedagogical-corpus/glossika/GLOSSIKA-YUEHK-A1-DLG-003-20251214/items.tsv|data/pedagogical-corpus/glossika/GLOSSIKA-YUEHK-A1-DLG-003-20251214/review.json|data/pedagogical-corpus/glossika/GLOSSIKA-YUEHK-A1-DLG-003-20251214/source.json|data/pedagogical-corpus/glossika/GLOSSIKA-YUEHK-A1-DLG-004-20251221/crosswalk.json|data/pedagogical-corpus/glossika/GLOSSIKA-YUEHK-A1-DLG-004-20251221/items.tsv|data/pedagogical-corpus/glossika/GLOSSIKA-YUEHK-A1-DLG-004-20251221/review.json|data/pedagogical-corpus/glossika/GLOSSIKA-YUEHK-A1-DLG-004-20251221/source.json|data/pedagogical-corpus/glossika/GLOSSIKA-YUEHK-A1-W18-20260719/crosswalk.json|data/pedagogical-corpus/glossika/GLOSSIKA-YUEHK-A1-W18-20260719/items.tsv|data/pedagogical-corpus/glossika/GLOSSIKA-YUEHK-A1-W18-20260719/review.json|data/pedagogical-corpus/glossika/GLOSSIKA-YUEHK-A1-W18-20260719/source.json|data/pedagogical-corpus/glossika/GLOSSIKA-YUEHK-A1-W19-20260726/crosswalk.json|data/pedagogical-corpus/glossika/GLOSSIKA-YUEHK-A1-W19-20260726/items.tsv|data/pedagogical-corpus/glossika/GLOSSIKA-YUEHK-A1-W19-20260726/review.json|data/pedagogical-corpus/glossika/GLOSSIKA-YUEHK-A1-W19-20260726/source.json|data/research-ledgers/glossika-week18-claim-source.json|data/research-ledgers/glossika-week18-followup-candidates.json|data/research-ledgers/glossika-week19-claim-source.json|data/research-ledgers/glossika-week19-followup-candidates.json|docs/releases/v0.5.186-active-reaudit-closure-audit.json|docs/releases/v0.5.187-panel-model-migration-audit.json|docs/releases/v0.5.191-experiential-delimited-wrapper-audit.json|docs/releases/v0.5.211-negative-experiential-reconciliation-audit.json|docs/research/ACTIVE-LABEL-EVIDENCE-ONTOLOGY-CLOSURE-R1.md|docs/research/ASPECTUAL-CLAUSE-WRAPPERS-SOURCE-MAP-CP021B-R24.md|docs/research/CANONICAL-TARGET-ONTOLOGY-CP021B-R35.tsv|docs/research/COMPLEMENT-OMISSION-AND-VALENCY-SOURCE-MAP-CP021B-R26.md|docs/research/CONSTRUCTION-ADJUDICATION-BATCH-03.md|docs/research/CONSTRUCTION-ADJUDICATION-BATCH-04.md|docs/research/CONSTRUCTION-ADJUDICATION-BATCH-05.md|docs/research/CONSTRUCTION-ADJUDICATION-BATCH-07.md|docs/research/CONSTRUCTION-ADJUDICATION-BATCH-08.md|docs/research/CONSTRUCTION-ADJUDICATION-BATCH-10.md|docs/research/CONSTRUCTION-ADJUDICATION-BATCH-15.md|docs/research/CONSTRUCTION-ADJUDICATION-BATCH-18.md|docs/research/CP022-IMPLEMENTATION-BACKLOG-CP021B-R37.tsv|docs/research/CP022-P1-PFV01-D1-RESEARCH-CHECKPOINT.md|docs/research/CP025-P1-PFV01-CODE-DOCUMENT-COMPARISON-R1.tsv|docs/research/CP025-P1-PFV01-EXAMPLE-ADJUDICATION-R1.tsv|docs/research/CP025-P1-PFV01-IMPLEMENTATION-PROBE-R1.tsv|docs/research/CP025-P1-PFV01-R1-REAUDIT-CHECKPOINT.md|docs/research/CP025-P1-PFV01-SOURCE-VERIFICATION-R1.tsv|docs/research/CP025-P1-PFV01-SPEAKER-A-RAW-R2.md|docs/research/CP025-P1-PFV01-SPEAKER-A-RESULT-R2.tsv|docs/research/CP029-P1-PFV01-BOUNDARY-INVENTORY-R1.tsv|docs/research/CP029-P1-PFV01-PUBLIC-PANEL-R1-RESULT.md|docs/research/CP035-P1-EXPERIENTIAL-DELIMITED-WRAPPER-AUDIT-R1.md|docs/research/CP035-P1-EXPERIENTIAL-DELIMITED-WRAPPER-INVENTORY-R1.tsv|docs/research/CP055-P1-NEGATIVE-EXPERIENTIAL-RECONCILIATION-R1.md|docs/research/CP056-P1-NEGATED-LEXICALIZED-STATIVE-RETIREMENT-R1.md|docs/research/CP057-P1-NEGATED-STATIVE-PREDICATE-RECONCILIATION-R1.md|docs/research/EVALUATION-PACKET-BLUEPRINTS-CP021B-R37.json|docs/research/GLOSSIKA-YUEHK-A1-W18-20260719-RESEARCH.md|docs/research/GLOSSIKA-YUEHK-A1-W19-20260726-RESEARCH.md|docs/research/LANE-05-PERFECTIVE-COMPLETION-SOURCE-MAP-CP021B-R6.md|docs/research/LANE-05-PROGRESSIVE-DURATIVE-EXPERIENTIAL-SOURCE-MAP-CP021B-R13.md|docs/research/LANE-09-DIRECTIONAL-MOTION-SOURCE-MAP-CP021B-R3.md|docs/research/LANE-10-STATIVE-PREDICATION-SOURCE-MAP-CP021B-R8.md|docs/research/NEGATION-ACCEPTABILITY-OPINION-SCHEDULING-SOURCE-MAP-CP021B-R30.md|docs/research/PARSER-CONSTRUCTION-CANONICAL-CONSOLIDATION-MATRIX-CP021B-R35.tsv|docs/research/PARSER-CONSTRUCTION-INTERNAL-PROVENANCE-REGISTER-CP021B-R37.tsv|docs/research/PARSER-CONSTRUCTION-INTERNAL-PROVENANCE-REGISTER-CP022-I1A-I04-R1.tsv|docs/research/PARSER-CONSTRUCTION-SOURCE-COVERAGE-CP021B-R37.tsv|docs/research/PARSER-CONSTRUCTION-SOURCE-MATRIX-CP021B-R37.tsv|docs/research/PARSER-CONSTRUCTION-SOURCE-REGISTER-CP021B-R37.tsv|docs/research/PRQ2-005-HOI1-HABITUAL-ESTABLISHED-ACTIVITY-COLLISION-AUDIT-R1.tsv|docs/research/PRQ2-005-HOI1-HABITUAL-ESTABLISHED-ACTIVITY-RESEARCH-R1.md|docs/research/PRQ2-005-HOI1-HABITUAL-ESTABLISHED-ACTIVITY-SOURCE-VERIFICATION-R1.tsv|docs/research/PRQ2-006-LOK6HEOI3-CONTINUATIVE-ASPECT-RESEARCH-R1.md|docs/research/UC-RQ-004-005-COMPARISON-HKCANCOR-ATTESTATION-R1.md|docs/research/UC-RQ-005-GWO3-SURPASS-COMPARATIVE-COLLISION-AUDIT-R1.tsv|docs/research/UC-RQ-005-GWO3-SURPASS-COMPARATIVE-RESEARCH-R1.md|docs/research/UC-RQ-007-VERB-COPY-FOCUS-CONSTRUCTION-RESEARCH-R1.md|docs/research/UC-RQ-014-015-SEPARABLE-COMPOUND-HKCANCOR-ATTESTATION-R1.md|docs/research/UC-RQ-030-SAAI3-TOTALITY-QUANTIFICATION-RESEARCH-R1.md|docs/research/UC-RQ-032-MEI6-NOT-YET-NEGATION-COLLISION-AUDIT-R1.tsv|docs/research/UC-RQ-032-MEI6-NOT-YET-NEGATION-RESEARCH-R1.md|docs/research/UC-RQ-032-MEI6-NOT-YET-NEGATION-SOURCE-VERIFICATION-R1.tsv|grammar/parser_heuristic/PolarQuestionFrame.md|grammar/research_pending/CompletionQuestion.md|grammar/research_pending/ExperientialQuestion.md|grammar/research_pending/ExperientialVP.md|grammar/research_pending/FragmentAnswer.md|grammar/research_pending/GoalAttainmentMotionVP.md|grammar/research_pending/NegatedDirectionalMotionVP.md|grammar/research_pending/NegatedStativePredicate.md|grammar/research_pending/NegativeExperiential.md|grammar/research_pending/PerfectiveVP.md|grammar/research_pending/PostverbalZoPerfectiveVP.md|grammar/unsupported_generalization/ExperientialClause.md|grammar/unsupported_generalization/ExperientialYesNoQuestion.md|grammar/unsupported_generalization/NegatedVP.md|grammar/unsupported_generalization/OpinionQuestion.md|test-data/a1-context-status-fixture.tsv|test-data/cp021b-lx1-construction-freeze-baseline.json|test-data/grammar-legitimacy-source-register.tsv|test-data/grammar-source-locators-CP021A.tsv|test-data/native-speaker-naturalness-evidence-v1.json|test-data/native-speaker-naturalness-evidence-v1.tsv|test-data/pre-intermediate-gold-corpus.tsv|tests/constructions/ANotAQuestion.json|tests/constructions/CompletionQuestion.json|tests/constructions/CompletionVP.json|tests/constructions/DirectionalMotionVP.json|tests/constructions/ExperientialMotionGoalVP.json|tests/constructions/ExperientialQuestion.json|tests/constructions/ExperientialYesNoQuestion.json|tests/constructions/MotionGoalVP.json|tests/constructions/NeedsContext.json|tests/constructions/NegativeExperiential.json|tests/constructions/PerfectiveVP.json|tests/constructions/PostverbalZoPerfectiveVP.json|tests/constructions/ProductiveVO.json|tests/constructions/ProgressiveWhObjectQuestion.json|tests/fixtures/boundary-closure-v1.json|tests/fixtures/np-subsystem.json|tests/fixtures/regression-snapshots.json	negation_aspect_review	REQUIRES_EXPERT_CONTEXT_REVIEW
GLOSSIKA-YUEHK-A1-DLG-006-20260104-I063	63	lexical_entry			23	決定	kyut3 ding6	decide, decision	sha256:c742c878827cbed8ed169aee735689a34e92ffe0b6d1d9b6475ec62d66ea7605	false			no_project_match	new_attestation				vocabulary_surface_absent_from_dialog	REQUIRES_EXPERT_CONTEXT_REVIEW
GLOSSIKA-YUEHK-A1-DLG-006-20260104-I064	64	lexical_entry			24	主修	zyu2 sau1	major (in)	sha256:d0e53ad19bd1a665691eb4c1cf10f5ed57ada60c9376b32e90d4b1cdd40908ef	false			no_project_match	new_attestation				vocabulary_surface_absent_from_dialog	REQUIRES_EXPERT_CONTEXT_REVIEW
GLOSSIKA-YUEHK-A1-DLG-006-20260104-I065	65	lexical_entry			25	諗	nam2	think, consider	sha256:1b837ac3e2db31b5ffd9d7c85d9ac70501775035dc4d0c7a9c82e7318f3f6cda	true			exact_duplicate_candidate	lexical_only_attestation	src/runtime-resources/lexicon/token-lexicon/verbs.js	src/parser/detectors/modality/intention-preference.js|src/parser/features/token-features.js|src/plugin-entry.js|src/runtime-resources/grammar/templates/construction-templates.js|src/runtime-resources/lexicon/token-lexicon/verbs.js	data/construction-adjudication-batches/batch-04.json|data/construction-adjudication-batches/batch-07.json|data/construction-adjudication-batches/batch-08.json|data/construction-candidate-readiness.json|data/construction-identities.json|data/pedagogical-corpus/glossika/GLOSSIKA-YUEHK-A1-DLG-005-20251228/crosswalk.json|data/pedagogical-corpus/glossika/GLOSSIKA-YUEHK-A1-DLG-005-20251228/items.tsv|data/pedagogical-corpus/glossika/GLOSSIKA-YUEHK-A1-DLG-005-20251228/review.json|data/pedagogical-corpus/glossika/GLOSSIKA-YUEHK-A1-DLG-005-20251228/source.json|data/slot-model.json|docs/research/CANONICAL-TARGET-ONTOLOGY-CP021B-R35.md|docs/research/COGNITION-SPEECH-INTENTION-SOURCE-MAP-CP021B-R31.md|docs/research/CONSTRUCTION-ADJUDICATION-BATCH-04.md|docs/research/CONSTRUCTION-ADJUDICATION-BATCH-08.md|docs/research/CP022-IMPLEMENTATION-BACKLOG-CP021B-R37.tsv|docs/research/CP035-P1-EXPERIENTIAL-DELIMITED-WRAPPER-AUDIT-R1.md|docs/research/CP035-P1-EXPERIENTIAL-DELIMITED-WRAPPER-INVENTORY-R1.tsv|docs/research/CP038-P1-SPEECH-TRANSFER-COMPLEMENT-WRAPPER-AUDIT-R1.md|docs/research/CP038-P1-SPEECH-TRANSFER-COMPLEMENT-WRAPPER-INVENTORY-R1.tsv|docs/research/GLOSSIKA-YUEHK-A1-DLG-005-20251228-CORPUS-INGRESS.md|docs/research/LANE-08-REPORTED-SPEECH-COGNITION-STANCE-SOURCE-MAP-CP021B-R15.md|docs/research/PARSER-CONSTRUCTION-CANONICAL-CONSOLIDATION-MATRIX-CP021B-R35.tsv|docs/research/PARSER-CONSTRUCTION-SOURCE-COVERAGE-CP021B-R37.tsv|docs/research/PARSER-CONSTRUCTION-SOURCE-MATRIX-CP021B-R37.tsv|docs/research/PARSER-CONSTRUCTION-SOURCE-REGISTER-CP021B-R37.tsv|docs/research/PRQ2-010-CEOI4ZO2-ZI1NGOI6-EXCLUSION-ADDITION-COLLISION-AUDIT-R1.tsv|docs/research/PRQ2-010-CEOI4ZO2-ZI1NGOI6-EXCLUSION-ADDITION-SOURCE-VERIFICATION-R1.tsv|docs/research/UC-RQ-001-GENERAL-ZOENG1-DISPOSAL-NATURAL-ATTESTATION-R1.tsv|docs/research/UC-RQ-002-003-DOUBLE-OBJECT-HKCANCOR-CENSUS-R1.md|docs/research/UC-RQ-018-ALTERNATIVE-QUESTION-COLLISION-AUDIT-R1.tsv|docs/research/UC-RQ-029-ZYU6-DURATIVE-COLLISION-AUDIT-R1.tsv|docs/research/UC-RQ-029-ZYU6-DURATIVE-DISPOSITION-R1.md|grammar/research_pending/IntentionFrame.md|grammar/unsupported_generalization/CognitionStatementClause.md|tests/constructions/DitransitiveSpeechVP.json|tests/constructions/IntentionFrame.json		REQUIRES_EXPERT_CONTEXT_REVIEW
GLOSSIKA-YUEHK-A1-DLG-006-20260104-I066	66	lexical_entry			26	緊	gan2	[progressive marker]	sha256:2f1865eb363fe04112a75963868fb0a085d9c6f4ba80f76faec0c82027a9d9a1	true			exact_duplicate_candidate	lexical_only_attestation	src/runtime-resources/lexicon/token-lexicon/function-words-and-particles.js	src/parser/context/descriptors.js|src/parser/detectors/aspect/composition.js|src/parser/detectors/motion/directional.js|src/parser/features/token-features.js|src/parser/tokenization/contextual-overrides.js|src/runtime-resources/constructions/runtime-label-registry.js|src/runtime-resources/grammar/templates/category-span-templates.js|src/runtime-resources/grammar/templates/slot-generation-rules.js|src/runtime-resources/lexicon/compositional-lexical-phrases.js|src/runtime-resources/lexicon/formulas.js|src/runtime-resources/lexicon/token-lexicon/degree-and-formulas.js|src/runtime-resources/lexicon/token-lexicon/function-words-and-particles.js|src/runtime-resources/lexicon/token-lexicon/referents-and-boundaries.js|src/runtime-resources/normalization/simplified-to-traditional.js	data/construction-adjudication-batches/batch-09.json|data/construction-adjudications.json|data/construction-candidate-readiness.json|data/construction-identities.json|data/pedagogical-corpus/glossika/GLOSSIKA-YUEHK-A1-DLG-003-20251214/crosswalk.json|data/pedagogical-corpus/glossika/GLOSSIKA-YUEHK-A1-DLG-003-20251214/items.tsv|data/pedagogical-corpus/glossika/GLOSSIKA-YUEHK-A1-DLG-003-20251214/review.json|data/pedagogical-corpus/glossika/GLOSSIKA-YUEHK-A1-DLG-003-20251214/source.json|data/pedagogical-corpus/glossika/GLOSSIKA-YUEHK-A1-DLG-004-20251221/crosswalk.json|data/pedagogical-corpus/glossika/GLOSSIKA-YUEHK-A1-DLG-004-20251221/items.tsv|data/pedagogical-corpus/glossika/GLOSSIKA-YUEHK-A1-DLG-004-20251221/review.json|data/pedagogical-corpus/glossika/GLOSSIKA-YUEHK-A1-DLG-004-20251221/source.json|data/pedagogical-corpus/glossika/GLOSSIKA-YUEHK-A1-W17-20260712/crosswalk.json|data/pedagogical-corpus/glossika/GLOSSIKA-YUEHK-A1-W17-20260712/items.tsv|data/pedagogical-corpus/glossika/GLOSSIKA-YUEHK-A1-W17-20260712/review.json|data/pedagogical-corpus/glossika/GLOSSIKA-YUEHK-A1-W17-20260712/source.json|data/pedagogical-corpus/glossika/GLOSSIKA-YUEHK-A1-W19-20260726/crosswalk.json|data/pedagogical-corpus/glossika/GLOSSIKA-YUEHK-A1-W19-20260726/items.tsv|data/pedagogical-corpus/glossika/GLOSSIKA-YUEHK-A1-W19-20260726/review.json|data/pedagogical-corpus/glossika/GLOSSIKA-YUEHK-A1-W19-20260726/source.json|data/research-ledgers/glossika-week19-claim-source.json|data/research-ledgers/glossika-week19-function-word-profiles.json|data/slot-model.json|docs/research/CONSTRUCTION-ADJUDICATION-BATCH-01.md|docs/research/CONSTRUCTION-ADJUDICATION-BATCH-09.md|docs/research/CP021B-CONTRADICTION-REGISTER.tsv|docs/research/CP022-IMPLEMENTATION-BACKLOG-CP021B-R37.tsv|docs/research/CP022-P1-PFV01-D1-RESEARCH-CHECKPOINT.md|docs/research/CP022-P1-PFV01-R1-RESEARCH-CHECKPOINT.md|docs/research/CP023-P1-CANDIDATE-RANKING.json|docs/research/CP023-P1-PROG01-CLAIM-SOURCE-EDGES-R3.tsv|docs/research/CP023-P1-PROG01-CLAIM-SOURCE-EDGES.tsv|docs/research/CP023-P1-PROG01-LEXICON-JYUTPING-VERIFICATION-R2.md|docs/research/CP023-P1-PROG01-LEXICON-SOURCE-REGISTER-R2.tsv|docs/research/CP023-P1-PROG01-NATURAL-ATTESTATION-ADJUDICATION.md|docs/research/CP023-P1-PROG01-NOMINAL-COORDINATION-DESIGN-R3.md|docs/research/CP023-P1-PROG01-NOMINAL-DI-ASSOCIATIVE-SCOPE-DESIGN-R3.md|docs/research/CP023-P1-PROG01-PREDICATE-COMPATIBILITY-FREEZE-R3.md|docs/research/CP023-P1-PROG01-PREDICATE-COMPATIBILITY-MATRIX-R3.tsv|docs/research/CP023-P1-PROG01-QUESTION-AND-SOURCE-FREEZE.md|docs/research/CP023-P1-PROG01-R1-RESEARCH-CHECKPOINT.md|docs/research/CP023-P1-PROG01-R2-RESEARCH-CHECKPOINT.md|docs/research/CP023-P1-PROG01-R3-RESEARCH-CHECKPOINT.md|docs/research/CP023-P1-PROG01-REMEDIATION-BLUEPRINT-R2.md|docs/research/CP023-P1-PROG01-REMEDIATION-DEPENDENCIES-R2.tsv|docs/research/CP023-P1-PROG01-SOURCE-REGISTER-R3.tsv|docs/research/CP025-P1-PFV01-IMPLEMENTATION-PROBE-R1.tsv|docs/research/CP025-P1-PFV01-SPEAKER-A-RAW-R2.md|docs/research/CP025-P1-PFV01-SPEAKER-A-RESULT-R2.tsv|docs/research/CP029-P1-PFV01-BOUNDARY-INVENTORY-R1.tsv|docs/research/CP029-P1-PFV01-PUBLIC-PANEL-R1-RESULT.md|docs/research/CP040-P1-FINAL-REACHABLE-WRAPPER-AUDIT-R1.md|docs/research/CP040-P1-FINAL-REACHABLE-WRAPPER-INVENTORY-R1.tsv|docs/research/EVALUATION-PACKET-BLUEPRINTS-CP021B-R37.json|docs/research/GLOSSIKA-YUEHK-A1-W19-20260726-RESEARCH.md|docs/research/LANE-03-FRAGMENTS-DISCOURSE-SOURCE-MAP-CP021B-R17.md|docs/research/LANE-05-PROGRESSIVE-DURATIVE-EXPERIENTIAL-SOURCE-MAP-CP021B-R13.md|docs/research/LANE-09-DIRECTIONAL-MOTION-SOURCE-MAP-CP021B-R3.md|docs/research/LANE-09-SERIAL-PURPOSE-SOURCE-MAP-CP021B-R16.md|docs/research/PARSER-CONSTRUCTION-CANONICAL-CONSOLIDATION-MATRIX-CP021B-R35.tsv|docs/research/PARSER-CONSTRUCTION-INTERNAL-PROVENANCE-REGISTER-CP021B-R37.tsv|docs/research/PARSER-CONSTRUCTION-INTERNAL-PROVENANCE-REGISTER-CP022-I1A-I04-R1.tsv|docs/research/PARSER-CONSTRUCTION-SOURCE-COVERAGE-CP021B-R37.tsv|docs/research/PARSER-CONSTRUCTION-SOURCE-MATRIX-CP021B-R37.tsv|docs/research/PARSER-CONSTRUCTION-SOURCE-REGISTER-CP021B-R37.tsv|docs/research/PRQ2-003-JYUT6-SCALAR-PROGRESSION-COLLISION-AUDIT-R1.tsv|docs/research/PRQ2-003-JYUT6-SCALAR-PROGRESSION-RESEARCH-R1.md|docs/research/PRQ2-005-HOI1-HABITUAL-ESTABLISHED-ACTIVITY-COLLISION-AUDIT-R1.tsv|docs/research/PRQ2-005-HOI1-HABITUAL-ESTABLISHED-ACTIVITY-RESEARCH-R1.md|docs/research/PRQ2-006-LOK6HEOI3-CONTINUATIVE-ASPECT-RESEARCH-R1.md|docs/research/PRQ2-015-MUI5-GO3GO3-DOU1-DISTRIBUTIVE-QUANTIFICATION-COLLISION-AUDIT-R1.tsv|docs/research/PRQ2-015-MUI5-GO3GO3-DOU1-DISTRIBUTIVE-QUANTIFICATION-RESEARCH-R1.md|docs/research/reopened-retired-labels/AspectMarkedTransformationPredicate.md|docs/research/RETIRED-CONSTRUCTION-ARCHIVE-v0.5.186-R1.tsv|docs/research/UC-RQ-016-HAI6-GE3-CLEFT-FOCUS-RESEARCH-R1.md|docs/research/UC-RQ-029-ZYU6-DURATIVE-COLLISION-AUDIT-R1.tsv|docs/research/UC-RQ-029-ZYU6-DURATIVE-DISPOSITION-R1.md|docs/research/UC-RQ-029-ZYU6-DURATIVE-SOURCE-VERIFICATION-R1.tsv|docs/research/UC-RQ-032-MEI6-NOT-YET-NEGATION-RESEARCH-R1.md|docs/research/UC-RQ-035-JAT1-ZAU6-IMMEDIATE-ANTERIORITY-RESEARCH-R1.md|grammar/research_pending/DirectedMannerMotionVP.md|grammar/research_pending/DurativeVP.md|grammar/research_pending/PostverbalZoPerfectiveVP.md|grammar/research_pending/ProgressiveVP.md|grammar/retired/README.md|grammar/unsupported_generalization/ExperientialClause.md|grammar/unsupported_generalization/ProgressiveDirectionalVP.md|grammar/unsupported_generalization/ProgressiveWhObjectQuestion.md|test-data/cp021b-lx1-construction-freeze-baseline.json|test-data/CP023-P1-PROG01-lexicon-baseline-probes.tsv|test-data/CP023-P1-PROG01-nominal-design-cases-r3.tsv|test-data/CP023-P1-PROG01-nominal-prerequisite-probes.tsv|test-data/CP023-P1-PROG01-visible-research-packet.tsv|test-data/native-speaker-naturalness-evidence-v1.json|test-data/native-speaker-naturalness-evidence-v1.tsv|test-data/pre-intermediate-gold-corpus.tsv|test-data/review-only-readiness.tsv|test-data/w17-lexicon-role-review.tsv|test-data/w17-lexicon.tsv|tests/constructions/ClauseRelationEdge.json|tests/constructions/ClauseRelationGraph.json|tests/constructions/ClauseRelationMemberSpan.json|tests/constructions/ClauseSpan.json|tests/constructions/DegreeStativePredicate.json|tests/constructions/MalformedCandidate.json|tests/constructions/PostverbalZoPerfectiveVP.json|tests/constructions/ProgressiveDirectionalVP.json|tests/constructions/ProgressiveVP.json|tests/constructions/ProgressiveWhObjectQuestion.json|tests/fixtures/regression-snapshots.json	progressive_marker_review	REQUIRES_EXPERT_CONTEXT_REVIEW
GLOSSIKA-YUEHK-A1-DLG-006-20260104-I067	67	lexical_entry			27	吖	aa1	[suggestion particle]	sha256:f34b416f3aa2df8f799d711f0301ec175f15f1aee803a7cc531c9639554f0e00	false			exact_duplicate_candidate	lexical_only_attestation	src/runtime-resources/lexicon/token-lexicon/degree-and-formulas.js	src/runtime-resources/lexicon/token-lexicon/degree-and-formulas.js|src/runtime-resources/pronunciation/jyutping-review-expectations.js	docs/research/DIRECTIVE-SUGGESTION-PRIORITY-SOURCE-MAP-CP021B-R27.md|docs/research/EVALUATION-PACKET-BLUEPRINTS-CP021B-R37.json|docs/research/PARSER-CONSTRUCTION-CANONICAL-CONSOLIDATION-MATRIX-CP021B-R35.tsv|docs/research/PARSER-CONSTRUCTION-SOURCE-MATRIX-CP021B-R37.tsv|docs/research/PRQ2-005-HOI1-HABITUAL-ESTABLISHED-ACTIVITY-COLLISION-AUDIT-R1.tsv|docs/research/PRQ2-005-HOI1-HABITUAL-ESTABLISHED-ACTIVITY-RESEARCH-R1.md|docs/research/PRQ2-009-GEI3JIN4-PREMISE-RESPONSE-COLLISION-AUDIT-R1.tsv|docs/research/PRQ2-009-GEI3JIN4-PREMISE-RESPONSE-SOURCE-VERIFICATION-R1.tsv|docs/research/PRQ2-012-JAT1HAI6-EXCLUSIVE-ALTERNATIVE-COLLISION-AUDIT-R1.tsv|docs/research/UC-RQ-001-GENERAL-ZOENG1-DISPOSAL-NATURAL-ATTESTATION-R1.tsv|docs/research/UC-RQ-002-003-DOUBLE-OBJECT-HKCANCOR-CENSUS-R1.md|test-data/cp021b-lx1-construction-freeze-baseline.json|tests/constructions/ClauseRelationGraph.json|tests/constructions/ExistentialQuestion.json|tests/constructions/NeedsContext.json|tests/fixtures/regression-snapshots.json	suggestion_particle_gloss_review|vocabulary_surface_absent_from_dialog	REQUIRES_EXPERT_CONTEXT_REVIEW
GLOSSIKA-YUEHK-A1-DLG-006-20260104-I068	68	lexical_entry			28	或者	waak6 ze2	or, perhaps	sha256:6e627a05038ca77138ebb3b97411904347935991da6f99fbc84bf75ef3b3c248	false			exact_duplicate_candidate	exact_duplicate		src/parser/detectors/definition/intended-function.js	data/natural-corpus/wechat-father-daughter-001.txt|docs/research/CP025-P1-PFV01-SPEAKER-A-RAW-R2.md|docs/research/CP026-P1-RUL01-CODE-DOCUMENT-COMPARISON-R1.tsv|docs/research/CP026-P1-RUL01-R1-REAUDIT-CHECKPOINT.md|docs/research/CP026-P1-RUL01-SPEAKER-A-FORM-R1.md|docs/research/CP032-P1-RUL01-CONTRAST-REQUIREMENTS-R1.tsv|docs/research/PRQ2-012-JAT1HAI6-EXCLUSIVE-ALTERNATIVE-COLLISION-AUDIT-R1.tsv|docs/research/PRQ2-012-JAT1HAI6-EXCLUSIVE-ALTERNATIVE-RESEARCH-R1.md|docs/research/PRQ2-012-JAT1HAI6-EXCLUSIVE-ALTERNATIVE-SOURCE-VERIFICATION-R1.tsv|docs/research/survey-derived/SV-RQ-001-007/SV-RQ-001-007-ROUND-2.md|docs/research/UC-RQ-018-ALTERNATIVE-QUESTION-COLLISION-AUDIT-R1.tsv|docs/research/UC-RQ-018-ALTERNATIVE-QUESTION-RESEARCH-R1.md|test-data/natural-corpus-wechat-father-daughter-001-turns.json|test-data/natural-corpus-wechat-father-daughter-001-turns.tsv|test-data/natural-corpus-wechat-father-daughter-001-units.json|test-data/natural-corpus-wechat-father-daughter-001-units.tsv	vocabulary_surface_absent_from_dialog	REQUIRES_EXPERT_CONTEXT_REVIEW
GLOSSIKA-YUEHK-A1-DLG-006-20260104-I069	69	lexical_entry			29	試吓	si3 haa5	try (it out)	sha256:08fb6a8091beb2baa250d5a5b239065a7a9b43ec5e4dbda5181ec53c5fe56f2f	false			exact_duplicate_candidate	exact_duplicate		src/parser/detectors/modality/intention-preference.js|src/runtime-resources/lexicon/compositional-lexical-phrases.js	docs/research/MODAL-DESIDERATIVE-PREFERENCE-SOURCE-MAP-CP021B-R14.md|docs/research/PARSER-CONSTRUCTION-SOURCE-MATRIX-CP021B-R37.tsv	vocabulary_surface_absent_from_dialog	REQUIRES_EXPERT_CONTEXT_REVIEW
GLOSSIKA-YUEHK-A1-DLG-006-20260104-I070	70	lexical_entry			30	唔同	m4 tung4	different, not the same	sha256:4c2feb4bf1fa45e46e5ea55c7b4bc9a66af0d392ac226490187fa41a70c2ff58	false			exact_duplicate_candidate	exact_duplicate			data/natural-corpus/wechat-father-daughter-001.txt|docs/research/UC-RQ-001-GENERAL-ZOENG1-DISPOSAL-NATURAL-ATTESTATION-R1.tsv|docs/research/UC-RQ-001-GENERAL-ZOENG1-DISPOSAL-RESEARCH-R1.md|test-data/natural-corpus-wechat-father-daughter-001-turns.json|test-data/natural-corpus-wechat-father-daughter-001-turns.tsv|test-data/natural-corpus-wechat-father-daughter-001-units.json|test-data/natural-corpus-wechat-father-daughter-001-units.tsv	vocabulary_surface_absent_from_dialog	REQUIRES_EXPERT_CONTEXT_REVIEW
GLOSSIKA-YUEHK-A1-DLG-006-20260104-I071	71	lexical_entry			31	行業	hong4 jip6	industry, profession	sha256:3968aaf78d8599d322bc9de245826e4c24b703945f0ecf0b828a1daf540505bd	false			no_project_match	new_attestation				vocabulary_surface_absent_from_dialog	REQUIRES_EXPERT_CONTEXT_REVIEW
GLOSSIKA-YUEHK-A1-DLG-006-20260104-I072	72	lexical_entry			32	睇吓	tai2 haa5	see, look, check out	sha256:2334083926de3005e048b6381c2ee6dbe4b718c9710e0b01ad7e3abed9f206f2	false			exact_duplicate_candidate	exact_duplicate			docs/research/CP035-P1-EXPERIENTIAL-DELIMITED-WRAPPER-AUDIT-R1.md|docs/research/FINAL-LANGUAGE-LABEL-COVERAGE-SOURCE-MAP-CP021B-R33.md|docs/research/PARSER-CONSTRUCTION-SOURCE-MATRIX-CP021B-R37.tsv|docs/research/PARSER-CONSTRUCTION-SOURCE-REGISTER-CP021B-R37.tsv|docs/research/survey-derived/SV-RQ-001-007/SV-RQ-001-007-ROUND-1.md|docs/research/survey-derived/SV-RQ-001-007/SV-RQ-001-007-SOURCE-LEDGER.json	vocabulary_surface_absent_from_dialog	REQUIRES_EXPERT_CONTEXT_REVIEW
GLOSSIKA-YUEHK-A1-DLG-006-20260104-I073	73	lexical_entry			33	啱唔啱	ngaam1 m4 ngaam1	suitable or not, whether fits	sha256:185d04b54771b96311ffc13bba968ed709800d3d9fcedcb76a51541a9a3e0626	false			exact_duplicate_candidate	exact_duplicate			docs/research/LANE-07-A-NOT-A-QUESTIONS-SOURCE-MAP-CP021B-R7.md|docs/research/PARSER-CONSTRUCTION-SOURCE-MATRIX-CP021B-R37.tsv|grammar/unsupported_generalization/AcceptabilityANotA.md|test-data/cp021b-lx1-construction-freeze-baseline.json|test-data/native-speaker-naturalness-evidence-v1.json|test-data/native-speaker-naturalness-evidence-v1.tsv|tests/constructions/FragmentAnswer.json|tests/constructions/OpinionStanceFrame.json|tests/constructions/StativePredicate.json|tests/fixtures/regression-snapshots.json	a_not_a_predicate_review|vocabulary_surface_absent_from_dialog	REQUIRES_EXPERT_CONTEXT_REVIEW
GLOSSIKA-YUEHK-A1-DLG-006-20260104-I074	74	lexical_entry			34	自己	zi6 gei2	oneself, myself	sha256:e8b987f0e8399dd6fc41b12c9f822364a2dd573ea2563490110de808374db249	true			exact_duplicate_candidate	lexical_only_attestation	src/runtime-resources/lexicon/token-lexicon/study-suite.js	src/runtime-resources/lexicon/token-lexicon/study-suite.js	data/pedagogical-corpus/glossika/GLOSSIKA-YUEHK-A1-DLG-003-20251214/crosswalk.json|data/pedagogical-corpus/glossika/GLOSSIKA-YUEHK-A1-DLG-003-20251214/items.tsv|data/pedagogical-corpus/glossika/GLOSSIKA-YUEHK-A1-DLG-003-20251214/review.json|data/pedagogical-corpus/glossika/GLOSSIKA-YUEHK-A1-DLG-003-20251214/source.json|data/pedagogical-corpus/glossika/GLOSSIKA-YUEHK-A1-DLG-005-20251228/crosswalk.json|data/pedagogical-corpus/glossika/GLOSSIKA-YUEHK-A1-DLG-005-20251228/items.tsv|data/pedagogical-corpus/glossika/GLOSSIKA-YUEHK-A1-DLG-005-20251228/review.json|data/pedagogical-corpus/glossika/GLOSSIKA-YUEHK-A1-DLG-005-20251228/source.json|docs/research/AB30-ZO-R-HKCANCOR-CLAIM-CROSS-REFERENCE-R2.md|docs/research/CP025-P1-PFV01-SPEAKER-A-RAW-R2.md|docs/research/CP026-P1-RUL01-SPEAKER-A-FORM-R1.md|docs/research/PRQ2-006-LOK6HEOI3-CONTINUATIVE-ASPECT-RESEARCH-R1.md|docs/research/PRQ2-013-JYU5KEI4-BAT1JYU4-ORDERED-PREFERENCE-COLLISION-AUDIT-R1.tsv|docs/research/PRQ2-015-MUI5-GO3GO3-DOU1-DISTRIBUTIVE-QUANTIFICATION-COLLISION-AUDIT-R1.tsv|docs/research/PRQ2-015-MUI5-GO3GO3-DOU1-DISTRIBUTIVE-QUANTIFICATION-RESEARCH-R1.md|docs/research/PRQ2-035-NING4JYUN6-DOU1-COMMITTED-PREFERENCE-COLLISION-AUDIT-R1.tsv|docs/research/PRQ2-035-NING4JYUN6-DOU1-COMMITTED-PREFERENCE-SOURCE-VERIFICATION-R1.tsv|docs/research/survey-derived/HKCanCor/HKCANCOR-SV-RQ-008-010-RESEARCH-NOTE-R1.md|docs/research/UC-RQ-001-GENERAL-ZOENG1-DISPOSAL-NATURAL-ATTESTATION-R1.tsv|docs/research/UC-RQ-004-005-COMPARISON-HKCANCOR-ATTESTATION-R1.md|docs/research/UC-RQ-024-ZI6GEI2-REFLEXIVE-BINDING-COLLISION-AUDIT-R1.tsv|docs/research/UC-RQ-024-ZI6GEI2-REFLEXIVE-BINDING-RESEARCH-R1.md|docs/research/UC-RQ-024-ZI6GEI2-REFLEXIVE-BINDING-SOURCE-VERIFICATION-R1.tsv|docs/research/WECHAT-GX-TRAVEL-002-ADJUDICATION-REPORT.md|docs/research/WECHAT-GX-TRAVEL-002-REGRESSION-REMEDIATION-READINESS-R2.md|test-data/natural-corpus-wechat-guangxi-travel-002-raw.txt|test-data/natural-corpus-wechat-guangxi-travel-002-turns.json|test-data/natural-corpus-wechat-guangxi-travel-002-turns.tsv|test-data/natural-corpus-wechat-guangxi-travel-002-units.json|test-data/natural-corpus-wechat-guangxi-travel-002-units.tsv|test-data/WECHAT-GX-TRAVEL-002-ADJUDICATION-MATRIX.json|test-data/WECHAT-GX-TRAVEL-002-ADJUDICATION-MATRIX.tsv|test-data/WECHAT-GX-TRAVEL-002-QUEUE-D-context_disfluency_research.tsv|test-data/WECHAT-GX-TRAVEL-002-QUEUE-G-grammar_research_external_evidence.tsv|test-data/WECHAT-GX-TRAVEL-002-QUEUE-L-lexicon_jyutping_enrichment.tsv|test-data/WECHAT-GX-TRAVEL-002-QUEUE-R-accepted_behavior_regression.tsv|test-data/WECHAT-GX-TRAVEL-002-REGRESSION-REMEDIATION-READINESS-R2.json|test-data/WECHAT-GX-TRAVEL-002-REGRESSION-REMEDIATION-READINESS-R2.tsv|tests/constructions/ClauseRelationGraph.json		REQUIRES_EXPERT_CONTEXT_REVIEW
GLOSSIKA-YUEHK-A1-DLG-006-20260104-I075	75	lexical_entry			35	幾	gei2	how many, quite	sha256:8f54a7742791e413be772e1603cbfb4926c2d60b2ccd44fa44aa05f0557e2088	true			exact_duplicate_candidate	lexical_only_attestation	src/runtime-resources/lexicon/token-lexicon/degree-and-formulas.js	src/parser/context/descriptors.js|src/parser/detectors/questions/wh-scalar.js|src/parser/detectors/transfer/passive-permissive.js|src/parser/orchestration/wrap-core.js|src/parser/orchestration/wrap-predicate.js|src/plugin-entry.js|src/render/learner-display.js|src/runtime-resources/constructions/runtime-label-registry.js|src/runtime-resources/grammar/templates/slot-generation-rules.js|src/runtime-resources/lexicon/token-lexicon/degree-and-formulas.js|src/runtime-resources/lexicon/token-lexicon/referents-and-boundaries.js	data/construction-adjudication-batches/batch-06.json|data/construction-adjudication-batches/batch-07.json|data/construction-adjudication-batches/batch-08.json|data/construction-adjudication-batches/batch-10.json|data/construction-candidate-readiness.json|data/construction-identities.json|data/natural-corpus/wechat-father-daughter-001.txt|data/pedagogical-corpus/glossika/GLOSSIKA-YUEHK-A1-DLG-002-20251207/crosswalk.json|data/pedagogical-corpus/glossika/GLOSSIKA-YUEHK-A1-DLG-002-20251207/items.tsv|data/pedagogical-corpus/glossika/GLOSSIKA-YUEHK-A1-DLG-002-20251207/review.json|data/pedagogical-corpus/glossika/GLOSSIKA-YUEHK-A1-DLG-002-20251207/source.json|data/pedagogical-corpus/glossika/GLOSSIKA-YUEHK-A1-DLG-003-20251214/crosswalk.json|data/pedagogical-corpus/glossika/GLOSSIKA-YUEHK-A1-DLG-003-20251214/items.tsv|data/pedagogical-corpus/glossika/GLOSSIKA-YUEHK-A1-DLG-003-20251214/review.json|data/pedagogical-corpus/glossika/GLOSSIKA-YUEHK-A1-DLG-003-20251214/source.json|data/pedagogical-corpus/glossika/GLOSSIKA-YUEHK-A1-DLG-004-20251221/crosswalk.json|data/pedagogical-corpus/glossika/GLOSSIKA-YUEHK-A1-DLG-004-20251221/items.tsv|data/pedagogical-corpus/glossika/GLOSSIKA-YUEHK-A1-DLG-004-20251221/review.json|data/pedagogical-corpus/glossika/GLOSSIKA-YUEHK-A1-DLG-004-20251221/source.json|data/pedagogical-corpus/glossika/GLOSSIKA-YUEHK-A1-DLG-005-20251228/crosswalk.json|data/pedagogical-corpus/glossika/GLOSSIKA-YUEHK-A1-DLG-005-20251228/items.tsv|data/pedagogical-corpus/glossika/GLOSSIKA-YUEHK-A1-DLG-005-20251228/review.json|data/pedagogical-corpus/glossika/GLOSSIKA-YUEHK-A1-DLG-005-20251228/source.json|data/pedagogical-corpus/glossika/GLOSSIKA-YUEHK-A1-W14-20260621/items.tsv|data/pedagogical-corpus/glossika/GLOSSIKA-YUEHK-A1-W14-20260621/review.json|data/pedagogical-corpus/glossika/GLOSSIKA-YUEHK-A1-W14-20260621/source.json|data/pedagogical-corpus/glossika/GLOSSIKA-YUEHK-A1-W19-20260726/crosswalk.json|data/pedagogical-corpus/glossika/GLOSSIKA-YUEHK-A1-W19-20260726/items.tsv|data/pedagogical-corpus/glossika/GLOSSIKA-YUEHK-A1-W19-20260726/review.json|data/pedagogical-corpus/glossika/GLOSSIKA-YUEHK-A1-W19-20260726/source.json|data/research-ledgers/glossika-week14-claim-source.json|data/research-ledgers/glossika-week14-followup-candidates.json|data/research-ledgers/glossika-week19-claim-source.json|data/slot-model.json|docs/research/AB30-ZO-M-HKCANCOR-CLAIM-CROSS-REFERENCE-R1.md|docs/research/AB30-ZO-R-HKCANCOR-CLAIM-CROSS-REFERENCE-R2.md|docs/research/CONSTRUCTION-ADJUDICATION-BATCH-06.md|docs/research/CONSTRUCTION-ADJUDICATION-BATCH-07.md|docs/research/CONSTRUCTION-ADJUDICATION-BATCH-08.md|docs/research/CONSTRUCTION-ADJUDICATION-BATCH-10.md|docs/research/CP039-P1-EVALUATION-SCALAR-QUESTION-WRAPPER-AUDIT-R1.md|docs/research/CP061-P1-HIGH-FANOUT-BOUNDARY-CLOSURE-R1.md|docs/research/EVALUATION-PACKET-BLUEPRINTS-CP021B-R37.json|docs/research/GLOSSIKA-YUEHK-A1-W14-20260621-RESEARCH.md|docs/research/GLOSSIKA-YUEHK-A1-W19-20260726-RESEARCH.md|docs/research/LANE-10-MEASURE-SCALAR-SOURCE-MAP-CP021B-R19.md|docs/research/LANE-10-STATIVE-PREDICATION-SOURCE-MAP-CP021B-R8.md|docs/research/NEGATION-ACCEPTABILITY-OPINION-SCHEDULING-SOURCE-MAP-CP021B-R30.md|docs/research/PARSER-CONSTRUCTION-CANONICAL-CONSOLIDATION-MATRIX-CP021B-R35.tsv|docs/research/PARSER-CONSTRUCTION-INTERNAL-PROVENANCE-REGISTER-CP021B-R37.tsv|docs/research/PARSER-CONSTRUCTION-INTERNAL-PROVENANCE-REGISTER-CP022-I1A-I04-R1.tsv|docs/research/PARSER-CONSTRUCTION-SOURCE-MATRIX-CP021B-R37.tsv|docs/research/PARSER-CONSTRUCTION-SOURCE-REGISTER-CP021B-R37.tsv|docs/research/PRQ2-001-YAU5-MOU5-DAK1-AVAILABILITY-RESEARCH-R1.md|docs/research/PRQ2-001-YAU5-MOU5-DAK1-AVAILABILITY-SOURCE-VERIFICATION-R1.tsv|docs/research/PRQ2-033-JAU6-JAU6-COEXISTENT-PREDICATE-COLLISION-AUDIT-R1.tsv|docs/research/QUANTITY-SCALAR-ACTION-BOUNDARIES-SOURCE-MAP-CP021B-R29.md|docs/research/RETIRED-CONSTRUCTION-ARCHIVE-v0.5.186-R1.tsv|docs/research/UC-RQ-001-GENERAL-ZOENG1-DISPOSAL-NATURAL-ATTESTATION-R1.tsv|docs/research/UC-RQ-008-WH-INDETERMINATE-SOURCE-VERIFICATION-R1.tsv|docs/research/UC-RQ-014-015-SEPARABLE-COMPOUND-HKCANCOR-ATTESTATION-R1.md|docs/research/UC-RQ-020-WH-DOU1-FREE-CHOICE-DISPOSITION-R1.md|docs/research/UC-RQ-037-ZAU6SYUN3-DOU1-SCALAR-CONCESSIVE-RESEARCH-R1.md|grammar/research_pending/ActionStativeVP.md|grammar/research_pending/DegreeModifiedLexicalStative.md|grammar/research_pending/ExistentialClause.md|grammar/research_pending/ExistentialPresentationalClause.md|grammar/research_pending/ExistentialWhQuestion.md|grammar/research_pending/NominalPredicateClause.md|grammar/research_pending/ScalarValueQuestion.md|grammar/retired/README.md|grammar/unsupported_generalization/AcceptabilityClause.md|test-data/cp021b-lx1-construction-freeze-baseline.json|test-data/native-naturalness-conflict-dispositions.tsv|test-data/native-speaker-naturalness-evidence-v1.json|test-data/native-speaker-naturalness-evidence-v1.tsv|test-data/natural-corpus-wechat-father-daughter-001-turns.json|test-data/natural-corpus-wechat-father-daughter-001-turns.tsv|test-data/natural-corpus-wechat-father-daughter-001-units.json|test-data/natural-corpus-wechat-father-daughter-001-units.tsv|test-data/natural-corpus-wechat-guangxi-travel-002-turns.json|test-data/natural-corpus-wechat-guangxi-travel-002-turns.tsv|test-data/natural-corpus-wechat-guangxi-travel-002-units.json|test-data/natural-corpus-wechat-guangxi-travel-002-units.tsv|test-data/WECHAT-GX-TRAVEL-002-ADJUDICATION-MATRIX.json|test-data/WECHAT-GX-TRAVEL-002-ADJUDICATION-MATRIX.tsv|test-data/WECHAT-GX-TRAVEL-002-LEXICON-PATCH-BLUEPRINT-R2.json|test-data/WECHAT-GX-TRAVEL-002-LEXICON-PATCH-BLUEPRINT-R2.tsv|test-data/WECHAT-GX-TRAVEL-002-LEXICON-PATCH-TEST-MATRIX-R2.tsv|test-data/WECHAT-GX-TRAVEL-002-QUEUE-D-context_disfluency_research.tsv|test-data/WECHAT-GX-TRAVEL-002-QUEUE-G-grammar_research_external_evidence.tsv|test-data/WECHAT-GX-TRAVEL-002-QUEUE-L-lexicon_jyutping_enrichment.tsv|tests/constructions/AcceptabilityClause.json|tests/constructions/ActionStativeVP.json|tests/constructions/ANotAQuestion.json|tests/constructions/ClauseRelationMemberSpan.json|tests/constructions/ClauseSpan.json|tests/constructions/ComplementEllipsisFragment.json|tests/constructions/CompletionQuestion.json|tests/constructions/DegreeStativePredicate.json|tests/constructions/ExistentialQuestion.json|tests/constructions/ExistentialWhQuestion.json|tests/constructions/FormulaDiscourseUnit.json|tests/constructions/FragmentQuestion.json|tests/constructions/LocativeWhQuestion.json|tests/constructions/ModalANotAQuestion.json|tests/constructions/ModalVP.json|tests/constructions/ModifiedNP.json|tests/constructions/NominalHeadSpan.json|tests/constructions/PolarQuestionFrame.json|tests/constructions/ProgressiveWhObjectQuestion.json|tests/constructions/QuantifiedClassifierNP.json|tests/constructions/QuantifiedTimeNP.json|tests/constructions/ScalarValueQuestion.json|tests/constructions/WhClassifierQuestion.json|tests/fixtures/boundary-closure-v1.json|tests/fixtures/regression-snapshots.json	wh_degree_polysemy_review	REQUIRES_EXPERT_CONTEXT_REVIEW
GLOSSIKA-YUEHK-A1-DLG-006-20260104-I076	76	lexical_entry			36	咁樣	gam2 joeng2	like this, this way	sha256:7a9153e5f6c9cb322d95cf8e27ed0eadfabc2c70c13a6d2f2528fb0f46687b3a	false			exact_duplicate_candidate	exact_duplicate			data/natural-corpus/wechat-father-daughter-001.txt|docs/research/PRQ2-006-LOK6HEOI3-CONTINUATIVE-ASPECT-COLLISION-AUDIT-R1.tsv|docs/research/PRQ2-006-LOK6HEOI3-CONTINUATIVE-ASPECT-RESEARCH-R1.md|docs/research/PRQ2-006-LOK6HEOI3-CONTINUATIVE-ASPECT-SOURCE-VERIFICATION-R1.tsv|test-data/natural-corpus-wechat-father-daughter-001-turns.json|test-data/natural-corpus-wechat-father-daughter-001-turns.tsv|test-data/natural-corpus-wechat-father-daughter-001-units.json|test-data/natural-corpus-wechat-father-daughter-001-units.tsv|test-data/natural-corpus-wechat-guangxi-travel-002-turns.json|test-data/natural-corpus-wechat-guangxi-travel-002-turns.tsv|test-data/natural-corpus-wechat-guangxi-travel-002-units.json|test-data/natural-corpus-wechat-guangxi-travel-002-units.tsv|test-data/WECHAT-GX-TRAVEL-002-ADJUDICATION-MATRIX.json|test-data/WECHAT-GX-TRAVEL-002-ADJUDICATION-MATRIX.tsv|test-data/WECHAT-GX-TRAVEL-002-QUEUE-D-context_disfluency_research.tsv|test-data/WECHAT-GX-TRAVEL-002-QUEUE-L-lexicon_jyutping_enrichment.tsv	vocabulary_surface_absent_from_dialog	REQUIRES_EXPERT_CONTEXT_REVIEW
GLOSSIKA-YUEHK-A1-DLG-006-20260104-I077	77	lexical_entry			37	好主意	hou2 zyu2 ji3	good idea	sha256:3fa5a38f066f6feb18b798a68077f48152a2d94904fe069cd0d3621c102b03ff	false			exact_duplicate_candidate	lexical_only_attestation	src/runtime-resources/lexicon/token-lexicon/things.js	src/runtime-resources/lexicon/formulas.js|src/runtime-resources/lexicon/token-lexicon/things.js	data/pedagogical-corpus/glossika/GLOSSIKA-YUEHK-A1-DLG-005-20251228/crosswalk.json|data/pedagogical-corpus/glossika/GLOSSIKA-YUEHK-A1-DLG-005-20251228/items.tsv|data/pedagogical-corpus/glossika/GLOSSIKA-YUEHK-A1-DLG-005-20251228/review.json|data/pedagogical-corpus/glossika/GLOSSIKA-YUEHK-A1-DLG-005-20251228/source.json|docs/research/LANE-03-FRAGMENTS-DISCOURSE-SOURCE-MAP-CP021B-R17.md	vocabulary_surface_absent_from_dialog	REQUIRES_EXPERT_CONTEXT_REVIEW
GLOSSIKA-YUEHK-A1-DLG-006-20260104-I078	78	lexical_entry			38	多	do1	many, much, more	sha256:4dec7f707c69bcace5d53892c8742c30314fda0559982ac21f8ca1e1605f8ffa	true			exact_duplicate_candidate	lexical_only_attestation	src/runtime-resources/lexicon/token-lexicon/statives.js	src/parser/context/descriptors.js|src/parser/detectors/np/token-splits.js|src/parser/detectors/transfer/passive-permissive.js|src/runtime-resources/constructions/runtime-label-registry.js|src/runtime-resources/grammar/templates/category-span-templates.js|src/runtime-resources/lexicon/compositional-lexical-phrases.js|src/runtime-resources/lexicon/formulas.js|src/runtime-resources/lexicon/token-lexicon/degree-and-formulas.js|src/runtime-resources/lexicon/token-lexicon/function-words-and-particles.js|src/runtime-resources/lexicon/token-lexicon/statives.js	data/construction-adjudication-batches/batch-06.json|data/construction-adjudication-batches/batch-08.json|data/construction-adjudication-batches/batch-10.json|data/construction-candidate-readiness.json|data/construction-identities.json|data/pedagogical-corpus/glossika/GLOSSIKA-YUEHK-A1-DLG-002-20251207/crosswalk.json|data/pedagogical-corpus/glossika/GLOSSIKA-YUEHK-A1-DLG-002-20251207/items.tsv|data/pedagogical-corpus/glossika/GLOSSIKA-YUEHK-A1-DLG-002-20251207/review.json|data/pedagogical-corpus/glossika/GLOSSIKA-YUEHK-A1-DLG-002-20251207/source.json|data/pedagogical-corpus/glossika/GLOSSIKA-YUEHK-A1-DLG-003-20251214/crosswalk.json|data/pedagogical-corpus/glossika/GLOSSIKA-YUEHK-A1-DLG-003-20251214/items.tsv|data/pedagogical-corpus/glossika/GLOSSIKA-YUEHK-A1-DLG-003-20251214/review.json|data/pedagogical-corpus/glossika/GLOSSIKA-YUEHK-A1-DLG-003-20251214/source.json|data/pedagogical-corpus/glossika/GLOSSIKA-YUEHK-A1-DLG-004-20251221/crosswalk.json|data/pedagogical-corpus/glossika/GLOSSIKA-YUEHK-A1-DLG-004-20251221/items.tsv|data/pedagogical-corpus/glossika/GLOSSIKA-YUEHK-A1-DLG-004-20251221/review.json|data/pedagogical-corpus/glossika/GLOSSIKA-YUEHK-A1-DLG-004-20251221/source.json|data/pedagogical-corpus/glossika/GLOSSIKA-YUEHK-A1-DLG-005-20251228/crosswalk.json|data/pedagogical-corpus/glossika/GLOSSIKA-YUEHK-A1-DLG-005-20251228/items.tsv|data/pedagogical-corpus/glossika/GLOSSIKA-YUEHK-A1-DLG-005-20251228/review.json|data/pedagogical-corpus/glossika/GLOSSIKA-YUEHK-A1-DLG-005-20251228/source.json|data/pedagogical-corpus/glossika/GLOSSIKA-YUEHK-A1-W14-20260621/items.tsv|data/pedagogical-corpus/glossika/GLOSSIKA-YUEHK-A1-W14-20260621/review.json|data/pedagogical-corpus/glossika/GLOSSIKA-YUEHK-A1-W14-20260621/source.json|data/pedagogical-corpus/glossika/GLOSSIKA-YUEHK-A1-W16-20260705/items.tsv|data/pedagogical-corpus/glossika/GLOSSIKA-YUEHK-A1-W16-20260705/review.json|data/pedagogical-corpus/glossika/GLOSSIKA-YUEHK-A1-W16-20260705/source.json|data/pedagogical-corpus/glossika/GLOSSIKA-YUEHK-A1-W17-20260712/crosswalk.json|data/pedagogical-corpus/glossika/GLOSSIKA-YUEHK-A1-W17-20260712/items.tsv|data/pedagogical-corpus/glossika/GLOSSIKA-YUEHK-A1-W17-20260712/review.json|data/pedagogical-corpus/glossika/GLOSSIKA-YUEHK-A1-W17-20260712/source.json|data/pedagogical-corpus/glossika/GLOSSIKA-YUEHK-A1-W18-20260719/crosswalk.json|data/pedagogical-corpus/glossika/GLOSSIKA-YUEHK-A1-W18-20260719/items.tsv|data/pedagogical-corpus/glossika/GLOSSIKA-YUEHK-A1-W18-20260719/review.json|data/pedagogical-corpus/glossika/GLOSSIKA-YUEHK-A1-W18-20260719/source.json|data/pedagogical-corpus/glossika/GLOSSIKA-YUEHK-A1-W19-20260726/crosswalk.json|data/pedagogical-corpus/glossika/GLOSSIKA-YUEHK-A1-W19-20260726/items.tsv|data/pedagogical-corpus/glossika/GLOSSIKA-YUEHK-A1-W19-20260726/review.json|data/pedagogical-corpus/glossika/GLOSSIKA-YUEHK-A1-W19-20260726/source.json|data/research-ledgers/glossika-week14-claim-source.json|data/research-ledgers/glossika-week14-followup-candidates.json|data/research-ledgers/glossika-week18-claim-source.json|data/research-ledgers/glossika-week19-claim-source.json|data/slot-model.json|docs/research/AB30-ZO-M-HKCANCOR-CLAIM-CROSS-REFERENCE-R1.md|docs/research/AB30-ZO-R-HKCANCOR-CLAIM-CROSS-REFERENCE-R2.md|docs/research/CONSTRUCTION-ADJUDICATION-BATCH-06.md|docs/research/CONSTRUCTION-ADJUDICATION-BATCH-08.md|docs/research/CONSTRUCTION-ADJUDICATION-BATCH-10.md|docs/research/CP036-P1-RESULT-CHANGE-STATE-WRAPPER-AUDIT-R1.md|docs/research/CP054-P1-SCALAR-EVALUATION-RECONCILIATION-R1.md|docs/research/EVALUATION-PACKET-BLUEPRINTS-CP021B-R37.json|docs/research/GLOSSIKA-YUEHK-A1-W14-20260621-RESEARCH.md|docs/research/GLOSSIKA-YUEHK-A1-W18-20260719-RESEARCH.md|docs/research/GLOSSIKA-YUEHK-A1-W19-20260726-RESEARCH.md|docs/research/LANE-03-FRAGMENTS-DISCOURSE-SOURCE-MAP-CP021B-R17.md|docs/research/LANE-10-MEASURE-SCALAR-SOURCE-MAP-CP021B-R19.md|docs/research/PARSER-CONSTRUCTION-CANONICAL-CONSOLIDATION-MATRIX-CP021B-R35.tsv|docs/research/PARSER-CONSTRUCTION-INTERNAL-PROVENANCE-REGISTER-CP021B-R37.tsv|docs/research/PARSER-CONSTRUCTION-INTERNAL-PROVENANCE-REGISTER-CP022-I1A-I04-R1.tsv|docs/research/PARSER-CONSTRUCTION-SOURCE-MATRIX-CP021B-R37.tsv|docs/research/PARSER-CONSTRUCTION-SOURCE-REGISTER-CP021B-R37.tsv|docs/research/PRQ2-003-JYUT6-SCALAR-PROGRESSION-COLLISION-AUDIT-R1.tsv|docs/research/PRQ2-003-JYUT6-SCALAR-PROGRESSION-RESEARCH-R1.md|docs/research/PRQ2-003-JYUT6-SCALAR-PROGRESSION-SOURCE-VERIFICATION-R1.tsv|docs/research/PRQ2-004-CAA1DI1-NEAR-MISS-COLLISION-AUDIT-R1.tsv|docs/research/PRQ2-004-CAA1DI1-NEAR-MISS-RESEARCH-R1.md|docs/research/PRQ2-004-CAA1DI1-NEAR-MISS-SOURCE-VERIFICATION-R1.tsv|docs/research/PRQ2-014-ZI2JAU5-SIN1ZI3-NECESSARY-CONDITION-COLLISION-AUDIT-R1.tsv|docs/research/PRQ2-035-NING4JYUN6-DOU1-COMMITTED-PREFERENCE-COLLISION-AUDIT-R1.tsv|docs/research/QUANTITY-SCALAR-ACTION-BOUNDARIES-SOURCE-MAP-CP021B-R29.md|docs/research/RESULT-CHANGE-WRAPPERS-SOURCE-MAP-CP021B-R28.md|docs/research/RETIRED-CONSTRUCTION-ARCHIVE-v0.5.186-R1.tsv|docs/research/survey-derived/HKCanCor/HKCANCOR-SV-RQ-008-010-RESEARCH-NOTE-R1.md|docs/research/survey-derived/HKCanCor/HKCANCOR-SV-RQ-008-010-REVIEWED-RESULTS-R1.json|docs/research/survey-derived/SV-RQ-001-007/SV-RQ-001-007-ATTESTATION-REGISTER-R2.json|docs/research/survey-derived/SV-RQ-001-007/SV-RQ-001-007-ROUND-2.md|docs/research/UC-RQ-001-GENERAL-ZOENG1-DISPOSAL-NATURAL-ATTESTATION-R1.tsv|docs/research/UC-RQ-002-003-DOUBLE-OBJECT-HKCANCOR-CENSUS-R1.md|docs/research/UC-RQ-004-005-COMPARISON-HKCANCOR-ATTESTATION-R1.md|docs/research/UC-RQ-005-GWO3-SURPASS-COMPARATIVE-COLLISION-AUDIT-R1.tsv|docs/research/UC-RQ-005-GWO3-SURPASS-COMPARATIVE-RESEARCH-R1.md|docs/research/UC-RQ-026-DI1-DEGREE-COLLISION-AUDIT-R1.tsv|docs/research/UC-RQ-026-DI1-DEGREE-DISPOSITION-R1.md|docs/research/UC-RQ-027-ZEOI3-SUPERLATIVE-COLLISION-AUDIT-R1.tsv|docs/research/UC-RQ-027-ZEOI3-SUPERLATIVE-RESEARCH-R1.md|docs/research/UC-RQ-030-SAAI3-TOTALITY-QUANTIFICATION-COLLISION-AUDIT-R1.tsv|docs/research/UC-RQ-030-SAAI3-TOTALITY-QUANTIFICATION-RESEARCH-R1.md|docs/research/WECHAT-GX-TRAVEL-002-ADJUDICATION-REPORT.md|docs/research/WECHAT-GX-TRAVEL-002-LEXICON-JYUTPING-READINESS-R1.md|docs/research/WECHAT-GX-TRAVEL-002-LEXICON-JYUTPING-VERIFICATION-R2.md|docs/research/WECHAT-GX-TRAVEL-002-LEXICON-PATCH-BLUEPRINT-R2.md|grammar/research_pending/ExistentialClause.md|grammar/research_pending/ExistentialPresentationalClause.md|grammar/research_pending/ExistentialWhQuestion.md|grammar/research_pending/NominalPredicateClause.md|grammar/research_pending/PossessiveClassifierNP.md|grammar/research_pending/ScalarValueQuestion.md|grammar/retired/README.md|grammar/unsupported_generalization/QuantifiedPersonNP.md|test-data/cp021b-lx1-construction-freeze-baseline.json|test-data/native-naturalness-conflict-dispositions.tsv|test-data/native-speaker-naturalness-evidence-v1.json|test-data/native-speaker-naturalness-evidence-v1.tsv|test-data/natural-corpus-wechat-guangxi-travel-002-raw.txt|test-data/natural-corpus-wechat-guangxi-travel-002-turns.json|test-data/natural-corpus-wechat-guangxi-travel-002-turns.tsv|test-data/natural-corpus-wechat-guangxi-travel-002-units.json|test-data/natural-corpus-wechat-guangxi-travel-002-units.tsv|test-data/pre-intermediate-gold-corpus.tsv|test-data/review-only-readiness.tsv|test-data/w17-corpus-semantic-disposition.tsv|test-data/w17-functional-corpus.tsv|test-data/w17-glossika-corpus.tsv|test-data/WECHAT-GX-TRAVEL-002-ADJUDICATION-MATRIX.json|test-data/WECHAT-GX-TRAVEL-002-ADJUDICATION-MATRIX.tsv|test-data/WECHAT-GX-TRAVEL-002-LEXICON-JYUTPING-READINESS-R1.json|test-data/WECHAT-GX-TRAVEL-002-LEXICON-JYUTPING-READINESS-R1.tsv|test-data/WECHAT-GX-TRAVEL-002-LEXICON-JYUTPING-VERIFICATION-R2.json|test-data/WECHAT-GX-TRAVEL-002-LEXICON-JYUTPING-VERIFICATION-R2.tsv|test-data/WECHAT-GX-TRAVEL-002-LEXICON-PATCH-BLUEPRINT-R2.json|test-data/WECHAT-GX-TRAVEL-002-LEXICON-PATCH-BLUEPRINT-R2.tsv|test-data/WECHAT-GX-TRAVEL-002-LEXICON-PATCH-TEST-MATRIX-R2.tsv|test-data/WECHAT-GX-TRAVEL-002-LEXICON-SOURCE-REGISTER-R2.tsv|test-data/WECHAT-GX-TRAVEL-002-QUEUE-G-grammar_research_external_evidence.tsv|test-data/WECHAT-GX-TRAVEL-002-QUEUE-L-lexicon_jyutping_enrichment.tsv|test-data/WECHAT-GX-TRAVEL-002-QUEUE-R-accepted_behavior_regression.tsv|test-data/WECHAT-GX-TRAVEL-002-REGRESSION-REMEDIATION-READINESS-R2.json|test-data/WECHAT-GX-TRAVEL-002-REGRESSION-REMEDIATION-READINESS-R2.tsv|tests/constructions/ActionStativeVP.json|tests/constructions/ClauseRelationGraph.json|tests/constructions/DegreeMannerAdverbial.json|tests/constructions/DegreeStativePredicate.json|tests/constructions/FocusParticleFrame.json|tests/constructions/ModifiedNP.json|tests/constructions/QuantifiedClassifierNP.json|tests/constructions/QuantifiedPersonNP.json|tests/constructions/QuantifiedTimeNP.json|tests/fixtures/boundary-closure-v1.json|tests/fixtures/regression-snapshots.json		REQUIRES_EXPERT_CONTEXT_REVIEW
GLOSSIKA-YUEHK-A1-DLG-006-20260104-I079	79	lexical_entry			39	了解	liu5 gaai2	understand, learn about	sha256:e7a3e284302eccf91b329be881701c1648289db61fde3c11865e5449166c8a2d	false			no_project_match	new_attestation				vocabulary_surface_absent_from_dialog	REQUIRES_EXPERT_CONTEXT_REVIEW
GLOSSIKA-YUEHK-A1-DLG-006-20260104-I080	80	lexical_entry			40	啲	di1	some, a bit	sha256:0faf1dccf1602e14bebee8be1d0982e2f230f0f7353294c6aad070ba090bf22d	true			exact_duplicate_candidate	lexical_only_attestation	src/runtime-resources/lexicon/token-lexicon/function-words-and-particles.js	src/parser/detectors/definition/intended-function.js|src/parser/detectors/manner/adjustment.js|src/parser/detectors/np/token-splits.js|src/parser/features/token-features.js|src/parser/nodes/node-shape.js|src/parser/orchestration/wrap-core.js|src/parser/orchestration/wrap-predicate.js|src/parser/tokenization/contextual-overrides.js|src/plugin-entry.js|src/runtime-resources/constructions/runtime-label-registry.js|src/runtime-resources/grammar/templates/category-span-templates.js|src/runtime-resources/grammar/templates/construction-templates.js|src/runtime-resources/grammar/templates/slot-generation-rules.js|src/runtime-resources/lexicon/address-terms.js|src/runtime-resources/lexicon/compositional-lexical-phrases.js|src/runtime-resources/lexicon/token-lexicon/degree-and-formulas.js|src/runtime-resources/lexicon/token-lexicon/function-words-and-particles.js|src/runtime-resources/lexicon/token-lexicon/referents-and-boundaries.js|src/runtime-resources/lexicon/token-lexicon/statives.js|src/runtime-resources/lexicon/token-lexicon/study-suite.js|src/runtime-resources/presentation/learner-glosses.js|src/runtime-resources/pronunciation/jyutping-review-expectations.js	data/construction-adjudication-batches/batch-03.json|data/construction-adjudication-batches/batch-08.json|data/construction-adjudication-batches/batch-09.json|data/construction-candidate-readiness.json|data/construction-identities.json|data/natural-corpus/wechat-father-daughter-001.txt|data/pedagogical-corpus/glossika/GLOSSIKA-YUEHK-A1-DLG-002-20251207/crosswalk.json|data/pedagogical-corpus/glossika/GLOSSIKA-YUEHK-A1-DLG-002-20251207/items.tsv|data/pedagogical-corpus/glossika/GLOSSIKA-YUEHK-A1-DLG-002-20251207/review.json|data/pedagogical-corpus/glossika/GLOSSIKA-YUEHK-A1-DLG-002-20251207/source.json|data/pedagogical-corpus/glossika/GLOSSIKA-YUEHK-A1-DLG-003-20251214/crosswalk.json|data/pedagogical-corpus/glossika/GLOSSIKA-YUEHK-A1-DLG-003-20251214/items.tsv|data/pedagogical-corpus/glossika/GLOSSIKA-YUEHK-A1-DLG-003-20251214/review.json|data/pedagogical-corpus/glossika/GLOSSIKA-YUEHK-A1-DLG-003-20251214/source.json|data/pedagogical-corpus/glossika/GLOSSIKA-YUEHK-A1-DLG-004-20251221/crosswalk.json|data/pedagogical-corpus/glossika/GLOSSIKA-YUEHK-A1-DLG-004-20251221/items.tsv|data/pedagogical-corpus/glossika/GLOSSIKA-YUEHK-A1-DLG-004-20251221/review.json|data/pedagogical-corpus/glossika/GLOSSIKA-YUEHK-A1-DLG-004-20251221/source.json|data/pedagogical-corpus/glossika/GLOSSIKA-YUEHK-A1-DLG-005-20251228/crosswalk.json|data/pedagogical-corpus/glossika/GLOSSIKA-YUEHK-A1-DLG-005-20251228/items.tsv|data/pedagogical-corpus/glossika/GLOSSIKA-YUEHK-A1-DLG-005-20251228/review.json|data/pedagogical-corpus/glossika/GLOSSIKA-YUEHK-A1-DLG-005-20251228/source.json|data/pedagogical-corpus/glossika/GLOSSIKA-YUEHK-A1-W17-20260712/crosswalk.json|data/pedagogical-corpus/glossika/GLOSSIKA-YUEHK-A1-W17-20260712/items.tsv|data/pedagogical-corpus/glossika/GLOSSIKA-YUEHK-A1-W17-20260712/review.json|data/pedagogical-corpus/glossika/GLOSSIKA-YUEHK-A1-W17-20260712/source.json|data/pedagogical-corpus/glossika/GLOSSIKA-YUEHK-A1-W18-20260719/crosswalk.json|data/pedagogical-corpus/glossika/GLOSSIKA-YUEHK-A1-W18-20260719/items.tsv|data/pedagogical-corpus/glossika/GLOSSIKA-YUEHK-A1-W18-20260719/review.json|data/pedagogical-corpus/glossika/GLOSSIKA-YUEHK-A1-W18-20260719/source.json|docs/current/NOUN-PHRASE-SUBSYSTEM.md|docs/research/AB30-ZO-M-HKCANCOR-CLAIM-CROSS-REFERENCE-R1.md|docs/research/AB30-ZO-R-HKCANCOR-CLAIM-CROSS-REFERENCE-R2.md|docs/research/CONDITIONAL-CLAUSE-LINKING-SOURCE-MAP-CP021B-R25.md|docs/research/CONSTRUCTION-ADJUDICATION-BATCH-03.md|docs/research/CONSTRUCTION-ADJUDICATION-BATCH-08.md|docs/research/CONSTRUCTION-ADJUDICATION-BATCH-09.md|docs/research/COVERB-MANNER-EVENT-MODIFICATION-SOURCE-MAP-CP021B-R23.md|docs/research/CP022-IMPLEMENTATION-BACKLOG-CP021B-R37.tsv|docs/research/CP022-P1-PFV01-D1-RESEARCH-CHECKPOINT.md|docs/research/CP023-P1-PROG01-CLAIM-SOURCE-EDGES-R3.tsv|docs/research/CP023-P1-PROG01-CLAIM-SOURCE-EDGES.tsv|docs/research/CP023-P1-PROG01-NATURAL-ATTESTATION-ADJUDICATION.md|docs/research/CP023-P1-PROG01-NOMINAL-DI-ASSOCIATIVE-SCOPE-DESIGN-R3.md|docs/research/CP023-P1-PROG01-PREDICATE-COMPATIBILITY-MATRIX-R3.tsv|docs/research/CP023-P1-PROG01-R1-RESEARCH-CHECKPOINT.md|docs/research/CP023-P1-PROG01-R2-RESEARCH-CHECKPOINT.md|docs/research/CP023-P1-PROG01-R3-RESEARCH-CHECKPOINT.md|docs/research/CP023-P1-PROG01-REMEDIATION-BLUEPRINT-R2.md|docs/research/CP023-P1-PROG01-REMEDIATION-DEPENDENCIES-R2.tsv|docs/research/CP023-P1-PROG01-SOURCE-REGISTER-R3.tsv|docs/research/CP024-P0-L45-CODE-REFERENCE-INVENTORY-R1.tsv|docs/research/CP025-P1-PFV01-EXAMPLE-ADJUDICATION-R1.tsv|docs/research/CP025-P1-PFV01-SOURCE-VERIFICATION-R1.tsv|docs/research/CP026-P1-RUL01-EXAMPLE-ADJUDICATION-R1.tsv|docs/research/CP026-P1-RUL01-IMPLEMENTATION-PROBE-R1.tsv|docs/research/CP026-P1-RUL01-PUBLIC-PANEL-R1-RESULT.md|docs/research/CP026-P1-RUL01-R1-REAUDIT-CHECKPOINT.md|docs/research/CP026-P1-RUL01-SOURCE-VERIFICATION-R1.tsv|docs/research/CP026-P1-RUL01-SPEAKER-A-FORM-R1.md|docs/research/CP032-P1-RUL01-CONTRAST-REQUIREMENTS-R1.tsv|docs/research/CP032-P1-RUL01-SURVEY-READINESS-R1.md|docs/research/CP034-P1-LOW-REFERENCE-WRAPPER-AUDIT-R1.md|docs/research/CP034-P1-LOW-REFERENCE-WRAPPER-INVENTORY-R1.tsv|docs/research/CP040-P1-FINAL-REACHABLE-WRAPPER-AUDIT-R1.md|docs/research/CP044-P1-POLITE-REQUEST-ADJUSTMENT-RECONCILIATION-R1.md|docs/research/CP045-P1-COMPARATIVE-STATIVE-RETIREMENT-R1.md|docs/research/CP053-P1-EVALUATION-WITH-DOU-SYUN-EXTERNAL-EVIDENCE-R1.md|docs/research/DIRECTIVE-SUGGESTION-PRIORITY-SOURCE-MAP-CP021B-R27.md|docs/research/ENVIRONMENTAL-LOCATIVE-FRAMES-SOURCE-MAP-CP021B-R22.md|docs/research/EVALUATION-PACKET-BLUEPRINTS-CP021B-R37.json|docs/research/FULL-REPO-SUPPORTED-PRODUCTIVE-SWEEP-R1.md|docs/research/GLOSSIKA-YUEHK-A1-DLG-002-20251207-CORPUS-INGRESS.md|docs/research/LANE-05-PERFECTIVE-COMPLETION-SOURCE-MAP-CP021B-R6.md|docs/research/LANE-05-RESULT-POTENTIAL-COMPLEMENTS-SOURCE-MAP-CP021B-R10.md|docs/research/LANE-06-NOMINAL-MODIFICATION-RELATIVES-SOURCE-MAP-CP021B-R11.md|docs/research/LANE-09-SERIAL-PURPOSE-SOURCE-MAP-CP021B-R16.md|docs/research/LANE-10-STATIVE-PREDICATION-SOURCE-MAP-CP021B-R8.md|docs/research/NOMINAL-RELATIONS-SOURCE-MAP-CP021B-R32.md|docs/research/ORPHANED-CONSTRUCTION-EVIDENCE.md|docs/research/PARSER-CONSTRUCTION-CANONICAL-CONSOLIDATION-MATRIX-CP021B-R35.tsv|docs/research/PARSER-CONSTRUCTION-SOURCE-COVERAGE-CP021B-R37.tsv|docs/research/PARSER-CONSTRUCTION-SOURCE-MATRIX-CP021B-R37.tsv|docs/research/PARSER-CONSTRUCTION-SOURCE-REGISTER-CP021B-R37.tsv|docs/research/PRQ2-002-ZOU2ZI1-HINDSIGHT-REGRET-COLLISION-AUDIT-R1.tsv|docs/research/PRQ2-002-ZOU2ZI1-HINDSIGHT-REGRET-RESEARCH-R1.md|docs/research/PRQ2-003-JYUT6-SCALAR-PROGRESSION-COLLISION-AUDIT-R1.tsv|docs/research/PRQ2-003-JYUT6-SCALAR-PROGRESSION-RESEARCH-R1.md|docs/research/PRQ2-004-CAA1DI1-NEAR-MISS-COLLISION-AUDIT-R1.tsv|docs/research/PRQ2-004-CAA1DI1-NEAR-MISS-RESEARCH-R1.md|docs/research/PRQ2-004-CAA1DI1-NEAR-MISS-SOURCE-VERIFICATION-R1.tsv|docs/research/PRQ2-005-HOI1-HABITUAL-ESTABLISHED-ACTIVITY-COLLISION-AUDIT-R1.tsv|docs/research/PRQ2-005-HOI1-HABITUAL-ESTABLISHED-ACTIVITY-RESEARCH-R1.md|docs/research/PRQ2-006-LOK6HEOI3-CONTINUATIVE-ASPECT-COLLISION-AUDIT-R1.tsv|docs/research/PRQ2-006-LOK6HEOI3-CONTINUATIVE-ASPECT-RESEARCH-R1.md|docs/research/PRQ2-008-ZI2JIU3-ZAU6-SUFFICIENT-CONDITION-COLLISION-AUDIT-R1.tsv|docs/research/PRQ2-010-CEOI4ZO2-ZI1NGOI6-EXCLUSION-ADDITION-SOURCE-VERIFICATION-R1.tsv|docs/research/PRQ2-012-JAT1HAI6-EXCLUSIVE-ALTERNATIVE-COLLISION-AUDIT-R1.tsv|docs/research/PRQ2-014-ZI2JAU5-SIN1ZI3-NECESSARY-CONDITION-COLLISION-AUDIT-R1.tsv|docs/research/PRQ2-015-MUI5-GO3GO3-DOU1-DISTRIBUTIVE-QUANTIFICATION-COLLISION-AUDIT-R1.tsv|docs/research/PRQ2-015-MUI5-GO3GO3-DOU1-DISTRIBUTIVE-QUANTIFICATION-RESEARCH-R1.md|docs/research/PRQ2-015-MUI5-GO3GO3-DOU1-DISTRIBUTIVE-QUANTIFICATION-SOURCE-VERIFICATION-R1.tsv|docs/research/PRQ2-035-NING4JYUN6-DOU1-COMMITTED-PREFERENCE-COLLISION-AUDIT-R1.tsv|docs/research/QUANTITY-SCALAR-ACTION-BOUNDARIES-SOURCE-MAP-CP021B-R29.md|docs/research/reopened-retired-labels/DiComparativeStative.md|docs/research/RETIRED-CONSTRUCTION-ARCHIVE-v0.5.186-R1.tsv|docs/research/survey-derived/HKCanCor/HKCANCOR-SV-RQ-008-010-RESEARCH-NOTE-R1.md|docs/research/survey-derived/HKCanCor/HKCANCOR-SV-RQ-008-010-REVIEWED-RESULTS-R1.json|docs/research/survey-derived/SV-RQ-001-007/SV-RQ-001-007-ATTESTATION-REGISTER-R2.json|docs/research/survey-derived/SV-RQ-001-007/SV-RQ-001-007-ROUND-1.md|docs/research/survey-derived/SV-RQ-001-007/SV-RQ-001-007-ROUND-2.md|docs/research/survey-derived/SV-RQ-008-010/SV-RQ-008-010-ROUND-2.md|docs/research/survey-derived/SV-RQ-008/SV-RQ-008-RESEARCH-NOTE.md|docs/research/survey-derived/SV-RQ-008/SV-RQ-008-SOURCE-AUDIT-R1.md|docs/research/survey-derived/SV-RQ-008/SV-RQ-008-SOURCE-LEDGER.json|docs/research/UC-RQ-001-GENERAL-ZOENG1-DISPOSAL-NATURAL-ATTESTATION-R1.tsv|docs/research/UC-RQ-001-GENERAL-ZOENG1-DISPOSAL-RESEARCH-R1.md|docs/research/UC-RQ-001-GENERAL-ZOENG1-DISPOSAL-SOURCE-VERIFICATION-R1.tsv|docs/research/UC-RQ-002-003-DOUBLE-OBJECT-HKCANCOR-CENSUS-R1.md|docs/research/UC-RQ-004-005-COMPARISON-HKCANCOR-ATTESTATION-R1.md|docs/research/UC-RQ-004-CANTONESE-EQUATIVE-COLLISION-AUDIT-R1.tsv|docs/research/UC-RQ-004-CANTONESE-EQUATIVE-CONSTRUCTION-RESEARCH-R1.md|docs/research/UC-RQ-005-GWO3-SURPASS-COMPARATIVE-COLLISION-AUDIT-R1.tsv|docs/research/UC-RQ-005-GWO3-SURPASS-COMPARATIVE-RESEARCH-R1.md|docs/research/UC-RQ-007-VERB-COPY-FOCUS-CONSTRUCTION-RESEARCH-R1.md|docs/research/UC-RQ-010-COREFERENTIAL-N-CL-N-CONSTRUCTION-RESEARCH-R1.md|docs/research/UC-RQ-014-015-SEPARABLE-COMPOUND-HKCANCOR-ATTESTATION-R1.md|docs/research/UC-RQ-018-ALTERNATIVE-QUESTION-COLLISION-AUDIT-R1.tsv|docs/research/UC-RQ-021-NEGATIVE-POLARITY-MINIMIZER-RESEARCH-R1.md|docs/research/UC-RQ-021-NEGATIVE-POLARITY-MINIMIZER-SOURCE-VERIFICATION-R1.tsv|docs/research/UC-RQ-026-DI1-DEGREE-COLLISION-AUDIT-R1.tsv|docs/research/UC-RQ-026-DI1-DEGREE-DISPOSITION-R1.md|docs/research/UC-RQ-026-DI1-DEGREE-SOURCE-VERIFICATION-R1.tsv|docs/research/UC-RQ-027-ZEOI3-SUPERLATIVE-RESEARCH-R1.md|docs/research/UC-RQ-028-DIFFERENTIAL-COMPARATIVE-COLLISION-AUDIT-R1.tsv|docs/research/UC-RQ-028-DIFFERENTIAL-COMPARATIVE-DISPOSITION-R1.md|docs/research/UC-RQ-030-SAAI3-TOTALITY-QUANTIFICATION-RESEARCH-R1.md|docs/research/UC-RQ-030-SAAI3-TOTALITY-QUANTIFICATION-SOURCE-VERIFICATION-R1.tsv|docs/research/UC-RQ-031-MAAI4-VERBAL-PARTICLE-FAMILY-RESEARCH-R1.md|docs/research/UC-RQ-031-MAAI4-VERBAL-PARTICLE-FAMILY-SOURCE-VERIFICATION-R1.tsv|docs/research/UC-RQ-033-DAK1-POSTVERBAL-CONSTRUCTION-CONTRAST-COLLISION-AUDIT-R1.tsv|docs/research/UC-RQ-033-DAK1-POSTVERBAL-CONSTRUCTION-CONTRAST-RESEARCH-R1.md|docs/research/UC-RQ-036-SEOI1JIN4-DAAN6HAI6-CONCESSIVE-RESEARCH-R1.md|docs/research/VJYUNZO-NATIVE-CONFLICT-REASSESSMENT-CP022-P1.md|docs/research/WECHAT-GX-TRAVEL-002-ADJUDICATION-REPORT.md|grammar/research_pending/CompletionVP.md|grammar/research_pending/DegreeMannerAdverbial.md|grammar/research_pending/DegreeMannerModifiedVP.md|grammar/research_pending/DiMarkedNP.md|grammar/research_pending/LocativePostureVP.md|grammar/research_pending/PerfectiveVP.md|grammar/research_pending/PostverbalZoPerfectiveVP.md|grammar/research_pending/PriorityMarkerClause.md|grammar/research_pending/ResourceUseLaiFunctionRelation.md|grammar/retired/README.md|grammar/unsupported_generalization/AssociativeNP.md|grammar/unsupported_generalization/OrdinalClassifierNP.md|grammar/unsupported_generalization/PoliteImperativeClause.md|test-data/cp021b-lx1-construction-freeze-baseline.json|test-data/CP023-P1-PROG01-lexicon-baseline-probes.tsv|test-data/CP023-P1-PROG01-nominal-design-cases-r3.tsv|test-data/CP023-P1-PROG01-nominal-prerequisite-probes.tsv|test-data/CP023-P1-PROG01-visible-research-packet.tsv|test-data/grammar-claim-source-edges-CP021A.tsv|test-data/grammar-legitimacy-source-register.tsv|test-data/grammar-source-locators-CP021A.tsv|test-data/native-speaker-naturalness-evidence-v1.json|test-data/native-speaker-naturalness-evidence-v1.tsv|test-data/natural-corpus-wechat-father-daughter-001-turns.json|test-data/natural-corpus-wechat-father-daughter-001-turns.tsv|test-data/natural-corpus-wechat-father-daughter-001-units.json|test-data/natural-corpus-wechat-father-daughter-001-units.tsv|test-data/natural-corpus-wechat-guangxi-travel-002-raw.txt|test-data/natural-corpus-wechat-guangxi-travel-002-turns.json|test-data/natural-corpus-wechat-guangxi-travel-002-turns.tsv|test-data/natural-corpus-wechat-guangxi-travel-002-units.json|test-data/natural-corpus-wechat-guangxi-travel-002-units.tsv|test-data/pre-intermediate-gold-corpus.tsv|test-data/review-only-readiness.tsv|test-data/w17-corpus-semantic-disposition.tsv|test-data/w17-functional-corpus.tsv|test-data/w17-glossika-corpus.tsv|test-data/WECHAT-GX-TRAVEL-002-ADJUDICATION-MATRIX.json|test-data/WECHAT-GX-TRAVEL-002-ADJUDICATION-MATRIX.tsv|test-data/WECHAT-GX-TRAVEL-002-LEXICON-PATCH-BLUEPRINT-R2.json|test-data/WECHAT-GX-TRAVEL-002-LEXICON-PATCH-BLUEPRINT-R2.tsv|test-data/WECHAT-GX-TRAVEL-002-LEXICON-PATCH-TEST-MATRIX-R2.tsv|test-data/WECHAT-GX-TRAVEL-002-QUEUE-D-context_disfluency_research.tsv|test-data/WECHAT-GX-TRAVEL-002-QUEUE-G-grammar_research_external_evidence.tsv|test-data/WECHAT-GX-TRAVEL-002-QUEUE-L-lexicon_jyutping_enrichment.tsv|test-data/WECHAT-GX-TRAVEL-002-QUEUE-R-accepted_behavior_regression.tsv|test-data/WECHAT-GX-TRAVEL-002-REGRESSION-REMEDIATION-READINESS-R2.json|test-data/WECHAT-GX-TRAVEL-002-REGRESSION-REMEDIATION-READINESS-R2.tsv|tests/constructions/ClauseRelationGraph.json|tests/constructions/DegreeMannerAdverbial.json|tests/constructions/DegreeMannerModifiedVP.json|tests/constructions/DiMarkedNP.json|tests/constructions/FormulaDiscourseUnit.json|tests/constructions/PerfectiveVP.json|tests/constructions/PoliteImperativeClause.json|tests/constructions/ResourceUseLaiFunctionRelation.json|tests/constructions/SerialVerbPurposeChain.json|tests/constructions/TransitiveVP.json|tests/constructions/VerbComplementVP.json|tests/fixtures/regression-snapshots.json	classifier_quantifier_degree_review	REQUIRES_EXPERT_CONTEXT_REVIEW
