candidate_id	source_file	source_file_sha256	file_index_zero_based	turn_index_zero_based	token_index_zero_based	participant	matched_surface_span	preceding_verb_form	preceding_verb_hkcancor_pos	following_form	following_hkcancor_pos	following_ud_pos	duplicate_group_inputs_json	text	previous_text	next_text	token_context_json	tokens_json	annotation_status
aa62-169c53781840be41dec9	FC-001_v2.cha	ed8e418f69346a704b065f4866a9a05b162c55172d99f83388a6948ccea41885	0	22	3	XXA	去過	去	v	喇	y	PART	"{""normalizedSurface"":""去過""}"	你都去過喇.	係唔係啊?	咪係囖.	"{""startTokenIndexZeroBased"":0,""endTokenIndexExclusive"":6,""tokens"":[{""word"":""你"",""pos"":""r"",""jyutping"":""nei5""},{""word"":""都"",""pos"":""d"",""jyutping"":""dou1""},{""word"":""去"",""pos"":""v"",""jyutping"":""heoi3""},{""word"":""過"",""pos"":""u"",""jyutping"":""gwo3""},{""word"":""喇"",""pos"":""y"",""jyutping"":""laa1""},{""word"":""."",""pos"":"""",""jyutping"":null}]}"	"[{""word"":""你"",""pos"":""r"",""jyutping"":""nei5""},{""word"":""都"",""pos"":""d"",""jyutping"":""dou1""},{""word"":""去"",""pos"":""v"",""jyutping"":""heoi3""},{""word"":""過"",""pos"":""u"",""jyutping"":""gwo3""},{""word"":""喇"",""pos"":""y"",""jyutping"":""laa1""},{""word"":""."",""pos"":"""",""jyutping"":null}]"	REQUIRES_EXPERT_CONTEXT_REVIEW
aa62-11fd402f140c76dae11f	FC-001_v2.cha	ed8e418f69346a704b065f4866a9a05b162c55172d99f83388a6948ccea41885	0	50	1	XXA	去過	去	v	幾	r	PRON	"{""normalizedSurface"":""去過""}"	去過幾次唧,你老公Orlando嗰度?	我唔使記.	我唔知𡃉,噉平咪去囖.	"{""startTokenIndexZeroBased"":0,""endTokenIndexExclusive"":8,""tokens"":[{""word"":""去"",""pos"":""v"",""jyutping"":""heoi3""},{""word"":""過"",""pos"":""u"",""jyutping"":""gwo3""},{""word"":""幾"",""pos"":""r"",""jyutping"":""gei2""},{""word"":""次"",""pos"":""q"",""jyutping"":""ci3""},{""word"":""唧"",""pos"":""y"",""jyutping"":""zek1""},{""word"":"","",""pos"":"""",""jyutping"":null},{""word"":""你"",""pos"":""r"",""jyutping"":""nei5""},{""word"":""老公"",""pos"":""n"",""jyutping"":""lou5gung1""}]}"	"[{""word"":""去"",""pos"":""v"",""jyutping"":""heoi3""},{""word"":""過"",""pos"":""u"",""jyutping"":""gwo3""},{""word"":""幾"",""pos"":""r"",""jyutping"":""gei2""},{""word"":""次"",""pos"":""q"",""jyutping"":""ci3""},{""word"":""唧"",""pos"":""y"",""jyutping"":""zek1""},{""word"":"","",""pos"":"""",""jyutping"":null},{""word"":""你"",""pos"":""r"",""jyutping"":""nei5""},{""word"":""老公"",""pos"":""n"",""jyutping"":""lou5gung1""},{""word"":""Orlando"",""pos"":""xns"",""jyutping"":null},{""word"":""嗰度"",""pos"":""r"",""jyutping"":""go2dou6""},{""word"":""?"",""pos"":"""",""jyutping"":null}]"	REQUIRES_EXPERT_CONTEXT_REVIEW
aa62-9a6abdbabc404f12a6c4	FC-001_v2.cha	ed8e418f69346a704b065f4866a9a05b162c55172d99f83388a6948ccea41885	0	80	13	XXB	去過	去	v	.		X	"{""normalizedSurface"":""去過""}"	但係我最想去澳洲紐西蘭嗰邊,因為都未去過.	你想去邊喇噉樣?	係呀?	"{""startTokenIndexZeroBased"":6,""endTokenIndexExclusive"":15,""tokens"":[{""word"":""紐西蘭"",""pos"":""ns"",""jyutping"":""nau5sai1laan4""},{""word"":""嗰邊"",""pos"":""r"",""jyutping"":""go2bin1""},{""word"":"","",""pos"":"""",""jyutping"":null},{""word"":""因為"",""pos"":""c"",""jyutping"":""jan1wai6""},{""word"":""都"",""pos"":""d"",""jyutping"":""dou1""},{""word"":""未"",""pos"":""d"",""jyutping"":""mei6""},{""word"":""去"",""pos"":""v"",""jyutping"":""heoi3""},{""word"":""過"",""pos"":""u"",""jyutping"":""gwo3""},{""word"":""."",""pos"":"""",""jyutping"":null}]}"	"[{""word"":""但係"",""pos"":""c"",""jyutping"":""daan6hai6""},{""word"":""我"",""pos"":""r"",""jyutping"":""ngo5""},{""word"":""最"",""pos"":""d"",""jyutping"":""zeoi3""},{""word"":""想"",""pos"":""vu"",""jyutping"":""soeng2""},{""word"":""去"",""pos"":""v"",""jyutping"":""heoi3""},{""word"":""澳洲"",""pos"":""ns"",""jyutping"":""ou3zau1""},{""word"":""紐西蘭"",""pos"":""ns"",""jyutping"":""nau5sai1laan4""},{""word"":""嗰邊"",""pos"":""r"",""jyutping"":""go2bin1""},{""word"":"","",""pos"":"""",""jyutping"":null},{""word"":""因為"",""pos"":""c"",""jyutping"":""jan1wai6""},{""word"":""都"",""pos"":""d"",""jyutping"":""dou1""},{""word"":""未"",""pos"":""d"",""jyutping"":""mei6""},{""word"":""去"",""pos"":""v"",""jyutping"":""heoi3""},{""word"":""過"",""pos"":""u"",""jyutping"":""gwo3""},{""word"":""."",""pos"":"""",""jyutping"":null}]"	REQUIRES_EXPERT_CONTEXT_REVIEW
aa62-638bd6ce95afcc5c2db9	FC-001_v2.cha	ed8e418f69346a704b065f4866a9a05b162c55172d99f83388a6948ccea41885	0	82	5	XXA	去過	去	v	咩	y	PART	"{""normalizedSurface"":""去過""}"	澳洲你都未去過咩?	係呀?	嗯,未啊.	"{""startTokenIndexZeroBased"":0,""endTokenIndexExclusive"":8,""tokens"":[{""word"":""澳洲"",""pos"":""ns"",""jyutping"":""ou3zau1""},{""word"":""你"",""pos"":""r"",""jyutping"":""nei5""},{""word"":""都"",""pos"":""d"",""jyutping"":""dou1""},{""word"":""未"",""pos"":""d"",""jyutping"":""mei6""},{""word"":""去"",""pos"":""v"",""jyutping"":""heoi3""},{""word"":""過"",""pos"":""u"",""jyutping"":""gwo3""},{""word"":""咩"",""pos"":""y"",""jyutping"":""me1""},{""word"":""?"",""pos"":"""",""jyutping"":null}]}"	"[{""word"":""澳洲"",""pos"":""ns"",""jyutping"":""ou3zau1""},{""word"":""你"",""pos"":""r"",""jyutping"":""nei5""},{""word"":""都"",""pos"":""d"",""jyutping"":""dou1""},{""word"":""未"",""pos"":""d"",""jyutping"":""mei6""},{""word"":""去"",""pos"":""v"",""jyutping"":""heoi3""},{""word"":""過"",""pos"":""u"",""jyutping"":""gwo3""},{""word"":""咩"",""pos"":""y"",""jyutping"":""me1""},{""word"":""?"",""pos"":"""",""jyutping"":null}]"	REQUIRES_EXPERT_CONTEXT_REVIEW
aa62-9ffa90abb9ebfdbdd391	FC-001_v2.cha	ed8e418f69346a704b065f4866a9a05b162c55172d99f83388a6948ccea41885	0	84	10	XXA	去過	去	v	𠻹	y	PART	"{""normalizedSurface"":""去過""}"	哦,我以為淨係未,紐西蘭未去過𠻹.	嗯,未啊.	不過我都想去紐西蘭.	"{""startTokenIndexZeroBased"":3,""endTokenIndexExclusive"":13,""tokens"":[{""word"":""以為"",""pos"":""v"",""jyutping"":""ji5wai4""},{""word"":""淨係"",""pos"":""d"",""jyutping"":""zing6hai6""},{""word"":""未"",""pos"":""d"",""jyutping"":""mei6""},{""word"":"","",""pos"":"""",""jyutping"":null},{""word"":""紐西蘭"",""pos"":""ns"",""jyutping"":""nau5sai1laan4""},{""word"":""未"",""pos"":""d"",""jyutping"":""mei6""},{""word"":""去"",""pos"":""v"",""jyutping"":""heoi3""},{""word"":""過"",""pos"":""u"",""jyutping"":""gwo3""},{""word"":""𠻹"",""pos"":""y"",""jyutping"":""tim1""},{""word"":""."",""pos"":"""",""jyutping"":null}]}"	"[{""word"":""哦"",""pos"":""e"",""jyutping"":""o3""},{""word"":"","",""pos"":"""",""jyutping"":null},{""word"":""我"",""pos"":""r"",""jyutping"":""ngo5""},{""word"":""以為"",""pos"":""v"",""jyutping"":""ji5wai4""},{""word"":""淨係"",""pos"":""d"",""jyutping"":""zing6hai6""},{""word"":""未"",""pos"":""d"",""jyutping"":""mei6""},{""word"":"","",""pos"":"""",""jyutping"":null},{""word"":""紐西蘭"",""pos"":""ns"",""jyutping"":""nau5sai1laan4""},{""word"":""未"",""pos"":""d"",""jyutping"":""mei6""},{""word"":""去"",""pos"":""v"",""jyutping"":""heoi3""},{""word"":""過"",""pos"":""u"",""jyutping"":""gwo3""},{""word"":""𠻹"",""pos"":""y"",""jyutping"":""tim1""},{""word"":""."",""pos"":"""",""jyutping"":null}]"	REQUIRES_EXPERT_CONTEXT_REVIEW
aa62-5668a53055669b4e9d20	FC-001_v2.cha	ed8e418f69346a704b065f4866a9a05b162c55172d99f83388a6948ccea41885	0	138	3	XXB	見過	見	v	咁	d	ADV	"{""normalizedSurface"":""見過""}"	因為未見過咁大條鯨魚吖嗎.	係喲.	咬唔咬人𡃉?	"{""startTokenIndexZeroBased"":0,""endTokenIndexExclusive"":10,""tokens"":[{""word"":""因為"",""pos"":""c"",""jyutping"":""jan1wai6""},{""word"":""未"",""pos"":""d"",""jyutping"":""mei6""},{""word"":""見"",""pos"":""v"",""jyutping"":""gin3""},{""word"":""過"",""pos"":""u"",""jyutping"":""gwo3""},{""word"":""咁"",""pos"":""d"",""jyutping"":""gam3""},{""word"":""大"",""pos"":""a"",""jyutping"":""daai6""},{""word"":""條"",""pos"":""q"",""jyutping"":""tiu4""},{""word"":""鯨魚"",""pos"":""n"",""jyutping"":""king4jyu4""},{""word"":""吖"",""pos"":""y"",""jyutping"":""aa1""},{""word"":""嗎"",""pos"":""y"",""jyutping"":""maa3""}]}"	"[{""word"":""因為"",""pos"":""c"",""jyutping"":""jan1wai6""},{""word"":""未"",""pos"":""d"",""jyutping"":""mei6""},{""word"":""見"",""pos"":""v"",""jyutping"":""gin3""},{""word"":""過"",""pos"":""u"",""jyutping"":""gwo3""},{""word"":""咁"",""pos"":""d"",""jyutping"":""gam3""},{""word"":""大"",""pos"":""a"",""jyutping"":""daai6""},{""word"":""條"",""pos"":""q"",""jyutping"":""tiu4""},{""word"":""鯨魚"",""pos"":""n"",""jyutping"":""king4jyu4""},{""word"":""吖"",""pos"":""y"",""jyutping"":""aa1""},{""word"":""嗎"",""pos"":""y"",""jyutping"":""maa3""},{""word"":""."",""pos"":"""",""jyutping"":null}]"	REQUIRES_EXPERT_CONTEXT_REVIEW
aa62-233cbf22999ab052cbd9	FC-001_v2.cha	ed8e418f69346a704b065f4866a9a05b162c55172d99f83388a6948ccea41885	0	173	4	XXB	試過	試	v	喎	y	PART	"{""normalizedSurface"":""試過""}"	未-未試過喎,噉又可以試下喎.	都好怪啫,如果你十二月去,即係點啊,夏天嘅時侯聖誕節,好似唔係好適應啊,係唔係啊?	真係未試過喎.	"{""startTokenIndexZeroBased"":0,""endTokenIndexExclusive"":11,""tokens"":[{""word"":""未"",""pos"":""d"",""jyutping"":""mei6""},{""word"":""-"",""pos"":"""",""jyutping"":null},{""word"":""未"",""pos"":""d"",""jyutping"":""mei6""},{""word"":""試"",""pos"":""v"",""jyutping"":""si3""},{""word"":""過"",""pos"":""u"",""jyutping"":""gwo3""},{""word"":""喎"",""pos"":""y"",""jyutping"":""wo3""},{""word"":"","",""pos"":"""",""jyutping"":null},{""word"":""噉"",""pos"":""c"",""jyutping"":""gam2""},{""word"":""又"",""pos"":""d"",""jyutping"":""jau6""},{""word"":""可以"",""pos"":""vu"",""jyutping"":""ho2ji5""},{""word"":""試"",""pos"":""v"",""jyutping"":""si3""}]}"	"[{""word"":""未"",""pos"":""d"",""jyutping"":""mei6""},{""word"":""-"",""pos"":"""",""jyutping"":null},{""word"":""未"",""pos"":""d"",""jyutping"":""mei6""},{""word"":""試"",""pos"":""v"",""jyutping"":""si3""},{""word"":""過"",""pos"":""u"",""jyutping"":""gwo3""},{""word"":""喎"",""pos"":""y"",""jyutping"":""wo3""},{""word"":"","",""pos"":"""",""jyutping"":null},{""word"":""噉"",""pos"":""c"",""jyutping"":""gam2""},{""word"":""又"",""pos"":""d"",""jyutping"":""jau6""},{""word"":""可以"",""pos"":""vu"",""jyutping"":""ho2ji5""},{""word"":""試"",""pos"":""v"",""jyutping"":""si3""},{""word"":""下"",""pos"":""u"",""jyutping"":""haa5""},{""word"":""喎"",""pos"":""y"",""jyutping"":""wo3""},{""word"":""."",""pos"":"""",""jyutping"":null}]"	REQUIRES_EXPERT_CONTEXT_REVIEW
aa62-8a5d5256d645fc0fbbd9	FC-001_v2.cha	ed8e418f69346a704b065f4866a9a05b162c55172d99f83388a6948ccea41885	0	174	3	XXA	試過	試	v	喎	y	PART	"{""normalizedSurface"":""試過""}"	真係未試過喎.	未-未試過喎,噉又可以試下喎.	又可以試下喎.	"{""startTokenIndexZeroBased"":0,""endTokenIndexExclusive"":6,""tokens"":[{""word"":""真係"",""pos"":""d"",""jyutping"":""zan1hai6""},{""word"":""未"",""pos"":""d"",""jyutping"":""mei6""},{""word"":""試"",""pos"":""v"",""jyutping"":""si3""},{""word"":""過"",""pos"":""u"",""jyutping"":""gwo3""},{""word"":""喎"",""pos"":""y"",""jyutping"":""wo3""},{""word"":""."",""pos"":"""",""jyutping"":null}]}"	"[{""word"":""真係"",""pos"":""d"",""jyutping"":""zan1hai6""},{""word"":""未"",""pos"":""d"",""jyutping"":""mei6""},{""word"":""試"",""pos"":""v"",""jyutping"":""si3""},{""word"":""過"",""pos"":""u"",""jyutping"":""gwo3""},{""word"":""喎"",""pos"":""y"",""jyutping"":""wo3""},{""word"":""."",""pos"":"""",""jyutping"":null}]"	REQUIRES_EXPERT_CONTEXT_REVIEW
aa62-93d8f9abf98550e38b7a	FC-001_v2.cha	ed8e418f69346a704b065f4866a9a05b162c55172d99f83388a6948ccea41885	0	179	5	XXA	去過	去	v	紐西蘭	ns	PROPN	"{""normalizedSurface"":""去過""}"	我呀,未去過紐西蘭啊.	咦你重想去邊吖?	都想去啊.	"{""startTokenIndexZeroBased"":0,""endTokenIndexExclusive"":9,""tokens"":[{""word"":""我"",""pos"":""r"",""jyutping"":""ngo5""},{""word"":""呀"",""pos"":""y"",""jyutping"":""aa4""},{""word"":"","",""pos"":"""",""jyutping"":null},{""word"":""未"",""pos"":""d"",""jyutping"":""mei6""},{""word"":""去"",""pos"":""v"",""jyutping"":""heoi3""},{""word"":""過"",""pos"":""u"",""jyutping"":""gwo3""},{""word"":""紐西蘭"",""pos"":""ns"",""jyutping"":""nau5sai1laan4""},{""word"":""啊"",""pos"":""y"",""jyutping"":""aa3""},{""word"":""."",""pos"":"""",""jyutping"":null}]}"	"[{""word"":""我"",""pos"":""r"",""jyutping"":""ngo5""},{""word"":""呀"",""pos"":""y"",""jyutping"":""aa4""},{""word"":"","",""pos"":"""",""jyutping"":null},{""word"":""未"",""pos"":""d"",""jyutping"":""mei6""},{""word"":""去"",""pos"":""v"",""jyutping"":""heoi3""},{""word"":""過"",""pos"":""u"",""jyutping"":""gwo3""},{""word"":""紐西蘭"",""pos"":""ns"",""jyutping"":""nau5sai1laan4""},{""word"":""啊"",""pos"":""y"",""jyutping"":""aa3""},{""word"":""."",""pos"":"""",""jyutping"":null}]"	REQUIRES_EXPERT_CONTEXT_REVIEW
aa62-9c28fd565bc13f7b34b3	FC-001_v2.cha	ed8e418f69346a704b065f4866a9a05b162c55172d99f83388a6948ccea41885	0	204	3	XXB	見過	見	v	.		X	"{""normalizedSurface"":""見過""}"	我未見過.	我又唔覺喎.	係咩?	"{""startTokenIndexZeroBased"":0,""endTokenIndexExclusive"":5,""tokens"":[{""word"":""我"",""pos"":""r"",""jyutping"":""ngo5""},{""word"":""未"",""pos"":""d"",""jyutping"":""mei6""},{""word"":""見"",""pos"":""v"",""jyutping"":""gin3""},{""word"":""過"",""pos"":""u"",""jyutping"":""gwo3""},{""word"":""."",""pos"":"""",""jyutping"":null}]}"	"[{""word"":""我"",""pos"":""r"",""jyutping"":""ngo5""},{""word"":""未"",""pos"":""d"",""jyutping"":""mei6""},{""word"":""見"",""pos"":""v"",""jyutping"":""gin3""},{""word"":""過"",""pos"":""u"",""jyutping"":""gwo3""},{""word"":""."",""pos"":"""",""jyutping"":null}]"	REQUIRES_EXPERT_CONTEXT_REVIEW
aa62-3bd1a2d427a125718020	FC-001_v2.cha	ed8e418f69346a704b065f4866a9a05b162c55172d99f83388a6948ccea41885	0	211	4	XXB	見過	見	v	.		X	"{""normalizedSurface"":""見過""}"	但係我未見過.	係咩?	好彩我未去過帕斯啫.	"{""startTokenIndexZeroBased"":0,""endTokenIndexExclusive"":6,""tokens"":[{""word"":""但係"",""pos"":""c"",""jyutping"":""daan6hai6""},{""word"":""我"",""pos"":""r"",""jyutping"":""ngo5""},{""word"":""未"",""pos"":""d"",""jyutping"":""mei6""},{""word"":""見"",""pos"":""v"",""jyutping"":""gin3""},{""word"":""過"",""pos"":""u"",""jyutping"":""gwo3""},{""word"":""."",""pos"":"""",""jyutping"":null}]}"	"[{""word"":""但係"",""pos"":""c"",""jyutping"":""daan6hai6""},{""word"":""我"",""pos"":""r"",""jyutping"":""ngo5""},{""word"":""未"",""pos"":""d"",""jyutping"":""mei6""},{""word"":""見"",""pos"":""v"",""jyutping"":""gin3""},{""word"":""過"",""pos"":""u"",""jyutping"":""gwo3""},{""word"":""."",""pos"":"""",""jyutping"":null}]"	REQUIRES_EXPERT_CONTEXT_REVIEW
aa62-013bd0f4b29e1a2790e9	FC-001_v2.cha	ed8e418f69346a704b065f4866a9a05b162c55172d99f83388a6948ccea41885	0	212	4	XXA	去過	去	v	帕斯	ns	PROPN	"{""normalizedSurface"":""去過""}"	好彩我未去過帕斯啫.	但係我未見過.	唔知係唔係帕斯啊,即係總之係唔知邊個唔知邊個城市係有啲烏蠅好大隻𡃉.	"{""startTokenIndexZeroBased"":0,""endTokenIndexExclusive"":8,""tokens"":[{""word"":""好彩"",""pos"":""a"",""jyutping"":""hou2coi2""},{""word"":""我"",""pos"":""r"",""jyutping"":""ngo5""},{""word"":""未"",""pos"":""d"",""jyutping"":""mei6""},{""word"":""去"",""pos"":""v"",""jyutping"":""heoi3""},{""word"":""過"",""pos"":""u"",""jyutping"":""gwo3""},{""word"":""帕斯"",""pos"":""ns"",""jyutping"":""paak3si1""},{""word"":""啫"",""pos"":""y"",""jyutping"":""ze1""},{""word"":""."",""pos"":"""",""jyutping"":null}]}"	"[{""word"":""好彩"",""pos"":""a"",""jyutping"":""hou2coi2""},{""word"":""我"",""pos"":""r"",""jyutping"":""ngo5""},{""word"":""未"",""pos"":""d"",""jyutping"":""mei6""},{""word"":""去"",""pos"":""v"",""jyutping"":""heoi3""},{""word"":""過"",""pos"":""u"",""jyutping"":""gwo3""},{""word"":""帕斯"",""pos"":""ns"",""jyutping"":""paak3si1""},{""word"":""啫"",""pos"":""y"",""jyutping"":""ze1""},{""word"":""."",""pos"":"""",""jyutping"":null}]"	REQUIRES_EXPERT_CONTEXT_REVIEW
aa62-294530712fa73ffd96e3	FC-001_v2.cha	ed8e418f69346a704b065f4866a9a05b162c55172d99f83388a6948ccea41885	0	216	4	XXB	去過	去	v	邊度	r	PRON	"{""normalizedSurface"":""去過""}"	噉你重去過邊度?	好恐怖.	重去過邊度?	"{""startTokenIndexZeroBased"":0,""endTokenIndexExclusive"":7,""tokens"":[{""word"":""噉"",""pos"":""c"",""jyutping"":""gam2""},{""word"":""你"",""pos"":""r"",""jyutping"":""nei5""},{""word"":""重"",""pos"":""d"",""jyutping"":""zung6""},{""word"":""去"",""pos"":""v"",""jyutping"":""heoi3""},{""word"":""過"",""pos"":""u"",""jyutping"":""gwo3""},{""word"":""邊度"",""pos"":""r"",""jyutping"":""bin1dou6""},{""word"":""?"",""pos"":"""",""jyutping"":null}]}"	"[{""word"":""噉"",""pos"":""c"",""jyutping"":""gam2""},{""word"":""你"",""pos"":""r"",""jyutping"":""nei5""},{""word"":""重"",""pos"":""d"",""jyutping"":""zung6""},{""word"":""去"",""pos"":""v"",""jyutping"":""heoi3""},{""word"":""過"",""pos"":""u"",""jyutping"":""gwo3""},{""word"":""邊度"",""pos"":""r"",""jyutping"":""bin1dou6""},{""word"":""?"",""pos"":"""",""jyutping"":null}]"	REQUIRES_EXPERT_CONTEXT_REVIEW
aa62-d371fadd131a361e3e79	FC-001_v2.cha	ed8e418f69346a704b065f4866a9a05b162c55172d99f83388a6948ccea41885	0	217	2	XXA	去過	去	v	邊度	r	PRON	"{""normalizedSurface"":""去過""}"	重去過邊度?	噉你重去過邊度?	冇啊,美國啊嗰啲喇.	"{""startTokenIndexZeroBased"":0,""endTokenIndexExclusive"":5,""tokens"":[{""word"":""重"",""pos"":""d"",""jyutping"":""zung6""},{""word"":""去"",""pos"":""v"",""jyutping"":""heoi3""},{""word"":""過"",""pos"":""u"",""jyutping"":""gwo3""},{""word"":""邊度"",""pos"":""r"",""jyutping"":""bin1dou6""},{""word"":""?"",""pos"":"""",""jyutping"":null}]}"	"[{""word"":""重"",""pos"":""d"",""jyutping"":""zung6""},{""word"":""去"",""pos"":""v"",""jyutping"":""heoi3""},{""word"":""過"",""pos"":""u"",""jyutping"":""gwo3""},{""word"":""邊度"",""pos"":""r"",""jyutping"":""bin1dou6""},{""word"":""?"",""pos"":"""",""jyutping"":null}]"	REQUIRES_EXPERT_CONTEXT_REVIEW
aa62-cc3da059cfc4692172b3	FC-005a_v2.cha	9da5c89fae262850960f6d5ad98151c3a780957b3581d357bce9c9a53ffce487	1	0	30	XXA	聽過	聽	v	嗰陣時	r	PRON	"{""normalizedSurface"":""聽過""}"	"首先講個-,嗰個古仔呢,就係講""孔融讓梨""嗰個古仔來嘅,好多人呢其實都聽過嗰陣時,最古老嗰個""孔融讓梨""."		"其實,後來呢有啲人將佢反轉過來嘞,就有個新嘅""孔融讓梨""古仔."	"{""startTokenIndexZeroBased"":23,""endTokenIndexExclusive"":37,""tokens"":[{""word"":"","",""pos"":"""",""jyutping"":null},{""word"":""好多"",""pos"":""m"",""jyutping"":""hou2do1""},{""word"":""人"",""pos"":""n"",""jyutping"":""jan4""},{""word"":""呢"",""pos"":""y1"",""jyutping"":""ne1""},{""word"":""其實"",""pos"":""d"",""jyutping"":""kei4sat6""},{""word"":""都"",""pos"":""d"",""jyutping"":""dou1""},{""word"":""聽"",""pos"":""v"",""jyutping"":""teng1""},{""word"":""過"",""pos"":""u"",""jyutping"":""gwo3""},{""word"":""嗰陣時"",""pos"":""r"",""jyutping"":""go2zan6si4""},{""word"":"","",""pos"":"""",""jyutping"":null},{""word"":""最"",""pos"":""d"",""jyutping"":""zeoi3""},{""word"":""古老"",""pos"":""a"",""jyutping"":""gu2lou5""},{""word"":""嗰個"",""pos"":""r"",""jyutping"":""go2go3""},{""word"":""\"""",""pos"":"""",""jyutping"":null}]}"	"[{""word"":""首先"",""pos"":""d"",""jyutping"":""sau2sin1""},{""word"":""講"",""pos"":""v"",""jyutping"":""gong2""},{""word"":""個"",""pos"":""q"",""jyutping"":""go3""},{""word"":""-"",""pos"":"""",""jyutping"":null},{""word"":"","",""pos"":"""",""jyutping"":null},{""word"":""嗰"",""pos"":""r"",""jyutping"":""go2""},{""word"":""個"",""pos"":""q"",""jyutping"":""go3""},{""word"":""古仔"",""pos"":""n"",""jyutping"":""gu2zai2""},{""word"":""呢"",""pos"":""y1"",""jyutping"":""ne1""},{""word"":"","",""pos"":"""",""jyutping"":null},{""word"":""就"",""pos"":""d"",""jyutping"":""zau6""},{""word"":""係"",""pos"":""v"",""jyutping"":""hai6""},{""word"":""講"",""pos"":""v"",""jyutping"":""gong2""},{""word"":""\"""",""pos"":"""",""jyutping"":null},{""word"":""孔"",""pos"":""nr"",""jyutping"":""hung2""},{""word"":""融"",""pos"":""nr"",""jyutping"":""jung4""},{""word"":""讓"",""pos"":""v"",""jyutping"":""joeng6""},{""word"":""梨"",""pos"":""n"",""jyutping"":""lei4""},{""word"":""\"""",""pos"":"""",""jyutping"":null},{""word"":""嗰個"",""pos"":""r"",""jyutping"":""go2go3""},{""word"":""古仔"",""pos"":""n"",""jyutping"":""gu2zai2""},{""word"":""來"",""pos"":""y"",""jyutping"":""lai4""},{""word"":""嘅"",""pos"":""y"",""jyutping"":""ge3""},{""word"":"","",""pos"":"""",""jyutping"":null},{""word"":""好多"",""pos"":""m"",""jyutping"":""hou2do1""},{""word"":""人"",""pos"":""n"",""jyutping"":""jan4""},{""word"":""呢"",""pos"":""y1"",""jyutping"":""ne1""},{""word"":""其實"",""pos"":""d"",""jyutping"":""kei4sat6""},{""word"":""都"",""pos"":""d"",""jyutping"":""dou1""},{""word"":""聽"",""pos"":""v"",""jyutping"":""teng1""},{""word"":""過"",""pos"":""u"",""jyutping"":""gwo3""},{""word"":""嗰陣時"",""pos"":""r"",""jyutping"":""go2zan6si4""},{""word"":"","",""pos"":"""",""jyutping"":null},{""word"":""最"",""pos"":""d"",""jyutping"":""zeoi3""},{""word"":""古老"",""pos"":""a"",""jyutping"":""gu2lou5""},{""word"":""嗰個"",""pos"":""r"",""jyutping"":""go2go3""},{""word"":""\"""",""pos"":"""",""jyutping"":null},{""word"":""孔"",""pos"":""nr"",""jyutping"":""hung2""},{""word"":""融"",""pos"":""nr"",""jyutping"":""jung4""},{""word"":""讓"",""pos"":""v"",""jyutping"":""joeng6""},{""word"":""梨"",""pos"":""n"",""jyutping"":""lei4""},{""word"":""\"""",""pos"":"""",""jyutping"":null},{""word"":""."",""pos"":"""",""jyutping"":null}]"	REQUIRES_EXPERT_CONTEXT_REVIEW
aa62-eeca54930bf37e636b7d	FC-005a_v2.cha	9da5c89fae262850960f6d5ad98151c3a780957b3581d357bce9c9a53ffce487	1	1	9	XXA	反轉過	反轉	v	來	v	VERB	"{""normalizedSurface"":""反轉過""}"	"其實,後來呢有啲人將佢反轉過來嘞,就有個新嘅""孔融讓梨""古仔."	"首先講個-,嗰個古仔呢,就係講""孔融讓梨""嗰個古仔來嘅,好多人呢其實都聽過嗰陣時,最古老嗰個""孔融讓梨""."	噉喎,舊嗰個呢就係話呢,誒,孔融,誒,點解要讓個大梨俾個大哥,自己𠻺要個細梨呢,噉啊表現佢哋呢,就好有孝心,係唔係呢.	"{""startTokenIndexZeroBased"":2,""endTokenIndexExclusive"":16,""tokens"":[{""word"":""後來"",""pos"":""t"",""jyutping"":""hau6loi4""},{""word"":""呢"",""pos"":""y1"",""jyutping"":""ne1""},{""word"":""有啲"",""pos"":""r"",""jyutping"":""jau5di1""},{""word"":""人"",""pos"":""n"",""jyutping"":""jan4""},{""word"":""將"",""pos"":""d"",""jyutping"":""zoeng1""},{""word"":""佢"",""pos"":""r"",""jyutping"":""keoi5""},{""word"":""反轉"",""pos"":""v"",""jyutping"":""faan2zyun3""},{""word"":""過"",""pos"":""u"",""jyutping"":""gwo3""},{""word"":""來"",""pos"":""v"",""jyutping"":""lai4""},{""word"":""嘞"",""pos"":""y"",""jyutping"":""laak3""},{""word"":"","",""pos"":"""",""jyutping"":null},{""word"":""就"",""pos"":""d"",""jyutping"":""zau6""},{""word"":""有"",""pos"":""v1"",""jyutping"":""jau5""},{""word"":""個"",""pos"":""q"",""jyutping"":""go3""}]}"	"[{""word"":""其實"",""pos"":""d"",""jyutping"":""kei4sat6""},{""word"":"","",""pos"":"""",""jyutping"":null},{""word"":""後來"",""pos"":""t"",""jyutping"":""hau6loi4""},{""word"":""呢"",""pos"":""y1"",""jyutping"":""ne1""},{""word"":""有啲"",""pos"":""r"",""jyutping"":""jau5di1""},{""word"":""人"",""pos"":""n"",""jyutping"":""jan4""},{""word"":""將"",""pos"":""d"",""jyutping"":""zoeng1""},{""word"":""佢"",""pos"":""r"",""jyutping"":""keoi5""},{""word"":""反轉"",""pos"":""v"",""jyutping"":""faan2zyun3""},{""word"":""過"",""pos"":""u"",""jyutping"":""gwo3""},{""word"":""來"",""pos"":""v"",""jyutping"":""lai4""},{""word"":""嘞"",""pos"":""y"",""jyutping"":""laak3""},{""word"":"","",""pos"":"""",""jyutping"":null},{""word"":""就"",""pos"":""d"",""jyutping"":""zau6""},{""word"":""有"",""pos"":""v1"",""jyutping"":""jau5""},{""word"":""個"",""pos"":""q"",""jyutping"":""go3""},{""word"":""新"",""pos"":""a"",""jyutping"":""san1""},{""word"":""嘅"",""pos"":""u"",""jyutping"":""ge3""},{""word"":""\"""",""pos"":"""",""jyutping"":null},{""word"":""孔"",""pos"":""nr"",""jyutping"":""hung2""},{""word"":""融"",""pos"":""nr"",""jyutping"":""jung4""},{""word"":""讓"",""pos"":""v"",""jyutping"":""joeng6""},{""word"":""梨"",""pos"":""n"",""jyutping"":""lei4""},{""word"":""\"""",""pos"":"""",""jyutping"":null},{""word"":""古仔"",""pos"":""n"",""jyutping"":""gu2zai2""},{""word"":""."",""pos"":"""",""jyutping"":null}]"	REQUIRES_EXPERT_CONTEXT_REVIEW
aa62-e37a576be320fbf11ff8	FC-005a_v2.cha	9da5c89fae262850960f6d5ad98151c3a780957b3581d357bce9c9a53ffce487	1	56	6	XXA	出過	出	v	,		X	"{""normalizedSurface"":""出過""}"	嗱,佢以前一路出過,由經典一二三四五六七八九十噉樣嘅.	乜嘢經典啊?	唔係吖,經典關於啲乜嘢主題𡃉?	"{""startTokenIndexZeroBased"":0,""endTokenIndexExclusive"":13,""tokens"":[{""word"":""嗱"",""pos"":""e"",""jyutping"":""laa4""},{""word"":"","",""pos"":"""",""jyutping"":null},{""word"":""佢"",""pos"":""r"",""jyutping"":""keoi5""},{""word"":""以前"",""pos"":""t"",""jyutping"":""ji5cin4""},{""word"":""一路"",""pos"":""d"",""jyutping"":""jat1lou6""},{""word"":""出"",""pos"":""v"",""jyutping"":""ceot1""},{""word"":""過"",""pos"":""u"",""jyutping"":""gwo3""},{""word"":"","",""pos"":"""",""jyutping"":null},{""word"":""由"",""pos"":""p"",""jyutping"":""jau4""},{""word"":""經典"",""pos"":""a"",""jyutping"":""ging1din2""},{""word"":""一"",""pos"":""m"",""jyutping"":""jat1""},{""word"":""二"",""pos"":""m"",""jyutping"":""ji6""},{""word"":""三"",""pos"":""m"",""jyutping"":""saam1""}]}"	"[{""word"":""嗱"",""pos"":""e"",""jyutping"":""laa4""},{""word"":"","",""pos"":"""",""jyutping"":null},{""word"":""佢"",""pos"":""r"",""jyutping"":""keoi5""},{""word"":""以前"",""pos"":""t"",""jyutping"":""ji5cin4""},{""word"":""一路"",""pos"":""d"",""jyutping"":""jat1lou6""},{""word"":""出"",""pos"":""v"",""jyutping"":""ceot1""},{""word"":""過"",""pos"":""u"",""jyutping"":""gwo3""},{""word"":"","",""pos"":"""",""jyutping"":null},{""word"":""由"",""pos"":""p"",""jyutping"":""jau4""},{""word"":""經典"",""pos"":""a"",""jyutping"":""ging1din2""},{""word"":""一"",""pos"":""m"",""jyutping"":""jat1""},{""word"":""二"",""pos"":""m"",""jyutping"":""ji6""},{""word"":""三"",""pos"":""m"",""jyutping"":""saam1""},{""word"":""四"",""pos"":""m"",""jyutping"":""sei3""},{""word"":""五"",""pos"":""m"",""jyutping"":""ng5""},{""word"":""六"",""pos"":""m"",""jyutping"":""luk6""},{""word"":""七"",""pos"":""m"",""jyutping"":""cat1""},{""word"":""八"",""pos"":""m"",""jyutping"":""baat3""},{""word"":""九"",""pos"":""m"",""jyutping"":""gau2""},{""word"":""十"",""pos"":""m"",""jyutping"":""sap6""},{""word"":""噉樣"",""pos"":""r"",""jyutping"":""gam2joeng2""},{""word"":""嘅"",""pos"":""y"",""jyutping"":""ge3""},{""word"":""."",""pos"":"""",""jyutping"":null}]"	REQUIRES_EXPERT_CONTEXT_REVIEW
aa62-a86717f2c1399081e0f3	FC-005a_v2.cha	9da5c89fae262850960f6d5ad98151c3a780957b3581d357bce9c9a53ffce487	1	78	3	XXB	講過	講	v	咩	y	PART	"{""normalizedSurface"":""講過""}"	有噉講過咩?	噉你,係咩?	佢有宣佈過㗎?	"{""startTokenIndexZeroBased"":0,""endTokenIndexExclusive"":6,""tokens"":[{""word"":""有"",""pos"":""v1"",""jyutping"":""jau5""},{""word"":""噉"",""pos"":""r"",""jyutping"":""gam2""},{""word"":""講"",""pos"":""v"",""jyutping"":""gong2""},{""word"":""過"",""pos"":""u"",""jyutping"":""gwo3""},{""word"":""咩"",""pos"":""y"",""jyutping"":""me1""},{""word"":""?"",""pos"":"""",""jyutping"":null}]}"	"[{""word"":""有"",""pos"":""v1"",""jyutping"":""jau5""},{""word"":""噉"",""pos"":""r"",""jyutping"":""gam2""},{""word"":""講"",""pos"":""v"",""jyutping"":""gong2""},{""word"":""過"",""pos"":""u"",""jyutping"":""gwo3""},{""word"":""咩"",""pos"":""y"",""jyutping"":""me1""},{""word"":""?"",""pos"":"""",""jyutping"":null}]"	REQUIRES_EXPERT_CONTEXT_REVIEW
aa62-ed2d320994f0a45b4816	FC-005a_v2.cha	9da5c89fae262850960f6d5ad98151c3a780957b3581d357bce9c9a53ffce487	1	79	3	XXB	宣佈過	宣佈	v	㗎	y	PART	"{""normalizedSurface"":""宣佈過""}"	佢有宣佈過㗎?	有噉講過咩?	係啊,但係呢,通常佢都唔會真係,如果你真係黏咗落去寄去,佢唔會唔俾你寄𠸏,佢,我諗佢都照收啩,唔會掟返俾你,叫你去黏過啩?	"{""startTokenIndexZeroBased"":0,""endTokenIndexExclusive"":6,""tokens"":[{""word"":""佢"",""pos"":""r"",""jyutping"":""keoi5""},{""word"":""有"",""pos"":""v1"",""jyutping"":""jau5""},{""word"":""宣佈"",""pos"":""v"",""jyutping"":""syun1bou3""},{""word"":""過"",""pos"":""u"",""jyutping"":""gwo3""},{""word"":""㗎"",""pos"":""y"",""jyutping"":""gaa4""},{""word"":""?"",""pos"":"""",""jyutping"":null}]}"	"[{""word"":""佢"",""pos"":""r"",""jyutping"":""keoi5""},{""word"":""有"",""pos"":""v1"",""jyutping"":""jau5""},{""word"":""宣佈"",""pos"":""v"",""jyutping"":""syun1bou3""},{""word"":""過"",""pos"":""u"",""jyutping"":""gwo3""},{""word"":""㗎"",""pos"":""y"",""jyutping"":""gaa4""},{""word"":""?"",""pos"":"""",""jyutping"":null}]"	REQUIRES_EXPERT_CONTEXT_REVIEW
aa62-77af59f70f2781147dac	FC-005a_v2.cha	9da5c89fae262850960f6d5ad98151c3a780957b3581d357bce9c9a53ffce487	1	80	52	XXA	黏過	黏	v	啩	y	PART	"{""normalizedSurface"":""黏過""}"	係啊,但係呢,通常佢都唔會真係,如果你真係黏咗落去寄去,佢唔會唔俾你寄𠸏,佢,我諗佢都照收啩,唔會掟返俾你,叫你去黏過啩?	佢有宣佈過㗎?	係囖.	"{""startTokenIndexZeroBased"":45,""endTokenIndexExclusive"":55,""tokens"":[{""word"":""俾"",""pos"":""p"",""jyutping"":""bei2""},{""word"":""你"",""pos"":""r"",""jyutping"":""nei5""},{""word"":"","",""pos"":"""",""jyutping"":null},{""word"":""叫"",""pos"":""v"",""jyutping"":""giu3""},{""word"":""你"",""pos"":""r"",""jyutping"":""nei5""},{""word"":""去"",""pos"":""vk"",""jyutping"":""heoi3""},{""word"":""黏"",""pos"":""v"",""jyutping"":""nim4""},{""word"":""過"",""pos"":""u"",""jyutping"":""gwo3""},{""word"":""啩"",""pos"":""y"",""jyutping"":""gwaa3""},{""word"":""?"",""pos"":"""",""jyutping"":null}]}"	"[{""word"":""係"",""pos"":""v"",""jyutping"":""hai6""},{""word"":""啊"",""pos"":""y"",""jyutping"":""aa3""},{""word"":"","",""pos"":"""",""jyutping"":null},{""word"":""但係"",""pos"":""c"",""jyutping"":""daan6hai6""},{""word"":""呢"",""pos"":""y1"",""jyutping"":""ne1""},{""word"":"","",""pos"":"""",""jyutping"":null},{""word"":""通常"",""pos"":""d"",""jyutping"":""tung1soeng4""},{""word"":""佢"",""pos"":""r"",""jyutping"":""keoi5""},{""word"":""都"",""pos"":""d"",""jyutping"":""dou1""},{""word"":""唔"",""pos"":""d"",""jyutping"":""m4""},{""word"":""會"",""pos"":""vu"",""jyutping"":""wui5""},{""word"":""真係"",""pos"":""d"",""jyutping"":""zan1hai6""},{""word"":"","",""pos"":"""",""jyutping"":null},{""word"":""如果"",""pos"":""c"",""jyutping"":""jyu4gwo2""},{""word"":""你"",""pos"":""r"",""jyutping"":""nei5""},{""word"":""真係"",""pos"":""d"",""jyutping"":""zan1hai6""},{""word"":""黏"",""pos"":""v"",""jyutping"":""nim4""},{""word"":""咗"",""pos"":""u"",""jyutping"":""zo2""},{""word"":""落去"",""pos"":""v"",""jyutping"":""lok6heoi3""},{""word"":""寄"",""pos"":""v"",""jyutping"":""gei3""},{""word"":""去"",""pos"":""v"",""jyutping"":""heoi3""},{""word"":"","",""pos"":"""",""jyutping"":null},{""word"":""佢"",""pos"":""r"",""jyutping"":""keoi5""},{""word"":""唔"",""pos"":""d"",""jyutping"":""m4""},{""word"":""會"",""pos"":""vu"",""jyutping"":""wui5""},{""word"":""唔"",""pos"":""d"",""jyutping"":""m4""},{""word"":""俾"",""pos"":""p"",""jyutping"":""bei2""},{""word"":""你"",""pos"":""r"",""jyutping"":""nei5""},{""word"":""寄"",""pos"":""v"",""jyutping"":""gei3""},{""word"":""𠸏"",""pos"":""y"",""jyutping"":""ge2""},{""word"":"","",""pos"":"""",""jyutping"":null},{""word"":""佢"",""pos"":""r"",""jyutping"":""keoi5""},{""word"":"","",""pos"":"""",""jyutping"":null},{""word"":""我"",""pos"":""r"",""jyutping"":""ngo5""},{""word"":""諗"",""pos"":""v"",""jyutping"":""nam2""},{""word"":""佢"",""pos"":""r"",""jyutping"":""keoi5""},{""word"":""都"",""pos"":""d"",""jyutping"":""dou1""},{""word"":""照"",""pos"":""v"",""jyutping"":""ziu3""},{""word"":""收"",""pos"":""v"",""jyutping"":""sau1""},{""word"":""啩"",""pos"":""y"",""jyutping"":""gwaa3""},{""word"":"","",""pos"":"""",""jyutping"":null},{""word"":""唔"",""pos"":""d"",""jyutping"":""m4""},{""word"":""會"",""pos"":""vu"",""jyutping"":""wui5""},{""word"":""掟"",""pos"":""v"",""jyutping"":""deng3""},{""word"":""返"",""pos"":""u"",""jyutping"":""faan1""},{""word"":""俾"",""pos"":""p"",""jyutping"":""bei2""},{""word"":""你"",""pos"":""r"",""jyutping"":""nei5""},{""word"":"","",""pos"":"""",""jyutping"":null},{""word"":""叫"",""pos"":""v"",""jyutping"":""giu3""},{""word"":""你"",""pos"":""r"",""jyutping"":""nei5""},{""word"":""去"",""pos"":""vk"",""jyutping"":""heoi3""},{""word"":""黏"",""pos"":""v"",""jyutping"":""nim4""},{""word"":""過"",""pos"":""u"",""jyutping"":""gwo3""},{""word"":""啩"",""pos"":""y"",""jyutping"":""gwaa3""},{""word"":""?"",""pos"":"""",""jyutping"":null}]"	REQUIRES_EXPERT_CONTEXT_REVIEW
aa62-70f64d61471cd33e17ee	FC-005a_v2.cha	9da5c89fae262850960f6d5ad98151c3a780957b3581d357bce9c9a53ffce487	1	87	5	XXA	見過	見	v	樣	n	NOUN	"{""normalizedSurface"":""見過""}"	到而家重未見過樣𡃉.	係喇,又-,係點嘅樣𡃉回歸嗰套?	未見過?	"{""startTokenIndexZeroBased"":0,""endTokenIndexExclusive"":9,""tokens"":[{""word"":""到"",""pos"":""p"",""jyutping"":""dou3""},{""word"":""而家"",""pos"":""t"",""jyutping"":""ji4gaa1""},{""word"":""重"",""pos"":""d"",""jyutping"":""zung6""},{""word"":""未"",""pos"":""d"",""jyutping"":""mei6""},{""word"":""見"",""pos"":""v"",""jyutping"":""gin3""},{""word"":""過"",""pos"":""u"",""jyutping"":""gwo3""},{""word"":""樣"",""pos"":""n"",""jyutping"":""joeng2""},{""word"":""𡃉"",""pos"":""y"",""jyutping"":""gaa3""},{""word"":""."",""pos"":"""",""jyutping"":null}]}"	"[{""word"":""到"",""pos"":""p"",""jyutping"":""dou3""},{""word"":""而家"",""pos"":""t"",""jyutping"":""ji4gaa1""},{""word"":""重"",""pos"":""d"",""jyutping"":""zung6""},{""word"":""未"",""pos"":""d"",""jyutping"":""mei6""},{""word"":""見"",""pos"":""v"",""jyutping"":""gin3""},{""word"":""過"",""pos"":""u"",""jyutping"":""gwo3""},{""word"":""樣"",""pos"":""n"",""jyutping"":""joeng2""},{""word"":""𡃉"",""pos"":""y"",""jyutping"":""gaa3""},{""word"":""."",""pos"":"""",""jyutping"":null}]"	REQUIRES_EXPERT_CONTEXT_REVIEW
aa62-efd310711395a9396c59	FC-005a_v2.cha	9da5c89fae262850960f6d5ad98151c3a780957b3581d357bce9c9a53ffce487	1	88	2	XXB	見過	見	v	?		X	"{""normalizedSurface"":""見過""}"	未見過?	到而家重未見過樣𡃉.	其實而家都五月,乜樣都未見過啊真係.	"{""startTokenIndexZeroBased"":0,""endTokenIndexExclusive"":4,""tokens"":[{""word"":""未"",""pos"":""d"",""jyutping"":""mei6""},{""word"":""見"",""pos"":""v"",""jyutping"":""gin3""},{""word"":""過"",""pos"":""u"",""jyutping"":""gwo3""},{""word"":""?"",""pos"":"""",""jyutping"":null}]}"	"[{""word"":""未"",""pos"":""d"",""jyutping"":""mei6""},{""word"":""見"",""pos"":""v"",""jyutping"":""gin3""},{""word"":""過"",""pos"":""u"",""jyutping"":""gwo3""},{""word"":""?"",""pos"":"""",""jyutping"":null}]"	REQUIRES_EXPERT_CONTEXT_REVIEW
aa62-c20286d2af1dfeea4ceb	FC-005a_v2.cha	9da5c89fae262850960f6d5ad98151c3a780957b3581d357bce9c9a53ffce487	1	89	10	XXA	見過	見	v	啊	y	PART	"{""normalizedSurface"":""見過""}"	其實而家都五月,乜樣都未見過啊真係.	未見過?	咦,會唔會出特區旗啊,特區花啊,嗰啲噉嘅嘢呢?	"{""startTokenIndexZeroBased"":3,""endTokenIndexExclusive"":14,""tokens"":[{""word"":""五月"",""pos"":""t"",""jyutping"":""ng5jyut6""},{""word"":"","",""pos"":"""",""jyutping"":null},{""word"":""乜"",""pos"":""r"",""jyutping"":""mat1""},{""word"":""樣"",""pos"":""n"",""jyutping"":""joeng2""},{""word"":""都"",""pos"":""d"",""jyutping"":""dou1""},{""word"":""未"",""pos"":""d"",""jyutping"":""mei6""},{""word"":""見"",""pos"":""v"",""jyutping"":""gin3""},{""word"":""過"",""pos"":""u"",""jyutping"":""gwo3""},{""word"":""啊"",""pos"":""y"",""jyutping"":""aa3""},{""word"":""真係"",""pos"":""d"",""jyutping"":""zan1hai6""},{""word"":""."",""pos"":"""",""jyutping"":null}]}"	"[{""word"":""其實"",""pos"":""d"",""jyutping"":""kei4sat6""},{""word"":""而家"",""pos"":""t"",""jyutping"":""ji4gaa1""},{""word"":""都"",""pos"":""d"",""jyutping"":""dou1""},{""word"":""五月"",""pos"":""t"",""jyutping"":""ng5jyut6""},{""word"":"","",""pos"":"""",""jyutping"":null},{""word"":""乜"",""pos"":""r"",""jyutping"":""mat1""},{""word"":""樣"",""pos"":""n"",""jyutping"":""joeng2""},{""word"":""都"",""pos"":""d"",""jyutping"":""dou1""},{""word"":""未"",""pos"":""d"",""jyutping"":""mei6""},{""word"":""見"",""pos"":""v"",""jyutping"":""gin3""},{""word"":""過"",""pos"":""u"",""jyutping"":""gwo3""},{""word"":""啊"",""pos"":""y"",""jyutping"":""aa3""},{""word"":""真係"",""pos"":""d"",""jyutping"":""zan1hai6""},{""word"":""."",""pos"":"""",""jyutping"":null}]"	REQUIRES_EXPERT_CONTEXT_REVIEW
aa62-5ddfe0d5432cb9a9b29f	FC-005a_v2.cha	9da5c89fae262850960f6d5ad98151c3a780957b3581d357bce9c9a53ffce487	1	91	3	XXA	提過	提	v	嗰個	r	PRON	"{""normalizedSurface"":""提過""}"	冇人提過嗰個嘢係點嘅樣𡃉.	咦,會唔會出特區旗啊,特區花啊,嗰啲噉嘅嘢呢?	只係話有一-,會出有一套回歸嘅郵票同埋小全章,𠻺首日封,即係乜都出齊,噉樣喇.	"{""startTokenIndexZeroBased"":0,""endTokenIndexExclusive"":10,""tokens"":[{""word"":""冇"",""pos"":""v1"",""jyutping"":""mou5""},{""word"":""人"",""pos"":""n"",""jyutping"":""jan4""},{""word"":""提"",""pos"":""v"",""jyutping"":""tai4""},{""word"":""過"",""pos"":""u"",""jyutping"":""gwo3""},{""word"":""嗰個"",""pos"":""r"",""jyutping"":""go2go3""},{""word"":""嘢"",""pos"":""n"",""jyutping"":""je5""},{""word"":""係"",""pos"":""v"",""jyutping"":""hai6""},{""word"":""點"",""pos"":""r"",""jyutping"":""dim2""},{""word"":""嘅"",""pos"":""u"",""jyutping"":""ge3""},{""word"":""樣"",""pos"":""n"",""jyutping"":""joeng2""}]}"	"[{""word"":""冇"",""pos"":""v1"",""jyutping"":""mou5""},{""word"":""人"",""pos"":""n"",""jyutping"":""jan4""},{""word"":""提"",""pos"":""v"",""jyutping"":""tai4""},{""word"":""過"",""pos"":""u"",""jyutping"":""gwo3""},{""word"":""嗰個"",""pos"":""r"",""jyutping"":""go2go3""},{""word"":""嘢"",""pos"":""n"",""jyutping"":""je5""},{""word"":""係"",""pos"":""v"",""jyutping"":""hai6""},{""word"":""點"",""pos"":""r"",""jyutping"":""dim2""},{""word"":""嘅"",""pos"":""u"",""jyutping"":""ge3""},{""word"":""樣"",""pos"":""n"",""jyutping"":""joeng2""},{""word"":""𡃉"",""pos"":""y"",""jyutping"":""gaa3""},{""word"":""."",""pos"":"""",""jyutping"":null}]"	REQUIRES_EXPERT_CONTEXT_REVIEW
aa62-d835e7c2bf8299162ec1	FC-005a_v2.cha	9da5c89fae262850960f6d5ad98151c3a780957b3581d357bce9c9a53ffce487	1	93	8	XXA	講過	講	v	嗰	r	PRON	"{""normalizedSurface"":""講過""}"	但係呢就,從來冇人講過嗰套嘢嘅樣係點樣樣嘅.	只係話有一-,會出有一套回歸嘅郵票同埋小全章,𠻺首日封,即係乜都出齊,噉樣喇.	即係乜嘢作-,即係嗰啲構思啊,即係邊個係設計啊,以乜嘢為主題啊,點樣樣,冚唪唥全部冇人講過,所以個個好似懵查查啊,好似斷估噉𡃉咋.	"{""startTokenIndexZeroBased"":1,""endTokenIndexExclusive"":15,""tokens"":[{""word"":""呢"",""pos"":""y1"",""jyutping"":""ne1""},{""word"":""就"",""pos"":""d"",""jyutping"":""zau6""},{""word"":"","",""pos"":"""",""jyutping"":null},{""word"":""從來"",""pos"":""d"",""jyutping"":""cung4loi4""},{""word"":""冇"",""pos"":""v1"",""jyutping"":""mou5""},{""word"":""人"",""pos"":""n"",""jyutping"":""jan4""},{""word"":""講"",""pos"":""v"",""jyutping"":""gong2""},{""word"":""過"",""pos"":""u"",""jyutping"":""gwo3""},{""word"":""嗰"",""pos"":""r"",""jyutping"":""go2""},{""word"":""套"",""pos"":""q"",""jyutping"":""tou3""},{""word"":""嘢"",""pos"":""n"",""jyutping"":""je5""},{""word"":""嘅"",""pos"":""u"",""jyutping"":""ge3""},{""word"":""樣"",""pos"":""n"",""jyutping"":""joeng2""},{""word"":""係"",""pos"":""v"",""jyutping"":""hai6""}]}"	"[{""word"":""但係"",""pos"":""c"",""jyutping"":""daan6hai6""},{""word"":""呢"",""pos"":""y1"",""jyutping"":""ne1""},{""word"":""就"",""pos"":""d"",""jyutping"":""zau6""},{""word"":"","",""pos"":"""",""jyutping"":null},{""word"":""從來"",""pos"":""d"",""jyutping"":""cung4loi4""},{""word"":""冇"",""pos"":""v1"",""jyutping"":""mou5""},{""word"":""人"",""pos"":""n"",""jyutping"":""jan4""},{""word"":""講"",""pos"":""v"",""jyutping"":""gong2""},{""word"":""過"",""pos"":""u"",""jyutping"":""gwo3""},{""word"":""嗰"",""pos"":""r"",""jyutping"":""go2""},{""word"":""套"",""pos"":""q"",""jyutping"":""tou3""},{""word"":""嘢"",""pos"":""n"",""jyutping"":""je5""},{""word"":""嘅"",""pos"":""u"",""jyutping"":""ge3""},{""word"":""樣"",""pos"":""n"",""jyutping"":""joeng2""},{""word"":""係"",""pos"":""v"",""jyutping"":""hai6""},{""word"":""點樣"",""pos"":""r"",""jyutping"":""dim2joeng2""},{""word"":""樣"",""pos"":""n"",""jyutping"":""joeng2""},{""word"":""嘅"",""pos"":""u"",""jyutping"":""ge3""},{""word"":""."",""pos"":"""",""jyutping"":null}]"	REQUIRES_EXPERT_CONTEXT_REVIEW
aa62-4236e13c5230237c8757	FC-005a_v2.cha	9da5c89fae262850960f6d5ad98151c3a780957b3581d357bce9c9a53ffce487	1	94	30	XXA	講過	講	v	,		X	"{""normalizedSurface"":""講過""}"	即係乜嘢作-,即係嗰啲構思啊,即係邊個係設計啊,以乜嘢為主題啊,點樣樣,冚唪唥全部冇人講過,所以個個好似懵查查啊,好似斷估噉𡃉咋.	但係呢就,從來冇人講過嗰套嘢嘅樣係點樣樣嘅.	所以就出埋哩幾套之後就應該玩完嚹.	"{""startTokenIndexZeroBased"":23,""endTokenIndexExclusive"":37,""tokens"":[{""word"":""樣"",""pos"":""n"",""jyutping"":""joeng2""},{""word"":"","",""pos"":"""",""jyutping"":null},{""word"":""冚唪唥"",""pos"":""m"",""jyutping"":""ham6baang6laang6""},{""word"":""全部"",""pos"":""m"",""jyutping"":""cyun4bou6""},{""word"":""冇"",""pos"":""v1"",""jyutping"":""mou5""},{""word"":""人"",""pos"":""n"",""jyutping"":""jan4""},{""word"":""講"",""pos"":""v"",""jyutping"":""gong2""},{""word"":""過"",""pos"":""u"",""jyutping"":""gwo3""},{""word"":"","",""pos"":"""",""jyutping"":null},{""word"":""所以"",""pos"":""c"",""jyutping"":""so2ji5""},{""word"":""個個"",""pos"":""q"",""jyutping"":""go3go3""},{""word"":""好似"",""pos"":""v"",""jyutping"":""hou2ci5""},{""word"":""懵查查"",""pos"":""z"",""jyutping"":""mung4caa4caa4""},{""word"":""啊"",""pos"":""y"",""jyutping"":""aa3""}]}"	"[{""word"":""即係"",""pos"":""c"",""jyutping"":""zik1hai6""},{""word"":""乜嘢"",""pos"":""r"",""jyutping"":""mat1je5""},{""word"":""作"",""pos"":""v"",""jyutping"":""zok3""},{""word"":""-"",""pos"":"""",""jyutping"":null},{""word"":"","",""pos"":"""",""jyutping"":null},{""word"":""即係"",""pos"":""c"",""jyutping"":""zik1hai6""},{""word"":""嗰啲"",""pos"":""r"",""jyutping"":""go2di1""},{""word"":""構思"",""pos"":""n"",""jyutping"":""gau3si1""},{""word"":""啊"",""pos"":""y1"",""jyutping"":""aa3""},{""word"":"","",""pos"":"""",""jyutping"":null},{""word"":""即係"",""pos"":""c"",""jyutping"":""zik1hai6""},{""word"":""邊個"",""pos"":""r"",""jyutping"":""bin1go3""},{""word"":""係"",""pos"":""v"",""jyutping"":""hai6""},{""word"":""設計"",""pos"":""v"",""jyutping"":""cit3gai3""},{""word"":""啊"",""pos"":""y1"",""jyutping"":""aa3""},{""word"":"","",""pos"":"""",""jyutping"":null},{""word"":""以"",""pos"":""p"",""jyutping"":""ji5""},{""word"":""乜嘢"",""pos"":""r"",""jyutping"":""mat1je5""},{""word"":""為"",""pos"":""p"",""jyutping"":""wai4""},{""word"":""主題"",""pos"":""n"",""jyutping"":""zyu2tai4""},{""word"":""啊"",""pos"":""y1"",""jyutping"":""aa3""},{""word"":"","",""pos"":"""",""jyutping"":null},{""word"":""點樣"",""pos"":""r"",""jyutping"":""dim2joeng2""},{""word"":""樣"",""pos"":""n"",""jyutping"":""joeng2""},{""word"":"","",""pos"":"""",""jyutping"":null},{""word"":""冚唪唥"",""pos"":""m"",""jyutping"":""ham6baang6laang6""},{""word"":""全部"",""pos"":""m"",""jyutping"":""cyun4bou6""},{""word"":""冇"",""pos"":""v1"",""jyutping"":""mou5""},{""word"":""人"",""pos"":""n"",""jyutping"":""jan4""},{""word"":""講"",""pos"":""v"",""jyutping"":""gong2""},{""word"":""過"",""pos"":""u"",""jyutping"":""gwo3""},{""word"":"","",""pos"":"""",""jyutping"":null},{""word"":""所以"",""pos"":""c"",""jyutping"":""so2ji5""},{""word"":""個個"",""pos"":""q"",""jyutping"":""go3go3""},{""word"":""好似"",""pos"":""v"",""jyutping"":""hou2ci5""},{""word"":""懵查查"",""pos"":""z"",""jyutping"":""mung4caa4caa4""},{""word"":""啊"",""pos"":""y"",""jyutping"":""aa3""},{""word"":"","",""pos"":"""",""jyutping"":null},{""word"":""好似"",""pos"":""v"",""jyutping"":""hou2ci5""},{""word"":""斷估"",""pos"":""v"",""jyutping"":""dyun3gu2""},{""word"":""噉"",""pos"":""r"",""jyutping"":""gam2""},{""word"":""𡃉"",""pos"":""y"",""jyutping"":""gaa3""},{""word"":""咋"",""pos"":""y"",""jyutping"":""zaa3""},{""word"":""."",""pos"":"""",""jyutping"":null}]"	REQUIRES_EXPERT_CONTEXT_REVIEW
aa62-c4c996910ffd25080367	FC-005a_v2.cha	9da5c89fae262850960f6d5ad98151c3a780957b3581d357bce9c9a53ffce487	1	119	17	XXA	訂過	訂	v	嘞	y	PART	"{""normalizedSurface"":""訂過""}"	噉你如果你要個特別郵chop呢,你又要去再訂過嘞.	到到嗰個時候佢真係,賣嘅時候呢,出嘅時候呢,佢就話俾你聽有個特別郵chop嘞.	即係變咗你,除咗訂嗰-佢嗰個,誒,可能啲人鍾意乜嘢呢?	"{""startTokenIndexZeroBased"":10,""endTokenIndexExclusive"":20,""tokens"":[{""word"":"","",""pos"":"""",""jyutping"":null},{""word"":""你"",""pos"":""r"",""jyutping"":""nei5""},{""word"":""又"",""pos"":""d"",""jyutping"":""jau6""},{""word"":""要"",""pos"":""vu"",""jyutping"":""jiu3""},{""word"":""去"",""pos"":""vk"",""jyutping"":""heoi3""},{""word"":""再"",""pos"":""d"",""jyutping"":""zoi3""},{""word"":""訂"",""pos"":""v"",""jyutping"":""deng6""},{""word"":""過"",""pos"":""u"",""jyutping"":""gwo3""},{""word"":""嘞"",""pos"":""y"",""jyutping"":""laak3""},{""word"":""."",""pos"":"""",""jyutping"":null}]}"	"[{""word"":""噉"",""pos"":""c"",""jyutping"":""gam2""},{""word"":""你"",""pos"":""r"",""jyutping"":""nei5""},{""word"":""如果"",""pos"":""c"",""jyutping"":""jyu4gwo2""},{""word"":""你"",""pos"":""r"",""jyutping"":""nei5""},{""word"":""要"",""pos"":""v"",""jyutping"":""jiu3""},{""word"":""個"",""pos"":""q"",""jyutping"":""go3""},{""word"":""特別"",""pos"":""d"",""jyutping"":""dak6bit6""},{""word"":""郵"",""pos"":""Ng"",""jyutping"":""jau4""},{""word"":""chop"",""pos"":""xn"",""jyutping"":null},{""word"":""呢"",""pos"":""y1"",""jyutping"":""ne1""},{""word"":"","",""pos"":"""",""jyutping"":null},{""word"":""你"",""pos"":""r"",""jyutping"":""nei5""},{""word"":""又"",""pos"":""d"",""jyutping"":""jau6""},{""word"":""要"",""pos"":""vu"",""jyutping"":""jiu3""},{""word"":""去"",""pos"":""vk"",""jyutping"":""heoi3""},{""word"":""再"",""pos"":""d"",""jyutping"":""zoi3""},{""word"":""訂"",""pos"":""v"",""jyutping"":""deng6""},{""word"":""過"",""pos"":""u"",""jyutping"":""gwo3""},{""word"":""嘞"",""pos"":""y"",""jyutping"":""laak3""},{""word"":""."",""pos"":"""",""jyutping"":null}]"	REQUIRES_EXPERT_CONTEXT_REVIEW
aa62-fb5ce308168f50a3d437	FC-005a_v2.cha	9da5c89fae262850960f6d5ad98151c3a780957b3581d357bce9c9a53ffce487	1	123	8	XXA	買過	買	v	一	m	NUM	"{""normalizedSurface"":""買過""}"	"""噉你又要去再買過一次郵chop."	"chop完香港一號chop之後""哎吔,嘩,原來有個特別公仔設計有個chop𡃉喎."	所以咪好似賺完又賺噉囖.	"{""startTokenIndexZeroBased"":1,""endTokenIndexExclusive"":14,""tokens"":[{""word"":""噉"",""pos"":""c"",""jyutping"":""gam2""},{""word"":""你"",""pos"":""r"",""jyutping"":""nei5""},{""word"":""又"",""pos"":""d"",""jyutping"":""jau6""},{""word"":""要"",""pos"":""vu"",""jyutping"":""jiu3""},{""word"":""去"",""pos"":""vk"",""jyutping"":""heoi3""},{""word"":""再"",""pos"":""d"",""jyutping"":""zoi3""},{""word"":""買"",""pos"":""v"",""jyutping"":""maai5""},{""word"":""過"",""pos"":""u"",""jyutping"":""gwo3""},{""word"":""一"",""pos"":""m"",""jyutping"":""jat1""},{""word"":""次"",""pos"":""q"",""jyutping"":""ci3""},{""word"":""郵"",""pos"":""Ng"",""jyutping"":""jau4""},{""word"":""chop"",""pos"":""xn"",""jyutping"":null},{""word"":""."",""pos"":"""",""jyutping"":null}]}"	"[{""word"":""\"""",""pos"":"""",""jyutping"":null},{""word"":""噉"",""pos"":""c"",""jyutping"":""gam2""},{""word"":""你"",""pos"":""r"",""jyutping"":""nei5""},{""word"":""又"",""pos"":""d"",""jyutping"":""jau6""},{""word"":""要"",""pos"":""vu"",""jyutping"":""jiu3""},{""word"":""去"",""pos"":""vk"",""jyutping"":""heoi3""},{""word"":""再"",""pos"":""d"",""jyutping"":""zoi3""},{""word"":""買"",""pos"":""v"",""jyutping"":""maai5""},{""word"":""過"",""pos"":""u"",""jyutping"":""gwo3""},{""word"":""一"",""pos"":""m"",""jyutping"":""jat1""},{""word"":""次"",""pos"":""q"",""jyutping"":""ci3""},{""word"":""郵"",""pos"":""Ng"",""jyutping"":""jau4""},{""word"":""chop"",""pos"":""xn"",""jyutping"":null},{""word"":""."",""pos"":"""",""jyutping"":null}]"	REQUIRES_EXPERT_CONTEXT_REVIEW
aa62-2db73a4f8569f15da2e4	FC-005a_v2.cha	9da5c89fae262850960f6d5ad98151c3a780957b3581d357bce9c9a53ffce487	1	127	7	XXB	講過	講	v	個八	m	NUM	"{""normalizedSurface"":""講過""}"	嗰陣時,我唔知佢講過個八定係個三啊?	我有啲朋友,佢又話,誒,炒郵票嗰啲呢,佢𠻺識得嗎,有某一種嘅郵票,即係譬如某一個面額嘅呢,就儲,儲,儲得好多,因為呢,嗰個面額呢,就特別容易炒賣到𡃉喎.	個八啊,個八啊.	"{""startTokenIndexZeroBased"":0,""endTokenIndexExclusive"":14,""tokens"":[{""word"":""嗰陣時"",""pos"":""r"",""jyutping"":""go2zan6si4""},{""word"":"","",""pos"":"""",""jyutping"":null},{""word"":""我"",""pos"":""r"",""jyutping"":""ngo5""},{""word"":""唔"",""pos"":""d"",""jyutping"":""m4""},{""word"":""知"",""pos"":""v"",""jyutping"":""zi1""},{""word"":""佢"",""pos"":""r"",""jyutping"":""keoi5""},{""word"":""講"",""pos"":""v"",""jyutping"":""gong2""},{""word"":""過"",""pos"":""u"",""jyutping"":""gwo3""},{""word"":""個八"",""pos"":""m"",""jyutping"":""go3baat3""},{""word"":""定"",""pos"":""c"",""jyutping"":""ding6""},{""word"":""係"",""pos"":""v"",""jyutping"":""hai6""},{""word"":""個三"",""pos"":""m"",""jyutping"":""go3saam1""},{""word"":""啊"",""pos"":""y"",""jyutping"":""aa3""},{""word"":""?"",""pos"":"""",""jyutping"":null}]}"	"[{""word"":""嗰陣時"",""pos"":""r"",""jyutping"":""go2zan6si4""},{""word"":"","",""pos"":"""",""jyutping"":null},{""word"":""我"",""pos"":""r"",""jyutping"":""ngo5""},{""word"":""唔"",""pos"":""d"",""jyutping"":""m4""},{""word"":""知"",""pos"":""v"",""jyutping"":""zi1""},{""word"":""佢"",""pos"":""r"",""jyutping"":""keoi5""},{""word"":""講"",""pos"":""v"",""jyutping"":""gong2""},{""word"":""過"",""pos"":""u"",""jyutping"":""gwo3""},{""word"":""個八"",""pos"":""m"",""jyutping"":""go3baat3""},{""word"":""定"",""pos"":""c"",""jyutping"":""ding6""},{""word"":""係"",""pos"":""v"",""jyutping"":""hai6""},{""word"":""個三"",""pos"":""m"",""jyutping"":""go3saam1""},{""word"":""啊"",""pos"":""y"",""jyutping"":""aa3""},{""word"":""?"",""pos"":"""",""jyutping"":null}]"	REQUIRES_EXPERT_CONTEXT_REVIEW
aa62-559eaaabfba817237682	FC-005b_v2.cha	91e91321966b1ff126280a045553c91ec40d0f45daf3beba4fe5e84a7181f868	2	7	12	XXA	好似過	好似	v	成	m	NUM	"{""normalizedSurface"":""好似過""}"	未扱過印嘅,二百幾蚊一個,好似過成過萬蚊,一版,好似係?	係,未扱過印嗰啲先得呀嗎?	係唔係呢?	"{""startTokenIndexZeroBased"":5,""endTokenIndexExclusive"":19,""tokens"":[{""word"":"","",""pos"":"""",""jyutping"":null},{""word"":""二百幾"",""pos"":""m"",""jyutping"":""ji6baak3gei2""},{""word"":""蚊"",""pos"":""q"",""jyutping"":""man1""},{""word"":""一"",""pos"":""m"",""jyutping"":""jat1""},{""word"":""個"",""pos"":""q"",""jyutping"":""go3""},{""word"":"","",""pos"":"""",""jyutping"":null},{""word"":""好似"",""pos"":""v"",""jyutping"":""hou2ci5""},{""word"":""過"",""pos"":""v"",""jyutping"":""gwo3""},{""word"":""成"",""pos"":""m"",""jyutping"":""seng4""},{""word"":""過"",""pos"":""v"",""jyutping"":""gwo3""},{""word"":""萬"",""pos"":""m"",""jyutping"":""maan6""},{""word"":""蚊"",""pos"":""q"",""jyutping"":""man1""},{""word"":"","",""pos"":"""",""jyutping"":null},{""word"":""一"",""pos"":""m"",""jyutping"":""jat1""}]}"	"[{""word"":""未"",""pos"":""d"",""jyutping"":""mei6""},{""word"":""扱"",""pos"":""Vg"",""jyutping"":""kap1""},{""word"":""過"",""pos"":""u"",""jyutping"":""gwo3""},{""word"":""印"",""pos"":""Vg"",""jyutping"":""jan3""},{""word"":""嘅"",""pos"":""u"",""jyutping"":""ge3""},{""word"":"","",""pos"":"""",""jyutping"":null},{""word"":""二百幾"",""pos"":""m"",""jyutping"":""ji6baak3gei2""},{""word"":""蚊"",""pos"":""q"",""jyutping"":""man1""},{""word"":""一"",""pos"":""m"",""jyutping"":""jat1""},{""word"":""個"",""pos"":""q"",""jyutping"":""go3""},{""word"":"","",""pos"":"""",""jyutping"":null},{""word"":""好似"",""pos"":""v"",""jyutping"":""hou2ci5""},{""word"":""過"",""pos"":""v"",""jyutping"":""gwo3""},{""word"":""成"",""pos"":""m"",""jyutping"":""seng4""},{""word"":""過"",""pos"":""v"",""jyutping"":""gwo3""},{""word"":""萬"",""pos"":""m"",""jyutping"":""maan6""},{""word"":""蚊"",""pos"":""q"",""jyutping"":""man1""},{""word"":"","",""pos"":"""",""jyutping"":null},{""word"":""一"",""pos"":""m"",""jyutping"":""jat1""},{""word"":""版"",""pos"":""q"",""jyutping"":""baan2""},{""word"":"","",""pos"":"""",""jyutping"":null},{""word"":""好似"",""pos"":""v"",""jyutping"":""hou2ci5""},{""word"":""係"",""pos"":""v"",""jyutping"":""hai6""},{""word"":""?"",""pos"":"""",""jyutping"":null}]"	REQUIRES_EXPERT_CONTEXT_REVIEW
aa62-277935da81d22ff17dbc	FC-005b_v2.cha	91e91321966b1ff126280a045553c91ec40d0f45daf3beba4fe5e84a7181f868	2	74	6	XXB	諗過	諗	v	噉	r	PRON	"{""normalizedSurface"":""諗過""}"	哎吔,我從來冇諗過噉儲啊.	不過我係,係我衰啲,而家又鍾意儲埋成版成版噉來儲.	我發覺佢成版幾靚𡃉,睇嘅時候.	"{""startTokenIndexZeroBased"":0,""endTokenIndexExclusive"":11,""tokens"":[{""word"":""哎吔"",""pos"":""e"",""jyutping"":""ai1jaa3""},{""word"":"","",""pos"":"""",""jyutping"":null},{""word"":""我"",""pos"":""r"",""jyutping"":""ngo5""},{""word"":""從來"",""pos"":""d"",""jyutping"":""cung4loi4""},{""word"":""冇"",""pos"":""v1"",""jyutping"":""mou5""},{""word"":""諗"",""pos"":""v"",""jyutping"":""nam2""},{""word"":""過"",""pos"":""u"",""jyutping"":""gwo3""},{""word"":""噉"",""pos"":""r"",""jyutping"":""gam2""},{""word"":""儲"",""pos"":""v"",""jyutping"":""cou5""},{""word"":""啊"",""pos"":""y"",""jyutping"":""aa3""},{""word"":""."",""pos"":"""",""jyutping"":null}]}"	"[{""word"":""哎吔"",""pos"":""e"",""jyutping"":""ai1jaa3""},{""word"":"","",""pos"":"""",""jyutping"":null},{""word"":""我"",""pos"":""r"",""jyutping"":""ngo5""},{""word"":""從來"",""pos"":""d"",""jyutping"":""cung4loi4""},{""word"":""冇"",""pos"":""v1"",""jyutping"":""mou5""},{""word"":""諗"",""pos"":""v"",""jyutping"":""nam2""},{""word"":""過"",""pos"":""u"",""jyutping"":""gwo3""},{""word"":""噉"",""pos"":""r"",""jyutping"":""gam2""},{""word"":""儲"",""pos"":""v"",""jyutping"":""cou5""},{""word"":""啊"",""pos"":""y"",""jyutping"":""aa3""},{""word"":""."",""pos"":"""",""jyutping"":null}]"	REQUIRES_EXPERT_CONTEXT_REVIEW
aa62-baf8da0ce99b7a0faad2	FC-005b_v2.cha	91e91321966b1ff126280a045553c91ec40d0f45daf3beba4fe5e84a7181f868	2	119	2	XXA	諗過	諗	v	收	v	VERB	"{""normalizedSurface"":""諗過""}"	冇諗過收起嗰個毫子佢,第日會點啊,或者嗰年,誒,出嗰個毫子出得好少啊,噉樣.	我,我總言之我覺得,嗰陣時揸住個毫子我只係覺得可以買到好多嘢啊.	哦,梗係冇喇,我都唔會𠸏.	"{""startTokenIndexZeroBased"":0,""endTokenIndexExclusive"":9,""tokens"":[{""word"":""冇"",""pos"":""v1"",""jyutping"":""mou5""},{""word"":""諗"",""pos"":""v"",""jyutping"":""nam2""},{""word"":""過"",""pos"":""u"",""jyutping"":""gwo3""},{""word"":""收"",""pos"":""v"",""jyutping"":""sau1""},{""word"":""起"",""pos"":""v"",""jyutping"":""hei2""},{""word"":""嗰個"",""pos"":""r"",""jyutping"":""go2go3""},{""word"":""毫子"",""pos"":""n"",""jyutping"":""hou4zi2""},{""word"":""佢"",""pos"":""r"",""jyutping"":""keoi5""},{""word"":"","",""pos"":"""",""jyutping"":null}]}"	"[{""word"":""冇"",""pos"":""v1"",""jyutping"":""mou5""},{""word"":""諗"",""pos"":""v"",""jyutping"":""nam2""},{""word"":""過"",""pos"":""u"",""jyutping"":""gwo3""},{""word"":""收"",""pos"":""v"",""jyutping"":""sau1""},{""word"":""起"",""pos"":""v"",""jyutping"":""hei2""},{""word"":""嗰個"",""pos"":""r"",""jyutping"":""go2go3""},{""word"":""毫子"",""pos"":""n"",""jyutping"":""hou4zi2""},{""word"":""佢"",""pos"":""r"",""jyutping"":""keoi5""},{""word"":"","",""pos"":"""",""jyutping"":null},{""word"":""第日"",""pos"":""t"",""jyutping"":""dai6jat6""},{""word"":""會"",""pos"":""vu"",""jyutping"":""wui5""},{""word"":""點"",""pos"":""r"",""jyutping"":""dim2""},{""word"":""啊"",""pos"":""y1"",""jyutping"":""aa3""},{""word"":"","",""pos"":"""",""jyutping"":null},{""word"":""或者"",""pos"":""c"",""jyutping"":""waak6ze2""},{""word"":""嗰"",""pos"":""r"",""jyutping"":""go2""},{""word"":""年"",""pos"":""q"",""jyutping"":""nin4""},{""word"":"","",""pos"":"""",""jyutping"":null},{""word"":""誒"",""pos"":""e"",""jyutping"":""e6""},{""word"":"","",""pos"":"""",""jyutping"":null},{""word"":""出"",""pos"":""v"",""jyutping"":""ceot1""},{""word"":""嗰個"",""pos"":""r"",""jyutping"":""go2go3""},{""word"":""毫子"",""pos"":""n"",""jyutping"":""hou4zi2""},{""word"":""出"",""pos"":""v"",""jyutping"":""ceot1""},{""word"":""得"",""pos"":""u"",""jyutping"":""dak1""},{""word"":""好"",""pos"":""d"",""jyutping"":""hou2""},{""word"":""少"",""pos"":""a"",""jyutping"":""siu2""},{""word"":""啊"",""pos"":""y"",""jyutping"":""aa3""},{""word"":"","",""pos"":"""",""jyutping"":null},{""word"":""噉樣"",""pos"":""r"",""jyutping"":""gam2joeng2""},{""word"":""."",""pos"":"""",""jyutping"":null}]"	REQUIRES_EXPERT_CONTEXT_REVIEW
aa62-4527de024ab7329b88df	FC-005b_v2.cha	91e91321966b1ff126280a045553c91ec40d0f45daf3beba4fe5e84a7181f868	2	125	9	XXA	用過	用	v	即係	c	CCONJ	"{""normalizedSurface"":""用過""}"	你係要靚嗰啲,完全未用過即係.	佢好衰𡃉.	嗰啲先值錢.	"{""startTokenIndexZeroBased"":2,""endTokenIndexExclusive"":12,""tokens"":[{""word"":""要"",""pos"":""v"",""jyutping"":""jiu3""},{""word"":""靚"",""pos"":""a"",""jyutping"":""leng3""},{""word"":""嗰啲"",""pos"":""r"",""jyutping"":""go2di1""},{""word"":"","",""pos"":"""",""jyutping"":null},{""word"":""完全"",""pos"":""d"",""jyutping"":""jyun4cyun4""},{""word"":""未"",""pos"":""d"",""jyutping"":""mei6""},{""word"":""用"",""pos"":""v"",""jyutping"":""jung6""},{""word"":""過"",""pos"":""u"",""jyutping"":""gwo3""},{""word"":""即係"",""pos"":""c"",""jyutping"":""zik1hai6""},{""word"":""."",""pos"":"""",""jyutping"":null}]}"	"[{""word"":""你"",""pos"":""r"",""jyutping"":""nei5""},{""word"":""係"",""pos"":""v"",""jyutping"":""hai6""},{""word"":""要"",""pos"":""v"",""jyutping"":""jiu3""},{""word"":""靚"",""pos"":""a"",""jyutping"":""leng3""},{""word"":""嗰啲"",""pos"":""r"",""jyutping"":""go2di1""},{""word"":"","",""pos"":"""",""jyutping"":null},{""word"":""完全"",""pos"":""d"",""jyutping"":""jyun4cyun4""},{""word"":""未"",""pos"":""d"",""jyutping"":""mei6""},{""word"":""用"",""pos"":""v"",""jyutping"":""jung6""},{""word"":""過"",""pos"":""u"",""jyutping"":""gwo3""},{""word"":""即係"",""pos"":""c"",""jyutping"":""zik1hai6""},{""word"":""."",""pos"":"""",""jyutping"":null}]"	REQUIRES_EXPERT_CONTEXT_REVIEW
aa62-2bd83438abb5c275beaa	FC-005b_v2.cha	91e91321966b1ff126280a045553c91ec40d0f45daf3beba4fe5e84a7181f868	2	143	3	XXA	用過	用	v	嘅	u	PART	"{""normalizedSurface"":""用過""}"	直版未用過嘅,如果你有得順序連埋霖把𠻺重好𠻹.	直版嗰啲吖嗎.	我有啊,我有好多啊.	"{""startTokenIndexZeroBased"":0,""endTokenIndexExclusive"":10,""tokens"":[{""word"":""直版"",""pos"":""n"",""jyutping"":""zik6ban2""},{""word"":""未"",""pos"":""d"",""jyutping"":""mei6""},{""word"":""用"",""pos"":""v"",""jyutping"":""jung6""},{""word"":""過"",""pos"":""u"",""jyutping"":""gwo3""},{""word"":""嘅"",""pos"":""u"",""jyutping"":""ge3""},{""word"":"","",""pos"":"""",""jyutping"":null},{""word"":""如果"",""pos"":""c"",""jyutping"":""jyu4gwo2""},{""word"":""你"",""pos"":""r"",""jyutping"":""nei5""},{""word"":""有得"",""pos"":""vu"",""jyutping"":""jau5dak1""},{""word"":""順序"",""pos"":""a"",""jyutping"":""seon6zeoi6""}]}"	"[{""word"":""直版"",""pos"":""n"",""jyutping"":""zik6ban2""},{""word"":""未"",""pos"":""d"",""jyutping"":""mei6""},{""word"":""用"",""pos"":""v"",""jyutping"":""jung6""},{""word"":""過"",""pos"":""u"",""jyutping"":""gwo3""},{""word"":""嘅"",""pos"":""u"",""jyutping"":""ge3""},{""word"":"","",""pos"":"""",""jyutping"":null},{""word"":""如果"",""pos"":""c"",""jyutping"":""jyu4gwo2""},{""word"":""你"",""pos"":""r"",""jyutping"":""nei5""},{""word"":""有得"",""pos"":""vu"",""jyutping"":""jau5dak1""},{""word"":""順序"",""pos"":""a"",""jyutping"":""seon6zeoi6""},{""word"":""連"",""pos"":""v"",""jyutping"":""lin4""},{""word"":""埋"",""pos"":""u"",""jyutping"":""maai4""},{""word"":""霖把"",""pos"":""n"",""jyutping"":""lam1baa2""},{""word"":""𠻺"",""pos"":""d"",""jyutping"":""aa6""},{""word"":""重"",""pos"":""d"",""jyutping"":""zung6""},{""word"":""好"",""pos"":""a"",""jyutping"":""hou2""},{""word"":""𠻹"",""pos"":""y"",""jyutping"":""tim1""},{""word"":""."",""pos"":"""",""jyutping"":null}]"	REQUIRES_EXPERT_CONTEXT_REVIEW
aa62-cc70a61c5ebaa7aa340d	FC-005b_v2.cha	91e91321966b1ff126280a045553c91ec40d0f45daf3beba4fe5e84a7181f868	2	151	2	XXA	摺過	摺	v	嘅	u	PART	"{""normalizedSurface"":""摺過""}"	未摺過嘅?	係前兩年嗰陣時,即係十蚊紙重係好興𠺢嗎,前兩年嗰陣時唱定𡃉呢,噉𠻺擺喺度喎,噉𠻺keep起咗喎,即係佢一次過唱預多咗喇.	未摺過𡃉,噉跟住後尾,誒,今年嗰陣時,即係,舊年,其實舊年已經開始派廿蚊紙𡃉喇嗎.	"{""startTokenIndexZeroBased"":0,""endTokenIndexExclusive"":5,""tokens"":[{""word"":""未"",""pos"":""d"",""jyutping"":""mei6""},{""word"":""摺"",""pos"":""v"",""jyutping"":""zip3""},{""word"":""過"",""pos"":""u"",""jyutping"":""gwo3""},{""word"":""嘅"",""pos"":""u"",""jyutping"":""ge3""},{""word"":""?"",""pos"":"""",""jyutping"":null}]}"	"[{""word"":""未"",""pos"":""d"",""jyutping"":""mei6""},{""word"":""摺"",""pos"":""v"",""jyutping"":""zip3""},{""word"":""過"",""pos"":""u"",""jyutping"":""gwo3""},{""word"":""嘅"",""pos"":""u"",""jyutping"":""ge3""},{""word"":""?"",""pos"":"""",""jyutping"":null}]"	REQUIRES_EXPERT_CONTEXT_REVIEW
aa62-fd6700efc1e090d0a0d6	FC-005b_v2.cha	91e91321966b1ff126280a045553c91ec40d0f45daf3beba4fe5e84a7181f868	2	152	2	XXB	摺過	摺	v	𡃉	y	PART	"{""normalizedSurface"":""摺過""}"	未摺過𡃉,噉跟住後尾,誒,今年嗰陣時,即係,舊年,其實舊年已經開始派廿蚊紙𡃉喇嗎.	未摺過嘅?	唔知幾時喇?	"{""startTokenIndexZeroBased"":0,""endTokenIndexExclusive"":9,""tokens"":[{""word"":""未"",""pos"":""d"",""jyutping"":""mei6""},{""word"":""摺"",""pos"":""v"",""jyutping"":""zip3""},{""word"":""過"",""pos"":""u"",""jyutping"":""gwo3""},{""word"":""𡃉"",""pos"":""y"",""jyutping"":""gaa3""},{""word"":"","",""pos"":"""",""jyutping"":null},{""word"":""噉"",""pos"":""c"",""jyutping"":""gam2""},{""word"":""跟住"",""pos"":""c"",""jyutping"":""gan1zyu6""},{""word"":""後尾"",""pos"":""f"",""jyutping"":""hau6mei1""},{""word"":"","",""pos"":"""",""jyutping"":null}]}"	"[{""word"":""未"",""pos"":""d"",""jyutping"":""mei6""},{""word"":""摺"",""pos"":""v"",""jyutping"":""zip3""},{""word"":""過"",""pos"":""u"",""jyutping"":""gwo3""},{""word"":""𡃉"",""pos"":""y"",""jyutping"":""gaa3""},{""word"":"","",""pos"":"""",""jyutping"":null},{""word"":""噉"",""pos"":""c"",""jyutping"":""gam2""},{""word"":""跟住"",""pos"":""c"",""jyutping"":""gan1zyu6""},{""word"":""後尾"",""pos"":""f"",""jyutping"":""hau6mei1""},{""word"":"","",""pos"":"""",""jyutping"":null},{""word"":""誒"",""pos"":""e"",""jyutping"":""e6""},{""word"":"","",""pos"":"""",""jyutping"":null},{""word"":""今年"",""pos"":""t"",""jyutping"":""gam1nin2""},{""word"":""嗰陣時"",""pos"":""r"",""jyutping"":""go2zan6si4""},{""word"":"","",""pos"":"""",""jyutping"":null},{""word"":""即係"",""pos"":""c"",""jyutping"":""zik1hai6""},{""word"":"","",""pos"":"""",""jyutping"":null},{""word"":""舊年"",""pos"":""t"",""jyutping"":""gau6nin2""},{""word"":"","",""pos"":"""",""jyutping"":null},{""word"":""其實"",""pos"":""d"",""jyutping"":""kei4sat6""},{""word"":""舊年"",""pos"":""t"",""jyutping"":""gau6nin2""},{""word"":""已經"",""pos"":""d"",""jyutping"":""ji5ging1""},{""word"":""開始"",""pos"":""v"",""jyutping"":""hoi1ci2""},{""word"":""派"",""pos"":""v"",""jyutping"":""paai3""},{""word"":""廿"",""pos"":""m"",""jyutping"":""jaa6""},{""word"":""蚊"",""pos"":""q"",""jyutping"":""man1""},{""word"":""紙"",""pos"":""n"",""jyutping"":""zi2""},{""word"":""𡃉"",""pos"":""y"",""jyutping"":""gaa3""},{""word"":""喇"",""pos"":""y"",""jyutping"":""laa1""},{""word"":""嗎"",""pos"":""y"",""jyutping"":""maa3""},{""word"":""."",""pos"":"""",""jyutping"":null}]"	REQUIRES_EXPERT_CONTEXT_REVIEW
aa62-217de322f3d48e17f5cb	FC-005b_v2.cha	91e91321966b1ff126280a045553c91ec40d0f45daf3beba4fe5e84a7181f868	2	157	10	XXA	見過	見	v	,		X	"{""normalizedSurface"":""見過""}"	唔只值十蚊𡃉而家,我好似見過,佢唔知高幾多價錢收購𡃉,係高啲𡃉,所有未用過嘅十蚊紙.	"係啊,噉所以就我話""哎吔,你俾我嘞,我幫你賣咗佢嘞."	儲兩張咪算囖.	"{""startTokenIndexZeroBased"":3,""endTokenIndexExclusive"":17,""tokens"":[{""word"":""蚊"",""pos"":""q"",""jyutping"":""man1""},{""word"":""𡃉"",""pos"":""y"",""jyutping"":""gaa3""},{""word"":""而家"",""pos"":""t"",""jyutping"":""ji4gaa1""},{""word"":"","",""pos"":"""",""jyutping"":null},{""word"":""我"",""pos"":""r"",""jyutping"":""ngo5""},{""word"":""好似"",""pos"":""v"",""jyutping"":""hou2ci5""},{""word"":""見"",""pos"":""v"",""jyutping"":""gin3""},{""word"":""過"",""pos"":""u"",""jyutping"":""gwo3""},{""word"":"","",""pos"":"""",""jyutping"":null},{""word"":""佢"",""pos"":""r"",""jyutping"":""keoi5""},{""word"":""唔"",""pos"":""d"",""jyutping"":""m4""},{""word"":""知"",""pos"":""v"",""jyutping"":""zi1""},{""word"":""高"",""pos"":""a"",""jyutping"":""gou1""},{""word"":""幾多"",""pos"":""r"",""jyutping"":""gei2do1""}]}"	"[{""word"":""唔只"",""pos"":""d"",""jyutping"":""m4zi2""},{""word"":""值"",""pos"":""v"",""jyutping"":""zik6""},{""word"":""十"",""pos"":""m"",""jyutping"":""sap6""},{""word"":""蚊"",""pos"":""q"",""jyutping"":""man1""},{""word"":""𡃉"",""pos"":""y"",""jyutping"":""gaa3""},{""word"":""而家"",""pos"":""t"",""jyutping"":""ji4gaa1""},{""word"":"","",""pos"":"""",""jyutping"":null},{""word"":""我"",""pos"":""r"",""jyutping"":""ngo5""},{""word"":""好似"",""pos"":""v"",""jyutping"":""hou2ci5""},{""word"":""見"",""pos"":""v"",""jyutping"":""gin3""},{""word"":""過"",""pos"":""u"",""jyutping"":""gwo3""},{""word"":"","",""pos"":"""",""jyutping"":null},{""word"":""佢"",""pos"":""r"",""jyutping"":""keoi5""},{""word"":""唔"",""pos"":""d"",""jyutping"":""m4""},{""word"":""知"",""pos"":""v"",""jyutping"":""zi1""},{""word"":""高"",""pos"":""a"",""jyutping"":""gou1""},{""word"":""幾多"",""pos"":""r"",""jyutping"":""gei2do1""},{""word"":""價錢"",""pos"":""n"",""jyutping"":""gaa3cin4""},{""word"":""收購"",""pos"":""v"",""jyutping"":""sau1kau3""},{""word"":""𡃉"",""pos"":""y"",""jyutping"":""gaa3""},{""word"":"","",""pos"":"""",""jyutping"":null},{""word"":""係"",""pos"":""v"",""jyutping"":""hai6""},{""word"":""高"",""pos"":""a"",""jyutping"":""gou1""},{""word"":""啲"",""pos"":""u"",""jyutping"":""di1""},{""word"":""𡃉"",""pos"":""y"",""jyutping"":""gaa3""},{""word"":"","",""pos"":"""",""jyutping"":null},{""word"":""所有"",""pos"":""b"",""jyutping"":""so2jau5""},{""word"":""未"",""pos"":""d"",""jyutping"":""mei6""},{""word"":""用"",""pos"":""v"",""jyutping"":""jung6""},{""word"":""過"",""pos"":""u"",""jyutping"":""gwo3""},{""word"":""嘅"",""pos"":""u"",""jyutping"":""ge3""},{""word"":""十"",""pos"":""m"",""jyutping"":""sap6""},{""word"":""蚊"",""pos"":""q"",""jyutping"":""man1""},{""word"":""紙"",""pos"":""n"",""jyutping"":""zi2""},{""word"":""."",""pos"":"""",""jyutping"":null}]"	REQUIRES_EXPERT_CONTEXT_REVIEW
aa62-3eb19e2faebbc8b686be	FC-005b_v2.cha	91e91321966b1ff126280a045553c91ec40d0f45daf3beba4fe5e84a7181f868	2	157	29	XXA	用過	用	v	嘅	u	PART	"{""normalizedSurface"":""用過""}"	唔只值十蚊𡃉而家,我好似見過,佢唔知高幾多價錢收購𡃉,係高啲𡃉,所有未用過嘅十蚊紙.	"係啊,噉所以就我話""哎吔,你俾我嘞,我幫你賣咗佢嘞."	儲兩張咪算囖.	"{""startTokenIndexZeroBased"":22,""endTokenIndexExclusive"":35,""tokens"":[{""word"":""高"",""pos"":""a"",""jyutping"":""gou1""},{""word"":""啲"",""pos"":""u"",""jyutping"":""di1""},{""word"":""𡃉"",""pos"":""y"",""jyutping"":""gaa3""},{""word"":"","",""pos"":"""",""jyutping"":null},{""word"":""所有"",""pos"":""b"",""jyutping"":""so2jau5""},{""word"":""未"",""pos"":""d"",""jyutping"":""mei6""},{""word"":""用"",""pos"":""v"",""jyutping"":""jung6""},{""word"":""過"",""pos"":""u"",""jyutping"":""gwo3""},{""word"":""嘅"",""pos"":""u"",""jyutping"":""ge3""},{""word"":""十"",""pos"":""m"",""jyutping"":""sap6""},{""word"":""蚊"",""pos"":""q"",""jyutping"":""man1""},{""word"":""紙"",""pos"":""n"",""jyutping"":""zi2""},{""word"":""."",""pos"":"""",""jyutping"":null}]}"	"[{""word"":""唔只"",""pos"":""d"",""jyutping"":""m4zi2""},{""word"":""值"",""pos"":""v"",""jyutping"":""zik6""},{""word"":""十"",""pos"":""m"",""jyutping"":""sap6""},{""word"":""蚊"",""pos"":""q"",""jyutping"":""man1""},{""word"":""𡃉"",""pos"":""y"",""jyutping"":""gaa3""},{""word"":""而家"",""pos"":""t"",""jyutping"":""ji4gaa1""},{""word"":"","",""pos"":"""",""jyutping"":null},{""word"":""我"",""pos"":""r"",""jyutping"":""ngo5""},{""word"":""好似"",""pos"":""v"",""jyutping"":""hou2ci5""},{""word"":""見"",""pos"":""v"",""jyutping"":""gin3""},{""word"":""過"",""pos"":""u"",""jyutping"":""gwo3""},{""word"":"","",""pos"":"""",""jyutping"":null},{""word"":""佢"",""pos"":""r"",""jyutping"":""keoi5""},{""word"":""唔"",""pos"":""d"",""jyutping"":""m4""},{""word"":""知"",""pos"":""v"",""jyutping"":""zi1""},{""word"":""高"",""pos"":""a"",""jyutping"":""gou1""},{""word"":""幾多"",""pos"":""r"",""jyutping"":""gei2do1""},{""word"":""價錢"",""pos"":""n"",""jyutping"":""gaa3cin4""},{""word"":""收購"",""pos"":""v"",""jyutping"":""sau1kau3""},{""word"":""𡃉"",""pos"":""y"",""jyutping"":""gaa3""},{""word"":"","",""pos"":"""",""jyutping"":null},{""word"":""係"",""pos"":""v"",""jyutping"":""hai6""},{""word"":""高"",""pos"":""a"",""jyutping"":""gou1""},{""word"":""啲"",""pos"":""u"",""jyutping"":""di1""},{""word"":""𡃉"",""pos"":""y"",""jyutping"":""gaa3""},{""word"":"","",""pos"":"""",""jyutping"":null},{""word"":""所有"",""pos"":""b"",""jyutping"":""so2jau5""},{""word"":""未"",""pos"":""d"",""jyutping"":""mei6""},{""word"":""用"",""pos"":""v"",""jyutping"":""jung6""},{""word"":""過"",""pos"":""u"",""jyutping"":""gwo3""},{""word"":""嘅"",""pos"":""u"",""jyutping"":""ge3""},{""word"":""十"",""pos"":""m"",""jyutping"":""sap6""},{""word"":""蚊"",""pos"":""q"",""jyutping"":""man1""},{""word"":""紙"",""pos"":""n"",""jyutping"":""zi2""},{""word"":""."",""pos"":"""",""jyutping"":null}]"	REQUIRES_EXPERT_CONTEXT_REVIEW
aa62-6e7c0e310b4e4c448dc1	FC-009b_v.cha	c9bfd5c37661f770dd4d42712f8484fdeb720eafc25e363ec3779da6aa48cdf5	3	40	3	XXB	試過	試	v	.		X	"{""normalizedSurface"":""試過""}"	晏晝未試過.	係啊.	哦.	"{""startTokenIndexZeroBased"":0,""endTokenIndexExclusive"":5,""tokens"":[{""word"":""晏晝"",""pos"":""t"",""jyutping"":""aan3zau3""},{""word"":""未"",""pos"":""d"",""jyutping"":""mei6""},{""word"":""試"",""pos"":""v"",""jyutping"":""si3""},{""word"":""過"",""pos"":""u"",""jyutping"":""gwo3""},{""word"":""."",""pos"":"""",""jyutping"":null}]}"	"[{""word"":""晏晝"",""pos"":""t"",""jyutping"":""aan3zau3""},{""word"":""未"",""pos"":""d"",""jyutping"":""mei6""},{""word"":""試"",""pos"":""v"",""jyutping"":""si3""},{""word"":""過"",""pos"":""u"",""jyutping"":""gwo3""},{""word"":""."",""pos"":"""",""jyutping"":null}]"	REQUIRES_EXPERT_CONTEXT_REVIEW
aa62-7fe63a84db5372d4cb72	FC-009b_v.cha	c9bfd5c37661f770dd4d42712f8484fdeb720eafc25e363ec3779da6aa48cdf5	3	70	34	XXB	整過	整	v	好多	m	NUM	"{""normalizedSurface"":""整過""}"	嗰時不過有個朋友呢做物理治療吖嗎,噉𠻺即係物理治療師吖嗎,噉,誒,佢就幫我睇咗好-即係幫我整過好多次囖.	,噉我又唔知啊.	噉跟住佢話,即係佢係噉講過啲乜嘢英文乜嘢-乜嘢-乜嘢有個tearing.	"{""startTokenIndexZeroBased"":27,""endTokenIndexExclusive"":39,""tokens"":[{""word"":""咗"",""pos"":""u"",""jyutping"":""zo2""},{""word"":""好"",""pos"":""d"",""jyutping"":""hou2""},{""word"":""-"",""pos"":"""",""jyutping"":null},{""word"":""即係"",""pos"":""c"",""jyutping"":""zik1hai6""},{""word"":""幫"",""pos"":""v"",""jyutping"":""bong1""},{""word"":""我"",""pos"":""r"",""jyutping"":""ngo5""},{""word"":""整"",""pos"":""v"",""jyutping"":""zing2""},{""word"":""過"",""pos"":""u"",""jyutping"":""gwo3""},{""word"":""好多"",""pos"":""m"",""jyutping"":""hou2do1""},{""word"":""次"",""pos"":""q"",""jyutping"":""ci3""},{""word"":""囖"",""pos"":""y"",""jyutping"":""lo1""},{""word"":""."",""pos"":"""",""jyutping"":null}]}"	"[{""word"":""嗰時"",""pos"":""r"",""jyutping"":""go2si4""},{""word"":""不過"",""pos"":""c"",""jyutping"":""bat1gwo3""},{""word"":""有"",""pos"":""v1"",""jyutping"":""jau5""},{""word"":""個"",""pos"":""q"",""jyutping"":""go3""},{""word"":""朋友"",""pos"":""n"",""jyutping"":""pang4jau5""},{""word"":""呢"",""pos"":""y1"",""jyutping"":""ne1""},{""word"":""做"",""pos"":""v"",""jyutping"":""zou6""},{""word"":""物理治療"",""pos"":""n"",""jyutping"":""mat6lei5zi6liu4""},{""word"":""吖"",""pos"":""y"",""jyutping"":""aa1""},{""word"":""嗎"",""pos"":""y"",""jyutping"":""maa3""},{""word"":"","",""pos"":"""",""jyutping"":null},{""word"":""噉"",""pos"":""r"",""jyutping"":""gam2""},{""word"":""𠻺"",""pos"":""d"",""jyutping"":""aa6""},{""word"":""即係"",""pos"":""c"",""jyutping"":""zik1hai6""},{""word"":""物理治療師"",""pos"":""n"",""jyutping"":""mat6lei5zi6liu4si1""},{""word"":""吖"",""pos"":""y"",""jyutping"":""aa1""},{""word"":""嗎"",""pos"":""y"",""jyutping"":""maa3""},{""word"":"","",""pos"":"""",""jyutping"":null},{""word"":""噉"",""pos"":""c"",""jyutping"":""gam2""},{""word"":"","",""pos"":"""",""jyutping"":null},{""word"":""誒"",""pos"":""e"",""jyutping"":""e6""},{""word"":"","",""pos"":"""",""jyutping"":null},{""word"":""佢"",""pos"":""r"",""jyutping"":""keoi5""},{""word"":""就"",""pos"":""d"",""jyutping"":""zau6""},{""word"":""幫"",""pos"":""v"",""jyutping"":""bong1""},{""word"":""我"",""pos"":""r"",""jyutping"":""ngo5""},{""word"":""睇"",""pos"":""v"",""jyutping"":""tai2""},{""word"":""咗"",""pos"":""u"",""jyutping"":""zo2""},{""word"":""好"",""pos"":""d"",""jyutping"":""hou2""},{""word"":""-"",""pos"":"""",""jyutping"":null},{""word"":""即係"",""pos"":""c"",""jyutping"":""zik1hai6""},{""word"":""幫"",""pos"":""v"",""jyutping"":""bong1""},{""word"":""我"",""pos"":""r"",""jyutping"":""ngo5""},{""word"":""整"",""pos"":""v"",""jyutping"":""zing2""},{""word"":""過"",""pos"":""u"",""jyutping"":""gwo3""},{""word"":""好多"",""pos"":""m"",""jyutping"":""hou2do1""},{""word"":""次"",""pos"":""q"",""jyutping"":""ci3""},{""word"":""囖"",""pos"":""y"",""jyutping"":""lo1""},{""word"":""."",""pos"":"""",""jyutping"":null}]"	REQUIRES_EXPERT_CONTEXT_REVIEW
aa62-e97da08c4f72936cda7b	FC-009b_v.cha	c9bfd5c37661f770dd4d42712f8484fdeb720eafc25e363ec3779da6aa48cdf5	3	71	9	XXB	講過	講	v	啲	q	NOUN	"{""normalizedSurface"":""講過""}"	噉跟住佢話,即係佢係噉講過啲乜嘢英文乜嘢-乜嘢-乜嘢有個tearing.	嗰時不過有個朋友呢做物理治療吖嗎,噉𠻺即係物理治療師吖嗎,噉,誒,佢就幫我睇咗好-即係幫我整過好多次囖.	咪有個tearing喺你個ligament上邊嘅,嗰度噉講喇.	"{""startTokenIndexZeroBased"":2,""endTokenIndexExclusive"":16,""tokens"":[{""word"":""佢"",""pos"":""r"",""jyutping"":""keoi5""},{""word"":""話"",""pos"":""v"",""jyutping"":""waa6""},{""word"":"","",""pos"":"""",""jyutping"":null},{""word"":""即係"",""pos"":""c"",""jyutping"":""zik1hai6""},{""word"":""佢"",""pos"":""r"",""jyutping"":""keoi5""},{""word"":""係噉"",""pos"":""d"",""jyutping"":""hai6gam2""},{""word"":""講"",""pos"":""v"",""jyutping"":""gong2""},{""word"":""過"",""pos"":""u"",""jyutping"":""gwo3""},{""word"":""啲"",""pos"":""q"",""jyutping"":""di1""},{""word"":""乜嘢"",""pos"":""r"",""jyutping"":""mat1je5""},{""word"":""英文"",""pos"":""nz"",""jyutping"":""jing1man2""},{""word"":""乜嘢"",""pos"":""r"",""jyutping"":""mat1je5""},{""word"":""-"",""pos"":"""",""jyutping"":null},{""word"":""乜嘢"",""pos"":""r"",""jyutping"":""mat1je5""}]}"	"[{""word"":""噉"",""pos"":""c"",""jyutping"":""gam2""},{""word"":""跟住"",""pos"":""c"",""jyutping"":""gan1zyu6""},{""word"":""佢"",""pos"":""r"",""jyutping"":""keoi5""},{""word"":""話"",""pos"":""v"",""jyutping"":""waa6""},{""word"":"","",""pos"":"""",""jyutping"":null},{""word"":""即係"",""pos"":""c"",""jyutping"":""zik1hai6""},{""word"":""佢"",""pos"":""r"",""jyutping"":""keoi5""},{""word"":""係噉"",""pos"":""d"",""jyutping"":""hai6gam2""},{""word"":""講"",""pos"":""v"",""jyutping"":""gong2""},{""word"":""過"",""pos"":""u"",""jyutping"":""gwo3""},{""word"":""啲"",""pos"":""q"",""jyutping"":""di1""},{""word"":""乜嘢"",""pos"":""r"",""jyutping"":""mat1je5""},{""word"":""英文"",""pos"":""nz"",""jyutping"":""jing1man2""},{""word"":""乜嘢"",""pos"":""r"",""jyutping"":""mat1je5""},{""word"":""-"",""pos"":"""",""jyutping"":null},{""word"":""乜嘢"",""pos"":""r"",""jyutping"":""mat1je5""},{""word"":""-"",""pos"":"""",""jyutping"":null},{""word"":""乜嘢"",""pos"":""r"",""jyutping"":""mat1je5""},{""word"":""有"",""pos"":""v1"",""jyutping"":""jau5""},{""word"":""個"",""pos"":""q"",""jyutping"":""go3""},{""word"":""tearing"",""pos"":""xn"",""jyutping"":null},{""word"":""."",""pos"":"""",""jyutping"":null}]"	REQUIRES_EXPERT_CONTEXT_REVIEW
aa62-c7c81d3dbda411de5b59	FC-009b_v.cha	c9bfd5c37661f770dd4d42712f8484fdeb720eafc25e363ec3779da6aa48cdf5	3	82	10	XXA	跑過	跑	v	囖	y	PART	"{""normalizedSurface"":""跑過""}"	噉我由中五開始就冇乜跑過囖.	嗯.	哦.	"{""startTokenIndexZeroBased"":3,""endTokenIndexExclusive"":13,""tokens"":[{""word"":""中"",""pos"":""jn"",""jyutping"":""zung1""},{""word"":""五"",""pos"":""m"",""jyutping"":""ng5""},{""word"":""開始"",""pos"":""v"",""jyutping"":""hoi1ci2""},{""word"":""就"",""pos"":""d"",""jyutping"":""zau6""},{""word"":""冇"",""pos"":""v1"",""jyutping"":""mou5""},{""word"":""乜"",""pos"":""r"",""jyutping"":""mat1""},{""word"":""跑"",""pos"":""v"",""jyutping"":""paau2""},{""word"":""過"",""pos"":""u"",""jyutping"":""gwo3""},{""word"":""囖"",""pos"":""y"",""jyutping"":""lo1""},{""word"":""."",""pos"":"""",""jyutping"":null}]}"	"[{""word"":""噉"",""pos"":""c"",""jyutping"":""gam2""},{""word"":""我"",""pos"":""r"",""jyutping"":""ngo5""},{""word"":""由"",""pos"":""p"",""jyutping"":""jau4""},{""word"":""中"",""pos"":""jn"",""jyutping"":""zung1""},{""word"":""五"",""pos"":""m"",""jyutping"":""ng5""},{""word"":""開始"",""pos"":""v"",""jyutping"":""hoi1ci2""},{""word"":""就"",""pos"":""d"",""jyutping"":""zau6""},{""word"":""冇"",""pos"":""v1"",""jyutping"":""mou5""},{""word"":""乜"",""pos"":""r"",""jyutping"":""mat1""},{""word"":""跑"",""pos"":""v"",""jyutping"":""paau2""},{""word"":""過"",""pos"":""u"",""jyutping"":""gwo3""},{""word"":""囖"",""pos"":""y"",""jyutping"":""lo1""},{""word"":""."",""pos"":"""",""jyutping"":null}]"	REQUIRES_EXPERT_CONTEXT_REVIEW
aa62-ad6ddb8866e5f1e474e3	FC-009b_v.cha	c9bfd5c37661f770dd4d42712f8484fdeb720eafc25e363ec3779da6aa48cdf5	3	108	5	XXB	聽過	聽	v	朋友	n	NOUN	"{""normalizedSurface"":""聽過""}"	誒,我嗰陣時聽過朋友講呢,佢話如果你係,誒,點講呢,即係你係呢直程練嗰種呢,不停噉跑,跑到好癐你都繼續跑呢,即係譬如每日都係跑一個鐘嘅,噉樣呢對腳就可能會即係有肌肉囖.	會唔會呢?	但係佢話如果你每日,誒,譬如跑十五分鐘嘅,或者跑廿分鐘嘅,佢話應該就會冇事啝.	"{""startTokenIndexZeroBased"":0,""endTokenIndexExclusive"":12,""tokens"":[{""word"":""誒"",""pos"":""e"",""jyutping"":""e6""},{""word"":"","",""pos"":"""",""jyutping"":null},{""word"":""我"",""pos"":""r"",""jyutping"":""ngo5""},{""word"":""嗰陣時"",""pos"":""r"",""jyutping"":""go2zan6si2""},{""word"":""聽"",""pos"":""v"",""jyutping"":""teng1""},{""word"":""過"",""pos"":""u"",""jyutping"":""gwo3""},{""word"":""朋友"",""pos"":""n"",""jyutping"":""pang4jau5""},{""word"":""講"",""pos"":""v"",""jyutping"":""gong2""},{""word"":""呢"",""pos"":""y1"",""jyutping"":""ne1""},{""word"":"","",""pos"":"""",""jyutping"":null},{""word"":""佢"",""pos"":""r"",""jyutping"":""keoi5""},{""word"":""話"",""pos"":""v"",""jyutping"":""waa6""}]}"	"[{""word"":""誒"",""pos"":""e"",""jyutping"":""e6""},{""word"":"","",""pos"":"""",""jyutping"":null},{""word"":""我"",""pos"":""r"",""jyutping"":""ngo5""},{""word"":""嗰陣時"",""pos"":""r"",""jyutping"":""go2zan6si2""},{""word"":""聽"",""pos"":""v"",""jyutping"":""teng1""},{""word"":""過"",""pos"":""u"",""jyutping"":""gwo3""},{""word"":""朋友"",""pos"":""n"",""jyutping"":""pang4jau5""},{""word"":""講"",""pos"":""v"",""jyutping"":""gong2""},{""word"":""呢"",""pos"":""y1"",""jyutping"":""ne1""},{""word"":"","",""pos"":"""",""jyutping"":null},{""word"":""佢"",""pos"":""r"",""jyutping"":""keoi5""},{""word"":""話"",""pos"":""v"",""jyutping"":""waa6""},{""word"":""如果"",""pos"":""c"",""jyutping"":""jyu4gwo2""},{""word"":""你"",""pos"":""r"",""jyutping"":""nei5""},{""word"":""係"",""pos"":""v"",""jyutping"":""hai6""},{""word"":"","",""pos"":"""",""jyutping"":null},{""word"":""誒"",""pos"":""e"",""jyutping"":""e6""},{""word"":"","",""pos"":"""",""jyutping"":null},{""word"":""點"",""pos"":""r"",""jyutping"":""dim2""},{""word"":""講"",""pos"":""v"",""jyutping"":""gong2""},{""word"":""呢"",""pos"":""y1"",""jyutping"":""ne1""},{""word"":"","",""pos"":"""",""jyutping"":null},{""word"":""即係"",""pos"":""c"",""jyutping"":""zik1hai6""},{""word"":""你"",""pos"":""r"",""jyutping"":""nei5""},{""word"":""係"",""pos"":""v"",""jyutping"":""hai6""},{""word"":""呢"",""pos"":""y1"",""jyutping"":""ne1""},{""word"":""直程"",""pos"":""d"",""jyutping"":""zik6cing4""},{""word"":""練"",""pos"":""v"",""jyutping"":""lin6""},{""word"":""嗰"",""pos"":""r"",""jyutping"":""go2""},{""word"":""種"",""pos"":""q"",""jyutping"":""zung2""},{""word"":""呢"",""pos"":""y1"",""jyutping"":""ne1""},{""word"":"","",""pos"":"""",""jyutping"":null},{""word"":""不停"",""pos"":""v"",""jyutping"":""bat1ting4""},{""word"":""噉"",""pos"":""r"",""jyutping"":""gam2""},{""word"":""跑"",""pos"":""v"",""jyutping"":""paau2""},{""word"":"","",""pos"":"""",""jyutping"":null},{""word"":""跑"",""pos"":""v"",""jyutping"":""paau2""},{""word"":""到"",""pos"":""v"",""jyutping"":""dou3""},{""word"":""好"",""pos"":""d"",""jyutping"":""hou2""},{""word"":""癐"",""pos"":""a"",""jyutping"":""gui6""},{""word"":""你"",""pos"":""r"",""jyutping"":""nei5""},{""word"":""都"",""pos"":""d"",""jyutping"":""dou1""},{""word"":""繼續"",""pos"":""v"",""jyutping"":""gai3zuk6""},{""word"":""跑"",""pos"":""v"",""jyutping"":""paau2""},{""word"":""呢"",""pos"":""y1"",""jyutping"":""ne1""},{""word"":"","",""pos"":"""",""jyutping"":null},{""word"":""即係"",""pos"":""c"",""jyutping"":""zik1hai6""},{""word"":""譬如"",""pos"":""v"",""jyutping"":""pei3jyu4""},{""word"":""每日"",""pos"":""r"",""jyutping"":""mui5jat6""},{""word"":""都"",""pos"":""d"",""jyutping"":""dou1""},{""word"":""係"",""pos"":""v"",""jyutping"":""hai6""},{""word"":""跑"",""pos"":""v"",""jyutping"":""paau2""},{""word"":""一"",""pos"":""m"",""jyutping"":""jat1""},{""word"":""個"",""pos"":""q"",""jyutping"":""go3""},{""word"":""鐘"",""pos"":""n"",""jyutping"":""zung1""},{""word"":""嘅"",""pos"":""u"",""jyutping"":""ge3""},{""word"":"","",""pos"":"""",""jyutping"":null},{""word"":""噉樣"",""pos"":""c"",""jyutping"":""gam2joeng2""},{""word"":""呢"",""pos"":""y1"",""jyutping"":""ne1""},{""word"":""對"",""pos"":""q"",""jyutping"":""deoi3""},{""word"":""腳"",""pos"":""n"",""jyutping"":""goek3""},{""word"":""就"",""pos"":""d"",""jyutping"":""zau6""},{""word"":""可能"",""pos"":""vu"",""jyutping"":""ho2nang4""},{""word"":""會"",""pos"":""vu"",""jyutping"":""wui5""},{""word"":""即係"",""pos"":""c"",""jyutping"":""zik1hai6""},{""word"":""有"",""pos"":""v1"",""jyutping"":""jau5""},{""word"":""肌肉"",""pos"":""n"",""jyutping"":""gei1juk6""},{""word"":""囖"",""pos"":""y"",""jyutping"":""lo1""},{""word"":""."",""pos"":"""",""jyutping"":null}]"	REQUIRES_EXPERT_CONTEXT_REVIEW
aa62-f9b2451e798aa50b6be8	FC-012_v.cha	f20df16972d89c85f64e6be62b97a17f09b1a4e67639833ff27f1610b3bd277a	5	97	2	XXA	諗過	諗	v	養	v	VERB	"{""normalizedSurface"":""諗過""}"	有冇諗過養曲架狗?	會𡃉.	想.	"{""startTokenIndexZeroBased"":0,""endTokenIndexExclusive"":6,""tokens"":[{""word"":""有冇"",""pos"":""v1"",""jyutping"":""jau5mou5""},{""word"":""諗"",""pos"":""v"",""jyutping"":""nam2""},{""word"":""過"",""pos"":""u"",""jyutping"":""gwo3""},{""word"":""養"",""pos"":""v"",""jyutping"":""joeng5""},{""word"":""曲架狗"",""pos"":""nz"",""jyutping"":""kuk1gaa2gau2""},{""word"":""?"",""pos"":"""",""jyutping"":null}]}"	"[{""word"":""有冇"",""pos"":""v1"",""jyutping"":""jau5mou5""},{""word"":""諗"",""pos"":""v"",""jyutping"":""nam2""},{""word"":""過"",""pos"":""u"",""jyutping"":""gwo3""},{""word"":""養"",""pos"":""v"",""jyutping"":""joeng5""},{""word"":""曲架狗"",""pos"":""nz"",""jyutping"":""kuk1gaa2gau2""},{""word"":""?"",""pos"":"""",""jyutping"":null}]"	REQUIRES_EXPERT_CONTEXT_REVIEW
aa62-6bc733ba12356918ffe9	FC-012_v.cha	f20df16972d89c85f64e6be62b97a17f09b1a4e67639833ff27f1610b3bd277a	5	123	6	XXA	養過	養	v	龜	n	NOUN	"{""normalizedSurface"":""養過""}"	細個就養貓,養過龜,養過雀仔,養過蠶蟲.	我?	死晒?	"{""startTokenIndexZeroBased"":0,""endTokenIndexExclusive"":13,""tokens"":[{""word"":""細個"",""pos"":""a"",""jyutping"":""sai3go3""},{""word"":""就"",""pos"":""d"",""jyutping"":""zau6""},{""word"":""養"",""pos"":""v"",""jyutping"":""joeng5""},{""word"":""貓"",""pos"":""n"",""jyutping"":""maau1""},{""word"":"","",""pos"":"""",""jyutping"":null},{""word"":""養"",""pos"":""v"",""jyutping"":""joeng5""},{""word"":""過"",""pos"":""u"",""jyutping"":""gwo3""},{""word"":""龜"",""pos"":""n"",""jyutping"":""gwai1""},{""word"":"","",""pos"":"""",""jyutping"":null},{""word"":""養"",""pos"":""v"",""jyutping"":""joeng5""},{""word"":""過"",""pos"":""u"",""jyutping"":""gwo3""},{""word"":""雀"",""pos"":""n"",""jyutping"":""zoek3""},{""word"":""仔"",""pos"":""k"",""jyutping"":""zai2""}]}"	"[{""word"":""細個"",""pos"":""a"",""jyutping"":""sai3go3""},{""word"":""就"",""pos"":""d"",""jyutping"":""zau6""},{""word"":""養"",""pos"":""v"",""jyutping"":""joeng5""},{""word"":""貓"",""pos"":""n"",""jyutping"":""maau1""},{""word"":"","",""pos"":"""",""jyutping"":null},{""word"":""養"",""pos"":""v"",""jyutping"":""joeng5""},{""word"":""過"",""pos"":""u"",""jyutping"":""gwo3""},{""word"":""龜"",""pos"":""n"",""jyutping"":""gwai1""},{""word"":"","",""pos"":"""",""jyutping"":null},{""word"":""養"",""pos"":""v"",""jyutping"":""joeng5""},{""word"":""過"",""pos"":""u"",""jyutping"":""gwo3""},{""word"":""雀"",""pos"":""n"",""jyutping"":""zoek3""},{""word"":""仔"",""pos"":""k"",""jyutping"":""zai2""},{""word"":"","",""pos"":"""",""jyutping"":null},{""word"":""養"",""pos"":""v"",""jyutping"":""joeng5""},{""word"":""過"",""pos"":""u"",""jyutping"":""gwo3""},{""word"":""蠶蟲"",""pos"":""n"",""jyutping"":""caam4cung2""},{""word"":""."",""pos"":"""",""jyutping"":null}]"	REQUIRES_EXPERT_CONTEXT_REVIEW
aa62-64b678ef1e4091ca54ee	FC-012_v.cha	f20df16972d89c85f64e6be62b97a17f09b1a4e67639833ff27f1610b3bd277a	5	123	10	XXA	養過	養	v	雀	n	NOUN	"{""normalizedSurface"":""養過""}"	細個就養貓,養過龜,養過雀仔,養過蠶蟲.	我?	死晒?	"{""startTokenIndexZeroBased"":3,""endTokenIndexExclusive"":17,""tokens"":[{""word"":""貓"",""pos"":""n"",""jyutping"":""maau1""},{""word"":"","",""pos"":"""",""jyutping"":null},{""word"":""養"",""pos"":""v"",""jyutping"":""joeng5""},{""word"":""過"",""pos"":""u"",""jyutping"":""gwo3""},{""word"":""龜"",""pos"":""n"",""jyutping"":""gwai1""},{""word"":"","",""pos"":"""",""jyutping"":null},{""word"":""養"",""pos"":""v"",""jyutping"":""joeng5""},{""word"":""過"",""pos"":""u"",""jyutping"":""gwo3""},{""word"":""雀"",""pos"":""n"",""jyutping"":""zoek3""},{""word"":""仔"",""pos"":""k"",""jyutping"":""zai2""},{""word"":"","",""pos"":"""",""jyutping"":null},{""word"":""養"",""pos"":""v"",""jyutping"":""joeng5""},{""word"":""過"",""pos"":""u"",""jyutping"":""gwo3""},{""word"":""蠶蟲"",""pos"":""n"",""jyutping"":""caam4cung2""}]}"	"[{""word"":""細個"",""pos"":""a"",""jyutping"":""sai3go3""},{""word"":""就"",""pos"":""d"",""jyutping"":""zau6""},{""word"":""養"",""pos"":""v"",""jyutping"":""joeng5""},{""word"":""貓"",""pos"":""n"",""jyutping"":""maau1""},{""word"":"","",""pos"":"""",""jyutping"":null},{""word"":""養"",""pos"":""v"",""jyutping"":""joeng5""},{""word"":""過"",""pos"":""u"",""jyutping"":""gwo3""},{""word"":""龜"",""pos"":""n"",""jyutping"":""gwai1""},{""word"":"","",""pos"":"""",""jyutping"":null},{""word"":""養"",""pos"":""v"",""jyutping"":""joeng5""},{""word"":""過"",""pos"":""u"",""jyutping"":""gwo3""},{""word"":""雀"",""pos"":""n"",""jyutping"":""zoek3""},{""word"":""仔"",""pos"":""k"",""jyutping"":""zai2""},{""word"":"","",""pos"":"""",""jyutping"":null},{""word"":""養"",""pos"":""v"",""jyutping"":""joeng5""},{""word"":""過"",""pos"":""u"",""jyutping"":""gwo3""},{""word"":""蠶蟲"",""pos"":""n"",""jyutping"":""caam4cung2""},{""word"":""."",""pos"":"""",""jyutping"":null}]"	REQUIRES_EXPERT_CONTEXT_REVIEW
aa62-03e083618ba2fd2defa0	FC-012_v.cha	f20df16972d89c85f64e6be62b97a17f09b1a4e67639833ff27f1610b3bd277a	5	123	15	XXA	養過	養	v	蠶蟲	n	NOUN	"{""normalizedSurface"":""養過""}"	細個就養貓,養過龜,養過雀仔,養過蠶蟲.	我?	死晒?	"{""startTokenIndexZeroBased"":8,""endTokenIndexExclusive"":18,""tokens"":[{""word"":"","",""pos"":"""",""jyutping"":null},{""word"":""養"",""pos"":""v"",""jyutping"":""joeng5""},{""word"":""過"",""pos"":""u"",""jyutping"":""gwo3""},{""word"":""雀"",""pos"":""n"",""jyutping"":""zoek3""},{""word"":""仔"",""pos"":""k"",""jyutping"":""zai2""},{""word"":"","",""pos"":"""",""jyutping"":null},{""word"":""養"",""pos"":""v"",""jyutping"":""joeng5""},{""word"":""過"",""pos"":""u"",""jyutping"":""gwo3""},{""word"":""蠶蟲"",""pos"":""n"",""jyutping"":""caam4cung2""},{""word"":""."",""pos"":"""",""jyutping"":null}]}"	"[{""word"":""細個"",""pos"":""a"",""jyutping"":""sai3go3""},{""word"":""就"",""pos"":""d"",""jyutping"":""zau6""},{""word"":""養"",""pos"":""v"",""jyutping"":""joeng5""},{""word"":""貓"",""pos"":""n"",""jyutping"":""maau1""},{""word"":"","",""pos"":"""",""jyutping"":null},{""word"":""養"",""pos"":""v"",""jyutping"":""joeng5""},{""word"":""過"",""pos"":""u"",""jyutping"":""gwo3""},{""word"":""龜"",""pos"":""n"",""jyutping"":""gwai1""},{""word"":"","",""pos"":"""",""jyutping"":null},{""word"":""養"",""pos"":""v"",""jyutping"":""joeng5""},{""word"":""過"",""pos"":""u"",""jyutping"":""gwo3""},{""word"":""雀"",""pos"":""n"",""jyutping"":""zoek3""},{""word"":""仔"",""pos"":""k"",""jyutping"":""zai2""},{""word"":"","",""pos"":"""",""jyutping"":null},{""word"":""養"",""pos"":""v"",""jyutping"":""joeng5""},{""word"":""過"",""pos"":""u"",""jyutping"":""gwo3""},{""word"":""蠶蟲"",""pos"":""n"",""jyutping"":""caam4cung2""},{""word"":""."",""pos"":"""",""jyutping"":null}]"	REQUIRES_EXPERT_CONTEXT_REVIEW
aa62-2403676643840f55d4b4	FC-012_v.cha	f20df16972d89c85f64e6be62b97a17f09b1a4e67639833ff27f1610b3bd277a	5	129	3	XXC	養過	養	v	好多	m	NUM	"{""normalizedSurface"":""養過""}"	我都養過好多.	俾你整死晒.	我養過兔仔啊.	"{""startTokenIndexZeroBased"":0,""endTokenIndexExclusive"":6,""tokens"":[{""word"":""我"",""pos"":""r"",""jyutping"":""ngo5""},{""word"":""都"",""pos"":""d"",""jyutping"":""dou1""},{""word"":""養"",""pos"":""v"",""jyutping"":""joeng5""},{""word"":""過"",""pos"":""u"",""jyutping"":""gwo3""},{""word"":""好多"",""pos"":""m"",""jyutping"":""hou2do1""},{""word"":""."",""pos"":"""",""jyutping"":null}]}"	"[{""word"":""我"",""pos"":""r"",""jyutping"":""ngo5""},{""word"":""都"",""pos"":""d"",""jyutping"":""dou1""},{""word"":""養"",""pos"":""v"",""jyutping"":""joeng5""},{""word"":""過"",""pos"":""u"",""jyutping"":""gwo3""},{""word"":""好多"",""pos"":""m"",""jyutping"":""hou2do1""},{""word"":""."",""pos"":"""",""jyutping"":null}]"	REQUIRES_EXPERT_CONTEXT_REVIEW
aa62-617cff0f3668512c45a6	FC-012_v.cha	f20df16972d89c85f64e6be62b97a17f09b1a4e67639833ff27f1610b3bd277a	5	130	2	XXC	養過	養	v	兔	n	NOUN	"{""normalizedSurface"":""養過""}"	我養過兔仔啊.	我都養過好多.	跟住我家姐養嗰啲葵鼠呢,多到呢,○.	"{""startTokenIndexZeroBased"":0,""endTokenIndexExclusive"":7,""tokens"":[{""word"":""我"",""pos"":""r"",""jyutping"":""ngo5""},{""word"":""養"",""pos"":""v"",""jyutping"":""joeng5""},{""word"":""過"",""pos"":""u"",""jyutping"":""gwo3""},{""word"":""兔"",""pos"":""n"",""jyutping"":""tou3""},{""word"":""仔"",""pos"":""k"",""jyutping"":""zai2""},{""word"":""啊"",""pos"":""y"",""jyutping"":""aa3""},{""word"":""."",""pos"":"""",""jyutping"":null}]}"	"[{""word"":""我"",""pos"":""r"",""jyutping"":""ngo5""},{""word"":""養"",""pos"":""v"",""jyutping"":""joeng5""},{""word"":""過"",""pos"":""u"",""jyutping"":""gwo3""},{""word"":""兔"",""pos"":""n"",""jyutping"":""tou3""},{""word"":""仔"",""pos"":""k"",""jyutping"":""zai2""},{""word"":""啊"",""pos"":""y"",""jyutping"":""aa3""},{""word"":""."",""pos"":"""",""jyutping"":null}]"	REQUIRES_EXPERT_CONTEXT_REVIEW
aa62-1cce2572ff2112716ca6	FC-012_v.cha	f20df16972d89c85f64e6be62b97a17f09b1a4e67639833ff27f1610b3bd277a	5	209	4	XXA	養過	養	v	囖	y	PART	"{""normalizedSurface"":""養過""}"	好細個就養過囖.	養魚呀?	各種類型嘅魚都有.	"{""startTokenIndexZeroBased"":0,""endTokenIndexExclusive"":7,""tokens"":[{""word"":""好"",""pos"":""d"",""jyutping"":""hou2""},{""word"":""細個"",""pos"":""a"",""jyutping"":""sai3go3""},{""word"":""就"",""pos"":""d"",""jyutping"":""zau6""},{""word"":""養"",""pos"":""v"",""jyutping"":""joeng5""},{""word"":""過"",""pos"":""u"",""jyutping"":""gwo3""},{""word"":""囖"",""pos"":""y"",""jyutping"":""lo1""},{""word"":""."",""pos"":"""",""jyutping"":null}]}"	"[{""word"":""好"",""pos"":""d"",""jyutping"":""hou2""},{""word"":""細個"",""pos"":""a"",""jyutping"":""sai3go3""},{""word"":""就"",""pos"":""d"",""jyutping"":""zau6""},{""word"":""養"",""pos"":""v"",""jyutping"":""joeng5""},{""word"":""過"",""pos"":""u"",""jyutping"":""gwo3""},{""word"":""囖"",""pos"":""y"",""jyutping"":""lo1""},{""word"":""."",""pos"":"""",""jyutping"":null}]"	REQUIRES_EXPERT_CONTEXT_REVIEW
aa62-d4a9f45cbcb54eeec65a	FC-012_v.cha	f20df16972d89c85f64e6be62b97a17f09b1a4e67639833ff27f1610b3bd277a	5	212	5	XXB	養過	養	v	.		X	"{""normalizedSurface"":""養過""}"	錦鯉啊我以前養過.	好-好嘥時間囖.	錦鯉,係啊.	"{""startTokenIndexZeroBased"":0,""endTokenIndexExclusive"":7,""tokens"":[{""word"":""錦鯉"",""pos"":""nz"",""jyutping"":""gam2lei5""},{""word"":""啊"",""pos"":""y"",""jyutping"":""aa3""},{""word"":""我"",""pos"":""r"",""jyutping"":""ngo5""},{""word"":""以前"",""pos"":""t"",""jyutping"":""ji5cin4""},{""word"":""養"",""pos"":""v"",""jyutping"":""joeng5""},{""word"":""過"",""pos"":""u"",""jyutping"":""gwo3""},{""word"":""."",""pos"":"""",""jyutping"":null}]}"	"[{""word"":""錦鯉"",""pos"":""nz"",""jyutping"":""gam2lei5""},{""word"":""啊"",""pos"":""y"",""jyutping"":""aa3""},{""word"":""我"",""pos"":""r"",""jyutping"":""ngo5""},{""word"":""以前"",""pos"":""t"",""jyutping"":""ji5cin4""},{""word"":""養"",""pos"":""v"",""jyutping"":""joeng5""},{""word"":""過"",""pos"":""u"",""jyutping"":""gwo3""},{""word"":""."",""pos"":"""",""jyutping"":null}]"	REQUIRES_EXPERT_CONTEXT_REVIEW
aa62-74abb9f045c51c80866b	FC-012_v.cha	f20df16972d89c85f64e6be62b97a17f09b1a4e67639833ff27f1610b3bd277a	5	214	4	XXA	養過	養	v	?		X	"{""normalizedSurface"":""養過""}"	黑毛你都養過?	錦鯉,係啊.	有啊.	"{""startTokenIndexZeroBased"":0,""endTokenIndexExclusive"":6,""tokens"":[{""word"":""黑毛"",""pos"":""nz"",""jyutping"":""haak1mou1""},{""word"":""你"",""pos"":""r"",""jyutping"":""nei5""},{""word"":""都"",""pos"":""d"",""jyutping"":""dou1""},{""word"":""養"",""pos"":""v"",""jyutping"":""joeng5""},{""word"":""過"",""pos"":""u"",""jyutping"":""gwo3""},{""word"":""?"",""pos"":"""",""jyutping"":null}]}"	"[{""word"":""黑毛"",""pos"":""nz"",""jyutping"":""haak1mou1""},{""word"":""你"",""pos"":""r"",""jyutping"":""nei5""},{""word"":""都"",""pos"":""d"",""jyutping"":""dou1""},{""word"":""養"",""pos"":""v"",""jyutping"":""joeng5""},{""word"":""過"",""pos"":""u"",""jyutping"":""gwo3""},{""word"":""?"",""pos"":"""",""jyutping"":null}]"	REQUIRES_EXPERT_CONTEXT_REVIEW
aa62-dadbe16a22c09608e78b	FC-012_v.cha	f20df16972d89c85f64e6be62b97a17f09b1a4e67639833ff27f1610b3bd277a	5	257	2	XXA	諗過	諗	v	養	v	VERB	"{""normalizedSurface"":""諗過""}"	有冇諗過養啲好奇怪嘅-嘅寵物呢?	魚死咗都好啲啊.	有啊.	"{""startTokenIndexZeroBased"":0,""endTokenIndexExclusive"":9,""tokens"":[{""word"":""有冇"",""pos"":""v1"",""jyutping"":""jau5mou5""},{""word"":""諗"",""pos"":""v"",""jyutping"":""nam2""},{""word"":""過"",""pos"":""u"",""jyutping"":""gwo3""},{""word"":""養"",""pos"":""v"",""jyutping"":""joeng5""},{""word"":""啲"",""pos"":""q"",""jyutping"":""di1""},{""word"":""好"",""pos"":""d"",""jyutping"":""hou2""},{""word"":""奇怪"",""pos"":""a"",""jyutping"":""kei4gwaai3""},{""word"":""嘅"",""pos"":""u"",""jyutping"":""ge3""},{""word"":""-"",""pos"":"""",""jyutping"":null}]}"	"[{""word"":""有冇"",""pos"":""v1"",""jyutping"":""jau5mou5""},{""word"":""諗"",""pos"":""v"",""jyutping"":""nam2""},{""word"":""過"",""pos"":""u"",""jyutping"":""gwo3""},{""word"":""養"",""pos"":""v"",""jyutping"":""joeng5""},{""word"":""啲"",""pos"":""q"",""jyutping"":""di1""},{""word"":""好"",""pos"":""d"",""jyutping"":""hou2""},{""word"":""奇怪"",""pos"":""a"",""jyutping"":""kei4gwaai3""},{""word"":""嘅"",""pos"":""u"",""jyutping"":""ge3""},{""word"":""-"",""pos"":"""",""jyutping"":null},{""word"":""嘅"",""pos"":""u"",""jyutping"":""ge3""},{""word"":""寵物"",""pos"":""n"",""jyutping"":""cung2mat6""},{""word"":""呢"",""pos"":""y"",""jyutping"":""ne1""},{""word"":""?"",""pos"":"""",""jyutping"":null}]"	REQUIRES_EXPERT_CONTEXT_REVIEW
aa62-d98e9ca2fa642d3da514	FC-012_v.cha	f20df16972d89c85f64e6be62b97a17f09b1a4e67639833ff27f1610b3bd277a	5	267	1	XXC	養過	養	v	啲	q	NOUN	"{""normalizedSurface"":""養過""}"	養過啲雀仔呢.	無端端養𠸏.	細個嗰陣時咪有啲木糠俾佢食𠸏.	"{""startTokenIndexZeroBased"":0,""endTokenIndexExclusive"":7,""tokens"":[{""word"":""養"",""pos"":""v"",""jyutping"":""joeng5""},{""word"":""過"",""pos"":""u"",""jyutping"":""gwo3""},{""word"":""啲"",""pos"":""q"",""jyutping"":""di1""},{""word"":""雀"",""pos"":""n"",""jyutping"":""zoek3""},{""word"":""仔"",""pos"":""k"",""jyutping"":""zai2""},{""word"":""呢"",""pos"":""y1"",""jyutping"":""ne1""},{""word"":""."",""pos"":"""",""jyutping"":null}]}"	"[{""word"":""養"",""pos"":""v"",""jyutping"":""joeng5""},{""word"":""過"",""pos"":""u"",""jyutping"":""gwo3""},{""word"":""啲"",""pos"":""q"",""jyutping"":""di1""},{""word"":""雀"",""pos"":""n"",""jyutping"":""zoek3""},{""word"":""仔"",""pos"":""k"",""jyutping"":""zai2""},{""word"":""呢"",""pos"":""y1"",""jyutping"":""ne1""},{""word"":""."",""pos"":"""",""jyutping"":null}]"	REQUIRES_EXPERT_CONTEXT_REVIEW
aa62-bfb645371ac1b030c9bd	FC-012_v.cha	f20df16972d89c85f64e6be62b97a17f09b1a4e67639833ff27f1610b3bd277a	5	328	1	XXC	養過	養	v	啲	q	NOUN	"{""normalizedSurface"":""養過""}"	養過啲相思嗰啲呀.	唔知啊.	係啊.	"{""startTokenIndexZeroBased"":0,""endTokenIndexExclusive"":7,""tokens"":[{""word"":""養"",""pos"":""v"",""jyutping"":""joeng5""},{""word"":""過"",""pos"":""u"",""jyutping"":""gwo3""},{""word"":""啲"",""pos"":""q"",""jyutping"":""di1""},{""word"":""相思"",""pos"":""nz"",""jyutping"":""soeng1si1""},{""word"":""嗰啲"",""pos"":""r"",""jyutping"":""go2di1""},{""word"":""呀"",""pos"":""y"",""jyutping"":""aa4""},{""word"":""."",""pos"":"""",""jyutping"":null}]}"	"[{""word"":""養"",""pos"":""v"",""jyutping"":""joeng5""},{""word"":""過"",""pos"":""u"",""jyutping"":""gwo3""},{""word"":""啲"",""pos"":""q"",""jyutping"":""di1""},{""word"":""相思"",""pos"":""nz"",""jyutping"":""soeng1si1""},{""word"":""嗰啲"",""pos"":""r"",""jyutping"":""go2di1""},{""word"":""呀"",""pos"":""y"",""jyutping"":""aa4""},{""word"":""."",""pos"":"""",""jyutping"":null}]"	REQUIRES_EXPERT_CONTEXT_REVIEW
aa62-9abc558e3eaae77f8223	FC-012_v.cha	f20df16972d89c85f64e6be62b97a17f09b1a4e67639833ff27f1610b3bd277a	5	483	3	XXC	見過	見	v	.		X	"{""normalizedSurface"":""見過""}"	我未見過.	我唔知啊.	聖鬥士?	"{""startTokenIndexZeroBased"":0,""endTokenIndexExclusive"":5,""tokens"":[{""word"":""我"",""pos"":""r"",""jyutping"":""ngo5""},{""word"":""未"",""pos"":""d"",""jyutping"":""mei6""},{""word"":""見"",""pos"":""v"",""jyutping"":""gin3""},{""word"":""過"",""pos"":""u"",""jyutping"":""gwo3""},{""word"":""."",""pos"":"""",""jyutping"":null}]}"	"[{""word"":""我"",""pos"":""r"",""jyutping"":""ngo5""},{""word"":""未"",""pos"":""d"",""jyutping"":""mei6""},{""word"":""見"",""pos"":""v"",""jyutping"":""gin3""},{""word"":""過"",""pos"":""u"",""jyutping"":""gwo3""},{""word"":""."",""pos"":"""",""jyutping"":null}]"	REQUIRES_EXPERT_CONTEXT_REVIEW
aa62-7ddc826224fa6bfabef3	FC-012_v.cha	f20df16972d89c85f64e6be62b97a17f09b1a4e67639833ff27f1610b3bd277a	5	492	2	XXA	做過	做	v	.		X	"{""normalizedSurface"":""做過""}"	香港做過.	日本卡通來㗎?	播過.	"{""startTokenIndexZeroBased"":0,""endTokenIndexExclusive"":4,""tokens"":[{""word"":""香港"",""pos"":""ns"",""jyutping"":""hoeng1gong2""},{""word"":""做"",""pos"":""v"",""jyutping"":""zou6""},{""word"":""過"",""pos"":""u"",""jyutping"":""gwo3""},{""word"":""."",""pos"":"""",""jyutping"":null}]}"	"[{""word"":""香港"",""pos"":""ns"",""jyutping"":""hoeng1gong2""},{""word"":""做"",""pos"":""v"",""jyutping"":""zou6""},{""word"":""過"",""pos"":""u"",""jyutping"":""gwo3""},{""word"":""."",""pos"":"""",""jyutping"":null}]"	REQUIRES_EXPERT_CONTEXT_REVIEW
aa62-58ff3915856f976f2db6	FC-012_v.cha	f20df16972d89c85f64e6be62b97a17f09b1a4e67639833ff27f1610b3bd277a	5	493	1	XXB	播過	播	v	.		X	"{""normalizedSurface"":""播過""}"	播過.	香港做過.	翻譯過嗰個.	"{""startTokenIndexZeroBased"":0,""endTokenIndexExclusive"":3,""tokens"":[{""word"":""播"",""pos"":""v"",""jyutping"":""bo3""},{""word"":""過"",""pos"":""u"",""jyutping"":""gwo3""},{""word"":""."",""pos"":"""",""jyutping"":null}]}"	"[{""word"":""播"",""pos"":""v"",""jyutping"":""bo3""},{""word"":""過"",""pos"":""u"",""jyutping"":""gwo3""},{""word"":""."",""pos"":"""",""jyutping"":null}]"	REQUIRES_EXPERT_CONTEXT_REVIEW
aa62-cfb0203de8c898c50f4b	FC-012_v.cha	f20df16972d89c85f64e6be62b97a17f09b1a4e67639833ff27f1610b3bd277a	5	494	1	XXC	翻譯過	翻譯	v	嗰個	r	PRON	"{""normalizedSurface"":""翻譯過""}"	翻譯過嗰個.	播過.	播過.	"{""startTokenIndexZeroBased"":0,""endTokenIndexExclusive"":4,""tokens"":[{""word"":""翻譯"",""pos"":""v"",""jyutping"":""faan1jik6""},{""word"":""過"",""pos"":""u"",""jyutping"":""gwo3""},{""word"":""嗰個"",""pos"":""r"",""jyutping"":""go2go3""},{""word"":""."",""pos"":"""",""jyutping"":null}]}"	"[{""word"":""翻譯"",""pos"":""v"",""jyutping"":""faan1jik6""},{""word"":""過"",""pos"":""u"",""jyutping"":""gwo3""},{""word"":""嗰個"",""pos"":""r"",""jyutping"":""go2go3""},{""word"":""."",""pos"":"""",""jyutping"":null}]"	REQUIRES_EXPERT_CONTEXT_REVIEW
aa62-de9e73ce1e53d7758221	FC-012_v.cha	f20df16972d89c85f64e6be62b97a17f09b1a4e67639833ff27f1610b3bd277a	5	495	1	XXB	播過	播	v	.		X	"{""normalizedSurface"":""播過""}"	播過.	翻譯過嗰個.	係啊.	"{""startTokenIndexZeroBased"":0,""endTokenIndexExclusive"":3,""tokens"":[{""word"":""播"",""pos"":""v"",""jyutping"":""bo3""},{""word"":""過"",""pos"":""u"",""jyutping"":""gwo3""},{""word"":""."",""pos"":"""",""jyutping"":null}]}"	"[{""word"":""播"",""pos"":""v"",""jyutping"":""bo3""},{""word"":""過"",""pos"":""u"",""jyutping"":""gwo3""},{""word"":""."",""pos"":"""",""jyutping"":null}]"	REQUIRES_EXPERT_CONTEXT_REVIEW
aa62-9a86db8542b4df1fb0bc	FC-012_v.cha	f20df16972d89c85f64e6be62b97a17f09b1a4e67639833ff27f1610b3bd277a	5	512	3	XXB	睇過	睇	v	咩	r	PRON	"{""normalizedSurface"":""睇過""}"	你冇睇過咩?	點樣龜波氣功.	龍珠啲戲.	"{""startTokenIndexZeroBased"":0,""endTokenIndexExclusive"":6,""tokens"":[{""word"":""你"",""pos"":""r"",""jyutping"":""nei5""},{""word"":""冇"",""pos"":""v1"",""jyutping"":""mou5""},{""word"":""睇"",""pos"":""v"",""jyutping"":""tai2""},{""word"":""過"",""pos"":""u"",""jyutping"":""gwo3""},{""word"":""咩"",""pos"":""r"",""jyutping"":""me1""},{""word"":""?"",""pos"":"""",""jyutping"":null}]}"	"[{""word"":""你"",""pos"":""r"",""jyutping"":""nei5""},{""word"":""冇"",""pos"":""v1"",""jyutping"":""mou5""},{""word"":""睇"",""pos"":""v"",""jyutping"":""tai2""},{""word"":""過"",""pos"":""u"",""jyutping"":""gwo3""},{""word"":""咩"",""pos"":""r"",""jyutping"":""me1""},{""word"":""?"",""pos"":"""",""jyutping"":null}]"	REQUIRES_EXPERT_CONTEXT_REVIEW
aa62-0d9297bc9636a2676da8	FC-012_v.cha	f20df16972d89c85f64e6be62b97a17f09b1a4e67639833ff27f1610b3bd277a	5	514	2	XXC	睇過	睇	v	.		X	"{""normalizedSurface"":""睇過""}"	冇睇過.	龍珠啲戲.	冇呀你?	"{""startTokenIndexZeroBased"":0,""endTokenIndexExclusive"":4,""tokens"":[{""word"":""冇"",""pos"":""v1"",""jyutping"":""mou5""},{""word"":""睇"",""pos"":""v"",""jyutping"":""tai2""},{""word"":""過"",""pos"":""u"",""jyutping"":""gwo3""},{""word"":""."",""pos"":"""",""jyutping"":null}]}"	"[{""word"":""冇"",""pos"":""v1"",""jyutping"":""mou5""},{""word"":""睇"",""pos"":""v"",""jyutping"":""tai2""},{""word"":""過"",""pos"":""u"",""jyutping"":""gwo3""},{""word"":""."",""pos"":"""",""jyutping"":null}]"	REQUIRES_EXPERT_CONTEXT_REVIEW
aa62-1786f0ede1bf60538a83	FC-012_v.cha	f20df16972d89c85f64e6be62b97a17f09b1a4e67639833ff27f1610b3bd277a	5	558	3	XXA	試過	試	v	開	v	VERB	"{""normalizedSurface"":""試過""}"	你有冇試過開過機先?	我知.	downloadgraphic先?	"{""startTokenIndexZeroBased"":0,""endTokenIndexExclusive"":9,""tokens"":[{""word"":""你"",""pos"":""r"",""jyutping"":""nei5""},{""word"":""有冇"",""pos"":""v1"",""jyutping"":""jau5mou5""},{""word"":""試"",""pos"":""v"",""jyutping"":""si3""},{""word"":""過"",""pos"":""u"",""jyutping"":""gwo3""},{""word"":""開"",""pos"":""v"",""jyutping"":""hoi1""},{""word"":""過"",""pos"":""u"",""jyutping"":""gwo3""},{""word"":""機"",""pos"":""n"",""jyutping"":""gei1""},{""word"":""先"",""pos"":""y"",""jyutping"":""sin1""},{""word"":""?"",""pos"":"""",""jyutping"":null}]}"	"[{""word"":""你"",""pos"":""r"",""jyutping"":""nei5""},{""word"":""有冇"",""pos"":""v1"",""jyutping"":""jau5mou5""},{""word"":""試"",""pos"":""v"",""jyutping"":""si3""},{""word"":""過"",""pos"":""u"",""jyutping"":""gwo3""},{""word"":""開"",""pos"":""v"",""jyutping"":""hoi1""},{""word"":""過"",""pos"":""u"",""jyutping"":""gwo3""},{""word"":""機"",""pos"":""n"",""jyutping"":""gei1""},{""word"":""先"",""pos"":""y"",""jyutping"":""sin1""},{""word"":""?"",""pos"":"""",""jyutping"":null}]"	REQUIRES_EXPERT_CONTEXT_REVIEW
aa62-40931431a34690c67b2a	FC-012_v.cha	f20df16972d89c85f64e6be62b97a17f09b1a4e67639833ff27f1610b3bd277a	5	558	5	XXA	開過	開	v	機	n	NOUN	"{""normalizedSurface"":""開過""}"	你有冇試過開過機先?	我知.	downloadgraphic先?	"{""startTokenIndexZeroBased"":0,""endTokenIndexExclusive"":9,""tokens"":[{""word"":""你"",""pos"":""r"",""jyutping"":""nei5""},{""word"":""有冇"",""pos"":""v1"",""jyutping"":""jau5mou5""},{""word"":""試"",""pos"":""v"",""jyutping"":""si3""},{""word"":""過"",""pos"":""u"",""jyutping"":""gwo3""},{""word"":""開"",""pos"":""v"",""jyutping"":""hoi1""},{""word"":""過"",""pos"":""u"",""jyutping"":""gwo3""},{""word"":""機"",""pos"":""n"",""jyutping"":""gei1""},{""word"":""先"",""pos"":""y"",""jyutping"":""sin1""},{""word"":""?"",""pos"":"""",""jyutping"":null}]}"	"[{""word"":""你"",""pos"":""r"",""jyutping"":""nei5""},{""word"":""有冇"",""pos"":""v1"",""jyutping"":""jau5mou5""},{""word"":""試"",""pos"":""v"",""jyutping"":""si3""},{""word"":""過"",""pos"":""u"",""jyutping"":""gwo3""},{""word"":""開"",""pos"":""v"",""jyutping"":""hoi1""},{""word"":""過"",""pos"":""u"",""jyutping"":""gwo3""},{""word"":""機"",""pos"":""n"",""jyutping"":""gei1""},{""word"":""先"",""pos"":""y"",""jyutping"":""sin1""},{""word"":""?"",""pos"":"""",""jyutping"":null}]"	REQUIRES_EXPERT_CONTEXT_REVIEW
aa62-651f22b5be60da280be8	FC-013_v.cha	2cf5054351ef94e796f07577f24d4a0b66f4ca79b26047ae046600d3988d223b	6	45	8	XXB	去過	去	v	日本	ns	PROPN	"{""normalizedSurface"":""去過""}"	你-你又會識人去過日本更加好囖.	安全𠸏.	叫佢攞啲地圖俾你啊.	"{""startTokenIndexZeroBased"":1,""endTokenIndexExclusive"":14,""tokens"":[{""word"":""-"",""pos"":"""",""jyutping"":null},{""word"":""你"",""pos"":""r"",""jyutping"":""nei5""},{""word"":""又"",""pos"":""d"",""jyutping"":""jau6""},{""word"":""會"",""pos"":""vu"",""jyutping"":""wui5""},{""word"":""識"",""pos"":""v"",""jyutping"":""sik1""},{""word"":""人"",""pos"":""n"",""jyutping"":""jan4""},{""word"":""去"",""pos"":""v"",""jyutping"":""heoi3""},{""word"":""過"",""pos"":""u"",""jyutping"":""gwo3""},{""word"":""日本"",""pos"":""ns"",""jyutping"":""jat6bun2""},{""word"":""更加"",""pos"":""d"",""jyutping"":""gang3gaa1""},{""word"":""好"",""pos"":""a"",""jyutping"":""hou2""},{""word"":""囖"",""pos"":""y"",""jyutping"":""lo1""},{""word"":""."",""pos"":"""",""jyutping"":null}]}"	"[{""word"":""你"",""pos"":""r"",""jyutping"":""nei5""},{""word"":""-"",""pos"":"""",""jyutping"":null},{""word"":""你"",""pos"":""r"",""jyutping"":""nei5""},{""word"":""又"",""pos"":""d"",""jyutping"":""jau6""},{""word"":""會"",""pos"":""vu"",""jyutping"":""wui5""},{""word"":""識"",""pos"":""v"",""jyutping"":""sik1""},{""word"":""人"",""pos"":""n"",""jyutping"":""jan4""},{""word"":""去"",""pos"":""v"",""jyutping"":""heoi3""},{""word"":""過"",""pos"":""u"",""jyutping"":""gwo3""},{""word"":""日本"",""pos"":""ns"",""jyutping"":""jat6bun2""},{""word"":""更加"",""pos"":""d"",""jyutping"":""gang3gaa1""},{""word"":""好"",""pos"":""a"",""jyutping"":""hou2""},{""word"":""囖"",""pos"":""y"",""jyutping"":""lo1""},{""word"":""."",""pos"":"""",""jyutping"":null}]"	REQUIRES_EXPERT_CONTEXT_REVIEW
aa62-8f97eb7e3872cf6ee95e	FC-018_v.cha	ce62da97ef3381682529717fc362546c42a4f3a268990ca0afafe1a9f696d010	7	62	20	XXM	試過	試	v	嗰啲	r	PRON	"{""normalizedSurface"":""試過""}"	"""""哩團呢,啲人呢即係比較融洽啲囖,有講有笑囖,佢試過嗰啲呢就好-好高竇𡃉喎."	嗰啲導遊話呢,佢話帶咁-即係帶幾團呢,早幾團呢,就最好哩一團喇.	係呀?	"{""startTokenIndexZeroBased"":13,""endTokenIndexExclusive"":27,""tokens"":[{""word"":""囖"",""pos"":""y1"",""jyutping"":""lo1""},{""word"":"","",""pos"":"""",""jyutping"":null},{""word"":""有講有笑"",""pos"":""l"",""jyutping"":""jau5gong2jau5siu3""},{""word"":""囖"",""pos"":""y1"",""jyutping"":""lo1""},{""word"":"","",""pos"":"""",""jyutping"":null},{""word"":""佢"",""pos"":""r"",""jyutping"":""keoi5""},{""word"":""試"",""pos"":""v"",""jyutping"":""si3""},{""word"":""過"",""pos"":""u"",""jyutping"":""gwo3""},{""word"":""嗰啲"",""pos"":""r"",""jyutping"":""go2di1""},{""word"":""呢"",""pos"":""y1"",""jyutping"":""ne1""},{""word"":""就"",""pos"":""d"",""jyutping"":""zau6""},{""word"":""好"",""pos"":""d"",""jyutping"":""hou2""},{""word"":""-"",""pos"":"""",""jyutping"":null},{""word"":""好"",""pos"":""d"",""jyutping"":""hou2""}]}"	"[{""word"":""\"""",""pos"":"""",""jyutping"":null},{""word"":""\"""",""pos"":"""",""jyutping"":null},{""word"":""哩"",""pos"":""r"",""jyutping"":""ni1""},{""word"":""團"",""pos"":""q"",""jyutping"":""tyun4""},{""word"":""呢"",""pos"":""y1"",""jyutping"":""ne1""},{""word"":"","",""pos"":"""",""jyutping"":null},{""word"":""啲"",""pos"":""q"",""jyutping"":""di1""},{""word"":""人"",""pos"":""n"",""jyutping"":""jan4""},{""word"":""呢"",""pos"":""y1"",""jyutping"":""ne1""},{""word"":""即係"",""pos"":""c"",""jyutping"":""zik1hai6""},{""word"":""比較"",""pos"":""d"",""jyutping"":""bei2gaau3""},{""word"":""融洽"",""pos"":""a"",""jyutping"":""jung4hap1""},{""word"":""啲"",""pos"":""u"",""jyutping"":""di1""},{""word"":""囖"",""pos"":""y1"",""jyutping"":""lo1""},{""word"":"","",""pos"":"""",""jyutping"":null},{""word"":""有講有笑"",""pos"":""l"",""jyutping"":""jau5gong2jau5siu3""},{""word"":""囖"",""pos"":""y1"",""jyutping"":""lo1""},{""word"":"","",""pos"":"""",""jyutping"":null},{""word"":""佢"",""pos"":""r"",""jyutping"":""keoi5""},{""word"":""試"",""pos"":""v"",""jyutping"":""si3""},{""word"":""過"",""pos"":""u"",""jyutping"":""gwo3""},{""word"":""嗰啲"",""pos"":""r"",""jyutping"":""go2di1""},{""word"":""呢"",""pos"":""y1"",""jyutping"":""ne1""},{""word"":""就"",""pos"":""d"",""jyutping"":""zau6""},{""word"":""好"",""pos"":""d"",""jyutping"":""hou2""},{""word"":""-"",""pos"":"""",""jyutping"":null},{""word"":""好"",""pos"":""d"",""jyutping"":""hou2""},{""word"":""高竇"",""pos"":""a"",""jyutping"":""gou1dau3""},{""word"":""𡃉"",""pos"":""y"",""jyutping"":""gaa3""},{""word"":""喎"",""pos"":""y"",""jyutping"":""wo3""},{""word"":""."",""pos"":"""",""jyutping"":null}]"	REQUIRES_EXPERT_CONTEXT_REVIEW
aa62-dabe2db8241db744d7e0	FC-019_v.cha	81f02ee58db18cfc44dc76b96c0955b23acdfdc8be83e05a01b28d1667d4d264	8	2	8	XXJ	試過	試	v	剪	v	VERB	"{""normalizedSurface"":""試過""}"	但係我又覺得因為我以前試過剪短呢,就會個樣好細個.	係喇,但係呢,我又唔知點喎,因為我-我諗住譬如如果長頭髮噉樣,噉我一係呢就噉修短幾寸噉樣喇,一係呢就係即係剪到好短噉樣囖.	即係我而家個樣已經好細個喇嗎,如果再剪落去就會覺得好細個.	"{""startTokenIndexZeroBased"":1,""endTokenIndexExclusive"":15,""tokens"":[{""word"":""我"",""pos"":""r"",""jyutping"":""ngo5""},{""word"":""又"",""pos"":""d"",""jyutping"":""jau6""},{""word"":""覺得"",""pos"":""v"",""jyutping"":""gok3dak1""},{""word"":""因為"",""pos"":""c"",""jyutping"":""jan1wai6""},{""word"":""我"",""pos"":""r"",""jyutping"":""ngo5""},{""word"":""以前"",""pos"":""t"",""jyutping"":""ji5cin4""},{""word"":""試"",""pos"":""v"",""jyutping"":""si3""},{""word"":""過"",""pos"":""u"",""jyutping"":""gwo3""},{""word"":""剪"",""pos"":""v"",""jyutping"":""zin2""},{""word"":""短"",""pos"":""a"",""jyutping"":""dyun2""},{""word"":""呢"",""pos"":""y1"",""jyutping"":""ne1""},{""word"":"","",""pos"":"""",""jyutping"":null},{""word"":""就"",""pos"":""d"",""jyutping"":""zau6""},{""word"":""會"",""pos"":""vu"",""jyutping"":""wui5""}]}"	"[{""word"":""但係"",""pos"":""c"",""jyutping"":""daan6hai6""},{""word"":""我"",""pos"":""r"",""jyutping"":""ngo5""},{""word"":""又"",""pos"":""d"",""jyutping"":""jau6""},{""word"":""覺得"",""pos"":""v"",""jyutping"":""gok3dak1""},{""word"":""因為"",""pos"":""c"",""jyutping"":""jan1wai6""},{""word"":""我"",""pos"":""r"",""jyutping"":""ngo5""},{""word"":""以前"",""pos"":""t"",""jyutping"":""ji5cin4""},{""word"":""試"",""pos"":""v"",""jyutping"":""si3""},{""word"":""過"",""pos"":""u"",""jyutping"":""gwo3""},{""word"":""剪"",""pos"":""v"",""jyutping"":""zin2""},{""word"":""短"",""pos"":""a"",""jyutping"":""dyun2""},{""word"":""呢"",""pos"":""y1"",""jyutping"":""ne1""},{""word"":"","",""pos"":"""",""jyutping"":null},{""word"":""就"",""pos"":""d"",""jyutping"":""zau6""},{""word"":""會"",""pos"":""vu"",""jyutping"":""wui5""},{""word"":""個"",""pos"":""q"",""jyutping"":""go3""},{""word"":""樣"",""pos"":""n"",""jyutping"":""joeng2""},{""word"":""好"",""pos"":""d"",""jyutping"":""hou2""},{""word"":""細個"",""pos"":""a"",""jyutping"":""sai3go3""},{""word"":""."",""pos"":"""",""jyutping"":null}]"	REQUIRES_EXPERT_CONTEXT_REVIEW
aa62-082e810bd62f40bb22cc	FC-019_v.cha	81f02ee58db18cfc44dc76b96c0955b23acdfdc8be83e05a01b28d1667d4d264	8	7	22	XXM	剪過	剪	v	短	a	ADJ	"{""normalizedSurface"":""剪過""}"	Cathy,你記唔記得呢,佢嗰陣時呢,唔知firstyear嗰陣時呢咪-咪剪過短𠸏.	所以就而家都未去剪囖.	你記唔記得佢嗰陣時個樣啊?	"{""startTokenIndexZeroBased"":15,""endTokenIndexExclusive"":26,""tokens"":[{""word"":""year"",""pos"":""xn"",""jyutping"":null},{""word"":""嗰陣時"",""pos"":""r"",""jyutping"":""go2zan6si2""},{""word"":""呢"",""pos"":""y1"",""jyutping"":""ne1""},{""word"":""咪"",""pos"":""d"",""jyutping"":""mai6""},{""word"":""-"",""pos"":"""",""jyutping"":null},{""word"":""咪"",""pos"":""d"",""jyutping"":""mai6""},{""word"":""剪"",""pos"":""v"",""jyutping"":""zin2""},{""word"":""過"",""pos"":""u"",""jyutping"":""gwo3""},{""word"":""短"",""pos"":""a"",""jyutping"":""dyun2""},{""word"":""𠸏"",""pos"":""y"",""jyutping"":""ge2""},{""word"":""."",""pos"":"""",""jyutping"":null}]}"	"[{""word"":""Cathy"",""pos"":""xnr"",""jyutping"":null},{""word"":"","",""pos"":"""",""jyutping"":null},{""word"":""你"",""pos"":""r"",""jyutping"":""nei5""},{""word"":""記"",""pos"":""g1"",""jyutping"":""gei3""},{""word"":""唔"",""pos"":""d"",""jyutping"":""m4""},{""word"":""記得"",""pos"":""v"",""jyutping"":""gei3dak1""},{""word"":""呢"",""pos"":""y1"",""jyutping"":""ne1""},{""word"":"","",""pos"":"""",""jyutping"":null},{""word"":""佢"",""pos"":""r"",""jyutping"":""keoi5""},{""word"":""嗰陣時"",""pos"":""r"",""jyutping"":""go2zan6si2""},{""word"":""呢"",""pos"":""y1"",""jyutping"":""ne1""},{""word"":"","",""pos"":"""",""jyutping"":null},{""word"":""唔"",""pos"":""d"",""jyutping"":""m4""},{""word"":""知"",""pos"":""v"",""jyutping"":""zi1""},{""word"":""first"",""pos"":""xm"",""jyutping"":null},{""word"":""year"",""pos"":""xn"",""jyutping"":null},{""word"":""嗰陣時"",""pos"":""r"",""jyutping"":""go2zan6si2""},{""word"":""呢"",""pos"":""y1"",""jyutping"":""ne1""},{""word"":""咪"",""pos"":""d"",""jyutping"":""mai6""},{""word"":""-"",""pos"":"""",""jyutping"":null},{""word"":""咪"",""pos"":""d"",""jyutping"":""mai6""},{""word"":""剪"",""pos"":""v"",""jyutping"":""zin2""},{""word"":""過"",""pos"":""u"",""jyutping"":""gwo3""},{""word"":""短"",""pos"":""a"",""jyutping"":""dyun2""},{""word"":""𠸏"",""pos"":""y"",""jyutping"":""ge2""},{""word"":""."",""pos"":"""",""jyutping"":null}]"	REQUIRES_EXPERT_CONTEXT_REVIEW
aa62-e30f74808a2fe35162c4	FC-019_v.cha	81f02ee58db18cfc44dc76b96c0955b23acdfdc8be83e05a01b28d1667d4d264	8	46	5	XXJ	試過	試	v	啊	y	PART	"{""normalizedSurface"":""試過""}"	唔係,因為我試過啊.	其實-其實唔會傷頭髮𡃉喎.	所以呢,佢噉削呢,佢就覺得-佢會-即係呢佢削嘅時候同你剪係唔同𠺢嗎.	"{""startTokenIndexZeroBased"":0,""endTokenIndexExclusive"":8,""tokens"":[{""word"":""唔係"",""pos"":""v"",""jyutping"":""m4hai6""},{""word"":"","",""pos"":"""",""jyutping"":null},{""word"":""因為"",""pos"":""c"",""jyutping"":""jan1wai6""},{""word"":""我"",""pos"":""r"",""jyutping"":""ngo5""},{""word"":""試"",""pos"":""v"",""jyutping"":""si3""},{""word"":""過"",""pos"":""u"",""jyutping"":""gwo3""},{""word"":""啊"",""pos"":""y"",""jyutping"":""aa3""},{""word"":""."",""pos"":"""",""jyutping"":null}]}"	"[{""word"":""唔係"",""pos"":""v"",""jyutping"":""m4hai6""},{""word"":"","",""pos"":"""",""jyutping"":null},{""word"":""因為"",""pos"":""c"",""jyutping"":""jan1wai6""},{""word"":""我"",""pos"":""r"",""jyutping"":""ngo5""},{""word"":""試"",""pos"":""v"",""jyutping"":""si3""},{""word"":""過"",""pos"":""u"",""jyutping"":""gwo3""},{""word"":""啊"",""pos"":""y"",""jyutping"":""aa3""},{""word"":""."",""pos"":"""",""jyutping"":null}]"	REQUIRES_EXPERT_CONTEXT_REVIEW
aa62-59067384bad82b742e76	FC-019_v.cha	81f02ee58db18cfc44dc76b96c0955b23acdfdc8be83e05a01b28d1667d4d264	8	56	5	XXC	剪過	剪	v	削	v	VERB	"{""normalizedSurface"":""剪過""}"	嗰陣時,我都剪過削嗰啲喎.	喀.	喀.	"{""startTokenIndexZeroBased"":0,""endTokenIndexExclusive"":10,""tokens"":[{""word"":""嗰陣時"",""pos"":""r"",""jyutping"":""go2zan6si4""},{""word"":"","",""pos"":"""",""jyutping"":null},{""word"":""我"",""pos"":""r"",""jyutping"":""ngo5""},{""word"":""都"",""pos"":""d"",""jyutping"":""dou1""},{""word"":""剪"",""pos"":""v"",""jyutping"":""zin2""},{""word"":""過"",""pos"":""u"",""jyutping"":""gwo3""},{""word"":""削"",""pos"":""v"",""jyutping"":""soek3""},{""word"":""嗰啲"",""pos"":""r"",""jyutping"":""go2di1""},{""word"":""喎"",""pos"":""y"",""jyutping"":""wo3""},{""word"":""."",""pos"":"""",""jyutping"":null}]}"	"[{""word"":""嗰陣時"",""pos"":""r"",""jyutping"":""go2zan6si4""},{""word"":"","",""pos"":"""",""jyutping"":null},{""word"":""我"",""pos"":""r"",""jyutping"":""ngo5""},{""word"":""都"",""pos"":""d"",""jyutping"":""dou1""},{""word"":""剪"",""pos"":""v"",""jyutping"":""zin2""},{""word"":""過"",""pos"":""u"",""jyutping"":""gwo3""},{""word"":""削"",""pos"":""v"",""jyutping"":""soek3""},{""word"":""嗰啲"",""pos"":""r"",""jyutping"":""go2di1""},{""word"":""喎"",""pos"":""y"",""jyutping"":""wo3""},{""word"":""."",""pos"":"""",""jyutping"":null}]"	REQUIRES_EXPERT_CONTEXT_REVIEW
aa62-1310abc69d2fd31a212d	FC-019_v.cha	81f02ee58db18cfc44dc76b96c0955b23acdfdc8be83e05a01b28d1667d4d264	8	111	5	XXJ	試過	試	v	剪	v	VERB	"{""normalizedSurface"":""試過""}"	哎,我以前試過剪碎陰啊,但係係有-劉海噉樣嘅剪碎蔭,重好肉酸囖.	喀,喀喀喀.	更加細個啊個樣.	"{""startTokenIndexZeroBased"":0,""endTokenIndexExclusive"":12,""tokens"":[{""word"":""哎"",""pos"":""e"",""jyutping"":""aai5""},{""word"":"","",""pos"":"""",""jyutping"":null},{""word"":""我"",""pos"":""r"",""jyutping"":""ngo5""},{""word"":""以前"",""pos"":""t"",""jyutping"":""ji5cin4""},{""word"":""試"",""pos"":""v"",""jyutping"":""si3""},{""word"":""過"",""pos"":""u"",""jyutping"":""gwo3""},{""word"":""剪"",""pos"":""v"",""jyutping"":""zin2""},{""word"":""碎"",""pos"":""a"",""jyutping"":""seoi3""},{""word"":""陰"",""pos"":""n"",""jyutping"":""jam1""},{""word"":""啊"",""pos"":""y1"",""jyutping"":""aa3""},{""word"":"","",""pos"":"""",""jyutping"":null},{""word"":""但係"",""pos"":""c"",""jyutping"":""daan6hai6""}]}"	"[{""word"":""哎"",""pos"":""e"",""jyutping"":""aai5""},{""word"":"","",""pos"":"""",""jyutping"":null},{""word"":""我"",""pos"":""r"",""jyutping"":""ngo5""},{""word"":""以前"",""pos"":""t"",""jyutping"":""ji5cin4""},{""word"":""試"",""pos"":""v"",""jyutping"":""si3""},{""word"":""過"",""pos"":""u"",""jyutping"":""gwo3""},{""word"":""剪"",""pos"":""v"",""jyutping"":""zin2""},{""word"":""碎"",""pos"":""a"",""jyutping"":""seoi3""},{""word"":""陰"",""pos"":""n"",""jyutping"":""jam1""},{""word"":""啊"",""pos"":""y1"",""jyutping"":""aa3""},{""word"":"","",""pos"":"""",""jyutping"":null},{""word"":""但係"",""pos"":""c"",""jyutping"":""daan6hai6""},{""word"":""係"",""pos"":""v"",""jyutping"":""hai6""},{""word"":""有"",""pos"":""v1"",""jyutping"":""jau5""},{""word"":""-"",""pos"":"""",""jyutping"":null},{""word"":""劉海"",""pos"":""n"",""jyutping"":""lau4hoi2""},{""word"":""噉樣"",""pos"":""r"",""jyutping"":""gam2joeng2""},{""word"":""嘅"",""pos"":""u"",""jyutping"":""ge3""},{""word"":""剪"",""pos"":""v"",""jyutping"":""zin2""},{""word"":""碎"",""pos"":""a"",""jyutping"":""seoi3""},{""word"":""蔭"",""pos"":""n"",""jyutping"":""jam1""},{""word"":"","",""pos"":"""",""jyutping"":null},{""word"":""重"",""pos"":""d"",""jyutping"":""zung6""},{""word"":""好"",""pos"":""d"",""jyutping"":""hou2""},{""word"":""肉酸"",""pos"":""a"",""jyutping"":""juk6syun1""},{""word"":""囖"",""pos"":""y"",""jyutping"":""lo1""},{""word"":""."",""pos"":"""",""jyutping"":null}]"	REQUIRES_EXPERT_CONTEXT_REVIEW
aa62-fbfc2aa76b5f0ee33cec	FC-019_v.cha	81f02ee58db18cfc44dc76b96c0955b23acdfdc8be83e05a01b28d1667d4d264	8	156	5	XXC	見過	見	v	梁	nr	PROPN	"{""normalizedSurface"":""見過""}"	唔係,但係我見過梁詠琪嗰個呢,又係摷起𠸏.	但係好難嘅,我驚我自己剪咗之後唔識摷啊.	係啊,係啊.	"{""startTokenIndexZeroBased"":0,""endTokenIndexExclusive"":12,""tokens"":[{""word"":""唔係"",""pos"":""v"",""jyutping"":""m4hai6""},{""word"":"","",""pos"":"""",""jyutping"":null},{""word"":""但係"",""pos"":""c"",""jyutping"":""daan6hai6""},{""word"":""我"",""pos"":""r"",""jyutping"":""ngo5""},{""word"":""見"",""pos"":""v"",""jyutping"":""gin3""},{""word"":""過"",""pos"":""u"",""jyutping"":""gwo3""},{""word"":""梁"",""pos"":""nr"",""jyutping"":""loeng4""},{""word"":""詠琪"",""pos"":""nr"",""jyutping"":""wing6kei4""},{""word"":""嗰個"",""pos"":""r"",""jyutping"":""go2go3""},{""word"":""呢"",""pos"":""y1"",""jyutping"":""ne1""},{""word"":"","",""pos"":"""",""jyutping"":null},{""word"":""又"",""pos"":""d"",""jyutping"":""jau6""}]}"	"[{""word"":""唔係"",""pos"":""v"",""jyutping"":""m4hai6""},{""word"":"","",""pos"":"""",""jyutping"":null},{""word"":""但係"",""pos"":""c"",""jyutping"":""daan6hai6""},{""word"":""我"",""pos"":""r"",""jyutping"":""ngo5""},{""word"":""見"",""pos"":""v"",""jyutping"":""gin3""},{""word"":""過"",""pos"":""u"",""jyutping"":""gwo3""},{""word"":""梁"",""pos"":""nr"",""jyutping"":""loeng4""},{""word"":""詠琪"",""pos"":""nr"",""jyutping"":""wing6kei4""},{""word"":""嗰個"",""pos"":""r"",""jyutping"":""go2go3""},{""word"":""呢"",""pos"":""y1"",""jyutping"":""ne1""},{""word"":"","",""pos"":"""",""jyutping"":null},{""word"":""又"",""pos"":""d"",""jyutping"":""jau6""},{""word"":""係"",""pos"":""v"",""jyutping"":""hai6""},{""word"":""摷起"",""pos"":""v"",""jyutping"":""caau3hei2""},{""word"":""𠸏"",""pos"":""y"",""jyutping"":""ge2""},{""word"":""."",""pos"":"""",""jyutping"":null}]"	REQUIRES_EXPERT_CONTEXT_REVIEW
aa62-b8c637c54de579ef186b	FC-020_v.cha	6ec07be8de5bf5784dc1c6dba433bfb4eda92663c929a3e67c02103e0c8f0bf7	9	365	12	XXB	報過	報	v	第二	m	NUM	"{""normalizedSurface"":""報過""}"	但係佢又冇講話,誒,佢有冇報過第二個團囖.	佢去邊啊?	哦,噉佢諗住去邊𡃉其實?	"{""startTokenIndexZeroBased"":5,""endTokenIndexExclusive"":18,""tokens"":[{""word"":""話"",""pos"":""v"",""jyutping"":""waa6""},{""word"":"","",""pos"":"""",""jyutping"":null},{""word"":""誒"",""pos"":""e"",""jyutping"":""e6""},{""word"":"","",""pos"":"""",""jyutping"":null},{""word"":""佢"",""pos"":""r"",""jyutping"":""keoi5""},{""word"":""有冇"",""pos"":""v1"",""jyutping"":""jau5mou5""},{""word"":""報"",""pos"":""v"",""jyutping"":""bou3""},{""word"":""過"",""pos"":""u"",""jyutping"":""gwo3""},{""word"":""第二"",""pos"":""m"",""jyutping"":""dai6ji6""},{""word"":""個"",""pos"":""q"",""jyutping"":""go3""},{""word"":""團"",""pos"":""n"",""jyutping"":""tyun4""},{""word"":""囖"",""pos"":""y"",""jyutping"":""lo1""},{""word"":""."",""pos"":"""",""jyutping"":null}]}"	"[{""word"":""但係"",""pos"":""c"",""jyutping"":""daan6hai6""},{""word"":""佢"",""pos"":""r"",""jyutping"":""keoi5""},{""word"":""又"",""pos"":""d"",""jyutping"":""jau6""},{""word"":""冇"",""pos"":""v1"",""jyutping"":""mou5""},{""word"":""講"",""pos"":""v"",""jyutping"":""gong2""},{""word"":""話"",""pos"":""v"",""jyutping"":""waa6""},{""word"":"","",""pos"":"""",""jyutping"":null},{""word"":""誒"",""pos"":""e"",""jyutping"":""e6""},{""word"":"","",""pos"":"""",""jyutping"":null},{""word"":""佢"",""pos"":""r"",""jyutping"":""keoi5""},{""word"":""有冇"",""pos"":""v1"",""jyutping"":""jau5mou5""},{""word"":""報"",""pos"":""v"",""jyutping"":""bou3""},{""word"":""過"",""pos"":""u"",""jyutping"":""gwo3""},{""word"":""第二"",""pos"":""m"",""jyutping"":""dai6ji6""},{""word"":""個"",""pos"":""q"",""jyutping"":""go3""},{""word"":""團"",""pos"":""n"",""jyutping"":""tyun4""},{""word"":""囖"",""pos"":""y"",""jyutping"":""lo1""},{""word"":""."",""pos"":"""",""jyutping"":null}]"	REQUIRES_EXPERT_CONTEXT_REVIEW
aa62-cb9d421037a93f606a6f	FC-020_v.cha	6ec07be8de5bf5784dc1c6dba433bfb4eda92663c929a3e67c02103e0c8f0bf7	9	371	14	XXB	報過	報	v	第二	m	NUM	"{""normalizedSurface"":""報過""}"	噉樣囖,不過我諗佢會-我估佢會報過第二個啊應該.	哦.	係呀.	"{""startTokenIndexZeroBased"":7,""endTokenIndexExclusive"":20,""tokens"":[{""word"":""會"",""pos"":""vu"",""jyutping"":""wui5""},{""word"":""-"",""pos"":"""",""jyutping"":null},{""word"":""我"",""pos"":""r"",""jyutping"":""ngo5""},{""word"":""估"",""pos"":""v"",""jyutping"":""gu2""},{""word"":""佢"",""pos"":""r"",""jyutping"":""keoi5""},{""word"":""會"",""pos"":""vu"",""jyutping"":""wui5""},{""word"":""報"",""pos"":""v"",""jyutping"":""bou3""},{""word"":""過"",""pos"":""u"",""jyutping"":""gwo3""},{""word"":""第二"",""pos"":""m"",""jyutping"":""dai6ji6""},{""word"":""個"",""pos"":""q"",""jyutping"":""go3""},{""word"":""啊"",""pos"":""y"",""jyutping"":""aa3""},{""word"":""應該"",""pos"":""vu"",""jyutping"":""jing1goi1""},{""word"":""."",""pos"":"""",""jyutping"":null}]}"	"[{""word"":""噉樣"",""pos"":""c"",""jyutping"":""gam2joeng2""},{""word"":""囖"",""pos"":""y"",""jyutping"":""lo1""},{""word"":"","",""pos"":"""",""jyutping"":null},{""word"":""不過"",""pos"":""c"",""jyutping"":""bat1gwo3""},{""word"":""我"",""pos"":""r"",""jyutping"":""ngo5""},{""word"":""諗"",""pos"":""v"",""jyutping"":""nam2""},{""word"":""佢"",""pos"":""r"",""jyutping"":""keoi5""},{""word"":""會"",""pos"":""vu"",""jyutping"":""wui5""},{""word"":""-"",""pos"":"""",""jyutping"":null},{""word"":""我"",""pos"":""r"",""jyutping"":""ngo5""},{""word"":""估"",""pos"":""v"",""jyutping"":""gu2""},{""word"":""佢"",""pos"":""r"",""jyutping"":""keoi5""},{""word"":""會"",""pos"":""vu"",""jyutping"":""wui5""},{""word"":""報"",""pos"":""v"",""jyutping"":""bou3""},{""word"":""過"",""pos"":""u"",""jyutping"":""gwo3""},{""word"":""第二"",""pos"":""m"",""jyutping"":""dai6ji6""},{""word"":""個"",""pos"":""q"",""jyutping"":""go3""},{""word"":""啊"",""pos"":""y"",""jyutping"":""aa3""},{""word"":""應該"",""pos"":""vu"",""jyutping"":""jing1goi1""},{""word"":""."",""pos"":"""",""jyutping"":null}]"	REQUIRES_EXPERT_CONTEXT_REVIEW
aa62-fae8bcbb59abd8ca77de	FC-020_v.cha	6ec07be8de5bf5784dc1c6dba433bfb4eda92663c929a3e67c02103e0c8f0bf7	9	375	15	XXB	報過	報	v	第二	m	NUM	"{""normalizedSurface"":""報過""}"	因為佢嗰日都話-佢嗰日就冇講話佢有冇報過第二個囖.	係囖,我都唔知喎.	哦.	"{""startTokenIndexZeroBased"":8,""endTokenIndexExclusive"":20,""tokens"":[{""word"":""就"",""pos"":""d"",""jyutping"":""zau6""},{""word"":""冇"",""pos"":""v1"",""jyutping"":""mou5""},{""word"":""講"",""pos"":""v"",""jyutping"":""gong2""},{""word"":""話"",""pos"":""v"",""jyutping"":""waa6""},{""word"":""佢"",""pos"":""r"",""jyutping"":""keoi5""},{""word"":""有冇"",""pos"":""v"",""jyutping"":""jau5mou5""},{""word"":""報"",""pos"":""v"",""jyutping"":""bou3""},{""word"":""過"",""pos"":""u"",""jyutping"":""gwo3""},{""word"":""第二"",""pos"":""m"",""jyutping"":""dai6ji6""},{""word"":""個"",""pos"":""q"",""jyutping"":""go3""},{""word"":""囖"",""pos"":""y"",""jyutping"":""lo1""},{""word"":""."",""pos"":"""",""jyutping"":null}]}"	"[{""word"":""因為"",""pos"":""c"",""jyutping"":""jan1wai6""},{""word"":""佢"",""pos"":""r"",""jyutping"":""keoi5""},{""word"":""嗰日"",""pos"":""r"",""jyutping"":""go2jat6""},{""word"":""都"",""pos"":""d"",""jyutping"":""dou1""},{""word"":""話"",""pos"":""v"",""jyutping"":""waa6""},{""word"":""-"",""pos"":"""",""jyutping"":null},{""word"":""佢"",""pos"":""r"",""jyutping"":""keoi5""},{""word"":""嗰日"",""pos"":""r"",""jyutping"":""go2jat6""},{""word"":""就"",""pos"":""d"",""jyutping"":""zau6""},{""word"":""冇"",""pos"":""v1"",""jyutping"":""mou5""},{""word"":""講"",""pos"":""v"",""jyutping"":""gong2""},{""word"":""話"",""pos"":""v"",""jyutping"":""waa6""},{""word"":""佢"",""pos"":""r"",""jyutping"":""keoi5""},{""word"":""有冇"",""pos"":""v"",""jyutping"":""jau5mou5""},{""word"":""報"",""pos"":""v"",""jyutping"":""bou3""},{""word"":""過"",""pos"":""u"",""jyutping"":""gwo3""},{""word"":""第二"",""pos"":""m"",""jyutping"":""dai6ji6""},{""word"":""個"",""pos"":""q"",""jyutping"":""go3""},{""word"":""囖"",""pos"":""y"",""jyutping"":""lo1""},{""word"":""."",""pos"":"""",""jyutping"":null}]"	REQUIRES_EXPERT_CONTEXT_REVIEW
aa62-0c60bb064edda0a11a1d	FC-022a_v.cha	f1ac38cc97b07a9757a7a7e9274732b52679d76fd9980defa2fe57d5c562a43d	10	0	10	XXA	諗過	諗	v	去	v	VERB	"{""normalizedSurface"":""諗過""}"	咦!葉先生呀,你呢有冇諗過去睇書展啊?		誒,乜嘢書展呢?	"{""startTokenIndexZeroBased"":3,""endTokenIndexExclusive"":16,""tokens"":[{""word"":""先生"",""pos"":""n"",""jyutping"":""sin1saang1""},{""word"":""呀"",""pos"":""y"",""jyutping"":""aa4""},{""word"":"","",""pos"":"""",""jyutping"":null},{""word"":""你"",""pos"":""r"",""jyutping"":""nei5""},{""word"":""呢"",""pos"":""y1"",""jyutping"":""ne1""},{""word"":""有冇"",""pos"":""v1"",""jyutping"":""jau5mou5""},{""word"":""諗"",""pos"":""v"",""jyutping"":""nam2""},{""word"":""過"",""pos"":""u"",""jyutping"":""gwo3""},{""word"":""去"",""pos"":""v"",""jyutping"":""heoi3""},{""word"":""睇"",""pos"":""v"",""jyutping"":""tai2""},{""word"":""書展"",""pos"":""n"",""jyutping"":""syu1zin2""},{""word"":""啊"",""pos"":""y"",""jyutping"":""aa3""},{""word"":""?"",""pos"":"""",""jyutping"":null}]}"	"[{""word"":""咦"",""pos"":""e"",""jyutping"":""ji2""},{""word"":""!"",""pos"":"""",""jyutping"":null},{""word"":""葉"",""pos"":""nr"",""jyutping"":""jip6""},{""word"":""先生"",""pos"":""n"",""jyutping"":""sin1saang1""},{""word"":""呀"",""pos"":""y"",""jyutping"":""aa4""},{""word"":"","",""pos"":"""",""jyutping"":null},{""word"":""你"",""pos"":""r"",""jyutping"":""nei5""},{""word"":""呢"",""pos"":""y1"",""jyutping"":""ne1""},{""word"":""有冇"",""pos"":""v1"",""jyutping"":""jau5mou5""},{""word"":""諗"",""pos"":""v"",""jyutping"":""nam2""},{""word"":""過"",""pos"":""u"",""jyutping"":""gwo3""},{""word"":""去"",""pos"":""v"",""jyutping"":""heoi3""},{""word"":""睇"",""pos"":""v"",""jyutping"":""tai2""},{""word"":""書展"",""pos"":""n"",""jyutping"":""syu1zin2""},{""word"":""啊"",""pos"":""y"",""jyutping"":""aa3""},{""word"":""?"",""pos"":"""",""jyutping"":null}]"	REQUIRES_EXPERT_CONTEXT_REVIEW
aa62-a6fb2d14fcbcf6c6bb98	FC-022a_v.cha	f1ac38cc97b07a9757a7a7e9274732b52679d76fd9980defa2fe57d5c562a43d	10	11	14	XXA	諗過	諗	v	去	v	VERB	"{""normalizedSurface"":""諗過""}"	係嘞,係嘞噉-噉但係你會-有冇諗過去睇呢?	係啊,我都覺得係.	暫時冇噉嘅打算,或者遲啲會去.	"{""startTokenIndexZeroBased"":7,""endTokenIndexExclusive"":19,""tokens"":[{""word"":""噉"",""pos"":""c"",""jyutping"":""gam2""},{""word"":""但係"",""pos"":""c"",""jyutping"":""daan6hai6""},{""word"":""你"",""pos"":""r"",""jyutping"":""nei5""},{""word"":""會"",""pos"":""vu"",""jyutping"":""wui5""},{""word"":""-"",""pos"":"""",""jyutping"":null},{""word"":""有冇"",""pos"":""v1"",""jyutping"":""jau5mou5""},{""word"":""諗"",""pos"":""v"",""jyutping"":""nam2""},{""word"":""過"",""pos"":""u"",""jyutping"":""gwo3""},{""word"":""去"",""pos"":""v"",""jyutping"":""heoi3""},{""word"":""睇"",""pos"":""v"",""jyutping"":""tai2""},{""word"":""呢"",""pos"":""y"",""jyutping"":""ne1""},{""word"":""?"",""pos"":"""",""jyutping"":null}]}"	"[{""word"":""係"",""pos"":""v"",""jyutping"":""hai6""},{""word"":""嘞"",""pos"":""y"",""jyutping"":""laak3""},{""word"":"","",""pos"":"""",""jyutping"":null},{""word"":""係"",""pos"":""v"",""jyutping"":""hai6""},{""word"":""嘞"",""pos"":""y"",""jyutping"":""laak3""},{""word"":""噉"",""pos"":""c"",""jyutping"":""gam2""},{""word"":""-"",""pos"":"""",""jyutping"":null},{""word"":""噉"",""pos"":""c"",""jyutping"":""gam2""},{""word"":""但係"",""pos"":""c"",""jyutping"":""daan6hai6""},{""word"":""你"",""pos"":""r"",""jyutping"":""nei5""},{""word"":""會"",""pos"":""vu"",""jyutping"":""wui5""},{""word"":""-"",""pos"":"""",""jyutping"":null},{""word"":""有冇"",""pos"":""v1"",""jyutping"":""jau5mou5""},{""word"":""諗"",""pos"":""v"",""jyutping"":""nam2""},{""word"":""過"",""pos"":""u"",""jyutping"":""gwo3""},{""word"":""去"",""pos"":""v"",""jyutping"":""heoi3""},{""word"":""睇"",""pos"":""v"",""jyutping"":""tai2""},{""word"":""呢"",""pos"":""y"",""jyutping"":""ne1""},{""word"":""?"",""pos"":"""",""jyutping"":null}]"	REQUIRES_EXPERT_CONTEXT_REVIEW
aa62-47f290b14b097dc6d4db	FC-022a_v.cha	f1ac38cc97b07a9757a7a7e9274732b52679d76fd9980defa2fe57d5c562a43d	10	67	7	XXA	聽過	聽	v	.		X	"{""normalizedSurface"":""聽過""}"	誒,我冇乜點聽過.	我諗你應該有用𡃉.	"誒,陸谷孫嗰本呢就係叫做""英漢大辭典""."	"{""startTokenIndexZeroBased"":0,""endTokenIndexExclusive"":9,""tokens"":[{""word"":""誒"",""pos"":""e"",""jyutping"":""e6""},{""word"":"","",""pos"":"""",""jyutping"":null},{""word"":""我"",""pos"":""r"",""jyutping"":""ngo5""},{""word"":""冇"",""pos"":""v1"",""jyutping"":""mou5""},{""word"":""乜"",""pos"":""r"",""jyutping"":""mat1""},{""word"":""點"",""pos"":""r"",""jyutping"":""dim2""},{""word"":""聽"",""pos"":""v"",""jyutping"":""teng1""},{""word"":""過"",""pos"":""u"",""jyutping"":""gwo3""},{""word"":""."",""pos"":"""",""jyutping"":null}]}"	"[{""word"":""誒"",""pos"":""e"",""jyutping"":""e6""},{""word"":"","",""pos"":"""",""jyutping"":null},{""word"":""我"",""pos"":""r"",""jyutping"":""ngo5""},{""word"":""冇"",""pos"":""v1"",""jyutping"":""mou5""},{""word"":""乜"",""pos"":""r"",""jyutping"":""mat1""},{""word"":""點"",""pos"":""r"",""jyutping"":""dim2""},{""word"":""聽"",""pos"":""v"",""jyutping"":""teng1""},{""word"":""過"",""pos"":""u"",""jyutping"":""gwo3""},{""word"":""."",""pos"":"""",""jyutping"":null}]"	REQUIRES_EXPERT_CONTEXT_REVIEW
aa62-73ce24bc293f6238651b	FC-022b_v.cha	3dec7b1713b09b5693df6af23cff8bf0de760909f321c6f56002b43baced849d	11	131	4	XXA	諗過	諗	v	原來	d	ADV	"{""normalizedSurface"":""諗過""}"	我就冇諗過原來哩一個,誒,科目呢,就用哩本做參考書囖.	係,因為呢我買嗰本書嘅時候,就係諗住自己即係睇𡃉唧.	係.	"{""startTokenIndexZeroBased"":0,""endTokenIndexExclusive"":11,""tokens"":[{""word"":""我"",""pos"":""r"",""jyutping"":""ngo5""},{""word"":""就"",""pos"":""d"",""jyutping"":""zau6""},{""word"":""冇"",""pos"":""v1"",""jyutping"":""mou5""},{""word"":""諗"",""pos"":""v"",""jyutping"":""nam2""},{""word"":""過"",""pos"":""u"",""jyutping"":""gwo3""},{""word"":""原來"",""pos"":""d"",""jyutping"":""jyun4loi4""},{""word"":""哩"",""pos"":""r"",""jyutping"":""ni1""},{""word"":""一"",""pos"":""m"",""jyutping"":""jat1""},{""word"":""個"",""pos"":""q"",""jyutping"":""go3""},{""word"":"","",""pos"":"""",""jyutping"":null},{""word"":""誒"",""pos"":""e"",""jyutping"":""e6""}]}"	"[{""word"":""我"",""pos"":""r"",""jyutping"":""ngo5""},{""word"":""就"",""pos"":""d"",""jyutping"":""zau6""},{""word"":""冇"",""pos"":""v1"",""jyutping"":""mou5""},{""word"":""諗"",""pos"":""v"",""jyutping"":""nam2""},{""word"":""過"",""pos"":""u"",""jyutping"":""gwo3""},{""word"":""原來"",""pos"":""d"",""jyutping"":""jyun4loi4""},{""word"":""哩"",""pos"":""r"",""jyutping"":""ni1""},{""word"":""一"",""pos"":""m"",""jyutping"":""jat1""},{""word"":""個"",""pos"":""q"",""jyutping"":""go3""},{""word"":"","",""pos"":"""",""jyutping"":null},{""word"":""誒"",""pos"":""e"",""jyutping"":""e6""},{""word"":"","",""pos"":"""",""jyutping"":null},{""word"":""科目"",""pos"":""n"",""jyutping"":""fo1muk6""},{""word"":""呢"",""pos"":""y1"",""jyutping"":""ne1""},{""word"":"","",""pos"":"""",""jyutping"":null},{""word"":""就"",""pos"":""d"",""jyutping"":""zau6""},{""word"":""用"",""pos"":""v"",""jyutping"":""jung6""},{""word"":""哩"",""pos"":""r"",""jyutping"":""ni1""},{""word"":""本"",""pos"":""q"",""jyutping"":""bun2""},{""word"":""做"",""pos"":""v"",""jyutping"":""zou6""},{""word"":""參考書"",""pos"":""n"",""jyutping"":""caam1haau2syu1""},{""word"":""囖"",""pos"":""y"",""jyutping"":""lo1""},{""word"":""."",""pos"":"""",""jyutping"":null}]"	REQUIRES_EXPERT_CONTEXT_REVIEW
aa62-6a4ed73c013a8847e498	FC-022b_v.cha	3dec7b1713b09b5693df6af23cff8bf0de760909f321c6f56002b43baced849d	11	164	3	XXA	查過	查	v	嗰	r	PRON	"{""normalizedSurface"":""查過""}"	"因為我查過嗰本書,跟住又睇返自己個光碟,佢嘅解釋啊,各方面嘅嘢""都係""一樣囖."	係.	噉你覺得點樣睇呢?	"{""startTokenIndexZeroBased"":0,""endTokenIndexExclusive"":10,""tokens"":[{""word"":""因為"",""pos"":""c"",""jyutping"":""jan1wai6""},{""word"":""我"",""pos"":""r"",""jyutping"":""ngo5""},{""word"":""查"",""pos"":""v"",""jyutping"":""caa4""},{""word"":""過"",""pos"":""u"",""jyutping"":""gwo3""},{""word"":""嗰"",""pos"":""r"",""jyutping"":""go2""},{""word"":""本"",""pos"":""q"",""jyutping"":""bun2""},{""word"":""書"",""pos"":""n"",""jyutping"":""syu1""},{""word"":"","",""pos"":"""",""jyutping"":null},{""word"":""跟住"",""pos"":""c"",""jyutping"":""gan1zyu6""},{""word"":""又"",""pos"":""d"",""jyutping"":""jau6""}]}"	"[{""word"":""因為"",""pos"":""c"",""jyutping"":""jan1wai6""},{""word"":""我"",""pos"":""r"",""jyutping"":""ngo5""},{""word"":""查"",""pos"":""v"",""jyutping"":""caa4""},{""word"":""過"",""pos"":""u"",""jyutping"":""gwo3""},{""word"":""嗰"",""pos"":""r"",""jyutping"":""go2""},{""word"":""本"",""pos"":""q"",""jyutping"":""bun2""},{""word"":""書"",""pos"":""n"",""jyutping"":""syu1""},{""word"":"","",""pos"":"""",""jyutping"":null},{""word"":""跟住"",""pos"":""c"",""jyutping"":""gan1zyu6""},{""word"":""又"",""pos"":""d"",""jyutping"":""jau6""},{""word"":""睇"",""pos"":""v"",""jyutping"":""tai2""},{""word"":""返"",""pos"":""u"",""jyutping"":""faan1""},{""word"":""自己"",""pos"":""r"",""jyutping"":""zi6gei2""},{""word"":""個"",""pos"":""q"",""jyutping"":""go3""},{""word"":""光碟"",""pos"":""n"",""jyutping"":""gwong1dip2""},{""word"":"","",""pos"":"""",""jyutping"":null},{""word"":""佢"",""pos"":""r"",""jyutping"":""keoi5""},{""word"":""嘅"",""pos"":""u"",""jyutping"":""ge3""},{""word"":""解釋"",""pos"":""v"",""jyutping"":""gaai2sik1""},{""word"":""啊"",""pos"":""y1"",""jyutping"":""aa3""},{""word"":"","",""pos"":"""",""jyutping"":null},{""word"":""各"",""pos"":""r"",""jyutping"":""gok3""},{""word"":""方面"",""pos"":""n"",""jyutping"":""fong1min6""},{""word"":""嘅"",""pos"":""u"",""jyutping"":""ge3""},{""word"":""嘢"",""pos"":""n"",""jyutping"":""je5""},{""word"":""\"""",""pos"":"""",""jyutping"":null},{""word"":""都"",""pos"":""d"",""jyutping"":""dou1""},{""word"":""係"",""pos"":""v"",""jyutping"":""hai6""},{""word"":""\"""",""pos"":"""",""jyutping"":null},{""word"":""一樣"",""pos"":""a"",""jyutping"":""jat1joeng6""},{""word"":""囖"",""pos"":""y"",""jyutping"":""lo1""},{""word"":""."",""pos"":"""",""jyutping"":null}]"	REQUIRES_EXPERT_CONTEXT_REVIEW
aa62-3b1ca551eb4f658fb84a	FC-022b_v.cha	3dec7b1713b09b5693df6af23cff8bf0de760909f321c6f56002b43baced849d	11	201	7	XXA	聽過	聽	v	呢	y1	PART	"{""normalizedSurface"":""聽過""}"	喀,但係我以前有聽過呢,張先生呢講過話啲電子辭典喎.	噉,誒,或者如果你揾到一部好嘅電子辭典呢,噉或者你介紹俾我呢,我都我都考慮下.	係.	"{""startTokenIndexZeroBased"":0,""endTokenIndexExclusive"":14,""tokens"":[{""word"":""喀"",""pos"":""e"",""jyutping"":""haak6""},{""word"":"","",""pos"":"""",""jyutping"":null},{""word"":""但係"",""pos"":""c"",""jyutping"":""daan6hai6""},{""word"":""我"",""pos"":""r"",""jyutping"":""ngo5""},{""word"":""以前"",""pos"":""t"",""jyutping"":""ji5cin4""},{""word"":""有"",""pos"":""v1"",""jyutping"":""jau5""},{""word"":""聽"",""pos"":""v"",""jyutping"":""teng1""},{""word"":""過"",""pos"":""u"",""jyutping"":""gwo3""},{""word"":""呢"",""pos"":""y1"",""jyutping"":""ne1""},{""word"":"","",""pos"":"""",""jyutping"":null},{""word"":""張"",""pos"":""nr"",""jyutping"":""zoeng1""},{""word"":""先生"",""pos"":""n"",""jyutping"":""sin1saang1""},{""word"":""呢"",""pos"":""y1"",""jyutping"":""ne1""},{""word"":""講"",""pos"":""v"",""jyutping"":""gong2""}]}"	"[{""word"":""喀"",""pos"":""e"",""jyutping"":""haak6""},{""word"":"","",""pos"":"""",""jyutping"":null},{""word"":""但係"",""pos"":""c"",""jyutping"":""daan6hai6""},{""word"":""我"",""pos"":""r"",""jyutping"":""ngo5""},{""word"":""以前"",""pos"":""t"",""jyutping"":""ji5cin4""},{""word"":""有"",""pos"":""v1"",""jyutping"":""jau5""},{""word"":""聽"",""pos"":""v"",""jyutping"":""teng1""},{""word"":""過"",""pos"":""u"",""jyutping"":""gwo3""},{""word"":""呢"",""pos"":""y1"",""jyutping"":""ne1""},{""word"":"","",""pos"":"""",""jyutping"":null},{""word"":""張"",""pos"":""nr"",""jyutping"":""zoeng1""},{""word"":""先生"",""pos"":""n"",""jyutping"":""sin1saang1""},{""word"":""呢"",""pos"":""y1"",""jyutping"":""ne1""},{""word"":""講"",""pos"":""v"",""jyutping"":""gong2""},{""word"":""過"",""pos"":""u"",""jyutping"":""gwo3""},{""word"":""話"",""pos"":""v"",""jyutping"":""waa6""},{""word"":""啲"",""pos"":""q"",""jyutping"":""di1""},{""word"":""電子"",""pos"":""n"",""jyutping"":""din6zi2""},{""word"":""辭典"",""pos"":""n"",""jyutping"":""ci4din2""},{""word"":""喎"",""pos"":""y"",""jyutping"":""wo3""},{""word"":""."",""pos"":"""",""jyutping"":null}]"	REQUIRES_EXPERT_CONTEXT_REVIEW
aa62-1c5bb47c26484a87eaf8	FC-022b_v.cha	3dec7b1713b09b5693df6af23cff8bf0de760909f321c6f56002b43baced849d	11	201	14	XXA	講過	講	v	話	v	VERB	"{""normalizedSurface"":""講過""}"	喀,但係我以前有聽過呢,張先生呢講過話啲電子辭典喎.	噉,誒,或者如果你揾到一部好嘅電子辭典呢,噉或者你介紹俾我呢,我都我都考慮下.	係.	"{""startTokenIndexZeroBased"":7,""endTokenIndexExclusive"":21,""tokens"":[{""word"":""過"",""pos"":""u"",""jyutping"":""gwo3""},{""word"":""呢"",""pos"":""y1"",""jyutping"":""ne1""},{""word"":"","",""pos"":"""",""jyutping"":null},{""word"":""張"",""pos"":""nr"",""jyutping"":""zoeng1""},{""word"":""先生"",""pos"":""n"",""jyutping"":""sin1saang1""},{""word"":""呢"",""pos"":""y1"",""jyutping"":""ne1""},{""word"":""講"",""pos"":""v"",""jyutping"":""gong2""},{""word"":""過"",""pos"":""u"",""jyutping"":""gwo3""},{""word"":""話"",""pos"":""v"",""jyutping"":""waa6""},{""word"":""啲"",""pos"":""q"",""jyutping"":""di1""},{""word"":""電子"",""pos"":""n"",""jyutping"":""din6zi2""},{""word"":""辭典"",""pos"":""n"",""jyutping"":""ci4din2""},{""word"":""喎"",""pos"":""y"",""jyutping"":""wo3""},{""word"":""."",""pos"":"""",""jyutping"":null}]}"	"[{""word"":""喀"",""pos"":""e"",""jyutping"":""haak6""},{""word"":"","",""pos"":"""",""jyutping"":null},{""word"":""但係"",""pos"":""c"",""jyutping"":""daan6hai6""},{""word"":""我"",""pos"":""r"",""jyutping"":""ngo5""},{""word"":""以前"",""pos"":""t"",""jyutping"":""ji5cin4""},{""word"":""有"",""pos"":""v1"",""jyutping"":""jau5""},{""word"":""聽"",""pos"":""v"",""jyutping"":""teng1""},{""word"":""過"",""pos"":""u"",""jyutping"":""gwo3""},{""word"":""呢"",""pos"":""y1"",""jyutping"":""ne1""},{""word"":"","",""pos"":"""",""jyutping"":null},{""word"":""張"",""pos"":""nr"",""jyutping"":""zoeng1""},{""word"":""先生"",""pos"":""n"",""jyutping"":""sin1saang1""},{""word"":""呢"",""pos"":""y1"",""jyutping"":""ne1""},{""word"":""講"",""pos"":""v"",""jyutping"":""gong2""},{""word"":""過"",""pos"":""u"",""jyutping"":""gwo3""},{""word"":""話"",""pos"":""v"",""jyutping"":""waa6""},{""word"":""啲"",""pos"":""q"",""jyutping"":""di1""},{""word"":""電子"",""pos"":""n"",""jyutping"":""din6zi2""},{""word"":""辭典"",""pos"":""n"",""jyutping"":""ci4din2""},{""word"":""喎"",""pos"":""y"",""jyutping"":""wo3""},{""word"":""."",""pos"":"""",""jyutping"":null}]"	REQUIRES_EXPERT_CONTEXT_REVIEW
aa62-e02196a3c78dd6517c55	FC-025_v.cha	de4c852f32310e64c446e91363e0db7332531bc8026287ddd750d7a6388f7131	12	77	5	XXY	去過	去	v	啫	y	PART	"{""normalizedSurface"":""去過""}"	因為雖然我之前去過啫,但係都唔認得晒嚹已經.	噉當然有領隊喇.	噉去到呢,噉梗係先就睇套幻燈片先嘅.	"{""startTokenIndexZeroBased"":0,""endTokenIndexExclusive"":12,""tokens"":[{""word"":""因為"",""pos"":""c"",""jyutping"":""jan1wai6""},{""word"":""雖然"",""pos"":""c"",""jyutping"":""seoi1jin4""},{""word"":""我"",""pos"":""r"",""jyutping"":""ngo5""},{""word"":""之前"",""pos"":""t"",""jyutping"":""zi1cin4""},{""word"":""去"",""pos"":""v"",""jyutping"":""heoi3""},{""word"":""過"",""pos"":""u"",""jyutping"":""gwo3""},{""word"":""啫"",""pos"":""y"",""jyutping"":""ze1""},{""word"":"","",""pos"":"""",""jyutping"":null},{""word"":""但係"",""pos"":""c"",""jyutping"":""daan6hai6""},{""word"":""都"",""pos"":""d"",""jyutping"":""dou1""},{""word"":""唔"",""pos"":""d"",""jyutping"":""m4""},{""word"":""認得"",""pos"":""v"",""jyutping"":""jing6dak1""}]}"	"[{""word"":""因為"",""pos"":""c"",""jyutping"":""jan1wai6""},{""word"":""雖然"",""pos"":""c"",""jyutping"":""seoi1jin4""},{""word"":""我"",""pos"":""r"",""jyutping"":""ngo5""},{""word"":""之前"",""pos"":""t"",""jyutping"":""zi1cin4""},{""word"":""去"",""pos"":""v"",""jyutping"":""heoi3""},{""word"":""過"",""pos"":""u"",""jyutping"":""gwo3""},{""word"":""啫"",""pos"":""y"",""jyutping"":""ze1""},{""word"":"","",""pos"":"""",""jyutping"":null},{""word"":""但係"",""pos"":""c"",""jyutping"":""daan6hai6""},{""word"":""都"",""pos"":""d"",""jyutping"":""dou1""},{""word"":""唔"",""pos"":""d"",""jyutping"":""m4""},{""word"":""認得"",""pos"":""v"",""jyutping"":""jing6dak1""},{""word"":""晒"",""pos"":""u"",""jyutping"":""saai3""},{""word"":""嚹"",""pos"":""y"",""jyutping"":""laa3""},{""word"":""已經"",""pos"":""d"",""jyutping"":""ji5ging1""},{""word"":""."",""pos"":"""",""jyutping"":null}]"	REQUIRES_EXPERT_CONTEXT_REVIEW
aa62-0a1421fb4b5be160df5f	FC-025_v.cha	de4c852f32310e64c446e91363e0db7332531bc8026287ddd750d7a6388f7131	12	107	9	XXY	聽過	聽	v	兩	m	NUM	"{""normalizedSurface"":""聽過""}"	佢嗰陣時佢個video,噉我聽過兩次啊事關.	佢講乜嘢吖嗎.	點解啊?	"{""startTokenIndexZeroBased"":2,""endTokenIndexExclusive"":15,""tokens"":[{""word"":""佢"",""pos"":""r"",""jyutping"":""keoi5""},{""word"":""個"",""pos"":""q"",""jyutping"":""go3""},{""word"":""video"",""pos"":""xn"",""jyutping"":null},{""word"":"","",""pos"":"""",""jyutping"":null},{""word"":""噉"",""pos"":""c"",""jyutping"":""gam2""},{""word"":""我"",""pos"":""r"",""jyutping"":""ngo5""},{""word"":""聽"",""pos"":""v"",""jyutping"":""teng1""},{""word"":""過"",""pos"":""u"",""jyutping"":""gwo3""},{""word"":""兩"",""pos"":""m"",""jyutping"":""loeng5""},{""word"":""次"",""pos"":""q"",""jyutping"":""ci3""},{""word"":""啊"",""pos"":""y"",""jyutping"":""aa3""},{""word"":""事關"",""pos"":""v"",""jyutping"":""si6gwaan1""},{""word"":""."",""pos"":"""",""jyutping"":null}]}"	"[{""word"":""佢"",""pos"":""r"",""jyutping"":""keoi5""},{""word"":""嗰陣時"",""pos"":""r"",""jyutping"":""go2zan6si4""},{""word"":""佢"",""pos"":""r"",""jyutping"":""keoi5""},{""word"":""個"",""pos"":""q"",""jyutping"":""go3""},{""word"":""video"",""pos"":""xn"",""jyutping"":null},{""word"":"","",""pos"":"""",""jyutping"":null},{""word"":""噉"",""pos"":""c"",""jyutping"":""gam2""},{""word"":""我"",""pos"":""r"",""jyutping"":""ngo5""},{""word"":""聽"",""pos"":""v"",""jyutping"":""teng1""},{""word"":""過"",""pos"":""u"",""jyutping"":""gwo3""},{""word"":""兩"",""pos"":""m"",""jyutping"":""loeng5""},{""word"":""次"",""pos"":""q"",""jyutping"":""ci3""},{""word"":""啊"",""pos"":""y"",""jyutping"":""aa3""},{""word"":""事關"",""pos"":""v"",""jyutping"":""si6gwaan1""},{""word"":""."",""pos"":"""",""jyutping"":null}]"	REQUIRES_EXPERT_CONTEXT_REVIEW
aa62-8feb866510c47036c96a	FC-025_v.cha	de4c852f32310e64c446e91363e0db7332531bc8026287ddd750d7a6388f7131	12	301	2	XXY	講過	講	v	喇	y	PART	"{""normalizedSurface"":""講過""}"	你講過喇.	記得.	分分鐘代表公司出賽,第時攞埋冠軍.	"{""startTokenIndexZeroBased"":0,""endTokenIndexExclusive"":5,""tokens"":[{""word"":""你"",""pos"":""r"",""jyutping"":""nei5""},{""word"":""講"",""pos"":""v"",""jyutping"":""gong2""},{""word"":""過"",""pos"":""u"",""jyutping"":""gwo3""},{""word"":""喇"",""pos"":""y"",""jyutping"":""laa1""},{""word"":""."",""pos"":"""",""jyutping"":null}]}"	"[{""word"":""你"",""pos"":""r"",""jyutping"":""nei5""},{""word"":""講"",""pos"":""v"",""jyutping"":""gong2""},{""word"":""過"",""pos"":""u"",""jyutping"":""gwo3""},{""word"":""喇"",""pos"":""y"",""jyutping"":""laa1""},{""word"":""."",""pos"":"""",""jyutping"":null}]"	REQUIRES_EXPERT_CONTEXT_REVIEW
aa62-135e467a0324aa72615b	FC-025_v.cha	de4c852f32310e64c446e91363e0db7332531bc8026287ddd750d7a6388f7131	12	331	6	XXY	見過	見	v	佢	r	PRON	"{""normalizedSurface"":""見過""}"	我諗我都未見過佢,未見過佢真人.	嘩我幾可見到佢.	成日話人徐展堂.	"{""startTokenIndexZeroBased"":0,""endTokenIndexExclusive"":13,""tokens"":[{""word"":""我"",""pos"":""r"",""jyutping"":""ngo5""},{""word"":""諗"",""pos"":""v"",""jyutping"":""nam2""},{""word"":""我"",""pos"":""r"",""jyutping"":""ngo5""},{""word"":""都"",""pos"":""d"",""jyutping"":""dou1""},{""word"":""未"",""pos"":""d"",""jyutping"":""mei6""},{""word"":""見"",""pos"":""v"",""jyutping"":""gin3""},{""word"":""過"",""pos"":""u"",""jyutping"":""gwo3""},{""word"":""佢"",""pos"":""r"",""jyutping"":""keoi5""},{""word"":"","",""pos"":"""",""jyutping"":null},{""word"":""未"",""pos"":""d"",""jyutping"":""mei6""},{""word"":""見"",""pos"":""v"",""jyutping"":""gin3""},{""word"":""過"",""pos"":""u"",""jyutping"":""gwo3""},{""word"":""佢"",""pos"":""r"",""jyutping"":""keoi5""}]}"	"[{""word"":""我"",""pos"":""r"",""jyutping"":""ngo5""},{""word"":""諗"",""pos"":""v"",""jyutping"":""nam2""},{""word"":""我"",""pos"":""r"",""jyutping"":""ngo5""},{""word"":""都"",""pos"":""d"",""jyutping"":""dou1""},{""word"":""未"",""pos"":""d"",""jyutping"":""mei6""},{""word"":""見"",""pos"":""v"",""jyutping"":""gin3""},{""word"":""過"",""pos"":""u"",""jyutping"":""gwo3""},{""word"":""佢"",""pos"":""r"",""jyutping"":""keoi5""},{""word"":"","",""pos"":"""",""jyutping"":null},{""word"":""未"",""pos"":""d"",""jyutping"":""mei6""},{""word"":""見"",""pos"":""v"",""jyutping"":""gin3""},{""word"":""過"",""pos"":""u"",""jyutping"":""gwo3""},{""word"":""佢"",""pos"":""r"",""jyutping"":""keoi5""},{""word"":""真人"",""pos"":""n"",""jyutping"":""zan1jan4""},{""word"":""."",""pos"":"""",""jyutping"":null}]"	REQUIRES_EXPERT_CONTEXT_REVIEW
aa62-2687948e5a5d87119b2a	FC-025_v.cha	de4c852f32310e64c446e91363e0db7332531bc8026287ddd750d7a6388f7131	12	331	11	XXY	見過	見	v	佢	r	PRON	"{""normalizedSurface"":""見過""}"	我諗我都未見過佢,未見過佢真人.	嘩我幾可見到佢.	成日話人徐展堂.	"{""startTokenIndexZeroBased"":4,""endTokenIndexExclusive"":15,""tokens"":[{""word"":""未"",""pos"":""d"",""jyutping"":""mei6""},{""word"":""見"",""pos"":""v"",""jyutping"":""gin3""},{""word"":""過"",""pos"":""u"",""jyutping"":""gwo3""},{""word"":""佢"",""pos"":""r"",""jyutping"":""keoi5""},{""word"":"","",""pos"":"""",""jyutping"":null},{""word"":""未"",""pos"":""d"",""jyutping"":""mei6""},{""word"":""見"",""pos"":""v"",""jyutping"":""gin3""},{""word"":""過"",""pos"":""u"",""jyutping"":""gwo3""},{""word"":""佢"",""pos"":""r"",""jyutping"":""keoi5""},{""word"":""真人"",""pos"":""n"",""jyutping"":""zan1jan4""},{""word"":""."",""pos"":"""",""jyutping"":null}]}"	"[{""word"":""我"",""pos"":""r"",""jyutping"":""ngo5""},{""word"":""諗"",""pos"":""v"",""jyutping"":""nam2""},{""word"":""我"",""pos"":""r"",""jyutping"":""ngo5""},{""word"":""都"",""pos"":""d"",""jyutping"":""dou1""},{""word"":""未"",""pos"":""d"",""jyutping"":""mei6""},{""word"":""見"",""pos"":""v"",""jyutping"":""gin3""},{""word"":""過"",""pos"":""u"",""jyutping"":""gwo3""},{""word"":""佢"",""pos"":""r"",""jyutping"":""keoi5""},{""word"":"","",""pos"":"""",""jyutping"":null},{""word"":""未"",""pos"":""d"",""jyutping"":""mei6""},{""word"":""見"",""pos"":""v"",""jyutping"":""gin3""},{""word"":""過"",""pos"":""u"",""jyutping"":""gwo3""},{""word"":""佢"",""pos"":""r"",""jyutping"":""keoi5""},{""word"":""真人"",""pos"":""n"",""jyutping"":""zan1jan4""},{""word"":""."",""pos"":"""",""jyutping"":null}]"	REQUIRES_EXPERT_CONTEXT_REVIEW
aa62-6d0cfb64ee41b8a8da7e	FC-025_v.cha	de4c852f32310e64c446e91363e0db7332531bc8026287ddd750d7a6388f7131	12	350	3	XXX	見過	見	v	國傑	nr	PROPN	"{""normalizedSurface"":""見過""}"	最近就見過國傑來啊真係.	啊,我上次同你講阿澤鉅呢.	有冇請飲茶噉啊?	"{""startTokenIndexZeroBased"":0,""endTokenIndexExclusive"":9,""tokens"":[{""word"":""最近"",""pos"":""t"",""jyutping"":""zeoi3gan6""},{""word"":""就"",""pos"":""d"",""jyutping"":""zau6""},{""word"":""見"",""pos"":""v"",""jyutping"":""gin3""},{""word"":""過"",""pos"":""u"",""jyutping"":""gwo3""},{""word"":""國傑"",""pos"":""nr"",""jyutping"":""gwok3git6""},{""word"":""來"",""pos"":""v"",""jyutping"":""lai4""},{""word"":""啊"",""pos"":""y"",""jyutping"":""aa3""},{""word"":""真係"",""pos"":""d"",""jyutping"":""zan1hai6""},{""word"":""."",""pos"":"""",""jyutping"":null}]}"	"[{""word"":""最近"",""pos"":""t"",""jyutping"":""zeoi3gan6""},{""word"":""就"",""pos"":""d"",""jyutping"":""zau6""},{""word"":""見"",""pos"":""v"",""jyutping"":""gin3""},{""word"":""過"",""pos"":""u"",""jyutping"":""gwo3""},{""word"":""國傑"",""pos"":""nr"",""jyutping"":""gwok3git6""},{""word"":""來"",""pos"":""v"",""jyutping"":""lai4""},{""word"":""啊"",""pos"":""y"",""jyutping"":""aa3""},{""word"":""真係"",""pos"":""d"",""jyutping"":""zan1hai6""},{""word"":""."",""pos"":"""",""jyutping"":null}]"	REQUIRES_EXPERT_CONTEXT_REVIEW
aa62-48e87fb8b12fe4671d79	FC-025_v.cha	de4c852f32310e64c446e91363e0db7332531bc8026287ddd750d7a6388f7131	12	765	5	XXY	着過	着	v	有領	n	NOUN	"{""normalizedSurface"":""着過""}"	我好耐未着過有領嘅T恤嚹今年.	反而係?	唔係今年,係近哩幾年.	"{""startTokenIndexZeroBased"":0,""endTokenIndexExclusive"":12,""tokens"":[{""word"":""我"",""pos"":""r"",""jyutping"":""ngo5""},{""word"":""好"",""pos"":""d"",""jyutping"":""hou2""},{""word"":""耐"",""pos"":""a"",""jyutping"":""noi6""},{""word"":""未"",""pos"":""d"",""jyutping"":""mei6""},{""word"":""着"",""pos"":""v"",""jyutping"":""zoek3""},{""word"":""過"",""pos"":""u"",""jyutping"":""gwo3""},{""word"":""有領"",""pos"":""n"",""jyutping"":""jau5leng5""},{""word"":""嘅"",""pos"":""u"",""jyutping"":""ge3""},{""word"":""T恤"",""pos"":""n"",""jyutping"":null},{""word"":""嚹"",""pos"":""y"",""jyutping"":""laa3""},{""word"":""今年"",""pos"":""t"",""jyutping"":""gam1nin2""},{""word"":""."",""pos"":"""",""jyutping"":null}]}"	"[{""word"":""我"",""pos"":""r"",""jyutping"":""ngo5""},{""word"":""好"",""pos"":""d"",""jyutping"":""hou2""},{""word"":""耐"",""pos"":""a"",""jyutping"":""noi6""},{""word"":""未"",""pos"":""d"",""jyutping"":""mei6""},{""word"":""着"",""pos"":""v"",""jyutping"":""zoek3""},{""word"":""過"",""pos"":""u"",""jyutping"":""gwo3""},{""word"":""有領"",""pos"":""n"",""jyutping"":""jau5leng5""},{""word"":""嘅"",""pos"":""u"",""jyutping"":""ge3""},{""word"":""T恤"",""pos"":""n"",""jyutping"":null},{""word"":""嚹"",""pos"":""y"",""jyutping"":""laa3""},{""word"":""今年"",""pos"":""t"",""jyutping"":""gam1nin2""},{""word"":""."",""pos"":"""",""jyutping"":null}]"	REQUIRES_EXPERT_CONTEXT_REVIEW
aa62-a7cc8613fe7cfeb342e3	FC-026_v2.cha	95fb9865802b2cfa9e0b5a593cff800e4a5559f62a4e713ce352f518c0c93e3c	13	80	7	XXJ	諗過	諗	v	啊	y	PART	"{""normalizedSurface"":""諗過""}"	係啊,我有噉樣諗過啊.	你嗰陣時咪話哩份工做幾個月跟住去旅行𠸏.	但係而家其實做咗即係做開噉又覺得其實都唔係冇嘢學.	"{""startTokenIndexZeroBased"":0,""endTokenIndexExclusive"":10,""tokens"":[{""word"":""係"",""pos"":""v"",""jyutping"":""hai6""},{""word"":""啊"",""pos"":""y"",""jyutping"":""aa3""},{""word"":"","",""pos"":"""",""jyutping"":null},{""word"":""我"",""pos"":""r"",""jyutping"":""ngo5""},{""word"":""有"",""pos"":""v1"",""jyutping"":""jau5""},{""word"":""噉樣"",""pos"":""r"",""jyutping"":""gam2joeng2""},{""word"":""諗"",""pos"":""v"",""jyutping"":""nam2""},{""word"":""過"",""pos"":""u"",""jyutping"":""gwo3""},{""word"":""啊"",""pos"":""y"",""jyutping"":""aa3""},{""word"":""."",""pos"":"""",""jyutping"":null}]}"	"[{""word"":""係"",""pos"":""v"",""jyutping"":""hai6""},{""word"":""啊"",""pos"":""y"",""jyutping"":""aa3""},{""word"":"","",""pos"":"""",""jyutping"":null},{""word"":""我"",""pos"":""r"",""jyutping"":""ngo5""},{""word"":""有"",""pos"":""v1"",""jyutping"":""jau5""},{""word"":""噉樣"",""pos"":""r"",""jyutping"":""gam2joeng2""},{""word"":""諗"",""pos"":""v"",""jyutping"":""nam2""},{""word"":""過"",""pos"":""u"",""jyutping"":""gwo3""},{""word"":""啊"",""pos"":""y"",""jyutping"":""aa3""},{""word"":""."",""pos"":"""",""jyutping"":null}]"	REQUIRES_EXPERT_CONTEXT_REVIEW
aa62-3dac34042e7e9a9b68b2	FC-026_v2.cha	95fb9865802b2cfa9e0b5a593cff800e4a5559f62a4e713ce352f518c0c93e3c	13	113	2	XXA	講過	講	v	啲	q	NOUN	"{""normalizedSurface"":""講過""}"	即係講過啲乜嘢噉樣.	即係我-我就係做錄音嘅,噉樣錄完音返來呢就-就將誒錄音嗰啲字呢就全部寫-寫低出來囖.	跟住呢就-就用拼音將啲字呢寫返出來囖.	"{""startTokenIndexZeroBased"":0,""endTokenIndexExclusive"":7,""tokens"":[{""word"":""即係"",""pos"":""c"",""jyutping"":""zik1hai6""},{""word"":""講"",""pos"":""v"",""jyutping"":""gong2""},{""word"":""過"",""pos"":""u"",""jyutping"":""gwo3""},{""word"":""啲"",""pos"":""q"",""jyutping"":""di1""},{""word"":""乜嘢"",""pos"":""r"",""jyutping"":""mat1je5""},{""word"":""噉樣"",""pos"":""r"",""jyutping"":""gam2joeng2""},{""word"":""."",""pos"":"""",""jyutping"":null}]}"	"[{""word"":""即係"",""pos"":""c"",""jyutping"":""zik1hai6""},{""word"":""講"",""pos"":""v"",""jyutping"":""gong2""},{""word"":""過"",""pos"":""u"",""jyutping"":""gwo3""},{""word"":""啲"",""pos"":""q"",""jyutping"":""di1""},{""word"":""乜嘢"",""pos"":""r"",""jyutping"":""mat1je5""},{""word"":""噉樣"",""pos"":""r"",""jyutping"":""gam2joeng2""},{""word"":""."",""pos"":"""",""jyutping"":null}]"	REQUIRES_EXPERT_CONTEXT_REVIEW
aa62-a79353a18fabd07f2647	FC-026_v2.cha	95fb9865802b2cfa9e0b5a593cff800e4a5559f62a4e713ce352f518c0c93e3c	13	213	2	XXJ	去過	去	v	幾多	r	PRON	"{""normalizedSurface"":""去過""}"	"""去過幾多""次啊,幾正啊."	我記得,上年記得.	佢問阿媽借錢吖嗎,係唔係啊?	"{""startTokenIndexZeroBased"":0,""endTokenIndexExclusive"":9,""tokens"":[{""word"":""\"""",""pos"":"""",""jyutping"":null},{""word"":""去"",""pos"":""v"",""jyutping"":""heoi3""},{""word"":""過"",""pos"":""u"",""jyutping"":""gwo3""},{""word"":""幾多"",""pos"":""r"",""jyutping"":""gei2do1""},{""word"":""\"""",""pos"":"""",""jyutping"":null},{""word"":""次"",""pos"":""q"",""jyutping"":""ci3""},{""word"":""啊"",""pos"":""y"",""jyutping"":""aa3""},{""word"":"","",""pos"":"""",""jyutping"":null},{""word"":""幾"",""pos"":""d"",""jyutping"":""gei2""}]}"	"[{""word"":""\"""",""pos"":"""",""jyutping"":null},{""word"":""去"",""pos"":""v"",""jyutping"":""heoi3""},{""word"":""過"",""pos"":""u"",""jyutping"":""gwo3""},{""word"":""幾多"",""pos"":""r"",""jyutping"":""gei2do1""},{""word"":""\"""",""pos"":"""",""jyutping"":null},{""word"":""次"",""pos"":""q"",""jyutping"":""ci3""},{""word"":""啊"",""pos"":""y"",""jyutping"":""aa3""},{""word"":"","",""pos"":"""",""jyutping"":null},{""word"":""幾"",""pos"":""d"",""jyutping"":""gei2""},{""word"":""正"",""pos"":""a"",""jyutping"":""zeng3""},{""word"":""啊"",""pos"":""y"",""jyutping"":""aa3""},{""word"":""."",""pos"":"""",""jyutping"":null}]"	REQUIRES_EXPERT_CONTEXT_REVIEW
aa62-024b6f6f328f0670ce5e	FC-026_v2.cha	95fb9865802b2cfa9e0b5a593cff800e4a5559f62a4e713ce352f518c0c93e3c	13	240	3	XXA	見過	見	v	你	r	PRON	"{""normalizedSurface"":""見過""}"	你有冇見過你老闆啊?	哎,我老闆𠻺唔知嚹.	見過,梗係見過喇.	"{""startTokenIndexZeroBased"":0,""endTokenIndexExclusive"":8,""tokens"":[{""word"":""你"",""pos"":""r"",""jyutping"":""nei5""},{""word"":""有冇"",""pos"":""v1"",""jyutping"":""jau5mou5""},{""word"":""見"",""pos"":""v"",""jyutping"":""gin3""},{""word"":""過"",""pos"":""u"",""jyutping"":""gwo3""},{""word"":""你"",""pos"":""r"",""jyutping"":""nei5""},{""word"":""老闆"",""pos"":""n"",""jyutping"":""lou5baan2""},{""word"":""啊"",""pos"":""y"",""jyutping"":""aa3""},{""word"":""?"",""pos"":"""",""jyutping"":null}]}"	"[{""word"":""你"",""pos"":""r"",""jyutping"":""nei5""},{""word"":""有冇"",""pos"":""v1"",""jyutping"":""jau5mou5""},{""word"":""見"",""pos"":""v"",""jyutping"":""gin3""},{""word"":""過"",""pos"":""u"",""jyutping"":""gwo3""},{""word"":""你"",""pos"":""r"",""jyutping"":""nei5""},{""word"":""老闆"",""pos"":""n"",""jyutping"":""lou5baan2""},{""word"":""啊"",""pos"":""y"",""jyutping"":""aa3""},{""word"":""?"",""pos"":"""",""jyutping"":null}]"	REQUIRES_EXPERT_CONTEXT_REVIEW
aa62-d195bc1d8943508d0172	FC-026_v2.cha	95fb9865802b2cfa9e0b5a593cff800e4a5559f62a4e713ce352f518c0c93e3c	13	241	1	XXJ	見過	見	v	,		X	"{""normalizedSurface"":""見過""}"	見過,梗係見過喇.	你有冇見過你老闆啊?	佢成日都喺度㗎?	"{""startTokenIndexZeroBased"":0,""endTokenIndexExclusive"":8,""tokens"":[{""word"":""見"",""pos"":""v"",""jyutping"":""gin3""},{""word"":""過"",""pos"":""u"",""jyutping"":""gwo3""},{""word"":"","",""pos"":"""",""jyutping"":null},{""word"":""梗係"",""pos"":""d"",""jyutping"":""gang2hai6""},{""word"":""見"",""pos"":""v"",""jyutping"":""gin3""},{""word"":""過"",""pos"":""u"",""jyutping"":""gwo3""},{""word"":""喇"",""pos"":""y"",""jyutping"":""laa1""},{""word"":""."",""pos"":"""",""jyutping"":null}]}"	"[{""word"":""見"",""pos"":""v"",""jyutping"":""gin3""},{""word"":""過"",""pos"":""u"",""jyutping"":""gwo3""},{""word"":"","",""pos"":"""",""jyutping"":null},{""word"":""梗係"",""pos"":""d"",""jyutping"":""gang2hai6""},{""word"":""見"",""pos"":""v"",""jyutping"":""gin3""},{""word"":""過"",""pos"":""u"",""jyutping"":""gwo3""},{""word"":""喇"",""pos"":""y"",""jyutping"":""laa1""},{""word"":""."",""pos"":"""",""jyutping"":null}]"	REQUIRES_EXPERT_CONTEXT_REVIEW
aa62-516b7e0ee4fb4bd738f4	FC-026_v2.cha	95fb9865802b2cfa9e0b5a593cff800e4a5559f62a4e713ce352f518c0c93e3c	13	241	5	XXJ	見過	見	v	喇	y	PART	"{""normalizedSurface"":""見過""}"	見過,梗係見過喇.	你有冇見過你老闆啊?	佢成日都喺度㗎?	"{""startTokenIndexZeroBased"":0,""endTokenIndexExclusive"":8,""tokens"":[{""word"":""見"",""pos"":""v"",""jyutping"":""gin3""},{""word"":""過"",""pos"":""u"",""jyutping"":""gwo3""},{""word"":"","",""pos"":"""",""jyutping"":null},{""word"":""梗係"",""pos"":""d"",""jyutping"":""gang2hai6""},{""word"":""見"",""pos"":""v"",""jyutping"":""gin3""},{""word"":""過"",""pos"":""u"",""jyutping"":""gwo3""},{""word"":""喇"",""pos"":""y"",""jyutping"":""laa1""},{""word"":""."",""pos"":"""",""jyutping"":null}]}"	"[{""word"":""見"",""pos"":""v"",""jyutping"":""gin3""},{""word"":""過"",""pos"":""u"",""jyutping"":""gwo3""},{""word"":"","",""pos"":"""",""jyutping"":null},{""word"":""梗係"",""pos"":""d"",""jyutping"":""gang2hai6""},{""word"":""見"",""pos"":""v"",""jyutping"":""gin3""},{""word"":""過"",""pos"":""u"",""jyutping"":""gwo3""},{""word"":""喇"",""pos"":""y"",""jyutping"":""laa1""},{""word"":""."",""pos"":"""",""jyutping"":null}]"	REQUIRES_EXPERT_CONTEXT_REVIEW
aa62-5bdb3773a1ba92a75053	FC-026_v2.cha	95fb9865802b2cfa9e0b5a593cff800e4a5559f62a4e713ce352f518c0c93e3c	13	377	6	XXJ	見過	見	v	.		X	"{""normalizedSurface"":""見過""}"	我上次去戲院都見過.	吖係啊係啊係啊.	係呀?	"{""startTokenIndexZeroBased"":0,""endTokenIndexExclusive"":8,""tokens"":[{""word"":""我"",""pos"":""r"",""jyutping"":""ngo5""},{""word"":""上次"",""pos"":""t"",""jyutping"":""soeng6ci3""},{""word"":""去"",""pos"":""v"",""jyutping"":""heoi3""},{""word"":""戲院"",""pos"":""n"",""jyutping"":""hei3jyun2""},{""word"":""都"",""pos"":""d"",""jyutping"":""dou1""},{""word"":""見"",""pos"":""v"",""jyutping"":""gin3""},{""word"":""過"",""pos"":""u"",""jyutping"":""gwo3""},{""word"":""."",""pos"":"""",""jyutping"":null}]}"	"[{""word"":""我"",""pos"":""r"",""jyutping"":""ngo5""},{""word"":""上次"",""pos"":""t"",""jyutping"":""soeng6ci3""},{""word"":""去"",""pos"":""v"",""jyutping"":""heoi3""},{""word"":""戲院"",""pos"":""n"",""jyutping"":""hei3jyun2""},{""word"":""都"",""pos"":""d"",""jyutping"":""dou1""},{""word"":""見"",""pos"":""v"",""jyutping"":""gin3""},{""word"":""過"",""pos"":""u"",""jyutping"":""gwo3""},{""word"":""."",""pos"":"""",""jyutping"":null}]"	REQUIRES_EXPERT_CONTEXT_REVIEW
aa62-2c2c370094a0c5802e8d	FC-026_v2.cha	95fb9865802b2cfa9e0b5a593cff800e4a5559f62a4e713ce352f518c0c93e3c	13	481	4	XXA	請過	請	v	你	r	PRON	"{""normalizedSurface"":""請過""}"	你唔記得我請過你食飯?	對唔住啊.	我記得你請過我食飯,但係我唔記得係哩種形式囖.	"{""startTokenIndexZeroBased"":0,""endTokenIndexExclusive"":8,""tokens"":[{""word"":""你"",""pos"":""r"",""jyutping"":""nei5""},{""word"":""唔記得"",""pos"":""v"",""jyutping"":""m4gei3dak1""},{""word"":""我"",""pos"":""r"",""jyutping"":""ngo5""},{""word"":""請"",""pos"":""v"",""jyutping"":""ceng2""},{""word"":""過"",""pos"":""u"",""jyutping"":""gwo3""},{""word"":""你"",""pos"":""r"",""jyutping"":""nei5""},{""word"":""食飯"",""pos"":""v"",""jyutping"":""sik6faan6""},{""word"":""?"",""pos"":"""",""jyutping"":null}]}"	"[{""word"":""你"",""pos"":""r"",""jyutping"":""nei5""},{""word"":""唔記得"",""pos"":""v"",""jyutping"":""m4gei3dak1""},{""word"":""我"",""pos"":""r"",""jyutping"":""ngo5""},{""word"":""請"",""pos"":""v"",""jyutping"":""ceng2""},{""word"":""過"",""pos"":""u"",""jyutping"":""gwo3""},{""word"":""你"",""pos"":""r"",""jyutping"":""nei5""},{""word"":""食飯"",""pos"":""v"",""jyutping"":""sik6faan6""},{""word"":""?"",""pos"":"""",""jyutping"":null}]"	REQUIRES_EXPERT_CONTEXT_REVIEW
aa62-eda373e904541d1c25f5	FC-026_v2.cha	95fb9865802b2cfa9e0b5a593cff800e4a5559f62a4e713ce352f518c0c93e3c	13	482	4	XXJ	請過	請	v	我	r	PRON	"{""normalizedSurface"":""請過""}"	我記得你請過我食飯,但係我唔記得係哩種形式囖.	你唔記得我請過你食飯?	對唔住啊吓.	"{""startTokenIndexZeroBased"":0,""endTokenIndexExclusive"":11,""tokens"":[{""word"":""我"",""pos"":""r"",""jyutping"":""ngo5""},{""word"":""記得"",""pos"":""v"",""jyutping"":""gei3dak1""},{""word"":""你"",""pos"":""r"",""jyutping"":""nei5""},{""word"":""請"",""pos"":""v"",""jyutping"":""ceng2""},{""word"":""過"",""pos"":""u"",""jyutping"":""gwo3""},{""word"":""我"",""pos"":""r"",""jyutping"":""ngo5""},{""word"":""食飯"",""pos"":""v"",""jyutping"":""sik6faan6""},{""word"":"","",""pos"":"""",""jyutping"":null},{""word"":""但係"",""pos"":""c"",""jyutping"":""daan6hai6""},{""word"":""我"",""pos"":""r"",""jyutping"":""ngo5""},{""word"":""唔記得"",""pos"":""v"",""jyutping"":""m4gei3dak1""}]}"	"[{""word"":""我"",""pos"":""r"",""jyutping"":""ngo5""},{""word"":""記得"",""pos"":""v"",""jyutping"":""gei3dak1""},{""word"":""你"",""pos"":""r"",""jyutping"":""nei5""},{""word"":""請"",""pos"":""v"",""jyutping"":""ceng2""},{""word"":""過"",""pos"":""u"",""jyutping"":""gwo3""},{""word"":""我"",""pos"":""r"",""jyutping"":""ngo5""},{""word"":""食飯"",""pos"":""v"",""jyutping"":""sik6faan6""},{""word"":"","",""pos"":"""",""jyutping"":null},{""word"":""但係"",""pos"":""c"",""jyutping"":""daan6hai6""},{""word"":""我"",""pos"":""r"",""jyutping"":""ngo5""},{""word"":""唔記得"",""pos"":""v"",""jyutping"":""m4gei3dak1""},{""word"":""係"",""pos"":""v"",""jyutping"":""hai6""},{""word"":""哩"",""pos"":""r"",""jyutping"":""ni1""},{""word"":""種"",""pos"":""q"",""jyutping"":""zung2""},{""word"":""形式"",""pos"":""n"",""jyutping"":""jing4sik1""},{""word"":""囖"",""pos"":""y"",""jyutping"":""lo1""},{""word"":""."",""pos"":"""",""jyutping"":null}]"	REQUIRES_EXPERT_CONTEXT_REVIEW
aa62-d73fd7feb8df2a30ec2e	FC-027_v2.cha	9021e0359557933ce4bd11e41871d555174f7fccc84bc0c4fb5ad7542f1a2dd1	14	341	5	XXA	見過	見	v	哩啲	r	PRON	"{""normalizedSurface"":""見過""}"	實在未-未見過哩啲.	因為佢考得太衰嘞.	做親啲pastpaper太淺.	"{""startTokenIndexZeroBased"":0,""endTokenIndexExclusive"":8,""tokens"":[{""word"":""實在"",""pos"":""a"",""jyutping"":""sat6zoi6""},{""word"":""未"",""pos"":""d"",""jyutping"":""mei6""},{""word"":""-"",""pos"":"""",""jyutping"":null},{""word"":""未"",""pos"":""d"",""jyutping"":""mei6""},{""word"":""見"",""pos"":""v"",""jyutping"":""gin3""},{""word"":""過"",""pos"":""u"",""jyutping"":""gwo3""},{""word"":""哩啲"",""pos"":""r"",""jyutping"":""ni1di1""},{""word"":""."",""pos"":"""",""jyutping"":null}]}"	"[{""word"":""實在"",""pos"":""a"",""jyutping"":""sat6zoi6""},{""word"":""未"",""pos"":""d"",""jyutping"":""mei6""},{""word"":""-"",""pos"":"""",""jyutping"":null},{""word"":""未"",""pos"":""d"",""jyutping"":""mei6""},{""word"":""見"",""pos"":""v"",""jyutping"":""gin3""},{""word"":""過"",""pos"":""u"",""jyutping"":""gwo3""},{""word"":""哩啲"",""pos"":""r"",""jyutping"":""ni1di1""},{""word"":""."",""pos"":"""",""jyutping"":null}]"	REQUIRES_EXPERT_CONTEXT_REVIEW
aa62-b2b54dee4632c6b462e4	FC-027_v2.cha	9021e0359557933ce4bd11e41871d555174f7fccc84bc0c4fb5ad7542f1a2dd1	14	714	4	XXB	出過	出	v	來	v	VERB	"{""normalizedSurface"":""出過""}"	哦噉有冇出過來啊?	噉我-,佢都要返工,我阻止唔到佢.	冇𡃓.	"{""startTokenIndexZeroBased"":0,""endTokenIndexExclusive"":8,""tokens"":[{""word"":""哦"",""pos"":""e"",""jyutping"":""o5""},{""word"":""噉"",""pos"":""c"",""jyutping"":""gam2""},{""word"":""有冇"",""pos"":""v1"",""jyutping"":""jau5mou5""},{""word"":""出"",""pos"":""v"",""jyutping"":""ceot1""},{""word"":""過"",""pos"":""u"",""jyutping"":""gwo3""},{""word"":""來"",""pos"":""v"",""jyutping"":""lai4""},{""word"":""啊"",""pos"":""y"",""jyutping"":""aa3""},{""word"":""?"",""pos"":"""",""jyutping"":null}]}"	"[{""word"":""哦"",""pos"":""e"",""jyutping"":""o5""},{""word"":""噉"",""pos"":""c"",""jyutping"":""gam2""},{""word"":""有冇"",""pos"":""v1"",""jyutping"":""jau5mou5""},{""word"":""出"",""pos"":""v"",""jyutping"":""ceot1""},{""word"":""過"",""pos"":""u"",""jyutping"":""gwo3""},{""word"":""來"",""pos"":""v"",""jyutping"":""lai4""},{""word"":""啊"",""pos"":""y"",""jyutping"":""aa3""},{""word"":""?"",""pos"":"""",""jyutping"":null}]"	REQUIRES_EXPERT_CONTEXT_REVIEW
aa62-f37b92882a3b7f03b1e4	FC-027_v2.cha	9021e0359557933ce4bd11e41871d555174f7fccc84bc0c4fb5ad7542f1a2dd1	14	718	2	XXB	講過	講	v	電話	n	NOUN	"{""normalizedSurface"":""講過""}"	有冇講過電話啊?	都冇啫.	有講一次囖.	"{""startTokenIndexZeroBased"":0,""endTokenIndexExclusive"":6,""tokens"":[{""word"":""有冇"",""pos"":""v1"",""jyutping"":""jau5mou5""},{""word"":""講"",""pos"":""v"",""jyutping"":""gong2""},{""word"":""過"",""pos"":""u"",""jyutping"":""gwo3""},{""word"":""電話"",""pos"":""n"",""jyutping"":""din6waa2""},{""word"":""啊"",""pos"":""y"",""jyutping"":""aa3""},{""word"":""?"",""pos"":"""",""jyutping"":null}]}"	"[{""word"":""有冇"",""pos"":""v1"",""jyutping"":""jau5mou5""},{""word"":""講"",""pos"":""v"",""jyutping"":""gong2""},{""word"":""過"",""pos"":""u"",""jyutping"":""gwo3""},{""word"":""電話"",""pos"":""n"",""jyutping"":""din6waa2""},{""word"":""啊"",""pos"":""y"",""jyutping"":""aa3""},{""word"":""?"",""pos"":"""",""jyutping"":null}]"	REQUIRES_EXPERT_CONTEXT_REVIEW
aa62-47299cd8d881eaf35605	FC-028_v2.cha	1c64c3e02fa481dcad61f4e9c85b8efe724799e910fc96fc24504bf15be32d2a	15	39	3	XXA	講過	講	v	俾	p	ADP	"{""normalizedSurface"":""講過""}"	我有冇講過俾你聽啊?	哦,喂你知唔知阿Jenny呢原來除咗ALO之外呢,EO都有offer.	冇呃.	"{""startTokenIndexZeroBased"":0,""endTokenIndexExclusive"":9,""tokens"":[{""word"":""我"",""pos"":""r"",""jyutping"":""ngo5""},{""word"":""有冇"",""pos"":""v1"",""jyutping"":""jau5mou5""},{""word"":""講"",""pos"":""v"",""jyutping"":""gong2""},{""word"":""過"",""pos"":""u"",""jyutping"":""gwo3""},{""word"":""俾"",""pos"":""p"",""jyutping"":""bei2""},{""word"":""你"",""pos"":""r"",""jyutping"":""nei5""},{""word"":""聽"",""pos"":""v"",""jyutping"":""teng1""},{""word"":""啊"",""pos"":""y"",""jyutping"":""aa3""},{""word"":""?"",""pos"":"""",""jyutping"":null}]}"	"[{""word"":""我"",""pos"":""r"",""jyutping"":""ngo5""},{""word"":""有冇"",""pos"":""v1"",""jyutping"":""jau5mou5""},{""word"":""講"",""pos"":""v"",""jyutping"":""gong2""},{""word"":""過"",""pos"":""u"",""jyutping"":""gwo3""},{""word"":""俾"",""pos"":""p"",""jyutping"":""bei2""},{""word"":""你"",""pos"":""r"",""jyutping"":""nei5""},{""word"":""聽"",""pos"":""v"",""jyutping"":""teng1""},{""word"":""啊"",""pos"":""y"",""jyutping"":""aa3""},{""word"":""?"",""pos"":"""",""jyutping"":null}]"	REQUIRES_EXPERT_CONTEXT_REVIEW
aa62-0d6c79a979a48fc8c5c9	FC-028_v2.cha	1c64c3e02fa481dcad61f4e9c85b8efe724799e910fc96fc24504bf15be32d2a	15	161	9	XXB	揾過	揾	v	佢	r	PRON	"{""normalizedSurface"":""揾過""}"	噉之後睇完曼聯波之後我揾過佢,佢話自己返咗來睇波.	喀.	跟住嗰個禮拜揾佢嘅時候,佢話去咗日本.	"{""startTokenIndexZeroBased"":2,""endTokenIndexExclusive"":16,""tokens"":[{""word"":""睇"",""pos"":""v"",""jyutping"":""tai2""},{""word"":""完"",""pos"":""u"",""jyutping"":""jyun4""},{""word"":""曼聯"",""pos"":""nt"",""jyutping"":""maan6lyun4""},{""word"":""波"",""pos"":""n"",""jyutping"":""bo1""},{""word"":""之後"",""pos"":""f"",""jyutping"":""zi1hau6""},{""word"":""我"",""pos"":""r"",""jyutping"":""ngo5""},{""word"":""揾"",""pos"":""v"",""jyutping"":""wan2""},{""word"":""過"",""pos"":""u"",""jyutping"":""gwo3""},{""word"":""佢"",""pos"":""r"",""jyutping"":""keoi5""},{""word"":"","",""pos"":"""",""jyutping"":null},{""word"":""佢"",""pos"":""r"",""jyutping"":""keoi5""},{""word"":""話"",""pos"":""v"",""jyutping"":""waa6""},{""word"":""自己"",""pos"":""r"",""jyutping"":""zi6gei2""},{""word"":""返"",""pos"":""v"",""jyutping"":""faan1""}]}"	"[{""word"":""噉"",""pos"":""c"",""jyutping"":""gam2""},{""word"":""之後"",""pos"":""f"",""jyutping"":""zi1hau6""},{""word"":""睇"",""pos"":""v"",""jyutping"":""tai2""},{""word"":""完"",""pos"":""u"",""jyutping"":""jyun4""},{""word"":""曼聯"",""pos"":""nt"",""jyutping"":""maan6lyun4""},{""word"":""波"",""pos"":""n"",""jyutping"":""bo1""},{""word"":""之後"",""pos"":""f"",""jyutping"":""zi1hau6""},{""word"":""我"",""pos"":""r"",""jyutping"":""ngo5""},{""word"":""揾"",""pos"":""v"",""jyutping"":""wan2""},{""word"":""過"",""pos"":""u"",""jyutping"":""gwo3""},{""word"":""佢"",""pos"":""r"",""jyutping"":""keoi5""},{""word"":"","",""pos"":"""",""jyutping"":null},{""word"":""佢"",""pos"":""r"",""jyutping"":""keoi5""},{""word"":""話"",""pos"":""v"",""jyutping"":""waa6""},{""word"":""自己"",""pos"":""r"",""jyutping"":""zi6gei2""},{""word"":""返"",""pos"":""v"",""jyutping"":""faan1""},{""word"":""咗"",""pos"":""u"",""jyutping"":""zo2""},{""word"":""來"",""pos"":""v"",""jyutping"":""lai4""},{""word"":""睇"",""pos"":""v"",""jyutping"":""tai2""},{""word"":""波"",""pos"":""n"",""jyutping"":""bo1""},{""word"":""."",""pos"":"""",""jyutping"":null}]"	REQUIRES_EXPERT_CONTEXT_REVIEW
aa62-5214253b3cae267376b3	FC-028_v2.cha	1c64c3e02fa481dcad61f4e9c85b8efe724799e910fc96fc24504bf15be32d2a	15	198	4	XXA	講過	講	v	嘢	n	NOUN	"{""normalizedSurface"":""講過""}"	噉即係冇講過嘢喎.	噉點啊?	喂!佢話冇乜邊個得罪邊個喎,你諗清楚哩句嘢嘅意思.	"{""startTokenIndexZeroBased"":0,""endTokenIndexExclusive"":8,""tokens"":[{""word"":""噉"",""pos"":""c"",""jyutping"":""gam2""},{""word"":""即係"",""pos"":""c"",""jyutping"":""zik1hai6""},{""word"":""冇"",""pos"":""v1"",""jyutping"":""mou5""},{""word"":""講"",""pos"":""v"",""jyutping"":""gong2""},{""word"":""過"",""pos"":""u"",""jyutping"":""gwo3""},{""word"":""嘢"",""pos"":""n"",""jyutping"":""je5""},{""word"":""喎"",""pos"":""y"",""jyutping"":""wo3""},{""word"":""."",""pos"":"""",""jyutping"":null}]}"	"[{""word"":""噉"",""pos"":""c"",""jyutping"":""gam2""},{""word"":""即係"",""pos"":""c"",""jyutping"":""zik1hai6""},{""word"":""冇"",""pos"":""v1"",""jyutping"":""mou5""},{""word"":""講"",""pos"":""v"",""jyutping"":""gong2""},{""word"":""過"",""pos"":""u"",""jyutping"":""gwo3""},{""word"":""嘢"",""pos"":""n"",""jyutping"":""je5""},{""word"":""喎"",""pos"":""y"",""jyutping"":""wo3""},{""word"":""."",""pos"":"""",""jyutping"":null}]"	REQUIRES_EXPERT_CONTEXT_REVIEW
aa62-3fa4290af0b8bfd2fd7c	FC-028_v2.cha	1c64c3e02fa481dcad61f4e9c85b8efe724799e910fc96fc24504bf15be32d2a	15	218	4	XXA	揾過	揾	v	我	r	PRON	"{""normalizedSurface"":""揾過""}"	佢都冇揾過我喇,自從嗰次殺氣,殺氣好重嗰次之後.	係咩?	重敢揾你咩?	"{""startTokenIndexZeroBased"":0,""endTokenIndexExclusive"":11,""tokens"":[{""word"":""佢"",""pos"":""r"",""jyutping"":""keoi5""},{""word"":""都"",""pos"":""d"",""jyutping"":""dou1""},{""word"":""冇"",""pos"":""v1"",""jyutping"":""mou5""},{""word"":""揾"",""pos"":""v"",""jyutping"":""wan2""},{""word"":""過"",""pos"":""u"",""jyutping"":""gwo3""},{""word"":""我"",""pos"":""r"",""jyutping"":""ngo5""},{""word"":""喇"",""pos"":""y"",""jyutping"":""laa1""},{""word"":"","",""pos"":"""",""jyutping"":null},{""word"":""自從"",""pos"":""p"",""jyutping"":""zi6cung4""},{""word"":""嗰次"",""pos"":""r"",""jyutping"":""go2ci3""},{""word"":""殺氣"",""pos"":""n"",""jyutping"":""saat3hei3""}]}"	"[{""word"":""佢"",""pos"":""r"",""jyutping"":""keoi5""},{""word"":""都"",""pos"":""d"",""jyutping"":""dou1""},{""word"":""冇"",""pos"":""v1"",""jyutping"":""mou5""},{""word"":""揾"",""pos"":""v"",""jyutping"":""wan2""},{""word"":""過"",""pos"":""u"",""jyutping"":""gwo3""},{""word"":""我"",""pos"":""r"",""jyutping"":""ngo5""},{""word"":""喇"",""pos"":""y"",""jyutping"":""laa1""},{""word"":"","",""pos"":"""",""jyutping"":null},{""word"":""自從"",""pos"":""p"",""jyutping"":""zi6cung4""},{""word"":""嗰次"",""pos"":""r"",""jyutping"":""go2ci3""},{""word"":""殺氣"",""pos"":""n"",""jyutping"":""saat3hei3""},{""word"":"","",""pos"":"""",""jyutping"":null},{""word"":""殺氣"",""pos"":""n"",""jyutping"":""saat3hei3""},{""word"":""好"",""pos"":""d"",""jyutping"":""hou2""},{""word"":""重"",""pos"":""a"",""jyutping"":""cung5""},{""word"":""嗰次"",""pos"":""r"",""jyutping"":""go2ci3""},{""word"":""之後"",""pos"":""f"",""jyutping"":""zi1hau6""},{""word"":""."",""pos"":"""",""jyutping"":null}]"	REQUIRES_EXPERT_CONTEXT_REVIEW
aa62-c16e74e6b9fa6424aabf	FC-028_v2.cha	1c64c3e02fa481dcad61f4e9c85b8efe724799e910fc96fc24504bf15be32d2a	15	431	4	XXA	講過	講	v	俾	p	ADP	"{""normalizedSurface"":""講過""}"	你都冇講過俾我聽.	我都唔知.	好明顯係德國喇.	"{""startTokenIndexZeroBased"":0,""endTokenIndexExclusive"":9,""tokens"":[{""word"":""你"",""pos"":""r"",""jyutping"":""nei5""},{""word"":""都"",""pos"":""d"",""jyutping"":""dou1""},{""word"":""冇"",""pos"":""v1"",""jyutping"":""mou5""},{""word"":""講"",""pos"":""v"",""jyutping"":""gong2""},{""word"":""過"",""pos"":""u"",""jyutping"":""gwo3""},{""word"":""俾"",""pos"":""p"",""jyutping"":""bei2""},{""word"":""我"",""pos"":""r"",""jyutping"":""ngo5""},{""word"":""聽"",""pos"":""v"",""jyutping"":""teng1""},{""word"":""."",""pos"":"""",""jyutping"":null}]}"	"[{""word"":""你"",""pos"":""r"",""jyutping"":""nei5""},{""word"":""都"",""pos"":""d"",""jyutping"":""dou1""},{""word"":""冇"",""pos"":""v1"",""jyutping"":""mou5""},{""word"":""講"",""pos"":""v"",""jyutping"":""gong2""},{""word"":""過"",""pos"":""u"",""jyutping"":""gwo3""},{""word"":""俾"",""pos"":""p"",""jyutping"":""bei2""},{""word"":""我"",""pos"":""r"",""jyutping"":""ngo5""},{""word"":""聽"",""pos"":""v"",""jyutping"":""teng1""},{""word"":""."",""pos"":"""",""jyutping"":null}]"	REQUIRES_EXPERT_CONTEXT_REVIEW
aa62-5d11deee4d9e527c1b28	FC-029_v.cha	f2a94065a152941f5cea9ec552fd343fb65c0c8532dda4c7b5b914b449d06f86	16	15	6	XXA	執過	執	v	晒	u	PART	"{""normalizedSurface"":""執過""}"	因為佢又幫你執過晒啲嘢.	係一定𡃉嚹.	係嘞,就係哩樣好,有保障,肯定唔會買架壞啊,殘嘅車返來囖.	"{""startTokenIndexZeroBased"":0,""endTokenIndexExclusive"":11,""tokens"":[{""word"":""因為"",""pos"":""c"",""jyutping"":""jan1wai6""},{""word"":""佢"",""pos"":""r"",""jyutping"":""keoi5""},{""word"":""又"",""pos"":""d"",""jyutping"":""jau6""},{""word"":""幫"",""pos"":""v"",""jyutping"":""bong1""},{""word"":""你"",""pos"":""r"",""jyutping"":""nei5""},{""word"":""執"",""pos"":""v"",""jyutping"":""zap1""},{""word"":""過"",""pos"":""u"",""jyutping"":""gwo3""},{""word"":""晒"",""pos"":""u"",""jyutping"":""saai3""},{""word"":""啲"",""pos"":""q"",""jyutping"":""di1""},{""word"":""嘢"",""pos"":""n"",""jyutping"":""je5""},{""word"":""."",""pos"":"""",""jyutping"":null}]}"	"[{""word"":""因為"",""pos"":""c"",""jyutping"":""jan1wai6""},{""word"":""佢"",""pos"":""r"",""jyutping"":""keoi5""},{""word"":""又"",""pos"":""d"",""jyutping"":""jau6""},{""word"":""幫"",""pos"":""v"",""jyutping"":""bong1""},{""word"":""你"",""pos"":""r"",""jyutping"":""nei5""},{""word"":""執"",""pos"":""v"",""jyutping"":""zap1""},{""word"":""過"",""pos"":""u"",""jyutping"":""gwo3""},{""word"":""晒"",""pos"":""u"",""jyutping"":""saai3""},{""word"":""啲"",""pos"":""q"",""jyutping"":""di1""},{""word"":""嘢"",""pos"":""n"",""jyutping"":""je5""},{""word"":""."",""pos"":"""",""jyutping"":null}]"	REQUIRES_EXPERT_CONTEXT_REVIEW
aa62-6ee649df16736a70bcbc	FC-029_v.cha	f2a94065a152941f5cea9ec552fd343fb65c0c8532dda4c7b5b914b449d06f86	16	21	9	XXS	諗過	諗	v	之後	f	ADV	"{""normalizedSurface"":""諗過""}"	就係-就係驚囖,所以我哋諗過之後都係決定,誒,向車行買車,都係唔好-唔好搏嚹.	但係信心冇咁好喎嗰啲.	係啊.	"{""startTokenIndexZeroBased"":2,""endTokenIndexExclusive"":16,""tokens"":[{""word"":""就係"",""pos"":""d"",""jyutping"":""zau6hai6""},{""word"":""驚"",""pos"":""v"",""jyutping"":""geng1""},{""word"":""囖"",""pos"":""y"",""jyutping"":""lo1""},{""word"":"","",""pos"":"""",""jyutping"":null},{""word"":""所以"",""pos"":""c"",""jyutping"":""so2ji5""},{""word"":""我哋"",""pos"":""r"",""jyutping"":""ngo5dei6""},{""word"":""諗"",""pos"":""v"",""jyutping"":""nam2""},{""word"":""過"",""pos"":""u"",""jyutping"":""gwo3""},{""word"":""之後"",""pos"":""f"",""jyutping"":""zi1hau6""},{""word"":""都"",""pos"":""d"",""jyutping"":""dou1""},{""word"":""係"",""pos"":""v"",""jyutping"":""hai6""},{""word"":""決定"",""pos"":""v"",""jyutping"":""kyut3ding6""},{""word"":"","",""pos"":"""",""jyutping"":null},{""word"":""誒"",""pos"":""e"",""jyutping"":""e6""}]}"	"[{""word"":""就係"",""pos"":""d"",""jyutping"":""zau6hai6""},{""word"":""-"",""pos"":"""",""jyutping"":null},{""word"":""就係"",""pos"":""d"",""jyutping"":""zau6hai6""},{""word"":""驚"",""pos"":""v"",""jyutping"":""geng1""},{""word"":""囖"",""pos"":""y"",""jyutping"":""lo1""},{""word"":"","",""pos"":"""",""jyutping"":null},{""word"":""所以"",""pos"":""c"",""jyutping"":""so2ji5""},{""word"":""我哋"",""pos"":""r"",""jyutping"":""ngo5dei6""},{""word"":""諗"",""pos"":""v"",""jyutping"":""nam2""},{""word"":""過"",""pos"":""u"",""jyutping"":""gwo3""},{""word"":""之後"",""pos"":""f"",""jyutping"":""zi1hau6""},{""word"":""都"",""pos"":""d"",""jyutping"":""dou1""},{""word"":""係"",""pos"":""v"",""jyutping"":""hai6""},{""word"":""決定"",""pos"":""v"",""jyutping"":""kyut3ding6""},{""word"":"","",""pos"":"""",""jyutping"":null},{""word"":""誒"",""pos"":""e"",""jyutping"":""e6""},{""word"":"","",""pos"":"""",""jyutping"":null},{""word"":""向"",""pos"":""p"",""jyutping"":""hoeng3""},{""word"":""車行"",""pos"":""n"",""jyutping"":""ce1hong2""},{""word"":""買"",""pos"":""v"",""jyutping"":""maai5""},{""word"":""車"",""pos"":""n"",""jyutping"":""ce1""},{""word"":"","",""pos"":"""",""jyutping"":null},{""word"":""都"",""pos"":""d"",""jyutping"":""dou1""},{""word"":""係"",""pos"":""v"",""jyutping"":""hai6""},{""word"":""唔好"",""pos"":""vu"",""jyutping"":""m4hou2""},{""word"":""-"",""pos"":"""",""jyutping"":null},{""word"":""唔好"",""pos"":""vu"",""jyutping"":""m4hou2""},{""word"":""搏"",""pos"":""v"",""jyutping"":""bok3""},{""word"":""嚹"",""pos"":""y"",""jyutping"":""laa3""},{""word"":""."",""pos"":"""",""jyutping"":null}]"	REQUIRES_EXPERT_CONTEXT_REVIEW
aa62-b02daa3e3bdd8f96aafe	FC-029_v.cha	f2a94065a152941f5cea9ec552fd343fb65c0c8532dda4c7b5b914b449d06f86	16	31	4	XXA	講過	講	v	喇	y	PART	"{""normalizedSurface"":""講過""}"	咦,你講過喇,嗰架係你喺雜誌度睇𠺢嗎.	323,有人有喇嗎,323唔好啊,上次睇嗰架323啊,有啲𤓓味啊.	係喇,真係,嗰條粉腸又唔俾人試車,不知所謂啊,所以出邊買車真係唔好囖,我覺得.	"{""startTokenIndexZeroBased"":0,""endTokenIndexExclusive"":11,""tokens"":[{""word"":""咦"",""pos"":""e"",""jyutping"":""ji2""},{""word"":"","",""pos"":"""",""jyutping"":null},{""word"":""你"",""pos"":""r"",""jyutping"":""nei5""},{""word"":""講"",""pos"":""v"",""jyutping"":""gong2""},{""word"":""過"",""pos"":""u"",""jyutping"":""gwo3""},{""word"":""喇"",""pos"":""y"",""jyutping"":""laa1""},{""word"":"","",""pos"":"""",""jyutping"":null},{""word"":""嗰"",""pos"":""r"",""jyutping"":""go2""},{""word"":""架"",""pos"":""q"",""jyutping"":""gaa3""},{""word"":""係"",""pos"":""v"",""jyutping"":""hai6""},{""word"":""你"",""pos"":""r"",""jyutping"":""nei5""}]}"	"[{""word"":""咦"",""pos"":""e"",""jyutping"":""ji2""},{""word"":"","",""pos"":"""",""jyutping"":null},{""word"":""你"",""pos"":""r"",""jyutping"":""nei5""},{""word"":""講"",""pos"":""v"",""jyutping"":""gong2""},{""word"":""過"",""pos"":""u"",""jyutping"":""gwo3""},{""word"":""喇"",""pos"":""y"",""jyutping"":""laa1""},{""word"":"","",""pos"":"""",""jyutping"":null},{""word"":""嗰"",""pos"":""r"",""jyutping"":""go2""},{""word"":""架"",""pos"":""q"",""jyutping"":""gaa3""},{""word"":""係"",""pos"":""v"",""jyutping"":""hai6""},{""word"":""你"",""pos"":""r"",""jyutping"":""nei5""},{""word"":""喺"",""pos"":""p"",""jyutping"":""hai2""},{""word"":""雜誌"",""pos"":""n"",""jyutping"":""zaap6zi3""},{""word"":""度"",""pos"":""f"",""jyutping"":""dou6""},{""word"":""睇"",""pos"":""v"",""jyutping"":""tai2""},{""word"":""𠺢"",""pos"":""y"",""jyutping"":""gaa1""},{""word"":""嗎"",""pos"":""y"",""jyutping"":""maa3""},{""word"":""."",""pos"":"""",""jyutping"":null}]"	REQUIRES_EXPERT_CONTEXT_REVIEW
aa62-ea93a86d949402c15acd	FC-029_v.cha	f2a94065a152941f5cea9ec552fd343fb65c0c8532dda4c7b5b914b449d06f86	16	137	2	XXS	睇過	睇	v	啲	q	NOUN	"{""normalizedSurface"":""睇過""}"	不過睇過啲停車場嚹.	係啊.	你而家諗住用邊間啊?	"{""startTokenIndexZeroBased"":0,""endTokenIndexExclusive"":7,""tokens"":[{""word"":""不過"",""pos"":""c"",""jyutping"":""bat1gwo3""},{""word"":""睇"",""pos"":""v"",""jyutping"":""tai2""},{""word"":""過"",""pos"":""u"",""jyutping"":""gwo3""},{""word"":""啲"",""pos"":""q"",""jyutping"":""di1""},{""word"":""停車場"",""pos"":""n"",""jyutping"":""ting4ce1coeng4""},{""word"":""嚹"",""pos"":""y"",""jyutping"":""laa3""},{""word"":""."",""pos"":"""",""jyutping"":null}]}"	"[{""word"":""不過"",""pos"":""c"",""jyutping"":""bat1gwo3""},{""word"":""睇"",""pos"":""v"",""jyutping"":""tai2""},{""word"":""過"",""pos"":""u"",""jyutping"":""gwo3""},{""word"":""啲"",""pos"":""q"",""jyutping"":""di1""},{""word"":""停車場"",""pos"":""n"",""jyutping"":""ting4ce1coeng4""},{""word"":""嚹"",""pos"":""y"",""jyutping"":""laa3""},{""word"":""."",""pos"":"""",""jyutping"":null}]"	REQUIRES_EXPERT_CONTEXT_REVIEW
aa62-ea68a70fa56624f46009	FC-029_v.cha	f2a94065a152941f5cea9ec552fd343fb65c0c8532dda4c7b5b914b449d06f86	16	140	5	XXS	格過	格	v	價	n	NOUN	"{""normalizedSurface"":""格過""}"	格-格-格過價.	用邊個啊?	沙田啊,諗住泊.	"{""startTokenIndexZeroBased"":0,""endTokenIndexExclusive"":8,""tokens"":[{""word"":""格"",""pos"":""v"",""jyutping"":""gaak3""},{""word"":""-"",""pos"":"""",""jyutping"":null},{""word"":""格"",""pos"":""v"",""jyutping"":""gaak3""},{""word"":""-"",""pos"":"""",""jyutping"":null},{""word"":""格"",""pos"":""v"",""jyutping"":""gaak3""},{""word"":""過"",""pos"":""u"",""jyutping"":""gwo3""},{""word"":""價"",""pos"":""n"",""jyutping"":""gaa3""},{""word"":""."",""pos"":"""",""jyutping"":null}]}"	"[{""word"":""格"",""pos"":""v"",""jyutping"":""gaak3""},{""word"":""-"",""pos"":"""",""jyutping"":null},{""word"":""格"",""pos"":""v"",""jyutping"":""gaak3""},{""word"":""-"",""pos"":"""",""jyutping"":null},{""word"":""格"",""pos"":""v"",""jyutping"":""gaak3""},{""word"":""過"",""pos"":""u"",""jyutping"":""gwo3""},{""word"":""價"",""pos"":""n"",""jyutping"":""gaa3""},{""word"":""."",""pos"":"""",""jyutping"":null}]"	REQUIRES_EXPERT_CONTEXT_REVIEW
aa62-07fc53a04d4289374fba	FC-029_v.cha	f2a94065a152941f5cea9ec552fd343fb65c0c8532dda4c7b5b914b449d06f86	16	340	7	XXA	使過	使	v	錢	n	NOUN	"{""normalizedSurface"":""使過""}"	我-我冇乜點使過錢喎,你知我個人幾節儉𡃉喇.	唉,應該喇,真係吖,使𠻺-使鑊甘嘅.	喂,噉你而家剩返幾多錢啊grantloan?	"{""startTokenIndexZeroBased"":0,""endTokenIndexExclusive"":14,""tokens"":[{""word"":""我"",""pos"":""r"",""jyutping"":""ngo5""},{""word"":""-"",""pos"":"""",""jyutping"":null},{""word"":""我"",""pos"":""r"",""jyutping"":""ngo5""},{""word"":""冇"",""pos"":""v1"",""jyutping"":""mou5""},{""word"":""乜"",""pos"":""r"",""jyutping"":""mat1""},{""word"":""點"",""pos"":""r"",""jyutping"":""dim2""},{""word"":""使"",""pos"":""v"",""jyutping"":""sai2""},{""word"":""過"",""pos"":""u"",""jyutping"":""gwo3""},{""word"":""錢"",""pos"":""n"",""jyutping"":""cin2""},{""word"":""喎"",""pos"":""y"",""jyutping"":""wo3""},{""word"":"","",""pos"":"""",""jyutping"":null},{""word"":""你"",""pos"":""r"",""jyutping"":""nei5""},{""word"":""知"",""pos"":""v"",""jyutping"":""zi1""},{""word"":""我"",""pos"":""r"",""jyutping"":""ngo5""}]}"	"[{""word"":""我"",""pos"":""r"",""jyutping"":""ngo5""},{""word"":""-"",""pos"":"""",""jyutping"":null},{""word"":""我"",""pos"":""r"",""jyutping"":""ngo5""},{""word"":""冇"",""pos"":""v1"",""jyutping"":""mou5""},{""word"":""乜"",""pos"":""r"",""jyutping"":""mat1""},{""word"":""點"",""pos"":""r"",""jyutping"":""dim2""},{""word"":""使"",""pos"":""v"",""jyutping"":""sai2""},{""word"":""過"",""pos"":""u"",""jyutping"":""gwo3""},{""word"":""錢"",""pos"":""n"",""jyutping"":""cin2""},{""word"":""喎"",""pos"":""y"",""jyutping"":""wo3""},{""word"":"","",""pos"":"""",""jyutping"":null},{""word"":""你"",""pos"":""r"",""jyutping"":""nei5""},{""word"":""知"",""pos"":""v"",""jyutping"":""zi1""},{""word"":""我"",""pos"":""r"",""jyutping"":""ngo5""},{""word"":""個"",""pos"":""q"",""jyutping"":""go3""},{""word"":""人"",""pos"":""n"",""jyutping"":""jan4""},{""word"":""幾"",""pos"":""d"",""jyutping"":""gei2""},{""word"":""節儉"",""pos"":""a"",""jyutping"":""zit3gim6""},{""word"":""𡃉"",""pos"":""y"",""jyutping"":""gaa3""},{""word"":""喇"",""pos"":""y"",""jyutping"":""laa1""},{""word"":""."",""pos"":"""",""jyutping"":null}]"	REQUIRES_EXPERT_CONTEXT_REVIEW
aa62-5d88e5b46a7c30a81054	FC-033_v2.cha	4a54d83cb2e8b32b1979c53bdf11706516fb3e1b8c6caa4bc72662a1e5fbf4e5	17	82	10	XXB	養過	養	v	嚹	y	PART	"{""normalizedSurface"":""養過""}"	我舊陣時呢真係真係○乜嘢魚都養過嚹.	噉𠻺係鍾意就得𡃉喇.	我乜嘢魚都-都覺得佢有佢嘅特別𠸏.	"{""startTokenIndexZeroBased"":3,""endTokenIndexExclusive"":13,""tokens"":[{""word"":""真係"",""pos"":""d"",""jyutping"":""zan1hai6""},{""word"":""真係"",""pos"":""d"",""jyutping"":""zan1hai6""},{""word"":""○"",""pos"":""#"",""jyutping"":null},{""word"":""乜嘢"",""pos"":""r"",""jyutping"":""mat1je5""},{""word"":""魚"",""pos"":""n"",""jyutping"":""jyu2""},{""word"":""都"",""pos"":""d"",""jyutping"":""dou1""},{""word"":""養"",""pos"":""v"",""jyutping"":""joeng5""},{""word"":""過"",""pos"":""u"",""jyutping"":""gwo3""},{""word"":""嚹"",""pos"":""y"",""jyutping"":""laa3""},{""word"":""."",""pos"":"""",""jyutping"":null}]}"	"[{""word"":""我"",""pos"":""r"",""jyutping"":""ngo5""},{""word"":""舊陣時"",""pos"":""t"",""jyutping"":""gau6zan6si4""},{""word"":""呢"",""pos"":""y1"",""jyutping"":""ne1""},{""word"":""真係"",""pos"":""d"",""jyutping"":""zan1hai6""},{""word"":""真係"",""pos"":""d"",""jyutping"":""zan1hai6""},{""word"":""○"",""pos"":""#"",""jyutping"":null},{""word"":""乜嘢"",""pos"":""r"",""jyutping"":""mat1je5""},{""word"":""魚"",""pos"":""n"",""jyutping"":""jyu2""},{""word"":""都"",""pos"":""d"",""jyutping"":""dou1""},{""word"":""養"",""pos"":""v"",""jyutping"":""joeng5""},{""word"":""過"",""pos"":""u"",""jyutping"":""gwo3""},{""word"":""嚹"",""pos"":""y"",""jyutping"":""laa3""},{""word"":""."",""pos"":"""",""jyutping"":null}]"	REQUIRES_EXPERT_CONTEXT_REVIEW
aa62-2a564ff0f53db073a58a	FC-033_v2.cha	4a54d83cb2e8b32b1979c53bdf11706516fb3e1b8c6caa4bc72662a1e5fbf4e5	17	98	2	XXB	養過	養	v	嗰啲	r	PRON	"{""normalizedSurface"":""養過""}"	我養過嗰啲七彩神仙呀.	我都幾鍾意屋企有缸魚.	養-養咗好多條啊.	"{""startTokenIndexZeroBased"":0,""endTokenIndexExclusive"":7,""tokens"":[{""word"":""我"",""pos"":""r"",""jyutping"":""ngo5""},{""word"":""養"",""pos"":""v"",""jyutping"":""joeng5""},{""word"":""過"",""pos"":""u"",""jyutping"":""gwo3""},{""word"":""嗰啲"",""pos"":""r"",""jyutping"":""go2di1""},{""word"":""七彩神仙"",""pos"":""n"",""jyutping"":""cat1coi2san4sin1""},{""word"":""呀"",""pos"":""y1"",""jyutping"":""aa4""},{""word"":""."",""pos"":"""",""jyutping"":null}]}"	"[{""word"":""我"",""pos"":""r"",""jyutping"":""ngo5""},{""word"":""養"",""pos"":""v"",""jyutping"":""joeng5""},{""word"":""過"",""pos"":""u"",""jyutping"":""gwo3""},{""word"":""嗰啲"",""pos"":""r"",""jyutping"":""go2di1""},{""word"":""七彩神仙"",""pos"":""n"",""jyutping"":""cat1coi2san4sin1""},{""word"":""呀"",""pos"":""y1"",""jyutping"":""aa4""},{""word"":""."",""pos"":"""",""jyutping"":null}]"	REQUIRES_EXPERT_CONTEXT_REVIEW
aa62-4cb741fae19354a86b04	FC-033_v2.cha	4a54d83cb2e8b32b1979c53bdf11706516fb3e1b8c6caa4bc72662a1e5fbf4e5	17	100	4	XXB	養過	養	v	嚹	y	PART	"{""normalizedSurface"":""養過""}"	幾十條都養過嚹.	養-養咗好多條啊.	我睇見你養𠻺辛苦嚹.	"{""startTokenIndexZeroBased"":0,""endTokenIndexExclusive"":7,""tokens"":[{""word"":""幾十"",""pos"":""m"",""jyutping"":""gei2sap6""},{""word"":""條"",""pos"":""q"",""jyutping"":""tiu4""},{""word"":""都"",""pos"":""d"",""jyutping"":""dou1""},{""word"":""養"",""pos"":""v"",""jyutping"":""joeng5""},{""word"":""過"",""pos"":""u"",""jyutping"":""gwo3""},{""word"":""嚹"",""pos"":""y"",""jyutping"":""laa3""},{""word"":""."",""pos"":"""",""jyutping"":null}]}"	"[{""word"":""幾十"",""pos"":""m"",""jyutping"":""gei2sap6""},{""word"":""條"",""pos"":""q"",""jyutping"":""tiu4""},{""word"":""都"",""pos"":""d"",""jyutping"":""dou1""},{""word"":""養"",""pos"":""v"",""jyutping"":""joeng5""},{""word"":""過"",""pos"":""u"",""jyutping"":""gwo3""},{""word"":""嚹"",""pos"":""y"",""jyutping"":""laa3""},{""word"":""."",""pos"":"""",""jyutping"":null}]"	REQUIRES_EXPERT_CONTEXT_REVIEW
aa62-bd87660ee2df32bc5df6	FC-033_v2.cha	4a54d83cb2e8b32b1979c53bdf11706516fb3e1b8c6caa4bc72662a1e5fbf4e5	17	145	12	XXB	買過	買	v	第二啲	r	PRON	"{""normalizedSurface"":""買過""}"	即係你唔使成日驚佢死咗,又要買過第二啲魚囖.	粗養啲囖.	其實就養龍吐珠啊,養錦鯉啊,嗰啲𠻺好經濟𠸏.	"{""startTokenIndexZeroBased"":5,""endTokenIndexExclusive"":17,""tokens"":[{""word"":""佢"",""pos"":""r"",""jyutping"":""keoi5""},{""word"":""死"",""pos"":""v"",""jyutping"":""sei2""},{""word"":""咗"",""pos"":""u"",""jyutping"":""zo2""},{""word"":"","",""pos"":"""",""jyutping"":null},{""word"":""又"",""pos"":""d"",""jyutping"":""jau6""},{""word"":""要"",""pos"":""vu"",""jyutping"":""jiu3""},{""word"":""買"",""pos"":""v"",""jyutping"":""maai5""},{""word"":""過"",""pos"":""u"",""jyutping"":""gwo3""},{""word"":""第二啲"",""pos"":""r"",""jyutping"":""dai6ji6di1""},{""word"":""魚"",""pos"":""n"",""jyutping"":""jyu2""},{""word"":""囖"",""pos"":""y"",""jyutping"":""lo1""},{""word"":""."",""pos"":"""",""jyutping"":null}]}"	"[{""word"":""即係"",""pos"":""c"",""jyutping"":""zik1hai6""},{""word"":""你"",""pos"":""r"",""jyutping"":""nei5""},{""word"":""唔使"",""pos"":""vu"",""jyutping"":""m4sai2""},{""word"":""成日"",""pos"":""d"",""jyutping"":""seng4jat6""},{""word"":""驚"",""pos"":""v"",""jyutping"":""geng1""},{""word"":""佢"",""pos"":""r"",""jyutping"":""keoi5""},{""word"":""死"",""pos"":""v"",""jyutping"":""sei2""},{""word"":""咗"",""pos"":""u"",""jyutping"":""zo2""},{""word"":"","",""pos"":"""",""jyutping"":null},{""word"":""又"",""pos"":""d"",""jyutping"":""jau6""},{""word"":""要"",""pos"":""vu"",""jyutping"":""jiu3""},{""word"":""買"",""pos"":""v"",""jyutping"":""maai5""},{""word"":""過"",""pos"":""u"",""jyutping"":""gwo3""},{""word"":""第二啲"",""pos"":""r"",""jyutping"":""dai6ji6di1""},{""word"":""魚"",""pos"":""n"",""jyutping"":""jyu2""},{""word"":""囖"",""pos"":""y"",""jyutping"":""lo1""},{""word"":""."",""pos"":"""",""jyutping"":null}]"	REQUIRES_EXPERT_CONTEXT_REVIEW
aa62-c3dc093478c48f8ad0e6	FC-033_v2.cha	4a54d83cb2e8b32b1979c53bdf11706516fb3e1b8c6caa4bc72662a1e5fbf4e5	17	200	4	XXA	聽過	聽	v	.		X	"{""normalizedSurface"":""聽過""}"	我都未聽過.	係咩?	噉間中有啲魚游來游去噉啊.	"{""startTokenIndexZeroBased"":0,""endTokenIndexExclusive"":6,""tokens"":[{""word"":""我"",""pos"":""r"",""jyutping"":""ngo5""},{""word"":""都"",""pos"":""d"",""jyutping"":""dou1""},{""word"":""未"",""pos"":""d"",""jyutping"":""mei6""},{""word"":""聽"",""pos"":""v"",""jyutping"":""teng1""},{""word"":""過"",""pos"":""u"",""jyutping"":""gwo3""},{""word"":""."",""pos"":"""",""jyutping"":null}]}"	"[{""word"":""我"",""pos"":""r"",""jyutping"":""ngo5""},{""word"":""都"",""pos"":""d"",""jyutping"":""dou1""},{""word"":""未"",""pos"":""d"",""jyutping"":""mei6""},{""word"":""聽"",""pos"":""v"",""jyutping"":""teng1""},{""word"":""過"",""pos"":""u"",""jyutping"":""gwo3""},{""word"":""."",""pos"":"""",""jyutping"":null}]"	REQUIRES_EXPERT_CONTEXT_REVIEW
aa62-6f404a91a3681ce39778	FC-035_v2.cha	ddb29bab01e3e932a9a80ffb3342df28e08dfc77d7f4527f5fc39d5a25ea4f5b	18	17	4	XXX	唔見過	唔見	v	錢	n	NOUN	"{""normalizedSurface"":""唔見過""}"	即係可能因為唔見過錢或者俾人扼過錢喇,不如講講哩個經過喇.	誒,如果講話邊度最好玩,或者,或者講邊度最剋我憎先喇,就係意大利喇.	就係有一日呢,我個friend呢就去,即係點啊?	"{""startTokenIndexZeroBased"":0,""endTokenIndexExclusive"":11,""tokens"":[{""word"":""即係"",""pos"":""c"",""jyutping"":""zik1hai6""},{""word"":""可能"",""pos"":""v"",""jyutping"":""ho2nang4""},{""word"":""因為"",""pos"":""c"",""jyutping"":""jan1wai6""},{""word"":""唔見"",""pos"":""v"",""jyutping"":""m4gin3""},{""word"":""過"",""pos"":""u"",""jyutping"":""gwo3""},{""word"":""錢"",""pos"":""n"",""jyutping"":""cin2""},{""word"":""或者"",""pos"":""c"",""jyutping"":""waak6ze2""},{""word"":""俾"",""pos"":""p"",""jyutping"":""bei2""},{""word"":""人"",""pos"":""n"",""jyutping"":""jan4""},{""word"":""扼"",""pos"":""v"",""jyutping"":""aak1""},{""word"":""過"",""pos"":""u"",""jyutping"":""gwo3""}]}"	"[{""word"":""即係"",""pos"":""c"",""jyutping"":""zik1hai6""},{""word"":""可能"",""pos"":""v"",""jyutping"":""ho2nang4""},{""word"":""因為"",""pos"":""c"",""jyutping"":""jan1wai6""},{""word"":""唔見"",""pos"":""v"",""jyutping"":""m4gin3""},{""word"":""過"",""pos"":""u"",""jyutping"":""gwo3""},{""word"":""錢"",""pos"":""n"",""jyutping"":""cin2""},{""word"":""或者"",""pos"":""c"",""jyutping"":""waak6ze2""},{""word"":""俾"",""pos"":""p"",""jyutping"":""bei2""},{""word"":""人"",""pos"":""n"",""jyutping"":""jan4""},{""word"":""扼"",""pos"":""v"",""jyutping"":""aak1""},{""word"":""過"",""pos"":""u"",""jyutping"":""gwo3""},{""word"":""錢"",""pos"":""n"",""jyutping"":""cin2""},{""word"":""喇"",""pos"":""y"",""jyutping"":""laa1""},{""word"":"","",""pos"":"""",""jyutping"":null},{""word"":""不如"",""pos"":""c"",""jyutping"":""bat1jyu4""},{""word"":""講講"",""pos"":""v"",""jyutping"":""gong2gong2""},{""word"":""哩個"",""pos"":""r"",""jyutping"":""ni1go3""},{""word"":""經過"",""pos"":""vn"",""jyutping"":""ging1gwo3""},{""word"":""喇"",""pos"":""y"",""jyutping"":""laa1""},{""word"":""."",""pos"":"""",""jyutping"":null}]"	REQUIRES_EXPERT_CONTEXT_REVIEW
aa62-1d7d730843690830bae9	FC-035_v2.cha	ddb29bab01e3e932a9a80ffb3342df28e08dfc77d7f4527f5fc39d5a25ea4f5b	18	17	10	XXX	扼過	扼	v	錢	n	NOUN	"{""normalizedSurface"":""扼過""}"	即係可能因為唔見過錢或者俾人扼過錢喇,不如講講哩個經過喇.	誒,如果講話邊度最好玩,或者,或者講邊度最剋我憎先喇,就係意大利喇.	就係有一日呢,我個friend呢就去,即係點啊?	"{""startTokenIndexZeroBased"":3,""endTokenIndexExclusive"":17,""tokens"":[{""word"":""唔見"",""pos"":""v"",""jyutping"":""m4gin3""},{""word"":""過"",""pos"":""u"",""jyutping"":""gwo3""},{""word"":""錢"",""pos"":""n"",""jyutping"":""cin2""},{""word"":""或者"",""pos"":""c"",""jyutping"":""waak6ze2""},{""word"":""俾"",""pos"":""p"",""jyutping"":""bei2""},{""word"":""人"",""pos"":""n"",""jyutping"":""jan4""},{""word"":""扼"",""pos"":""v"",""jyutping"":""aak1""},{""word"":""過"",""pos"":""u"",""jyutping"":""gwo3""},{""word"":""錢"",""pos"":""n"",""jyutping"":""cin2""},{""word"":""喇"",""pos"":""y"",""jyutping"":""laa1""},{""word"":"","",""pos"":"""",""jyutping"":null},{""word"":""不如"",""pos"":""c"",""jyutping"":""bat1jyu4""},{""word"":""講講"",""pos"":""v"",""jyutping"":""gong2gong2""},{""word"":""哩個"",""pos"":""r"",""jyutping"":""ni1go3""}]}"	"[{""word"":""即係"",""pos"":""c"",""jyutping"":""zik1hai6""},{""word"":""可能"",""pos"":""v"",""jyutping"":""ho2nang4""},{""word"":""因為"",""pos"":""c"",""jyutping"":""jan1wai6""},{""word"":""唔見"",""pos"":""v"",""jyutping"":""m4gin3""},{""word"":""過"",""pos"":""u"",""jyutping"":""gwo3""},{""word"":""錢"",""pos"":""n"",""jyutping"":""cin2""},{""word"":""或者"",""pos"":""c"",""jyutping"":""waak6ze2""},{""word"":""俾"",""pos"":""p"",""jyutping"":""bei2""},{""word"":""人"",""pos"":""n"",""jyutping"":""jan4""},{""word"":""扼"",""pos"":""v"",""jyutping"":""aak1""},{""word"":""過"",""pos"":""u"",""jyutping"":""gwo3""},{""word"":""錢"",""pos"":""n"",""jyutping"":""cin2""},{""word"":""喇"",""pos"":""y"",""jyutping"":""laa1""},{""word"":"","",""pos"":"""",""jyutping"":null},{""word"":""不如"",""pos"":""c"",""jyutping"":""bat1jyu4""},{""word"":""講講"",""pos"":""v"",""jyutping"":""gong2gong2""},{""word"":""哩個"",""pos"":""r"",""jyutping"":""ni1go3""},{""word"":""經過"",""pos"":""vn"",""jyutping"":""ging1gwo3""},{""word"":""喇"",""pos"":""y"",""jyutping"":""laa1""},{""word"":""."",""pos"":"""",""jyutping"":null}]"	REQUIRES_EXPERT_CONTEXT_REVIEW
aa62-8602dfdd8124c473e88a	FC-035_v2.cha	ddb29bab01e3e932a9a80ffb3342df28e08dfc77d7f4527f5fc39d5a25ea4f5b	18	34	8	XXX	諗過	諗	v	有	v1	VERB	"{""normalizedSurface"":""諗過""}"	雖然覺得怪怪地,但係又冇諗過有啲乜嘢問題吖,所以,即係,可能係噉,佢又俾佢睇吖.	或者嗰陣時,因為捷克嗰陣時我,之前我喺捷克嗰陣時都有類似嘅情況,但係嗰次我哋冇損失.	噉於是乎,因為我覺得嗰條友真係好唔妥吖,所以呢我就即係盯住啲錢,盯得好實喇.	"{""startTokenIndexZeroBased"":1,""endTokenIndexExclusive"":15,""tokens"":[{""word"":""覺得"",""pos"":""v"",""jyutping"":""gok3dak1""},{""word"":""怪怪地"",""pos"":""z"",""jyutping"":""gwaai3gwaai2dei2""},{""word"":"","",""pos"":"""",""jyutping"":null},{""word"":""但係"",""pos"":""c"",""jyutping"":""daan6hai6""},{""word"":""又"",""pos"":""d"",""jyutping"":""jau6""},{""word"":""冇"",""pos"":""v1"",""jyutping"":""mou5""},{""word"":""諗"",""pos"":""v"",""jyutping"":""nam2""},{""word"":""過"",""pos"":""u"",""jyutping"":""gwo3""},{""word"":""有"",""pos"":""v1"",""jyutping"":""jau5""},{""word"":""啲"",""pos"":""q"",""jyutping"":""di1""},{""word"":""乜"",""pos"":""r"",""jyutping"":""mat1""},{""word"":""嘢"",""pos"":""n"",""jyutping"":""je5""},{""word"":""問題"",""pos"":""n"",""jyutping"":""man6tai4""},{""word"":""吖"",""pos"":""y"",""jyutping"":""aa1""}]}"	"[{""word"":""雖然"",""pos"":""c"",""jyutping"":""seoi1jin4""},{""word"":""覺得"",""pos"":""v"",""jyutping"":""gok3dak1""},{""word"":""怪怪地"",""pos"":""z"",""jyutping"":""gwaai3gwaai2dei2""},{""word"":"","",""pos"":"""",""jyutping"":null},{""word"":""但係"",""pos"":""c"",""jyutping"":""daan6hai6""},{""word"":""又"",""pos"":""d"",""jyutping"":""jau6""},{""word"":""冇"",""pos"":""v1"",""jyutping"":""mou5""},{""word"":""諗"",""pos"":""v"",""jyutping"":""nam2""},{""word"":""過"",""pos"":""u"",""jyutping"":""gwo3""},{""word"":""有"",""pos"":""v1"",""jyutping"":""jau5""},{""word"":""啲"",""pos"":""q"",""jyutping"":""di1""},{""word"":""乜"",""pos"":""r"",""jyutping"":""mat1""},{""word"":""嘢"",""pos"":""n"",""jyutping"":""je5""},{""word"":""問題"",""pos"":""n"",""jyutping"":""man6tai4""},{""word"":""吖"",""pos"":""y"",""jyutping"":""aa1""},{""word"":"","",""pos"":"""",""jyutping"":null},{""word"":""所以"",""pos"":""c"",""jyutping"":""so2ji5""},{""word"":"","",""pos"":"""",""jyutping"":null},{""word"":""即係"",""pos"":""c"",""jyutping"":""zik1hai6""},{""word"":"","",""pos"":"""",""jyutping"":null},{""word"":""可能"",""pos"":""vu"",""jyutping"":""ho2nang4""},{""word"":""係"",""pos"":""v"",""jyutping"":""hai6""},{""word"":""噉"",""pos"":""r"",""jyutping"":""gam2""},{""word"":"","",""pos"":"""",""jyutping"":null},{""word"":""佢"",""pos"":""r"",""jyutping"":""keoi5""},{""word"":""又"",""pos"":""d"",""jyutping"":""jau6""},{""word"":""俾"",""pos"":""p"",""jyutping"":""bei2""},{""word"":""佢"",""pos"":""r"",""jyutping"":""keoi5""},{""word"":""睇"",""pos"":""v"",""jyutping"":""tai2""},{""word"":""吖"",""pos"":""y"",""jyutping"":""aa1""},{""word"":""."",""pos"":"""",""jyutping"":null}]"	REQUIRES_EXPERT_CONTEXT_REVIEW
aa62-51d5c753afba2d5bb92a	FC-035_v2.cha	ddb29bab01e3e932a9a80ffb3342df28e08dfc77d7f4527f5fc39d5a25ea4f5b	18	62	6	XXX	轉過	轉	v	另外	c	CCONJ	"{""normalizedSurface"":""轉過""}"	去哩個比薩斜塔嗰時要轉過另外一程火車呢.	或者同埋我覺得意大利嗰啲火車呢,唔係太掂,啲豬車啊.	嘩,好鬼臭啊,個火車,又冇air-conditioning喎.	"{""startTokenIndexZeroBased"":0,""endTokenIndexExclusive"":13,""tokens"":[{""word"":""去"",""pos"":""v"",""jyutping"":""heoi3""},{""word"":""哩個"",""pos"":""r"",""jyutping"":""ni1go3""},{""word"":""比薩斜塔"",""pos"":""nz"",""jyutping"":""bei2saat3ce4taap3""},{""word"":""嗰時"",""pos"":""r"",""jyutping"":""go2si4""},{""word"":""要"",""pos"":""vu"",""jyutping"":""jiu3""},{""word"":""轉"",""pos"":""v"",""jyutping"":""zyun3""},{""word"":""過"",""pos"":""u"",""jyutping"":""gwo3""},{""word"":""另外"",""pos"":""c"",""jyutping"":""ling6ngoi6""},{""word"":""一"",""pos"":""m"",""jyutping"":""jat1""},{""word"":""程"",""pos"":""q"",""jyutping"":""cing4""},{""word"":""火車"",""pos"":""n"",""jyutping"":""fo2ce1""},{""word"":""呢"",""pos"":""y"",""jyutping"":""ne1""},{""word"":""."",""pos"":"""",""jyutping"":null}]}"	"[{""word"":""去"",""pos"":""v"",""jyutping"":""heoi3""},{""word"":""哩個"",""pos"":""r"",""jyutping"":""ni1go3""},{""word"":""比薩斜塔"",""pos"":""nz"",""jyutping"":""bei2saat3ce4taap3""},{""word"":""嗰時"",""pos"":""r"",""jyutping"":""go2si4""},{""word"":""要"",""pos"":""vu"",""jyutping"":""jiu3""},{""word"":""轉"",""pos"":""v"",""jyutping"":""zyun3""},{""word"":""過"",""pos"":""u"",""jyutping"":""gwo3""},{""word"":""另外"",""pos"":""c"",""jyutping"":""ling6ngoi6""},{""word"":""一"",""pos"":""m"",""jyutping"":""jat1""},{""word"":""程"",""pos"":""q"",""jyutping"":""cing4""},{""word"":""火車"",""pos"":""n"",""jyutping"":""fo2ce1""},{""word"":""呢"",""pos"":""y"",""jyutping"":""ne1""},{""word"":""."",""pos"":"""",""jyutping"":null}]"	REQUIRES_EXPERT_CONTEXT_REVIEW
aa62-f72cd86bd2b926b15d85	FC-035_v2.cha	ddb29bab01e3e932a9a80ffb3342df28e08dfc77d7f4527f5fc39d5a25ea4f5b	18	66	14	XXX	開過	開	v	囖	y	PART	"{""normalizedSurface"":""開過""}"	跟住我個背囊呢,唔知係唔係又俾人開過囖,好彩又冇唔見嘢吖.	好鬼迫喎.	嗯,同埋呢意大利我初頭諗住好多嘢買啊.	"{""startTokenIndexZeroBased"":7,""endTokenIndexExclusive"":21,""tokens"":[{""word"":""知"",""pos"":""v"",""jyutping"":""zi1""},{""word"":""係"",""pos"":""v"",""jyutping"":""hai6""},{""word"":""唔係"",""pos"":""v"",""jyutping"":""m4hai6""},{""word"":""又"",""pos"":""d"",""jyutping"":""jau6""},{""word"":""俾"",""pos"":""p"",""jyutping"":""bei2""},{""word"":""人"",""pos"":""n"",""jyutping"":""jan4""},{""word"":""開"",""pos"":""v"",""jyutping"":""hoi1""},{""word"":""過"",""pos"":""u"",""jyutping"":""gwo3""},{""word"":""囖"",""pos"":""y"",""jyutping"":""lo1""},{""word"":"","",""pos"":"""",""jyutping"":null},{""word"":""好彩"",""pos"":""a"",""jyutping"":""hou2coi2""},{""word"":""又"",""pos"":""d"",""jyutping"":""jau6""},{""word"":""冇"",""pos"":""v1"",""jyutping"":""mou5""},{""word"":""唔見"",""pos"":""v"",""jyutping"":""m4gin3""}]}"	"[{""word"":""跟住"",""pos"":""c"",""jyutping"":""gan1zyu6""},{""word"":""我"",""pos"":""r"",""jyutping"":""ngo5""},{""word"":""個"",""pos"":""q"",""jyutping"":""go3""},{""word"":""背囊"",""pos"":""n"",""jyutping"":""bui3nong4""},{""word"":""呢"",""pos"":""y"",""jyutping"":""ne1""},{""word"":"","",""pos"":"""",""jyutping"":null},{""word"":""唔"",""pos"":""d"",""jyutping"":""m4""},{""word"":""知"",""pos"":""v"",""jyutping"":""zi1""},{""word"":""係"",""pos"":""v"",""jyutping"":""hai6""},{""word"":""唔係"",""pos"":""v"",""jyutping"":""m4hai6""},{""word"":""又"",""pos"":""d"",""jyutping"":""jau6""},{""word"":""俾"",""pos"":""p"",""jyutping"":""bei2""},{""word"":""人"",""pos"":""n"",""jyutping"":""jan4""},{""word"":""開"",""pos"":""v"",""jyutping"":""hoi1""},{""word"":""過"",""pos"":""u"",""jyutping"":""gwo3""},{""word"":""囖"",""pos"":""y"",""jyutping"":""lo1""},{""word"":"","",""pos"":"""",""jyutping"":null},{""word"":""好彩"",""pos"":""a"",""jyutping"":""hou2coi2""},{""word"":""又"",""pos"":""d"",""jyutping"":""jau6""},{""word"":""冇"",""pos"":""v1"",""jyutping"":""mou5""},{""word"":""唔見"",""pos"":""v"",""jyutping"":""m4gin3""},{""word"":""嘢"",""pos"":""n"",""jyutping"":""je5""},{""word"":""吖"",""pos"":""y"",""jyutping"":""aa1""},{""word"":""."",""pos"":"""",""jyutping"":null}]"	REQUIRES_EXPERT_CONTEXT_REVIEW
aa62-435b9c4f5bc16a78d8e5	FC-035_v2.cha	ddb29bab01e3e932a9a80ffb3342df28e08dfc77d7f4527f5fc39d5a25ea4f5b	18	98	18	XXX	坐過	坐	v	兩	m	NUM	"{""normalizedSurface"":""坐過""}"	噉,嗰度就葡萄園囖去睇,但係因為之前我哋,誒,坐過兩晚夜車啊連續,所以呢,即係點啊?	咁上下喇.	一去到嗰度settledown嗰陣時呢,我哋就要即刻要沖涼洗頭呢.	"{""startTokenIndexZeroBased"":11,""endTokenIndexExclusive"":25,""tokens"":[{""word"":""因為"",""pos"":""c"",""jyutping"":""jan1wai6""},{""word"":""之前"",""pos"":""f"",""jyutping"":""zi1cin4""},{""word"":""我哋"",""pos"":""r"",""jyutping"":""ngo5dei6""},{""word"":"","",""pos"":"""",""jyutping"":null},{""word"":""誒"",""pos"":""e"",""jyutping"":""e6""},{""word"":"","",""pos"":"""",""jyutping"":null},{""word"":""坐"",""pos"":""v"",""jyutping"":""co5""},{""word"":""過"",""pos"":""u"",""jyutping"":""gwo3""},{""word"":""兩"",""pos"":""m"",""jyutping"":""loeng5""},{""word"":""晚"",""pos"":""q"",""jyutping"":""maan5""},{""word"":""夜"",""pos"":""a"",""jyutping"":""je6""},{""word"":""車"",""pos"":""n"",""jyutping"":""ce1""},{""word"":""啊"",""pos"":""y"",""jyutping"":""aa3""},{""word"":""連續"",""pos"":""a"",""jyutping"":""lin4zuk6""}]}"	"[{""word"":""噉"",""pos"":""c"",""jyutping"":""gam2""},{""word"":"","",""pos"":"""",""jyutping"":null},{""word"":""嗰度"",""pos"":""r"",""jyutping"":""go2dou6""},{""word"":""就"",""pos"":""d"",""jyutping"":""zau6""},{""word"":""葡萄"",""pos"":""n"",""jyutping"":""pou4tou4""},{""word"":""園"",""pos"":""n"",""jyutping"":""jyun4""},{""word"":""囖"",""pos"":""y"",""jyutping"":""lo1""},{""word"":""去"",""pos"":""vk"",""jyutping"":""heoi3""},{""word"":""睇"",""pos"":""v"",""jyutping"":""tai2""},{""word"":"","",""pos"":"""",""jyutping"":null},{""word"":""但係"",""pos"":""c"",""jyutping"":""daan6hai6""},{""word"":""因為"",""pos"":""c"",""jyutping"":""jan1wai6""},{""word"":""之前"",""pos"":""f"",""jyutping"":""zi1cin4""},{""word"":""我哋"",""pos"":""r"",""jyutping"":""ngo5dei6""},{""word"":"","",""pos"":"""",""jyutping"":null},{""word"":""誒"",""pos"":""e"",""jyutping"":""e6""},{""word"":"","",""pos"":"""",""jyutping"":null},{""word"":""坐"",""pos"":""v"",""jyutping"":""co5""},{""word"":""過"",""pos"":""u"",""jyutping"":""gwo3""},{""word"":""兩"",""pos"":""m"",""jyutping"":""loeng5""},{""word"":""晚"",""pos"":""q"",""jyutping"":""maan5""},{""word"":""夜"",""pos"":""a"",""jyutping"":""je6""},{""word"":""車"",""pos"":""n"",""jyutping"":""ce1""},{""word"":""啊"",""pos"":""y"",""jyutping"":""aa3""},{""word"":""連續"",""pos"":""a"",""jyutping"":""lin4zuk6""},{""word"":"","",""pos"":"""",""jyutping"":null},{""word"":""所以"",""pos"":""c"",""jyutping"":""so2ji5""},{""word"":""呢"",""pos"":""y1"",""jyutping"":""ne1""},{""word"":"","",""pos"":"""",""jyutping"":null},{""word"":""即係"",""pos"":""c"",""jyutping"":""zik1hai6""},{""word"":""點"",""pos"":""r"",""jyutping"":""dim2""},{""word"":""啊"",""pos"":""y"",""jyutping"":""aa3""},{""word"":""?"",""pos"":"""",""jyutping"":null}]"	REQUIRES_EXPERT_CONTEXT_REVIEW
aa62-f7130eec267ec570dae0	FC-038a_v2.cha	cd4ad166269f1a897199628fbebf608cca6cf01ecdb49fe51e80ed7340d7fc37	19	122	3	XXX	傾過	傾	v	呢	y	PART	"{""normalizedSurface"":""傾過""}"	之前都傾過呢.	哦原來咁好讀postgrad.	哦.	"{""startTokenIndexZeroBased"":0,""endTokenIndexExclusive"":6,""tokens"":[{""word"":""之前"",""pos"":""t"",""jyutping"":""zi1cin4""},{""word"":""都"",""pos"":""d"",""jyutping"":""dou1""},{""word"":""傾"",""pos"":""v"",""jyutping"":""king1""},{""word"":""過"",""pos"":""u"",""jyutping"":""gwo3""},{""word"":""呢"",""pos"":""y"",""jyutping"":""ne1""},{""word"":""."",""pos"":"""",""jyutping"":null}]}"	"[{""word"":""之前"",""pos"":""t"",""jyutping"":""zi1cin4""},{""word"":""都"",""pos"":""d"",""jyutping"":""dou1""},{""word"":""傾"",""pos"":""v"",""jyutping"":""king1""},{""word"":""過"",""pos"":""u"",""jyutping"":""gwo3""},{""word"":""呢"",""pos"":""y"",""jyutping"":""ne1""},{""word"":""."",""pos"":"""",""jyutping"":null}]"	REQUIRES_EXPERT_CONTEXT_REVIEW
aa62-48df35fd9171c6b9dc31	FC-038b_v2.cha	4c6527d34ac3e5109b2cea1099627e8bc3a58f7f6ceadfe76f91ccdae2944eb4	20	4	2	XXY	聽過	聽	v	哩	r	PRON	"{""normalizedSurface"":""聽過""}"	有冇聽過哩件事啊?	哦作弊.	有,有.	"{""startTokenIndexZeroBased"":0,""endTokenIndexExclusive"":8,""tokens"":[{""word"":""有冇"",""pos"":""v1"",""jyutping"":""jau5mou5""},{""word"":""聽"",""pos"":""v"",""jyutping"":""teng1""},{""word"":""過"",""pos"":""u"",""jyutping"":""gwo3""},{""word"":""哩"",""pos"":""r"",""jyutping"":""ni1""},{""word"":""件"",""pos"":""q"",""jyutping"":""gin6""},{""word"":""事"",""pos"":""n"",""jyutping"":""si6""},{""word"":""啊"",""pos"":""y"",""jyutping"":""aa3""},{""word"":""?"",""pos"":"""",""jyutping"":null}]}"	"[{""word"":""有冇"",""pos"":""v1"",""jyutping"":""jau5mou5""},{""word"":""聽"",""pos"":""v"",""jyutping"":""teng1""},{""word"":""過"",""pos"":""u"",""jyutping"":""gwo3""},{""word"":""哩"",""pos"":""r"",""jyutping"":""ni1""},{""word"":""件"",""pos"":""q"",""jyutping"":""gin6""},{""word"":""事"",""pos"":""n"",""jyutping"":""si6""},{""word"":""啊"",""pos"":""y"",""jyutping"":""aa3""},{""word"":""?"",""pos"":"""",""jyutping"":null}]"	REQUIRES_EXPERT_CONTEXT_REVIEW
aa62-b9f3993aaa9df8e557a1	FC-038b_v2.cha	4c6527d34ac3e5109b2cea1099627e8bc3a58f7f6ceadfe76f91ccdae2944eb4	20	106	9	XXX	讀過	讀	v	書	n	NOUN	"{""normalizedSurface"":""讀過""}"	即係佢就算呢,即係佢自己讀過書先.	明白,明白.	哦.	"{""startTokenIndexZeroBased"":2,""endTokenIndexExclusive"":13,""tokens"":[{""word"":""就算"",""pos"":""c"",""jyutping"":""zau6syun3""},{""word"":""呢"",""pos"":""y1"",""jyutping"":""ne1""},{""word"":"","",""pos"":"""",""jyutping"":null},{""word"":""即係"",""pos"":""c"",""jyutping"":""zik1hai6""},{""word"":""佢"",""pos"":""r"",""jyutping"":""keoi5""},{""word"":""自己"",""pos"":""r"",""jyutping"":""zi6gei2""},{""word"":""讀"",""pos"":""v"",""jyutping"":""duk6""},{""word"":""過"",""pos"":""u"",""jyutping"":""gwo3""},{""word"":""書"",""pos"":""n"",""jyutping"":""syu1""},{""word"":""先"",""pos"":""d"",""jyutping"":""sin1""},{""word"":""."",""pos"":"""",""jyutping"":null}]}"	"[{""word"":""即係"",""pos"":""c"",""jyutping"":""zik1hai6""},{""word"":""佢"",""pos"":""r"",""jyutping"":""keoi5""},{""word"":""就算"",""pos"":""c"",""jyutping"":""zau6syun3""},{""word"":""呢"",""pos"":""y1"",""jyutping"":""ne1""},{""word"":"","",""pos"":"""",""jyutping"":null},{""word"":""即係"",""pos"":""c"",""jyutping"":""zik1hai6""},{""word"":""佢"",""pos"":""r"",""jyutping"":""keoi5""},{""word"":""自己"",""pos"":""r"",""jyutping"":""zi6gei2""},{""word"":""讀"",""pos"":""v"",""jyutping"":""duk6""},{""word"":""過"",""pos"":""u"",""jyutping"":""gwo3""},{""word"":""書"",""pos"":""n"",""jyutping"":""syu1""},{""word"":""先"",""pos"":""d"",""jyutping"":""sin1""},{""word"":""."",""pos"":"""",""jyutping"":null}]"	REQUIRES_EXPERT_CONTEXT_REVIEW
aa62-0c27a9ac065a4fb2a2c4	FC-038b_v2.cha	4c6527d34ac3e5109b2cea1099627e8bc3a58f7f6ceadfe76f91ccdae2944eb4	20	123	4	XXY	讀過	讀	v	囖	y	PART	"{""normalizedSurface"":""讀過""}"	唔得咪讀過囖.	都啱𠸏,我覺得就.	係嘞.	"{""startTokenIndexZeroBased"":0,""endTokenIndexExclusive"":7,""tokens"":[{""word"":""唔"",""pos"":""d"",""jyutping"":""m4""},{""word"":""得"",""pos"":""v"",""jyutping"":""dak1""},{""word"":""咪"",""pos"":""d"",""jyutping"":""mai6""},{""word"":""讀"",""pos"":""v"",""jyutping"":""duk6""},{""word"":""過"",""pos"":""u"",""jyutping"":""gwo3""},{""word"":""囖"",""pos"":""y"",""jyutping"":""lo1""},{""word"":""."",""pos"":"""",""jyutping"":null}]}"	"[{""word"":""唔"",""pos"":""d"",""jyutping"":""m4""},{""word"":""得"",""pos"":""v"",""jyutping"":""dak1""},{""word"":""咪"",""pos"":""d"",""jyutping"":""mai6""},{""word"":""讀"",""pos"":""v"",""jyutping"":""duk6""},{""word"":""過"",""pos"":""u"",""jyutping"":""gwo3""},{""word"":""囖"",""pos"":""y"",""jyutping"":""lo1""},{""word"":""."",""pos"":"""",""jyutping"":null}]"	REQUIRES_EXPERT_CONTEXT_REVIEW
aa62-7de2700c67da532bbbb5	FC-042_v.cha	4e8f9e2f767cf276afec05255706706cb3505cd646b2f5c1db21014db4405d20	21	0	14	XXL	有過	有	v1	飛碟	n	NOUN	"{""normalizedSurface"":""有過""}"	啊,想問下你呢,你信唔信曾經有過飛碟來過地球呢?		誒,其實我好細個已經睇好多飛碟嗰啲書𡃉嚹.	"{""startTokenIndexZeroBased"":7,""endTokenIndexExclusive"":21,""tokens"":[{""word"":"","",""pos"":"""",""jyutping"":null},{""word"":""你"",""pos"":""r"",""jyutping"":""nei5""},{""word"":""信"",""pos"":""v"",""jyutping"":""seon3""},{""word"":""唔"",""pos"":""d"",""jyutping"":""m4""},{""word"":""信"",""pos"":""v"",""jyutping"":""seon3""},{""word"":""曾經"",""pos"":""d"",""jyutping"":""cang4ging1""},{""word"":""有"",""pos"":""v1"",""jyutping"":""jau5""},{""word"":""過"",""pos"":""u"",""jyutping"":""gwo3""},{""word"":""飛碟"",""pos"":""n"",""jyutping"":""fei1dip2""},{""word"":""來"",""pos"":""v"",""jyutping"":""lai4""},{""word"":""過"",""pos"":""u"",""jyutping"":""gwo3""},{""word"":""地球"",""pos"":""n"",""jyutping"":""dei6kau4""},{""word"":""呢"",""pos"":""y"",""jyutping"":""ne1""},{""word"":""?"",""pos"":"""",""jyutping"":null}]}"	"[{""word"":""啊"",""pos"":""e"",""jyutping"":""aa3""},{""word"":"","",""pos"":"""",""jyutping"":null},{""word"":""想"",""pos"":""vu"",""jyutping"":""soeng2""},{""word"":""問"",""pos"":""v"",""jyutping"":""man6""},{""word"":""下"",""pos"":""u"",""jyutping"":""haa5""},{""word"":""你"",""pos"":""r"",""jyutping"":""nei5""},{""word"":""呢"",""pos"":""y1"",""jyutping"":""ne1""},{""word"":"","",""pos"":"""",""jyutping"":null},{""word"":""你"",""pos"":""r"",""jyutping"":""nei5""},{""word"":""信"",""pos"":""v"",""jyutping"":""seon3""},{""word"":""唔"",""pos"":""d"",""jyutping"":""m4""},{""word"":""信"",""pos"":""v"",""jyutping"":""seon3""},{""word"":""曾經"",""pos"":""d"",""jyutping"":""cang4ging1""},{""word"":""有"",""pos"":""v1"",""jyutping"":""jau5""},{""word"":""過"",""pos"":""u"",""jyutping"":""gwo3""},{""word"":""飛碟"",""pos"":""n"",""jyutping"":""fei1dip2""},{""word"":""來"",""pos"":""v"",""jyutping"":""lai4""},{""word"":""過"",""pos"":""u"",""jyutping"":""gwo3""},{""word"":""地球"",""pos"":""n"",""jyutping"":""dei6kau4""},{""word"":""呢"",""pos"":""y"",""jyutping"":""ne1""},{""word"":""?"",""pos"":"""",""jyutping"":null}]"	REQUIRES_EXPERT_CONTEXT_REVIEW
aa62-d385020dc04108e57430	FC-042_v.cha	4e8f9e2f767cf276afec05255706706cb3505cd646b2f5c1db21014db4405d20	21	0	17	XXL	來過	來	v	地球	n	NOUN	"{""normalizedSurface"":""來過""}"	啊,想問下你呢,你信唔信曾經有過飛碟來過地球呢?		誒,其實我好細個已經睇好多飛碟嗰啲書𡃉嚹.	"{""startTokenIndexZeroBased"":10,""endTokenIndexExclusive"":21,""tokens"":[{""word"":""唔"",""pos"":""d"",""jyutping"":""m4""},{""word"":""信"",""pos"":""v"",""jyutping"":""seon3""},{""word"":""曾經"",""pos"":""d"",""jyutping"":""cang4ging1""},{""word"":""有"",""pos"":""v1"",""jyutping"":""jau5""},{""word"":""過"",""pos"":""u"",""jyutping"":""gwo3""},{""word"":""飛碟"",""pos"":""n"",""jyutping"":""fei1dip2""},{""word"":""來"",""pos"":""v"",""jyutping"":""lai4""},{""word"":""過"",""pos"":""u"",""jyutping"":""gwo3""},{""word"":""地球"",""pos"":""n"",""jyutping"":""dei6kau4""},{""word"":""呢"",""pos"":""y"",""jyutping"":""ne1""},{""word"":""?"",""pos"":"""",""jyutping"":null}]}"	"[{""word"":""啊"",""pos"":""e"",""jyutping"":""aa3""},{""word"":"","",""pos"":"""",""jyutping"":null},{""word"":""想"",""pos"":""vu"",""jyutping"":""soeng2""},{""word"":""問"",""pos"":""v"",""jyutping"":""man6""},{""word"":""下"",""pos"":""u"",""jyutping"":""haa5""},{""word"":""你"",""pos"":""r"",""jyutping"":""nei5""},{""word"":""呢"",""pos"":""y1"",""jyutping"":""ne1""},{""word"":"","",""pos"":"""",""jyutping"":null},{""word"":""你"",""pos"":""r"",""jyutping"":""nei5""},{""word"":""信"",""pos"":""v"",""jyutping"":""seon3""},{""word"":""唔"",""pos"":""d"",""jyutping"":""m4""},{""word"":""信"",""pos"":""v"",""jyutping"":""seon3""},{""word"":""曾經"",""pos"":""d"",""jyutping"":""cang4ging1""},{""word"":""有"",""pos"":""v1"",""jyutping"":""jau5""},{""word"":""過"",""pos"":""u"",""jyutping"":""gwo3""},{""word"":""飛碟"",""pos"":""n"",""jyutping"":""fei1dip2""},{""word"":""來"",""pos"":""v"",""jyutping"":""lai4""},{""word"":""過"",""pos"":""u"",""jyutping"":""gwo3""},{""word"":""地球"",""pos"":""n"",""jyutping"":""dei6kau4""},{""word"":""呢"",""pos"":""y"",""jyutping"":""ne1""},{""word"":""?"",""pos"":"""",""jyutping"":null}]"	REQUIRES_EXPERT_CONTEXT_REVIEW
aa62-0cf880aca8e87d8b9708	FC-042_v.cha	4e8f9e2f767cf276afec05255706706cb3505cd646b2f5c1db21014db4405d20	21	16	5	XXH	提過	提	v	上帝	nz	PROPN	"{""normalizedSurface"":""提過""}"	個聖經好似冇提過上帝創造宇宙人.	會唔會係即係如果有人基督教嗰啲呢,你好似會覺得即係地球就好似宇宙嘅中心噉,上帝就創造咗人類.	哦.	"{""startTokenIndexZeroBased"":0,""endTokenIndexExclusive"":11,""tokens"":[{""word"":""個"",""pos"":""q"",""jyutping"":""go3""},{""word"":""聖經"",""pos"":""n"",""jyutping"":""sing3ging1""},{""word"":""好似"",""pos"":""v"",""jyutping"":""hou2ci5""},{""word"":""冇"",""pos"":""v1"",""jyutping"":""mou5""},{""word"":""提"",""pos"":""v"",""jyutping"":""tai4""},{""word"":""過"",""pos"":""n"",""jyutping"":""gwo3""},{""word"":""上帝"",""pos"":""nz"",""jyutping"":""soeng6dai3""},{""word"":""創造"",""pos"":""v"",""jyutping"":""cong3zou6""},{""word"":""宇宙"",""pos"":""n"",""jyutping"":""jyu5zau6""},{""word"":""人"",""pos"":""n"",""jyutping"":""jan4""},{""word"":""."",""pos"":"""",""jyutping"":null}]}"	"[{""word"":""個"",""pos"":""q"",""jyutping"":""go3""},{""word"":""聖經"",""pos"":""n"",""jyutping"":""sing3ging1""},{""word"":""好似"",""pos"":""v"",""jyutping"":""hou2ci5""},{""word"":""冇"",""pos"":""v1"",""jyutping"":""mou5""},{""word"":""提"",""pos"":""v"",""jyutping"":""tai4""},{""word"":""過"",""pos"":""n"",""jyutping"":""gwo3""},{""word"":""上帝"",""pos"":""nz"",""jyutping"":""soeng6dai3""},{""word"":""創造"",""pos"":""v"",""jyutping"":""cong3zou6""},{""word"":""宇宙"",""pos"":""n"",""jyutping"":""jyu5zau6""},{""word"":""人"",""pos"":""n"",""jyutping"":""jan4""},{""word"":""."",""pos"":"""",""jyutping"":null}]"	REQUIRES_EXPERT_CONTEXT_REVIEW
aa62-498c07351a3a92d4cdac	FC-042_v.cha	4e8f9e2f767cf276afec05255706706cb3505cd646b2f5c1db21014db4405d20	21	52	3	XXH	睇過	睇	v	,		X	"{""normalizedSurface"":""睇過""}"	因為嗰陣時睇過,誒,講費城計劃嗰本書呢.	誒,嗰陣時係信有時空轉移𡃉.	噉話美軍已經掌握到足夠嘅能力去改變磁場.	"{""startTokenIndexZeroBased"":0,""endTokenIndexExclusive"":10,""tokens"":[{""word"":""因為"",""pos"":""c"",""jyutping"":""jan1wai6""},{""word"":""嗰陣時"",""pos"":""r"",""jyutping"":""go2zan6si4""},{""word"":""睇"",""pos"":""v"",""jyutping"":""tai2""},{""word"":""過"",""pos"":""u"",""jyutping"":""gwo3""},{""word"":"","",""pos"":"""",""jyutping"":null},{""word"":""誒"",""pos"":""e"",""jyutping"":""e6""},{""word"":"","",""pos"":"""",""jyutping"":null},{""word"":""講"",""pos"":""v"",""jyutping"":""gong2""},{""word"":""費城"",""pos"":""ns"",""jyutping"":""fai3sing4""},{""word"":""計劃"",""pos"":""n"",""jyutping"":""gai3waak6""}]}"	"[{""word"":""因為"",""pos"":""c"",""jyutping"":""jan1wai6""},{""word"":""嗰陣時"",""pos"":""r"",""jyutping"":""go2zan6si4""},{""word"":""睇"",""pos"":""v"",""jyutping"":""tai2""},{""word"":""過"",""pos"":""u"",""jyutping"":""gwo3""},{""word"":"","",""pos"":"""",""jyutping"":null},{""word"":""誒"",""pos"":""e"",""jyutping"":""e6""},{""word"":"","",""pos"":"""",""jyutping"":null},{""word"":""講"",""pos"":""v"",""jyutping"":""gong2""},{""word"":""費城"",""pos"":""ns"",""jyutping"":""fai3sing4""},{""word"":""計劃"",""pos"":""n"",""jyutping"":""gai3waak6""},{""word"":""嗰"",""pos"":""r"",""jyutping"":""go2""},{""word"":""本"",""pos"":""q"",""jyutping"":""bun2""},{""word"":""書"",""pos"":""n"",""jyutping"":""syu1""},{""word"":""呢"",""pos"":""y"",""jyutping"":""ne1""},{""word"":""."",""pos"":"""",""jyutping"":null}]"	REQUIRES_EXPERT_CONTEXT_REVIEW
aa62-d16f9353cf5383a0829a	FC-042_v.cha	4e8f9e2f767cf276afec05255706706cb3505cd646b2f5c1db21014db4405d20	21	86	4	XXL	見過	見	v	𡃉	y	PART	"{""normalizedSurface"":""見過""}"	其實我都見過𡃉嚹.	哦,係啊.	係唔係啊?	"{""startTokenIndexZeroBased"":0,""endTokenIndexExclusive"":8,""tokens"":[{""word"":""其實"",""pos"":""d"",""jyutping"":""kei4sat6""},{""word"":""我"",""pos"":""r"",""jyutping"":""ngo5""},{""word"":""都"",""pos"":""d"",""jyutping"":""dou1""},{""word"":""見"",""pos"":""v"",""jyutping"":""gin3""},{""word"":""過"",""pos"":""u"",""jyutping"":""gwo3""},{""word"":""𡃉"",""pos"":""y"",""jyutping"":""gaa3""},{""word"":""嚹"",""pos"":""y"",""jyutping"":""laa3""},{""word"":""."",""pos"":"""",""jyutping"":null}]}"	"[{""word"":""其實"",""pos"":""d"",""jyutping"":""kei4sat6""},{""word"":""我"",""pos"":""r"",""jyutping"":""ngo5""},{""word"":""都"",""pos"":""d"",""jyutping"":""dou1""},{""word"":""見"",""pos"":""v"",""jyutping"":""gin3""},{""word"":""過"",""pos"":""u"",""jyutping"":""gwo3""},{""word"":""𡃉"",""pos"":""y"",""jyutping"":""gaa3""},{""word"":""嚹"",""pos"":""y"",""jyutping"":""laa3""},{""word"":""."",""pos"":"""",""jyutping"":null}]"	REQUIRES_EXPERT_CONTEXT_REVIEW
aa62-6067fbef8f7cc40304a1	FC-042_v.cha	4e8f9e2f767cf276afec05255706706cb3505cd646b2f5c1db21014db4405d20	21	88	1	XXH	見過	見	v	唔	d	ADV	"{""normalizedSurface"":""見過""}"	見過唔出聲啊?	係唔係啊?	唔係,講下笑啫.	"{""startTokenIndexZeroBased"":0,""endTokenIndexExclusive"":6,""tokens"":[{""word"":""見"",""pos"":""v"",""jyutping"":""gin3""},{""word"":""過"",""pos"":""u"",""jyutping"":""gwo3""},{""word"":""唔"",""pos"":""d"",""jyutping"":""m4""},{""word"":""出聲"",""pos"":""v"",""jyutping"":""ceot1seng1""},{""word"":""啊"",""pos"":""y"",""jyutping"":""aa3""},{""word"":""?"",""pos"":"""",""jyutping"":null}]}"	"[{""word"":""見"",""pos"":""v"",""jyutping"":""gin3""},{""word"":""過"",""pos"":""u"",""jyutping"":""gwo3""},{""word"":""唔"",""pos"":""d"",""jyutping"":""m4""},{""word"":""出聲"",""pos"":""v"",""jyutping"":""ceot1seng1""},{""word"":""啊"",""pos"":""y"",""jyutping"":""aa3""},{""word"":""?"",""pos"":"""",""jyutping"":null}]"	REQUIRES_EXPERT_CONTEXT_REVIEW
aa62-2c563d3824942eb2ecc8	FC-042_v.cha	4e8f9e2f767cf276afec05255706706cb3505cd646b2f5c1db21014db4405d20	21	112	5	XXL	見過	見	v	啊	y	PART	"{""normalizedSurface"":""見過""}"	嗰陣時我喺外國見過啊.	而家都有𡃉喎,而家開始.	見過呢-見過呢,有一個game呢,其實有塊板𡃉.	"{""startTokenIndexZeroBased"":0,""endTokenIndexExclusive"":8,""tokens"":[{""word"":""嗰陣時"",""pos"":""r"",""jyutping"":""go2zan6si4""},{""word"":""我"",""pos"":""r"",""jyutping"":""ngo5""},{""word"":""喺"",""pos"":""p"",""jyutping"":""hai2""},{""word"":""外國"",""pos"":""n"",""jyutping"":""ngoi6gwok3""},{""word"":""見"",""pos"":""v"",""jyutping"":""gin3""},{""word"":""過"",""pos"":""u"",""jyutping"":""gwo3""},{""word"":""啊"",""pos"":""y"",""jyutping"":""aa3""},{""word"":""."",""pos"":"""",""jyutping"":null}]}"	"[{""word"":""嗰陣時"",""pos"":""r"",""jyutping"":""go2zan6si4""},{""word"":""我"",""pos"":""r"",""jyutping"":""ngo5""},{""word"":""喺"",""pos"":""p"",""jyutping"":""hai2""},{""word"":""外國"",""pos"":""n"",""jyutping"":""ngoi6gwok3""},{""word"":""見"",""pos"":""v"",""jyutping"":""gin3""},{""word"":""過"",""pos"":""u"",""jyutping"":""gwo3""},{""word"":""啊"",""pos"":""y"",""jyutping"":""aa3""},{""word"":""."",""pos"":"""",""jyutping"":null}]"	REQUIRES_EXPERT_CONTEXT_REVIEW
aa62-7d6344339de1e32e0aea	FC-042_v.cha	4e8f9e2f767cf276afec05255706706cb3505cd646b2f5c1db21014db4405d20	21	113	1	XXL	見過	見	v	呢	y1	PART	"{""normalizedSurface"":""見過""}"	見過呢-見過呢,有一個game呢,其實有塊板𡃉.	嗰陣時我喺外國見過啊.	你坐入去呢,跟住呢,你郁手郁腳呢,你-你即係電腦裏邊嗰隻手,即係其實駁-唔知駁落playstation定駁落超任度𡃉.	"{""startTokenIndexZeroBased"":0,""endTokenIndexExclusive"":8,""tokens"":[{""word"":""見"",""pos"":""v"",""jyutping"":""gin3""},{""word"":""過"",""pos"":""u"",""jyutping"":""gwo3""},{""word"":""呢"",""pos"":""y1"",""jyutping"":""ne1""},{""word"":""-"",""pos"":"""",""jyutping"":null},{""word"":""見"",""pos"":""v"",""jyutping"":""gin3""},{""word"":""過"",""pos"":""u"",""jyutping"":""gwo3""},{""word"":""呢"",""pos"":""y1"",""jyutping"":""ne1""},{""word"":"","",""pos"":"""",""jyutping"":null}]}"	"[{""word"":""見"",""pos"":""v"",""jyutping"":""gin3""},{""word"":""過"",""pos"":""u"",""jyutping"":""gwo3""},{""word"":""呢"",""pos"":""y1"",""jyutping"":""ne1""},{""word"":""-"",""pos"":"""",""jyutping"":null},{""word"":""見"",""pos"":""v"",""jyutping"":""gin3""},{""word"":""過"",""pos"":""u"",""jyutping"":""gwo3""},{""word"":""呢"",""pos"":""y1"",""jyutping"":""ne1""},{""word"":"","",""pos"":"""",""jyutping"":null},{""word"":""有"",""pos"":""v1"",""jyutping"":""jau5""},{""word"":""一"",""pos"":""m"",""jyutping"":""jat1""},{""word"":""個"",""pos"":""q"",""jyutping"":""go3""},{""word"":""game"",""pos"":""xn"",""jyutping"":null},{""word"":""呢"",""pos"":""y1"",""jyutping"":""ne1""},{""word"":"","",""pos"":"""",""jyutping"":null},{""word"":""其實"",""pos"":""d"",""jyutping"":""kei4sat6""},{""word"":""有"",""pos"":""v1"",""jyutping"":""jau5""},{""word"":""塊"",""pos"":""q"",""jyutping"":""faai3""},{""word"":""板"",""pos"":""n"",""jyutping"":""baan2""},{""word"":""𡃉"",""pos"":""y"",""jyutping"":""gaa3""},{""word"":""."",""pos"":"""",""jyutping"":null}]"	REQUIRES_EXPERT_CONTEXT_REVIEW
aa62-1204c08849fb12c578f6	FC-042_v.cha	4e8f9e2f767cf276afec05255706706cb3505cd646b2f5c1db21014db4405d20	21	113	5	XXL	見過	見	v	呢	y1	PART	"{""normalizedSurface"":""見過""}"	見過呢-見過呢,有一個game呢,其實有塊板𡃉.	嗰陣時我喺外國見過啊.	你坐入去呢,跟住呢,你郁手郁腳呢,你-你即係電腦裏邊嗰隻手,即係其實駁-唔知駁落playstation定駁落超任度𡃉.	"{""startTokenIndexZeroBased"":0,""endTokenIndexExclusive"":12,""tokens"":[{""word"":""見"",""pos"":""v"",""jyutping"":""gin3""},{""word"":""過"",""pos"":""u"",""jyutping"":""gwo3""},{""word"":""呢"",""pos"":""y1"",""jyutping"":""ne1""},{""word"":""-"",""pos"":"""",""jyutping"":null},{""word"":""見"",""pos"":""v"",""jyutping"":""gin3""},{""word"":""過"",""pos"":""u"",""jyutping"":""gwo3""},{""word"":""呢"",""pos"":""y1"",""jyutping"":""ne1""},{""word"":"","",""pos"":"""",""jyutping"":null},{""word"":""有"",""pos"":""v1"",""jyutping"":""jau5""},{""word"":""一"",""pos"":""m"",""jyutping"":""jat1""},{""word"":""個"",""pos"":""q"",""jyutping"":""go3""},{""word"":""game"",""pos"":""xn"",""jyutping"":null}]}"	"[{""word"":""見"",""pos"":""v"",""jyutping"":""gin3""},{""word"":""過"",""pos"":""u"",""jyutping"":""gwo3""},{""word"":""呢"",""pos"":""y1"",""jyutping"":""ne1""},{""word"":""-"",""pos"":"""",""jyutping"":null},{""word"":""見"",""pos"":""v"",""jyutping"":""gin3""},{""word"":""過"",""pos"":""u"",""jyutping"":""gwo3""},{""word"":""呢"",""pos"":""y1"",""jyutping"":""ne1""},{""word"":"","",""pos"":"""",""jyutping"":null},{""word"":""有"",""pos"":""v1"",""jyutping"":""jau5""},{""word"":""一"",""pos"":""m"",""jyutping"":""jat1""},{""word"":""個"",""pos"":""q"",""jyutping"":""go3""},{""word"":""game"",""pos"":""xn"",""jyutping"":null},{""word"":""呢"",""pos"":""y1"",""jyutping"":""ne1""},{""word"":"","",""pos"":"""",""jyutping"":null},{""word"":""其實"",""pos"":""d"",""jyutping"":""kei4sat6""},{""word"":""有"",""pos"":""v1"",""jyutping"":""jau5""},{""word"":""塊"",""pos"":""q"",""jyutping"":""faai3""},{""word"":""板"",""pos"":""n"",""jyutping"":""baan2""},{""word"":""𡃉"",""pos"":""y"",""jyutping"":""gaa3""},{""word"":""."",""pos"":"""",""jyutping"":null}]"	REQUIRES_EXPERT_CONTEXT_REVIEW
aa62-2be399e259adf0b5aa51	FC-044_v2.cha	72dc24a95d5582e7e52a6748c1ac01d08fe1918399ebfb107c551c6656435430	22	45	9	XXE	揾過	揾	v	份	q	NOUN	"{""normalizedSurface"":""揾過""}"	噉𠻺好快就會又要揾過份工嚹你.	噉誒,噉𠻺慘啲真係.	係喇.	"{""startTokenIndexZeroBased"":2,""endTokenIndexExclusive"":15,""tokens"":[{""word"":""好"",""pos"":""d"",""jyutping"":""hou2""},{""word"":""快"",""pos"":""a"",""jyutping"":""faai3""},{""word"":""就"",""pos"":""d"",""jyutping"":""zau6""},{""word"":""會"",""pos"":""vu"",""jyutping"":""wui5""},{""word"":""又"",""pos"":""d"",""jyutping"":""jau6""},{""word"":""要"",""pos"":""vu"",""jyutping"":""jiu3""},{""word"":""揾"",""pos"":""v"",""jyutping"":""wan2""},{""word"":""過"",""pos"":""u"",""jyutping"":""gwo3""},{""word"":""份"",""pos"":""q"",""jyutping"":""fan6""},{""word"":""工"",""pos"":""n"",""jyutping"":""gung1""},{""word"":""嚹"",""pos"":""y"",""jyutping"":""laa3""},{""word"":""你"",""pos"":""r"",""jyutping"":""nei5""},{""word"":""."",""pos"":"""",""jyutping"":null}]}"	"[{""word"":""噉"",""pos"":""c"",""jyutping"":""gam2""},{""word"":""𠻺"",""pos"":""d"",""jyutping"":""aa6""},{""word"":""好"",""pos"":""d"",""jyutping"":""hou2""},{""word"":""快"",""pos"":""a"",""jyutping"":""faai3""},{""word"":""就"",""pos"":""d"",""jyutping"":""zau6""},{""word"":""會"",""pos"":""vu"",""jyutping"":""wui5""},{""word"":""又"",""pos"":""d"",""jyutping"":""jau6""},{""word"":""要"",""pos"":""vu"",""jyutping"":""jiu3""},{""word"":""揾"",""pos"":""v"",""jyutping"":""wan2""},{""word"":""過"",""pos"":""u"",""jyutping"":""gwo3""},{""word"":""份"",""pos"":""q"",""jyutping"":""fan6""},{""word"":""工"",""pos"":""n"",""jyutping"":""gung1""},{""word"":""嚹"",""pos"":""y"",""jyutping"":""laa3""},{""word"":""你"",""pos"":""r"",""jyutping"":""nei5""},{""word"":""."",""pos"":"""",""jyutping"":null}]"	REQUIRES_EXPERT_CONTEXT_REVIEW
aa62-280b81db241f9c0db373	FC-044_v2.cha	72dc24a95d5582e7e52a6748c1ac01d08fe1918399ebfb107c551c6656435430	22	60	9	XXE	聽過	聽	v	囖	y	PART	"{""normalizedSurface"":""聽過""}"	程度好高,但係聽都未聽過囖.	程-,程度好高嘅學校囖.	係囖.	"{""startTokenIndexZeroBased"":2,""endTokenIndexExclusive"":12,""tokens"":[{""word"":""高"",""pos"":""a"",""jyutping"":""gou1""},{""word"":"","",""pos"":"""",""jyutping"":null},{""word"":""但係"",""pos"":""c"",""jyutping"":""daan6hai6""},{""word"":""聽"",""pos"":""v"",""jyutping"":""teng1""},{""word"":""都"",""pos"":""d"",""jyutping"":""dou1""},{""word"":""未"",""pos"":""d"",""jyutping"":""mei6""},{""word"":""聽"",""pos"":""v"",""jyutping"":""teng1""},{""word"":""過"",""pos"":""u"",""jyutping"":""gwo3""},{""word"":""囖"",""pos"":""y"",""jyutping"":""lo1""},{""word"":""."",""pos"":"""",""jyutping"":null}]}"	"[{""word"":""程度"",""pos"":""n"",""jyutping"":""cing4dou6""},{""word"":""好"",""pos"":""d"",""jyutping"":""hou2""},{""word"":""高"",""pos"":""a"",""jyutping"":""gou1""},{""word"":"","",""pos"":"""",""jyutping"":null},{""word"":""但係"",""pos"":""c"",""jyutping"":""daan6hai6""},{""word"":""聽"",""pos"":""v"",""jyutping"":""teng1""},{""word"":""都"",""pos"":""d"",""jyutping"":""dou1""},{""word"":""未"",""pos"":""d"",""jyutping"":""mei6""},{""word"":""聽"",""pos"":""v"",""jyutping"":""teng1""},{""word"":""過"",""pos"":""u"",""jyutping"":""gwo3""},{""word"":""囖"",""pos"":""y"",""jyutping"":""lo1""},{""word"":""."",""pos"":"""",""jyutping"":null}]"	REQUIRES_EXPERT_CONTEXT_REVIEW
aa62-7bf97fd4c205e19b13d4	FC-044_v2.cha	72dc24a95d5582e7e52a6748c1ac01d08fe1918399ebfb107c551c6656435430	22	374	3	XXE	試過	試	v	搭	v	VERB	"{""normalizedSurface"":""試過""}"	搭車都試過搭成個幾兩個鐘先去到.	但係我諗都相隔幾遠𡃉喎.	噢.	"{""startTokenIndexZeroBased"":0,""endTokenIndexExclusive"":10,""tokens"":[{""word"":""搭車"",""pos"":""v"",""jyutping"":""daap3ce1""},{""word"":""都"",""pos"":""d"",""jyutping"":""dou1""},{""word"":""試"",""pos"":""v"",""jyutping"":""si3""},{""word"":""過"",""pos"":""u"",""jyutping"":""gwo3""},{""word"":""搭"",""pos"":""v"",""jyutping"":""daap3""},{""word"":""成"",""pos"":""m"",""jyutping"":""seng4""},{""word"":""個"",""pos"":""q"",""jyutping"":""go3""},{""word"":""幾"",""pos"":""m"",""jyutping"":""gei2""},{""word"":""兩"",""pos"":""m"",""jyutping"":""loeng5""},{""word"":""個"",""pos"":""q"",""jyutping"":""go3""}]}"	"[{""word"":""搭車"",""pos"":""v"",""jyutping"":""daap3ce1""},{""word"":""都"",""pos"":""d"",""jyutping"":""dou1""},{""word"":""試"",""pos"":""v"",""jyutping"":""si3""},{""word"":""過"",""pos"":""u"",""jyutping"":""gwo3""},{""word"":""搭"",""pos"":""v"",""jyutping"":""daap3""},{""word"":""成"",""pos"":""m"",""jyutping"":""seng4""},{""word"":""個"",""pos"":""q"",""jyutping"":""go3""},{""word"":""幾"",""pos"":""m"",""jyutping"":""gei2""},{""word"":""兩"",""pos"":""m"",""jyutping"":""loeng5""},{""word"":""個"",""pos"":""q"",""jyutping"":""go3""},{""word"":""鐘"",""pos"":""n"",""jyutping"":""zung1""},{""word"":""先"",""pos"":""d"",""jyutping"":""sin1""},{""word"":""去"",""pos"":""v"",""jyutping"":""heoi3""},{""word"":""到"",""pos"":""u"",""jyutping"":""dou3""},{""word"":""."",""pos"":"""",""jyutping"":null}]"	REQUIRES_EXPERT_CONTEXT_REVIEW
aa62-56cb3fdf2790ce9d7cab	FC-044_v2.cha	72dc24a95d5582e7e52a6748c1ac01d08fe1918399ebfb107c551c6656435430	22	441	5	XXE	揾過	揾	v	個	q	NOUN	"{""normalizedSurface"":""揾過""}"	我以為決定要揾過個新嘅𠻹.	哦,原來係噉啊.	揾唔到啊.	"{""startTokenIndexZeroBased"":0,""endTokenIndexExclusive"":11,""tokens"":[{""word"":""我"",""pos"":""r"",""jyutping"":""ngo5""},{""word"":""以為"",""pos"":""v"",""jyutping"":""ji5wai4""},{""word"":""決定"",""pos"":""v"",""jyutping"":""kyut3ding6""},{""word"":""要"",""pos"":""vu"",""jyutping"":""jiu3""},{""word"":""揾"",""pos"":""v"",""jyutping"":""wan2""},{""word"":""過"",""pos"":""u"",""jyutping"":""gwo3""},{""word"":""個"",""pos"":""q"",""jyutping"":""go3""},{""word"":""新"",""pos"":""a"",""jyutping"":""san1""},{""word"":""嘅"",""pos"":""u"",""jyutping"":""ge3""},{""word"":""𠻹"",""pos"":""y"",""jyutping"":""tim1""},{""word"":""."",""pos"":"""",""jyutping"":null}]}"	"[{""word"":""我"",""pos"":""r"",""jyutping"":""ngo5""},{""word"":""以為"",""pos"":""v"",""jyutping"":""ji5wai4""},{""word"":""決定"",""pos"":""v"",""jyutping"":""kyut3ding6""},{""word"":""要"",""pos"":""vu"",""jyutping"":""jiu3""},{""word"":""揾"",""pos"":""v"",""jyutping"":""wan2""},{""word"":""過"",""pos"":""u"",""jyutping"":""gwo3""},{""word"":""個"",""pos"":""q"",""jyutping"":""go3""},{""word"":""新"",""pos"":""a"",""jyutping"":""san1""},{""word"":""嘅"",""pos"":""u"",""jyutping"":""ge3""},{""word"":""𠻹"",""pos"":""y"",""jyutping"":""tim1""},{""word"":""."",""pos"":"""",""jyutping"":null}]"	REQUIRES_EXPERT_CONTEXT_REVIEW
aa62-288d36cb5d9f76371efb	FC-045_v2.cha	3b1b5ada7cebf940e99af50b4056be09f644177155a8627e1e9b28c4239e9c0d	23	210	5	XXB	留意過	留意	v	.		X	"{""normalizedSurface"":""留意過""}"	"""我都冇留意過."	你話乜嘢都唔識嗰個呀?	係,係啊.	"{""startTokenIndexZeroBased"":0,""endTokenIndexExclusive"":7,""tokens"":[{""word"":""\"""",""pos"":"""",""jyutping"":null},{""word"":""我"",""pos"":""r"",""jyutping"":""ngo5""},{""word"":""都"",""pos"":""d"",""jyutping"":""dou1""},{""word"":""冇"",""pos"":""v1"",""jyutping"":""mou5""},{""word"":""留意"",""pos"":""v"",""jyutping"":""lau4ji3""},{""word"":""過"",""pos"":""u"",""jyutping"":""gwo3""},{""word"":""."",""pos"":"""",""jyutping"":null}]}"	"[{""word"":""\"""",""pos"":"""",""jyutping"":null},{""word"":""我"",""pos"":""r"",""jyutping"":""ngo5""},{""word"":""都"",""pos"":""d"",""jyutping"":""dou1""},{""word"":""冇"",""pos"":""v1"",""jyutping"":""mou5""},{""word"":""留意"",""pos"":""v"",""jyutping"":""lau4ji3""},{""word"":""過"",""pos"":""u"",""jyutping"":""gwo3""},{""word"":""."",""pos"":"""",""jyutping"":null}]"	REQUIRES_EXPERT_CONTEXT_REVIEW
aa62-bfb04419cbea1e7eaef6	FC-045_v2.cha	3b1b5ada7cebf940e99af50b4056be09f644177155a8627e1e9b28c4239e9c0d	23	353	2	XXA	改過	改	v	名	n	NOUN	"{""normalizedSurface"":""改過""}"	不如改過名叫Esprit吖.	改𠻺冇得講啫.	Esprit.	"{""startTokenIndexZeroBased"":0,""endTokenIndexExclusive"":8,""tokens"":[{""word"":""不如"",""pos"":""v"",""jyutping"":""bat1jyu4""},{""word"":""改"",""pos"":""v"",""jyutping"":""goi2""},{""word"":""過"",""pos"":""u"",""jyutping"":""gwo3""},{""word"":""名"",""pos"":""n"",""jyutping"":""meng2""},{""word"":""叫"",""pos"":""v"",""jyutping"":""giu3""},{""word"":""Esprit"",""pos"":""xnt"",""jyutping"":null},{""word"":""吖"",""pos"":""y"",""jyutping"":""aa1""},{""word"":""."",""pos"":"""",""jyutping"":null}]}"	"[{""word"":""不如"",""pos"":""v"",""jyutping"":""bat1jyu4""},{""word"":""改"",""pos"":""v"",""jyutping"":""goi2""},{""word"":""過"",""pos"":""u"",""jyutping"":""gwo3""},{""word"":""名"",""pos"":""n"",""jyutping"":""meng2""},{""word"":""叫"",""pos"":""v"",""jyutping"":""giu3""},{""word"":""Esprit"",""pos"":""xnt"",""jyutping"":null},{""word"":""吖"",""pos"":""y"",""jyutping"":""aa1""},{""word"":""."",""pos"":"""",""jyutping"":null}]"	REQUIRES_EXPERT_CONTEXT_REVIEW
aa62-641f306bfc20409437c6	FC-045_v2.cha	3b1b5ada7cebf940e99af50b4056be09f644177155a8627e1e9b28c4239e9c0d	23	376	1	XXK	睇過	睇	v	未	d	ADV	"{""normalizedSurface"":""睇過""}"	睇過未吖?	一去到就話,來,快啲睇,快啲睇,快啲睇.	睇晒嚹,睇晒嚹.	"{""startTokenIndexZeroBased"":0,""endTokenIndexExclusive"":5,""tokens"":[{""word"":""睇"",""pos"":""v"",""jyutping"":""tai2""},{""word"":""過"",""pos"":""u"",""jyutping"":""gwo3""},{""word"":""未"",""pos"":""d"",""jyutping"":""mei6""},{""word"":""吖"",""pos"":""y"",""jyutping"":""aa1""},{""word"":""?"",""pos"":"""",""jyutping"":null}]}"	"[{""word"":""睇"",""pos"":""v"",""jyutping"":""tai2""},{""word"":""過"",""pos"":""u"",""jyutping"":""gwo3""},{""word"":""未"",""pos"":""d"",""jyutping"":""mei6""},{""word"":""吖"",""pos"":""y"",""jyutping"":""aa1""},{""word"":""?"",""pos"":"""",""jyutping"":null}]"	REQUIRES_EXPERT_CONTEXT_REVIEW
aa62-002fcd1174551a027215	FC-046_v2.cha	27d9b748a81260c501362591915da1946c27f25638d6769eef22991158693f0a	24	54	4	XXB	讀過	讀	v	𠺝	y	PART	"{""normalizedSurface"":""讀過""}"	好似阿Francoise讀過𠺝.	唔知啊.	我幾時有讀過啊?	"{""startTokenIndexZeroBased"":0,""endTokenIndexExclusive"":7,""tokens"":[{""word"":""好似"",""pos"":""v"",""jyutping"":""hou2ci5""},{""word"":""阿"",""pos"":""h"",""jyutping"":""aa3""},{""word"":""Francoise"",""pos"":""xnr"",""jyutping"":null},{""word"":""讀"",""pos"":""v"",""jyutping"":""duk6""},{""word"":""過"",""pos"":""u"",""jyutping"":""gwo3""},{""word"":""𠺝"",""pos"":""y"",""jyutping"":""gaak3""},{""word"":""."",""pos"":"""",""jyutping"":null}]}"	"[{""word"":""好似"",""pos"":""v"",""jyutping"":""hou2ci5""},{""word"":""阿"",""pos"":""h"",""jyutping"":""aa3""},{""word"":""Francoise"",""pos"":""xnr"",""jyutping"":null},{""word"":""讀"",""pos"":""v"",""jyutping"":""duk6""},{""word"":""過"",""pos"":""u"",""jyutping"":""gwo3""},{""word"":""𠺝"",""pos"":""y"",""jyutping"":""gaak3""},{""word"":""."",""pos"":"""",""jyutping"":null}]"	REQUIRES_EXPERT_CONTEXT_REVIEW
aa62-9cefb30aa23097f9c034	FC-046_v2.cha	27d9b748a81260c501362591915da1946c27f25638d6769eef22991158693f0a	24	55	4	XXA	讀過	讀	v	啊	y	PART	"{""normalizedSurface"":""讀過""}"	我幾時有讀過啊?	好似阿Francoise讀過𠺝.	冇讀過咩?	"{""startTokenIndexZeroBased"":0,""endTokenIndexExclusive"":7,""tokens"":[{""word"":""我"",""pos"":""r"",""jyutping"":""ngo5""},{""word"":""幾時"",""pos"":""r"",""jyutping"":""gei2si4""},{""word"":""有"",""pos"":""v1"",""jyutping"":""jau5""},{""word"":""讀"",""pos"":""v"",""jyutping"":""duk6""},{""word"":""過"",""pos"":""u"",""jyutping"":""gwo3""},{""word"":""啊"",""pos"":""y"",""jyutping"":""aa3""},{""word"":""?"",""pos"":"""",""jyutping"":null}]}"	"[{""word"":""我"",""pos"":""r"",""jyutping"":""ngo5""},{""word"":""幾時"",""pos"":""r"",""jyutping"":""gei2si4""},{""word"":""有"",""pos"":""v1"",""jyutping"":""jau5""},{""word"":""讀"",""pos"":""v"",""jyutping"":""duk6""},{""word"":""過"",""pos"":""u"",""jyutping"":""gwo3""},{""word"":""啊"",""pos"":""y"",""jyutping"":""aa3""},{""word"":""?"",""pos"":"""",""jyutping"":null}]"	REQUIRES_EXPERT_CONTEXT_REVIEW
aa62-14cbe4414fc2cf62e383	FC-046_v2.cha	27d9b748a81260c501362591915da1946c27f25638d6769eef22991158693f0a	24	56	2	XXB	讀過	讀	v	咩	y	PART	"{""normalizedSurface"":""讀過""}"	冇讀過咩?	我幾時有讀過啊?	我阿妹讀過啫嗎.	"{""startTokenIndexZeroBased"":0,""endTokenIndexExclusive"":5,""tokens"":[{""word"":""冇"",""pos"":""v1"",""jyutping"":""mou5""},{""word"":""讀"",""pos"":""v"",""jyutping"":""duk6""},{""word"":""過"",""pos"":""u"",""jyutping"":""gwo3""},{""word"":""咩"",""pos"":""y"",""jyutping"":""me1""},{""word"":""?"",""pos"":"""",""jyutping"":null}]}"	"[{""word"":""冇"",""pos"":""v1"",""jyutping"":""mou5""},{""word"":""讀"",""pos"":""v"",""jyutping"":""duk6""},{""word"":""過"",""pos"":""u"",""jyutping"":""gwo3""},{""word"":""咩"",""pos"":""y"",""jyutping"":""me1""},{""word"":""?"",""pos"":"""",""jyutping"":null}]"	REQUIRES_EXPERT_CONTEXT_REVIEW
aa62-e0782eb30b4f2f81e4dd	FC-046_v2.cha	27d9b748a81260c501362591915da1946c27f25638d6769eef22991158693f0a	24	57	3	XXA	讀過	讀	v	啫	y	PART	"{""normalizedSurface"":""讀過""}"	我阿妹讀過啫嗎.	冇讀過咩?	哦!你阿妹讀過.	"{""startTokenIndexZeroBased"":0,""endTokenIndexExclusive"":7,""tokens"":[{""word"":""我"",""pos"":""r"",""jyutping"":""ngo5""},{""word"":""阿妹"",""pos"":""n"",""jyutping"":""aa3mui2""},{""word"":""讀"",""pos"":""v"",""jyutping"":""duk6""},{""word"":""過"",""pos"":""u"",""jyutping"":""gwo3""},{""word"":""啫"",""pos"":""y"",""jyutping"":""ze1""},{""word"":""嗎"",""pos"":""y"",""jyutping"":""maa3""},{""word"":""."",""pos"":"""",""jyutping"":null}]}"	"[{""word"":""我"",""pos"":""r"",""jyutping"":""ngo5""},{""word"":""阿妹"",""pos"":""n"",""jyutping"":""aa3mui2""},{""word"":""讀"",""pos"":""v"",""jyutping"":""duk6""},{""word"":""過"",""pos"":""u"",""jyutping"":""gwo3""},{""word"":""啫"",""pos"":""y"",""jyutping"":""ze1""},{""word"":""嗎"",""pos"":""y"",""jyutping"":""maa3""},{""word"":""."",""pos"":"""",""jyutping"":null}]"	REQUIRES_EXPERT_CONTEXT_REVIEW
aa62-539a26ab0758b3d3778b	FC-046_v2.cha	27d9b748a81260c501362591915da1946c27f25638d6769eef22991158693f0a	24	58	5	XXB	讀過	讀	v	.		X	"{""normalizedSurface"":""讀過""}"	哦!你阿妹讀過.	我阿妹讀過啫嗎.	係呀?	"{""startTokenIndexZeroBased"":0,""endTokenIndexExclusive"":7,""tokens"":[{""word"":""哦"",""pos"":""e"",""jyutping"":""o3""},{""word"":""!"",""pos"":"""",""jyutping"":null},{""word"":""你"",""pos"":""r"",""jyutping"":""nei5""},{""word"":""阿妹"",""pos"":""n"",""jyutping"":""aa3mui2""},{""word"":""讀"",""pos"":""v"",""jyutping"":""duk6""},{""word"":""過"",""pos"":""u"",""jyutping"":""gwo3""},{""word"":""."",""pos"":"""",""jyutping"":null}]}"	"[{""word"":""哦"",""pos"":""e"",""jyutping"":""o3""},{""word"":""!"",""pos"":"""",""jyutping"":null},{""word"":""你"",""pos"":""r"",""jyutping"":""nei5""},{""word"":""阿妹"",""pos"":""n"",""jyutping"":""aa3mui2""},{""word"":""讀"",""pos"":""v"",""jyutping"":""duk6""},{""word"":""過"",""pos"":""u"",""jyutping"":""gwo3""},{""word"":""."",""pos"":"""",""jyutping"":null}]"	REQUIRES_EXPERT_CONTEXT_REVIEW
aa62-1080218f7abf0d386a84	FC-046_v2.cha	27d9b748a81260c501362591915da1946c27f25638d6769eef22991158693f0a	24	142	3	XXA	做過	做	v	威爾斯	nt	PROPN	"{""normalizedSurface"":""做過""}"	你都做過威爾斯𡃉喎,有乜嘢comment啊?	喀.	冇.	"{""startTokenIndexZeroBased"":0,""endTokenIndexExclusive"":10,""tokens"":[{""word"":""你"",""pos"":""r"",""jyutping"":""nei5""},{""word"":""都"",""pos"":""d"",""jyutping"":""dou1""},{""word"":""做"",""pos"":""v"",""jyutping"":""zou6""},{""word"":""過"",""pos"":""u"",""jyutping"":""gwo3""},{""word"":""威爾斯"",""pos"":""nt"",""jyutping"":""wai1ji5si1""},{""word"":""𡃉"",""pos"":""y"",""jyutping"":""gaa3""},{""word"":""喎"",""pos"":""y"",""jyutping"":""wo3""},{""word"":"","",""pos"":"""",""jyutping"":null},{""word"":""有"",""pos"":""v1"",""jyutping"":""jau5""},{""word"":""乜嘢"",""pos"":""r"",""jyutping"":""mat1je5""}]}"	"[{""word"":""你"",""pos"":""r"",""jyutping"":""nei5""},{""word"":""都"",""pos"":""d"",""jyutping"":""dou1""},{""word"":""做"",""pos"":""v"",""jyutping"":""zou6""},{""word"":""過"",""pos"":""u"",""jyutping"":""gwo3""},{""word"":""威爾斯"",""pos"":""nt"",""jyutping"":""wai1ji5si1""},{""word"":""𡃉"",""pos"":""y"",""jyutping"":""gaa3""},{""word"":""喎"",""pos"":""y"",""jyutping"":""wo3""},{""word"":"","",""pos"":"""",""jyutping"":null},{""word"":""有"",""pos"":""v1"",""jyutping"":""jau5""},{""word"":""乜嘢"",""pos"":""r"",""jyutping"":""mat1je5""},{""word"":""comment"",""pos"":""xn"",""jyutping"":null},{""word"":""啊"",""pos"":""y"",""jyutping"":""aa3""},{""word"":""?"",""pos"":"""",""jyutping"":null}]"	REQUIRES_EXPERT_CONTEXT_REVIEW
aa62-25568cd1afee9c4c93b8	FC-046_v2.cha	27d9b748a81260c501362591915da1946c27f25638d6769eef22991158693f0a	24	145	3	XXC	做過	做	v	威爾斯	nt	PROPN	"{""normalizedSurface"":""做過""}"	點解你做過威爾斯𠸏?	誒,其實威爾斯都-如果係做professor級嗰啲,或者SMO係好醒𡃉嗰啲.	噉嗰陣有個自殺院係嗰度吖嗎,我調過去嗰度做咗三年零七個月.	"{""startTokenIndexZeroBased"":0,""endTokenIndexExclusive"":7,""tokens"":[{""word"":""點解"",""pos"":""r"",""jyutping"":""dim2gaai2""},{""word"":""你"",""pos"":""r"",""jyutping"":""nei5""},{""word"":""做"",""pos"":""v"",""jyutping"":""zou6""},{""word"":""過"",""pos"":""u"",""jyutping"":""gwo3""},{""word"":""威爾斯"",""pos"":""nt"",""jyutping"":""wai1ji5si1""},{""word"":""𠸏"",""pos"":""y"",""jyutping"":""ge2""},{""word"":""?"",""pos"":"""",""jyutping"":null}]}"	"[{""word"":""點解"",""pos"":""r"",""jyutping"":""dim2gaai2""},{""word"":""你"",""pos"":""r"",""jyutping"":""nei5""},{""word"":""做"",""pos"":""v"",""jyutping"":""zou6""},{""word"":""過"",""pos"":""u"",""jyutping"":""gwo3""},{""word"":""威爾斯"",""pos"":""nt"",""jyutping"":""wai1ji5si1""},{""word"":""𠸏"",""pos"":""y"",""jyutping"":""ge2""},{""word"":""?"",""pos"":"""",""jyutping"":null}]"	REQUIRES_EXPERT_CONTEXT_REVIEW
aa62-cd6ac96c4ed3c9598a98	FC-046_v2.cha	27d9b748a81260c501362591915da1946c27f25638d6769eef22991158693f0a	24	169	6	XXB	出過	出	v	聲	n	NOUN	"{""normalizedSurface"":""出過""}"	我冇-我冇出過聲𡃉.	唔係𡃉.	佢調你㗎喳?	"{""startTokenIndexZeroBased"":0,""endTokenIndexExclusive"":10,""tokens"":[{""word"":""我"",""pos"":""r"",""jyutping"":""ngo5""},{""word"":""冇"",""pos"":""v1"",""jyutping"":""mou5""},{""word"":""-"",""pos"":"""",""jyutping"":null},{""word"":""我"",""pos"":""r"",""jyutping"":""ngo5""},{""word"":""冇"",""pos"":""v1"",""jyutping"":""mou5""},{""word"":""出"",""pos"":""v"",""jyutping"":""ceot1""},{""word"":""過"",""pos"":""u"",""jyutping"":""gwo3""},{""word"":""聲"",""pos"":""n"",""jyutping"":""seng1""},{""word"":""𡃉"",""pos"":""y"",""jyutping"":""gaa3""},{""word"":""."",""pos"":"""",""jyutping"":null}]}"	"[{""word"":""我"",""pos"":""r"",""jyutping"":""ngo5""},{""word"":""冇"",""pos"":""v1"",""jyutping"":""mou5""},{""word"":""-"",""pos"":"""",""jyutping"":null},{""word"":""我"",""pos"":""r"",""jyutping"":""ngo5""},{""word"":""冇"",""pos"":""v1"",""jyutping"":""mou5""},{""word"":""出"",""pos"":""v"",""jyutping"":""ceot1""},{""word"":""過"",""pos"":""u"",""jyutping"":""gwo3""},{""word"":""聲"",""pos"":""n"",""jyutping"":""seng1""},{""word"":""𡃉"",""pos"":""y"",""jyutping"":""gaa3""},{""word"":""."",""pos"":"""",""jyutping"":null}]"	REQUIRES_EXPERT_CONTEXT_REVIEW
aa62-4fda97ab33fa7871bd81	FC-046_v2.cha	27d9b748a81260c501362591915da1946c27f25638d6769eef22991158693f0a	24	177	6	XXB	唔係過	唔係	v	咗	u	PART	"{""normalizedSurface"":""唔係過""}"	佢,誒,又唔係過咗去先,誒,佢可能會dam1長一兩個月,跟住都係監粗㧬啲人走𡃉.	過咗去先.	吓?	"{""startTokenIndexZeroBased"":0,""endTokenIndexExclusive"":13,""tokens"":[{""word"":""佢"",""pos"":""r"",""jyutping"":""keoi5""},{""word"":"","",""pos"":"""",""jyutping"":null},{""word"":""誒"",""pos"":""e"",""jyutping"":""e6""},{""word"":"","",""pos"":"""",""jyutping"":null},{""word"":""又"",""pos"":""d"",""jyutping"":""jau6""},{""word"":""唔係"",""pos"":""v"",""jyutping"":""m4hai6""},{""word"":""過"",""pos"":""v"",""jyutping"":""gwo3""},{""word"":""咗"",""pos"":""u"",""jyutping"":""zo2""},{""word"":""去"",""pos"":""v"",""jyutping"":""heoi3""},{""word"":""先"",""pos"":""d"",""jyutping"":""sin1""},{""word"":"","",""pos"":"""",""jyutping"":null},{""word"":""誒"",""pos"":""e"",""jyutping"":""e6""},{""word"":"","",""pos"":"""",""jyutping"":null}]}"	"[{""word"":""佢"",""pos"":""r"",""jyutping"":""keoi5""},{""word"":"","",""pos"":"""",""jyutping"":null},{""word"":""誒"",""pos"":""e"",""jyutping"":""e6""},{""word"":"","",""pos"":"""",""jyutping"":null},{""word"":""又"",""pos"":""d"",""jyutping"":""jau6""},{""word"":""唔係"",""pos"":""v"",""jyutping"":""m4hai6""},{""word"":""過"",""pos"":""v"",""jyutping"":""gwo3""},{""word"":""咗"",""pos"":""u"",""jyutping"":""zo2""},{""word"":""去"",""pos"":""v"",""jyutping"":""heoi3""},{""word"":""先"",""pos"":""d"",""jyutping"":""sin1""},{""word"":"","",""pos"":"""",""jyutping"":null},{""word"":""誒"",""pos"":""e"",""jyutping"":""e6""},{""word"":"","",""pos"":"""",""jyutping"":null},{""word"":""佢"",""pos"":""r"",""jyutping"":""keoi5""},{""word"":""可能"",""pos"":""vu"",""jyutping"":""ho2nang4""},{""word"":""會"",""pos"":""vu"",""jyutping"":""wui5""},{""word"":""dam1"",""pos"":""v"",""jyutping"":""dam1""},{""word"":""長"",""pos"":""a"",""jyutping"":""coeng4""},{""word"":""一"",""pos"":""m"",""jyutping"":""jat1""},{""word"":""兩"",""pos"":""m"",""jyutping"":""loeng5""},{""word"":""個"",""pos"":""q"",""jyutping"":""go3""},{""word"":""月"",""pos"":""n"",""jyutping"":""jyut6""},{""word"":"","",""pos"":"""",""jyutping"":null},{""word"":""跟住"",""pos"":""c"",""jyutping"":""gan1zyu6""},{""word"":""都"",""pos"":""d"",""jyutping"":""dou1""},{""word"":""係"",""pos"":""v"",""jyutping"":""hai6""},{""word"":""監粗"",""pos"":""d"",""jyutping"":""gaam3cou1""},{""word"":""㧬"",""pos"":""v"",""jyutping"":""ung2""},{""word"":""啲"",""pos"":""q"",""jyutping"":""di1""},{""word"":""人"",""pos"":""n"",""jyutping"":""jan4""},{""word"":""走"",""pos"":""v"",""jyutping"":""zau2""},{""word"":""𡃉"",""pos"":""y"",""jyutping"":""gaa3""},{""word"":""."",""pos"":"""",""jyutping"":null}]"	REQUIRES_EXPERT_CONTEXT_REVIEW
aa62-88685fd69ff6da18f3be	FC-048_v2.cha	4f33e6b5f6b073270b0c7c81d2a3a9c9d840632ba44b2c1513dfc253dd3ba6e4	25	179	2	XXA	飲過	飲	v	.		X	"{""normalizedSurface"":""飲過""}"	UCC飲過.	BlueMountain都係乜嘢𡃉啫嗎.	BlueMountain係好正𡃉.	"{""startTokenIndexZeroBased"":0,""endTokenIndexExclusive"":4,""tokens"":[{""word"":""UCC"",""pos"":""xnt"",""jyutping"":null},{""word"":""飲"",""pos"":""v"",""jyutping"":""jam2""},{""word"":""過"",""pos"":""u"",""jyutping"":""gwo3""},{""word"":""."",""pos"":"""",""jyutping"":null}]}"	"[{""word"":""UCC"",""pos"":""xnt"",""jyutping"":null},{""word"":""飲"",""pos"":""v"",""jyutping"":""jam2""},{""word"":""過"",""pos"":""u"",""jyutping"":""gwo3""},{""word"":""."",""pos"":"""",""jyutping"":null}]"	REQUIRES_EXPERT_CONTEXT_REVIEW
aa62-3bb2c419b31be0b287eb	FC-048_v2.cha	4f33e6b5f6b073270b0c7c81d2a3a9c9d840632ba44b2c1513dfc253dd3ba6e4	25	200	3	XXA	試過	試	v	一	m	NUM	"{""normalizedSurface"":""試過""}"	我係試過一次胃發炎之後先唔敢再飲啫嗎.	係咩?	嗯.	"{""startTokenIndexZeroBased"":0,""endTokenIndexExclusive"":10,""tokens"":[{""word"":""我"",""pos"":""r"",""jyutping"":""ngo5""},{""word"":""係"",""pos"":""v"",""jyutping"":""hai6""},{""word"":""試"",""pos"":""v"",""jyutping"":""si3""},{""word"":""過"",""pos"":""u"",""jyutping"":""gwo3""},{""word"":""一"",""pos"":""m"",""jyutping"":""jat1""},{""word"":""次"",""pos"":""q"",""jyutping"":""ci3""},{""word"":""胃"",""pos"":""n"",""jyutping"":""wai6""},{""word"":""發炎"",""pos"":""v"",""jyutping"":""faat3jim4""},{""word"":""之後"",""pos"":""f"",""jyutping"":""zi1hau6""},{""word"":""先"",""pos"":""d"",""jyutping"":""sin1""}]}"	"[{""word"":""我"",""pos"":""r"",""jyutping"":""ngo5""},{""word"":""係"",""pos"":""v"",""jyutping"":""hai6""},{""word"":""試"",""pos"":""v"",""jyutping"":""si3""},{""word"":""過"",""pos"":""u"",""jyutping"":""gwo3""},{""word"":""一"",""pos"":""m"",""jyutping"":""jat1""},{""word"":""次"",""pos"":""q"",""jyutping"":""ci3""},{""word"":""胃"",""pos"":""n"",""jyutping"":""wai6""},{""word"":""發炎"",""pos"":""v"",""jyutping"":""faat3jim4""},{""word"":""之後"",""pos"":""f"",""jyutping"":""zi1hau6""},{""word"":""先"",""pos"":""d"",""jyutping"":""sin1""},{""word"":""唔"",""pos"":""d"",""jyutping"":""m4""},{""word"":""敢"",""pos"":""v"",""jyutping"":""gam2""},{""word"":""再"",""pos"":""d"",""jyutping"":""zoi3""},{""word"":""飲"",""pos"":""v"",""jyutping"":""jam2""},{""word"":""啫"",""pos"":""y"",""jyutping"":""ze1""},{""word"":""嗎"",""pos"":""y"",""jyutping"":""maa3""},{""word"":""."",""pos"":"""",""jyutping"":null}]"	REQUIRES_EXPERT_CONTEXT_REVIEW
aa62-ab7468cc3646582264af	FC-048_v2.cha	4f33e6b5f6b073270b0c7c81d2a3a9c9d840632ba44b2c1513dfc253dd3ba6e4	25	243	4	XXC	試過	試	v	考	v	VERB	"{""normalizedSurface"":""試過""}"	我-我試過考會考嗰陣時就一晚飲三杯齋啡.	飲咗落去舒服啲嘅.	我都試過.	"{""startTokenIndexZeroBased"":0,""endTokenIndexExclusive"":11,""tokens"":[{""word"":""我"",""pos"":""r"",""jyutping"":""ngo5""},{""word"":""-"",""pos"":"""",""jyutping"":null},{""word"":""我"",""pos"":""r"",""jyutping"":""ngo5""},{""word"":""試"",""pos"":""v"",""jyutping"":""si3""},{""word"":""過"",""pos"":""u"",""jyutping"":""gwo3""},{""word"":""考"",""pos"":""v"",""jyutping"":""haau2""},{""word"":""會考"",""pos"":""n"",""jyutping"":""wui6haau2""},{""word"":""嗰陣時"",""pos"":""r"",""jyutping"":""go2zan6si4""},{""word"":""就"",""pos"":""d"",""jyutping"":""zau6""},{""word"":""一"",""pos"":""m"",""jyutping"":""jat1""},{""word"":""晚"",""pos"":""q"",""jyutping"":""maan5""}]}"	"[{""word"":""我"",""pos"":""r"",""jyutping"":""ngo5""},{""word"":""-"",""pos"":"""",""jyutping"":null},{""word"":""我"",""pos"":""r"",""jyutping"":""ngo5""},{""word"":""試"",""pos"":""v"",""jyutping"":""si3""},{""word"":""過"",""pos"":""u"",""jyutping"":""gwo3""},{""word"":""考"",""pos"":""v"",""jyutping"":""haau2""},{""word"":""會考"",""pos"":""n"",""jyutping"":""wui6haau2""},{""word"":""嗰陣時"",""pos"":""r"",""jyutping"":""go2zan6si4""},{""word"":""就"",""pos"":""d"",""jyutping"":""zau6""},{""word"":""一"",""pos"":""m"",""jyutping"":""jat1""},{""word"":""晚"",""pos"":""q"",""jyutping"":""maan5""},{""word"":""飲"",""pos"":""v"",""jyutping"":""jam2""},{""word"":""三"",""pos"":""m"",""jyutping"":""saam1""},{""word"":""杯"",""pos"":""q"",""jyutping"":""bui1""},{""word"":""齋啡"",""pos"":""n"",""jyutping"":""zaai1fe1""},{""word"":""."",""pos"":"""",""jyutping"":null}]"	REQUIRES_EXPERT_CONTEXT_REVIEW
aa62-302c442624a2113174b4	FC-048_v2.cha	4f33e6b5f6b073270b0c7c81d2a3a9c9d840632ba44b2c1513dfc253dd3ba6e4	25	248	7	XXB	飲過	飲	v	一	m	NUM	"{""normalizedSurface"":""飲過""}"	點解我,我-我飲過一次呢係檸啡飲咗連續,噉一晚裏面飲咗三杯啊好似都係.	自從嗰次我就唔敢.	就係考會考呢,我讀錯書啊.	"{""startTokenIndexZeroBased"":0,""endTokenIndexExclusive"":14,""tokens"":[{""word"":""點解"",""pos"":""r"",""jyutping"":""dim2gaai2""},{""word"":""我"",""pos"":""r"",""jyutping"":""ngo5""},{""word"":"","",""pos"":"""",""jyutping"":null},{""word"":""我"",""pos"":""r"",""jyutping"":""ngo5""},{""word"":""-"",""pos"":"""",""jyutping"":null},{""word"":""我"",""pos"":""r"",""jyutping"":""ngo5""},{""word"":""飲"",""pos"":""v"",""jyutping"":""jam2""},{""word"":""過"",""pos"":""u"",""jyutping"":""gwo3""},{""word"":""一"",""pos"":""m"",""jyutping"":""jat1""},{""word"":""次"",""pos"":""q"",""jyutping"":""ci3""},{""word"":""呢"",""pos"":""y1"",""jyutping"":""ne1""},{""word"":""係"",""pos"":""v"",""jyutping"":""hai6""},{""word"":""檸啡"",""pos"":""n"",""jyutping"":""ling2fe1""},{""word"":""飲"",""pos"":""v"",""jyutping"":""jam2""}]}"	"[{""word"":""點解"",""pos"":""r"",""jyutping"":""dim2gaai2""},{""word"":""我"",""pos"":""r"",""jyutping"":""ngo5""},{""word"":"","",""pos"":"""",""jyutping"":null},{""word"":""我"",""pos"":""r"",""jyutping"":""ngo5""},{""word"":""-"",""pos"":"""",""jyutping"":null},{""word"":""我"",""pos"":""r"",""jyutping"":""ngo5""},{""word"":""飲"",""pos"":""v"",""jyutping"":""jam2""},{""word"":""過"",""pos"":""u"",""jyutping"":""gwo3""},{""word"":""一"",""pos"":""m"",""jyutping"":""jat1""},{""word"":""次"",""pos"":""q"",""jyutping"":""ci3""},{""word"":""呢"",""pos"":""y1"",""jyutping"":""ne1""},{""word"":""係"",""pos"":""v"",""jyutping"":""hai6""},{""word"":""檸啡"",""pos"":""n"",""jyutping"":""ling2fe1""},{""word"":""飲"",""pos"":""v"",""jyutping"":""jam2""},{""word"":""咗"",""pos"":""u"",""jyutping"":""zo2""},{""word"":""連續"",""pos"":""a"",""jyutping"":""lin4zuk6""},{""word"":"","",""pos"":"""",""jyutping"":null},{""word"":""噉"",""pos"":""c"",""jyutping"":""gam2""},{""word"":""一"",""pos"":""m"",""jyutping"":""jat1""},{""word"":""晚"",""pos"":""a"",""jyutping"":""maan5""},{""word"":""裏面"",""pos"":""f"",""jyutping"":""leoi5min6""},{""word"":""飲"",""pos"":""v"",""jyutping"":""jam2""},{""word"":""咗"",""pos"":""u"",""jyutping"":""zo2""},{""word"":""三"",""pos"":""m"",""jyutping"":""saam1""},{""word"":""杯"",""pos"":""q"",""jyutping"":""bui1""},{""word"":""啊"",""pos"":""y"",""jyutping"":""aa3""},{""word"":""好似"",""pos"":""v"",""jyutping"":""hou2ci5""},{""word"":""都"",""pos"":""d"",""jyutping"":""dou1""},{""word"":""係"",""pos"":""v"",""jyutping"":""hai6""},{""word"":""."",""pos"":"""",""jyutping"":null}]"	REQUIRES_EXPERT_CONTEXT_REVIEW
aa62-a11f5e1dcc8d066ba47c	FC-048_v2.cha	4f33e6b5f6b073270b0c7c81d2a3a9c9d840632ba44b2c1513dfc253dd3ba6e4	25	367	2	XXA	冚過	冚	v	嗰	r	PRON	"{""normalizedSurface"":""冚過""}"	你冚過嗰張.	咁細張?	平時冚嗰張囖.	"{""startTokenIndexZeroBased"":0,""endTokenIndexExclusive"":6,""tokens"":[{""word"":""你"",""pos"":""r"",""jyutping"":""nei5""},{""word"":""冚"",""pos"":""v"",""jyutping"":""kam2""},{""word"":""過"",""pos"":""u"",""jyutping"":""gwo3""},{""word"":""嗰"",""pos"":""r"",""jyutping"":""go2""},{""word"":""張"",""pos"":""q"",""jyutping"":""zoeng1""},{""word"":""."",""pos"":"""",""jyutping"":null}]}"	"[{""word"":""你"",""pos"":""r"",""jyutping"":""nei5""},{""word"":""冚"",""pos"":""v"",""jyutping"":""kam2""},{""word"":""過"",""pos"":""u"",""jyutping"":""gwo3""},{""word"":""嗰"",""pos"":""r"",""jyutping"":""go2""},{""word"":""張"",""pos"":""q"",""jyutping"":""zoeng1""},{""word"":""."",""pos"":"""",""jyutping"":null}]"	REQUIRES_EXPERT_CONTEXT_REVIEW
aa62-5c44e7d47b9b1b33a960	FC-049_v2.cha	5c9c6be3f062387a0f7ac4bff22603b2386c10e071a1a7e256731abc2b39f53f	26	54	11	XXA	睇過	睇	v	喎	y	PART	"{""normalizedSurface"":""睇過""}"	喂,頭先我冇睇,冇乜點睇過喎.	咪係囖.	講乜嘢啊?	"{""startTokenIndexZeroBased"":4,""endTokenIndexExclusive"":14,""tokens"":[{""word"":""冇"",""pos"":""v1"",""jyutping"":""mou5""},{""word"":""睇"",""pos"":""v"",""jyutping"":""tai2""},{""word"":"","",""pos"":"""",""jyutping"":null},{""word"":""冇"",""pos"":""v1"",""jyutping"":""mou5""},{""word"":""乜"",""pos"":""r"",""jyutping"":""mat1""},{""word"":""點"",""pos"":""r"",""jyutping"":""dim2""},{""word"":""睇"",""pos"":""v"",""jyutping"":""tai2""},{""word"":""過"",""pos"":""u"",""jyutping"":""gwo3""},{""word"":""喎"",""pos"":""y"",""jyutping"":""wo3""},{""word"":""."",""pos"":"""",""jyutping"":null}]}"	"[{""word"":""喂"",""pos"":""e"",""jyutping"":""wai3""},{""word"":"","",""pos"":"""",""jyutping"":null},{""word"":""頭先"",""pos"":""t"",""jyutping"":""tau4sin1""},{""word"":""我"",""pos"":""r"",""jyutping"":""ngo5""},{""word"":""冇"",""pos"":""v1"",""jyutping"":""mou5""},{""word"":""睇"",""pos"":""v"",""jyutping"":""tai2""},{""word"":"","",""pos"":"""",""jyutping"":null},{""word"":""冇"",""pos"":""v1"",""jyutping"":""mou5""},{""word"":""乜"",""pos"":""r"",""jyutping"":""mat1""},{""word"":""點"",""pos"":""r"",""jyutping"":""dim2""},{""word"":""睇"",""pos"":""v"",""jyutping"":""tai2""},{""word"":""過"",""pos"":""u"",""jyutping"":""gwo3""},{""word"":""喎"",""pos"":""y"",""jyutping"":""wo3""},{""word"":""."",""pos"":"""",""jyutping"":null}]"	REQUIRES_EXPERT_CONTEXT_REVIEW
aa62-83c180378bcb1ccdb9da	FC-052_v2.cha	f2678d2a43de8262a35444c40be0f5102f47032037d8a75763e98b4eae11e8a0	27	33	11	XXA	轉過	轉	v	啊	y	PART	"{""normalizedSurface"":""轉過""}"	噉其實由你最初玩到而家你有冇轉過啊或者係-?	哦.	有轉過𡃉都.	"{""startTokenIndexZeroBased"":4,""endTokenIndexExclusive"":17,""tokens"":[{""word"":""最初"",""pos"":""t"",""jyutping"":""zeoi3co1""},{""word"":""玩"",""pos"":""v"",""jyutping"":""waan2""},{""word"":""到"",""pos"":""d"",""jyutping"":""dou3""},{""word"":""而家"",""pos"":""t"",""jyutping"":""ji4gaa1""},{""word"":""你"",""pos"":""r"",""jyutping"":""nei5""},{""word"":""有冇"",""pos"":""v1"",""jyutping"":""jau5mou5""},{""word"":""轉"",""pos"":""v"",""jyutping"":""zyun3""},{""word"":""過"",""pos"":""u"",""jyutping"":""gwo3""},{""word"":""啊"",""pos"":""y"",""jyutping"":""aa3""},{""word"":""或者"",""pos"":""c"",""jyutping"":""waak6ze2""},{""word"":""係"",""pos"":""v"",""jyutping"":""hai6""},{""word"":""-"",""pos"":"""",""jyutping"":null},{""word"":""?"",""pos"":"""",""jyutping"":null}]}"	"[{""word"":""噉"",""pos"":""c"",""jyutping"":""gam2""},{""word"":""其實"",""pos"":""d"",""jyutping"":""kei4sat6""},{""word"":""由"",""pos"":""p"",""jyutping"":""jau4""},{""word"":""你"",""pos"":""r"",""jyutping"":""nei5""},{""word"":""最初"",""pos"":""t"",""jyutping"":""zeoi3co1""},{""word"":""玩"",""pos"":""v"",""jyutping"":""waan2""},{""word"":""到"",""pos"":""d"",""jyutping"":""dou3""},{""word"":""而家"",""pos"":""t"",""jyutping"":""ji4gaa1""},{""word"":""你"",""pos"":""r"",""jyutping"":""nei5""},{""word"":""有冇"",""pos"":""v1"",""jyutping"":""jau5mou5""},{""word"":""轉"",""pos"":""v"",""jyutping"":""zyun3""},{""word"":""過"",""pos"":""u"",""jyutping"":""gwo3""},{""word"":""啊"",""pos"":""y"",""jyutping"":""aa3""},{""word"":""或者"",""pos"":""c"",""jyutping"":""waak6ze2""},{""word"":""係"",""pos"":""v"",""jyutping"":""hai6""},{""word"":""-"",""pos"":"""",""jyutping"":null},{""word"":""?"",""pos"":"""",""jyutping"":null}]"	REQUIRES_EXPERT_CONTEXT_REVIEW
aa62-0fbac5d60d4cb2dc3532	FC-052_v2.cha	f2678d2a43de8262a35444c40be0f5102f47032037d8a75763e98b4eae11e8a0	27	34	2	XXB	轉過	轉	v	𡃉	y	PART	"{""normalizedSurface"":""轉過""}"	有轉過𡃉都.	噉其實由你最初玩到而家你有冇轉過啊或者係-?	頻唔頻密吖?	"{""startTokenIndexZeroBased"":0,""endTokenIndexExclusive"":6,""tokens"":[{""word"":""有"",""pos"":""v1"",""jyutping"":""jau5""},{""word"":""轉"",""pos"":""v"",""jyutping"":""zyun3""},{""word"":""過"",""pos"":""u"",""jyutping"":""gwo3""},{""word"":""𡃉"",""pos"":""y"",""jyutping"":""gaa3""},{""word"":""都"",""pos"":""d"",""jyutping"":""dou1""},{""word"":""."",""pos"":"""",""jyutping"":null}]}"	"[{""word"":""有"",""pos"":""v1"",""jyutping"":""jau5""},{""word"":""轉"",""pos"":""v"",""jyutping"":""zyun3""},{""word"":""過"",""pos"":""u"",""jyutping"":""gwo3""},{""word"":""𡃉"",""pos"":""y"",""jyutping"":""gaa3""},{""word"":""都"",""pos"":""d"",""jyutping"":""dou1""},{""word"":""."",""pos"":"""",""jyutping"":null}]"	REQUIRES_EXPERT_CONTEXT_REVIEW
aa62-dbffd171b3a96f9b3c7d	FC-053_v2.cha	61eeb21a6a84b7e227ebc0f14b3bd6221ea93939fed296e55cb78cd4c268b7bb	28	8	17	XXB	珍惜過	珍惜	v	.		X	"{""normalizedSurface"":""珍惜過""}"	傾到我已經係俾咗好多次機會佢,佢都根本冇珍惜過.	因為嗰個同學呢好多嘴啊,佢坐正成班嘅中間,噉呢成日周圍同左右啊,前後啊啲人呢傾暈晒𡃉嘞.	噉所以呢我先至用個口罩誒,笠住佢個口.	"{""startTokenIndexZeroBased"":10,""endTokenIndexExclusive"":19,""tokens"":[{""word"":""佢"",""pos"":""r"",""jyutping"":""keoi5""},{""word"":"","",""pos"":"""",""jyutping"":null},{""word"":""佢"",""pos"":""r"",""jyutping"":""keoi5""},{""word"":""都"",""pos"":""d"",""jyutping"":""dou1""},{""word"":""根本"",""pos"":""d"",""jyutping"":""gan1bun2""},{""word"":""冇"",""pos"":""v1"",""jyutping"":""mou5""},{""word"":""珍惜"",""pos"":""v"",""jyutping"":""zan1sik1""},{""word"":""過"",""pos"":""u"",""jyutping"":""gwo3""},{""word"":""."",""pos"":"""",""jyutping"":null}]}"	"[{""word"":""傾"",""pos"":""v"",""jyutping"":""king1""},{""word"":""到"",""pos"":""d"",""jyutping"":""dou3""},{""word"":""我"",""pos"":""r"",""jyutping"":""ngo5""},{""word"":""已經"",""pos"":""d"",""jyutping"":""ji5ging1""},{""word"":""係"",""pos"":""v"",""jyutping"":""hai6""},{""word"":""俾"",""pos"":""v"",""jyutping"":""bei2""},{""word"":""咗"",""pos"":""u"",""jyutping"":""zo2""},{""word"":""好多"",""pos"":""m"",""jyutping"":""hou2do1""},{""word"":""次"",""pos"":""q"",""jyutping"":""ci3""},{""word"":""機會"",""pos"":""n"",""jyutping"":""gei1wui6""},{""word"":""佢"",""pos"":""r"",""jyutping"":""keoi5""},{""word"":"","",""pos"":"""",""jyutping"":null},{""word"":""佢"",""pos"":""r"",""jyutping"":""keoi5""},{""word"":""都"",""pos"":""d"",""jyutping"":""dou1""},{""word"":""根本"",""pos"":""d"",""jyutping"":""gan1bun2""},{""word"":""冇"",""pos"":""v1"",""jyutping"":""mou5""},{""word"":""珍惜"",""pos"":""v"",""jyutping"":""zan1sik1""},{""word"":""過"",""pos"":""u"",""jyutping"":""gwo3""},{""word"":""."",""pos"":"""",""jyutping"":null}]"	REQUIRES_EXPERT_CONTEXT_REVIEW
aa62-278b9c11b8278cff7267	FC-055_v2.cha	9240a3126c82dce64b5d2ddb7b81d4240c371bc4a991e440297dfedc78a7a3f6	29	116	3	XXF	聽過	聽	v	啊	y	PART	"{""normalizedSurface"":""聽過""}"	越秀都聽過啊.	噉跟住又講下,誒,越秀投資嘞.	越秀投豬.	"{""startTokenIndexZeroBased"":0,""endTokenIndexExclusive"":6,""tokens"":[{""word"":""越秀"",""pos"":""nt"",""jyutping"":""jyut6sau3""},{""word"":""都"",""pos"":""d"",""jyutping"":""dou1""},{""word"":""聽"",""pos"":""v"",""jyutping"":""teng1""},{""word"":""過"",""pos"":""u"",""jyutping"":""gwo3""},{""word"":""啊"",""pos"":""y"",""jyutping"":""aa3""},{""word"":""."",""pos"":"""",""jyutping"":null}]}"	"[{""word"":""越秀"",""pos"":""nt"",""jyutping"":""jyut6sau3""},{""word"":""都"",""pos"":""d"",""jyutping"":""dou1""},{""word"":""聽"",""pos"":""v"",""jyutping"":""teng1""},{""word"":""過"",""pos"":""u"",""jyutping"":""gwo3""},{""word"":""啊"",""pos"":""y"",""jyutping"":""aa3""},{""word"":""."",""pos"":"""",""jyutping"":null}]"	REQUIRES_EXPERT_CONTEXT_REVIEW
aa62-46a6022eccb836674304	FC-055_v2.cha	9240a3126c82dce64b5d2ddb7b81d4240c371bc4a991e440297dfedc78a7a3f6	29	126	2	XXM	聽過	聽	v	.		X	"{""normalizedSurface"":""聽過""}"	未聽過.	嘿,哩啲唔識𡃉我都.	我公司啲人實炒.	"{""startTokenIndexZeroBased"":0,""endTokenIndexExclusive"":4,""tokens"":[{""word"":""未"",""pos"":""d"",""jyutping"":""mei6""},{""word"":""聽"",""pos"":""v"",""jyutping"":""teng1""},{""word"":""過"",""pos"":""u"",""jyutping"":""gwo3""},{""word"":""."",""pos"":"""",""jyutping"":null}]}"	"[{""word"":""未"",""pos"":""d"",""jyutping"":""mei6""},{""word"":""聽"",""pos"":""v"",""jyutping"":""teng1""},{""word"":""過"",""pos"":""u"",""jyutping"":""gwo3""},{""word"":""."",""pos"":"""",""jyutping"":null}]"	REQUIRES_EXPERT_CONTEXT_REVIEW
aa62-9e334b9add278d9bd11e	FC-055_v2.cha	9240a3126c82dce64b5d2ddb7b81d4240c371bc4a991e440297dfedc78a7a3f6	29	277	2	XXF	中過	中	v	一	m	NUM	"{""normalizedSurface"":""中過""}"	總之中過一次喇.	大瀑布呀?	你啊,重講乜嘢啊,大瀑布.	"{""startTokenIndexZeroBased"":0,""endTokenIndexExclusive"":7,""tokens"":[{""word"":""總之"",""pos"":""d"",""jyutping"":""zung2zi1""},{""word"":""中"",""pos"":""v"",""jyutping"":""zung3""},{""word"":""過"",""pos"":""u"",""jyutping"":""gwo3""},{""word"":""一"",""pos"":""m"",""jyutping"":""jat1""},{""word"":""次"",""pos"":""q"",""jyutping"":""ci3""},{""word"":""喇"",""pos"":""y"",""jyutping"":""laa1""},{""word"":""."",""pos"":"""",""jyutping"":null}]}"	"[{""word"":""總之"",""pos"":""d"",""jyutping"":""zung2zi1""},{""word"":""中"",""pos"":""v"",""jyutping"":""zung3""},{""word"":""過"",""pos"":""u"",""jyutping"":""gwo3""},{""word"":""一"",""pos"":""m"",""jyutping"":""jat1""},{""word"":""次"",""pos"":""q"",""jyutping"":""ci3""},{""word"":""喇"",""pos"":""y"",""jyutping"":""laa1""},{""word"":""."",""pos"":"""",""jyutping"":null}]"	REQUIRES_EXPERT_CONTEXT_REVIEW
aa62-2fec35512a9895f2f4b0	FC-056_v2.cha	b18efc20cede350d53f2adca793f6102ee87bdb5295b9b462a790b22d037eb8c	30	111	10	XXX	買過	買	v	遊戲機	n	NOUN	"{""normalizedSurface"":""買過""}"	作為一個,即係我-我未買過遊戲機,你建議我-我買邊種遊戲機𠻺或者邊個套餐啊噉樣呢?	如果作為一個新人呢?	誒,最好呢就,最有用嘅遊戲呢,就真係買電腦喇.	"{""startTokenIndexZeroBased"":3,""endTokenIndexExclusive"":17,""tokens"":[{""word"":"","",""pos"":"""",""jyutping"":null},{""word"":""即係"",""pos"":""c"",""jyutping"":""zik1hai6""},{""word"":""我"",""pos"":""r"",""jyutping"":""ngo5""},{""word"":""-"",""pos"":"""",""jyutping"":null},{""word"":""我"",""pos"":""r"",""jyutping"":""ngo5""},{""word"":""未"",""pos"":""d"",""jyutping"":""mei6""},{""word"":""買"",""pos"":""v"",""jyutping"":""maai5""},{""word"":""過"",""pos"":""u"",""jyutping"":""gwo3""},{""word"":""遊戲機"",""pos"":""n"",""jyutping"":""jau4hei3gei1""},{""word"":"","",""pos"":"""",""jyutping"":null},{""word"":""你"",""pos"":""r"",""jyutping"":""nei5""},{""word"":""建議"",""pos"":""v"",""jyutping"":""gin3ji5""},{""word"":""我"",""pos"":""r"",""jyutping"":""ngo5""},{""word"":""-"",""pos"":"""",""jyutping"":null}]}"	"[{""word"":""作為"",""pos"":""v"",""jyutping"":""zok3wai4""},{""word"":""一"",""pos"":""m"",""jyutping"":""jat1""},{""word"":""個"",""pos"":""q"",""jyutping"":""go3""},{""word"":"","",""pos"":"""",""jyutping"":null},{""word"":""即係"",""pos"":""c"",""jyutping"":""zik1hai6""},{""word"":""我"",""pos"":""r"",""jyutping"":""ngo5""},{""word"":""-"",""pos"":"""",""jyutping"":null},{""word"":""我"",""pos"":""r"",""jyutping"":""ngo5""},{""word"":""未"",""pos"":""d"",""jyutping"":""mei6""},{""word"":""買"",""pos"":""v"",""jyutping"":""maai5""},{""word"":""過"",""pos"":""u"",""jyutping"":""gwo3""},{""word"":""遊戲機"",""pos"":""n"",""jyutping"":""jau4hei3gei1""},{""word"":"","",""pos"":"""",""jyutping"":null},{""word"":""你"",""pos"":""r"",""jyutping"":""nei5""},{""word"":""建議"",""pos"":""v"",""jyutping"":""gin3ji5""},{""word"":""我"",""pos"":""r"",""jyutping"":""ngo5""},{""word"":""-"",""pos"":"""",""jyutping"":null},{""word"":""我"",""pos"":""r"",""jyutping"":""ngo5""},{""word"":""買"",""pos"":""v"",""jyutping"":""maai5""},{""word"":""邊"",""pos"":""r"",""jyutping"":""bin1""},{""word"":""種"",""pos"":""q"",""jyutping"":""zung2""},{""word"":""遊戲機"",""pos"":""n"",""jyutping"":""jau4hei3gei1""},{""word"":""𠻺"",""pos"":""y1"",""jyutping"":""aa6""},{""word"":""或者"",""pos"":""c"",""jyutping"":""waak6ze2""},{""word"":""邊個"",""pos"":""r"",""jyutping"":""bin1go3""},{""word"":""套餐"",""pos"":""n"",""jyutping"":""tou3caan1""},{""word"":""啊"",""pos"":""y"",""jyutping"":""aa3""},{""word"":""噉樣"",""pos"":""c"",""jyutping"":""gam2joeng2""},{""word"":""呢"",""pos"":""y"",""jyutping"":""ne1""},{""word"":""?"",""pos"":"""",""jyutping"":null}]"	REQUIRES_EXPERT_CONTEXT_REVIEW
aa62-e56e3d4bc432e8e3cdf1	FC-056_v2.cha	b18efc20cede350d53f2adca793f6102ee87bdb5295b9b462a790b22d037eb8c	30	114	31	XXY	興過	興	v	一	m	NUM	"{""normalizedSurface"":""興過""}"	有PS嘅話,多數啲遊戲機呢,就興得幾年呢,就唔興𡃉嚹,就轉第二款噉𠻺,又興過一次,又興𡃉嘞.	電腦益智有,電腦遊戲又益智,又多嘢玩.	啊,噉呀,噉即係建議我買PS嚹,係唔係啊?	"{""startTokenIndexZeroBased"":24,""endTokenIndexExclusive"":38,""tokens"":[{""word"":""第二"",""pos"":""r"",""jyutping"":""dai6ji6""},{""word"":""款"",""pos"":""q"",""jyutping"":""fun2""},{""word"":""噉"",""pos"":""c"",""jyutping"":""gam2""},{""word"":""𠻺"",""pos"":""d"",""jyutping"":""aa6""},{""word"":"","",""pos"":"""",""jyutping"":null},{""word"":""又"",""pos"":""d"",""jyutping"":""jau6""},{""word"":""興"",""pos"":""v"",""jyutping"":""hing1""},{""word"":""過"",""pos"":""u"",""jyutping"":""gwo3""},{""word"":""一"",""pos"":""m"",""jyutping"":""jat1""},{""word"":""次"",""pos"":""q"",""jyutping"":""ci3""},{""word"":"","",""pos"":"""",""jyutping"":null},{""word"":""又"",""pos"":""d"",""jyutping"":""jau6""},{""word"":""興"",""pos"":""v"",""jyutping"":""hing1""},{""word"":""𡃉"",""pos"":""y"",""jyutping"":""gaa3""}]}"	"[{""word"":""有"",""pos"":""v1"",""jyutping"":""jau5""},{""word"":""PS"",""pos"":""xnz"",""jyutping"":null},{""word"":""嘅話"",""pos"":""c"",""jyutping"":""ge3waa2""},{""word"":"","",""pos"":"""",""jyutping"":null},{""word"":""多數"",""pos"":""m"",""jyutping"":""do1sou3""},{""word"":""啲"",""pos"":""m"",""jyutping"":""di1""},{""word"":""遊戲機"",""pos"":""n"",""jyutping"":""jau4hei3gei1""},{""word"":""呢"",""pos"":""y1"",""jyutping"":""ne1""},{""word"":"","",""pos"":"""",""jyutping"":null},{""word"":""就"",""pos"":""d"",""jyutping"":""zau6""},{""word"":""興"",""pos"":""v"",""jyutping"":""hing1""},{""word"":""得"",""pos"":""u"",""jyutping"":""dak1""},{""word"":""幾"",""pos"":""m"",""jyutping"":""gei2""},{""word"":""年"",""pos"":""q"",""jyutping"":""nin4""},{""word"":""呢"",""pos"":""y1"",""jyutping"":""ne1""},{""word"":"","",""pos"":"""",""jyutping"":null},{""word"":""就"",""pos"":""d"",""jyutping"":""zau6""},{""word"":""唔"",""pos"":""d"",""jyutping"":""m4""},{""word"":""興"",""pos"":""v"",""jyutping"":""hing1""},{""word"":""𡃉"",""pos"":""y"",""jyutping"":""gaa3""},{""word"":""嚹"",""pos"":""y"",""jyutping"":""laa3""},{""word"":"","",""pos"":"""",""jyutping"":null},{""word"":""就"",""pos"":""d"",""jyutping"":""zau6""},{""word"":""轉"",""pos"":""v"",""jyutping"":""zyun3""},{""word"":""第二"",""pos"":""r"",""jyutping"":""dai6ji6""},{""word"":""款"",""pos"":""q"",""jyutping"":""fun2""},{""word"":""噉"",""pos"":""c"",""jyutping"":""gam2""},{""word"":""𠻺"",""pos"":""d"",""jyutping"":""aa6""},{""word"":"","",""pos"":"""",""jyutping"":null},{""word"":""又"",""pos"":""d"",""jyutping"":""jau6""},{""word"":""興"",""pos"":""v"",""jyutping"":""hing1""},{""word"":""過"",""pos"":""u"",""jyutping"":""gwo3""},{""word"":""一"",""pos"":""m"",""jyutping"":""jat1""},{""word"":""次"",""pos"":""q"",""jyutping"":""ci3""},{""word"":"","",""pos"":"""",""jyutping"":null},{""word"":""又"",""pos"":""d"",""jyutping"":""jau6""},{""word"":""興"",""pos"":""v"",""jyutping"":""hing1""},{""word"":""𡃉"",""pos"":""y"",""jyutping"":""gaa3""},{""word"":""嘞"",""pos"":""y"",""jyutping"":""laak3""},{""word"":""."",""pos"":"""",""jyutping"":null}]"	REQUIRES_EXPERT_CONTEXT_REVIEW
aa62-24a26423b15999054a06	FC-101_v2.cha	6ea8fb15323f1b5b3017f243d968ae2b36d0ea1097e4fec84723242a2e023041	31	137	10	XXG	搞過	搞	v	兩	m	NUM	"{""normalizedSurface"":""搞過""}"	噉我哋呢喺德國嗰陣時呢,就搞過兩次party嘅,噉一次就係佢哋兩個整嘢食.	呢嗰陣時識咗兩個女仔呢,一個叫Sara一個叫Seokjon嘅.	噉一次就係我哋整嘢食囖.	"{""startTokenIndexZeroBased"":3,""endTokenIndexExclusive"":17,""tokens"":[{""word"":""喺"",""pos"":""p"",""jyutping"":""hai2""},{""word"":""德國"",""pos"":""ns"",""jyutping"":""dak1gwok3""},{""word"":""嗰陣時"",""pos"":""r"",""jyutping"":""go2zan6si4""},{""word"":""呢"",""pos"":""y1"",""jyutping"":""ne1""},{""word"":"","",""pos"":"""",""jyutping"":null},{""word"":""就"",""pos"":""d"",""jyutping"":""zau6""},{""word"":""搞"",""pos"":""v"",""jyutping"":""gaau2""},{""word"":""過"",""pos"":""u"",""jyutping"":""gwo3""},{""word"":""兩"",""pos"":""m"",""jyutping"":""loeng5""},{""word"":""次"",""pos"":""q"",""jyutping"":""ci3""},{""word"":""party"",""pos"":""xn"",""jyutping"":null},{""word"":""嘅"",""pos"":""u"",""jyutping"":""ge3""},{""word"":"","",""pos"":"""",""jyutping"":null},{""word"":""噉"",""pos"":""c"",""jyutping"":""gam2""}]}"	"[{""word"":""噉"",""pos"":""c"",""jyutping"":""gam2""},{""word"":""我哋"",""pos"":""r"",""jyutping"":""ngo5dei6""},{""word"":""呢"",""pos"":""y1"",""jyutping"":""ne1""},{""word"":""喺"",""pos"":""p"",""jyutping"":""hai2""},{""word"":""德國"",""pos"":""ns"",""jyutping"":""dak1gwok3""},{""word"":""嗰陣時"",""pos"":""r"",""jyutping"":""go2zan6si4""},{""word"":""呢"",""pos"":""y1"",""jyutping"":""ne1""},{""word"":"","",""pos"":"""",""jyutping"":null},{""word"":""就"",""pos"":""d"",""jyutping"":""zau6""},{""word"":""搞"",""pos"":""v"",""jyutping"":""gaau2""},{""word"":""過"",""pos"":""u"",""jyutping"":""gwo3""},{""word"":""兩"",""pos"":""m"",""jyutping"":""loeng5""},{""word"":""次"",""pos"":""q"",""jyutping"":""ci3""},{""word"":""party"",""pos"":""xn"",""jyutping"":null},{""word"":""嘅"",""pos"":""u"",""jyutping"":""ge3""},{""word"":"","",""pos"":"""",""jyutping"":null},{""word"":""噉"",""pos"":""c"",""jyutping"":""gam2""},{""word"":""一"",""pos"":""m"",""jyutping"":""jat1""},{""word"":""次"",""pos"":""q"",""jyutping"":""ci3""},{""word"":""就"",""pos"":""d"",""jyutping"":""zau6""},{""word"":""係"",""pos"":""v"",""jyutping"":""hai6""},{""word"":""佢哋"",""pos"":""r"",""jyutping"":""keoi5dei6""},{""word"":""兩"",""pos"":""m"",""jyutping"":""loeng5""},{""word"":""個"",""pos"":""q"",""jyutping"":""go3""},{""word"":""整"",""pos"":""v"",""jyutping"":""zing2""},{""word"":""嘢"",""pos"":""n"",""jyutping"":""je5""},{""word"":""食"",""pos"":""v"",""jyutping"":""sik6""},{""word"":""."",""pos"":"""",""jyutping"":null}]"	REQUIRES_EXPERT_CONTEXT_REVIEW
aa62-a61b42e2f130da1db915	FC-103_v2.cha	7925d9e37ec562965f598ebe225c43503865e03be344815bf1c5e6f40cb67f05	32	16	15	XXB	傾過	傾	v	下	u	PART	"{""normalizedSurface"":""傾過""}"	譬如同Mary啊傾多咗偈啊,同Eliza都有傾過下偈囖,即係行山嗰陣時傾下偈噉樣囖,都-都幾得意吖,都幾好.	都幾好玩吖,即係同埋同啲人熟咗啲囖.	幾好吖.	"{""startTokenIndexZeroBased"":8,""endTokenIndexExclusive"":22,""tokens"":[{""word"":""啊"",""pos"":""y1"",""jyutping"":""aa3""},{""word"":"","",""pos"":"""",""jyutping"":null},{""word"":""同"",""pos"":""p"",""jyutping"":""tung4""},{""word"":""Eliza"",""pos"":""xnr"",""jyutping"":null},{""word"":""都"",""pos"":""d"",""jyutping"":""dou1""},{""word"":""有"",""pos"":""v1"",""jyutping"":""jau5""},{""word"":""傾"",""pos"":""v"",""jyutping"":""king1""},{""word"":""過"",""pos"":""u"",""jyutping"":""gwo3""},{""word"":""下"",""pos"":""u"",""jyutping"":""haa5""},{""word"":""偈"",""pos"":""Ng"",""jyutping"":""gai2""},{""word"":""囖"",""pos"":""y"",""jyutping"":""lo1""},{""word"":"","",""pos"":"""",""jyutping"":null},{""word"":""即係"",""pos"":""d"",""jyutping"":""zik1hai6""},{""word"":""行山"",""pos"":""v"",""jyutping"":""haang4saan1""}]}"	"[{""word"":""譬如"",""pos"":""v"",""jyutping"":""pei3jyu4""},{""word"":""同"",""pos"":""p"",""jyutping"":""tung4""},{""word"":""Mary"",""pos"":""xnr"",""jyutping"":null},{""word"":""啊"",""pos"":""y1"",""jyutping"":""aa3""},{""word"":""傾"",""pos"":""v"",""jyutping"":""king1""},{""word"":""多"",""pos"":""a"",""jyutping"":""do1""},{""word"":""咗"",""pos"":""u"",""jyutping"":""zo2""},{""word"":""偈"",""pos"":""Ng"",""jyutping"":""gai2""},{""word"":""啊"",""pos"":""y1"",""jyutping"":""aa3""},{""word"":"","",""pos"":"""",""jyutping"":null},{""word"":""同"",""pos"":""p"",""jyutping"":""tung4""},{""word"":""Eliza"",""pos"":""xnr"",""jyutping"":null},{""word"":""都"",""pos"":""d"",""jyutping"":""dou1""},{""word"":""有"",""pos"":""v1"",""jyutping"":""jau5""},{""word"":""傾"",""pos"":""v"",""jyutping"":""king1""},{""word"":""過"",""pos"":""u"",""jyutping"":""gwo3""},{""word"":""下"",""pos"":""u"",""jyutping"":""haa5""},{""word"":""偈"",""pos"":""Ng"",""jyutping"":""gai2""},{""word"":""囖"",""pos"":""y"",""jyutping"":""lo1""},{""word"":"","",""pos"":"""",""jyutping"":null},{""word"":""即係"",""pos"":""d"",""jyutping"":""zik1hai6""},{""word"":""行山"",""pos"":""v"",""jyutping"":""haang4saan1""},{""word"":""嗰陣時"",""pos"":""r"",""jyutping"":""go2zan6si4""},{""word"":""傾"",""pos"":""v"",""jyutping"":""king1""},{""word"":""下"",""pos"":""u"",""jyutping"":""haa5""},{""word"":""偈"",""pos"":""Ng"",""jyutping"":""gai2""},{""word"":""噉樣"",""pos"":""r"",""jyutping"":""gam2joeng2""},{""word"":""囖"",""pos"":""y"",""jyutping"":""lo1""},{""word"":"","",""pos"":"""",""jyutping"":null},{""word"":""都"",""pos"":""d"",""jyutping"":""dou1""},{""word"":""-"",""pos"":"""",""jyutping"":null},{""word"":""都"",""pos"":""d"",""jyutping"":""dou1""},{""word"":""幾"",""pos"":""d"",""jyutping"":""gei2""},{""word"":""得意"",""pos"":""a"",""jyutping"":""dak1ji3""},{""word"":""吖"",""pos"":""y"",""jyutping"":""aa1""},{""word"":"","",""pos"":"""",""jyutping"":null},{""word"":""都"",""pos"":""d"",""jyutping"":""dou1""},{""word"":""幾"",""pos"":""d"",""jyutping"":""gei2""},{""word"":""好"",""pos"":""a"",""jyutping"":""hou2""},{""word"":""."",""pos"":"""",""jyutping"":null}]"	REQUIRES_EXPERT_CONTEXT_REVIEW
aa62-309552d3dbb0e6ec6b8d	FC-103_v2.cha	7925d9e37ec562965f598ebe225c43503865e03be344815bf1c5e6f40cb67f05	32	20	5	XXB	燒過	燒	v	嘢	n	NOUN	"{""normalizedSurface"":""燒過""}"	都好耐冇燒過嘢食啊.	所以都-都幾開心吖,BBQ呢又有得.	係喇,係喇.	"{""startTokenIndexZeroBased"":0,""endTokenIndexExclusive"":10,""tokens"":[{""word"":""都"",""pos"":""d"",""jyutping"":""dou1""},{""word"":""好"",""pos"":""d"",""jyutping"":""hou2""},{""word"":""耐"",""pos"":""a"",""jyutping"":""noi6""},{""word"":""冇"",""pos"":""v1"",""jyutping"":""mou5""},{""word"":""燒"",""pos"":""v"",""jyutping"":""siu1""},{""word"":""過"",""pos"":""u"",""jyutping"":""gwo3""},{""word"":""嘢"",""pos"":""n"",""jyutping"":""je5""},{""word"":""食"",""pos"":""v"",""jyutping"":""sik6""},{""word"":""啊"",""pos"":""y"",""jyutping"":""aa3""},{""word"":""."",""pos"":"""",""jyutping"":null}]}"	"[{""word"":""都"",""pos"":""d"",""jyutping"":""dou1""},{""word"":""好"",""pos"":""d"",""jyutping"":""hou2""},{""word"":""耐"",""pos"":""a"",""jyutping"":""noi6""},{""word"":""冇"",""pos"":""v1"",""jyutping"":""mou5""},{""word"":""燒"",""pos"":""v"",""jyutping"":""siu1""},{""word"":""過"",""pos"":""u"",""jyutping"":""gwo3""},{""word"":""嘢"",""pos"":""n"",""jyutping"":""je5""},{""word"":""食"",""pos"":""v"",""jyutping"":""sik6""},{""word"":""啊"",""pos"":""y"",""jyutping"":""aa3""},{""word"":""."",""pos"":"""",""jyutping"":null}]"	REQUIRES_EXPERT_CONTEXT_REVIEW
aa62-d4818cd8dc60e8dfaf31	FC-103_v2.cha	7925d9e37ec562965f598ebe225c43503865e03be344815bf1c5e6f40cb67f05	32	26	21	XXB	着過	着	v	啫	y	PART	"{""normalizedSurface"":""着過""}"	我都-我帶定件冷衫入去,但係都用唔着,都未-未着過啫.	唔係太凍𡃉咋.	我嗰日淨係着住件sweater,加一件外套,噉就搞掂嘞.	"{""startTokenIndexZeroBased"":14,""endTokenIndexExclusive"":24,""tokens"":[{""word"":""着"",""pos"":""u"",""jyutping"":""zoek6""},{""word"":"","",""pos"":"""",""jyutping"":null},{""word"":""都"",""pos"":""d"",""jyutping"":""dou1""},{""word"":""未"",""pos"":""d"",""jyutping"":""mei6""},{""word"":""-"",""pos"":"""",""jyutping"":null},{""word"":""未"",""pos"":""d"",""jyutping"":""mei6""},{""word"":""着"",""pos"":""v"",""jyutping"":""zoek3""},{""word"":""過"",""pos"":""u"",""jyutping"":""gwo3""},{""word"":""啫"",""pos"":""y"",""jyutping"":""ze1""},{""word"":""."",""pos"":"""",""jyutping"":null}]}"	"[{""word"":""我"",""pos"":""r"",""jyutping"":""ngo5""},{""word"":""都"",""pos"":""d"",""jyutping"":""dou1""},{""word"":""-"",""pos"":"""",""jyutping"":null},{""word"":""我"",""pos"":""r"",""jyutping"":""ngo5""},{""word"":""帶"",""pos"":""v"",""jyutping"":""daai3""},{""word"":""定"",""pos"":""u"",""jyutping"":""ding6""},{""word"":""件"",""pos"":""q"",""jyutping"":""gin6""},{""word"":""冷衫"",""pos"":""n"",""jyutping"":""laang1saam1""},{""word"":""入去"",""pos"":""v"",""jyutping"":""jap6heoi3""},{""word"":"","",""pos"":"""",""jyutping"":null},{""word"":""但係"",""pos"":""c"",""jyutping"":""daan6hai6""},{""word"":""都"",""pos"":""d"",""jyutping"":""dou1""},{""word"":""用"",""pos"":""v"",""jyutping"":""jung6""},{""word"":""唔"",""pos"":""d"",""jyutping"":""m4""},{""word"":""着"",""pos"":""u"",""jyutping"":""zoek6""},{""word"":"","",""pos"":"""",""jyutping"":null},{""word"":""都"",""pos"":""d"",""jyutping"":""dou1""},{""word"":""未"",""pos"":""d"",""jyutping"":""mei6""},{""word"":""-"",""pos"":"""",""jyutping"":null},{""word"":""未"",""pos"":""d"",""jyutping"":""mei6""},{""word"":""着"",""pos"":""v"",""jyutping"":""zoek3""},{""word"":""過"",""pos"":""u"",""jyutping"":""gwo3""},{""word"":""啫"",""pos"":""y"",""jyutping"":""ze1""},{""word"":""."",""pos"":"""",""jyutping"":null}]"	REQUIRES_EXPERT_CONTEXT_REVIEW
aa62-9ffc45b327cf97137614	FC-103_v2.cha	7925d9e37ec562965f598ebe225c43503865e03be344815bf1c5e6f40cb67f05	32	116	2	XXA	睇過	睇	v	一	m	NUM	"{""normalizedSurface"":""睇過""}"	我睇過一個嘅-一篇article呢,佢就講一個信心嘅.	係喇,係將來嘅嘢來嘅,噉哩個係信心喇.	佢就係噉講嘅,佢就講一個喺十九世紀呢,就有一個年輕人呢,佢就,誒,唔知叫乜嘢名嘞.	"{""startTokenIndexZeroBased"":0,""endTokenIndexExclusive"":9,""tokens"":[{""word"":""我"",""pos"":""r"",""jyutping"":""ngo5""},{""word"":""睇"",""pos"":""v"",""jyutping"":""tai2""},{""word"":""過"",""pos"":""u"",""jyutping"":""gwo3""},{""word"":""一"",""pos"":""m"",""jyutping"":""jat1""},{""word"":""個"",""pos"":""q"",""jyutping"":""go3""},{""word"":""嘅"",""pos"":""u"",""jyutping"":""ge3""},{""word"":""-"",""pos"":"""",""jyutping"":null},{""word"":""一"",""pos"":""m"",""jyutping"":""jat1""},{""word"":""篇"",""pos"":""q"",""jyutping"":""pin1""}]}"	"[{""word"":""我"",""pos"":""r"",""jyutping"":""ngo5""},{""word"":""睇"",""pos"":""v"",""jyutping"":""tai2""},{""word"":""過"",""pos"":""u"",""jyutping"":""gwo3""},{""word"":""一"",""pos"":""m"",""jyutping"":""jat1""},{""word"":""個"",""pos"":""q"",""jyutping"":""go3""},{""word"":""嘅"",""pos"":""u"",""jyutping"":""ge3""},{""word"":""-"",""pos"":"""",""jyutping"":null},{""word"":""一"",""pos"":""m"",""jyutping"":""jat1""},{""word"":""篇"",""pos"":""q"",""jyutping"":""pin1""},{""word"":""article"",""pos"":""xn"",""jyutping"":null},{""word"":""呢"",""pos"":""y1"",""jyutping"":""ne1""},{""word"":"","",""pos"":"""",""jyutping"":null},{""word"":""佢"",""pos"":""r"",""jyutping"":""keoi5""},{""word"":""就"",""pos"":""d"",""jyutping"":""zau6""},{""word"":""講"",""pos"":""v"",""jyutping"":""gong2""},{""word"":""一"",""pos"":""m"",""jyutping"":""jat1""},{""word"":""個"",""pos"":""q"",""jyutping"":""go3""},{""word"":""信心"",""pos"":""n"",""jyutping"":""seon3sam1""},{""word"":""嘅"",""pos"":""u"",""jyutping"":""ge3""},{""word"":""."",""pos"":"""",""jyutping"":null}]"	REQUIRES_EXPERT_CONTEXT_REVIEW
aa62-87e6111c4ce685065a79	FC-103_v2.cha	7925d9e37ec562965f598ebe225c43503865e03be344815bf1c5e6f40cb67f05	32	129	15	XXA	見過	見	v	一啲	m	NUM	"{""normalizedSurface"":""見過""}"	喀,真正嘅信心原來可能就係唔係頭腦上,你見過一啲嘢,或者,誒,頭腦上你知道一啲嘢噉樣喇,而係即係多過哩樣嘢𡃉.	噉其實即係哩件事呢,或者哩個故事呢,噉有啲人就講乜嘢叫做真正嘅信心呢.	嗯.	"{""startTokenIndexZeroBased"":8,""endTokenIndexExclusive"":22,""tokens"":[{""word"":""係"",""pos"":""v"",""jyutping"":""hai6""},{""word"":""唔係"",""pos"":""v"",""jyutping"":""m4hai6""},{""word"":""頭腦"",""pos"":""n"",""jyutping"":""tau4nou5""},{""word"":""上"",""pos"":""f"",""jyutping"":""soeng6""},{""word"":"","",""pos"":"""",""jyutping"":null},{""word"":""你"",""pos"":""r"",""jyutping"":""nei5""},{""word"":""見"",""pos"":""v"",""jyutping"":""gin3""},{""word"":""過"",""pos"":""u"",""jyutping"":""gwo3""},{""word"":""一啲"",""pos"":""m"",""jyutping"":""jat1di1""},{""word"":""嘢"",""pos"":""n"",""jyutping"":""je5""},{""word"":"","",""pos"":"""",""jyutping"":null},{""word"":""或者"",""pos"":""c"",""jyutping"":""waak6ze2""},{""word"":"","",""pos"":"""",""jyutping"":null},{""word"":""誒"",""pos"":""e"",""jyutping"":""e6""}]}"	"[{""word"":""喀"",""pos"":""e"",""jyutping"":""haak6""},{""word"":"","",""pos"":"""",""jyutping"":null},{""word"":""真正"",""pos"":""a"",""jyutping"":""zan1zing3""},{""word"":""嘅"",""pos"":""u"",""jyutping"":""ge3""},{""word"":""信心"",""pos"":""n"",""jyutping"":""seon3sam1""},{""word"":""原來"",""pos"":""d"",""jyutping"":""jyun4loi4""},{""word"":""可能"",""pos"":""vu"",""jyutping"":""ho2nang4""},{""word"":""就"",""pos"":""d"",""jyutping"":""zau6""},{""word"":""係"",""pos"":""v"",""jyutping"":""hai6""},{""word"":""唔係"",""pos"":""v"",""jyutping"":""m4hai6""},{""word"":""頭腦"",""pos"":""n"",""jyutping"":""tau4nou5""},{""word"":""上"",""pos"":""f"",""jyutping"":""soeng6""},{""word"":"","",""pos"":"""",""jyutping"":null},{""word"":""你"",""pos"":""r"",""jyutping"":""nei5""},{""word"":""見"",""pos"":""v"",""jyutping"":""gin3""},{""word"":""過"",""pos"":""u"",""jyutping"":""gwo3""},{""word"":""一啲"",""pos"":""m"",""jyutping"":""jat1di1""},{""word"":""嘢"",""pos"":""n"",""jyutping"":""je5""},{""word"":"","",""pos"":"""",""jyutping"":null},{""word"":""或者"",""pos"":""c"",""jyutping"":""waak6ze2""},{""word"":"","",""pos"":"""",""jyutping"":null},{""word"":""誒"",""pos"":""e"",""jyutping"":""e6""},{""word"":"","",""pos"":"""",""jyutping"":null},{""word"":""頭腦"",""pos"":""n"",""jyutping"":""tau4nou5""},{""word"":""上"",""pos"":""f"",""jyutping"":""soeng6""},{""word"":""你"",""pos"":""r"",""jyutping"":""nei5""},{""word"":""知道"",""pos"":""v"",""jyutping"":""zi1dou3""},{""word"":""一啲"",""pos"":""m"",""jyutping"":""jat1di1""},{""word"":""嘢"",""pos"":""n"",""jyutping"":""je5""},{""word"":""噉樣"",""pos"":""r"",""jyutping"":""gam2joeng2""},{""word"":""喇"",""pos"":""y"",""jyutping"":""laa1""},{""word"":"","",""pos"":"""",""jyutping"":null},{""word"":""而"",""pos"":""c"",""jyutping"":""ji4""},{""word"":""係"",""pos"":""v"",""jyutping"":""hai6""},{""word"":""即係"",""pos"":""c"",""jyutping"":""zik1hai6""},{""word"":""多"",""pos"":""a"",""jyutping"":""do1""},{""word"":""過"",""pos"":""u"",""jyutping"":""gwo3""},{""word"":""哩樣"",""pos"":""r"",""jyutping"":""ni1joeng6""},{""word"":""嘢"",""pos"":""n"",""jyutping"":""je5""},{""word"":""𡃉"",""pos"":""y"",""jyutping"":""gaa3""},{""word"":""."",""pos"":"""",""jyutping"":null}]"	REQUIRES_EXPERT_CONTEXT_REVIEW
aa62-454f8daa4f7177585b2f	FC-103_v2.cha	7925d9e37ec562965f598ebe225c43503865e03be344815bf1c5e6f40cb67f05	32	155	55	XXB	做過	做	v	嗰啲	r	PRON	"{""normalizedSurface"":""做過""}"	我諗憑住你自己經驗囖,可能譬如睇聖經啊,祈禱啊,噉睇下神喺你喺你個生命有冇啲乜嘢嘅工作啊,又或者,誒,睇多啲有關嘅資料,因為有好多書都係講神做過嗰啲嘢𠺢嗎,都係有根據啊,噉咪理-理性啲囖,我諗.	誒,要知道自己信神呢唔係係情感上囖,係理性嘅,即係有確據噉樣去信神呢,即係好-即係信神哩樣嘢係好真實啊,同埋又知道,誒,即係如果你覺得哩個神係真實呢,噉你會對神,誒,曾經俾你嘅承諾呢,你都會知道會實現𠺢嗎,噉咪會有信心囖.	你就講咗幾樣嘢嘅,你講咗自己經驗喇,睇聖經喇,祈禱喇,我覺得其實三樣分開𡃉,哩幾樣都唔同.	"{""startTokenIndexZeroBased"":48,""endTokenIndexExclusive"":62,""tokens"":[{""word"":""好多"",""pos"":""m"",""jyutping"":""hou2do1""},{""word"":""書"",""pos"":""n"",""jyutping"":""syu1""},{""word"":""都"",""pos"":""d"",""jyutping"":""dou1""},{""word"":""係"",""pos"":""v"",""jyutping"":""hai6""},{""word"":""講"",""pos"":""v"",""jyutping"":""gong2""},{""word"":""神"",""pos"":""n"",""jyutping"":""san4""},{""word"":""做"",""pos"":""v"",""jyutping"":""zou6""},{""word"":""過"",""pos"":""u"",""jyutping"":""gwo3""},{""word"":""嗰啲"",""pos"":""r"",""jyutping"":""go2di1""},{""word"":""嘢"",""pos"":""n"",""jyutping"":""je5""},{""word"":""𠺢"",""pos"":""y"",""jyutping"":""gaa1""},{""word"":""嗎"",""pos"":""y"",""jyutping"":""maa3""},{""word"":"","",""pos"":"""",""jyutping"":null},{""word"":""都"",""pos"":""d"",""jyutping"":""dou1""}]}"	"[{""word"":""我"",""pos"":""r"",""jyutping"":""ngo5""},{""word"":""諗"",""pos"":""v"",""jyutping"":""nam2""},{""word"":""憑住"",""pos"":""p"",""jyutping"":""pang4zyu6""},{""word"":""你"",""pos"":""r"",""jyutping"":""nei5""},{""word"":""自己"",""pos"":""r"",""jyutping"":""zi6gei2""},{""word"":""經驗"",""pos"":""n"",""jyutping"":""ging1jim6""},{""word"":""囖"",""pos"":""y"",""jyutping"":""lo1""},{""word"":"","",""pos"":"""",""jyutping"":null},{""word"":""可能"",""pos"":""vu"",""jyutping"":""ho2nang4""},{""word"":""譬如"",""pos"":""v"",""jyutping"":""pei3jyu4""},{""word"":""睇"",""pos"":""v"",""jyutping"":""tai2""},{""word"":""聖經"",""pos"":""nz"",""jyutping"":""sing3ging1""},{""word"":""啊"",""pos"":""y1"",""jyutping"":""aa3""},{""word"":"","",""pos"":"""",""jyutping"":null},{""word"":""祈禱"",""pos"":""v"",""jyutping"":""kei4tou2""},{""word"":""啊"",""pos"":""y1"",""jyutping"":""aa3""},{""word"":"","",""pos"":"""",""jyutping"":null},{""word"":""噉"",""pos"":""c"",""jyutping"":""gam2""},{""word"":""睇"",""pos"":""v"",""jyutping"":""tai2""},{""word"":""下"",""pos"":""u"",""jyutping"":""haa5""},{""word"":""神"",""pos"":""n"",""jyutping"":""san4""},{""word"":""喺"",""pos"":""p"",""jyutping"":""hai2""},{""word"":""你"",""pos"":""r"",""jyutping"":""nei5""},{""word"":""喺"",""pos"":""p"",""jyutping"":""hai2""},{""word"":""你"",""pos"":""r"",""jyutping"":""nei5""},{""word"":""個"",""pos"":""q"",""jyutping"":""go3""},{""word"":""生命"",""pos"":""n"",""jyutping"":""sang1ming6""},{""word"":""有冇"",""pos"":""v1"",""jyutping"":""jau5mou5""},{""word"":""啲"",""pos"":""u"",""jyutping"":""di1""},{""word"":""乜嘢"",""pos"":""r"",""jyutping"":""mat1je5""},{""word"":""嘅"",""pos"":""u"",""jyutping"":""ge3""},{""word"":""工作"",""pos"":""n"",""jyutping"":""gung1zok3""},{""word"":""啊"",""pos"":""y1"",""jyutping"":""aa3""},{""word"":"","",""pos"":"""",""jyutping"":null},{""word"":""又"",""pos"":""d"",""jyutping"":""jau6""},{""word"":""或者"",""pos"":""c"",""jyutping"":""waak6ze2""},{""word"":"","",""pos"":"""",""jyutping"":null},{""word"":""誒"",""pos"":""e"",""jyutping"":""e6""},{""word"":"","",""pos"":"""",""jyutping"":null},{""word"":""睇"",""pos"":""v"",""jyutping"":""tai2""},{""word"":""多"",""pos"":""a"",""jyutping"":""do1""},{""word"":""啲"",""pos"":""u"",""jyutping"":""di1""},{""word"":""有關"",""pos"":""v"",""jyutping"":""jau5gwaan1""},{""word"":""嘅"",""pos"":""u"",""jyutping"":""ge3""},{""word"":""資料"",""pos"":""n"",""jyutping"":""zi1liu2""},{""word"":"","",""pos"":"""",""jyutping"":null},{""word"":""因為"",""pos"":""c"",""jyutping"":""jan1wai6""},{""word"":""有"",""pos"":""v1"",""jyutping"":""jau5""},{""word"":""好多"",""pos"":""m"",""jyutping"":""hou2do1""},{""word"":""書"",""pos"":""n"",""jyutping"":""syu1""},{""word"":""都"",""pos"":""d"",""jyutping"":""dou1""},{""word"":""係"",""pos"":""v"",""jyutping"":""hai6""},{""word"":""講"",""pos"":""v"",""jyutping"":""gong2""},{""word"":""神"",""pos"":""n"",""jyutping"":""san4""},{""word"":""做"",""pos"":""v"",""jyutping"":""zou6""},{""word"":""過"",""pos"":""u"",""jyutping"":""gwo3""},{""word"":""嗰啲"",""pos"":""r"",""jyutping"":""go2di1""},{""word"":""嘢"",""pos"":""n"",""jyutping"":""je5""},{""word"":""𠺢"",""pos"":""y"",""jyutping"":""gaa1""},{""word"":""嗎"",""pos"":""y"",""jyutping"":""maa3""},{""word"":"","",""pos"":"""",""jyutping"":null},{""word"":""都"",""pos"":""d"",""jyutping"":""dou1""},{""word"":""係"",""pos"":""v"",""jyutping"":""hai6""},{""word"":""有"",""pos"":""v1"",""jyutping"":""jau5""},{""word"":""根據"",""pos"":""n"",""jyutping"":""gan1geoi3""},{""word"":""啊"",""pos"":""y"",""jyutping"":""aa3""},{""word"":"","",""pos"":"""",""jyutping"":null},{""word"":""噉"",""pos"":""e"",""jyutping"":""gam2""},{""word"":""咪"",""pos"":""d"",""jyutping"":""mai6""},{""word"":""理"",""pos"":""Ag"",""jyutping"":""lei5""},{""word"":""-"",""pos"":"""",""jyutping"":null},{""word"":""理性"",""pos"":""a"",""jyutping"":""lei5sing3""},{""word"":""啲"",""pos"":""u"",""jyutping"":""di1""},{""word"":""囖"",""pos"":""y"",""jyutping"":""lo1""},{""word"":"","",""pos"":"""",""jyutping"":null},{""word"":""我"",""pos"":""r"",""jyutping"":""ngo5""},{""word"":""諗"",""pos"":""v"",""jyutping"":""nam2""},{""word"":""."",""pos"":"""",""jyutping"":null}]"	REQUIRES_EXPERT_CONTEXT_REVIEW
aa62-4b01f7388722411a0dba	FC-103_v2.cha	7925d9e37ec562965f598ebe225c43503865e03be344815bf1c5e6f40cb67f05	32	166	9	XXA	講過	講	v	喇	y1	PART	"{""normalizedSurface"":""講過""}"	就係好似即係譬如你正話都講過喇,譬如睇聖經啊,祈禱啊或者照自己嘅experience?	佢係用乜嘢方法係攞到個信心呢?	自己嘅experience囖.	"{""startTokenIndexZeroBased"":2,""endTokenIndexExclusive"":16,""tokens"":[{""word"":""好似"",""pos"":""v"",""jyutping"":""hou2ci5""},{""word"":""即係"",""pos"":""d"",""jyutping"":""zik1hai6""},{""word"":""譬如"",""pos"":""v"",""jyutping"":""pei3jyu4""},{""word"":""你"",""pos"":""r"",""jyutping"":""nei5""},{""word"":""正話"",""pos"":""d"",""jyutping"":""zing3waa6""},{""word"":""都"",""pos"":""d"",""jyutping"":""dou1""},{""word"":""講"",""pos"":""v"",""jyutping"":""gong2""},{""word"":""過"",""pos"":""u"",""jyutping"":""gwo3""},{""word"":""喇"",""pos"":""y1"",""jyutping"":""laa1""},{""word"":"","",""pos"":"""",""jyutping"":null},{""word"":""譬如"",""pos"":""v"",""jyutping"":""pei3jyu4""},{""word"":""睇"",""pos"":""v"",""jyutping"":""tai2""},{""word"":""聖經"",""pos"":""n"",""jyutping"":""sing3ging1""},{""word"":""啊"",""pos"":""y"",""jyutping"":""aa3""}]}"	"[{""word"":""就"",""pos"":""d"",""jyutping"":""zau6""},{""word"":""係"",""pos"":""v"",""jyutping"":""hai6""},{""word"":""好似"",""pos"":""v"",""jyutping"":""hou2ci5""},{""word"":""即係"",""pos"":""d"",""jyutping"":""zik1hai6""},{""word"":""譬如"",""pos"":""v"",""jyutping"":""pei3jyu4""},{""word"":""你"",""pos"":""r"",""jyutping"":""nei5""},{""word"":""正話"",""pos"":""d"",""jyutping"":""zing3waa6""},{""word"":""都"",""pos"":""d"",""jyutping"":""dou1""},{""word"":""講"",""pos"":""v"",""jyutping"":""gong2""},{""word"":""過"",""pos"":""u"",""jyutping"":""gwo3""},{""word"":""喇"",""pos"":""y1"",""jyutping"":""laa1""},{""word"":"","",""pos"":"""",""jyutping"":null},{""word"":""譬如"",""pos"":""v"",""jyutping"":""pei3jyu4""},{""word"":""睇"",""pos"":""v"",""jyutping"":""tai2""},{""word"":""聖經"",""pos"":""n"",""jyutping"":""sing3ging1""},{""word"":""啊"",""pos"":""y"",""jyutping"":""aa3""},{""word"":"","",""pos"":"""",""jyutping"":null},{""word"":""祈禱"",""pos"":""v"",""jyutping"":""kei4tou2""},{""word"":""啊"",""pos"":""y1"",""jyutping"":""aa3""},{""word"":""或者"",""pos"":""c"",""jyutping"":""waak6ze2""},{""word"":""照"",""pos"":""v"",""jyutping"":""ziu3""},{""word"":""自己"",""pos"":""r"",""jyutping"":""zi6gei2""},{""word"":""嘅"",""pos"":""u"",""jyutping"":""ge3""},{""word"":""experience"",""pos"":""xn"",""jyutping"":null},{""word"":""?"",""pos"":"""",""jyutping"":null}]"	REQUIRES_EXPERT_CONTEXT_REVIEW
aa62-706519d9789bda4cb229	FC-103_v2.cha	7925d9e37ec562965f598ebe225c43503865e03be344815bf1c5e6f40cb67f05	32	200	13	XXA	經驗過	經驗	v	喎	y1	PART	"{""normalizedSurface"":""經驗過""}"	聖經就噉講,但係我哋呢即係可能係未經驗過喎,尤其是可能係初信嗰個階段呢,可能未經驗過都唔定,所以我諗即係最基本嗰個呢就係你係相信神寫低嗰啲說話囖,即係嗰個就係個根基.	嗯.	遲啲先至用你嘅經驗來到,即係再去-去experience.	"{""startTokenIndexZeroBased"":6,""endTokenIndexExclusive"":20,""tokens"":[{""word"":""我哋"",""pos"":""r"",""jyutping"":""ngo5dei6""},{""word"":""呢"",""pos"":""y"",""jyutping"":""ne1""},{""word"":""即係"",""pos"":""c"",""jyutping"":""zik1hai6""},{""word"":""可能"",""pos"":""vu"",""jyutping"":""ho2nang4""},{""word"":""係"",""pos"":""v"",""jyutping"":""hai6""},{""word"":""未"",""pos"":""d"",""jyutping"":""mei6""},{""word"":""經驗"",""pos"":""v"",""jyutping"":""ging1jim6""},{""word"":""過"",""pos"":""u"",""jyutping"":""gwo3""},{""word"":""喎"",""pos"":""y1"",""jyutping"":""wo3""},{""word"":"","",""pos"":"""",""jyutping"":null},{""word"":""尤其是"",""pos"":""d"",""jyutping"":""jau4kei4si6""},{""word"":""可能"",""pos"":""vu"",""jyutping"":""ho2nang4""},{""word"":""係"",""pos"":""v"",""jyutping"":""hai6""},{""word"":""初信"",""pos"":""a"",""jyutping"":""co1seon3""}]}"	"[{""word"":""聖經"",""pos"":""nz"",""jyutping"":""sing3ging1""},{""word"":""就"",""pos"":""d"",""jyutping"":""zau6""},{""word"":""噉"",""pos"":""r"",""jyutping"":""gam2""},{""word"":""講"",""pos"":""v"",""jyutping"":""gong2""},{""word"":"","",""pos"":"""",""jyutping"":null},{""word"":""但係"",""pos"":""c"",""jyutping"":""daan6hai6""},{""word"":""我哋"",""pos"":""r"",""jyutping"":""ngo5dei6""},{""word"":""呢"",""pos"":""y"",""jyutping"":""ne1""},{""word"":""即係"",""pos"":""c"",""jyutping"":""zik1hai6""},{""word"":""可能"",""pos"":""vu"",""jyutping"":""ho2nang4""},{""word"":""係"",""pos"":""v"",""jyutping"":""hai6""},{""word"":""未"",""pos"":""d"",""jyutping"":""mei6""},{""word"":""經驗"",""pos"":""v"",""jyutping"":""ging1jim6""},{""word"":""過"",""pos"":""u"",""jyutping"":""gwo3""},{""word"":""喎"",""pos"":""y1"",""jyutping"":""wo3""},{""word"":"","",""pos"":"""",""jyutping"":null},{""word"":""尤其是"",""pos"":""d"",""jyutping"":""jau4kei4si6""},{""word"":""可能"",""pos"":""vu"",""jyutping"":""ho2nang4""},{""word"":""係"",""pos"":""v"",""jyutping"":""hai6""},{""word"":""初信"",""pos"":""a"",""jyutping"":""co1seon3""},{""word"":""嗰個"",""pos"":""q"",""jyutping"":""go2go3""},{""word"":""階段"",""pos"":""n"",""jyutping"":""gaai1dyun6""},{""word"":""呢"",""pos"":""y1"",""jyutping"":""ne1""},{""word"":"","",""pos"":"""",""jyutping"":null},{""word"":""可能"",""pos"":""vu"",""jyutping"":""ho2nang4""},{""word"":""未"",""pos"":""d"",""jyutping"":""mei6""},{""word"":""經驗"",""pos"":""v"",""jyutping"":""ging1jim6""},{""word"":""過"",""pos"":""u"",""jyutping"":""gwo3""},{""word"":""都"",""pos"":""d"",""jyutping"":""dou1""},{""word"":""唔"",""pos"":""d"",""jyutping"":""m4""},{""word"":""定"",""pos"":""a"",""jyutping"":""ding6""},{""word"":"","",""pos"":"""",""jyutping"":null},{""word"":""所以"",""pos"":""c"",""jyutping"":""so2ji5""},{""word"":""我"",""pos"":""r"",""jyutping"":""ngo5""},{""word"":""諗"",""pos"":""v"",""jyutping"":""nam2""},{""word"":""即係"",""pos"":""d"",""jyutping"":""zik1hai6""},{""word"":""最"",""pos"":""d"",""jyutping"":""zeoi3""},{""word"":""基本"",""pos"":""a"",""jyutping"":""gei1bun2""},{""word"":""嗰個"",""pos"":""r"",""jyutping"":""go2go3""},{""word"":""呢"",""pos"":""y1"",""jyutping"":""ne1""},{""word"":""就"",""pos"":""d"",""jyutping"":""zau6""},{""word"":""係"",""pos"":""v"",""jyutping"":""hai6""},{""word"":""你"",""pos"":""r"",""jyutping"":""nei5""},{""word"":""係"",""pos"":""v"",""jyutping"":""hai6""},{""word"":""相信"",""pos"":""v"",""jyutping"":""soeng1seon3""},{""word"":""神"",""pos"":""n"",""jyutping"":""san4""},{""word"":""寫低"",""pos"":""v"",""jyutping"":""se2dai1""},{""word"":""嗰啲"",""pos"":""r"",""jyutping"":""go2di1""},{""word"":""說話"",""pos"":""n"",""jyutping"":""syut3waa6""},{""word"":""囖"",""pos"":""y"",""jyutping"":""lo1""},{""word"":"","",""pos"":"""",""jyutping"":null},{""word"":""即係"",""pos"":""c"",""jyutping"":""zik1hai6""},{""word"":""嗰個"",""pos"":""r"",""jyutping"":""go2go3""},{""word"":""就"",""pos"":""d"",""jyutping"":""zau6""},{""word"":""係"",""pos"":""v"",""jyutping"":""hai6""},{""word"":""個"",""pos"":""q"",""jyutping"":""go3""},{""word"":""根基"",""pos"":""n"",""jyutping"":""gan1gei1""},{""word"":""."",""pos"":"""",""jyutping"":null}]"	REQUIRES_EXPERT_CONTEXT_REVIEW
aa62-d340df85fc442b03ed30	FC-103_v2.cha	7925d9e37ec562965f598ebe225c43503865e03be344815bf1c5e6f40cb67f05	32	200	27	XXA	經驗過	經驗	v	都	d	ADV	"{""normalizedSurface"":""經驗過""}"	聖經就噉講,但係我哋呢即係可能係未經驗過喎,尤其是可能係初信嗰個階段呢,可能未經驗過都唔定,所以我諗即係最基本嗰個呢就係你係相信神寫低嗰啲說話囖,即係嗰個就係個根基.	嗯.	遲啲先至用你嘅經驗來到,即係再去-去experience.	"{""startTokenIndexZeroBased"":20,""endTokenIndexExclusive"":34,""tokens"":[{""word"":""嗰個"",""pos"":""q"",""jyutping"":""go2go3""},{""word"":""階段"",""pos"":""n"",""jyutping"":""gaai1dyun6""},{""word"":""呢"",""pos"":""y1"",""jyutping"":""ne1""},{""word"":"","",""pos"":"""",""jyutping"":null},{""word"":""可能"",""pos"":""vu"",""jyutping"":""ho2nang4""},{""word"":""未"",""pos"":""d"",""jyutping"":""mei6""},{""word"":""經驗"",""pos"":""v"",""jyutping"":""ging1jim6""},{""word"":""過"",""pos"":""u"",""jyutping"":""gwo3""},{""word"":""都"",""pos"":""d"",""jyutping"":""dou1""},{""word"":""唔"",""pos"":""d"",""jyutping"":""m4""},{""word"":""定"",""pos"":""a"",""jyutping"":""ding6""},{""word"":"","",""pos"":"""",""jyutping"":null},{""word"":""所以"",""pos"":""c"",""jyutping"":""so2ji5""},{""word"":""我"",""pos"":""r"",""jyutping"":""ngo5""}]}"	"[{""word"":""聖經"",""pos"":""nz"",""jyutping"":""sing3ging1""},{""word"":""就"",""pos"":""d"",""jyutping"":""zau6""},{""word"":""噉"",""pos"":""r"",""jyutping"":""gam2""},{""word"":""講"",""pos"":""v"",""jyutping"":""gong2""},{""word"":"","",""pos"":"""",""jyutping"":null},{""word"":""但係"",""pos"":""c"",""jyutping"":""daan6hai6""},{""word"":""我哋"",""pos"":""r"",""jyutping"":""ngo5dei6""},{""word"":""呢"",""pos"":""y"",""jyutping"":""ne1""},{""word"":""即係"",""pos"":""c"",""jyutping"":""zik1hai6""},{""word"":""可能"",""pos"":""vu"",""jyutping"":""ho2nang4""},{""word"":""係"",""pos"":""v"",""jyutping"":""hai6""},{""word"":""未"",""pos"":""d"",""jyutping"":""mei6""},{""word"":""經驗"",""pos"":""v"",""jyutping"":""ging1jim6""},{""word"":""過"",""pos"":""u"",""jyutping"":""gwo3""},{""word"":""喎"",""pos"":""y1"",""jyutping"":""wo3""},{""word"":"","",""pos"":"""",""jyutping"":null},{""word"":""尤其是"",""pos"":""d"",""jyutping"":""jau4kei4si6""},{""word"":""可能"",""pos"":""vu"",""jyutping"":""ho2nang4""},{""word"":""係"",""pos"":""v"",""jyutping"":""hai6""},{""word"":""初信"",""pos"":""a"",""jyutping"":""co1seon3""},{""word"":""嗰個"",""pos"":""q"",""jyutping"":""go2go3""},{""word"":""階段"",""pos"":""n"",""jyutping"":""gaai1dyun6""},{""word"":""呢"",""pos"":""y1"",""jyutping"":""ne1""},{""word"":"","",""pos"":"""",""jyutping"":null},{""word"":""可能"",""pos"":""vu"",""jyutping"":""ho2nang4""},{""word"":""未"",""pos"":""d"",""jyutping"":""mei6""},{""word"":""經驗"",""pos"":""v"",""jyutping"":""ging1jim6""},{""word"":""過"",""pos"":""u"",""jyutping"":""gwo3""},{""word"":""都"",""pos"":""d"",""jyutping"":""dou1""},{""word"":""唔"",""pos"":""d"",""jyutping"":""m4""},{""word"":""定"",""pos"":""a"",""jyutping"":""ding6""},{""word"":"","",""pos"":"""",""jyutping"":null},{""word"":""所以"",""pos"":""c"",""jyutping"":""so2ji5""},{""word"":""我"",""pos"":""r"",""jyutping"":""ngo5""},{""word"":""諗"",""pos"":""v"",""jyutping"":""nam2""},{""word"":""即係"",""pos"":""d"",""jyutping"":""zik1hai6""},{""word"":""最"",""pos"":""d"",""jyutping"":""zeoi3""},{""word"":""基本"",""pos"":""a"",""jyutping"":""gei1bun2""},{""word"":""嗰個"",""pos"":""r"",""jyutping"":""go2go3""},{""word"":""呢"",""pos"":""y1"",""jyutping"":""ne1""},{""word"":""就"",""pos"":""d"",""jyutping"":""zau6""},{""word"":""係"",""pos"":""v"",""jyutping"":""hai6""},{""word"":""你"",""pos"":""r"",""jyutping"":""nei5""},{""word"":""係"",""pos"":""v"",""jyutping"":""hai6""},{""word"":""相信"",""pos"":""v"",""jyutping"":""soeng1seon3""},{""word"":""神"",""pos"":""n"",""jyutping"":""san4""},{""word"":""寫低"",""pos"":""v"",""jyutping"":""se2dai1""},{""word"":""嗰啲"",""pos"":""r"",""jyutping"":""go2di1""},{""word"":""說話"",""pos"":""n"",""jyutping"":""syut3waa6""},{""word"":""囖"",""pos"":""y"",""jyutping"":""lo1""},{""word"":"","",""pos"":"""",""jyutping"":null},{""word"":""即係"",""pos"":""c"",""jyutping"":""zik1hai6""},{""word"":""嗰個"",""pos"":""r"",""jyutping"":""go2go3""},{""word"":""就"",""pos"":""d"",""jyutping"":""zau6""},{""word"":""係"",""pos"":""v"",""jyutping"":""hai6""},{""word"":""個"",""pos"":""q"",""jyutping"":""go3""},{""word"":""根基"",""pos"":""n"",""jyutping"":""gan1gei1""},{""word"":""."",""pos"":"""",""jyutping"":null}]"	REQUIRES_EXPERT_CONTEXT_REVIEW
aa62-989790e92e95ee40c0eb	FC-104_v2.cha	f544c88469cf6947b3781401a683cc89afbe60b9a7ddfac523735a78cc30ba93	33	21	8	XXB	通知過	通知	v	阿	h	PROPN	"{""normalizedSurface"":""通知過""}"	咁得意𠸏,即係又冇通知過阿Jay佢生日想出來,但係佢又想揾人出來.	聯絡人啩,我唔清楚佢點啊.	唔係,佢就冇話俾我知個purpose係乜嘢,淨係話問我pre-,你prefer星期六定係星期日出來,噉我話prefer星期六囖.	"{""startTokenIndexZeroBased"":1,""endTokenIndexExclusive"":15,""tokens"":[{""word"":""得意"",""pos"":""a"",""jyutping"":""dak1ji3""},{""word"":""𠸏"",""pos"":""y"",""jyutping"":""ge2""},{""word"":"","",""pos"":"""",""jyutping"":null},{""word"":""即係"",""pos"":""d"",""jyutping"":""zik1hai6""},{""word"":""又"",""pos"":""d"",""jyutping"":""jau6""},{""word"":""冇"",""pos"":""v1"",""jyutping"":""mou5""},{""word"":""通知"",""pos"":""v"",""jyutping"":""tung1zi1""},{""word"":""過"",""pos"":""u"",""jyutping"":""gwo3""},{""word"":""阿"",""pos"":""h"",""jyutping"":""aa3""},{""word"":""Jay"",""pos"":""xnr"",""jyutping"":null},{""word"":""佢"",""pos"":""r"",""jyutping"":""keoi5""},{""word"":""生日"",""pos"":""n"",""jyutping"":""saang1jat6""},{""word"":""想"",""pos"":""vu"",""jyutping"":""soeng2""},{""word"":""出來"",""pos"":""v"",""jyutping"":""ceot1lai4""}]}"	"[{""word"":""咁"",""pos"":""d"",""jyutping"":""gam3""},{""word"":""得意"",""pos"":""a"",""jyutping"":""dak1ji3""},{""word"":""𠸏"",""pos"":""y"",""jyutping"":""ge2""},{""word"":"","",""pos"":"""",""jyutping"":null},{""word"":""即係"",""pos"":""d"",""jyutping"":""zik1hai6""},{""word"":""又"",""pos"":""d"",""jyutping"":""jau6""},{""word"":""冇"",""pos"":""v1"",""jyutping"":""mou5""},{""word"":""通知"",""pos"":""v"",""jyutping"":""tung1zi1""},{""word"":""過"",""pos"":""u"",""jyutping"":""gwo3""},{""word"":""阿"",""pos"":""h"",""jyutping"":""aa3""},{""word"":""Jay"",""pos"":""xnr"",""jyutping"":null},{""word"":""佢"",""pos"":""r"",""jyutping"":""keoi5""},{""word"":""生日"",""pos"":""n"",""jyutping"":""saang1jat6""},{""word"":""想"",""pos"":""vu"",""jyutping"":""soeng2""},{""word"":""出來"",""pos"":""v"",""jyutping"":""ceot1lai4""},{""word"":"","",""pos"":"""",""jyutping"":null},{""word"":""但係"",""pos"":""c"",""jyutping"":""daan6hai6""},{""word"":""佢"",""pos"":""r"",""jyutping"":""keoi5""},{""word"":""又"",""pos"":""d"",""jyutping"":""jau6""},{""word"":""想"",""pos"":""vu"",""jyutping"":""soeng2""},{""word"":""揾"",""pos"":""v"",""jyutping"":""wan2""},{""word"":""人"",""pos"":""n"",""jyutping"":""jan4""},{""word"":""出來"",""pos"":""v"",""jyutping"":""ceot1lai4""},{""word"":""."",""pos"":"""",""jyutping"":null}]"	REQUIRES_EXPERT_CONTEXT_REVIEW
aa62-d7968200b12741fa319b	FC-104_v2.cha	f544c88469cf6947b3781401a683cc89afbe60b9a7ddfac523735a78cc30ba93	33	97	1	XXB	試過	試	v	嗰個	r	PRON	"{""normalizedSurface"":""試過""}"	試過嗰個阿琪呢,你都識佢𡃉喇.	誒.	哦,阿琪識佢.	"{""startTokenIndexZeroBased"":0,""endTokenIndexExclusive"":8,""tokens"":[{""word"":""試"",""pos"":""v"",""jyutping"":""si3""},{""word"":""過"",""pos"":""u"",""jyutping"":""gwo3""},{""word"":""嗰個"",""pos"":""r"",""jyutping"":""go2go3""},{""word"":""阿琪"",""pos"":""nr"",""jyutping"":""aa3kei4""},{""word"":""呢"",""pos"":""y1"",""jyutping"":""ne1""},{""word"":"","",""pos"":"""",""jyutping"":null},{""word"":""你"",""pos"":""r"",""jyutping"":""nei5""},{""word"":""都"",""pos"":""d"",""jyutping"":""dou1""}]}"	"[{""word"":""試"",""pos"":""v"",""jyutping"":""si3""},{""word"":""過"",""pos"":""u"",""jyutping"":""gwo3""},{""word"":""嗰個"",""pos"":""r"",""jyutping"":""go2go3""},{""word"":""阿琪"",""pos"":""nr"",""jyutping"":""aa3kei4""},{""word"":""呢"",""pos"":""y1"",""jyutping"":""ne1""},{""word"":"","",""pos"":"""",""jyutping"":null},{""word"":""你"",""pos"":""r"",""jyutping"":""nei5""},{""word"":""都"",""pos"":""d"",""jyutping"":""dou1""},{""word"":""識"",""pos"":""v"",""jyutping"":""sik1""},{""word"":""佢"",""pos"":""r"",""jyutping"":""keoi5""},{""word"":""𡃉"",""pos"":""y"",""jyutping"":""gaa3""},{""word"":""喇"",""pos"":""y"",""jyutping"":""laa1""},{""word"":""."",""pos"":"""",""jyutping"":null}]"	REQUIRES_EXPERT_CONTEXT_REVIEW
aa62-6a755932a03587b7b489	FC-104_v2.cha	f544c88469cf6947b3781401a683cc89afbe60b9a7ddfac523735a78cc30ba93	33	105	15	XXB	見過	見	v	佢	r	PRON	"{""normalizedSurface"":""見過""}"	唔識嘅,不過我成日講開,噉佢又-見過佢個樣,但係又冇-又冇接觸過囖.	佢唔識阿琪㗎?	"噉後尾有一次喺巴士站撞到佢,佢話""Hi!阿琪!""噉喎,跟住阿琪話""咦!乜佢咁有禮貌𠸏?"	"{""startTokenIndexZeroBased"":8,""endTokenIndexExclusive"":22,""tokens"":[{""word"":""開"",""pos"":""u"",""jyutping"":""hoi1""},{""word"":"","",""pos"":"""",""jyutping"":null},{""word"":""噉"",""pos"":""c"",""jyutping"":""gam2""},{""word"":""佢"",""pos"":""r"",""jyutping"":""keoi5""},{""word"":""又"",""pos"":""d"",""jyutping"":""jau6""},{""word"":""-"",""pos"":"""",""jyutping"":null},{""word"":""見"",""pos"":""v"",""jyutping"":""gin3""},{""word"":""過"",""pos"":""u"",""jyutping"":""gwo3""},{""word"":""佢"",""pos"":""r"",""jyutping"":""keoi5""},{""word"":""個"",""pos"":""q"",""jyutping"":""go3""},{""word"":""樣"",""pos"":""n"",""jyutping"":""joeng2""},{""word"":"","",""pos"":"""",""jyutping"":null},{""word"":""但係"",""pos"":""c"",""jyutping"":""daan6hai6""},{""word"":""又"",""pos"":""d"",""jyutping"":""jau6""}]}"	"[{""word"":""唔"",""pos"":""d"",""jyutping"":""m4""},{""word"":""識"",""pos"":""v"",""jyutping"":""sik1""},{""word"":""嘅"",""pos"":""u"",""jyutping"":""ge3""},{""word"":"","",""pos"":"""",""jyutping"":null},{""word"":""不過"",""pos"":""c"",""jyutping"":""bat1gwo3""},{""word"":""我"",""pos"":""r"",""jyutping"":""ngo5""},{""word"":""成日"",""pos"":""d"",""jyutping"":""seng4jat6""},{""word"":""講"",""pos"":""v"",""jyutping"":""gong2""},{""word"":""開"",""pos"":""u"",""jyutping"":""hoi1""},{""word"":"","",""pos"":"""",""jyutping"":null},{""word"":""噉"",""pos"":""c"",""jyutping"":""gam2""},{""word"":""佢"",""pos"":""r"",""jyutping"":""keoi5""},{""word"":""又"",""pos"":""d"",""jyutping"":""jau6""},{""word"":""-"",""pos"":"""",""jyutping"":null},{""word"":""見"",""pos"":""v"",""jyutping"":""gin3""},{""word"":""過"",""pos"":""u"",""jyutping"":""gwo3""},{""word"":""佢"",""pos"":""r"",""jyutping"":""keoi5""},{""word"":""個"",""pos"":""q"",""jyutping"":""go3""},{""word"":""樣"",""pos"":""n"",""jyutping"":""joeng2""},{""word"":"","",""pos"":"""",""jyutping"":null},{""word"":""但係"",""pos"":""c"",""jyutping"":""daan6hai6""},{""word"":""又"",""pos"":""d"",""jyutping"":""jau6""},{""word"":""冇"",""pos"":""v1"",""jyutping"":""mou5""},{""word"":""-"",""pos"":"""",""jyutping"":null},{""word"":""又"",""pos"":""d"",""jyutping"":""jau6""},{""word"":""冇"",""pos"":""v1"",""jyutping"":""mou5""},{""word"":""接觸"",""pos"":""v"",""jyutping"":""zip3zuk1""},{""word"":""過"",""pos"":""u"",""jyutping"":""gwo3""},{""word"":""囖"",""pos"":""y"",""jyutping"":""lo1""},{""word"":""."",""pos"":"""",""jyutping"":null}]"	REQUIRES_EXPERT_CONTEXT_REVIEW
aa62-9384af9501e12c3006a2	FC-104_v2.cha	f544c88469cf6947b3781401a683cc89afbe60b9a7ddfac523735a78cc30ba93	33	105	27	XXB	接觸過	接觸	v	囖	y	PART	"{""normalizedSurface"":""接觸過""}"	唔識嘅,不過我成日講開,噉佢又-見過佢個樣,但係又冇-又冇接觸過囖.	佢唔識阿琪㗎?	"噉後尾有一次喺巴士站撞到佢,佢話""Hi!阿琪!""噉喎,跟住阿琪話""咦!乜佢咁有禮貌𠸏?"	"{""startTokenIndexZeroBased"":20,""endTokenIndexExclusive"":30,""tokens"":[{""word"":""但係"",""pos"":""c"",""jyutping"":""daan6hai6""},{""word"":""又"",""pos"":""d"",""jyutping"":""jau6""},{""word"":""冇"",""pos"":""v1"",""jyutping"":""mou5""},{""word"":""-"",""pos"":"""",""jyutping"":null},{""word"":""又"",""pos"":""d"",""jyutping"":""jau6""},{""word"":""冇"",""pos"":""v1"",""jyutping"":""mou5""},{""word"":""接觸"",""pos"":""v"",""jyutping"":""zip3zuk1""},{""word"":""過"",""pos"":""u"",""jyutping"":""gwo3""},{""word"":""囖"",""pos"":""y"",""jyutping"":""lo1""},{""word"":""."",""pos"":"""",""jyutping"":null}]}"	"[{""word"":""唔"",""pos"":""d"",""jyutping"":""m4""},{""word"":""識"",""pos"":""v"",""jyutping"":""sik1""},{""word"":""嘅"",""pos"":""u"",""jyutping"":""ge3""},{""word"":"","",""pos"":"""",""jyutping"":null},{""word"":""不過"",""pos"":""c"",""jyutping"":""bat1gwo3""},{""word"":""我"",""pos"":""r"",""jyutping"":""ngo5""},{""word"":""成日"",""pos"":""d"",""jyutping"":""seng4jat6""},{""word"":""講"",""pos"":""v"",""jyutping"":""gong2""},{""word"":""開"",""pos"":""u"",""jyutping"":""hoi1""},{""word"":"","",""pos"":"""",""jyutping"":null},{""word"":""噉"",""pos"":""c"",""jyutping"":""gam2""},{""word"":""佢"",""pos"":""r"",""jyutping"":""keoi5""},{""word"":""又"",""pos"":""d"",""jyutping"":""jau6""},{""word"":""-"",""pos"":"""",""jyutping"":null},{""word"":""見"",""pos"":""v"",""jyutping"":""gin3""},{""word"":""過"",""pos"":""u"",""jyutping"":""gwo3""},{""word"":""佢"",""pos"":""r"",""jyutping"":""keoi5""},{""word"":""個"",""pos"":""q"",""jyutping"":""go3""},{""word"":""樣"",""pos"":""n"",""jyutping"":""joeng2""},{""word"":"","",""pos"":"""",""jyutping"":null},{""word"":""但係"",""pos"":""c"",""jyutping"":""daan6hai6""},{""word"":""又"",""pos"":""d"",""jyutping"":""jau6""},{""word"":""冇"",""pos"":""v1"",""jyutping"":""mou5""},{""word"":""-"",""pos"":"""",""jyutping"":null},{""word"":""又"",""pos"":""d"",""jyutping"":""jau6""},{""word"":""冇"",""pos"":""v1"",""jyutping"":""mou5""},{""word"":""接觸"",""pos"":""v"",""jyutping"":""zip3zuk1""},{""word"":""過"",""pos"":""u"",""jyutping"":""gwo3""},{""word"":""囖"",""pos"":""y"",""jyutping"":""lo1""},{""word"":""."",""pos"":"""",""jyutping"":null}]"	REQUIRES_EXPERT_CONTEXT_REVIEW
aa62-4dffa06f0d9df1981244	FC-104_v2.cha	f544c88469cf6947b3781401a683cc89afbe60b9a7ddfac523735a78cc30ba93	33	148	4	XXA	揾過	揾	v	我	r	PRON	"{""normalizedSurface"":""揾過""}"	阿勇,阿勇揾過我借書啊去HongKongU咪,咪咪揾我囖.	有𡃉,你唔-冇申請啫嗎.	佢有哩張証,但係就唔借得吖嗎.	"{""startTokenIndexZeroBased"":0,""endTokenIndexExclusive"":11,""tokens"":[{""word"":""阿勇"",""pos"":""nr"",""jyutping"":""aa3jung5""},{""word"":"","",""pos"":"""",""jyutping"":null},{""word"":""阿勇"",""pos"":""nr"",""jyutping"":""aa3jung5""},{""word"":""揾"",""pos"":""v"",""jyutping"":""wan2""},{""word"":""過"",""pos"":""u"",""jyutping"":""gwo3""},{""word"":""我"",""pos"":""r"",""jyutping"":""ngo5""},{""word"":""借書"",""pos"":""v"",""jyutping"":""ze3syu1""},{""word"":""啊"",""pos"":""y"",""jyutping"":""aa3""},{""word"":""去"",""pos"":""v"",""jyutping"":""heoi3""},{""word"":""Hong"",""pos"":""JNTg"",""jyutping"":null},{""word"":""Kong"",""pos"":""JNTg"",""jyutping"":null}]}"	"[{""word"":""阿勇"",""pos"":""nr"",""jyutping"":""aa3jung5""},{""word"":"","",""pos"":"""",""jyutping"":null},{""word"":""阿勇"",""pos"":""nr"",""jyutping"":""aa3jung5""},{""word"":""揾"",""pos"":""v"",""jyutping"":""wan2""},{""word"":""過"",""pos"":""u"",""jyutping"":""gwo3""},{""word"":""我"",""pos"":""r"",""jyutping"":""ngo5""},{""word"":""借書"",""pos"":""v"",""jyutping"":""ze3syu1""},{""word"":""啊"",""pos"":""y"",""jyutping"":""aa3""},{""word"":""去"",""pos"":""v"",""jyutping"":""heoi3""},{""word"":""Hong"",""pos"":""JNTg"",""jyutping"":null},{""word"":""Kong"",""pos"":""JNTg"",""jyutping"":null},{""word"":""U"",""pos"":""JNTg"",""jyutping"":null},{""word"":""咪"",""pos"":""d"",""jyutping"":""mai6""},{""word"":"","",""pos"":"""",""jyutping"":null},{""word"":""咪"",""pos"":""d"",""jyutping"":""mai6""},{""word"":""咪"",""pos"":""d"",""jyutping"":""mai6""},{""word"":""揾"",""pos"":""v"",""jyutping"":""wan2""},{""word"":""我"",""pos"":""r"",""jyutping"":""ngo5""},{""word"":""囖"",""pos"":""y"",""jyutping"":""lo1""},{""word"":""."",""pos"":"""",""jyutping"":null}]"	REQUIRES_EXPERT_CONTEXT_REVIEW
aa62-cdcccffe3acafaeaf751	FC-104_v2.cha	f544c88469cf6947b3781401a683cc89afbe60b9a7ddfac523735a78cc30ba93	33	167	15	XXA	見過	見	v	幾	m	NUM	"{""normalizedSurface"":""見過""}"	我知吖,哩樣嘢,成日不過唔係成日見,係見過幾次.	點解啊?	成個波噉啊吹到.	"{""startTokenIndexZeroBased"":8,""endTokenIndexExclusive"":19,""tokens"":[{""word"":""不過"",""pos"":""c"",""jyutping"":""bat1gwo3""},{""word"":""唔係"",""pos"":""v"",""jyutping"":""m4hai6""},{""word"":""成日"",""pos"":""d"",""jyutping"":""seng4jat6""},{""word"":""見"",""pos"":""v"",""jyutping"":""gin3""},{""word"":"","",""pos"":"""",""jyutping"":null},{""word"":""係"",""pos"":""v"",""jyutping"":""hai6""},{""word"":""見"",""pos"":""v"",""jyutping"":""gin3""},{""word"":""過"",""pos"":""u"",""jyutping"":""gwo3""},{""word"":""幾"",""pos"":""m"",""jyutping"":""gei2""},{""word"":""次"",""pos"":""q"",""jyutping"":""ci3""},{""word"":""."",""pos"":"""",""jyutping"":null}]}"	"[{""word"":""我"",""pos"":""r"",""jyutping"":""ngo5""},{""word"":""知"",""pos"":""v"",""jyutping"":""zi1""},{""word"":""吖"",""pos"":""y"",""jyutping"":""aa1""},{""word"":"","",""pos"":"""",""jyutping"":null},{""word"":""哩樣"",""pos"":""r"",""jyutping"":""ni1joeng6""},{""word"":""嘢"",""pos"":""n"",""jyutping"":""je5""},{""word"":"","",""pos"":"""",""jyutping"":null},{""word"":""成日"",""pos"":""d"",""jyutping"":""seng4jat6""},{""word"":""不過"",""pos"":""c"",""jyutping"":""bat1gwo3""},{""word"":""唔係"",""pos"":""v"",""jyutping"":""m4hai6""},{""word"":""成日"",""pos"":""d"",""jyutping"":""seng4jat6""},{""word"":""見"",""pos"":""v"",""jyutping"":""gin3""},{""word"":"","",""pos"":"""",""jyutping"":null},{""word"":""係"",""pos"":""v"",""jyutping"":""hai6""},{""word"":""見"",""pos"":""v"",""jyutping"":""gin3""},{""word"":""過"",""pos"":""u"",""jyutping"":""gwo3""},{""word"":""幾"",""pos"":""m"",""jyutping"":""gei2""},{""word"":""次"",""pos"":""q"",""jyutping"":""ci3""},{""word"":""."",""pos"":"""",""jyutping"":null}]"	REQUIRES_EXPERT_CONTEXT_REVIEW
aa62-b31db03cc63f2fd38ffe	FC-104_v2.cha	f544c88469cf6947b3781401a683cc89afbe60b9a7ddfac523735a78cc30ba93	33	177	5	XXA	見過	見	v	喎	y	PART	"{""normalizedSurface"":""見過""}"	但三年冇見過喎.	佢又係讀HongKongU㗎?	佢讀乜嘢𡃉?	"{""startTokenIndexZeroBased"":0,""endTokenIndexExclusive"":8,""tokens"":[{""word"":""但"",""pos"":""c"",""jyutping"":""daan6""},{""word"":""三"",""pos"":""m"",""jyutping"":""saam1""},{""word"":""年"",""pos"":""q"",""jyutping"":""nin4""},{""word"":""冇"",""pos"":""v1"",""jyutping"":""mou5""},{""word"":""見"",""pos"":""v"",""jyutping"":""gin3""},{""word"":""過"",""pos"":""u"",""jyutping"":""gwo3""},{""word"":""喎"",""pos"":""y"",""jyutping"":""wo3""},{""word"":""."",""pos"":"""",""jyutping"":null}]}"	"[{""word"":""但"",""pos"":""c"",""jyutping"":""daan6""},{""word"":""三"",""pos"":""m"",""jyutping"":""saam1""},{""word"":""年"",""pos"":""q"",""jyutping"":""nin4""},{""word"":""冇"",""pos"":""v1"",""jyutping"":""mou5""},{""word"":""見"",""pos"":""v"",""jyutping"":""gin3""},{""word"":""過"",""pos"":""u"",""jyutping"":""gwo3""},{""word"":""喎"",""pos"":""y"",""jyutping"":""wo3""},{""word"":""."",""pos"":"""",""jyutping"":null}]"	REQUIRES_EXPERT_CONTEXT_REVIEW
aa62-eca9dad25d5641574e31	FC-105_v2.cha	be40fc4738cbeb0e2a3e44ed4ef60c4b8e3bca467cc5d6b441b2896dc3110fcb	34	33	12	XXB	問過	問	v	價	n	NOUN	"{""normalizedSurface"":""問過""}"	噉呢,就佢話喺澳門嗰度呢,問過價呢,就一千三百幾蚊啊.	Fullversion𡃉喎.	噉𠻺佢啊問下香港唔知有冇平呢.	"{""startTokenIndexZeroBased"":5,""endTokenIndexExclusive"":19,""tokens"":[{""word"":""話"",""pos"":""v"",""jyutping"":""waa6""},{""word"":""喺"",""pos"":""p"",""jyutping"":""hai2""},{""word"":""澳門"",""pos"":""ns"",""jyutping"":""ou3mun2""},{""word"":""嗰度"",""pos"":""r"",""jyutping"":""go2dou6""},{""word"":""呢"",""pos"":""y1"",""jyutping"":""ne1""},{""word"":"","",""pos"":"""",""jyutping"":null},{""word"":""問"",""pos"":""v"",""jyutping"":""man6""},{""word"":""過"",""pos"":""u"",""jyutping"":""gwo3""},{""word"":""價"",""pos"":""n"",""jyutping"":""gaa3""},{""word"":""呢"",""pos"":""y1"",""jyutping"":""ne1""},{""word"":"","",""pos"":"""",""jyutping"":null},{""word"":""就"",""pos"":""d"",""jyutping"":""zau6""},{""word"":""一千三百"",""pos"":""m"",""jyutping"":""jat1cin1saam1baak3""},{""word"":""幾"",""pos"":""m"",""jyutping"":""gei2""}]}"	"[{""word"":""噉"",""pos"":""c"",""jyutping"":""gam2""},{""word"":""呢"",""pos"":""y1"",""jyutping"":""ne1""},{""word"":"","",""pos"":"""",""jyutping"":null},{""word"":""就"",""pos"":""d"",""jyutping"":""zau6""},{""word"":""佢"",""pos"":""r"",""jyutping"":""keoi5""},{""word"":""話"",""pos"":""v"",""jyutping"":""waa6""},{""word"":""喺"",""pos"":""p"",""jyutping"":""hai2""},{""word"":""澳門"",""pos"":""ns"",""jyutping"":""ou3mun2""},{""word"":""嗰度"",""pos"":""r"",""jyutping"":""go2dou6""},{""word"":""呢"",""pos"":""y1"",""jyutping"":""ne1""},{""word"":"","",""pos"":"""",""jyutping"":null},{""word"":""問"",""pos"":""v"",""jyutping"":""man6""},{""word"":""過"",""pos"":""u"",""jyutping"":""gwo3""},{""word"":""價"",""pos"":""n"",""jyutping"":""gaa3""},{""word"":""呢"",""pos"":""y1"",""jyutping"":""ne1""},{""word"":"","",""pos"":"""",""jyutping"":null},{""word"":""就"",""pos"":""d"",""jyutping"":""zau6""},{""word"":""一千三百"",""pos"":""m"",""jyutping"":""jat1cin1saam1baak3""},{""word"":""幾"",""pos"":""m"",""jyutping"":""gei2""},{""word"":""蚊"",""pos"":""q"",""jyutping"":""man1""},{""word"":""啊"",""pos"":""y"",""jyutping"":""aa3""},{""word"":""."",""pos"":"""",""jyutping"":null}]"	REQUIRES_EXPERT_CONTEXT_REVIEW
aa62-9bc70e77cfca178a207f	FC-105_v2.cha	be40fc4738cbeb0e2a3e44ed4ef60c4b8e3bca467cc5d6b441b2896dc3110fcb	34	56	2	XXB	話過	話	v	幾	m	NUM	"{""normalizedSurface"":""話過""}"	佢話過幾個月先喎.	佢唔使做手術嚹咩?	即係冇事,係唔係啊?	"{""startTokenIndexZeroBased"":0,""endTokenIndexExclusive"":9,""tokens"":[{""word"":""佢"",""pos"":""r"",""jyutping"":""keoi5""},{""word"":""話"",""pos"":""v"",""jyutping"":""waa6""},{""word"":""過"",""pos"":""v"",""jyutping"":""gwo3""},{""word"":""幾"",""pos"":""m"",""jyutping"":""gei2""},{""word"":""個"",""pos"":""q"",""jyutping"":""go3""},{""word"":""月"",""pos"":""n"",""jyutping"":""jyut6""},{""word"":""先"",""pos"":""d"",""jyutping"":""sin1""},{""word"":""喎"",""pos"":""y"",""jyutping"":""wo3""},{""word"":""."",""pos"":"""",""jyutping"":null}]}"	"[{""word"":""佢"",""pos"":""r"",""jyutping"":""keoi5""},{""word"":""話"",""pos"":""v"",""jyutping"":""waa6""},{""word"":""過"",""pos"":""v"",""jyutping"":""gwo3""},{""word"":""幾"",""pos"":""m"",""jyutping"":""gei2""},{""word"":""個"",""pos"":""q"",""jyutping"":""go3""},{""word"":""月"",""pos"":""n"",""jyutping"":""jyut6""},{""word"":""先"",""pos"":""d"",""jyutping"":""sin1""},{""word"":""喎"",""pos"":""y"",""jyutping"":""wo3""},{""word"":""."",""pos"":"""",""jyutping"":null}]"	REQUIRES_EXPERT_CONTEXT_REVIEW
aa62-a7ce7c13e887213196c2	FC-105_v2.cha	be40fc4738cbeb0e2a3e44ed4ef60c4b8e3bca467cc5d6b441b2896dc3110fcb	34	59	4	XXA	等過	等	v	幾	m	NUM	"{""normalizedSurface"":""等過""}"	噉點解要等過幾個月啊?	應該就冇乜事𠸏,不過三嬸就叫佢最好做-做手術囖.	噉而家暫時都冇乜嘢.	"{""startTokenIndexZeroBased"":0,""endTokenIndexExclusive"":10,""tokens"":[{""word"":""噉"",""pos"":""c"",""jyutping"":""gam2""},{""word"":""點解"",""pos"":""r"",""jyutping"":""dim2gaai2""},{""word"":""要"",""pos"":""vu"",""jyutping"":""jiu3""},{""word"":""等"",""pos"":""v"",""jyutping"":""dang2""},{""word"":""過"",""pos"":""v"",""jyutping"":""gwo3""},{""word"":""幾"",""pos"":""m"",""jyutping"":""gei2""},{""word"":""個"",""pos"":""q"",""jyutping"":""go3""},{""word"":""月"",""pos"":""n"",""jyutping"":""jyut6""},{""word"":""啊"",""pos"":""y"",""jyutping"":""aa3""},{""word"":""?"",""pos"":"""",""jyutping"":null}]}"	"[{""word"":""噉"",""pos"":""c"",""jyutping"":""gam2""},{""word"":""點解"",""pos"":""r"",""jyutping"":""dim2gaai2""},{""word"":""要"",""pos"":""vu"",""jyutping"":""jiu3""},{""word"":""等"",""pos"":""v"",""jyutping"":""dang2""},{""word"":""過"",""pos"":""v"",""jyutping"":""gwo3""},{""word"":""幾"",""pos"":""m"",""jyutping"":""gei2""},{""word"":""個"",""pos"":""q"",""jyutping"":""go3""},{""word"":""月"",""pos"":""n"",""jyutping"":""jyut6""},{""word"":""啊"",""pos"":""y"",""jyutping"":""aa3""},{""word"":""?"",""pos"":"""",""jyutping"":null}]"	REQUIRES_EXPERT_CONTEXT_REVIEW
aa62-a448c6de5bb721f569e9	FC-105_v2.cha	be40fc4738cbeb0e2a3e44ed4ef60c4b8e3bca467cc5d6b441b2896dc3110fcb	34	167	1	XXB	開過	開	v	演唱會	n	NOUN	"{""normalizedSurface"":""開過""}"	開過演唱會.	唔係啊.	幾多人睇啊.	"{""startTokenIndexZeroBased"":0,""endTokenIndexExclusive"":4,""tokens"":[{""word"":""開"",""pos"":""v"",""jyutping"":""hoi1""},{""word"":""過"",""pos"":""u"",""jyutping"":""gwo3""},{""word"":""演唱會"",""pos"":""n"",""jyutping"":""jin2coeng3wui2""},{""word"":""."",""pos"":"""",""jyutping"":null}]}"	"[{""word"":""開"",""pos"":""v"",""jyutping"":""hoi1""},{""word"":""過"",""pos"":""u"",""jyutping"":""gwo3""},{""word"":""演唱會"",""pos"":""n"",""jyutping"":""jin2coeng3wui2""},{""word"":""."",""pos"":"""",""jyutping"":null}]"	REQUIRES_EXPERT_CONTEXT_REVIEW
aa62-19cb273c155d95dc3fec	FC-105_v2.cha	be40fc4738cbeb0e2a3e44ed4ef60c4b8e3bca467cc5d6b441b2896dc3110fcb	34	169	3	XXA	開過	開	v	演唱會	n	NOUN	"{""normalizedSurface"":""開過""}"	唓,開過演唱會就好好㗎嗱?	幾多人睇啊.	噉已經好𡃉喇.	"{""startTokenIndexZeroBased"":0,""endTokenIndexExclusive"":10,""tokens"":[{""word"":""唓"",""pos"":""e"",""jyutping"":""ce1""},{""word"":"","",""pos"":"""",""jyutping"":null},{""word"":""開"",""pos"":""v"",""jyutping"":""hoi1""},{""word"":""過"",""pos"":""u"",""jyutping"":""gwo3""},{""word"":""演唱會"",""pos"":""n"",""jyutping"":""jin2coeng3wui2""},{""word"":""就"",""pos"":""d"",""jyutping"":""zau6""},{""word"":""好"",""pos"":""d"",""jyutping"":""hou2""},{""word"":""好"",""pos"":""a"",""jyutping"":""hou2""},{""word"":""㗎"",""pos"":""y"",""jyutping"":""gaa4""},{""word"":""嗱"",""pos"":""y"",""jyutping"":""laa4""}]}"	"[{""word"":""唓"",""pos"":""e"",""jyutping"":""ce1""},{""word"":"","",""pos"":"""",""jyutping"":null},{""word"":""開"",""pos"":""v"",""jyutping"":""hoi1""},{""word"":""過"",""pos"":""u"",""jyutping"":""gwo3""},{""word"":""演唱會"",""pos"":""n"",""jyutping"":""jin2coeng3wui2""},{""word"":""就"",""pos"":""d"",""jyutping"":""zau6""},{""word"":""好"",""pos"":""d"",""jyutping"":""hou2""},{""word"":""好"",""pos"":""a"",""jyutping"":""hou2""},{""word"":""㗎"",""pos"":""y"",""jyutping"":""gaa4""},{""word"":""嗱"",""pos"":""y"",""jyutping"":""laa4""},{""word"":""?"",""pos"":"""",""jyutping"":null}]"	REQUIRES_EXPERT_CONTEXT_REVIEW
aa62-db5a1e397c23e7c78b44	FC-106a_v2.cha	44eff3fa5ca6b53344bd5d64ad3c7a36c51c2707c411d06a307fbd0d93eacdbb	35	24	2	XXA	聽過	聽	v	你	r	PRON	"{""normalizedSurface"":""聽過""}"	未聽過你提𠸏.	Candy?	係唔係嗰啲十年都唔見一次嗰啲啊?	"{""startTokenIndexZeroBased"":0,""endTokenIndexExclusive"":7,""tokens"":[{""word"":""未"",""pos"":""d"",""jyutping"":""mei6""},{""word"":""聽"",""pos"":""v"",""jyutping"":""teng1""},{""word"":""過"",""pos"":""u"",""jyutping"":""gwo3""},{""word"":""你"",""pos"":""r"",""jyutping"":""nei5""},{""word"":""提"",""pos"":""v"",""jyutping"":""tai4""},{""word"":""𠸏"",""pos"":""y"",""jyutping"":""ge2""},{""word"":""."",""pos"":"""",""jyutping"":null}]}"	"[{""word"":""未"",""pos"":""d"",""jyutping"":""mei6""},{""word"":""聽"",""pos"":""v"",""jyutping"":""teng1""},{""word"":""過"",""pos"":""u"",""jyutping"":""gwo3""},{""word"":""你"",""pos"":""r"",""jyutping"":""nei5""},{""word"":""提"",""pos"":""v"",""jyutping"":""tai4""},{""word"":""𠸏"",""pos"":""y"",""jyutping"":""ge2""},{""word"":""."",""pos"":"""",""jyutping"":null}]"	REQUIRES_EXPERT_CONTEXT_REVIEW
aa62-d3e9097ffeac3e15fa2f	FC-106b_v2.cha	7d29a8affa8870dbd0a22592241753942dedbcba4f42fa8fd70348fb31ec4d9a	36	61	5	XXA	上過	上	v	來	v	VERB	"{""normalizedSurface"":""上過""}"	佢哋話一陣間再上過來睇.	噉帶埋餅帶落去睇咪得囖.	但係佢唔肯呃.	"{""startTokenIndexZeroBased"":0,""endTokenIndexExclusive"":9,""tokens"":[{""word"":""佢哋"",""pos"":""r"",""jyutping"":""keoi5dei6""},{""word"":""話"",""pos"":""v"",""jyutping"":""waa6""},{""word"":""一陣間"",""pos"":""t"",""jyutping"":""jat1zan6gaan1""},{""word"":""再"",""pos"":""d"",""jyutping"":""zoi3""},{""word"":""上"",""pos"":""v"",""jyutping"":""soeng5""},{""word"":""過"",""pos"":""u"",""jyutping"":""gwo3""},{""word"":""來"",""pos"":""v"",""jyutping"":""lai4""},{""word"":""睇"",""pos"":""v"",""jyutping"":""tai2""},{""word"":""."",""pos"":"""",""jyutping"":null}]}"	"[{""word"":""佢哋"",""pos"":""r"",""jyutping"":""keoi5dei6""},{""word"":""話"",""pos"":""v"",""jyutping"":""waa6""},{""word"":""一陣間"",""pos"":""t"",""jyutping"":""jat1zan6gaan1""},{""word"":""再"",""pos"":""d"",""jyutping"":""zoi3""},{""word"":""上"",""pos"":""v"",""jyutping"":""soeng5""},{""word"":""過"",""pos"":""u"",""jyutping"":""gwo3""},{""word"":""來"",""pos"":""v"",""jyutping"":""lai4""},{""word"":""睇"",""pos"":""v"",""jyutping"":""tai2""},{""word"":""."",""pos"":"""",""jyutping"":null}]"	REQUIRES_EXPERT_CONTEXT_REVIEW
aa62-7c7eee3e76d952a8ab1a	FC-106b_v2.cha	7d29a8affa8870dbd0a22592241753942dedbcba4f42fa8fd70348fb31ec4d9a	36	64	11	XXA	上過	上	v	來	v	VERB	"{""normalizedSurface"":""上過""}"	噉後尾-後尾佢哋食完飯又再上過來喎.	唔開心呃.	真係啊?	"{""startTokenIndexZeroBased"":4,""endTokenIndexExclusive"":15,""tokens"":[{""word"":""佢哋"",""pos"":""r"",""jyutping"":""keoi5dei6""},{""word"":""食"",""pos"":""v"",""jyutping"":""sik6""},{""word"":""完"",""pos"":""u"",""jyutping"":""jyun4""},{""word"":""飯"",""pos"":""n"",""jyutping"":""faan6""},{""word"":""又"",""pos"":""d"",""jyutping"":""jau6""},{""word"":""再"",""pos"":""d"",""jyutping"":""zoi3""},{""word"":""上"",""pos"":""v"",""jyutping"":""soeng5""},{""word"":""過"",""pos"":""u"",""jyutping"":""gwo3""},{""word"":""來"",""pos"":""v"",""jyutping"":""lai4""},{""word"":""喎"",""pos"":""y"",""jyutping"":""wo3""},{""word"":""."",""pos"":"""",""jyutping"":null}]}"	"[{""word"":""噉"",""pos"":""c"",""jyutping"":""gam2""},{""word"":""後尾"",""pos"":""t"",""jyutping"":""hau6mei1""},{""word"":""-"",""pos"":"""",""jyutping"":null},{""word"":""後尾"",""pos"":""t"",""jyutping"":""hau6mei1""},{""word"":""佢哋"",""pos"":""r"",""jyutping"":""keoi5dei6""},{""word"":""食"",""pos"":""v"",""jyutping"":""sik6""},{""word"":""完"",""pos"":""u"",""jyutping"":""jyun4""},{""word"":""飯"",""pos"":""n"",""jyutping"":""faan6""},{""word"":""又"",""pos"":""d"",""jyutping"":""jau6""},{""word"":""再"",""pos"":""d"",""jyutping"":""zoi3""},{""word"":""上"",""pos"":""v"",""jyutping"":""soeng5""},{""word"":""過"",""pos"":""u"",""jyutping"":""gwo3""},{""word"":""來"",""pos"":""v"",""jyutping"":""lai4""},{""word"":""喎"",""pos"":""y"",""jyutping"":""wo3""},{""word"":""."",""pos"":"""",""jyutping"":null}]"	REQUIRES_EXPERT_CONTEXT_REVIEW
aa62-99379abbed6532a089cd	FC-106b_v2.cha	7d29a8affa8870dbd0a22592241753942dedbcba4f42fa8fd70348fb31ec4d9a	36	91	15	XXB	影過	影	v	嘅	y	PART	"{""normalizedSurface"":""影過""}"	好似除咗大三巴多幾張之外,就冇乜其他地方影過嘅.	喂!你係唔係去親度度都有影𡃉?	嗰個議事亭前地影得一張,嗰度幾靚呃.	"{""startTokenIndexZeroBased"":8,""endTokenIndexExclusive"":18,""tokens"":[{""word"":"","",""pos"":"""",""jyutping"":null},{""word"":""就"",""pos"":""d"",""jyutping"":""zau6""},{""word"":""冇"",""pos"":""v1"",""jyutping"":""mou5""},{""word"":""乜"",""pos"":""r"",""jyutping"":""mat1""},{""word"":""其他"",""pos"":""r"",""jyutping"":""kei4taa1""},{""word"":""地方"",""pos"":""n"",""jyutping"":""dei6fong1""},{""word"":""影"",""pos"":""v"",""jyutping"":""jing2""},{""word"":""過"",""pos"":""u"",""jyutping"":""gwo3""},{""word"":""嘅"",""pos"":""y"",""jyutping"":""ge3""},{""word"":""."",""pos"":"""",""jyutping"":null}]}"	"[{""word"":""好似"",""pos"":""v"",""jyutping"":""hou2ci5""},{""word"":""除"",""pos"":""v"",""jyutping"":""ceoi4""},{""word"":""咗"",""pos"":""u"",""jyutping"":""zo2""},{""word"":""大三巴"",""pos"":""ns"",""jyutping"":""daai6saam1baa1""},{""word"":""多"",""pos"":""a"",""jyutping"":""do1""},{""word"":""幾"",""pos"":""m"",""jyutping"":""gei2""},{""word"":""張"",""pos"":""q"",""jyutping"":""zoeng1""},{""word"":""之外"",""pos"":""f"",""jyutping"":""zi1ngoi6""},{""word"":"","",""pos"":"""",""jyutping"":null},{""word"":""就"",""pos"":""d"",""jyutping"":""zau6""},{""word"":""冇"",""pos"":""v1"",""jyutping"":""mou5""},{""word"":""乜"",""pos"":""r"",""jyutping"":""mat1""},{""word"":""其他"",""pos"":""r"",""jyutping"":""kei4taa1""},{""word"":""地方"",""pos"":""n"",""jyutping"":""dei6fong1""},{""word"":""影"",""pos"":""v"",""jyutping"":""jing2""},{""word"":""過"",""pos"":""u"",""jyutping"":""gwo3""},{""word"":""嘅"",""pos"":""y"",""jyutping"":""ge3""},{""word"":""."",""pos"":"""",""jyutping"":null}]"	REQUIRES_EXPERT_CONTEXT_REVIEW
aa62-c963198c89b1e700a9f8	FC-106b_v2.cha	7d29a8affa8870dbd0a22592241753942dedbcba4f42fa8fd70348fb31ec4d9a	36	104	3	XXB	食過	食	v	嚹	y	PART	"{""normalizedSurface"":""食過""}"	好耐冇食過嚹.	咁貴𡃉咩?	不過樓下檔嘢咁污糟十蚊我都唔幫襯啊.	"{""startTokenIndexZeroBased"":0,""endTokenIndexExclusive"":6,""tokens"":[{""word"":""好耐"",""pos"":""t"",""jyutping"":""hou2noi6""},{""word"":""冇"",""pos"":""v1"",""jyutping"":""mou5""},{""word"":""食"",""pos"":""v"",""jyutping"":""sik6""},{""word"":""過"",""pos"":""u"",""jyutping"":""gwo3""},{""word"":""嚹"",""pos"":""y"",""jyutping"":""laa3""},{""word"":""."",""pos"":"""",""jyutping"":null}]}"	"[{""word"":""好耐"",""pos"":""t"",""jyutping"":""hou2noi6""},{""word"":""冇"",""pos"":""v1"",""jyutping"":""mou5""},{""word"":""食"",""pos"":""v"",""jyutping"":""sik6""},{""word"":""過"",""pos"":""u"",""jyutping"":""gwo3""},{""word"":""嚹"",""pos"":""y"",""jyutping"":""laa3""},{""word"":""."",""pos"":"""",""jyutping"":null}]"	REQUIRES_EXPERT_CONTEXT_REVIEW
aa62-723dcca26aaa90ab2940	FC-107_v2.cha	6a9ccf096315b60363014accae5aaedca6689638bc5f09fb6f2344c44883a1d6	37	35	2	XXB	入過	入	v	去	v	VERB	"{""normalizedSurface"":""入過""}"	有入過去呃,但係都睇唔啱.	冇喎,都睇唔啱.	但係佢永遠都孖襟𠸏.	"{""startTokenIndexZeroBased"":0,""endTokenIndexExclusive"":9,""tokens"":[{""word"":""有"",""pos"":""v1"",""jyutping"":""jau5""},{""word"":""入"",""pos"":""v"",""jyutping"":""jap6""},{""word"":""過"",""pos"":""u"",""jyutping"":""gwo3""},{""word"":""去"",""pos"":""v"",""jyutping"":""heoi3""},{""word"":""呃"",""pos"":""y"",""jyutping"":""aak3""},{""word"":"","",""pos"":"""",""jyutping"":null},{""word"":""但係"",""pos"":""c"",""jyutping"":""daan6hai6""},{""word"":""都"",""pos"":""d"",""jyutping"":""dou1""},{""word"":""睇"",""pos"":""v"",""jyutping"":""tai2""}]}"	"[{""word"":""有"",""pos"":""v1"",""jyutping"":""jau5""},{""word"":""入"",""pos"":""v"",""jyutping"":""jap6""},{""word"":""過"",""pos"":""u"",""jyutping"":""gwo3""},{""word"":""去"",""pos"":""v"",""jyutping"":""heoi3""},{""word"":""呃"",""pos"":""y"",""jyutping"":""aak3""},{""word"":"","",""pos"":"""",""jyutping"":null},{""word"":""但係"",""pos"":""c"",""jyutping"":""daan6hai6""},{""word"":""都"",""pos"":""d"",""jyutping"":""dou1""},{""word"":""睇"",""pos"":""v"",""jyutping"":""tai2""},{""word"":""唔"",""pos"":""d"",""jyutping"":""m4""},{""word"":""啱"",""pos"":""a"",""jyutping"":""aam1""},{""word"":""."",""pos"":"""",""jyutping"":null}]"	REQUIRES_EXPERT_CONTEXT_REVIEW
aa62-5d703efdd6325f9c6cdc	FC-107_v2.cha	6a9ccf096315b60363014accae5aaedca6689638bc5f09fb6f2344c44883a1d6	37	108	2	XXA	聽過	聽	v	佢	r	PRON	"{""normalizedSurface"":""聽過""}"	未聽過佢講囖.	一時時𡃉咋,有時講粗口𡃉.	佢話X交叉Y你咯有時會,喺你,喺-喺你啲friend面前都會係噉𡃉喎.	"{""startTokenIndexZeroBased"":0,""endTokenIndexExclusive"":7,""tokens"":[{""word"":""未"",""pos"":""d"",""jyutping"":""mei6""},{""word"":""聽"",""pos"":""v"",""jyutping"":""teng1""},{""word"":""過"",""pos"":""u"",""jyutping"":""gwo3""},{""word"":""佢"",""pos"":""r"",""jyutping"":""keoi5""},{""word"":""講"",""pos"":""v"",""jyutping"":""gong2""},{""word"":""囖"",""pos"":""y"",""jyutping"":""lo1""},{""word"":""."",""pos"":"""",""jyutping"":null}]}"	"[{""word"":""未"",""pos"":""d"",""jyutping"":""mei6""},{""word"":""聽"",""pos"":""v"",""jyutping"":""teng1""},{""word"":""過"",""pos"":""u"",""jyutping"":""gwo3""},{""word"":""佢"",""pos"":""r"",""jyutping"":""keoi5""},{""word"":""講"",""pos"":""v"",""jyutping"":""gong2""},{""word"":""囖"",""pos"":""y"",""jyutping"":""lo1""},{""word"":""."",""pos"":"""",""jyutping"":null}]"	REQUIRES_EXPERT_CONTEXT_REVIEW
aa62-827080fc83104872d612	FC-107_v2.cha	6a9ccf096315b60363014accae5aaedca6689638bc5f09fb6f2344c44883a1d6	37	304	15	XXA	去過	去	v	外國	n	NOUN	"{""normalizedSurface"":""去過""}"	不過唔知啊,我覺得黎明去外國讀書等如冇去過外國𠺝.	黎明,唓,佢夠話喺外國讀書咯,但係唔知係唔係好似聽講話俾人踢出校𠺢嗎,又係.	直程喇,佢都唔會講𠸏.	"{""startTokenIndexZeroBased"":8,""endTokenIndexExclusive"":19,""tokens"":[{""word"":""明"",""pos"":""nr"",""jyutping"":""ming4""},{""word"":""去"",""pos"":""v"",""jyutping"":""heoi3""},{""word"":""外國"",""pos"":""n"",""jyutping"":""ngoi6gwok3""},{""word"":""讀書"",""pos"":""v"",""jyutping"":""duk6syu1""},{""word"":""等如"",""pos"":""v"",""jyutping"":""dang2jyu4""},{""word"":""冇"",""pos"":""v1"",""jyutping"":""mou5""},{""word"":""去"",""pos"":""v"",""jyutping"":""heoi3""},{""word"":""過"",""pos"":""u"",""jyutping"":""gwo3""},{""word"":""外國"",""pos"":""n"",""jyutping"":""ngoi6gwok3""},{""word"":""𠺝"",""pos"":""y"",""jyutping"":""gaak3""},{""word"":""."",""pos"":"""",""jyutping"":null}]}"	"[{""word"":""不過"",""pos"":""c"",""jyutping"":""bat1gwo3""},{""word"":""唔"",""pos"":""d"",""jyutping"":""m4""},{""word"":""知"",""pos"":""v"",""jyutping"":""zi1""},{""word"":""啊"",""pos"":""y"",""jyutping"":""aa3""},{""word"":"","",""pos"":"""",""jyutping"":null},{""word"":""我"",""pos"":""r"",""jyutping"":""ngo5""},{""word"":""覺得"",""pos"":""v"",""jyutping"":""gok3dak1""},{""word"":""黎"",""pos"":""nr"",""jyutping"":""lai4""},{""word"":""明"",""pos"":""nr"",""jyutping"":""ming4""},{""word"":""去"",""pos"":""v"",""jyutping"":""heoi3""},{""word"":""外國"",""pos"":""n"",""jyutping"":""ngoi6gwok3""},{""word"":""讀書"",""pos"":""v"",""jyutping"":""duk6syu1""},{""word"":""等如"",""pos"":""v"",""jyutping"":""dang2jyu4""},{""word"":""冇"",""pos"":""v1"",""jyutping"":""mou5""},{""word"":""去"",""pos"":""v"",""jyutping"":""heoi3""},{""word"":""過"",""pos"":""u"",""jyutping"":""gwo3""},{""word"":""外國"",""pos"":""n"",""jyutping"":""ngoi6gwok3""},{""word"":""𠺝"",""pos"":""y"",""jyutping"":""gaak3""},{""word"":""."",""pos"":"""",""jyutping"":null}]"	REQUIRES_EXPERT_CONTEXT_REVIEW
aa62-34805f92e326a00bd381	FC-108a_v2.cha	9c80f4488c8c32be66bc3f01baadf77bb99f9e3f6b73138a4b1e18e027f5a964	38	23	11	XXA	做過	做	v	啲	q	NOUN	"{""normalizedSurface"":""做過""}"	喂噉你你哩個-哩兩個星期做過啲乜嘢啊?	係啊係.	做過啲乜嘢?	"{""startTokenIndexZeroBased"":4,""endTokenIndexExclusive"":16,""tokens"":[{""word"":""哩個"",""pos"":""r"",""jyutping"":""ni1go3""},{""word"":""-"",""pos"":"""",""jyutping"":null},{""word"":""哩"",""pos"":""r"",""jyutping"":""ni1""},{""word"":""兩"",""pos"":""m"",""jyutping"":""loeng5""},{""word"":""個"",""pos"":""q"",""jyutping"":""go3""},{""word"":""星期"",""pos"":""n"",""jyutping"":""sing1kei4""},{""word"":""做"",""pos"":""v"",""jyutping"":""zou6""},{""word"":""過"",""pos"":""u"",""jyutping"":""gwo3""},{""word"":""啲"",""pos"":""q"",""jyutping"":""di1""},{""word"":""乜嘢"",""pos"":""r"",""jyutping"":""mat1je5""},{""word"":""啊"",""pos"":""y"",""jyutping"":""aa3""},{""word"":""?"",""pos"":"""",""jyutping"":null}]}"	"[{""word"":""喂"",""pos"":""e"",""jyutping"":""wai3""},{""word"":""噉"",""pos"":""r"",""jyutping"":""gam2""},{""word"":""你"",""pos"":""r"",""jyutping"":""nei5""},{""word"":""你"",""pos"":""r"",""jyutping"":""nei5""},{""word"":""哩個"",""pos"":""r"",""jyutping"":""ni1go3""},{""word"":""-"",""pos"":"""",""jyutping"":null},{""word"":""哩"",""pos"":""r"",""jyutping"":""ni1""},{""word"":""兩"",""pos"":""m"",""jyutping"":""loeng5""},{""word"":""個"",""pos"":""q"",""jyutping"":""go3""},{""word"":""星期"",""pos"":""n"",""jyutping"":""sing1kei4""},{""word"":""做"",""pos"":""v"",""jyutping"":""zou6""},{""word"":""過"",""pos"":""u"",""jyutping"":""gwo3""},{""word"":""啲"",""pos"":""q"",""jyutping"":""di1""},{""word"":""乜嘢"",""pos"":""r"",""jyutping"":""mat1je5""},{""word"":""啊"",""pos"":""y"",""jyutping"":""aa3""},{""word"":""?"",""pos"":"""",""jyutping"":null}]"	REQUIRES_EXPERT_CONTEXT_REVIEW
aa62-5c9e8624d3dd4435cb7e	FC-108a_v2.cha	9c80f4488c8c32be66bc3f01baadf77bb99f9e3f6b73138a4b1e18e027f5a964	38	24	1	XXB	做過	做	v	啲	q	NOUN	"{""normalizedSurface"":""做過""}"	做過啲乜嘢?	喂噉你你哩個-哩兩個星期做過啲乜嘢啊?	開頭咪做功課囖.	"{""startTokenIndexZeroBased"":0,""endTokenIndexExclusive"":5,""tokens"":[{""word"":""做"",""pos"":""v"",""jyutping"":""zou6""},{""word"":""過"",""pos"":""u"",""jyutping"":""gwo3""},{""word"":""啲"",""pos"":""q"",""jyutping"":""di1""},{""word"":""乜嘢"",""pos"":""r"",""jyutping"":""mat1je5""},{""word"":""?"",""pos"":"""",""jyutping"":null}]}"	"[{""word"":""做"",""pos"":""v"",""jyutping"":""zou6""},{""word"":""過"",""pos"":""u"",""jyutping"":""gwo3""},{""word"":""啲"",""pos"":""q"",""jyutping"":""di1""},{""word"":""乜嘢"",""pos"":""r"",""jyutping"":""mat1je5""},{""word"":""?"",""pos"":"""",""jyutping"":null}]"	REQUIRES_EXPERT_CONTEXT_REVIEW
aa62-c859435c515f2d630cfa	FC-108a_v2.cha	9c80f4488c8c32be66bc3f01baadf77bb99f9e3f6b73138a4b1e18e027f5a964	38	60	15	XXB	講過	講	v	吖	y	PART	"{""normalizedSurface"":""講過""}"	但係其實我哋以為係佢做𠺢嗎,因為Council嗰度冇講過吖嗎,我哋淨係以為我哋收卷啊,改卷啊,嗰啲噉嘅嘢啫嗎.	吓吓.	嗯嗯,嗯嗯.	"{""startTokenIndexZeroBased"":8,""endTokenIndexExclusive"":22,""tokens"":[{""word"":""嗎"",""pos"":""y"",""jyutping"":""maa3""},{""word"":"","",""pos"":"""",""jyutping"":null},{""word"":""因為"",""pos"":""c"",""jyutping"":""jan1wai6""},{""word"":""Council"",""pos"":""xn"",""jyutping"":null},{""word"":""嗰度"",""pos"":""r"",""jyutping"":""go2dou6""},{""word"":""冇"",""pos"":""v1"",""jyutping"":""mou5""},{""word"":""講"",""pos"":""v"",""jyutping"":""gong2""},{""word"":""過"",""pos"":""u"",""jyutping"":""gwo3""},{""word"":""吖"",""pos"":""y"",""jyutping"":""aa1""},{""word"":""嗎"",""pos"":""y"",""jyutping"":""maa3""},{""word"":"","",""pos"":"""",""jyutping"":null},{""word"":""我哋"",""pos"":""r"",""jyutping"":""ngo5dei6""},{""word"":""淨係"",""pos"":""d"",""jyutping"":""zing6hai6""},{""word"":""以為"",""pos"":""v"",""jyutping"":""ji5wai4""}]}"	"[{""word"":""但係"",""pos"":""c"",""jyutping"":""daan6hai6""},{""word"":""其實"",""pos"":""d"",""jyutping"":""kei4sat6""},{""word"":""我哋"",""pos"":""r"",""jyutping"":""ngo5dei6""},{""word"":""以為"",""pos"":""v"",""jyutping"":""ji5wai4""},{""word"":""係"",""pos"":""v"",""jyutping"":""hai6""},{""word"":""佢"",""pos"":""r"",""jyutping"":""keoi5""},{""word"":""做"",""pos"":""v"",""jyutping"":""zou6""},{""word"":""𠺢"",""pos"":""y"",""jyutping"":""gaa1""},{""word"":""嗎"",""pos"":""y"",""jyutping"":""maa3""},{""word"":"","",""pos"":"""",""jyutping"":null},{""word"":""因為"",""pos"":""c"",""jyutping"":""jan1wai6""},{""word"":""Council"",""pos"":""xn"",""jyutping"":null},{""word"":""嗰度"",""pos"":""r"",""jyutping"":""go2dou6""},{""word"":""冇"",""pos"":""v1"",""jyutping"":""mou5""},{""word"":""講"",""pos"":""v"",""jyutping"":""gong2""},{""word"":""過"",""pos"":""u"",""jyutping"":""gwo3""},{""word"":""吖"",""pos"":""y"",""jyutping"":""aa1""},{""word"":""嗎"",""pos"":""y"",""jyutping"":""maa3""},{""word"":"","",""pos"":"""",""jyutping"":null},{""word"":""我哋"",""pos"":""r"",""jyutping"":""ngo5dei6""},{""word"":""淨係"",""pos"":""d"",""jyutping"":""zing6hai6""},{""word"":""以為"",""pos"":""v"",""jyutping"":""ji5wai4""},{""word"":""我哋"",""pos"":""r"",""jyutping"":""ngo5dei6""},{""word"":""收"",""pos"":""v"",""jyutping"":""sau1""},{""word"":""卷"",""pos"":""n"",""jyutping"":""gyun2""},{""word"":""啊"",""pos"":""y"",""jyutping"":""aa3""},{""word"":"","",""pos"":"""",""jyutping"":null},{""word"":""改"",""pos"":""v"",""jyutping"":""goi2""},{""word"":""卷"",""pos"":""n"",""jyutping"":""gyun2""},{""word"":""啊"",""pos"":""y"",""jyutping"":""aa3""},{""word"":"","",""pos"":"""",""jyutping"":null},{""word"":""嗰啲"",""pos"":""r"",""jyutping"":""go2di1""},{""word"":""噉"",""pos"":""r"",""jyutping"":""gam2""},{""word"":""嘅"",""pos"":""u"",""jyutping"":""ge3""},{""word"":""嘢"",""pos"":""n"",""jyutping"":""je5""},{""word"":""啫"",""pos"":""y"",""jyutping"":""ze1""},{""word"":""嗎"",""pos"":""y"",""jyutping"":""maa3""},{""word"":""."",""pos"":"""",""jyutping"":null}]"	REQUIRES_EXPERT_CONTEXT_REVIEW
aa62-18e741556f94c0bcbf73	FC-108a_v2.cha	9c80f4488c8c32be66bc3f01baadf77bb99f9e3f6b73138a4b1e18e027f5a964	38	156	32	XXA	返過	返	v	過去	v	VERB	"{""normalizedSurface"":""返過""}"	噉呢嗰個,誒,噉跟住之後呢佢就可能-可能同嗰個男仔幾好啩,噉可能褸尾呢,兩年都冇返過過去囖.	噉褸尾佢喺佢公司呢識咗個男仔喎.	本來喺嗰邊讀𡁵書𡃉嚹.	"{""startTokenIndexZeroBased"":25,""endTokenIndexExclusive"":36,""tokens"":[{""word"":""呢"",""pos"":""y1"",""jyutping"":""ne1""},{""word"":"","",""pos"":"""",""jyutping"":null},{""word"":""兩"",""pos"":""m"",""jyutping"":""loeng5""},{""word"":""年"",""pos"":""q"",""jyutping"":""nin4""},{""word"":""都"",""pos"":""d"",""jyutping"":""dou1""},{""word"":""冇"",""pos"":""v1"",""jyutping"":""mou5""},{""word"":""返"",""pos"":""v"",""jyutping"":""faan1""},{""word"":""過"",""pos"":""u"",""jyutping"":""gwo3""},{""word"":""過去"",""pos"":""v"",""jyutping"":""gwo3heoi3""},{""word"":""囖"",""pos"":""y"",""jyutping"":""lo1""},{""word"":""."",""pos"":"""",""jyutping"":null}]}"	"[{""word"":""噉"",""pos"":""r"",""jyutping"":""gam2""},{""word"":""呢"",""pos"":""y1"",""jyutping"":""ne1""},{""word"":""嗰個"",""pos"":""r"",""jyutping"":""go2go3""},{""word"":"","",""pos"":"""",""jyutping"":null},{""word"":""誒"",""pos"":""e"",""jyutping"":""e6""},{""word"":"","",""pos"":"""",""jyutping"":null},{""word"":""噉"",""pos"":""c"",""jyutping"":""gam2""},{""word"":""跟住"",""pos"":""c"",""jyutping"":""gan1zyu6""},{""word"":""之後"",""pos"":""f"",""jyutping"":""zi1hau6""},{""word"":""呢"",""pos"":""y1"",""jyutping"":""ne1""},{""word"":""佢"",""pos"":""r"",""jyutping"":""keoi5""},{""word"":""就"",""pos"":""d"",""jyutping"":""zau6""},{""word"":""可能"",""pos"":""vu"",""jyutping"":""ho2nang4""},{""word"":""-"",""pos"":"""",""jyutping"":null},{""word"":""可能"",""pos"":""vu"",""jyutping"":""ho2nang4""},{""word"":""同"",""pos"":""p"",""jyutping"":""tung4""},{""word"":""嗰個"",""pos"":""r"",""jyutping"":""go2go3""},{""word"":""男仔"",""pos"":""n"",""jyutping"":""naam4zai2""},{""word"":""幾"",""pos"":""d"",""jyutping"":""gei2""},{""word"":""好"",""pos"":""a"",""jyutping"":""hou2""},{""word"":""啩"",""pos"":""y"",""jyutping"":""gwaa3""},{""word"":"","",""pos"":"""",""jyutping"":null},{""word"":""噉"",""pos"":""r"",""jyutping"":""gam2""},{""word"":""可能"",""pos"":""vu"",""jyutping"":""ho2nang4""},{""word"":""褸尾"",""pos"":""t"",""jyutping"":""lau1mei1""},{""word"":""呢"",""pos"":""y1"",""jyutping"":""ne1""},{""word"":"","",""pos"":"""",""jyutping"":null},{""word"":""兩"",""pos"":""m"",""jyutping"":""loeng5""},{""word"":""年"",""pos"":""q"",""jyutping"":""nin4""},{""word"":""都"",""pos"":""d"",""jyutping"":""dou1""},{""word"":""冇"",""pos"":""v1"",""jyutping"":""mou5""},{""word"":""返"",""pos"":""v"",""jyutping"":""faan1""},{""word"":""過"",""pos"":""u"",""jyutping"":""gwo3""},{""word"":""過去"",""pos"":""v"",""jyutping"":""gwo3heoi3""},{""word"":""囖"",""pos"":""y"",""jyutping"":""lo1""},{""word"":""."",""pos"":"""",""jyutping"":null}]"	REQUIRES_EXPERT_CONTEXT_REVIEW
aa62-6b95f7466ff9e56c194a	FC-108a_v2.cha	9c80f4488c8c32be66bc3f01baadf77bb99f9e3f6b73138a4b1e18e027f5a964	38	171	17	XXA	問過	問	v	佢	r	PRON	"{""normalizedSurface"":""問過""}"	噉跟住-跟住呢,誒,冇啊噉我都前嗰排都有問過佢𠸏.	覺得.	"我話-我話""噉你諗唔諗住...""噉我話""你嗰陣時讀𡁵書."	"{""startTokenIndexZeroBased"":10,""endTokenIndexExclusive"":21,""tokens"":[{""word"":""噉"",""pos"":""c"",""jyutping"":""gam2""},{""word"":""我"",""pos"":""r"",""jyutping"":""ngo5""},{""word"":""都"",""pos"":""d"",""jyutping"":""dou1""},{""word"":""前嗰排"",""pos"":""t"",""jyutping"":""cin4go2paai4""},{""word"":""都"",""pos"":""d"",""jyutping"":""dou1""},{""word"":""有"",""pos"":""v1"",""jyutping"":""jau5""},{""word"":""問"",""pos"":""v"",""jyutping"":""man6""},{""word"":""過"",""pos"":""u"",""jyutping"":""gwo3""},{""word"":""佢"",""pos"":""r"",""jyutping"":""keoi5""},{""word"":""𠸏"",""pos"":""y"",""jyutping"":""ge2""},{""word"":""."",""pos"":"""",""jyutping"":null}]}"	"[{""word"":""噉"",""pos"":""c"",""jyutping"":""gam2""},{""word"":""跟住"",""pos"":""c"",""jyutping"":""gan1zyu6""},{""word"":""-"",""pos"":"""",""jyutping"":null},{""word"":""跟住"",""pos"":""c"",""jyutping"":""gan1zyu6""},{""word"":""呢"",""pos"":""y1"",""jyutping"":""ne1""},{""word"":"","",""pos"":"""",""jyutping"":null},{""word"":""誒"",""pos"":""e"",""jyutping"":""e6""},{""word"":"","",""pos"":"""",""jyutping"":null},{""word"":""冇"",""pos"":""v1"",""jyutping"":""mou5""},{""word"":""啊"",""pos"":""y1"",""jyutping"":""aa3""},{""word"":""噉"",""pos"":""c"",""jyutping"":""gam2""},{""word"":""我"",""pos"":""r"",""jyutping"":""ngo5""},{""word"":""都"",""pos"":""d"",""jyutping"":""dou1""},{""word"":""前嗰排"",""pos"":""t"",""jyutping"":""cin4go2paai4""},{""word"":""都"",""pos"":""d"",""jyutping"":""dou1""},{""word"":""有"",""pos"":""v1"",""jyutping"":""jau5""},{""word"":""問"",""pos"":""v"",""jyutping"":""man6""},{""word"":""過"",""pos"":""u"",""jyutping"":""gwo3""},{""word"":""佢"",""pos"":""r"",""jyutping"":""keoi5""},{""word"":""𠸏"",""pos"":""y"",""jyutping"":""ge2""},{""word"":""."",""pos"":"""",""jyutping"":null}]"	REQUIRES_EXPERT_CONTEXT_REVIEW
aa62-475d3d182e0d63f0355a	FC-108a_v2.cha	9c80f4488c8c32be66bc3f01baadf77bb99f9e3f6b73138a4b1e18e027f5a964	38	328	13	XXA	試過	試	v	咁	d	ADV	"{""normalizedSurface"":""試過""}"	我都覺得自己勤力過A-level好多,我都未試過咁勤力𡃉真係.	咁誇張𠸏真係.	咪好囖真係.	"{""startTokenIndexZeroBased"":6,""endTokenIndexExclusive"":19,""tokens"":[{""word"":""A-level"",""pos"":""xn"",""jyutping"":null},{""word"":""好多"",""pos"":""m"",""jyutping"":""hou2do1""},{""word"":"","",""pos"":"""",""jyutping"":null},{""word"":""我"",""pos"":""r"",""jyutping"":""ngo5""},{""word"":""都"",""pos"":""d"",""jyutping"":""dou1""},{""word"":""未"",""pos"":""d"",""jyutping"":""mei6""},{""word"":""試"",""pos"":""v"",""jyutping"":""si3""},{""word"":""過"",""pos"":""u"",""jyutping"":""gwo3""},{""word"":""咁"",""pos"":""d"",""jyutping"":""gam3""},{""word"":""勤力"",""pos"":""a"",""jyutping"":""kan4lik6""},{""word"":""𡃉"",""pos"":""y"",""jyutping"":""gaa3""},{""word"":""真係"",""pos"":""d"",""jyutping"":""zan1hai6""},{""word"":""."",""pos"":"""",""jyutping"":null}]}"	"[{""word"":""我"",""pos"":""r"",""jyutping"":""ngo5""},{""word"":""都"",""pos"":""d"",""jyutping"":""dou1""},{""word"":""覺得"",""pos"":""v"",""jyutping"":""gok3dak1""},{""word"":""自己"",""pos"":""r"",""jyutping"":""zi6gei2""},{""word"":""勤力"",""pos"":""a"",""jyutping"":""kan4lik6""},{""word"":""過"",""pos"":""u"",""jyutping"":""gwo3""},{""word"":""A-level"",""pos"":""xn"",""jyutping"":null},{""word"":""好多"",""pos"":""m"",""jyutping"":""hou2do1""},{""word"":"","",""pos"":"""",""jyutping"":null},{""word"":""我"",""pos"":""r"",""jyutping"":""ngo5""},{""word"":""都"",""pos"":""d"",""jyutping"":""dou1""},{""word"":""未"",""pos"":""d"",""jyutping"":""mei6""},{""word"":""試"",""pos"":""v"",""jyutping"":""si3""},{""word"":""過"",""pos"":""u"",""jyutping"":""gwo3""},{""word"":""咁"",""pos"":""d"",""jyutping"":""gam3""},{""word"":""勤力"",""pos"":""a"",""jyutping"":""kan4lik6""},{""word"":""𡃉"",""pos"":""y"",""jyutping"":""gaa3""},{""word"":""真係"",""pos"":""d"",""jyutping"":""zan1hai6""},{""word"":""."",""pos"":"""",""jyutping"":null}]"	REQUIRES_EXPERT_CONTEXT_REVIEW
aa62-1f8a788a0c9941437f86	FC-108a_v2.cha	9c80f4488c8c32be66bc3f01baadf77bb99f9e3f6b73138a4b1e18e027f5a964	38	334	12	XXA	試過	試	v	啊	y	PART	"{""normalizedSurface"":""試過""}"	我有一次啊-我有一次啊試過啊,誒-做功課喎,嗰日-因為第二日要交個paper吖嗎.	唔慌唔fit嚹,成隻熊貓噉囖.	喀.	"{""startTokenIndexZeroBased"":5,""endTokenIndexExclusive"":19,""tokens"":[{""word"":""-"",""pos"":"""",""jyutping"":null},{""word"":""我"",""pos"":""r"",""jyutping"":""ngo5""},{""word"":""有"",""pos"":""v1"",""jyutping"":""jau5""},{""word"":""一"",""pos"":""m"",""jyutping"":""jat1""},{""word"":""次"",""pos"":""q"",""jyutping"":""ci3""},{""word"":""啊"",""pos"":""y"",""jyutping"":""aa3""},{""word"":""試"",""pos"":""v"",""jyutping"":""si3""},{""word"":""過"",""pos"":""u"",""jyutping"":""gwo3""},{""word"":""啊"",""pos"":""y"",""jyutping"":""aa3""},{""word"":"","",""pos"":"""",""jyutping"":null},{""word"":""誒"",""pos"":""e"",""jyutping"":""e6""},{""word"":""-"",""pos"":"""",""jyutping"":null},{""word"":""做"",""pos"":""v"",""jyutping"":""zou6""},{""word"":""功課"",""pos"":""n"",""jyutping"":""gung1fo3""}]}"	"[{""word"":""我"",""pos"":""r"",""jyutping"":""ngo5""},{""word"":""有"",""pos"":""v1"",""jyutping"":""jau5""},{""word"":""一"",""pos"":""m"",""jyutping"":""jat1""},{""word"":""次"",""pos"":""q"",""jyutping"":""ci3""},{""word"":""啊"",""pos"":""y"",""jyutping"":""aa3""},{""word"":""-"",""pos"":"""",""jyutping"":null},{""word"":""我"",""pos"":""r"",""jyutping"":""ngo5""},{""word"":""有"",""pos"":""v1"",""jyutping"":""jau5""},{""word"":""一"",""pos"":""m"",""jyutping"":""jat1""},{""word"":""次"",""pos"":""q"",""jyutping"":""ci3""},{""word"":""啊"",""pos"":""y"",""jyutping"":""aa3""},{""word"":""試"",""pos"":""v"",""jyutping"":""si3""},{""word"":""過"",""pos"":""u"",""jyutping"":""gwo3""},{""word"":""啊"",""pos"":""y"",""jyutping"":""aa3""},{""word"":"","",""pos"":"""",""jyutping"":null},{""word"":""誒"",""pos"":""e"",""jyutping"":""e6""},{""word"":""-"",""pos"":"""",""jyutping"":null},{""word"":""做"",""pos"":""v"",""jyutping"":""zou6""},{""word"":""功課"",""pos"":""n"",""jyutping"":""gung1fo3""},{""word"":""喎"",""pos"":""y1"",""jyutping"":""wo3""},{""word"":"","",""pos"":"""",""jyutping"":null},{""word"":""嗰"",""pos"":""r"",""jyutping"":""go2""},{""word"":""日"",""pos"":""q"",""jyutping"":""jat6""},{""word"":""-"",""pos"":"""",""jyutping"":null},{""word"":""因為"",""pos"":""c"",""jyutping"":""jan1wai6""},{""word"":""第二"",""pos"":""m"",""jyutping"":""dai6ji6""},{""word"":""日"",""pos"":""q"",""jyutping"":""jat6""},{""word"":""要"",""pos"":""v"",""jyutping"":""jiu3""},{""word"":""交"",""pos"":""v"",""jyutping"":""gaau1""},{""word"":""個"",""pos"":""q"",""jyutping"":""go3""},{""word"":""paper"",""pos"":""xn"",""jyutping"":null},{""word"":""吖"",""pos"":""y"",""jyutping"":""aa1""},{""word"":""嗎"",""pos"":""y"",""jyutping"":""maa3""},{""word"":""."",""pos"":"""",""jyutping"":null}]"	REQUIRES_EXPERT_CONTEXT_REVIEW
aa62-9acd47c5eabee25e4142	FC-108a_v2.cha	9c80f4488c8c32be66bc3f01baadf77bb99f9e3f6b73138a4b1e18e027f5a964	38	402	11	XXA	試過	試	v	即係	c	CCONJ	"{""normalizedSurface"":""試過""}"	佢呢佢即係好唔小心囖,我試過即係我我洗過我我其實我洗過一次牙𡃉唧.	嘩!個醫生呢做嘢做得好揦西𡃉.	喀.	"{""startTokenIndexZeroBased"":4,""endTokenIndexExclusive"":18,""tokens"":[{""word"":""好"",""pos"":""d"",""jyutping"":""hou2""},{""word"":""唔"",""pos"":""d"",""jyutping"":""m4""},{""word"":""小心"",""pos"":""a"",""jyutping"":""siu2sam1""},{""word"":""囖"",""pos"":""y"",""jyutping"":""lo1""},{""word"":"","",""pos"":"""",""jyutping"":null},{""word"":""我"",""pos"":""r"",""jyutping"":""ngo5""},{""word"":""試"",""pos"":""v"",""jyutping"":""si3""},{""word"":""過"",""pos"":""u"",""jyutping"":""gwo3""},{""word"":""即係"",""pos"":""c"",""jyutping"":""zik1hai6""},{""word"":""我"",""pos"":""r"",""jyutping"":""ngo5""},{""word"":""我"",""pos"":""r"",""jyutping"":""ngo5""},{""word"":""洗"",""pos"":""v"",""jyutping"":""sai2""},{""word"":""過"",""pos"":""u"",""jyutping"":""gwo3""},{""word"":""我"",""pos"":""r"",""jyutping"":""ngo5""}]}"	"[{""word"":""佢"",""pos"":""r"",""jyutping"":""keoi5""},{""word"":""呢"",""pos"":""y1"",""jyutping"":""ne1""},{""word"":""佢"",""pos"":""r"",""jyutping"":""keoi5""},{""word"":""即係"",""pos"":""c"",""jyutping"":""zik1hai6""},{""word"":""好"",""pos"":""d"",""jyutping"":""hou2""},{""word"":""唔"",""pos"":""d"",""jyutping"":""m4""},{""word"":""小心"",""pos"":""a"",""jyutping"":""siu2sam1""},{""word"":""囖"",""pos"":""y"",""jyutping"":""lo1""},{""word"":"","",""pos"":"""",""jyutping"":null},{""word"":""我"",""pos"":""r"",""jyutping"":""ngo5""},{""word"":""試"",""pos"":""v"",""jyutping"":""si3""},{""word"":""過"",""pos"":""u"",""jyutping"":""gwo3""},{""word"":""即係"",""pos"":""c"",""jyutping"":""zik1hai6""},{""word"":""我"",""pos"":""r"",""jyutping"":""ngo5""},{""word"":""我"",""pos"":""r"",""jyutping"":""ngo5""},{""word"":""洗"",""pos"":""v"",""jyutping"":""sai2""},{""word"":""過"",""pos"":""u"",""jyutping"":""gwo3""},{""word"":""我"",""pos"":""r"",""jyutping"":""ngo5""},{""word"":""我"",""pos"":""r"",""jyutping"":""ngo5""},{""word"":""其實"",""pos"":""d"",""jyutping"":""kei4sat6""},{""word"":""我"",""pos"":""r"",""jyutping"":""ngo5""},{""word"":""洗"",""pos"":""v"",""jyutping"":""sai2""},{""word"":""過"",""pos"":""u"",""jyutping"":""gwo3""},{""word"":""一"",""pos"":""m"",""jyutping"":""jat1""},{""word"":""次"",""pos"":""q"",""jyutping"":""ci3""},{""word"":""牙"",""pos"":""n"",""jyutping"":""ngaa4""},{""word"":""𡃉"",""pos"":""y"",""jyutping"":""gaa3""},{""word"":""唧"",""pos"":""y"",""jyutping"":""zek1""},{""word"":""."",""pos"":"""",""jyutping"":null}]"	REQUIRES_EXPERT_CONTEXT_REVIEW
aa62-8068b4a9d7c05c4b9709	FC-108a_v2.cha	9c80f4488c8c32be66bc3f01baadf77bb99f9e3f6b73138a4b1e18e027f5a964	38	402	16	XXA	洗過	洗	v	我	r	PRON	"{""normalizedSurface"":""洗過""}"	佢呢佢即係好唔小心囖,我試過即係我我洗過我我其實我洗過一次牙𡃉唧.	嘩!個醫生呢做嘢做得好揦西𡃉.	喀.	"{""startTokenIndexZeroBased"":9,""endTokenIndexExclusive"":23,""tokens"":[{""word"":""我"",""pos"":""r"",""jyutping"":""ngo5""},{""word"":""試"",""pos"":""v"",""jyutping"":""si3""},{""word"":""過"",""pos"":""u"",""jyutping"":""gwo3""},{""word"":""即係"",""pos"":""c"",""jyutping"":""zik1hai6""},{""word"":""我"",""pos"":""r"",""jyutping"":""ngo5""},{""word"":""我"",""pos"":""r"",""jyutping"":""ngo5""},{""word"":""洗"",""pos"":""v"",""jyutping"":""sai2""},{""word"":""過"",""pos"":""u"",""jyutping"":""gwo3""},{""word"":""我"",""pos"":""r"",""jyutping"":""ngo5""},{""word"":""我"",""pos"":""r"",""jyutping"":""ngo5""},{""word"":""其實"",""pos"":""d"",""jyutping"":""kei4sat6""},{""word"":""我"",""pos"":""r"",""jyutping"":""ngo5""},{""word"":""洗"",""pos"":""v"",""jyutping"":""sai2""},{""word"":""過"",""pos"":""u"",""jyutping"":""gwo3""}]}"	"[{""word"":""佢"",""pos"":""r"",""jyutping"":""keoi5""},{""word"":""呢"",""pos"":""y1"",""jyutping"":""ne1""},{""word"":""佢"",""pos"":""r"",""jyutping"":""keoi5""},{""word"":""即係"",""pos"":""c"",""jyutping"":""zik1hai6""},{""word"":""好"",""pos"":""d"",""jyutping"":""hou2""},{""word"":""唔"",""pos"":""d"",""jyutping"":""m4""},{""word"":""小心"",""pos"":""a"",""jyutping"":""siu2sam1""},{""word"":""囖"",""pos"":""y"",""jyutping"":""lo1""},{""word"":"","",""pos"":"""",""jyutping"":null},{""word"":""我"",""pos"":""r"",""jyutping"":""ngo5""},{""word"":""試"",""pos"":""v"",""jyutping"":""si3""},{""word"":""過"",""pos"":""u"",""jyutping"":""gwo3""},{""word"":""即係"",""pos"":""c"",""jyutping"":""zik1hai6""},{""word"":""我"",""pos"":""r"",""jyutping"":""ngo5""},{""word"":""我"",""pos"":""r"",""jyutping"":""ngo5""},{""word"":""洗"",""pos"":""v"",""jyutping"":""sai2""},{""word"":""過"",""pos"":""u"",""jyutping"":""gwo3""},{""word"":""我"",""pos"":""r"",""jyutping"":""ngo5""},{""word"":""我"",""pos"":""r"",""jyutping"":""ngo5""},{""word"":""其實"",""pos"":""d"",""jyutping"":""kei4sat6""},{""word"":""我"",""pos"":""r"",""jyutping"":""ngo5""},{""word"":""洗"",""pos"":""v"",""jyutping"":""sai2""},{""word"":""過"",""pos"":""u"",""jyutping"":""gwo3""},{""word"":""一"",""pos"":""m"",""jyutping"":""jat1""},{""word"":""次"",""pos"":""q"",""jyutping"":""ci3""},{""word"":""牙"",""pos"":""n"",""jyutping"":""ngaa4""},{""word"":""𡃉"",""pos"":""y"",""jyutping"":""gaa3""},{""word"":""唧"",""pos"":""y"",""jyutping"":""zek1""},{""word"":""."",""pos"":"""",""jyutping"":null}]"	REQUIRES_EXPERT_CONTEXT_REVIEW
aa62-4bbfedb0faa43e0c916f	FC-108a_v2.cha	9c80f4488c8c32be66bc3f01baadf77bb99f9e3f6b73138a4b1e18e027f5a964	38	402	22	XXA	洗過	洗	v	一	m	NUM	"{""normalizedSurface"":""洗過""}"	佢呢佢即係好唔小心囖,我試過即係我我洗過我我其實我洗過一次牙𡃉唧.	嘩!個醫生呢做嘢做得好揦西𡃉.	喀.	"{""startTokenIndexZeroBased"":15,""endTokenIndexExclusive"":29,""tokens"":[{""word"":""洗"",""pos"":""v"",""jyutping"":""sai2""},{""word"":""過"",""pos"":""u"",""jyutping"":""gwo3""},{""word"":""我"",""pos"":""r"",""jyutping"":""ngo5""},{""word"":""我"",""pos"":""r"",""jyutping"":""ngo5""},{""word"":""其實"",""pos"":""d"",""jyutping"":""kei4sat6""},{""word"":""我"",""pos"":""r"",""jyutping"":""ngo5""},{""word"":""洗"",""pos"":""v"",""jyutping"":""sai2""},{""word"":""過"",""pos"":""u"",""jyutping"":""gwo3""},{""word"":""一"",""pos"":""m"",""jyutping"":""jat1""},{""word"":""次"",""pos"":""q"",""jyutping"":""ci3""},{""word"":""牙"",""pos"":""n"",""jyutping"":""ngaa4""},{""word"":""𡃉"",""pos"":""y"",""jyutping"":""gaa3""},{""word"":""唧"",""pos"":""y"",""jyutping"":""zek1""},{""word"":""."",""pos"":"""",""jyutping"":null}]}"	"[{""word"":""佢"",""pos"":""r"",""jyutping"":""keoi5""},{""word"":""呢"",""pos"":""y1"",""jyutping"":""ne1""},{""word"":""佢"",""pos"":""r"",""jyutping"":""keoi5""},{""word"":""即係"",""pos"":""c"",""jyutping"":""zik1hai6""},{""word"":""好"",""pos"":""d"",""jyutping"":""hou2""},{""word"":""唔"",""pos"":""d"",""jyutping"":""m4""},{""word"":""小心"",""pos"":""a"",""jyutping"":""siu2sam1""},{""word"":""囖"",""pos"":""y"",""jyutping"":""lo1""},{""word"":"","",""pos"":"""",""jyutping"":null},{""word"":""我"",""pos"":""r"",""jyutping"":""ngo5""},{""word"":""試"",""pos"":""v"",""jyutping"":""si3""},{""word"":""過"",""pos"":""u"",""jyutping"":""gwo3""},{""word"":""即係"",""pos"":""c"",""jyutping"":""zik1hai6""},{""word"":""我"",""pos"":""r"",""jyutping"":""ngo5""},{""word"":""我"",""pos"":""r"",""jyutping"":""ngo5""},{""word"":""洗"",""pos"":""v"",""jyutping"":""sai2""},{""word"":""過"",""pos"":""u"",""jyutping"":""gwo3""},{""word"":""我"",""pos"":""r"",""jyutping"":""ngo5""},{""word"":""我"",""pos"":""r"",""jyutping"":""ngo5""},{""word"":""其實"",""pos"":""d"",""jyutping"":""kei4sat6""},{""word"":""我"",""pos"":""r"",""jyutping"":""ngo5""},{""word"":""洗"",""pos"":""v"",""jyutping"":""sai2""},{""word"":""過"",""pos"":""u"",""jyutping"":""gwo3""},{""word"":""一"",""pos"":""m"",""jyutping"":""jat1""},{""word"":""次"",""pos"":""q"",""jyutping"":""ci3""},{""word"":""牙"",""pos"":""n"",""jyutping"":""ngaa4""},{""word"":""𡃉"",""pos"":""y"",""jyutping"":""gaa3""},{""word"":""唧"",""pos"":""y"",""jyutping"":""zek1""},{""word"":""."",""pos"":"""",""jyutping"":null}]"	REQUIRES_EXPERT_CONTEXT_REVIEW
aa62-95f4d77774a77a561cac	FC-108c_v2.cha	fbcb6cc27819deede6136fc8c59e4dd93b76655d15892095972f387d4ad2bc36	39	190	8	XXB	睇過	睇	v	你	r	PRON	"{""normalizedSurface"":""睇過""}"	係囖,幾好啊,睇過你啲notes都好似幾好呃.	誒,學到嘢囖跟佢,係囖.	係啊,幾-算唔錯喇,都係噉喇,差唔多𡃉嚹.	"{""startTokenIndexZeroBased"":1,""endTokenIndexExclusive"":15,""tokens"":[{""word"":""囖"",""pos"":""y"",""jyutping"":""lo1""},{""word"":"","",""pos"":"""",""jyutping"":null},{""word"":""幾"",""pos"":""d"",""jyutping"":""gei2""},{""word"":""好"",""pos"":""a"",""jyutping"":""hou2""},{""word"":""啊"",""pos"":""y"",""jyutping"":""aa3""},{""word"":"","",""pos"":"""",""jyutping"":null},{""word"":""睇"",""pos"":""v"",""jyutping"":""tai2""},{""word"":""過"",""pos"":""u"",""jyutping"":""gwo3""},{""word"":""你"",""pos"":""r"",""jyutping"":""nei5""},{""word"":""啲"",""pos"":""q"",""jyutping"":""di1""},{""word"":""notes"",""pos"":""xn"",""jyutping"":null},{""word"":""都"",""pos"":""d"",""jyutping"":""dou1""},{""word"":""好似"",""pos"":""v"",""jyutping"":""hou2ci5""},{""word"":""幾"",""pos"":""d"",""jyutping"":""gei2""}]}"	"[{""word"":""係"",""pos"":""v"",""jyutping"":""hai6""},{""word"":""囖"",""pos"":""y"",""jyutping"":""lo1""},{""word"":"","",""pos"":"""",""jyutping"":null},{""word"":""幾"",""pos"":""d"",""jyutping"":""gei2""},{""word"":""好"",""pos"":""a"",""jyutping"":""hou2""},{""word"":""啊"",""pos"":""y"",""jyutping"":""aa3""},{""word"":"","",""pos"":"""",""jyutping"":null},{""word"":""睇"",""pos"":""v"",""jyutping"":""tai2""},{""word"":""過"",""pos"":""u"",""jyutping"":""gwo3""},{""word"":""你"",""pos"":""r"",""jyutping"":""nei5""},{""word"":""啲"",""pos"":""q"",""jyutping"":""di1""},{""word"":""notes"",""pos"":""xn"",""jyutping"":null},{""word"":""都"",""pos"":""d"",""jyutping"":""dou1""},{""word"":""好似"",""pos"":""v"",""jyutping"":""hou2ci5""},{""word"":""幾"",""pos"":""d"",""jyutping"":""gei2""},{""word"":""好"",""pos"":""a"",""jyutping"":""hou2""},{""word"":""呃"",""pos"":""y"",""jyutping"":""aak3""},{""word"":""."",""pos"":"""",""jyutping"":null}]"	REQUIRES_EXPERT_CONTEXT_REVIEW
aa62-9556b7449ac54910b48c	FC-108d_v2.cha	13970f9d8cd7a1a59e819cee5f8b0bdca4f5ff11c44e2a6d1545fd587bf87a88	40	73	6	XXA	考過	考	v	嘞	y	PART	"{""normalizedSurface"":""考過""}"	Practical嗰啲基本上佢都考過嘞.	嗯.	喂,哩啲科乜嘢來𡃉其實?	"{""startTokenIndexZeroBased"":0,""endTokenIndexExclusive"":9,""tokens"":[{""word"":""Practical"",""pos"":""xa"",""jyutping"":null},{""word"":""嗰啲"",""pos"":""r"",""jyutping"":""go2di1""},{""word"":""基本上"",""pos"":""d"",""jyutping"":""gei1bun2soeng6""},{""word"":""佢"",""pos"":""r"",""jyutping"":""keoi5""},{""word"":""都"",""pos"":""d"",""jyutping"":""dou1""},{""word"":""考"",""pos"":""v"",""jyutping"":""haau2""},{""word"":""過"",""pos"":""u"",""jyutping"":""gwo3""},{""word"":""嘞"",""pos"":""y"",""jyutping"":""laak3""},{""word"":""."",""pos"":"""",""jyutping"":null}]}"	"[{""word"":""Practical"",""pos"":""xa"",""jyutping"":null},{""word"":""嗰啲"",""pos"":""r"",""jyutping"":""go2di1""},{""word"":""基本上"",""pos"":""d"",""jyutping"":""gei1bun2soeng6""},{""word"":""佢"",""pos"":""r"",""jyutping"":""keoi5""},{""word"":""都"",""pos"":""d"",""jyutping"":""dou1""},{""word"":""考"",""pos"":""v"",""jyutping"":""haau2""},{""word"":""過"",""pos"":""u"",""jyutping"":""gwo3""},{""word"":""嘞"",""pos"":""y"",""jyutping"":""laak3""},{""word"":""."",""pos"":"""",""jyutping"":null}]"	REQUIRES_EXPERT_CONTEXT_REVIEW
aa62-a29a7d12d04593600832	FC-108d_v2.cha	13970f9d8cd7a1a59e819cee5f8b0bdca4f5ff11c44e2a6d1545fd587bf87a88	40	84	9	XXA	學過	學	v	Excel	xnz	PROPN	"{""normalizedSurface"":""學過""}"	誒,幾囖,幾喇,學過Excel囖,同埋Microsoftword六點零囖,係啊.	咦,噉咪幾好幾實用囖.	哦.	"{""startTokenIndexZeroBased"":2,""endTokenIndexExclusive"":16,""tokens"":[{""word"":""幾"",""pos"":""d"",""jyutping"":""gei2""},{""word"":""囖"",""pos"":""y"",""jyutping"":""lo1""},{""word"":"","",""pos"":"""",""jyutping"":null},{""word"":""幾"",""pos"":""d"",""jyutping"":""gei2""},{""word"":""喇"",""pos"":""y"",""jyutping"":""laa1""},{""word"":"","",""pos"":"""",""jyutping"":null},{""word"":""學"",""pos"":""v"",""jyutping"":""hok6""},{""word"":""過"",""pos"":""u"",""jyutping"":""gwo3""},{""word"":""Excel"",""pos"":""xnz"",""jyutping"":null},{""word"":""囖"",""pos"":""y"",""jyutping"":""lo1""},{""word"":"","",""pos"":"""",""jyutping"":null},{""word"":""同埋"",""pos"":""c"",""jyutping"":""tung4maai4""},{""word"":""Microsoft"",""pos"":""xnt"",""jyutping"":null},{""word"":""word"",""pos"":""xn"",""jyutping"":null}]}"	"[{""word"":""誒"",""pos"":""e"",""jyutping"":""e6""},{""word"":"","",""pos"":"""",""jyutping"":null},{""word"":""幾"",""pos"":""d"",""jyutping"":""gei2""},{""word"":""囖"",""pos"":""y"",""jyutping"":""lo1""},{""word"":"","",""pos"":"""",""jyutping"":null},{""word"":""幾"",""pos"":""d"",""jyutping"":""gei2""},{""word"":""喇"",""pos"":""y"",""jyutping"":""laa1""},{""word"":"","",""pos"":"""",""jyutping"":null},{""word"":""學"",""pos"":""v"",""jyutping"":""hok6""},{""word"":""過"",""pos"":""u"",""jyutping"":""gwo3""},{""word"":""Excel"",""pos"":""xnz"",""jyutping"":null},{""word"":""囖"",""pos"":""y"",""jyutping"":""lo1""},{""word"":"","",""pos"":"""",""jyutping"":null},{""word"":""同埋"",""pos"":""c"",""jyutping"":""tung4maai4""},{""word"":""Microsoft"",""pos"":""xnt"",""jyutping"":null},{""word"":""word"",""pos"":""xn"",""jyutping"":null},{""word"":""六點零"",""pos"":""m"",""jyutping"":""luk6dim2leng4""},{""word"":""囖"",""pos"":""y"",""jyutping"":""lo1""},{""word"":"","",""pos"":"""",""jyutping"":null},{""word"":""係"",""pos"":""v"",""jyutping"":""hai6""},{""word"":""啊"",""pos"":""y"",""jyutping"":""aa3""},{""word"":""."",""pos"":"""",""jyutping"":null}]"	REQUIRES_EXPERT_CONTEXT_REVIEW
aa62-d6ddce1eb8ed941e3543	FC-108d_v2.cha	13970f9d8cd7a1a59e819cee5f8b0bdca4f5ff11c44e2a6d1545fd587bf87a88	40	87	19	XXA	測過	測	v	一	m	NUM	"{""normalizedSurface"":""測過""}"	係啊,係啊,算幾好喇,幫到做功課囖,哩個測過一次驗,所以practical就都可以話,重有爭少少喇,自己再複下噉囖.	噉咪幾好.	"咦,Practical即係唔係用電腦""""嗰啲啊."	"{""startTokenIndexZeroBased"":12,""endTokenIndexExclusive"":26,""tokens"":[{""word"":""到"",""pos"":""u"",""jyutping"":""dou2""},{""word"":""做"",""pos"":""v"",""jyutping"":""zou6""},{""word"":""功課"",""pos"":""n"",""jyutping"":""gung1fo3""},{""word"":""囖"",""pos"":""y"",""jyutping"":""lo1""},{""word"":"","",""pos"":"""",""jyutping"":null},{""word"":""哩個"",""pos"":""r"",""jyutping"":""ni1go3""},{""word"":""測"",""pos"":""v"",""jyutping"":""caak1""},{""word"":""過"",""pos"":""u"",""jyutping"":""gwo3""},{""word"":""一"",""pos"":""m"",""jyutping"":""jat1""},{""word"":""次"",""pos"":""q"",""jyutping"":""ci3""},{""word"":""驗"",""pos"":""Ng"",""jyutping"":""jim6""},{""word"":"","",""pos"":"""",""jyutping"":null},{""word"":""所以"",""pos"":""c"",""jyutping"":""so2ji5""},{""word"":""practical"",""pos"":""xn"",""jyutping"":null}]}"	"[{""word"":""係"",""pos"":""v"",""jyutping"":""hai6""},{""word"":""啊"",""pos"":""y"",""jyutping"":""aa3""},{""word"":"","",""pos"":"""",""jyutping"":null},{""word"":""係"",""pos"":""v"",""jyutping"":""hai6""},{""word"":""啊"",""pos"":""y"",""jyutping"":""aa3""},{""word"":"","",""pos"":"""",""jyutping"":null},{""word"":""算"",""pos"":""v"",""jyutping"":""syun3""},{""word"":""幾"",""pos"":""d"",""jyutping"":""gei2""},{""word"":""好"",""pos"":""a"",""jyutping"":""hou2""},{""word"":""喇"",""pos"":""y"",""jyutping"":""laa1""},{""word"":"","",""pos"":"""",""jyutping"":null},{""word"":""幫"",""pos"":""v"",""jyutping"":""bong1""},{""word"":""到"",""pos"":""u"",""jyutping"":""dou2""},{""word"":""做"",""pos"":""v"",""jyutping"":""zou6""},{""word"":""功課"",""pos"":""n"",""jyutping"":""gung1fo3""},{""word"":""囖"",""pos"":""y"",""jyutping"":""lo1""},{""word"":"","",""pos"":"""",""jyutping"":null},{""word"":""哩個"",""pos"":""r"",""jyutping"":""ni1go3""},{""word"":""測"",""pos"":""v"",""jyutping"":""caak1""},{""word"":""過"",""pos"":""u"",""jyutping"":""gwo3""},{""word"":""一"",""pos"":""m"",""jyutping"":""jat1""},{""word"":""次"",""pos"":""q"",""jyutping"":""ci3""},{""word"":""驗"",""pos"":""Ng"",""jyutping"":""jim6""},{""word"":"","",""pos"":"""",""jyutping"":null},{""word"":""所以"",""pos"":""c"",""jyutping"":""so2ji5""},{""word"":""practical"",""pos"":""xn"",""jyutping"":null},{""word"":""就"",""pos"":""d"",""jyutping"":""zau6""},{""word"":""都"",""pos"":""d"",""jyutping"":""dou1""},{""word"":""可以"",""pos"":""vu"",""jyutping"":""ho2ji5""},{""word"":""話"",""pos"":""v"",""jyutping"":""waa6""},{""word"":"","",""pos"":"""",""jyutping"":null},{""word"":""重"",""pos"":""d"",""jyutping"":""zung6""},{""word"":""有"",""pos"":""v1"",""jyutping"":""jau5""},{""word"":""爭"",""pos"":""v"",""jyutping"":""zaang1""},{""word"":""少少"",""pos"":""a"",""jyutping"":""siu2siu2""},{""word"":""喇"",""pos"":""y"",""jyutping"":""laa1""},{""word"":"","",""pos"":"""",""jyutping"":null},{""word"":""自己"",""pos"":""r"",""jyutping"":""zi6gei2""},{""word"":""再"",""pos"":""d"",""jyutping"":""zoi3""},{""word"":""複"",""pos"":""v"",""jyutping"":""fuk1""},{""word"":""下"",""pos"":""u"",""jyutping"":""haa5""},{""word"":""噉"",""pos"":""r"",""jyutping"":""gam2""},{""word"":""囖"",""pos"":""y"",""jyutping"":""lo1""},{""word"":""."",""pos"":"""",""jyutping"":null}]"	REQUIRES_EXPERT_CONTEXT_REVIEW
aa62-1c1b4854cb4ed4175387	FC-108d_v2.cha	13970f9d8cd7a1a59e819cee5f8b0bdca4f5ff11c44e2a6d1545fd587bf87a88	40	94	14	XXA	讀過	讀	v	account	xn	NOUN	"{""normalizedSurface"":""讀過""}"	Account囖,account,唉!不過最衰舊時自己冇讀過account喇,好多嘢都唔識啊而家.	噉跟住Stat𠻺唔使點溫𡃉嚹,基本上.	係喇,咪冇咁着數囖.	"{""startTokenIndexZeroBased"":7,""endTokenIndexExclusive"":21,""tokens"":[{""word"":""不過"",""pos"":""c"",""jyutping"":""bat1gwo3""},{""word"":""最"",""pos"":""d"",""jyutping"":""zeoi3""},{""word"":""衰"",""pos"":""a"",""jyutping"":""seoi1""},{""word"":""舊時"",""pos"":""t"",""jyutping"":""gau6si4""},{""word"":""自己"",""pos"":""r"",""jyutping"":""zi6gei2""},{""word"":""冇"",""pos"":""v1"",""jyutping"":""mou5""},{""word"":""讀"",""pos"":""v"",""jyutping"":""duk6""},{""word"":""過"",""pos"":""u"",""jyutping"":""gwo3""},{""word"":""account"",""pos"":""xn"",""jyutping"":null},{""word"":""喇"",""pos"":""y"",""jyutping"":""laa1""},{""word"":"","",""pos"":"""",""jyutping"":null},{""word"":""好多"",""pos"":""m"",""jyutping"":""hou2do1""},{""word"":""嘢"",""pos"":""n"",""jyutping"":""je5""},{""word"":""都"",""pos"":""d"",""jyutping"":""dou1""}]}"	"[{""word"":""Account"",""pos"":""xn"",""jyutping"":null},{""word"":""囖"",""pos"":""y"",""jyutping"":""lo1""},{""word"":"","",""pos"":"""",""jyutping"":null},{""word"":""account"",""pos"":""xn"",""jyutping"":null},{""word"":"","",""pos"":"""",""jyutping"":null},{""word"":""唉"",""pos"":""e"",""jyutping"":""aai5""},{""word"":""!"",""pos"":"""",""jyutping"":null},{""word"":""不過"",""pos"":""c"",""jyutping"":""bat1gwo3""},{""word"":""最"",""pos"":""d"",""jyutping"":""zeoi3""},{""word"":""衰"",""pos"":""a"",""jyutping"":""seoi1""},{""word"":""舊時"",""pos"":""t"",""jyutping"":""gau6si4""},{""word"":""自己"",""pos"":""r"",""jyutping"":""zi6gei2""},{""word"":""冇"",""pos"":""v1"",""jyutping"":""mou5""},{""word"":""讀"",""pos"":""v"",""jyutping"":""duk6""},{""word"":""過"",""pos"":""u"",""jyutping"":""gwo3""},{""word"":""account"",""pos"":""xn"",""jyutping"":null},{""word"":""喇"",""pos"":""y"",""jyutping"":""laa1""},{""word"":"","",""pos"":"""",""jyutping"":null},{""word"":""好多"",""pos"":""m"",""jyutping"":""hou2do1""},{""word"":""嘢"",""pos"":""n"",""jyutping"":""je5""},{""word"":""都"",""pos"":""d"",""jyutping"":""dou1""},{""word"":""唔"",""pos"":""d"",""jyutping"":""m4""},{""word"":""識"",""pos"":""v"",""jyutping"":""sik1""},{""word"":""啊"",""pos"":""y"",""jyutping"":""aa3""},{""word"":""而家"",""pos"":""t"",""jyutping"":""ji4gaa1""},{""word"":""."",""pos"":"""",""jyutping"":null}]"	REQUIRES_EXPERT_CONTEXT_REVIEW
aa62-a5b5c23eb141706a24b1	FC-108d_v2.cha	13970f9d8cd7a1a59e819cee5f8b0bdca4f5ff11c44e2a6d1545fd587bf87a88	40	97	11	XXB	考過	考	v	嗰啲	r	PRON	"{""normalizedSurface"":""考過""}"	譬如有啲呢,有啲Formfive都可能已經考過嗰啲乜嘢LCC啊嗰啲呢.	係喲.	係啊,係啊.	"{""startTokenIndexZeroBased"":4,""endTokenIndexExclusive"":18,""tokens"":[{""word"":""有啲"",""pos"":""r"",""jyutping"":""jau5di1""},{""word"":""Form"",""pos"":""xb"",""jyutping"":null},{""word"":""five"",""pos"":""xm"",""jyutping"":null},{""word"":""都"",""pos"":""d"",""jyutping"":""dou1""},{""word"":""可能"",""pos"":""vu"",""jyutping"":""ho2nang4""},{""word"":""已經"",""pos"":""d"",""jyutping"":""ji5ging1""},{""word"":""考"",""pos"":""v"",""jyutping"":""haau2""},{""word"":""過"",""pos"":""u"",""jyutping"":""gwo3""},{""word"":""嗰啲"",""pos"":""r"",""jyutping"":""go2di1""},{""word"":""乜嘢"",""pos"":""r"",""jyutping"":""mat1je5""},{""word"":""LCC"",""pos"":""xnz"",""jyutping"":null},{""word"":""啊"",""pos"":""y"",""jyutping"":""aa3""},{""word"":""嗰啲"",""pos"":""r"",""jyutping"":""go2di1""},{""word"":""呢"",""pos"":""y"",""jyutping"":""ne1""}]}"	"[{""word"":""譬如"",""pos"":""v"",""jyutping"":""pei3jyu4""},{""word"":""有啲"",""pos"":""r"",""jyutping"":""jau5di1""},{""word"":""呢"",""pos"":""y1"",""jyutping"":""ne1""},{""word"":"","",""pos"":"""",""jyutping"":null},{""word"":""有啲"",""pos"":""r"",""jyutping"":""jau5di1""},{""word"":""Form"",""pos"":""xb"",""jyutping"":null},{""word"":""five"",""pos"":""xm"",""jyutping"":null},{""word"":""都"",""pos"":""d"",""jyutping"":""dou1""},{""word"":""可能"",""pos"":""vu"",""jyutping"":""ho2nang4""},{""word"":""已經"",""pos"":""d"",""jyutping"":""ji5ging1""},{""word"":""考"",""pos"":""v"",""jyutping"":""haau2""},{""word"":""過"",""pos"":""u"",""jyutping"":""gwo3""},{""word"":""嗰啲"",""pos"":""r"",""jyutping"":""go2di1""},{""word"":""乜嘢"",""pos"":""r"",""jyutping"":""mat1je5""},{""word"":""LCC"",""pos"":""xnz"",""jyutping"":null},{""word"":""啊"",""pos"":""y"",""jyutping"":""aa3""},{""word"":""嗰啲"",""pos"":""r"",""jyutping"":""go2di1""},{""word"":""呢"",""pos"":""y"",""jyutping"":""ne1""},{""word"":""."",""pos"":"""",""jyutping"":null}]"	REQUIRES_EXPERT_CONTEXT_REVIEW
aa62-3ed5a775403a35e58152	FC-108d_v2.cha	13970f9d8cd7a1a59e819cee5f8b0bdca4f5ff11c44e2a6d1545fd587bf87a88	40	99	46	XXA	做過	做	v	𡃉	y	PART	"{""normalizedSurface"":""做過""}"	所以佢哋就比較好囖,根本好多時佢哋,即係佢哋就算唔使讀呢,佢哋都pass,因為根本好多譬如做嗰啲worksheet嗰啲嘢呢,係誒,即係佢哋Formfour,Formfive都已經做過𡃉嘞,我哋-但係我哋重未學過𡃉喎.	係啊,係啊.	噉對於佢哋來講咪好簡單囖.	"{""startTokenIndexZeroBased"":39,""endTokenIndexExclusive"":53,""tokens"":[{""word"":""four"",""pos"":""xm"",""jyutping"":null},{""word"":"","",""pos"":"""",""jyutping"":null},{""word"":""Form"",""pos"":""xb"",""jyutping"":null},{""word"":""five"",""pos"":""xm"",""jyutping"":null},{""word"":""都"",""pos"":""d"",""jyutping"":""dou1""},{""word"":""已經"",""pos"":""d"",""jyutping"":""ji5ging1""},{""word"":""做"",""pos"":""v"",""jyutping"":""zou6""},{""word"":""過"",""pos"":""u"",""jyutping"":""gwo3""},{""word"":""𡃉"",""pos"":""y"",""jyutping"":""gaa3""},{""word"":""嘞"",""pos"":""y"",""jyutping"":""laak3""},{""word"":"","",""pos"":"""",""jyutping"":null},{""word"":""我哋"",""pos"":""r"",""jyutping"":""ngo5dei6""},{""word"":""-"",""pos"":"""",""jyutping"":null},{""word"":""但係"",""pos"":""c"",""jyutping"":""daan6hai6""}]}"	"[{""word"":""所以"",""pos"":""c"",""jyutping"":""so2ji5""},{""word"":""佢哋"",""pos"":""r"",""jyutping"":""keoi5dei6""},{""word"":""就"",""pos"":""d"",""jyutping"":""zau6""},{""word"":""比較"",""pos"":""v"",""jyutping"":""bei2gaau3""},{""word"":""好"",""pos"":""d"",""jyutping"":""hou2""},{""word"":""囖"",""pos"":""y"",""jyutping"":""lo1""},{""word"":"","",""pos"":"""",""jyutping"":null},{""word"":""根本"",""pos"":""d"",""jyutping"":""gan1bun2""},{""word"":""好多時"",""pos"":""d"",""jyutping"":""hou2do1si4""},{""word"":""佢哋"",""pos"":""r"",""jyutping"":""keoi5dei6""},{""word"":"","",""pos"":"""",""jyutping"":null},{""word"":""即係"",""pos"":""c"",""jyutping"":""zik1hai6""},{""word"":""佢哋"",""pos"":""r"",""jyutping"":""keoi5dei6""},{""word"":""就算"",""pos"":""c"",""jyutping"":""zau6syun3""},{""word"":""唔使"",""pos"":""vu"",""jyutping"":""m4sai2""},{""word"":""讀"",""pos"":""v"",""jyutping"":""duk6""},{""word"":""呢"",""pos"":""y1"",""jyutping"":""ne1""},{""word"":"","",""pos"":"""",""jyutping"":null},{""word"":""佢哋"",""pos"":""r"",""jyutping"":""keoi5dei6""},{""word"":""都"",""pos"":""d"",""jyutping"":""dou1""},{""word"":""pass"",""pos"":""xv"",""jyutping"":null},{""word"":"","",""pos"":"""",""jyutping"":null},{""word"":""因為"",""pos"":""c"",""jyutping"":""jan1wai6""},{""word"":""根本"",""pos"":""d"",""jyutping"":""gan1bun2""},{""word"":""好多"",""pos"":""m"",""jyutping"":""hou2do1""},{""word"":""譬如"",""pos"":""v"",""jyutping"":""pei3jyu4""},{""word"":""做"",""pos"":""v"",""jyutping"":""zou6""},{""word"":""嗰啲"",""pos"":""r"",""jyutping"":""go2di1""},{""word"":""worksheet"",""pos"":""xn"",""jyutping"":null},{""word"":""嗰啲"",""pos"":""r"",""jyutping"":""go2di1""},{""word"":""嘢"",""pos"":""n"",""jyutping"":""je5""},{""word"":""呢"",""pos"":""y1"",""jyutping"":""ne1""},{""word"":"","",""pos"":"""",""jyutping"":null},{""word"":""係"",""pos"":""v"",""jyutping"":""hai6""},{""word"":""誒"",""pos"":""e"",""jyutping"":""e6""},{""word"":"","",""pos"":"""",""jyutping"":null},{""word"":""即係"",""pos"":""c"",""jyutping"":""zik1hai6""},{""word"":""佢哋"",""pos"":""r"",""jyutping"":""keoi5dei6""},{""word"":""Form"",""pos"":""xb"",""jyutping"":null},{""word"":""four"",""pos"":""xm"",""jyutping"":null},{""word"":"","",""pos"":"""",""jyutping"":null},{""word"":""Form"",""pos"":""xb"",""jyutping"":null},{""word"":""five"",""pos"":""xm"",""jyutping"":null},{""word"":""都"",""pos"":""d"",""jyutping"":""dou1""},{""word"":""已經"",""pos"":""d"",""jyutping"":""ji5ging1""},{""word"":""做"",""pos"":""v"",""jyutping"":""zou6""},{""word"":""過"",""pos"":""u"",""jyutping"":""gwo3""},{""word"":""𡃉"",""pos"":""y"",""jyutping"":""gaa3""},{""word"":""嘞"",""pos"":""y"",""jyutping"":""laak3""},{""word"":"","",""pos"":"""",""jyutping"":null},{""word"":""我哋"",""pos"":""r"",""jyutping"":""ngo5dei6""},{""word"":""-"",""pos"":"""",""jyutping"":null},{""word"":""但係"",""pos"":""c"",""jyutping"":""daan6hai6""},{""word"":""我哋"",""pos"":""r"",""jyutping"":""ngo5dei6""},{""word"":""重"",""pos"":""d"",""jyutping"":""zung6""},{""word"":""未"",""pos"":""d"",""jyutping"":""mei6""},{""word"":""學"",""pos"":""v"",""jyutping"":""hok6""},{""word"":""過"",""pos"":""u"",""jyutping"":""gwo3""},{""word"":""𡃉"",""pos"":""y"",""jyutping"":""gaa3""},{""word"":""喎"",""pos"":""y"",""jyutping"":""wo3""},{""word"":""."",""pos"":"""",""jyutping"":null}]"	REQUIRES_EXPERT_CONTEXT_REVIEW
aa62-8b2f9ee1e3b7587697a6	FC-108d_v2.cha	13970f9d8cd7a1a59e819cee5f8b0bdca4f5ff11c44e2a6d1545fd587bf87a88	40	99	57	XXA	學過	學	v	𡃉	y	PART	"{""normalizedSurface"":""學過""}"	所以佢哋就比較好囖,根本好多時佢哋,即係佢哋就算唔使讀呢,佢哋都pass,因為根本好多譬如做嗰啲worksheet嗰啲嘢呢,係誒,即係佢哋Formfour,Formfive都已經做過𡃉嘞,我哋-但係我哋重未學過𡃉喎.	係啊,係啊.	噉對於佢哋來講咪好簡單囖.	"{""startTokenIndexZeroBased"":50,""endTokenIndexExclusive"":61,""tokens"":[{""word"":""我哋"",""pos"":""r"",""jyutping"":""ngo5dei6""},{""word"":""-"",""pos"":"""",""jyutping"":null},{""word"":""但係"",""pos"":""c"",""jyutping"":""daan6hai6""},{""word"":""我哋"",""pos"":""r"",""jyutping"":""ngo5dei6""},{""word"":""重"",""pos"":""d"",""jyutping"":""zung6""},{""word"":""未"",""pos"":""d"",""jyutping"":""mei6""},{""word"":""學"",""pos"":""v"",""jyutping"":""hok6""},{""word"":""過"",""pos"":""u"",""jyutping"":""gwo3""},{""word"":""𡃉"",""pos"":""y"",""jyutping"":""gaa3""},{""word"":""喎"",""pos"":""y"",""jyutping"":""wo3""},{""word"":""."",""pos"":"""",""jyutping"":null}]}"	"[{""word"":""所以"",""pos"":""c"",""jyutping"":""so2ji5""},{""word"":""佢哋"",""pos"":""r"",""jyutping"":""keoi5dei6""},{""word"":""就"",""pos"":""d"",""jyutping"":""zau6""},{""word"":""比較"",""pos"":""v"",""jyutping"":""bei2gaau3""},{""word"":""好"",""pos"":""d"",""jyutping"":""hou2""},{""word"":""囖"",""pos"":""y"",""jyutping"":""lo1""},{""word"":"","",""pos"":"""",""jyutping"":null},{""word"":""根本"",""pos"":""d"",""jyutping"":""gan1bun2""},{""word"":""好多時"",""pos"":""d"",""jyutping"":""hou2do1si4""},{""word"":""佢哋"",""pos"":""r"",""jyutping"":""keoi5dei6""},{""word"":"","",""pos"":"""",""jyutping"":null},{""word"":""即係"",""pos"":""c"",""jyutping"":""zik1hai6""},{""word"":""佢哋"",""pos"":""r"",""jyutping"":""keoi5dei6""},{""word"":""就算"",""pos"":""c"",""jyutping"":""zau6syun3""},{""word"":""唔使"",""pos"":""vu"",""jyutping"":""m4sai2""},{""word"":""讀"",""pos"":""v"",""jyutping"":""duk6""},{""word"":""呢"",""pos"":""y1"",""jyutping"":""ne1""},{""word"":"","",""pos"":"""",""jyutping"":null},{""word"":""佢哋"",""pos"":""r"",""jyutping"":""keoi5dei6""},{""word"":""都"",""pos"":""d"",""jyutping"":""dou1""},{""word"":""pass"",""pos"":""xv"",""jyutping"":null},{""word"":"","",""pos"":"""",""jyutping"":null},{""word"":""因為"",""pos"":""c"",""jyutping"":""jan1wai6""},{""word"":""根本"",""pos"":""d"",""jyutping"":""gan1bun2""},{""word"":""好多"",""pos"":""m"",""jyutping"":""hou2do1""},{""word"":""譬如"",""pos"":""v"",""jyutping"":""pei3jyu4""},{""word"":""做"",""pos"":""v"",""jyutping"":""zou6""},{""word"":""嗰啲"",""pos"":""r"",""jyutping"":""go2di1""},{""word"":""worksheet"",""pos"":""xn"",""jyutping"":null},{""word"":""嗰啲"",""pos"":""r"",""jyutping"":""go2di1""},{""word"":""嘢"",""pos"":""n"",""jyutping"":""je5""},{""word"":""呢"",""pos"":""y1"",""jyutping"":""ne1""},{""word"":"","",""pos"":"""",""jyutping"":null},{""word"":""係"",""pos"":""v"",""jyutping"":""hai6""},{""word"":""誒"",""pos"":""e"",""jyutping"":""e6""},{""word"":"","",""pos"":"""",""jyutping"":null},{""word"":""即係"",""pos"":""c"",""jyutping"":""zik1hai6""},{""word"":""佢哋"",""pos"":""r"",""jyutping"":""keoi5dei6""},{""word"":""Form"",""pos"":""xb"",""jyutping"":null},{""word"":""four"",""pos"":""xm"",""jyutping"":null},{""word"":"","",""pos"":"""",""jyutping"":null},{""word"":""Form"",""pos"":""xb"",""jyutping"":null},{""word"":""five"",""pos"":""xm"",""jyutping"":null},{""word"":""都"",""pos"":""d"",""jyutping"":""dou1""},{""word"":""已經"",""pos"":""d"",""jyutping"":""ji5ging1""},{""word"":""做"",""pos"":""v"",""jyutping"":""zou6""},{""word"":""過"",""pos"":""u"",""jyutping"":""gwo3""},{""word"":""𡃉"",""pos"":""y"",""jyutping"":""gaa3""},{""word"":""嘞"",""pos"":""y"",""jyutping"":""laak3""},{""word"":"","",""pos"":"""",""jyutping"":null},{""word"":""我哋"",""pos"":""r"",""jyutping"":""ngo5dei6""},{""word"":""-"",""pos"":"""",""jyutping"":null},{""word"":""但係"",""pos"":""c"",""jyutping"":""daan6hai6""},{""word"":""我哋"",""pos"":""r"",""jyutping"":""ngo5dei6""},{""word"":""重"",""pos"":""d"",""jyutping"":""zung6""},{""word"":""未"",""pos"":""d"",""jyutping"":""mei6""},{""word"":""學"",""pos"":""v"",""jyutping"":""hok6""},{""word"":""過"",""pos"":""u"",""jyutping"":""gwo3""},{""word"":""𡃉"",""pos"":""y"",""jyutping"":""gaa3""},{""word"":""喎"",""pos"":""y"",""jyutping"":""wo3""},{""word"":""."",""pos"":"""",""jyutping"":null}]"	REQUIRES_EXPERT_CONTEXT_REVIEW
aa62-1faa25ac48980d9b3826	FC-108d_v2.cha	13970f9d8cd7a1a59e819cee5f8b0bdca4f5ff11c44e2a6d1545fd587bf87a88	40	117	6	XXB	睇過	睇	v	.		X	"{""normalizedSurface"":""睇過""}"	唉!我都冇睇過.	未啊.	冇時間啊.	"{""startTokenIndexZeroBased"":0,""endTokenIndexExclusive"":8,""tokens"":[{""word"":""唉"",""pos"":""e"",""jyutping"":""aai5""},{""word"":""!"",""pos"":"""",""jyutping"":null},{""word"":""我"",""pos"":""r"",""jyutping"":""ngo5""},{""word"":""都"",""pos"":""d"",""jyutping"":""dou1""},{""word"":""冇"",""pos"":""v1"",""jyutping"":""mou5""},{""word"":""睇"",""pos"":""v"",""jyutping"":""tai2""},{""word"":""過"",""pos"":""u"",""jyutping"":""gwo3""},{""word"":""."",""pos"":"""",""jyutping"":null}]}"	"[{""word"":""唉"",""pos"":""e"",""jyutping"":""aai5""},{""word"":""!"",""pos"":"""",""jyutping"":null},{""word"":""我"",""pos"":""r"",""jyutping"":""ngo5""},{""word"":""都"",""pos"":""d"",""jyutping"":""dou1""},{""word"":""冇"",""pos"":""v1"",""jyutping"":""mou5""},{""word"":""睇"",""pos"":""v"",""jyutping"":""tai2""},{""word"":""過"",""pos"":""u"",""jyutping"":""gwo3""},{""word"":""."",""pos"":"""",""jyutping"":null}]"	REQUIRES_EXPERT_CONTEXT_REVIEW
aa62-a591a4f0a5f072aca34e	FC-109a_v2.cha	037818836278ea3a03f21b3859a1bddd8c57b91cedbae0cabc4a1643f2e1a630	41	26	2	XXB	試過	試	v	.		X	"{""normalizedSurface"":""試過""}"	未試過.	你有冇跳到啊...啲針?	會唔會跳啲歌詞,突然間聽聽下冇噉樣啊?	"{""startTokenIndexZeroBased"":0,""endTokenIndexExclusive"":4,""tokens"":[{""word"":""未"",""pos"":""d"",""jyutping"":""mei6""},{""word"":""試"",""pos"":""v"",""jyutping"":""si3""},{""word"":""過"",""pos"":""u"",""jyutping"":""gwo3""},{""word"":""."",""pos"":"""",""jyutping"":null}]}"	"[{""word"":""未"",""pos"":""d"",""jyutping"":""mei6""},{""word"":""試"",""pos"":""v"",""jyutping"":""si3""},{""word"":""過"",""pos"":""u"",""jyutping"":""gwo3""},{""word"":""."",""pos"":"""",""jyutping"":null}]"	REQUIRES_EXPERT_CONTEXT_REVIEW
aa62-8fbf1a24038cff3c76c2	FC-109a_v2.cha	037818836278ea3a03f21b3859a1bddd8c57b91cedbae0cabc4a1643f2e1a630	41	28	6	XXB	出現過	出現	v	喎	y	PART	"{""normalizedSurface"":""出現過""}"	噉哩個情況𠻺未出現過喎.	會唔會跳啲歌詞,突然間聽聽下冇噉樣啊?	哩個情況普通啊,你正常,即係正版碟都有可能性會出現喇.	"{""startTokenIndexZeroBased"":0,""endTokenIndexExclusive"":9,""tokens"":[{""word"":""噉"",""pos"":""c"",""jyutping"":""gam2""},{""word"":""哩個"",""pos"":""r"",""jyutping"":""ni1go3""},{""word"":""情況"",""pos"":""n"",""jyutping"":""cing4fong3""},{""word"":""𠻺"",""pos"":""d"",""jyutping"":""aa6""},{""word"":""未"",""pos"":""d"",""jyutping"":""mei6""},{""word"":""出現"",""pos"":""v"",""jyutping"":""ceot1jin6""},{""word"":""過"",""pos"":""u"",""jyutping"":""gwo3""},{""word"":""喎"",""pos"":""y"",""jyutping"":""wo3""},{""word"":""."",""pos"":"""",""jyutping"":null}]}"	"[{""word"":""噉"",""pos"":""c"",""jyutping"":""gam2""},{""word"":""哩個"",""pos"":""r"",""jyutping"":""ni1go3""},{""word"":""情況"",""pos"":""n"",""jyutping"":""cing4fong3""},{""word"":""𠻺"",""pos"":""d"",""jyutping"":""aa6""},{""word"":""未"",""pos"":""d"",""jyutping"":""mei6""},{""word"":""出現"",""pos"":""v"",""jyutping"":""ceot1jin6""},{""word"":""過"",""pos"":""u"",""jyutping"":""gwo3""},{""word"":""喎"",""pos"":""y"",""jyutping"":""wo3""},{""word"":""."",""pos"":"""",""jyutping"":null}]"	REQUIRES_EXPERT_CONTEXT_REVIEW
aa62-c91e9423fa5acb5b7d19	FC-109a_v2.cha	037818836278ea3a03f21b3859a1bddd8c57b91cedbae0cabc4a1643f2e1a630	41	79	4	XXA	聽過	聽	v	你	r	PRON	"{""normalizedSurface"":""聽過""}"	我又未聽過你爆粗𡃉喎.	佢哋唔係賣淫嗰啲囖.	但係同我哋以前嗰輩比啊,就爭得遠囖.	"{""startTokenIndexZeroBased"":0,""endTokenIndexExclusive"":10,""tokens"":[{""word"":""我"",""pos"":""r"",""jyutping"":""ngo5""},{""word"":""又"",""pos"":""d"",""jyutping"":""jau6""},{""word"":""未"",""pos"":""d"",""jyutping"":""mei6""},{""word"":""聽"",""pos"":""v"",""jyutping"":""teng1""},{""word"":""過"",""pos"":""u"",""jyutping"":""gwo3""},{""word"":""你"",""pos"":""r"",""jyutping"":""nei5""},{""word"":""爆粗"",""pos"":""v"",""jyutping"":""baau3cou1""},{""word"":""𡃉"",""pos"":""y"",""jyutping"":""gaa3""},{""word"":""喎"",""pos"":""y"",""jyutping"":""wo3""},{""word"":""."",""pos"":"""",""jyutping"":null}]}"	"[{""word"":""我"",""pos"":""r"",""jyutping"":""ngo5""},{""word"":""又"",""pos"":""d"",""jyutping"":""jau6""},{""word"":""未"",""pos"":""d"",""jyutping"":""mei6""},{""word"":""聽"",""pos"":""v"",""jyutping"":""teng1""},{""word"":""過"",""pos"":""u"",""jyutping"":""gwo3""},{""word"":""你"",""pos"":""r"",""jyutping"":""nei5""},{""word"":""爆粗"",""pos"":""v"",""jyutping"":""baau3cou1""},{""word"":""𡃉"",""pos"":""y"",""jyutping"":""gaa3""},{""word"":""喎"",""pos"":""y"",""jyutping"":""wo3""},{""word"":""."",""pos"":"""",""jyutping"":null}]"	REQUIRES_EXPERT_CONTEXT_REVIEW
aa62-3b95f368da6243026679	FC-109a_v2.cha	037818836278ea3a03f21b3859a1bddd8c57b91cedbae0cabc4a1643f2e1a630	41	149	8	XXC	讀過	讀	v	書	n	NOUN	"{""normalizedSurface"":""讀過""}"	我知,雖然我哋個個都讀過書.	唔係,讀書哩個問題我都覺得迫唔來𠸏,即係,我自己都有哩個經驗.	亦都唔可以用,即係讀書嗰個讀書嘅成績來定佢嘅成就.	"{""startTokenIndexZeroBased"":1,""endTokenIndexExclusive"":11,""tokens"":[{""word"":""知"",""pos"":""v"",""jyutping"":""zi1""},{""word"":"","",""pos"":"""",""jyutping"":null},{""word"":""雖然"",""pos"":""c"",""jyutping"":""seoi1jin4""},{""word"":""我哋"",""pos"":""r"",""jyutping"":""ngo5dei6""},{""word"":""個個"",""pos"":""q"",""jyutping"":""go3go3""},{""word"":""都"",""pos"":""d"",""jyutping"":""dou1""},{""word"":""讀"",""pos"":""v"",""jyutping"":""duk6""},{""word"":""過"",""pos"":""u"",""jyutping"":""gwo3""},{""word"":""書"",""pos"":""n"",""jyutping"":""syu1""},{""word"":""."",""pos"":"""",""jyutping"":null}]}"	"[{""word"":""我"",""pos"":""r"",""jyutping"":""ngo5""},{""word"":""知"",""pos"":""v"",""jyutping"":""zi1""},{""word"":"","",""pos"":"""",""jyutping"":null},{""word"":""雖然"",""pos"":""c"",""jyutping"":""seoi1jin4""},{""word"":""我哋"",""pos"":""r"",""jyutping"":""ngo5dei6""},{""word"":""個個"",""pos"":""q"",""jyutping"":""go3go3""},{""word"":""都"",""pos"":""d"",""jyutping"":""dou1""},{""word"":""讀"",""pos"":""v"",""jyutping"":""duk6""},{""word"":""過"",""pos"":""u"",""jyutping"":""gwo3""},{""word"":""書"",""pos"":""n"",""jyutping"":""syu1""},{""word"":""."",""pos"":"""",""jyutping"":null}]"	REQUIRES_EXPERT_CONTEXT_REVIEW
aa62-0afd219b5192953e7656	FC-R002b_v2.cha	b28d73a3ee59df00086c327503f3fb5153b39c62120bf7ce3bf6e4074ea3665a	43	12	10	XXA	睇過	睇	v	""""		X	"{""normalizedSurface"":""睇過""}"	"噉個導演嘅拍法亦都幾似嗰陣時睇過""猛龍過江""呀,咪成日李小龍喺度講腰馬合一𠸏."	由好-佢哋好九唔搭八噉跳呢,到後來一場都幾-幾專業嘅一場艷舞.	起腳應該噉樣𠸏.	"{""startTokenIndexZeroBased"":3,""endTokenIndexExclusive"":17,""tokens"":[{""word"":""嘅"",""pos"":""u"",""jyutping"":""ge3""},{""word"":""拍法"",""pos"":""n"",""jyutping"":""paak3faat3""},{""word"":""亦都"",""pos"":""d"",""jyutping"":""jik6dou1""},{""word"":""幾"",""pos"":""d"",""jyutping"":""gei2""},{""word"":""似"",""pos"":""v"",""jyutping"":""ci5""},{""word"":""嗰陣時"",""pos"":""r"",""jyutping"":""go2zan6si4""},{""word"":""睇"",""pos"":""v"",""jyutping"":""tai2""},{""word"":""過"",""pos"":""u"",""jyutping"":""gwo3""},{""word"":""\"""",""pos"":"""",""jyutping"":null},{""word"":""猛龍"",""pos"":""n"",""jyutping"":""maang3lung4""},{""word"":""過"",""pos"":""v"",""jyutping"":""gwo3""},{""word"":""江"",""pos"":""n"",""jyutping"":""gong1""},{""word"":""\"""",""pos"":"""",""jyutping"":null},{""word"":""呀"",""pos"":""y"",""jyutping"":""aa4""}]}"	"[{""word"":""噉"",""pos"":""c"",""jyutping"":""gam2""},{""word"":""個"",""pos"":""q"",""jyutping"":""go3""},{""word"":""導演"",""pos"":""n"",""jyutping"":""dou6jin2""},{""word"":""嘅"",""pos"":""u"",""jyutping"":""ge3""},{""word"":""拍法"",""pos"":""n"",""jyutping"":""paak3faat3""},{""word"":""亦都"",""pos"":""d"",""jyutping"":""jik6dou1""},{""word"":""幾"",""pos"":""d"",""jyutping"":""gei2""},{""word"":""似"",""pos"":""v"",""jyutping"":""ci5""},{""word"":""嗰陣時"",""pos"":""r"",""jyutping"":""go2zan6si4""},{""word"":""睇"",""pos"":""v"",""jyutping"":""tai2""},{""word"":""過"",""pos"":""u"",""jyutping"":""gwo3""},{""word"":""\"""",""pos"":"""",""jyutping"":null},{""word"":""猛龍"",""pos"":""n"",""jyutping"":""maang3lung4""},{""word"":""過"",""pos"":""v"",""jyutping"":""gwo3""},{""word"":""江"",""pos"":""n"",""jyutping"":""gong1""},{""word"":""\"""",""pos"":"""",""jyutping"":null},{""word"":""呀"",""pos"":""y"",""jyutping"":""aa4""},{""word"":"","",""pos"":"""",""jyutping"":null},{""word"":""咪"",""pos"":""d"",""jyutping"":""mai6""},{""word"":""成日"",""pos"":""d"",""jyutping"":""seng4jat6""},{""word"":""李"",""pos"":""nr"",""jyutping"":""lei5""},{""word"":""小龍"",""pos"":""nr"",""jyutping"":""siu2lung4""},{""word"":""喺度"",""pos"":""p"",""jyutping"":""hai2dou6""},{""word"":""講"",""pos"":""v"",""jyutping"":""gong2""},{""word"":""腰馬合一"",""pos"":""l"",""jyutping"":""jiu1maa5hap6jat1""},{""word"":""𠸏"",""pos"":""y"",""jyutping"":""ge2""},{""word"":""."",""pos"":"""",""jyutping"":null}]"	REQUIRES_EXPERT_CONTEXT_REVIEW
aa62-722687ad71a1173274aa	FC-R002b_v2.cha	b28d73a3ee59df00086c327503f3fb5153b39c62120bf7ce3bf6e4074ea3665a	43	73	5	XXA	揾過	揾	v	錢	n	NOUN	"{""normalizedSurface"":""揾過""}"	即係𠻺一個揾過錢,揸住好多金鏈啊.	跟住一個就比較有錢嘞.	即係一生嘅積蓄呢,喺股票裏便輸晒嘅.	"{""startTokenIndexZeroBased"":0,""endTokenIndexExclusive"":12,""tokens"":[{""word"":""即係"",""pos"":""c"",""jyutping"":""zik1hai6""},{""word"":""𠻺"",""pos"":""y1"",""jyutping"":""aa6""},{""word"":""一"",""pos"":""m"",""jyutping"":""jat1""},{""word"":""個"",""pos"":""q"",""jyutping"":""go3""},{""word"":""揾"",""pos"":""v"",""jyutping"":""wan2""},{""word"":""過"",""pos"":""u"",""jyutping"":""gwo3""},{""word"":""錢"",""pos"":""n"",""jyutping"":""cin2""},{""word"":"","",""pos"":"""",""jyutping"":null},{""word"":""揸"",""pos"":""v"",""jyutping"":""zaa1""},{""word"":""住"",""pos"":""u"",""jyutping"":""zyu6""},{""word"":""好多"",""pos"":""m"",""jyutping"":""hou2do1""},{""word"":""金鏈"",""pos"":""n"",""jyutping"":""gam1lin2""}]}"	"[{""word"":""即係"",""pos"":""c"",""jyutping"":""zik1hai6""},{""word"":""𠻺"",""pos"":""y1"",""jyutping"":""aa6""},{""word"":""一"",""pos"":""m"",""jyutping"":""jat1""},{""word"":""個"",""pos"":""q"",""jyutping"":""go3""},{""word"":""揾"",""pos"":""v"",""jyutping"":""wan2""},{""word"":""過"",""pos"":""u"",""jyutping"":""gwo3""},{""word"":""錢"",""pos"":""n"",""jyutping"":""cin2""},{""word"":"","",""pos"":"""",""jyutping"":null},{""word"":""揸"",""pos"":""v"",""jyutping"":""zaa1""},{""word"":""住"",""pos"":""u"",""jyutping"":""zyu6""},{""word"":""好多"",""pos"":""m"",""jyutping"":""hou2do1""},{""word"":""金鏈"",""pos"":""n"",""jyutping"":""gam1lin2""},{""word"":""啊"",""pos"":""y"",""jyutping"":""aa3""},{""word"":""."",""pos"":"""",""jyutping"":null}]"	REQUIRES_EXPERT_CONTEXT_REVIEW
aa62-0dd320ef95aedaaf5767	FC-R003_v2.cha	5e2e62a809cebd9897a2d78810084e0bd94efed4883ed86e2801682895ae96ab	44	71	7	XXA	賣過	賣	v	.		X	"{""normalizedSurface"":""賣過""}"	哩個月,雀就冇賣過.	"而開嗰啲,問嗰啲阿叔呢又話""冇啊."	賣唔到.	"{""startTokenIndexZeroBased"":0,""endTokenIndexExclusive"":9,""tokens"":[{""word"":""哩個"",""pos"":""r"",""jyutping"":""ni1go3""},{""word"":""月"",""pos"":""n"",""jyutping"":""jyut6""},{""word"":"","",""pos"":"""",""jyutping"":null},{""word"":""雀"",""pos"":""n"",""jyutping"":""zoek2""},{""word"":""就"",""pos"":""d"",""jyutping"":""zau6""},{""word"":""冇"",""pos"":""v1"",""jyutping"":""mou5""},{""word"":""賣"",""pos"":""v"",""jyutping"":""maai6""},{""word"":""過"",""pos"":""u"",""jyutping"":""gwo3""},{""word"":""."",""pos"":"""",""jyutping"":null}]}"	"[{""word"":""哩個"",""pos"":""r"",""jyutping"":""ni1go3""},{""word"":""月"",""pos"":""n"",""jyutping"":""jyut6""},{""word"":"","",""pos"":"""",""jyutping"":null},{""word"":""雀"",""pos"":""n"",""jyutping"":""zoek2""},{""word"":""就"",""pos"":""d"",""jyutping"":""zau6""},{""word"":""冇"",""pos"":""v1"",""jyutping"":""mou5""},{""word"":""賣"",""pos"":""v"",""jyutping"":""maai6""},{""word"":""過"",""pos"":""u"",""jyutping"":""gwo3""},{""word"":""."",""pos"":"""",""jyutping"":null}]"	REQUIRES_EXPERT_CONTEXT_REVIEW
aa62-244f6dfc708b452c82cc	FC-R003_v2.cha	5e2e62a809cebd9897a2d78810084e0bd94efed4883ed86e2801682895ae96ab	44	85	4	XXA	運過	運	v	啲	q	NOUN	"{""normalizedSurface"":""運過""}"	同埋即係運過啲簡單啲嘅-嘅手續,佢就可以運啲雀返來賣噉樣.	即係唔使需要去到文錦渡,因為經過咁多重嘅檢驗噉樣.	但係哩個非常時期呢,我諗𠻺好難話叫佢放鬆𡃉.	"{""startTokenIndexZeroBased"":0,""endTokenIndexExclusive"":11,""tokens"":[{""word"":""同埋"",""pos"":""c"",""jyutping"":""tung4maai4""},{""word"":""即"",""pos"":""c"",""jyutping"":""zik1""},{""word"":""係"",""pos"":""v"",""jyutping"":""hai6""},{""word"":""運"",""pos"":""v"",""jyutping"":""wan6""},{""word"":""過"",""pos"":""u"",""jyutping"":""gwo3""},{""word"":""啲"",""pos"":""q"",""jyutping"":""di1""},{""word"":""簡單"",""pos"":""a"",""jyutping"":""gaan2daan1""},{""word"":""啲"",""pos"":""u"",""jyutping"":""di1""},{""word"":""嘅"",""pos"":""u"",""jyutping"":""ge3""},{""word"":""-"",""pos"":"""",""jyutping"":null},{""word"":""嘅"",""pos"":""u"",""jyutping"":""ge3""}]}"	"[{""word"":""同埋"",""pos"":""c"",""jyutping"":""tung4maai4""},{""word"":""即"",""pos"":""c"",""jyutping"":""zik1""},{""word"":""係"",""pos"":""v"",""jyutping"":""hai6""},{""word"":""運"",""pos"":""v"",""jyutping"":""wan6""},{""word"":""過"",""pos"":""u"",""jyutping"":""gwo3""},{""word"":""啲"",""pos"":""q"",""jyutping"":""di1""},{""word"":""簡單"",""pos"":""a"",""jyutping"":""gaan2daan1""},{""word"":""啲"",""pos"":""u"",""jyutping"":""di1""},{""word"":""嘅"",""pos"":""u"",""jyutping"":""ge3""},{""word"":""-"",""pos"":"""",""jyutping"":null},{""word"":""嘅"",""pos"":""u"",""jyutping"":""ge3""},{""word"":""手續"",""pos"":""n"",""jyutping"":""sau2zuk6""},{""word"":"","",""pos"":"""",""jyutping"":null},{""word"":""佢"",""pos"":""r"",""jyutping"":""keoi5""},{""word"":""就"",""pos"":""d"",""jyutping"":""zau6""},{""word"":""可以"",""pos"":""vu"",""jyutping"":""ho2ji5""},{""word"":""運"",""pos"":""v"",""jyutping"":""wan6""},{""word"":""啲"",""pos"":""q"",""jyutping"":""di1""},{""word"":""雀"",""pos"":""n"",""jyutping"":""zoek2""},{""word"":""返來"",""pos"":""v"",""jyutping"":""faan1lai4""},{""word"":""賣"",""pos"":""v"",""jyutping"":""maai6""},{""word"":""噉樣"",""pos"":""c"",""jyutping"":""gam2joeng2""},{""word"":""."",""pos"":"""",""jyutping"":null}]"	REQUIRES_EXPERT_CONTEXT_REVIEW
aa62-7c6473e27d8a79e0bf1b	FC-R003_v2.cha	5e2e62a809cebd9897a2d78810084e0bd94efed4883ed86e2801682895ae96ab	44	89	10	XXB	去過	去	v	.		X	"{""normalizedSurface"":""去過""}"	噉同埋雀仔街,新嘅雀仔街真係未去過.	檢都要檢𡃉嚹始終都要.	但係嗰度唔知佢哋而家係點樣𡃉.	"{""startTokenIndexZeroBased"":3,""endTokenIndexExclusive"":12,""tokens"":[{""word"":"","",""pos"":"""",""jyutping"":null},{""word"":""新"",""pos"":""a"",""jyutping"":""san1""},{""word"":""嘅"",""pos"":""u"",""jyutping"":""ge3""},{""word"":""雀仔街"",""pos"":""ns"",""jyutping"":""zoek3zai2gaai1""},{""word"":""真係"",""pos"":""d"",""jyutping"":""zan1hai6""},{""word"":""未"",""pos"":""d"",""jyutping"":""mei6""},{""word"":""去"",""pos"":""v"",""jyutping"":""heoi3""},{""word"":""過"",""pos"":""u"",""jyutping"":""gwo3""},{""word"":""."",""pos"":"""",""jyutping"":null}]}"	"[{""word"":""噉"",""pos"":""c"",""jyutping"":""gam2""},{""word"":""同埋"",""pos"":""c"",""jyutping"":""tung4maai4""},{""word"":""雀仔街"",""pos"":""ns"",""jyutping"":""zoek3zai2gaai1""},{""word"":"","",""pos"":"""",""jyutping"":null},{""word"":""新"",""pos"":""a"",""jyutping"":""san1""},{""word"":""嘅"",""pos"":""u"",""jyutping"":""ge3""},{""word"":""雀仔街"",""pos"":""ns"",""jyutping"":""zoek3zai2gaai1""},{""word"":""真係"",""pos"":""d"",""jyutping"":""zan1hai6""},{""word"":""未"",""pos"":""d"",""jyutping"":""mei6""},{""word"":""去"",""pos"":""v"",""jyutping"":""heoi3""},{""word"":""過"",""pos"":""u"",""jyutping"":""gwo3""},{""word"":""."",""pos"":"""",""jyutping"":null}]"	REQUIRES_EXPERT_CONTEXT_REVIEW
aa62-e62f7c59071863ace715	FC-R003_v2.cha	5e2e62a809cebd9897a2d78810084e0bd94efed4883ed86e2801682895ae96ab	44	118	13	XXA	玩過	玩	v	吖	y	PART	"{""normalizedSurface"":""玩過""}"	譬如玩開雀我唔知,即係我未玩過吖.	咪玩開雀嗰啲慘吖嗎.	我淨係,可能佢幫襯開嗰間買嗰啲糧嘅,嗰啲牌子嘅.	"{""startTokenIndexZeroBased"":6,""endTokenIndexExclusive"":16,""tokens"":[{""word"":""知"",""pos"":""v"",""jyutping"":""zi1""},{""word"":"","",""pos"":"""",""jyutping"":null},{""word"":""即"",""pos"":""c"",""jyutping"":""zik1""},{""word"":""係"",""pos"":""v"",""jyutping"":""hai6""},{""word"":""我"",""pos"":""r"",""jyutping"":""ngo5""},{""word"":""未"",""pos"":""d"",""jyutping"":""mei6""},{""word"":""玩"",""pos"":""v"",""jyutping"":""waan2""},{""word"":""過"",""pos"":""u"",""jyutping"":""gwo3""},{""word"":""吖"",""pos"":""y"",""jyutping"":""aa1""},{""word"":""."",""pos"":"""",""jyutping"":null}]}"	"[{""word"":""譬如"",""pos"":""v"",""jyutping"":""pei3jyu4""},{""word"":""玩"",""pos"":""v"",""jyutping"":""waan2""},{""word"":""開"",""pos"":""u"",""jyutping"":""hoi1""},{""word"":""雀"",""pos"":""n"",""jyutping"":""zoek2""},{""word"":""我"",""pos"":""r"",""jyutping"":""ngo5""},{""word"":""唔"",""pos"":""d"",""jyutping"":""m4""},{""word"":""知"",""pos"":""v"",""jyutping"":""zi1""},{""word"":"","",""pos"":"""",""jyutping"":null},{""word"":""即"",""pos"":""c"",""jyutping"":""zik1""},{""word"":""係"",""pos"":""v"",""jyutping"":""hai6""},{""word"":""我"",""pos"":""r"",""jyutping"":""ngo5""},{""word"":""未"",""pos"":""d"",""jyutping"":""mei6""},{""word"":""玩"",""pos"":""v"",""jyutping"":""waan2""},{""word"":""過"",""pos"":""u"",""jyutping"":""gwo3""},{""word"":""吖"",""pos"":""y"",""jyutping"":""aa1""},{""word"":""."",""pos"":"""",""jyutping"":null}]"	REQUIRES_EXPERT_CONTEXT_REVIEW
aa62-f34cfbf3c876a9b8bda9	FC-R004_v2.cha	ee5e7161ddae4e08eea8b881c2d220d21c258af2c30ce6a6c5c728535e9c9376	45	33	13	XXB	行入過	行入	v	來	v	VERB	"{""normalizedSurface"":""行入過""}"	你一路fast-forward呢,你都見唔到有人行入過來𡃉嚹.	廿四小時有錄影帶.	以為係定格.	"{""startTokenIndexZeroBased"":6,""endTokenIndexExclusive"":18,""tokens"":[{""word"":""都"",""pos"":""d"",""jyutping"":""dou1""},{""word"":""見"",""pos"":""v"",""jyutping"":""gin3""},{""word"":""唔"",""pos"":""d"",""jyutping"":""m4""},{""word"":""到"",""pos"":""u"",""jyutping"":""dou2""},{""word"":""有"",""pos"":""v1"",""jyutping"":""jau5""},{""word"":""人"",""pos"":""n"",""jyutping"":""jan4""},{""word"":""行入"",""pos"":""v"",""jyutping"":""haang4jap6""},{""word"":""過"",""pos"":""u"",""jyutping"":""gwo3""},{""word"":""來"",""pos"":""v"",""jyutping"":""lai4""},{""word"":""𡃉"",""pos"":""y"",""jyutping"":""gaa3""},{""word"":""嚹"",""pos"":""y"",""jyutping"":""laa3""},{""word"":""."",""pos"":"""",""jyutping"":null}]}"	"[{""word"":""你"",""pos"":""r"",""jyutping"":""nei5""},{""word"":""一路"",""pos"":""d"",""jyutping"":""jat1lou6""},{""word"":""fast-forward"",""pos"":""xv"",""jyutping"":null},{""word"":""呢"",""pos"":""y1"",""jyutping"":""ne1""},{""word"":"","",""pos"":"""",""jyutping"":null},{""word"":""你"",""pos"":""r"",""jyutping"":""nei5""},{""word"":""都"",""pos"":""d"",""jyutping"":""dou1""},{""word"":""見"",""pos"":""v"",""jyutping"":""gin3""},{""word"":""唔"",""pos"":""d"",""jyutping"":""m4""},{""word"":""到"",""pos"":""u"",""jyutping"":""dou2""},{""word"":""有"",""pos"":""v1"",""jyutping"":""jau5""},{""word"":""人"",""pos"":""n"",""jyutping"":""jan4""},{""word"":""行入"",""pos"":""v"",""jyutping"":""haang4jap6""},{""word"":""過"",""pos"":""u"",""jyutping"":""gwo3""},{""word"":""來"",""pos"":""v"",""jyutping"":""lai4""},{""word"":""𡃉"",""pos"":""y"",""jyutping"":""gaa3""},{""word"":""嚹"",""pos"":""y"",""jyutping"":""laa3""},{""word"":""."",""pos"":"""",""jyutping"":null}]"	REQUIRES_EXPERT_CONTEXT_REVIEW
aa62-4746ab118b9fae9b57dc	FC-R004_v2.cha	ee5e7161ddae4e08eea8b881c2d220d21c258af2c30ce6a6c5c728535e9c9376	45	188	4	XXB	捱過	捱	v	咗	u	PART	"{""normalizedSurface"":""捱過""}"	即係大家捱過咗去.	係.	起碼捱過三個月.	"{""startTokenIndexZeroBased"":0,""endTokenIndexExclusive"":8,""tokens"":[{""word"":""即"",""pos"":""c"",""jyutping"":""zik1""},{""word"":""係"",""pos"":""v"",""jyutping"":""hai6""},{""word"":""大家"",""pos"":""r"",""jyutping"":""daai6gaa1""},{""word"":""捱"",""pos"":""v"",""jyutping"":""ngaai4""},{""word"":""過"",""pos"":""u"",""jyutping"":""gwo3""},{""word"":""咗"",""pos"":""u"",""jyutping"":""zo2""},{""word"":""去"",""pos"":""v"",""jyutping"":""heoi3""},{""word"":""."",""pos"":"""",""jyutping"":null}]}"	"[{""word"":""即"",""pos"":""c"",""jyutping"":""zik1""},{""word"":""係"",""pos"":""v"",""jyutping"":""hai6""},{""word"":""大家"",""pos"":""r"",""jyutping"":""daai6gaa1""},{""word"":""捱"",""pos"":""v"",""jyutping"":""ngaai4""},{""word"":""過"",""pos"":""u"",""jyutping"":""gwo3""},{""word"":""咗"",""pos"":""u"",""jyutping"":""zo2""},{""word"":""去"",""pos"":""v"",""jyutping"":""heoi3""},{""word"":""."",""pos"":"""",""jyutping"":null}]"	REQUIRES_EXPERT_CONTEXT_REVIEW
aa62-5799659d1bfb0b18f784	FC-R004_v2.cha	ee5e7161ddae4e08eea8b881c2d220d21c258af2c30ce6a6c5c728535e9c9376	45	189	2	XXA	捱過	捱	v	三	m	NUM	"{""normalizedSurface"":""捱過""}"	起碼捱過三個月.	即係大家捱過咗去.	即係最長一年期嘞.	"{""startTokenIndexZeroBased"":0,""endTokenIndexExclusive"":7,""tokens"":[{""word"":""起碼"",""pos"":""d"",""jyutping"":""hei2maa5""},{""word"":""捱"",""pos"":""v"",""jyutping"":""ngaai4""},{""word"":""過"",""pos"":""u"",""jyutping"":""gwo3""},{""word"":""三"",""pos"":""m"",""jyutping"":""saam1""},{""word"":""個"",""pos"":""q"",""jyutping"":""go3""},{""word"":""月"",""pos"":""n"",""jyutping"":""jyut6""},{""word"":""."",""pos"":"""",""jyutping"":null}]}"	"[{""word"":""起碼"",""pos"":""d"",""jyutping"":""hei2maa5""},{""word"":""捱"",""pos"":""v"",""jyutping"":""ngaai4""},{""word"":""過"",""pos"":""u"",""jyutping"":""gwo3""},{""word"":""三"",""pos"":""m"",""jyutping"":""saam1""},{""word"":""個"",""pos"":""q"",""jyutping"":""go3""},{""word"":""月"",""pos"":""n"",""jyutping"":""jyut6""},{""word"":""."",""pos"":"""",""jyutping"":null}]"	REQUIRES_EXPERT_CONTEXT_REVIEW
aa62-f5c79ef1303c6ab63206	FC-R004_v2.cha	ee5e7161ddae4e08eea8b881c2d220d21c258af2c30ce6a6c5c728535e9c9376	45	202	14	XXC	做過	做	v	生意	n	NOUN	"{""normalizedSurface"":""做過""}"	噉呢,就當中呢,哦,原來呢,我做過生意裏邊呢,有兩成呢,係交咗租嘅.	原本呢,譬如你計開啊我舊年噉樣嘅情-,誒,同樣嘅時間噉樣先算喇.	噉而家呢,我做幾多生意呢,我俾返兩成你嘞.	"{""startTokenIndexZeroBased"":7,""endTokenIndexExclusive"":21,""tokens"":[{""word"":""哦"",""pos"":""e"",""jyutping"":""o5""},{""word"":"","",""pos"":"""",""jyutping"":null},{""word"":""原來"",""pos"":""d"",""jyutping"":""jyun4loi4""},{""word"":""呢"",""pos"":""y1"",""jyutping"":""ne1""},{""word"":"","",""pos"":"""",""jyutping"":null},{""word"":""我"",""pos"":""r"",""jyutping"":""ngo5""},{""word"":""做"",""pos"":""v"",""jyutping"":""zou6""},{""word"":""過"",""pos"":""u"",""jyutping"":""gwo3""},{""word"":""生意"",""pos"":""n"",""jyutping"":""saang1ji3""},{""word"":""裏邊"",""pos"":""f"",""jyutping"":""leoi5bin6""},{""word"":""呢"",""pos"":""y1"",""jyutping"":""ne1""},{""word"":"","",""pos"":"""",""jyutping"":null},{""word"":""有"",""pos"":""v1"",""jyutping"":""jau5""},{""word"":""兩成"",""pos"":""m"",""jyutping"":""loeng5sing4""}]}"	"[{""word"":""噉"",""pos"":""c"",""jyutping"":""gam2""},{""word"":""呢"",""pos"":""y1"",""jyutping"":""ne1""},{""word"":"","",""pos"":"""",""jyutping"":null},{""word"":""就"",""pos"":""d"",""jyutping"":""zau6""},{""word"":""當中"",""pos"":""f"",""jyutping"":""dong1zung1""},{""word"":""呢"",""pos"":""y1"",""jyutping"":""ne1""},{""word"":"","",""pos"":"""",""jyutping"":null},{""word"":""哦"",""pos"":""e"",""jyutping"":""o5""},{""word"":"","",""pos"":"""",""jyutping"":null},{""word"":""原來"",""pos"":""d"",""jyutping"":""jyun4loi4""},{""word"":""呢"",""pos"":""y1"",""jyutping"":""ne1""},{""word"":"","",""pos"":"""",""jyutping"":null},{""word"":""我"",""pos"":""r"",""jyutping"":""ngo5""},{""word"":""做"",""pos"":""v"",""jyutping"":""zou6""},{""word"":""過"",""pos"":""u"",""jyutping"":""gwo3""},{""word"":""生意"",""pos"":""n"",""jyutping"":""saang1ji3""},{""word"":""裏邊"",""pos"":""f"",""jyutping"":""leoi5bin6""},{""word"":""呢"",""pos"":""y1"",""jyutping"":""ne1""},{""word"":"","",""pos"":"""",""jyutping"":null},{""word"":""有"",""pos"":""v1"",""jyutping"":""jau5""},{""word"":""兩成"",""pos"":""m"",""jyutping"":""loeng5sing4""},{""word"":""呢"",""pos"":""y1"",""jyutping"":""ne1""},{""word"":"","",""pos"":"""",""jyutping"":null},{""word"":""係"",""pos"":""v"",""jyutping"":""hai6""},{""word"":""交"",""pos"":""v"",""jyutping"":""gaau1""},{""word"":""咗"",""pos"":""u"",""jyutping"":""zo2""},{""word"":""租"",""pos"":""Ng"",""jyutping"":""zou1""},{""word"":""嘅"",""pos"":""y"",""jyutping"":""ge3""},{""word"":""."",""pos"":"""",""jyutping"":null}]"	REQUIRES_EXPERT_CONTEXT_REVIEW
aa62-cb4ac350ff2344717f3b	FC-R005_v2.cha	df8f8770d195db050ee8b1e25bea31af22a17ecd779cff97e99594b68f5d75ab	46	65	3	XXC	講過	講	v	𡃉	y	PART	"{""normalizedSurface"":""講過""}"	佢哋有講過𡃉.	冇,冇,冇,冇.	其實有人提出.	"{""startTokenIndexZeroBased"":0,""endTokenIndexExclusive"":6,""tokens"":[{""word"":""佢哋"",""pos"":""r"",""jyutping"":""keoi5dei6""},{""word"":""有"",""pos"":""v1"",""jyutping"":""jau5""},{""word"":""講"",""pos"":""v"",""jyutping"":""gong2""},{""word"":""過"",""pos"":""u"",""jyutping"":""gwo3""},{""word"":""𡃉"",""pos"":""y"",""jyutping"":""gaa3""},{""word"":""."",""pos"":"""",""jyutping"":null}]}"	"[{""word"":""佢哋"",""pos"":""r"",""jyutping"":""keoi5dei6""},{""word"":""有"",""pos"":""v1"",""jyutping"":""jau5""},{""word"":""講"",""pos"":""v"",""jyutping"":""gong2""},{""word"":""過"",""pos"":""u"",""jyutping"":""gwo3""},{""word"":""𡃉"",""pos"":""y"",""jyutping"":""gaa3""},{""word"":""."",""pos"":"""",""jyutping"":null}]"	REQUIRES_EXPERT_CONTEXT_REVIEW
aa62-bbba4b74093948513cd7	FC-R005_v2.cha	df8f8770d195db050ee8b1e25bea31af22a17ecd779cff97e99594b68f5d75ab	46	103	10	XXB	試過	試	v	即	c	CCONJ	"{""normalizedSurface"":""試過""}"	人生-人生自從返學之後呢,未試過即係喺加拿大讀書都冇咁,即係咁早嘅科我係唔會take𡃉.	五點幾起身啊.	而且一定係冇attendance.	"{""startTokenIndexZeroBased"":3,""endTokenIndexExclusive"":17,""tokens"":[{""word"":""自從"",""pos"":""p"",""jyutping"":""zi6cung4""},{""word"":""返學"",""pos"":""v"",""jyutping"":""faan1hok6""},{""word"":""之後"",""pos"":""f"",""jyutping"":""zi1hau6""},{""word"":""呢"",""pos"":""y1"",""jyutping"":""ne1""},{""word"":"","",""pos"":"""",""jyutping"":null},{""word"":""未"",""pos"":""d"",""jyutping"":""mei6""},{""word"":""試"",""pos"":""v"",""jyutping"":""si3""},{""word"":""過"",""pos"":""u"",""jyutping"":""gwo3""},{""word"":""即"",""pos"":""c"",""jyutping"":""zik1""},{""word"":""係"",""pos"":""v"",""jyutping"":""hai6""},{""word"":""喺"",""pos"":""p"",""jyutping"":""hai2""},{""word"":""加拿大"",""pos"":""ns"",""jyutping"":""gaa1naa4daai6""},{""word"":""讀書"",""pos"":""v"",""jyutping"":""duk6syu1""},{""word"":""都"",""pos"":""d"",""jyutping"":""dou1""}]}"	"[{""word"":""人生"",""pos"":""n"",""jyutping"":""jan4sang1""},{""word"":""-"",""pos"":"""",""jyutping"":null},{""word"":""人生"",""pos"":""n"",""jyutping"":""jan4sang1""},{""word"":""自從"",""pos"":""p"",""jyutping"":""zi6cung4""},{""word"":""返學"",""pos"":""v"",""jyutping"":""faan1hok6""},{""word"":""之後"",""pos"":""f"",""jyutping"":""zi1hau6""},{""word"":""呢"",""pos"":""y1"",""jyutping"":""ne1""},{""word"":"","",""pos"":"""",""jyutping"":null},{""word"":""未"",""pos"":""d"",""jyutping"":""mei6""},{""word"":""試"",""pos"":""v"",""jyutping"":""si3""},{""word"":""過"",""pos"":""u"",""jyutping"":""gwo3""},{""word"":""即"",""pos"":""c"",""jyutping"":""zik1""},{""word"":""係"",""pos"":""v"",""jyutping"":""hai6""},{""word"":""喺"",""pos"":""p"",""jyutping"":""hai2""},{""word"":""加拿大"",""pos"":""ns"",""jyutping"":""gaa1naa4daai6""},{""word"":""讀書"",""pos"":""v"",""jyutping"":""duk6syu1""},{""word"":""都"",""pos"":""d"",""jyutping"":""dou1""},{""word"":""冇"",""pos"":""v1"",""jyutping"":""mou5""},{""word"":""咁"",""pos"":""d"",""jyutping"":""gam3""},{""word"":"","",""pos"":"""",""jyutping"":null},{""word"":""即"",""pos"":""c"",""jyutping"":""zik1""},{""word"":""係"",""pos"":""v"",""jyutping"":""hai6""},{""word"":""咁"",""pos"":""d"",""jyutping"":""gam3""},{""word"":""早"",""pos"":""a"",""jyutping"":""zou2""},{""word"":""嘅"",""pos"":""u"",""jyutping"":""ge3""},{""word"":""科"",""pos"":""n"",""jyutping"":""fo1""},{""word"":""我"",""pos"":""r"",""jyutping"":""ngo5""},{""word"":""係"",""pos"":""v"",""jyutping"":""hai6""},{""word"":""唔"",""pos"":""d"",""jyutping"":""m4""},{""word"":""會"",""pos"":""vu"",""jyutping"":""wui5""},{""word"":""take"",""pos"":""xv"",""jyutping"":null},{""word"":""𡃉"",""pos"":""y"",""jyutping"":""gaa3""},{""word"":""."",""pos"":"""",""jyutping"":null}]"	REQUIRES_EXPERT_CONTEXT_REVIEW
aa62-b4d047b9b5f7e79db166	FC-R005_v2.cha	df8f8770d195db050ee8b1e25bea31af22a17ecd779cff97e99594b68f5d75ab	46	157	15	XXA	行過	行	v	,		X	"{""normalizedSurface"":""行過""}"	但係紅綠燈前邊停,即係你見到一班女學生行過,你都係喜悅𠸏.	嗰啲過程裏邊你啲所謂爭啫.	會喜悅𠸏.	"{""startTokenIndexZeroBased"":8,""endTokenIndexExclusive"":22,""tokens"":[{""word"":""見"",""pos"":""v"",""jyutping"":""gin3""},{""word"":""到"",""pos"":""u"",""jyutping"":""dou3""},{""word"":""一"",""pos"":""m"",""jyutping"":""jat1""},{""word"":""班"",""pos"":""q"",""jyutping"":""baan1""},{""word"":""女"",""pos"":""b"",""jyutping"":""neoi5""},{""word"":""學生"",""pos"":""n"",""jyutping"":""hok6saang1""},{""word"":""行"",""pos"":""v"",""jyutping"":""haang4""},{""word"":""過"",""pos"":""u"",""jyutping"":""gwo3""},{""word"":"","",""pos"":"""",""jyutping"":null},{""word"":""你"",""pos"":""r"",""jyutping"":""nei5""},{""word"":""都"",""pos"":""d"",""jyutping"":""dou1""},{""word"":""係"",""pos"":""v"",""jyutping"":""hai6""},{""word"":""喜悅"",""pos"":""a"",""jyutping"":""hei2jyut6""},{""word"":""𠸏"",""pos"":""y"",""jyutping"":""ge2""}]}"	"[{""word"":""但係"",""pos"":""c"",""jyutping"":""daan6hai6""},{""word"":""紅綠燈"",""pos"":""n"",""jyutping"":""hung4luk6dang1""},{""word"":""前邊"",""pos"":""f"",""jyutping"":""cin4bin6""},{""word"":""停"",""pos"":""v"",""jyutping"":""ting4""},{""word"":"","",""pos"":"""",""jyutping"":null},{""word"":""即"",""pos"":""c"",""jyutping"":""zik1""},{""word"":""係"",""pos"":""v"",""jyutping"":""hai6""},{""word"":""你"",""pos"":""r"",""jyutping"":""nei5""},{""word"":""見"",""pos"":""v"",""jyutping"":""gin3""},{""word"":""到"",""pos"":""u"",""jyutping"":""dou3""},{""word"":""一"",""pos"":""m"",""jyutping"":""jat1""},{""word"":""班"",""pos"":""q"",""jyutping"":""baan1""},{""word"":""女"",""pos"":""b"",""jyutping"":""neoi5""},{""word"":""學生"",""pos"":""n"",""jyutping"":""hok6saang1""},{""word"":""行"",""pos"":""v"",""jyutping"":""haang4""},{""word"":""過"",""pos"":""u"",""jyutping"":""gwo3""},{""word"":"","",""pos"":"""",""jyutping"":null},{""word"":""你"",""pos"":""r"",""jyutping"":""nei5""},{""word"":""都"",""pos"":""d"",""jyutping"":""dou1""},{""word"":""係"",""pos"":""v"",""jyutping"":""hai6""},{""word"":""喜悅"",""pos"":""a"",""jyutping"":""hei2jyut6""},{""word"":""𠸏"",""pos"":""y"",""jyutping"":""ge2""},{""word"":""."",""pos"":"""",""jyutping"":null}]"	REQUIRES_EXPERT_CONTEXT_REVIEW
aa62-596a4305527700e976e7	FC-R006_v2.cha	0e64a85bb57c65bf4e9e0d621f4cc104d8a27a30be98847eccc3c958c517154c	47	39	4	XXB	睇過	睇	v	-		X	"{""normalizedSurface"":""睇過""}"	因為我細個睇過-唔係細個嚹.	以前即係相係好信得過𠺢嗎.	幾年前睇過一幅相.	"{""startTokenIndexZeroBased"":0,""endTokenIndexExclusive"":11,""tokens"":[{""word"":""因為"",""pos"":""c"",""jyutping"":""jan1wai6""},{""word"":""我"",""pos"":""r"",""jyutping"":""ngo5""},{""word"":""細個"",""pos"":""a"",""jyutping"":""sai3go3""},{""word"":""睇"",""pos"":""v"",""jyutping"":""tai2""},{""word"":""過"",""pos"":""u"",""jyutping"":""gwo3""},{""word"":""-"",""pos"":"""",""jyutping"":null},{""word"":""唔"",""pos"":""d"",""jyutping"":""m4""},{""word"":""係"",""pos"":""v"",""jyutping"":""hai6""},{""word"":""細個"",""pos"":""a"",""jyutping"":""sai3go3""},{""word"":""嚹"",""pos"":""y1"",""jyutping"":""laa3""},{""word"":""."",""pos"":"""",""jyutping"":null}]}"	"[{""word"":""因為"",""pos"":""c"",""jyutping"":""jan1wai6""},{""word"":""我"",""pos"":""r"",""jyutping"":""ngo5""},{""word"":""細個"",""pos"":""a"",""jyutping"":""sai3go3""},{""word"":""睇"",""pos"":""v"",""jyutping"":""tai2""},{""word"":""過"",""pos"":""u"",""jyutping"":""gwo3""},{""word"":""-"",""pos"":"""",""jyutping"":null},{""word"":""唔"",""pos"":""d"",""jyutping"":""m4""},{""word"":""係"",""pos"":""v"",""jyutping"":""hai6""},{""word"":""細個"",""pos"":""a"",""jyutping"":""sai3go3""},{""word"":""嚹"",""pos"":""y1"",""jyutping"":""laa3""},{""word"":""."",""pos"":"""",""jyutping"":null}]"	REQUIRES_EXPERT_CONTEXT_REVIEW
aa62-34e26371754aed8c2aed	FC-R006_v2.cha	0e64a85bb57c65bf4e9e0d621f4cc104d8a27a30be98847eccc3c958c517154c	47	40	2	XXB	睇過	睇	v	一	m	NUM	"{""normalizedSurface"":""睇過""}"	幾年前睇過一幅相.	因為我細個睇過-唔係細個嚹.	就係話,唔知係火星定乜嘢喇.	"{""startTokenIndexZeroBased"":0,""endTokenIndexExclusive"":7,""tokens"":[{""word"":""幾年前"",""pos"":""t"",""jyutping"":""gei2nin4cin4""},{""word"":""睇"",""pos"":""v"",""jyutping"":""tai2""},{""word"":""過"",""pos"":""u"",""jyutping"":""gwo3""},{""word"":""一"",""pos"":""m"",""jyutping"":""jat1""},{""word"":""幅"",""pos"":""q"",""jyutping"":""fuk1""},{""word"":""相"",""pos"":""n"",""jyutping"":""soeng2""},{""word"":""."",""pos"":"""",""jyutping"":null}]}"	"[{""word"":""幾年前"",""pos"":""t"",""jyutping"":""gei2nin4cin4""},{""word"":""睇"",""pos"":""v"",""jyutping"":""tai2""},{""word"":""過"",""pos"":""u"",""jyutping"":""gwo3""},{""word"":""一"",""pos"":""m"",""jyutping"":""jat1""},{""word"":""幅"",""pos"":""q"",""jyutping"":""fuk1""},{""word"":""相"",""pos"":""n"",""jyutping"":""soeng2""},{""word"":""."",""pos"":"""",""jyutping"":null}]"	REQUIRES_EXPERT_CONTEXT_REVIEW
aa62-2b0d69d89878d7c109ba	FC-R007_v2.cha	7d758ceef2818fb182169c06d3f785caccabb7ce16533740909bd41868524f0f	48	42	19	XXA	到過	到	v	-		X	"{""normalizedSurface"":""到過""}"	即係當-譬如嗰塊牛柳喇,吓,即係噉一切,你切到過-一路慢慢食.	溫度好.	以我嘅速度喎.	"{""startTokenIndexZeroBased"":12,""endTokenIndexExclusive"":25,""tokens"":[{""word"":""噉"",""pos"":""r"",""jyutping"":""gam2""},{""word"":""一"",""pos"":""d"",""jyutping"":""jat1""},{""word"":""切"",""pos"":""v"",""jyutping"":""cit3""},{""word"":"","",""pos"":"""",""jyutping"":null},{""word"":""你"",""pos"":""r"",""jyutping"":""nei5""},{""word"":""切"",""pos"":""v"",""jyutping"":""cit3""},{""word"":""到"",""pos"":""v"",""jyutping"":""dou3""},{""word"":""過"",""pos"":""u"",""jyutping"":""gwo3""},{""word"":""-"",""pos"":"""",""jyutping"":null},{""word"":""一路"",""pos"":""d"",""jyutping"":""jat1lou6""},{""word"":""慢慢"",""pos"":""a"",""jyutping"":""maan6maan2""},{""word"":""食"",""pos"":""v"",""jyutping"":""sik6""},{""word"":""."",""pos"":"""",""jyutping"":null}]}"	"[{""word"":""即係"",""pos"":""c"",""jyutping"":""zik1hai6""},{""word"":""當"",""pos"":""d"",""jyutping"":""dong1""},{""word"":""-"",""pos"":"""",""jyutping"":null},{""word"":""譬如"",""pos"":""c"",""jyutping"":""pei3jyu4""},{""word"":""嗰"",""pos"":""r"",""jyutping"":""go2""},{""word"":""塊"",""pos"":""q"",""jyutping"":""faai3""},{""word"":""牛柳"",""pos"":""n"",""jyutping"":""ngau4lau5""},{""word"":""喇"",""pos"":""y"",""jyutping"":""laa1""},{""word"":"","",""pos"":"""",""jyutping"":null},{""word"":""吓"",""pos"":""e"",""jyutping"":""haa2""},{""word"":"","",""pos"":"""",""jyutping"":null},{""word"":""即係"",""pos"":""c"",""jyutping"":""zik1hai6""},{""word"":""噉"",""pos"":""r"",""jyutping"":""gam2""},{""word"":""一"",""pos"":""d"",""jyutping"":""jat1""},{""word"":""切"",""pos"":""v"",""jyutping"":""cit3""},{""word"":"","",""pos"":"""",""jyutping"":null},{""word"":""你"",""pos"":""r"",""jyutping"":""nei5""},{""word"":""切"",""pos"":""v"",""jyutping"":""cit3""},{""word"":""到"",""pos"":""v"",""jyutping"":""dou3""},{""word"":""過"",""pos"":""u"",""jyutping"":""gwo3""},{""word"":""-"",""pos"":"""",""jyutping"":null},{""word"":""一路"",""pos"":""d"",""jyutping"":""jat1lou6""},{""word"":""慢慢"",""pos"":""a"",""jyutping"":""maan6maan2""},{""word"":""食"",""pos"":""v"",""jyutping"":""sik6""},{""word"":""."",""pos"":"""",""jyutping"":null}]"	REQUIRES_EXPERT_CONTEXT_REVIEW
aa62-421e25e1897aad9535d9	FC-R007_v2.cha	7d758ceef2818fb182169c06d3f785caccabb7ce16533740909bd41868524f0f	48	83	2	XXB	食過	食	v	.		X	"{""normalizedSurface"":""食過""}"	亦都食過.	蒜蓉薯蓉呢係幾抵死嘅.	即係如果蒜蓉亦都睇得出嘅.	"{""startTokenIndexZeroBased"":0,""endTokenIndexExclusive"":4,""tokens"":[{""word"":""亦都"",""pos"":""d"",""jyutping"":""jik6dou1""},{""word"":""食"",""pos"":""v"",""jyutping"":""sik6""},{""word"":""過"",""pos"":""u"",""jyutping"":""gwo3""},{""word"":""."",""pos"":"""",""jyutping"":null}]}"	"[{""word"":""亦都"",""pos"":""d"",""jyutping"":""jik6dou1""},{""word"":""食"",""pos"":""v"",""jyutping"":""sik6""},{""word"":""過"",""pos"":""u"",""jyutping"":""gwo3""},{""word"":""."",""pos"":"""",""jyutping"":null}]"	REQUIRES_EXPERT_CONTEXT_REVIEW
aa62-b6626b82894b7f70a57c	FC-R007_v2.cha	7d758ceef2818fb182169c06d3f785caccabb7ce16533740909bd41868524f0f	48	87	5	XXB	食過	食	v	蒜蓉	n	NOUN	"{""normalizedSurface"":""食過""}"	即係我亦都食過蒜蓉.	如果唔係,就睇嗰啲蒜蓉.	嗰啲好得𡃉都得𡃉.	"{""startTokenIndexZeroBased"":0,""endTokenIndexExclusive"":8,""tokens"":[{""word"":""即係"",""pos"":""c"",""jyutping"":""zik1hai6""},{""word"":""我"",""pos"":""r"",""jyutping"":""ngo5""},{""word"":""亦"",""pos"":""d"",""jyutping"":""jik6""},{""word"":""都"",""pos"":""d"",""jyutping"":""dou1""},{""word"":""食"",""pos"":""v"",""jyutping"":""sik6""},{""word"":""過"",""pos"":""u"",""jyutping"":""gwo3""},{""word"":""蒜蓉"",""pos"":""n"",""jyutping"":""syun3jung4""},{""word"":""."",""pos"":"""",""jyutping"":null}]}"	"[{""word"":""即係"",""pos"":""c"",""jyutping"":""zik1hai6""},{""word"":""我"",""pos"":""r"",""jyutping"":""ngo5""},{""word"":""亦"",""pos"":""d"",""jyutping"":""jik6""},{""word"":""都"",""pos"":""d"",""jyutping"":""dou1""},{""word"":""食"",""pos"":""v"",""jyutping"":""sik6""},{""word"":""過"",""pos"":""u"",""jyutping"":""gwo3""},{""word"":""蒜蓉"",""pos"":""n"",""jyutping"":""syun3jung4""},{""word"":""."",""pos"":"""",""jyutping"":null}]"	REQUIRES_EXPERT_CONTEXT_REVIEW
aa62-13d773313841d9bab4e1	FC-R009_v.cha	e29696c62b1aef35746e05780060128c7a5b91b2cdd852467d3cb733e3108d5c	49	61	6	XXB	試過	試	v	有	v1	VERB	"{""normalizedSurface"":""試過""}"	香港係一個曾經試過有一個叫做黃秋生嘅又出來唱下歌噉樣.	冇錯.	"""嘩嗰個人?"	"{""startTokenIndexZeroBased"":0,""endTokenIndexExclusive"":13,""tokens"":[{""word"":""香港"",""pos"":""ns"",""jyutping"":""hoeng1gong2""},{""word"":""係"",""pos"":""v"",""jyutping"":""hai6""},{""word"":""一"",""pos"":""m"",""jyutping"":""jat1""},{""word"":""個"",""pos"":""q"",""jyutping"":""go3""},{""word"":""曾經"",""pos"":""d"",""jyutping"":""cang4ging1""},{""word"":""試"",""pos"":""v"",""jyutping"":""si3""},{""word"":""過"",""pos"":""u"",""jyutping"":""gwo3""},{""word"":""有"",""pos"":""v1"",""jyutping"":""jau5""},{""word"":""一"",""pos"":""m"",""jyutping"":""jat1""},{""word"":""個"",""pos"":""q"",""jyutping"":""go3""},{""word"":""叫做"",""pos"":""v"",""jyutping"":""giu3zou6""},{""word"":""黃"",""pos"":""nr"",""jyutping"":""wong4""},{""word"":""秋生"",""pos"":""nr"",""jyutping"":""cau1sang1""}]}"	"[{""word"":""香港"",""pos"":""ns"",""jyutping"":""hoeng1gong2""},{""word"":""係"",""pos"":""v"",""jyutping"":""hai6""},{""word"":""一"",""pos"":""m"",""jyutping"":""jat1""},{""word"":""個"",""pos"":""q"",""jyutping"":""go3""},{""word"":""曾經"",""pos"":""d"",""jyutping"":""cang4ging1""},{""word"":""試"",""pos"":""v"",""jyutping"":""si3""},{""word"":""過"",""pos"":""u"",""jyutping"":""gwo3""},{""word"":""有"",""pos"":""v1"",""jyutping"":""jau5""},{""word"":""一"",""pos"":""m"",""jyutping"":""jat1""},{""word"":""個"",""pos"":""q"",""jyutping"":""go3""},{""word"":""叫做"",""pos"":""v"",""jyutping"":""giu3zou6""},{""word"":""黃"",""pos"":""nr"",""jyutping"":""wong4""},{""word"":""秋生"",""pos"":""nr"",""jyutping"":""cau1sang1""},{""word"":""嘅"",""pos"":""u"",""jyutping"":""ge3""},{""word"":""又"",""pos"":""d"",""jyutping"":""jau6""},{""word"":""出來"",""pos"":""v"",""jyutping"":""ceot1lai4""},{""word"":""唱"",""pos"":""v"",""jyutping"":""coeng3""},{""word"":""下"",""pos"":""u"",""jyutping"":""haa5""},{""word"":""歌"",""pos"":""n"",""jyutping"":""go1""},{""word"":""噉樣"",""pos"":""c"",""jyutping"":""gam2joeng2""},{""word"":""."",""pos"":"""",""jyutping"":null}]"	REQUIRES_EXPERT_CONTEXT_REVIEW
aa62-4c86179bc6b7a2fa07b8	FC-R011_v.cha	1cc1fdfa08e4ba661d847f768f064d32ac5d5d0fc78a0a0284d2460fe35092fc	52	27	14	XXC	做過	做	v	嘞	y	PART	"{""normalizedSurface"":""做過""}"	然後到而家,譬如當係三月一號,你都未做過嘞,噉咪可以OK你停咗三個月.	譬如你一月一號就俾車撞.	我覺得佢哋官司難打在乜嘢呢?	"{""startTokenIndexZeroBased"":7,""endTokenIndexExclusive"":21,""tokens"":[{""word"":""三月"",""pos"":""t"",""jyutping"":""saam1jyut6""},{""word"":""一號"",""pos"":""t"",""jyutping"":""jat1hou6""},{""word"":"","",""pos"":"""",""jyutping"":null},{""word"":""你"",""pos"":""r"",""jyutping"":""nei5""},{""word"":""都"",""pos"":""d"",""jyutping"":""dou1""},{""word"":""未"",""pos"":""d"",""jyutping"":""mei6""},{""word"":""做"",""pos"":""v"",""jyutping"":""zou6""},{""word"":""過"",""pos"":""u"",""jyutping"":""gwo3""},{""word"":""嘞"",""pos"":""y"",""jyutping"":""laak3""},{""word"":"","",""pos"":"""",""jyutping"":null},{""word"":""噉"",""pos"":""c"",""jyutping"":""gam2""},{""word"":""咪"",""pos"":""d"",""jyutping"":""mai6""},{""word"":""可以"",""pos"":""vu"",""jyutping"":""ho2ji5""},{""word"":""OK"",""pos"":""xa"",""jyutping"":null}]}"	"[{""word"":""然後"",""pos"":""c"",""jyutping"":""jin4hau6""},{""word"":""到"",""pos"":""v"",""jyutping"":""dou3""},{""word"":""而家"",""pos"":""t"",""jyutping"":""ji4gaa1""},{""word"":"","",""pos"":"""",""jyutping"":null},{""word"":""譬如"",""pos"":""v"",""jyutping"":""pei3jyu4""},{""word"":""當"",""pos"":""d"",""jyutping"":""dong1""},{""word"":""係"",""pos"":""v"",""jyutping"":""hai6""},{""word"":""三月"",""pos"":""t"",""jyutping"":""saam1jyut6""},{""word"":""一號"",""pos"":""t"",""jyutping"":""jat1hou6""},{""word"":"","",""pos"":"""",""jyutping"":null},{""word"":""你"",""pos"":""r"",""jyutping"":""nei5""},{""word"":""都"",""pos"":""d"",""jyutping"":""dou1""},{""word"":""未"",""pos"":""d"",""jyutping"":""mei6""},{""word"":""做"",""pos"":""v"",""jyutping"":""zou6""},{""word"":""過"",""pos"":""u"",""jyutping"":""gwo3""},{""word"":""嘞"",""pos"":""y"",""jyutping"":""laak3""},{""word"":"","",""pos"":"""",""jyutping"":null},{""word"":""噉"",""pos"":""c"",""jyutping"":""gam2""},{""word"":""咪"",""pos"":""d"",""jyutping"":""mai6""},{""word"":""可以"",""pos"":""vu"",""jyutping"":""ho2ji5""},{""word"":""OK"",""pos"":""xa"",""jyutping"":null},{""word"":""你"",""pos"":""r"",""jyutping"":""nei5""},{""word"":""停"",""pos"":""v"",""jyutping"":""ting4""},{""word"":""咗"",""pos"":""u"",""jyutping"":""zo2""},{""word"":""三"",""pos"":""m"",""jyutping"":""saam1""},{""word"":""個"",""pos"":""q"",""jyutping"":""go3""},{""word"":""月"",""pos"":""n"",""jyutping"":""jyut6""},{""word"":""."",""pos"":"""",""jyutping"":null}]"	REQUIRES_EXPERT_CONTEXT_REVIEW
aa62-439785458aa97008d277	FC-R011_v.cha	1cc1fdfa08e4ba661d847f768f064d32ac5d5d0fc78a0a0284d2460fe35092fc	52	162	3	XXA	試過	試	v	喇	y	PART	"{""normalizedSurface"":""試過""}"	上次都試過喇上庭.	可能真係上庭.	嗰啲有鬼仔嗰啲,又請佢上去睇一睇.	"{""startTokenIndexZeroBased"":0,""endTokenIndexExclusive"":7,""tokens"":[{""word"":""上次"",""pos"":""t"",""jyutping"":""soeng6ci3""},{""word"":""都"",""pos"":""d"",""jyutping"":""dou1""},{""word"":""試"",""pos"":""v"",""jyutping"":""si3""},{""word"":""過"",""pos"":""u"",""jyutping"":""gwo3""},{""word"":""喇"",""pos"":""y"",""jyutping"":""laa1""},{""word"":""上庭"",""pos"":""v"",""jyutping"":""soeng5ting4""},{""word"":""."",""pos"":"""",""jyutping"":null}]}"	"[{""word"":""上次"",""pos"":""t"",""jyutping"":""soeng6ci3""},{""word"":""都"",""pos"":""d"",""jyutping"":""dou1""},{""word"":""試"",""pos"":""v"",""jyutping"":""si3""},{""word"":""過"",""pos"":""u"",""jyutping"":""gwo3""},{""word"":""喇"",""pos"":""y"",""jyutping"":""laa1""},{""word"":""上庭"",""pos"":""v"",""jyutping"":""soeng5ting4""},{""word"":""."",""pos"":"""",""jyutping"":null}]"	REQUIRES_EXPERT_CONTEXT_REVIEW
aa62-47112d2d19fa5ad70b1a	FC-R011_v.cha	1cc1fdfa08e4ba661d847f768f064d32ac5d5d0fc78a0a0284d2460fe35092fc	52	166	10	XXC	試過	試	v	喇	y	PART	"{""normalizedSurface"":""試過""}"	"嘩你哩一句,""上次都試過喇""就已經好似有案例噉喎."	即係有一個又係有科學根據.	我真係唔知點同你講落去.	"{""startTokenIndexZeroBased"":3,""endTokenIndexExclusive"":17,""tokens"":[{""word"":""一"",""pos"":""m"",""jyutping"":""jat1""},{""word"":""句"",""pos"":""n"",""jyutping"":""geoi3""},{""word"":"","",""pos"":"""",""jyutping"":null},{""word"":""\"""",""pos"":"""",""jyutping"":null},{""word"":""上次"",""pos"":""t"",""jyutping"":""soeng6ci3""},{""word"":""都"",""pos"":""d"",""jyutping"":""dou1""},{""word"":""試"",""pos"":""v"",""jyutping"":""si3""},{""word"":""過"",""pos"":""u"",""jyutping"":""gwo3""},{""word"":""喇"",""pos"":""y"",""jyutping"":""laa1""},{""word"":""\"""",""pos"":"""",""jyutping"":null},{""word"":""就"",""pos"":""d"",""jyutping"":""zau6""},{""word"":""已經"",""pos"":""d"",""jyutping"":""ji5ging1""},{""word"":""好似"",""pos"":""v"",""jyutping"":""hou2ci5""},{""word"":""有"",""pos"":""v1"",""jyutping"":""jau5""}]}"	"[{""word"":""嘩"",""pos"":""e"",""jyutping"":""waa3""},{""word"":""你"",""pos"":""r"",""jyutping"":""nei5""},{""word"":""哩"",""pos"":""r"",""jyutping"":""ni1""},{""word"":""一"",""pos"":""m"",""jyutping"":""jat1""},{""word"":""句"",""pos"":""n"",""jyutping"":""geoi3""},{""word"":"","",""pos"":"""",""jyutping"":null},{""word"":""\"""",""pos"":"""",""jyutping"":null},{""word"":""上次"",""pos"":""t"",""jyutping"":""soeng6ci3""},{""word"":""都"",""pos"":""d"",""jyutping"":""dou1""},{""word"":""試"",""pos"":""v"",""jyutping"":""si3""},{""word"":""過"",""pos"":""u"",""jyutping"":""gwo3""},{""word"":""喇"",""pos"":""y"",""jyutping"":""laa1""},{""word"":""\"""",""pos"":"""",""jyutping"":null},{""word"":""就"",""pos"":""d"",""jyutping"":""zau6""},{""word"":""已經"",""pos"":""d"",""jyutping"":""ji5ging1""},{""word"":""好似"",""pos"":""v"",""jyutping"":""hou2ci5""},{""word"":""有"",""pos"":""v1"",""jyutping"":""jau5""},{""word"":""案例"",""pos"":""n"",""jyutping"":""on3lai6""},{""word"":""噉"",""pos"":""y"",""jyutping"":""gam2""},{""word"":""喎"",""pos"":""y"",""jyutping"":""wo3""},{""word"":""."",""pos"":"""",""jyutping"":null}]"	REQUIRES_EXPERT_CONTEXT_REVIEW
aa62-6cf74740ca95157ee67b	FC-R013a_v.cha	e95e436cf3f1eaf52a0fe1eb185c54f1813068a922fb1b22734b9237a6681a9d	53	2	8	XXA	講過	講	v	呢	y1	PART	"{""normalizedSurface"":""講過""}"	噉但係譬如先前頭先講-講過呢就係話即係去到某一啲關口呢,你都覺得即係已經係晒冷嘅一鋪.	喺,誒,即係哩個機構裏邊呢,即係工作咗八年嘅一啲點點滴滴喇吓.	如果都唔得𡃉話呢,都會諗住即係自己都執包袱𡃉嘞.	"{""startTokenIndexZeroBased"":1,""endTokenIndexExclusive"":15,""tokens"":[{""word"":""但係"",""pos"":""c"",""jyutping"":""daan6hai6""},{""word"":""譬如"",""pos"":""v"",""jyutping"":""pei3jyu4""},{""word"":""先前"",""pos"":""t"",""jyutping"":""sin1cin4""},{""word"":""頭先"",""pos"":""t"",""jyutping"":""tau4sin1""},{""word"":""講"",""pos"":""v"",""jyutping"":""gong2""},{""word"":""-"",""pos"":"""",""jyutping"":null},{""word"":""講"",""pos"":""v"",""jyutping"":""gong2""},{""word"":""過"",""pos"":""u"",""jyutping"":""gwo3""},{""word"":""呢"",""pos"":""y1"",""jyutping"":""ne1""},{""word"":""就"",""pos"":""d"",""jyutping"":""zau6""},{""word"":""係"",""pos"":""v"",""jyutping"":""hai6""},{""word"":""話"",""pos"":""v"",""jyutping"":""waa6""},{""word"":""即係"",""pos"":""c"",""jyutping"":""zik1hai6""},{""word"":""去到"",""pos"":""v"",""jyutping"":""heoi3dou3""}]}"	"[{""word"":""噉"",""pos"":""c"",""jyutping"":""gam2""},{""word"":""但係"",""pos"":""c"",""jyutping"":""daan6hai6""},{""word"":""譬如"",""pos"":""v"",""jyutping"":""pei3jyu4""},{""word"":""先前"",""pos"":""t"",""jyutping"":""sin1cin4""},{""word"":""頭先"",""pos"":""t"",""jyutping"":""tau4sin1""},{""word"":""講"",""pos"":""v"",""jyutping"":""gong2""},{""word"":""-"",""pos"":"""",""jyutping"":null},{""word"":""講"",""pos"":""v"",""jyutping"":""gong2""},{""word"":""過"",""pos"":""u"",""jyutping"":""gwo3""},{""word"":""呢"",""pos"":""y1"",""jyutping"":""ne1""},{""word"":""就"",""pos"":""d"",""jyutping"":""zau6""},{""word"":""係"",""pos"":""v"",""jyutping"":""hai6""},{""word"":""話"",""pos"":""v"",""jyutping"":""waa6""},{""word"":""即係"",""pos"":""c"",""jyutping"":""zik1hai6""},{""word"":""去到"",""pos"":""v"",""jyutping"":""heoi3dou3""},{""word"":""某"",""pos"":""r"",""jyutping"":""mau5""},{""word"":""一啲"",""pos"":""m"",""jyutping"":""jat1di1""},{""word"":""關口"",""pos"":""n"",""jyutping"":""gwaan1hau2""},{""word"":""呢"",""pos"":""y1"",""jyutping"":""ne1""},{""word"":"","",""pos"":"""",""jyutping"":null},{""word"":""你"",""pos"":""r"",""jyutping"":""nei5""},{""word"":""都"",""pos"":""d"",""jyutping"":""dou1""},{""word"":""覺得"",""pos"":""v"",""jyutping"":""gok3dak1""},{""word"":""即係"",""pos"":""c"",""jyutping"":""zik1hai6""},{""word"":""已經"",""pos"":""d"",""jyutping"":""ji5ging1""},{""word"":""係"",""pos"":""v"",""jyutping"":""hai6""},{""word"":""晒冷"",""pos"":""v"",""jyutping"":""saai3laang1""},{""word"":""嘅"",""pos"":""u"",""jyutping"":""ge3""},{""word"":""一"",""pos"":""m"",""jyutping"":""jat1""},{""word"":""鋪"",""pos"":""q"",""jyutping"":""pou1""},{""word"":""."",""pos"":"""",""jyutping"":null}]"	REQUIRES_EXPERT_CONTEXT_REVIEW
aa62-5d4461c6bc9d0eeaf57d	FC-R013a_v.cha	e95e436cf3f1eaf52a0fe1eb185c54f1813068a922fb1b22734b9237a6681a9d	53	55	8	XXD	講過	講	v	即係	c	CCONJ	"{""normalizedSurface"":""講過""}"	噉已經有一億人呢,講過即係亞視點解咁不濟呢.	好似低處未算低噉.	點解硬係做唔起呢.	"{""startTokenIndexZeroBased"":1,""endTokenIndexExclusive"":15,""tokens"":[{""word"":""已經"",""pos"":""d"",""jyutping"":""ji5ging1""},{""word"":""有"",""pos"":""v1"",""jyutping"":""jau5""},{""word"":""一億"",""pos"":""m"",""jyutping"":""jat1jik1""},{""word"":""人"",""pos"":""n"",""jyutping"":""jan4""},{""word"":""呢"",""pos"":""y1"",""jyutping"":""ne1""},{""word"":"","",""pos"":"""",""jyutping"":null},{""word"":""講"",""pos"":""v"",""jyutping"":""gong2""},{""word"":""過"",""pos"":""u"",""jyutping"":""gwo3""},{""word"":""即係"",""pos"":""c"",""jyutping"":""zik1hai6""},{""word"":""亞視"",""pos"":""nt"",""jyutping"":""aa3si6""},{""word"":""點解"",""pos"":""r"",""jyutping"":""dim2gaai2""},{""word"":""咁"",""pos"":""d"",""jyutping"":""gam3""},{""word"":""不濟"",""pos"":""a"",""jyutping"":""baat1zai3""},{""word"":""呢"",""pos"":""y"",""jyutping"":""ne1""}]}"	"[{""word"":""噉"",""pos"":""c"",""jyutping"":""gam2""},{""word"":""已經"",""pos"":""d"",""jyutping"":""ji5ging1""},{""word"":""有"",""pos"":""v1"",""jyutping"":""jau5""},{""word"":""一億"",""pos"":""m"",""jyutping"":""jat1jik1""},{""word"":""人"",""pos"":""n"",""jyutping"":""jan4""},{""word"":""呢"",""pos"":""y1"",""jyutping"":""ne1""},{""word"":"","",""pos"":"""",""jyutping"":null},{""word"":""講"",""pos"":""v"",""jyutping"":""gong2""},{""word"":""過"",""pos"":""u"",""jyutping"":""gwo3""},{""word"":""即係"",""pos"":""c"",""jyutping"":""zik1hai6""},{""word"":""亞視"",""pos"":""nt"",""jyutping"":""aa3si6""},{""word"":""點解"",""pos"":""r"",""jyutping"":""dim2gaai2""},{""word"":""咁"",""pos"":""d"",""jyutping"":""gam3""},{""word"":""不濟"",""pos"":""a"",""jyutping"":""baat1zai3""},{""word"":""呢"",""pos"":""y"",""jyutping"":""ne1""},{""word"":""."",""pos"":"""",""jyutping"":null}]"	REQUIRES_EXPERT_CONTEXT_REVIEW
aa62-af40e957be84fafdbeab	FC-R013a_v.cha	e95e436cf3f1eaf52a0fe1eb185c54f1813068a922fb1b22734b9237a6681a9d	53	112	3	XXD	講過	講	v	話	v	VERB	"{""normalizedSurface"":""講過""}"	頭先你講過話但係你會鍾意.	但係就要諗要點搞囖.	你話好玩啊因為.	"{""startTokenIndexZeroBased"":0,""endTokenIndexExclusive"":10,""tokens"":[{""word"":""頭先"",""pos"":""t"",""jyutping"":""tau4sin1""},{""word"":""你"",""pos"":""r"",""jyutping"":""nei5""},{""word"":""講"",""pos"":""v"",""jyutping"":""gong2""},{""word"":""過"",""pos"":""u"",""jyutping"":""gwo3""},{""word"":""話"",""pos"":""v"",""jyutping"":""waa6""},{""word"":""但係"",""pos"":""c"",""jyutping"":""daan6hai6""},{""word"":""你"",""pos"":""r"",""jyutping"":""nei5""},{""word"":""會"",""pos"":""vu"",""jyutping"":""wui5""},{""word"":""鍾意"",""pos"":""v"",""jyutping"":""zung1ji3""},{""word"":""."",""pos"":"""",""jyutping"":null}]}"	"[{""word"":""頭先"",""pos"":""t"",""jyutping"":""tau4sin1""},{""word"":""你"",""pos"":""r"",""jyutping"":""nei5""},{""word"":""講"",""pos"":""v"",""jyutping"":""gong2""},{""word"":""過"",""pos"":""u"",""jyutping"":""gwo3""},{""word"":""話"",""pos"":""v"",""jyutping"":""waa6""},{""word"":""但係"",""pos"":""c"",""jyutping"":""daan6hai6""},{""word"":""你"",""pos"":""r"",""jyutping"":""nei5""},{""word"":""會"",""pos"":""vu"",""jyutping"":""wui5""},{""word"":""鍾意"",""pos"":""v"",""jyutping"":""zung1ji3""},{""word"":""."",""pos"":"""",""jyutping"":null}]"	REQUIRES_EXPERT_CONTEXT_REVIEW
aa62-54b1bb5014ffd7b58560	FC-R013a_v.cha	e95e436cf3f1eaf52a0fe1eb185c54f1813068a922fb1b22734b9237a6681a9d	53	144	3	XXC	聽過	聽	v	佢哋	r	PRON	"{""normalizedSurface"":""聽過""}"	TVB我聽過佢哋有啲人度橋嗰啲啊,好驚亞視𡃉.	未必𡃉.	"""喂喂,唔好俾佢知道啊."	"{""startTokenIndexZeroBased"":0,""endTokenIndexExclusive"":10,""tokens"":[{""word"":""TVB"",""pos"":""xnt"",""jyutping"":null},{""word"":""我"",""pos"":""r"",""jyutping"":""ngo5""},{""word"":""聽"",""pos"":""v"",""jyutping"":""teng1""},{""word"":""過"",""pos"":""u"",""jyutping"":""gwo3""},{""word"":""佢哋"",""pos"":""r"",""jyutping"":""keoi5dei6""},{""word"":""有啲"",""pos"":""r"",""jyutping"":""jau5di1""},{""word"":""人"",""pos"":""n"",""jyutping"":""jan4""},{""word"":""度橋"",""pos"":""v"",""jyutping"":""dok6kiu2""},{""word"":""嗰啲"",""pos"":""r"",""jyutping"":""go2di1""},{""word"":""啊"",""pos"":""y1"",""jyutping"":""aa3""}]}"	"[{""word"":""TVB"",""pos"":""xnt"",""jyutping"":null},{""word"":""我"",""pos"":""r"",""jyutping"":""ngo5""},{""word"":""聽"",""pos"":""v"",""jyutping"":""teng1""},{""word"":""過"",""pos"":""u"",""jyutping"":""gwo3""},{""word"":""佢哋"",""pos"":""r"",""jyutping"":""keoi5dei6""},{""word"":""有啲"",""pos"":""r"",""jyutping"":""jau5di1""},{""word"":""人"",""pos"":""n"",""jyutping"":""jan4""},{""word"":""度橋"",""pos"":""v"",""jyutping"":""dok6kiu2""},{""word"":""嗰啲"",""pos"":""r"",""jyutping"":""go2di1""},{""word"":""啊"",""pos"":""y1"",""jyutping"":""aa3""},{""word"":"","",""pos"":"""",""jyutping"":null},{""word"":""好"",""pos"":""d"",""jyutping"":""hou2""},{""word"":""驚"",""pos"":""v"",""jyutping"":""geng1""},{""word"":""亞視"",""pos"":""nt"",""jyutping"":""aa3si6""},{""word"":""𡃉"",""pos"":""y"",""jyutping"":""gaa3""},{""word"":""."",""pos"":"""",""jyutping"":null}]"	REQUIRES_EXPERT_CONTEXT_REVIEW
aa62-af10ca351d144c633f08	FC-R013a_v.cha	e95e436cf3f1eaf52a0fe1eb185c54f1813068a922fb1b22734b9237a6681a9d	53	149	3	XXC	做過	做	v	呢	y	PART	"{""normalizedSurface"":""做過""}"	有冇人做過呢?	"""即係佢都好驚你哋用哩招."	冇啊.	"{""startTokenIndexZeroBased"":0,""endTokenIndexExclusive"":6,""tokens"":[{""word"":""有冇"",""pos"":""v"",""jyutping"":""jau5mou5""},{""word"":""人"",""pos"":""n"",""jyutping"":""jan4""},{""word"":""做"",""pos"":""v"",""jyutping"":""zou6""},{""word"":""過"",""pos"":""u"",""jyutping"":""gwo3""},{""word"":""呢"",""pos"":""y"",""jyutping"":""ne1""},{""word"":""?"",""pos"":"""",""jyutping"":null}]}"	"[{""word"":""有冇"",""pos"":""v"",""jyutping"":""jau5mou5""},{""word"":""人"",""pos"":""n"",""jyutping"":""jan4""},{""word"":""做"",""pos"":""v"",""jyutping"":""zou6""},{""word"":""過"",""pos"":""u"",""jyutping"":""gwo3""},{""word"":""呢"",""pos"":""y"",""jyutping"":""ne1""},{""word"":""?"",""pos"":"""",""jyutping"":null}]"	REQUIRES_EXPERT_CONTEXT_REVIEW
aa62-e7408e968d1f6b536747	FC-R013a_v.cha	e95e436cf3f1eaf52a0fe1eb185c54f1813068a922fb1b22734b9237a6681a9d	53	175	4	XXD	諗過	諗	v	𠺝	y	PART	"{""normalizedSurface"":""諗過""}"	即係你一定諗過𠺝?	嗰樣嘢會係啲乜嘢呢?	唔係.	"{""startTokenIndexZeroBased"":0,""endTokenIndexExclusive"":7,""tokens"":[{""word"":""即係"",""pos"":""c"",""jyutping"":""zik1hai6""},{""word"":""你"",""pos"":""r"",""jyutping"":""nei5""},{""word"":""一定"",""pos"":""d"",""jyutping"":""jat1ding6""},{""word"":""諗"",""pos"":""v"",""jyutping"":""nam2""},{""word"":""過"",""pos"":""u"",""jyutping"":""gwo3""},{""word"":""𠺝"",""pos"":""y"",""jyutping"":""gaak3""},{""word"":""?"",""pos"":"""",""jyutping"":null}]}"	"[{""word"":""即係"",""pos"":""c"",""jyutping"":""zik1hai6""},{""word"":""你"",""pos"":""r"",""jyutping"":""nei5""},{""word"":""一定"",""pos"":""d"",""jyutping"":""jat1ding6""},{""word"":""諗"",""pos"":""v"",""jyutping"":""nam2""},{""word"":""過"",""pos"":""u"",""jyutping"":""gwo3""},{""word"":""𠺝"",""pos"":""y"",""jyutping"":""gaak3""},{""word"":""?"",""pos"":"""",""jyutping"":null}]"	REQUIRES_EXPERT_CONTEXT_REVIEW
aa62-5a5c38b134b62d7d6230	FC-R013a_v.cha	e95e436cf3f1eaf52a0fe1eb185c54f1813068a922fb1b22734b9237a6681a9d	53	271	11	XXB	做過	做	v	一啲	m	NUM	"{""normalizedSurface"":""做過""}"	但係我覺得係我哋而家sofar冇人做過一啲乜嘢節目.	我想做啊其實.	"你覺得,""係嚹!即係嗰個係我個夢想."	"{""startTokenIndexZeroBased"":4,""endTokenIndexExclusive"":16,""tokens"":[{""word"":""我哋"",""pos"":""r"",""jyutping"":""ngo5dei6""},{""word"":""而家"",""pos"":""t"",""jyutping"":""ji4gaa1""},{""word"":""so"",""pos"":""xa"",""jyutping"":null},{""word"":""far"",""pos"":""xa"",""jyutping"":null},{""word"":""冇"",""pos"":""v1"",""jyutping"":""mou5""},{""word"":""人"",""pos"":""n"",""jyutping"":""jan4""},{""word"":""做"",""pos"":""v"",""jyutping"":""zou6""},{""word"":""過"",""pos"":""u"",""jyutping"":""gwo3""},{""word"":""一啲"",""pos"":""m"",""jyutping"":""jat1di1""},{""word"":""乜嘢"",""pos"":""r"",""jyutping"":""mat1je5""},{""word"":""節目"",""pos"":""n"",""jyutping"":""zit3muk6""},{""word"":""."",""pos"":"""",""jyutping"":null}]}"	"[{""word"":""但係"",""pos"":""c"",""jyutping"":""daan6hai6""},{""word"":""我"",""pos"":""r"",""jyutping"":""ngo5""},{""word"":""覺得"",""pos"":""v"",""jyutping"":""gok3dak1""},{""word"":""係"",""pos"":""v"",""jyutping"":""hai6""},{""word"":""我哋"",""pos"":""r"",""jyutping"":""ngo5dei6""},{""word"":""而家"",""pos"":""t"",""jyutping"":""ji4gaa1""},{""word"":""so"",""pos"":""xa"",""jyutping"":null},{""word"":""far"",""pos"":""xa"",""jyutping"":null},{""word"":""冇"",""pos"":""v1"",""jyutping"":""mou5""},{""word"":""人"",""pos"":""n"",""jyutping"":""jan4""},{""word"":""做"",""pos"":""v"",""jyutping"":""zou6""},{""word"":""過"",""pos"":""u"",""jyutping"":""gwo3""},{""word"":""一啲"",""pos"":""m"",""jyutping"":""jat1di1""},{""word"":""乜嘢"",""pos"":""r"",""jyutping"":""mat1je5""},{""word"":""節目"",""pos"":""n"",""jyutping"":""zit3muk6""},{""word"":""."",""pos"":"""",""jyutping"":null}]"	REQUIRES_EXPERT_CONTEXT_REVIEW
aa62-298d7ed4f6118fad3e36	FC-R013b_v.cha	abf39e27ba60d99ecd91dc2fb863d64db94546ad7a99399d3f5e8bdcb1fbc950	54	143	16	XXB	講過	講	v	句	n	NOUN	"{""normalizedSurface"":""講過""}"	噉變咗我覺得,誒,嗰陣時,吖,有個老闆講過句好嘅說話.	即係都未搞得通囖.	佢話大陸呢,地大啊,勿搏啊.	"{""startTokenIndexZeroBased"":9,""endTokenIndexExclusive"":22,""tokens"":[{""word"":"","",""pos"":"""",""jyutping"":null},{""word"":""吖"",""pos"":""e"",""jyutping"":""aa1""},{""word"":"","",""pos"":"""",""jyutping"":null},{""word"":""有"",""pos"":""v1"",""jyutping"":""jau5""},{""word"":""個"",""pos"":""q"",""jyutping"":""go3""},{""word"":""老闆"",""pos"":""n"",""jyutping"":""lou5baan2""},{""word"":""講"",""pos"":""v"",""jyutping"":""gong2""},{""word"":""過"",""pos"":""u"",""jyutping"":""gwo3""},{""word"":""句"",""pos"":""n"",""jyutping"":""geoi3""},{""word"":""好"",""pos"":""a"",""jyutping"":""hou2""},{""word"":""嘅"",""pos"":""u"",""jyutping"":""ge3""},{""word"":""說話"",""pos"":""vn"",""jyutping"":""syut3waa6""},{""word"":""."",""pos"":"""",""jyutping"":null}]}"	"[{""word"":""噉"",""pos"":""c"",""jyutping"":""gam2""},{""word"":""變"",""pos"":""v"",""jyutping"":""bin3""},{""word"":""咗"",""pos"":""u"",""jyutping"":""zo2""},{""word"":""我"",""pos"":""r"",""jyutping"":""ngo5""},{""word"":""覺得"",""pos"":""v"",""jyutping"":""gok3dak1""},{""word"":"","",""pos"":"""",""jyutping"":null},{""word"":""誒"",""pos"":""e"",""jyutping"":""e6""},{""word"":"","",""pos"":"""",""jyutping"":null},{""word"":""嗰陣時"",""pos"":""t"",""jyutping"":""go2zan6si4""},{""word"":"","",""pos"":"""",""jyutping"":null},{""word"":""吖"",""pos"":""e"",""jyutping"":""aa1""},{""word"":"","",""pos"":"""",""jyutping"":null},{""word"":""有"",""pos"":""v1"",""jyutping"":""jau5""},{""word"":""個"",""pos"":""q"",""jyutping"":""go3""},{""word"":""老闆"",""pos"":""n"",""jyutping"":""lou5baan2""},{""word"":""講"",""pos"":""v"",""jyutping"":""gong2""},{""word"":""過"",""pos"":""u"",""jyutping"":""gwo3""},{""word"":""句"",""pos"":""n"",""jyutping"":""geoi3""},{""word"":""好"",""pos"":""a"",""jyutping"":""hou2""},{""word"":""嘅"",""pos"":""u"",""jyutping"":""ge3""},{""word"":""說話"",""pos"":""vn"",""jyutping"":""syut3waa6""},{""word"":""."",""pos"":"""",""jyutping"":null}]"	REQUIRES_EXPERT_CONTEXT_REVIEW
aa62-bfcd7902e21aeb6012ec	FC-R013b_v.cha	abf39e27ba60d99ecd91dc2fb863d64db94546ad7a99399d3f5e8bdcb1fbc950	54	183	8	XXA	見過	見	v	屋村	n	NOUN	"{""normalizedSurface"":""見過""}"	即係譬如-譬如你從來冇見過屋村嘅.	唔係𠻗.	即係自己本身係小康喇.	"{""startTokenIndexZeroBased"":1,""endTokenIndexExclusive"":12,""tokens"":[{""word"":""譬如"",""pos"":""c"",""jyutping"":""pei3jyu4""},{""word"":""-"",""pos"":"""",""jyutping"":null},{""word"":""譬如"",""pos"":""v"",""jyutping"":""pei3jyu4""},{""word"":""你"",""pos"":""r"",""jyutping"":""nei5""},{""word"":""從來"",""pos"":""d"",""jyutping"":""cung4loi4""},{""word"":""冇"",""pos"":""v1"",""jyutping"":""mou5""},{""word"":""見"",""pos"":""v"",""jyutping"":""gin3""},{""word"":""過"",""pos"":""u"",""jyutping"":""gwo3""},{""word"":""屋村"",""pos"":""n"",""jyutping"":""uk1cyun1""},{""word"":""嘅"",""pos"":""u"",""jyutping"":""ge3""},{""word"":""."",""pos"":"""",""jyutping"":null}]}"	"[{""word"":""即係"",""pos"":""c"",""jyutping"":""zik1hai6""},{""word"":""譬如"",""pos"":""c"",""jyutping"":""pei3jyu4""},{""word"":""-"",""pos"":"""",""jyutping"":null},{""word"":""譬如"",""pos"":""v"",""jyutping"":""pei3jyu4""},{""word"":""你"",""pos"":""r"",""jyutping"":""nei5""},{""word"":""從來"",""pos"":""d"",""jyutping"":""cung4loi4""},{""word"":""冇"",""pos"":""v1"",""jyutping"":""mou5""},{""word"":""見"",""pos"":""v"",""jyutping"":""gin3""},{""word"":""過"",""pos"":""u"",""jyutping"":""gwo3""},{""word"":""屋村"",""pos"":""n"",""jyutping"":""uk1cyun1""},{""word"":""嘅"",""pos"":""u"",""jyutping"":""ge3""},{""word"":""."",""pos"":"""",""jyutping"":null}]"	REQUIRES_EXPERT_CONTEXT_REVIEW
aa62-7015990af19ae9be4ee4	FC-R013b_v.cha	abf39e27ba60d99ecd91dc2fb863d64db94546ad7a99399d3f5e8bdcb1fbc950	54	234	8	XXC	講過	講	v	成日	d	ADV	"{""normalizedSurface"":""講過""}"	就係話呢,即係你講過成日返工放工.	即係譬如頭先講到呢,我想探討下你女性生活嗰方面呢.	都冇乜時間.	"{""startTokenIndexZeroBased"":1,""endTokenIndexExclusive"":13,""tokens"":[{""word"":""係"",""pos"":""v"",""jyutping"":""hai6""},{""word"":""話"",""pos"":""v"",""jyutping"":""waa6""},{""word"":""呢"",""pos"":""y1"",""jyutping"":""ne1""},{""word"":"","",""pos"":"""",""jyutping"":null},{""word"":""即係"",""pos"":""c"",""jyutping"":""zik1hai6""},{""word"":""你"",""pos"":""r"",""jyutping"":""nei5""},{""word"":""講"",""pos"":""v"",""jyutping"":""gong2""},{""word"":""過"",""pos"":""u"",""jyutping"":""gwo3""},{""word"":""成日"",""pos"":""d"",""jyutping"":""seng4jat6""},{""word"":""返工"",""pos"":""v"",""jyutping"":""faan1gung1""},{""word"":""放工"",""pos"":""v"",""jyutping"":""fong3gung1""},{""word"":""."",""pos"":"""",""jyutping"":null}]}"	"[{""word"":""就"",""pos"":""d"",""jyutping"":""zau6""},{""word"":""係"",""pos"":""v"",""jyutping"":""hai6""},{""word"":""話"",""pos"":""v"",""jyutping"":""waa6""},{""word"":""呢"",""pos"":""y1"",""jyutping"":""ne1""},{""word"":"","",""pos"":"""",""jyutping"":null},{""word"":""即係"",""pos"":""c"",""jyutping"":""zik1hai6""},{""word"":""你"",""pos"":""r"",""jyutping"":""nei5""},{""word"":""講"",""pos"":""v"",""jyutping"":""gong2""},{""word"":""過"",""pos"":""u"",""jyutping"":""gwo3""},{""word"":""成日"",""pos"":""d"",""jyutping"":""seng4jat6""},{""word"":""返工"",""pos"":""v"",""jyutping"":""faan1gung1""},{""word"":""放工"",""pos"":""v"",""jyutping"":""fong3gung1""},{""word"":""."",""pos"":"""",""jyutping"":null}]"	REQUIRES_EXPERT_CONTEXT_REVIEW
aa62-1baaae0c46f59b87d133	FC-R013b_v.cha	abf39e27ba60d99ecd91dc2fb863d64db94546ad7a99399d3f5e8bdcb1fbc950	54	305	4	XXA	傾過	傾	v	,		X	"{""normalizedSurface"":""傾過""}"	有機會再傾過,吓.	多謝晒.	吖,好.	"{""startTokenIndexZeroBased"":0,""endTokenIndexExclusive"":8,""tokens"":[{""word"":""有"",""pos"":""v1"",""jyutping"":""jau5""},{""word"":""機會"",""pos"":""n"",""jyutping"":""gei1wui6""},{""word"":""再"",""pos"":""d"",""jyutping"":""zoi3""},{""word"":""傾"",""pos"":""v"",""jyutping"":""king1""},{""word"":""過"",""pos"":""u"",""jyutping"":""gwo3""},{""word"":"","",""pos"":"""",""jyutping"":null},{""word"":""吓"",""pos"":""e"",""jyutping"":""haa5""},{""word"":""."",""pos"":"""",""jyutping"":null}]}"	"[{""word"":""有"",""pos"":""v1"",""jyutping"":""jau5""},{""word"":""機會"",""pos"":""n"",""jyutping"":""gei1wui6""},{""word"":""再"",""pos"":""d"",""jyutping"":""zoi3""},{""word"":""傾"",""pos"":""v"",""jyutping"":""king1""},{""word"":""過"",""pos"":""u"",""jyutping"":""gwo3""},{""word"":"","",""pos"":"""",""jyutping"":null},{""word"":""吓"",""pos"":""e"",""jyutping"":""haa5""},{""word"":""."",""pos"":"""",""jyutping"":null}]"	REQUIRES_EXPERT_CONTEXT_REVIEW
aa62-ee25217c23a869f7677d	FC-R017_v.cha	5998c6065497a3f29ca4e65eb3cb527a07c4b25f8484c8a3ac0bb60b195ea409	56	33	4	XXA	諗過	諗	v	自己	r	PRON	"{""normalizedSurface"":""諗過""}"	噉𠻺冇諗過自己會斷纜𡃉,即係嗰份證書,或者係求職嘅時候即係嗰啲推薦書啊,履歷.	嗯.	都已經唔見晒嘞.	"{""startTokenIndexZeroBased"":0,""endTokenIndexExclusive"":11,""tokens"":[{""word"":""噉"",""pos"":""c"",""jyutping"":""gam2""},{""word"":""𠻺"",""pos"":""d"",""jyutping"":""aa6""},{""word"":""冇"",""pos"":""v1"",""jyutping"":""mou5""},{""word"":""諗"",""pos"":""v"",""jyutping"":""nam2""},{""word"":""過"",""pos"":""u"",""jyutping"":""gwo3""},{""word"":""自己"",""pos"":""r"",""jyutping"":""zi6gei2""},{""word"":""會"",""pos"":""vu"",""jyutping"":""wui5""},{""word"":""斷纜"",""pos"":""v"",""jyutping"":""tyun5laam2""},{""word"":""𡃉"",""pos"":""y"",""jyutping"":""gaa3""},{""word"":"","",""pos"":"""",""jyutping"":null},{""word"":""即係"",""pos"":""c"",""jyutping"":""zik1hai6""}]}"	"[{""word"":""噉"",""pos"":""c"",""jyutping"":""gam2""},{""word"":""𠻺"",""pos"":""d"",""jyutping"":""aa6""},{""word"":""冇"",""pos"":""v1"",""jyutping"":""mou5""},{""word"":""諗"",""pos"":""v"",""jyutping"":""nam2""},{""word"":""過"",""pos"":""u"",""jyutping"":""gwo3""},{""word"":""自己"",""pos"":""r"",""jyutping"":""zi6gei2""},{""word"":""會"",""pos"":""vu"",""jyutping"":""wui5""},{""word"":""斷纜"",""pos"":""v"",""jyutping"":""tyun5laam2""},{""word"":""𡃉"",""pos"":""y"",""jyutping"":""gaa3""},{""word"":"","",""pos"":"""",""jyutping"":null},{""word"":""即係"",""pos"":""c"",""jyutping"":""zik1hai6""},{""word"":""嗰"",""pos"":""r"",""jyutping"":""go2""},{""word"":""份"",""pos"":""q"",""jyutping"":""fan6""},{""word"":""證書"",""pos"":""n"",""jyutping"":""zing3syu1""},{""word"":"","",""pos"":"""",""jyutping"":null},{""word"":""或者"",""pos"":""c"",""jyutping"":""waak6ze2""},{""word"":""係"",""pos"":""v"",""jyutping"":""hai6""},{""word"":""求職"",""pos"":""v"",""jyutping"":""kau4zik1""},{""word"":""嘅"",""pos"":""u"",""jyutping"":""ge3""},{""word"":""時候"",""pos"":""n"",""jyutping"":""si4hau6""},{""word"":""即係"",""pos"":""c"",""jyutping"":""zik1hai6""},{""word"":""嗰啲"",""pos"":""r"",""jyutping"":""go2di1""},{""word"":""推薦書"",""pos"":""n"",""jyutping"":""teoi1zin3syu1""},{""word"":""啊"",""pos"":""y1"",""jyutping"":""aa3""},{""word"":"","",""pos"":"""",""jyutping"":null},{""word"":""履歷"",""pos"":""n"",""jyutping"":""lei5lik6""},{""word"":""."",""pos"":"""",""jyutping"":null}]"	REQUIRES_EXPERT_CONTEXT_REVIEW
aa62-f507e594230f14707f57	FC-R017_v.cha	5998c6065497a3f29ca4e65eb3cb527a07c4b25f8484c8a3ac0bb60b195ea409	56	166	13	XXA	打過	打	v	江山	n	NOUN	"{""normalizedSurface"":""打過""}"	噉𠻺,啊,都算係老臣子啊,或者打過江山啊噉樣.	噉𠻺計正就即係人同人之間,就即係人情味就總會有𡃉哩啲嘢,喀.	噉𠻺始終都會有一個感覺就係即冇功都有勞,都即𠻺叫做做咗咁多年嘞.	"{""startTokenIndexZeroBased"":6,""endTokenIndexExclusive"":18,""tokens"":[{""word"":""算"",""pos"":""v"",""jyutping"":""syun3""},{""word"":""係"",""pos"":""v"",""jyutping"":""hai6""},{""word"":""老臣子"",""pos"":""n"",""jyutping"":""lou5san4zi2""},{""word"":""啊"",""pos"":""y"",""jyutping"":""aa3""},{""word"":"","",""pos"":"""",""jyutping"":null},{""word"":""或者"",""pos"":""c"",""jyutping"":""waak6ze2""},{""word"":""打"",""pos"":""v"",""jyutping"":""daa2""},{""word"":""過"",""pos"":""u"",""jyutping"":""gwo3""},{""word"":""江山"",""pos"":""n"",""jyutping"":""gong1saan1""},{""word"":""啊"",""pos"":""y"",""jyutping"":""aa3""},{""word"":""噉樣"",""pos"":""r"",""jyutping"":""gam2joeng2""},{""word"":""."",""pos"":"""",""jyutping"":null}]}"	"[{""word"":""噉"",""pos"":""c"",""jyutping"":""gam2""},{""word"":""𠻺"",""pos"":""d"",""jyutping"":""aa6""},{""word"":"","",""pos"":"""",""jyutping"":null},{""word"":""啊"",""pos"":""y"",""jyutping"":""aa3""},{""word"":"","",""pos"":"""",""jyutping"":null},{""word"":""都"",""pos"":""d"",""jyutping"":""dou1""},{""word"":""算"",""pos"":""v"",""jyutping"":""syun3""},{""word"":""係"",""pos"":""v"",""jyutping"":""hai6""},{""word"":""老臣子"",""pos"":""n"",""jyutping"":""lou5san4zi2""},{""word"":""啊"",""pos"":""y"",""jyutping"":""aa3""},{""word"":"","",""pos"":"""",""jyutping"":null},{""word"":""或者"",""pos"":""c"",""jyutping"":""waak6ze2""},{""word"":""打"",""pos"":""v"",""jyutping"":""daa2""},{""word"":""過"",""pos"":""u"",""jyutping"":""gwo3""},{""word"":""江山"",""pos"":""n"",""jyutping"":""gong1saan1""},{""word"":""啊"",""pos"":""y"",""jyutping"":""aa3""},{""word"":""噉樣"",""pos"":""r"",""jyutping"":""gam2joeng2""},{""word"":""."",""pos"":"""",""jyutping"":null}]"	REQUIRES_EXPERT_CONTEXT_REVIEW
aa62-9cddfef5d99a18fdabb0	FC-R017_v.cha	5998c6065497a3f29ca4e65eb3cb527a07c4b25f8484c8a3ac0bb60b195ea409	56	211	3	XXA	講過	講	v	,		X	"{""normalizedSurface"":""講過""}"	達明都講過,就係話即係嗰個外國嗰個趨勢呢,就係即係大家越來越呢,係幫自己打工啊.	嗯.	係啊.	"{""startTokenIndexZeroBased"":0,""endTokenIndexExclusive"":10,""tokens"":[{""word"":""達明"",""pos"":""nr"",""jyutping"":""daat6ming4""},{""word"":""都"",""pos"":""d"",""jyutping"":""dou1""},{""word"":""講"",""pos"":""v"",""jyutping"":""gong2""},{""word"":""過"",""pos"":""u"",""jyutping"":""gwo3""},{""word"":"","",""pos"":"""",""jyutping"":null},{""word"":""就"",""pos"":""d"",""jyutping"":""zau6""},{""word"":""係"",""pos"":""v"",""jyutping"":""hai6""},{""word"":""話"",""pos"":""v"",""jyutping"":""waa6""},{""word"":""即係"",""pos"":""c"",""jyutping"":""zik1hai6""},{""word"":""嗰個"",""pos"":""r"",""jyutping"":""go2go3""}]}"	"[{""word"":""達明"",""pos"":""nr"",""jyutping"":""daat6ming4""},{""word"":""都"",""pos"":""d"",""jyutping"":""dou1""},{""word"":""講"",""pos"":""v"",""jyutping"":""gong2""},{""word"":""過"",""pos"":""u"",""jyutping"":""gwo3""},{""word"":"","",""pos"":"""",""jyutping"":null},{""word"":""就"",""pos"":""d"",""jyutping"":""zau6""},{""word"":""係"",""pos"":""v"",""jyutping"":""hai6""},{""word"":""話"",""pos"":""v"",""jyutping"":""waa6""},{""word"":""即係"",""pos"":""c"",""jyutping"":""zik1hai6""},{""word"":""嗰個"",""pos"":""r"",""jyutping"":""go2go3""},{""word"":""外國"",""pos"":""n"",""jyutping"":""ngoi6gwok3""},{""word"":""嗰個"",""pos"":""r"",""jyutping"":""go2go3""},{""word"":""趨勢"",""pos"":""n"",""jyutping"":""ceoi1sai3""},{""word"":""呢"",""pos"":""y1"",""jyutping"":""ne1""},{""word"":"","",""pos"":"""",""jyutping"":null},{""word"":""就"",""pos"":""d"",""jyutping"":""zau6""},{""word"":""係"",""pos"":""v"",""jyutping"":""hai6""},{""word"":""即係"",""pos"":""c"",""jyutping"":""zik1hai6""},{""word"":""大家"",""pos"":""r"",""jyutping"":""daai6gaa1""},{""word"":""越來越"",""pos"":""d"",""jyutping"":""jyut6lai4jyut6""},{""word"":""呢"",""pos"":""y1"",""jyutping"":""ne1""},{""word"":"","",""pos"":"""",""jyutping"":null},{""word"":""係"",""pos"":""v"",""jyutping"":""hai6""},{""word"":""幫"",""pos"":""v"",""jyutping"":""bong1""},{""word"":""自己"",""pos"":""r"",""jyutping"":""zi6gei2""},{""word"":""打工"",""pos"":""v"",""jyutping"":""daa2gung1""},{""word"":""啊"",""pos"":""y"",""jyutping"":""aa3""},{""word"":""."",""pos"":"""",""jyutping"":null}]"	REQUIRES_EXPERT_CONTEXT_REVIEW
aa62-a2bf945fc895169bbb6d	FC-R018_v.cha	9d9d1b588b7c20c93f227668b91132e305fcf5f2bc14bec621b82917d2118606	57	35	10	XXA	睇過	睇	v	,		X	"{""normalizedSurface"":""睇過""}"	據講呢,嗱,我就未去睇過,誒,台灣即係喺學校裏邊嘅演出.	"校園""""."	噉𠻺即係如果遲啲你哋搞嘅時候,我如果得閒嘅話,我都想見識下.	"{""startTokenIndexZeroBased"":3,""endTokenIndexExclusive"":17,""tokens"":[{""word"":""嗱"",""pos"":""c"",""jyutping"":""naa4""},{""word"":"","",""pos"":"""",""jyutping"":null},{""word"":""我"",""pos"":""r"",""jyutping"":""ngo5""},{""word"":""就"",""pos"":""d"",""jyutping"":""zau6""},{""word"":""未"",""pos"":""d"",""jyutping"":""mei6""},{""word"":""去"",""pos"":""v"",""jyutping"":""heoi3""},{""word"":""睇"",""pos"":""v"",""jyutping"":""tai2""},{""word"":""過"",""pos"":""u"",""jyutping"":""gwo3""},{""word"":"","",""pos"":"""",""jyutping"":null},{""word"":""誒"",""pos"":""e"",""jyutping"":""e6""},{""word"":"","",""pos"":"""",""jyutping"":null},{""word"":""台灣"",""pos"":""ns"",""jyutping"":""toi4waan1""},{""word"":""即係"",""pos"":""c"",""jyutping"":""zik1hai6""},{""word"":""喺"",""pos"":""p"",""jyutping"":""hai2""}]}"	"[{""word"":""據講"",""pos"":""v"",""jyutping"":""geoi3gong2""},{""word"":""呢"",""pos"":""y1"",""jyutping"":""ne1""},{""word"":"","",""pos"":"""",""jyutping"":null},{""word"":""嗱"",""pos"":""c"",""jyutping"":""naa4""},{""word"":"","",""pos"":"""",""jyutping"":null},{""word"":""我"",""pos"":""r"",""jyutping"":""ngo5""},{""word"":""就"",""pos"":""d"",""jyutping"":""zau6""},{""word"":""未"",""pos"":""d"",""jyutping"":""mei6""},{""word"":""去"",""pos"":""v"",""jyutping"":""heoi3""},{""word"":""睇"",""pos"":""v"",""jyutping"":""tai2""},{""word"":""過"",""pos"":""u"",""jyutping"":""gwo3""},{""word"":"","",""pos"":"""",""jyutping"":null},{""word"":""誒"",""pos"":""e"",""jyutping"":""e6""},{""word"":"","",""pos"":"""",""jyutping"":null},{""word"":""台灣"",""pos"":""ns"",""jyutping"":""toi4waan1""},{""word"":""即係"",""pos"":""c"",""jyutping"":""zik1hai6""},{""word"":""喺"",""pos"":""p"",""jyutping"":""hai2""},{""word"":""學校"",""pos"":""n"",""jyutping"":""hok6haau6""},{""word"":""裏邊"",""pos"":""f"",""jyutping"":""leoi5bin6""},{""word"":""嘅"",""pos"":""u"",""jyutping"":""ge3""},{""word"":""演出"",""pos"":""vn"",""jyutping"":""jin2ceot1""},{""word"":""."",""pos"":"""",""jyutping"":null}]"	REQUIRES_EXPERT_CONTEXT_REVIEW
aa62-f35c2307d589beb7584f	FC-R018_v.cha	9d9d1b588b7c20c93f227668b91132e305fcf5f2bc14bec621b82917d2118606	57	74	10	XXA	去過	去	v	好多	m	NUM	"{""normalizedSurface"":""去過""}"	我自己呢,喺英國就即係唔係去過好多地方.	嗯.	但係去過倫敦同埋,誒,曼撤斯特.	"{""startTokenIndexZeroBased"":3,""endTokenIndexExclusive"":14,""tokens"":[{""word"":"","",""pos"":"""",""jyutping"":null},{""word"":""喺"",""pos"":""p"",""jyutping"":""hai2""},{""word"":""英國"",""pos"":""ns"",""jyutping"":""jing1gwok3""},{""word"":""就"",""pos"":""d"",""jyutping"":""zau6""},{""word"":""即係"",""pos"":""c"",""jyutping"":""zik1hai6""},{""word"":""唔係"",""pos"":""v"",""jyutping"":""m4hai6""},{""word"":""去"",""pos"":""v"",""jyutping"":""heoi3""},{""word"":""過"",""pos"":""u"",""jyutping"":""gwo3""},{""word"":""好多"",""pos"":""m"",""jyutping"":""hou2do1""},{""word"":""地方"",""pos"":""n"",""jyutping"":""dei6fong1""},{""word"":""."",""pos"":"""",""jyutping"":null}]}"	"[{""word"":""我"",""pos"":""r"",""jyutping"":""ngo5""},{""word"":""自己"",""pos"":""r"",""jyutping"":""zi6gei2""},{""word"":""呢"",""pos"":""y1"",""jyutping"":""ne1""},{""word"":"","",""pos"":"""",""jyutping"":null},{""word"":""喺"",""pos"":""p"",""jyutping"":""hai2""},{""word"":""英國"",""pos"":""ns"",""jyutping"":""jing1gwok3""},{""word"":""就"",""pos"":""d"",""jyutping"":""zau6""},{""word"":""即係"",""pos"":""c"",""jyutping"":""zik1hai6""},{""word"":""唔係"",""pos"":""v"",""jyutping"":""m4hai6""},{""word"":""去"",""pos"":""v"",""jyutping"":""heoi3""},{""word"":""過"",""pos"":""u"",""jyutping"":""gwo3""},{""word"":""好多"",""pos"":""m"",""jyutping"":""hou2do1""},{""word"":""地方"",""pos"":""n"",""jyutping"":""dei6fong1""},{""word"":""."",""pos"":"""",""jyutping"":null}]"	REQUIRES_EXPERT_CONTEXT_REVIEW
aa62-39d8225750eddd0d7c4b	FC-R018_v.cha	9d9d1b588b7c20c93f227668b91132e305fcf5f2bc14bec621b82917d2118606	57	75	2	XXA	去過	去	v	倫敦	ns	PROPN	"{""normalizedSurface"":""去過""}"	但係去過倫敦同埋,誒,曼撤斯特.	我自己呢,喺英國就即係唔係去過好多地方.	好feel喎.	"{""startTokenIndexZeroBased"":0,""endTokenIndexExclusive"":9,""tokens"":[{""word"":""但係"",""pos"":""c"",""jyutping"":""daan6hai6""},{""word"":""去"",""pos"":""v"",""jyutping"":""heoi3""},{""word"":""過"",""pos"":""u"",""jyutping"":""gwo3""},{""word"":""倫敦"",""pos"":""ns"",""jyutping"":""leon4deon1""},{""word"":""同埋"",""pos"":""c"",""jyutping"":""tung4maai4""},{""word"":"","",""pos"":"""",""jyutping"":null},{""word"":""誒"",""pos"":""e"",""jyutping"":""e6""},{""word"":"","",""pos"":"""",""jyutping"":null},{""word"":""曼撤斯特"",""pos"":""ns"",""jyutping"":""maan6cit3si1dak6""}]}"	"[{""word"":""但係"",""pos"":""c"",""jyutping"":""daan6hai6""},{""word"":""去"",""pos"":""v"",""jyutping"":""heoi3""},{""word"":""過"",""pos"":""u"",""jyutping"":""gwo3""},{""word"":""倫敦"",""pos"":""ns"",""jyutping"":""leon4deon1""},{""word"":""同埋"",""pos"":""c"",""jyutping"":""tung4maai4""},{""word"":"","",""pos"":"""",""jyutping"":null},{""word"":""誒"",""pos"":""e"",""jyutping"":""e6""},{""word"":"","",""pos"":"""",""jyutping"":null},{""word"":""曼撤斯特"",""pos"":""ns"",""jyutping"":""maan6cit3si1dak6""},{""word"":""."",""pos"":"""",""jyutping"":null}]"	REQUIRES_EXPERT_CONTEXT_REVIEW
